t_s,v_kmh,a_ms2,dist_cum_m,debit_comb_g_s,consum_cum_l,CO2_g_s,CO2_cum_g
0,5.0,1.3101,1.4,0.4065,0.0005,1.2887,1.3
1,9.71651090342679,1.4697,4.1,0.5726,0.0013,1.8153,3.1
2,15.581722319859402,1.4113,8.4,0.8031,0.0024,2.5458,5.6
3,19.87763289869609,1.3546,13.9,0.9135,0.0036,2.8959,8.5
4,25.334745762711865,1.3206,21.0,1.1068,0.0051,3.5086,12.1
5,29.38562091503268,1.1691,29.1,1.1372,0.0066,3.6049,15.7
6,33.75233644859813,1.2998,38.5,1.376,0.0085,4.362,20.0
7,38.7439120188531,1.2862,49.3,1.5636,0.0106,4.9566,25.0
8,43.01303317535545,1.2266,61.2,1.689,0.0128,5.3543,30.3
9,47.57519788918206,0.8315,74.4,1.4317,0.0148,4.5386,34.9
10,49.0,0.1979,88.1,0.8416,0.0159,2.6679,37.5
11,49.0,0.1881,101.7,0.8319,0.017,2.6372,40.2
12,50.35462345090563,0.2394,115.6,0.9302,0.0183,2.9488,43.1
13,50.72393162393163,-0.0493,129.7,0.6387,0.0191,2.0246,45.1
14,50.0,-0.1005,143.6,0.5836,0.0199,1.8501,47.0
15,50.0,0.0078,157.5,0.6929,0.0208,2.1964,49.2
16,50.056320400500624,0.1389,171.4,0.8256,0.0219,2.6171,51.8
17,51.0,0.1663,185.6,0.8619,0.0231,2.7321,54.5
18,51.25336322869955,0.1389,199.8,0.8358,0.0242,2.6496,57.2
19,52.0,0.0671,214.3,0.767,0.0252,2.4315,59.6
20,51.73671782762692,-0.1389,228.6,0.5501,0.026,1.7438,61.4
21,51.0,-0.0644,242.8,0.6245,0.0268,1.9796,63.3
22,51.272851296043655,0.0934,257.0,0.7889,0.0279,2.501,65.9
23,51.67274001401542,-0.0323,271.4,0.661,0.0288,2.0954,67.9
24,51.04012036108325,0.0392,285.6,0.7313,0.0298,2.3183,70.3
25,51.95487932843652,0.0152,300.0,0.7123,0.0307,2.258,72.5
26,51.149253731343286,-0.0542,314.2,0.6357,0.0316,2.0151,74.5
27,51.56478999106345,0.0252,328.5,0.7203,0.0325,2.2832,76.8
28,51.33034111310592,0.0604,342.8,0.7552,0.0335,2.394,79.2
29,52.0,0.093,357.2,0.7942,0.0346,2.5176,81.7
30,52.0,0.0,371.7,0.6966,0.0355,2.2083,83.9
31,52.0,0.0,386.1,0.6966,0.0365,2.2083,86.1
32,52.0,0.0,400.6,0.6966,0.0374,2.2083,88.4
33,52.0,0.0,415.0,0.6966,0.0383,2.2083,90.6
34,52.0,0.0,429.5,0.6966,0.0393,2.2083,92.8
35,52.0,-0.0324,443.9,0.6626,0.0402,2.1006,94.9
36,51.76674364896074,-0.0899,458.3,0.6014,0.041,1.9063,96.8
37,51.35257082896118,0.0324,472.6,0.7264,0.042,2.3026,99.1
38,52.0,0.0899,487.0,0.7909,0.043,2.5073,101.6
39,52.0,0.0,501.4,0.6966,0.044,2.2083,103.8
40,52.0,-0.0207,515.9,0.6749,0.0449,2.1395,105.9
41,51.85060975609756,-0.1389,530.3,0.5504,0.0456,1.7449,107.7
42,51.0,-0.1181,544.5,0.5692,0.0464,1.8044,109.5
43,51.0,0.0,558.6,0.6907,0.0473,2.1896,111.7
44,51.0,0.0368,572.8,0.7286,0.0483,2.3097,114.0
45,51.26462765957447,0.075,587.0,0.7699,0.0493,2.4404,116.4
46,51.54012345679012,-0.0368,601.4,0.6556,0.0502,2.0784,118.5
47,51.0,-0.0287,615.5,0.6612,0.0511,2.096,120.6
48,51.333333333333336,0.1389,629.8,0.8365,0.0522,2.6518,123.3
49,52.0,0.047,644.2,0.7459,0.0532,2.3646,125.6
50,51.67167919799499,-0.1389,658.6,0.5499,0.0539,1.7431,127.4
51,51.0,-0.0612,672.7,0.6278,0.0548,1.99,129.4
52,51.23083197389886,0.1155,687.0,0.8115,0.0559,2.5723,131.9
53,51.83185840707964,-0.0903,701.4,0.6012,0.0567,1.9058,133.8
54,50.58084291187739,0.0055,715.4,0.6939,0.0576,2.1997,136.0
55,51.87152777777778,0.0582,729.8,0.7568,0.0586,2.399,138.4
56,51.0,-0.121,744.0,0.5662,0.0594,1.795,140.2
57,51.0,-0.0043,758.2,0.6863,0.0603,2.1756,142.4
58,50.9690594059406,-0.102,772.3,0.5857,0.0611,1.8566,144.3
59,50.26528117359413,-0.0391,786.3,0.6469,0.062,2.0505,146.3
60,50.687548942834766,-0.0186,800.4,0.6699,0.0628,2.1236,148.4
61,50.13104189044039,0.0434,814.3,0.7296,0.0638,2.3129,150.7
62,51.0,0.1207,828.5,0.8149,0.0649,2.5833,153.3
63,51.0,0.0,842.6,0.6907,0.0659,2.1896,155.5
64,51.0,-1.3169,856.8,0.0782,0.066,0.2479,155.8
65,41.5185185185185,-2.2856,868.3,0.0759,0.0661,0.2406,156.0
66,34.54366197183097,-2.026,877.9,0.0611,0.0661,0.1938,156.2
67,26.931271477663245,-1.9422,885.4,0.0559,0.0662,0.1771,156.4
68,20.559999999999945,-1.8822,891.1,0.0619,0.0663,0.1961,156.6
69,13.379383634431424,-1.6775,894.8,0.2702,0.0667,0.8566,157.4
70,8.481751824817506,-1.1679,897.2,0.2639,0.067,0.8367,158.3
71,4.97033898305085,-0.8144,898.6,0.2083,0.0673,0.6604,158.9
72,2.6183206106870287,-0.5514,899.3,0.2083,0.0676,0.6604,159.6
73,1.0,-0.2643,899.6,0.1552,0.0678,0.492,160.1
74,0.715238095238092,-0.1389,899.8,0.1552,0.068,0.492,160.6
75,0.0,-0.0993,899.8,0.1552,0.0682,0.492,161.1
76,0.0,0.0401,899.8,0.1552,0.0684,0.492,161.6
77,0.2889258950874239,0.1165,899.8,0.1552,0.0686,0.492,162.0
78,0.8386740331491707,-0.0051,900.1,0.1552,0.0688,0.492,162.5
79,0.2520920502092038,-0.0117,900.1,0.1552,0.069,0.492,163.0
80,0.754098360655739,-0.035,900.4,0.1552,0.0692,0.492,163.5
81,0.0,-0.1047,900.4,0.1552,0.0694,0.492,164.0
82,0.0,0.0318,900.4,0.1552,0.0697,0.492,164.5
83,0.2288329519450808,0.0958,900.4,0.1552,0.0699,0.492,165.0
84,0.6901140684410687,-0.0318,900.6,0.1552,0.0701,0.492,165.5
85,0.0,-0.0958,900.6,0.1552,0.0703,0.492,166.0
86,0.0,0.0,900.6,0.1552,0.0705,0.492,166.5
87,0.0,0.0,900.6,0.1552,0.0707,0.492,167.0
88,0.0,0.0,900.6,0.1552,0.0709,0.492,167.5
89,0.0,0.0,900.6,0.1552,0.0711,0.492,167.9
90,0.0,0.0033,900.6,0.1552,0.0713,0.492,168.4
91,0.0240770465489573,0.0958,900.6,0.1552,0.0715,0.492,168.9
92,0.6901185770751022,-0.0033,900.8,0.1552,0.0717,0.492,169.4
93,0.0,-0.0511,900.8,0.1552,0.0719,0.492,169.9
94,0.3221535745807558,0.1119,900.9,0.1552,0.0722,0.492,170.4
95,0.805369127516778,-0.0447,901.1,0.1552,0.0724,0.492,170.9
96,0.0,-0.1119,901.1,0.1552,0.0726,0.492,171.4
97,0.0,0.0,901.1,0.1552,0.0728,0.492,171.9
98,0.0,0.0,901.1,0.1552,0.073,0.492,172.4
99,0.0,0.0,901.1,0.1552,0.0732,0.492,172.9
100,0.0,0.0,901.1,0.1552,0.0734,0.492,173.4
101,0.0,0.0,901.1,0.1552,0.0736,0.492,173.9
102,0.0,0.0,901.1,0.1552,0.0738,0.492,174.3
103,0.0,0.0,901.1,0.1552,0.074,0.492,174.8
104,0.0,0.0114,901.1,0.1552,0.0742,0.492,175.3
105,0.0817669172932356,0.133,901.1,0.1552,0.0744,0.492,175.8
106,0.9575645756457636,-0.0114,901.4,0.1552,0.0747,0.492,176.3
107,0.0,0.0742,901.4,0.1552,0.0749,0.492,176.8
108,1.4921030756442146,0.7909,901.8,0.2352,0.0752,0.7457,177.6
109,5.694568121104209,1.2087,903.4,0.4147,0.0757,1.3146,178.9
110,10.194977843426887,1.4185,906.2,0.5836,0.0765,1.8501,180.7
111,15.90782422293675,1.4797,910.7,0.8351,0.0776,2.6473,183.4
112,20.848776223776223,1.2931,916.5,1.004,0.079,3.1826,186.5
113,25.2183406113537,1.2736,923.5,1.0799,0.0804,3.4233,190.0
114,30.01890989988876,1.2525,931.8,1.2386,0.0821,3.9264,193.9
115,34.23650899400399,0.9559,941.3,1.1567,0.0837,3.6668,197.6
116,36.90139906728846,1.3208,951.6,1.5344,0.0857,4.8642,202.4
117,43.74644727000747,1.4231,963.7,1.8809,0.0882,5.9623,208.4
118,47.14806378132118,0.5908,976.8,1.1973,0.0898,3.7955,212.2
119,48.0,0.16,990.1,0.7955,0.0909,2.5216,214.7
120,48.300256629597946,0.1603,1003.6,0.7984,0.092,2.5308,217.2
121,49.15384615384615,0.236,1017.2,0.8809,0.0932,2.7924,220.0
122,49.99915469146238,0.023,1031.1,0.6748,0.0941,2.139,222.2
123,49.31924882629108,0.0001,1044.8,0.6479,0.0949,2.0537,224.2
124,50.0,0.0945,1058.7,0.7803,0.096,2.4736,226.7
125,50.0,-0.0121,1072.6,0.6728,0.0969,2.1327,228.8
126,49.912556053811656,-0.2778,1086.4,0.0732,0.097,0.232,229.1
127,48.0,-0.2426,1099.8,0.0732,0.0971,0.232,229.3
128,48.16617647058823,0.1389,1113.2,0.7764,0.0981,2.4612,231.8
129,49.0,0.1258,1126.8,0.7703,0.0992,2.442,234.2
130,49.07207207207209,0.1837,1140.4,0.8282,0.1003,2.6255,236.8
131,50.32254335260115,0.224,1154.4,0.9143,0.1015,2.8982,239.7
132,50.685171102661606,-0.0448,1168.5,0.6431,0.1024,2.0386,241.8
133,50.0,-0.0952,1182.3,0.589,0.1032,1.867,243.6
134,50.0,0.0,1196.2,0.685,0.1041,2.1714,245.8
135,50.0,0.0,1210.1,0.685,0.105,2.1714,248.0
136,50.0,0.0,1224.0,0.685,0.1059,2.1714,250.1
137,50.0,0.0,1237.9,0.685,0.1068,2.1714,252.3
138,50.0,0.0,1251.8,0.685,0.1078,2.1714,254.5
139,50.0,0.0,1265.7,0.685,0.1087,2.1714,256.7
140,50.0,0.0,1279.6,0.685,0.1096,2.1714,258.8
141,50.0,0.0,1293.5,0.685,0.1105,2.1714,261.0
142,50.0,0.0,1307.3,0.685,0.1114,2.1714,263.2
143,50.0,0.0,1321.2,0.685,0.1124,2.1714,265.3
144,50.0,0.0241,1335.1,0.7093,0.1133,2.2485,267.6
145,50.17376294591486,0.1682,1349.1,0.8562,0.1145,2.7143,270.3
146,51.21107784431138,0.248,1363.3,0.9482,0.1157,3.0058,273.3
147,51.95958083832336,0.0631,1377.7,0.7625,0.1168,2.4172,275.7
148,51.665306122448975,-0.1333,1392.1,0.5557,0.1175,1.7616,277.5
149,51.0,-0.0924,1406.2,0.5957,0.1183,1.8883,279.4
150,51.0,0.0,1420.4,0.6907,0.1192,2.1896,281.6
151,51.0,0.0,1434.6,0.6907,0.1202,2.1896,283.8
152,51.0,0.0,1448.7,0.6907,0.1211,2.1896,285.9
153,51.0,-0.0034,1462.9,0.6872,0.122,2.1786,288.1
154,50.97534516765285,-0.1368,1477.1,0.5499,0.1227,1.7432,289.9
155,50.014765100671134,0.0034,1491.0,0.6885,0.1237,2.1826,292.0
156,51.0,0.1368,1505.1,0.8315,0.1248,2.6358,294.7
157,51.0,0.0,1519.3,0.6907,0.1257,2.1896,296.9
158,51.0,0.0,1533.5,0.6907,0.1266,2.1896,299.1
159,51.0,0.0,1547.6,0.6907,0.1276,2.1896,301.3
160,51.0,0.0,1561.8,0.6907,0.1285,2.1896,303.4
161,51.0,0.0,1576.0,0.6907,0.1294,2.1896,305.6
162,51.0,0.0,1590.1,0.6907,0.1303,2.1896,307.8
163,51.0,0.0,1604.3,0.6907,0.1313,2.1896,310.0
164,51.0,0.0289,1618.5,0.7205,0.1322,2.2839,312.3
165,51.208130081300816,0.1325,1632.7,0.8288,0.1333,2.6274,314.9
166,51.95406360424026,0.025,1647.1,0.7226,0.1343,2.2905,317.2
167,51.388185654008446,-0.0265,1661.4,0.6655,0.1352,2.1097,319.3
168,51.7631352282515,-0.0539,1675.8,0.6389,0.1361,2.0254,321.3
169,51.0,-0.106,1689.9,0.5817,0.1369,1.8439,323.2
170,51.0,0.0,1704.1,0.6907,0.1378,2.1896,325.4
171,51.0,0.0,1718.3,0.6907,0.1387,2.1896,327.6
172,51.0,0.0,1732.4,0.6907,0.1396,2.1896,329.8
173,51.0,0.0,1746.6,0.6907,0.1406,2.1896,332.0
174,51.0,0.0,1760.8,0.6907,0.1415,2.1896,334.1
175,51.0,0.1389,1774.9,0.8337,0.1426,2.6427,336.8
176,52.0,0.0231,1789.4,0.7209,0.1436,2.2851,339.1
177,51.16650438169425,-1.1796,1803.6,0.0782,0.1437,0.2479,339.3
178,43.50718685831615,-1.9544,1815.7,0.0759,0.1438,0.2406,339.6
179,37.09498399146214,-2.0411,1826.0,0.0686,0.1439,0.2175,339.8
180,28.81125439624847,-2.1159,1834.0,0.0559,0.1439,0.1771,340.0
181,21.860735009671146,-1.8125,1840.1,0.0619,0.144,0.1961,340.1
182,15.76098418277676,-1.4752,1844.4,0.3253,0.1445,1.0312,341.2
183,11.239101717305129,-1.2445,1847.6,0.2702,0.1448,0.8566,342.0
184,6.800929512006192,-1.0301,1849.4,0.2639,0.1452,0.8367,342.9
185,3.822550831792968,-0.672,1850.5,0.2083,0.1455,0.6604,343.5
186,1.962516733601045,-0.5309,1851.0,0.2083,0.1457,0.6604,344.2
187,0.0,-0.2726,1851.0,0.1552,0.146,0.492,344.7
188,0.0,0.0265,1851.0,0.1552,0.1462,0.492,345.2
189,0.1909246575342568,0.1389,1851.1,0.1552,0.1464,0.492,345.7
190,1.0,0.1124,1851.4,0.1552,0.1466,0.492,346.2
191,1.0,-0.0864,1851.7,0.1552,0.1468,0.492,346.7
192,0.3775601068566335,-0.037,1851.8,0.1552,0.147,0.492,347.1
193,0.733863837312124,-0.0524,1852.0,0.1552,0.1472,0.492,347.6
194,0.0,-0.1019,1852.0,0.1552,0.1474,0.492,348.1
195,0.0,0.0,1852.0,0.1552,0.1476,0.492,348.6
196,0.0,0.0,1852.0,0.1552,0.1478,0.492,349.1
197,0.0,0.0,1852.0,0.1552,0.148,0.492,349.6
198,0.0,0.0,1852.0,0.1552,0.1482,0.492,350.1
199,0.0,0.0,1852.0,0.1552,0.1485,0.492,350.6
200,0.0,0.0,1852.0,0.1552,0.1487,0.492,351.1
201,0.0,0.0,1852.0,0.1552,0.1489,0.492,351.6
202,0.0,0.0,1852.0,0.1552,0.1491,0.492,352.1
203,0.0,0.0403,1852.0,0.1552,0.1493,0.492,352.6
204,0.290262172284643,0.1049,1852.0,0.1552,0.1495,0.492,353.0
205,0.7555555555555606,-0.0403,1852.3,0.1552,0.1497,0.492,353.5
206,0.0,-0.1049,1852.3,0.1552,0.1499,0.492,354.0
207,0.0,0.0,1852.3,0.1552,0.1501,0.492,354.5
208,0.0,0.0299,1852.3,0.1552,0.1503,0.492,355.0
209,0.2155172413792937,0.8244,1852.3,0.1552,0.1505,0.492,355.5
210,5.935402684563808,1.381,1854.0,0.4417,0.1511,1.4003,356.9
211,10.158365261813564,1.3403,1856.8,0.5665,0.1519,1.7957,358.7
212,15.585677749360588,1.4432,1861.1,0.8132,0.153,2.5779,361.3
213,20.54945968412305,1.2212,1866.8,0.9656,0.1543,3.0608,364.3
214,24.378406708595403,1.2299,1873.6,1.0749,0.1557,3.4074,367.8
215,29.40454545454545,1.3711,1881.8,1.2555,0.1574,3.98,371.7
216,34.25,1.3453,1891.3,1.4216,0.1593,4.5065,376.2
217,39.090643274853775,1.0803,1902.1,1.4142,0.1612,4.4831,380.7
218,42.028248587570594,1.0023,1913.8,1.4736,0.1632,4.6712,385.4
219,46.307135470527406,0.7438,1926.7,1.3237,0.165,4.1961,389.6
220,47.38327526132405,0.3577,1939.8,0.9792,0.1663,3.104,392.7
221,48.8824082784572,0.2695,1953.4,0.9111,0.1675,2.8882,395.6
222,49.32389675270606,-0.0975,1967.1,0.5508,0.1682,1.7459,397.3
223,48.18014059753956,-0.0589,1980.5,0.5842,0.169,1.852,399.2
224,48.90014903129656,0.0581,1994.1,0.7027,0.17,2.2277,401.4
225,48.59863945578231,0.1389,2007.6,0.78,0.171,2.4725,403.9
226,49.90027322404371,0.0967,2021.4,0.7484,0.172,2.3723,406.3
227,49.294727744165954,0.0139,2035.1,0.6614,0.1729,2.0968,408.3
228,50.0,0.0536,2049.0,0.7391,0.1739,2.3428,410.7
229,49.68041237113402,-0.1339,2062.8,0.5156,0.1746,1.6343,412.3
230,49.03608247422681,-0.2308,2076.4,0.0732,0.1747,0.232,412.6
231,48.018711018711016,-0.1439,2089.8,0.5012,0.1754,1.5888,414.1
232,48.0,-0.0026,2103.1,0.638,0.1762,2.0225,416.2
233,48.0,0.0263,2116.4,0.666,0.1771,2.1112,418.3
234,48.18943533697632,0.1389,2129.8,0.7766,0.1782,2.4618,420.7
235,49.0,0.1126,2143.4,0.7573,0.1792,2.4006,423.1
236,49.0,-0.052,2157.1,0.5946,0.18,1.8848,425.0
237,48.62533692722372,-0.0982,2170.6,0.5476,0.1807,1.7358,426.8
238,48.29315332690453,0.052,2184.0,0.6928,0.1816,2.1961,429.0
239,49.0,0.0381,2197.6,0.6836,0.1826,2.1672,431.1
240,48.56741028128032,-0.0961,2211.1,0.5494,0.1833,1.7417,432.9
241,48.30809205642168,0.0601,2224.5,0.7008,0.1842,2.2214,435.1
242,49.0,0.1317,2238.1,0.7762,0.1853,2.4605,437.5
243,49.25651465798045,0.1007,2251.8,0.7475,0.1863,2.3695,439.9
244,49.72468354430382,-0.1745,2265.6,0.4879,0.1869,1.5468,441.5
245,48.0,-0.2395,2278.9,0.0732,0.187,0.232,441.7
246,48.0,0.0213,2292.3,0.6611,0.1879,2.0958,443.8
247,48.153531218014336,0.1034,2305.6,0.7418,0.1889,2.3515,446.1
248,48.74483775811209,0.0282,2319.2,0.6723,0.1898,2.1312,448.3
249,48.35688536409517,0.0354,2332.6,0.677,0.1907,2.1461,450.4
250,49.0,0.1197,2346.2,0.7643,0.1917,2.4229,452.8
251,49.21853741496599,0.1229,2359.9,0.7692,0.1928,2.4385,455.3
252,49.8846153846154,-0.0763,2373.8,0.5741,0.1936,1.82,457.1
253,48.66899563318778,-0.2178,2387.3,0.0732,0.1937,0.232,457.3
254,48.31664411366713,0.046,2400.7,0.6871,0.1946,2.178,459.5
255,49.0,0.0949,2414.3,0.7398,0.1956,2.3452,461.9
256,49.0,0.1389,2427.9,0.7833,0.1966,2.483,464.3
257,50.0,0.1138,2441.8,0.7998,0.1977,2.5353,466.9
258,49.81938325991191,-0.1389,2455.7,0.5109,0.1984,1.6197,468.5
259,49.0,-0.1559,2469.3,0.4919,0.199,1.5592,470.1
260,48.69722814498935,-0.1335,2482.8,0.5132,0.1997,1.6267,471.7
261,48.03897435897437,0.1809,2496.1,0.8161,0.2008,2.5869,474.3
262,50.0,0.2724,2510.0,0.9598,0.2021,3.0425,477.3
263,50.0,0.0,2523.9,0.685,0.203,2.1714,479.5
264,50.0,-0.0535,2537.8,0.631,0.2039,2.0004,481.5
265,49.61454183266933,-0.1389,2551.6,0.5104,0.2046,1.6179,483.1
266,49.0,-0.0405,2565.2,0.6059,0.2054,1.9208,485.0
267,49.32295719844358,0.1349,2578.9,0.782,0.2064,2.479,487.5
268,49.97146562905319,0.1102,2592.8,0.7625,0.2074,2.4172,489.9
269,50.11635750421588,0.0973,2606.7,0.784,0.2085,2.4854,492.4
270,50.672176308539946,-0.0162,2620.8,0.6723,0.2094,2.1311,494.5
271,50.0,-0.0934,2634.7,0.5908,0.2102,1.8728,496.4
272,50.0,0.0383,2648.6,0.7236,0.2112,2.2939,498.7
273,50.27557879014191,0.1389,2662.5,0.8275,0.2123,2.623,501.3
274,51.0,0.1006,2676.7,0.7943,0.2133,2.5178,503.8
275,51.0,0.0,2690.8,0.6907,0.2143,2.1896,506.0
276,51.0,0.0,2705.0,0.6907,0.2152,2.1896,508.2
277,51.0,0.0,2719.2,0.6907,0.2161,2.1896,510.4
278,51.0,0.0,2733.3,0.6907,0.2171,2.1896,512.6
279,51.0,0.0153,2747.5,0.7065,0.218,2.2395,514.8
280,51.110286320254495,0.1091,2761.7,0.8039,0.2191,2.5483,517.4
281,51.78533333333333,-0.069,2776.1,0.6233,0.2199,1.9757,519.4
282,50.613358419567255,-0.248,2790.2,0.0782,0.22,0.2479,519.6
283,50.0,-0.0739,2804.0,0.6104,0.2208,1.9351,521.5
284,50.08161157024794,0.1389,2818.0,0.8258,0.2219,2.6178,524.2
285,51.0,0.1496,2832.1,0.8447,0.2231,2.6776,526.8
286,51.15873015873017,-0.3393,2846.3,0.0782,0.2232,0.2479,527.1
287,48.5568807339451,-1.4287,2859.8,0.0732,0.2233,0.232,527.3
288,40.87201735357916,-1.9712,2871.2,0.0759,0.2234,0.2406,527.6
289,34.3644251626897,-2.0688,2880.7,0.0611,0.2235,0.1938,527.8
290,25.976640711902032,-2.3604,2887.9,0.0559,0.2235,0.1771,527.9
291,17.36981132075469,-2.1043,2892.8,0.3253,0.224,1.0312,529.0
292,10.825413223140576,-1.4824,2895.8,0.2702,0.2243,0.8566,529.8
293,6.696402877697902,-0.9654,2897.6,0.2639,0.2247,0.8367,530.7
294,3.8745019920318913,-0.669,2898.7,0.2083,0.225,0.6604,531.3
295,1.8797145769622368,-0.5381,2899.2,0.2083,0.2253,0.6604,532.0
296,0.0,-0.2611,2899.2,0.1552,0.2255,0.492,532.5
297,0.0,0.0,2899.2,0.1552,0.2257,0.492,533.0
298,0.0,0.0,2899.2,0.1552,0.2259,0.492,533.5
299,0.0,0.0,2899.2,0.1552,0.2261,0.492,533.9
300,0.0,0.0,2899.2,0.1552,0.2263,0.492,534.4
301,0.0,0.0,2899.2,0.1552,0.2265,0.492,534.9
302,0.0,0.0,2899.2,0.1552,0.2267,0.492,535.4
303,0.0,0.0,2899.2,0.1552,0.2269,0.492,535.9
304,0.0,0.0,2899.2,0.1552,0.2271,0.492,536.4
305,0.0,0.0,2899.2,0.1552,0.2273,0.492,536.9
306,0.0,0.0,2899.2,0.1552,0.2275,0.492,537.4
307,0.0,0.0,2899.2,0.1552,0.2278,0.492,537.9
308,0.0,0.0,2899.2,0.1552,0.228,0.492,538.4
309,0.0,0.0,2899.2,0.1552,0.2282,0.492,538.9
310,0.0,0.0,2899.2,0.1552,0.2284,0.492,539.4
311,0.0,0.0,2899.2,0.1552,0.2286,0.492,539.9
312,0.0,0.0,2899.2,0.1552,0.2288,0.492,540.3
313,0.0,0.0,2899.2,0.1552,0.229,0.492,540.8
314,0.0,0.0,2899.2,0.1552,0.2292,0.492,541.3
315,0.0,0.0,2899.2,0.1552,0.2294,0.492,541.8
316,0.0,0.0,2899.2,0.1552,0.2296,0.492,542.3
317,0.0,0.0,2899.2,0.1552,0.2298,0.492,542.8
318,0.0,0.0,2899.2,0.1552,0.23,0.492,543.3
319,0.0,0.0,2899.2,0.1552,0.2303,0.492,543.8
320,0.0,0.0,2899.2,0.1552,0.2305,0.492,544.3
321,0.0,0.0,2899.2,0.1552,0.2307,0.492,544.8
322,0.0,0.0,2899.2,0.1552,0.2309,0.492,545.3
323,0.0,0.0626,2899.2,0.1552,0.2311,0.492,545.8
324,0.4506578947368546,0.0896,2899.4,0.1552,0.2313,0.492,546.2
325,0.6448398576512362,-0.0626,2899.5,0.1552,0.2315,0.492,546.7
326,0.0,-0.0896,2899.5,0.1552,0.2317,0.492,547.2
327,0.0,0.0,2899.5,0.1552,0.2319,0.492,547.7
328,0.0,0.0,2899.5,0.1552,0.2321,0.492,548.2
329,0.0,0.0,2899.5,0.1552,0.2323,0.492,548.7
330,0.0,0.0,2899.5,0.1552,0.2325,0.492,549.2
331,0.0,0.0,2899.5,0.1552,0.2328,0.492,549.7
332,0.0,0.0,2899.5,0.1552,0.233,0.492,550.2
333,0.0,0.0505,2899.5,0.1552,0.2332,0.492,550.7
334,0.3633610900832767,0.1164,2899.6,0.1552,0.2334,0.492,551.2
335,0.8382502543235084,-0.0505,2899.9,0.1552,0.2336,0.492,551.7
336,0.0,-0.0499,2899.9,0.1552,0.2338,0.492,552.2
337,0.4787234042551873,0.7858,2900.0,0.1552,0.234,0.492,552.6
338,5.657894736842022,1.3893,2901.6,0.4343,0.2346,1.3769,554.0
339,10.481942714819429,1.3585,2904.5,0.5798,0.2354,1.8379,555.9
340,15.439205955334993,1.2485,2908.8,0.748,0.2364,2.3711,558.2
341,19.47135416666672,1.2909,2914.2,0.8763,0.2375,2.7779,561.0
342,24.73353520060567,1.2869,2921.1,1.1127,0.239,3.5273,564.5
343,28.73735199138861,1.3201,2929.0,1.2061,0.2407,3.8235,568.4
344,34.238095238095354,1.5631,2938.5,1.5692,0.2428,4.9742,573.3
345,39.99134199134201,1.3241,2949.7,1.6308,0.245,5.1696,578.5
346,43.77150304083408,0.7882,2961.8,1.3304,0.2467,4.2174,582.7
347,45.66666666666666,0.5007,2974.5,1.0896,0.2482,3.4541,586.2
348,47.37670609645132,0.3691,2987.7,0.99,0.2495,3.1383,589.3
349,48.32440782698249,0.2255,3001.1,0.8621,0.2507,2.7329,592.0
350,49.0,0.0938,3014.7,0.7387,0.2517,2.3417,594.4
351,49.0,0.0,3028.3,0.646,0.2526,2.0478,596.4
352,49.0,0.0,3041.9,0.646,0.2534,2.0478,598.5
353,49.0,0.0,3055.5,0.646,0.2543,2.0478,600.5
354,49.0,-0.0346,3069.1,0.6118,0.2551,1.9393,602.5
355,48.75055187637969,-0.1368,3082.7,0.5101,0.2558,1.6169,604.1
356,48.01471670345841,-0.072,3096.0,0.5709,0.2566,1.8096,605.9
357,48.23243243243242,0.1357,3109.4,0.7738,0.2576,2.453,608.3
358,48.99206349206353,0.0041,3123.0,0.65,0.2585,2.0605,610.4
359,48.26205450733752,0.0011,3136.4,0.643,0.2593,2.0383,612.4
360,49.0,0.0866,3150.0,0.7316,0.2603,2.3191,614.8
361,48.88550420168069,-0.1389,3163.6,0.5084,0.261,1.6115,616.4
362,48.0,-0.1002,3177.0,0.5435,0.2617,1.7228,618.1
363,48.1639072847682,0.1377,3190.3,0.7752,0.2628,2.4574,620.6
364,48.99172185430464,-0.0011,3203.9,0.6448,0.2636,2.0442,622.6
365,48.156319290465646,0.0011,3217.3,0.6424,0.2645,2.0365,624.6
366,49.0,0.1265,3230.9,0.771,0.2655,2.4442,627.1
367,49.06747638326588,0.1389,3244.6,0.7839,0.2666,2.4848,629.6
368,50.0,0.1295,3258.4,0.8156,0.2677,2.5855,632.2
369,50.0,0.1815,3272.3,0.8681,0.2688,2.7518,634.9
370,51.30704697986576,0.0515,3286.6,0.7458,0.2698,2.3643,637.3
371,50.37080536912752,0.0907,3300.6,0.7793,0.2709,2.4703,639.7
372,51.960219478738,0.1695,3315.0,0.8741,0.2721,2.7708,642.5
373,51.591133004926135,0.1444,3329.3,0.8445,0.2732,2.6771,645.2
374,53.0,0.1957,3344.1,0.9119,0.2744,2.8908,648.1
375,53.0,-0.046,3358.8,0.6535,0.2753,2.0715,650.2
376,52.6687242798354,-0.1345,3373.4,0.5577,0.276,1.768,651.9
377,52.03168567807348,0.1072,3387.9,0.8094,0.2771,2.5656,654.5
378,53.44029850746266,0.3867,3402.7,1.1223,0.2786,3.5577,658.0
379,54.81573033707866,0.1188,3417.9,0.8454,0.2798,2.68,660.7
380,54.29557713052858,0.0654,3433.0,0.7824,0.2808,2.4801,663.2
381,55.28677685950412,0.2367,3448.4,1.0215,0.2822,3.2383,666.4
382,56.0,0.0991,3463.9,0.8741,0.2834,2.771,669.2
383,56.0,0.0,3479.5,0.7622,0.2844,2.4161,671.6
384,56.0,0.0385,3495.0,0.8057,0.2855,2.554,674.2
385,56.27692307692305,0.2759,3510.7,1.0773,0.2869,3.4149,677.6
386,57.986324786324815,-0.1319,3526.8,0.6213,0.2878,1.9695,679.6
387,55.32727272727282,-1.2738,3542.2,0.0843,0.2879,0.2671,679.8
388,48.81494057724956,-2.017,3555.7,0.0732,0.288,0.232,680.1
389,40.80497925311201,-2.3054,3567.1,0.0759,0.2881,0.2406,680.3
390,32.21621621621628,-1.9021,3576.0,0.0611,0.2881,0.1938,680.5
391,27.11016949152563,-1.9789,3583.5,0.0559,0.2882,0.1771,680.7
392,17.968253968253947,-2.0034,3588.5,0.3253,0.2887,1.0312,681.7
393,12.68593955321944,-1.0987,3592.0,0.2702,0.289,0.8566,682.6
394,10.057818659658322,-1.1287,3594.8,0.2702,0.2894,0.8566,683.4
395,4.559268098647596,-0.9844,3596.1,0.2083,0.2897,0.6604,684.1
396,2.969879518072316,-0.4305,3596.9,0.2083,0.2899,0.6604,684.7
397,1.459787556904402,-0.4125,3597.3,0.2083,0.2902,0.6604,685.4
398,0.0,-0.2027,3597.3,0.1552,0.2904,0.492,685.9
399,0.0,0.0,3597.3,0.1552,0.2906,0.492,686.4
400,0.0,0.0,3597.3,0.1552,0.2908,0.492,686.9
401,0.0,0.036,3597.3,0.1552,0.2911,0.492,687.4
402,0.2588957055214887,0.0875,3597.4,0.1552,0.2913,0.492,687.9
403,0.6302521008403312,-0.036,3597.6,0.1552,0.2915,0.492,688.4
404,0.0,-0.0875,3597.6,0.1552,0.2917,0.492,688.8
405,0.0,0.0,3597.6,0.1552,0.2919,0.492,689.3
406,0.0,0.0,3597.6,0.1552,0.2921,0.492,689.8
407,0.0,0.0,3597.6,0.1552,0.2923,0.492,690.3
408,0.0,0.0,3597.6,0.1552,0.2925,0.492,690.8
409,0.0,0.0,3597.6,0.1552,0.2927,0.492,691.3
410,0.0,0.0,3597.6,0.1552,0.2929,0.492,691.8
411,0.0,0.0,3597.6,0.1552,0.2931,0.492,692.3
412,0.0,0.0634,3597.6,0.1552,0.2933,0.492,692.8
413,0.4567078972407457,0.6051,3597.7,0.1552,0.2936,0.492,693.3
414,4.356773526370289,1.2814,3598.9,0.33,0.294,1.0462,694.3
415,9.682730923694654,1.6163,3601.6,0.6002,0.2948,1.9026,696.2
416,15.994382022471916,1.607,3606.1,0.879,0.296,2.7864,699.0
417,21.252906976744104,1.3378,3612.0,1.0348,0.2974,3.2803,702.3
418,25.626291079812184,1.1076,3619.1,1.0064,0.2987,3.1903,705.5
419,29.22768974145118,1.0407,3627.2,1.0586,0.3001,3.3557,708.8
420,33.119205298013135,1.2907,3636.4,1.3514,0.302,4.284,713.1
421,38.52094048493751,1.2941,3647.1,1.563,0.3041,4.9548,718.1
422,42.436573311367376,1.3559,3658.9,1.7812,0.3064,5.6464,723.7
423,48.28345323741011,1.2275,3672.3,1.8264,0.3089,5.7898,729.5
424,51.27424094025458,1.1097,3686.5,1.8295,0.3114,5.7994,735.3
425,56.273010920437,1.4942,3702.2,2.4398,0.3146,7.7343,743.0
426,62.03231441048038,1.158,3719.4,2.2757,0.3177,7.2141,750.3
427,64.6102941176471,0.6051,3737.3,1.6462,0.3199,5.2185,755.5
428,66.38903863432165,0.3651,3755.8,1.323,0.3217,4.1938,759.7
429,67.23898431665421,0.2218,3774.5,1.1436,0.3232,3.6254,763.3
430,67.98581030619866,0.044,3793.4,0.9096,0.3244,2.8834,766.2
431,67.55599369085175,0.2689,3812.1,1.212,0.3261,3.842,770.0
432,69.92192429022079,0.3803,3831.5,1.4001,0.3279,4.4382,774.5
433,70.29390997352164,0.1125,3851.1,1.0426,0.3293,3.3051,777.8
434,70.7319034852547,-0.0408,3870.7,0.8289,0.3304,2.6276,780.4
435,70.0,-0.1017,3890.2,0.7368,0.3314,2.3355,782.7
436,70.0,0.0,3909.6,0.8804,0.3326,2.7908,785.5
437,70.0,0.0042,3929.0,0.8863,0.3338,2.8096,788.3
438,70.0300518134715,0.1389,3948.5,1.0769,0.3352,3.4138,791.7
439,71.0,0.1347,3968.2,1.0826,0.3367,3.4317,795.2
440,71.0,0.2778,3987.9,1.2868,0.3384,4.0791,799.3
441,73.0,0.324,4008.2,1.3835,0.3403,4.3856,803.6
442,73.33301343570056,0.1742,4028.6,1.1697,0.3419,3.7078,807.3
443,74.25437864887407,0.25,4049.2,1.2947,0.3436,4.1042,811.5
444,75.13266583229036,0.3058,4070.1,1.4194,0.3455,4.4995,816.0
445,76.45616641901934,0.3902,4091.3,1.5689,0.3476,4.9734,820.9
446,77.94205052005945,0.2144,4113.0,1.3242,0.3494,4.1976,825.1
447,78.0,0.008,4134.6,1.0011,0.3507,3.1736,828.3
448,78.0,-0.0321,4156.3,0.938,0.352,2.9735,831.3
449,77.76890308839191,-0.1087,4177.9,0.8155,0.3531,2.5851,833.9
450,77.21752738654148,0.0321,4199.4,1.0301,0.3545,3.2655,837.1
451,78.0,0.2925,4221.0,1.4459,0.3564,4.5834,841.7
452,79.32355046528275,0.2856,4243.1,1.457,0.3584,4.6186,846.3
453,80.05606523955149,0.2236,4265.3,1.3853,0.3602,4.3913,850.7
454,80.9336917562724,-0.0026,4287.8,1.0366,0.3616,3.286,854.0
455,80.03763440860213,0.1074,4310.0,1.1989,0.3632,3.8006,857.8
456,81.70665691294806,0.4114,4332.7,1.725,0.3655,5.4683,863.3
457,83.0,0.1796,4355.8,1.3763,0.3674,4.363,867.6
458,83.0,0.0005,4378.8,1.0777,0.3688,3.4163,871.0
459,83.0033783783784,0.2198,4401.9,1.4426,0.3708,4.5731,875.6
460,84.58238636363639,0.4159,4425.4,1.8064,0.3732,5.7263,881.3
461,85.99774266365688,0.0817,4449.3,1.2727,0.3749,4.0344,885.4
462,85.17033773861966,0.0609,4472.9,1.2204,0.3765,3.8688,889.2
463,86.43630892678034,0.2541,4496.9,1.5778,0.3787,5.0016,894.3
464,87.0,0.0783,4521.1,1.2869,0.3804,4.0796,898.3
465,87.0,0.0,4545.3,1.1495,0.3819,3.6439,902.0
466,87.0,0.0343,4569.4,1.2097,0.3835,3.8348,905.8
467,87.24674022066196,0.2623,4593.7,1.611,0.3857,5.1068,910.9
468,88.8888888888889,0.1056,4618.4,1.3739,0.3876,4.3554,915.3
469,88.00705467372133,0.0114,4642.8,1.1887,0.3892,3.7681,919.0
470,88.97064579256363,0.3093,4667.5,1.7352,0.3915,5.5005,924.5
471,90.23379819524202,0.0404,4692.6,1.2847,0.3932,4.0726,928.6
472,89.26187961985215,-0.0325,4717.4,1.1338,0.3947,3.5942,932.2
473,90.0,0.1025,4742.4,1.3919,0.3966,4.4123,936.6
474,90.0,0.0,4767.4,1.2066,0.3982,3.825,940.4
475,90.0,-0.0453,4792.4,1.1244,0.3997,3.5642,944.0
476,89.67385444743934,-0.2345,4817.3,0.776,0.4008,2.4601,946.5
477,88.31176875430144,-0.362,4841.8,0.0991,0.4009,0.3142,946.8
478,87.06762589928061,0.0053,4866.0,1.1601,0.4025,3.6775,950.5
479,88.34990059642146,0.2225,4890.5,1.5675,0.4046,4.9691,955.4
480,88.66984732824427,-0.0486,4915.2,1.0941,0.406,3.4682,958.9
481,88.0,-0.093,4939.6,1.0032,0.4074,3.1801,962.1
482,88.0,0.005,4964.1,1.1772,0.409,3.7316,965.8
483,88.03615819209037,0.117,4988.5,1.376,0.4108,4.362,970.2
484,88.84244372990355,0.0336,5013.2,1.2445,0.4125,3.9452,974.1
485,88.2782834850455,-0.0419,5037.7,1.0989,0.4139,3.4836,977.6
486,88.54076367389061,-0.0387,5062.3,1.1094,0.4154,3.5169,981.1
487,88.0,-0.0751,5086.8,1.035,0.4168,3.2808,984.4
488,88.0,0.0,5111.2,1.1683,0.4184,3.7035,988.1
489,88.0,-0.0278,5135.6,1.1189,0.4199,3.547,991.6
490,87.80018501387603,-0.1204,5160.0,0.9512,0.4212,3.0154,994.7
491,87.13339920948616,0.0278,5184.2,1.2009,0.4228,3.8068,998.5
492,88.0,0.1105,5208.7,1.3639,0.4246,4.3236,1002.8
493,87.92904446546832,-0.1389,5233.1,0.9205,0.4259,2.9181,1005.7
494,87.0,-0.129,5257.3,0.9231,0.4271,2.9262,1008.6
495,87.0,0.0,5281.4,1.1495,0.4286,3.6439,1012.3
496,87.0,-0.0119,5305.6,1.1286,0.4301,3.5777,1015.9
497,86.9144851657941,-0.0895,5329.8,0.991,0.4315,3.1414,1019.0
498,86.355754857997,0.0119,5353.7,1.1583,0.433,3.6717,1022.7
499,87.0,0.0677,5377.9,1.2683,0.4347,4.0206,1026.7
500,86.84304047384008,-0.1117,5402.0,0.9509,0.436,3.0143,1029.7
501,86.19544846050871,-0.0194,5426.0,1.1008,0.4375,3.4897,1033.2
502,86.70334572490707,-0.0098,5450.1,1.1268,0.439,3.5721,1036.8
503,86.12456747404839,0.0986,5474.0,1.3046,0.4408,4.1356,1040.9
504,87.41317991631797,-0.0743,5498.3,1.0262,0.4421,3.2531,1044.2
505,85.58978723404253,0.0699,5522.0,1.2441,0.4438,3.9439,1048.1
506,87.91666666666669,0.1959,5546.5,1.5111,0.4458,4.7902,1052.9
507,87.0,-0.1624,5570.6,0.8645,0.447,2.7403,1055.6
508,86.74754098360657,-0.0023,5594.7,1.1408,0.4485,3.6163,1059.2
509,86.98340248962647,0.2432,5618.9,1.5718,0.4506,4.9826,1064.2
510,88.49893238434166,0.0128,5643.5,1.2006,0.4522,3.8059,1068.0
511,87.07544483985765,0.0716,5667.7,1.2767,0.454,4.0471,1072.1
512,89.0143198090692,0.3817,5692.4,1.8641,0.4565,5.9092,1078.0
513,89.82370820668694,-0.0349,5717.3,1.14,0.458,3.6137,1081.6
514,88.76269035532994,-0.1616,5742.0,0.8934,0.4592,2.8321,1084.4
515,88.6600496277916,0.1398,5766.6,1.4293,0.4611,4.5308,1089.0
516,89.7694174757281,0.0865,5791.6,1.3585,0.4629,4.3065,1093.3
517,89.28284389489953,0.032,5816.4,1.2504,0.4646,3.9638,1097.2
518,90.0,0.0643,5841.4,1.3234,0.4664,4.1951,1101.4
519,89.74561403508774,-0.1073,5866.3,1.0074,0.4677,3.1935,1104.6
520,89.22727272727275,0.0353,5891.1,1.2552,0.4694,3.9791,1108.6
521,90.0,0.0668,5916.1,1.3279,0.4712,4.2095,1112.8
522,89.70857618651122,-0.1389,5941.0,0.9496,0.4725,3.0102,1115.8
523,89.0,-0.0984,5965.7,1.0106,0.4738,3.2037,1119.0
524,89.0,0.0128,5990.4,1.2103,0.4755,3.8367,1122.9
525,89.0922570016475,0.0916,6015.2,1.3535,0.4773,4.2905,1127.2
526,89.6595905989386,-0.0128,6040.1,1.1769,0.4789,3.7307,1130.9
527,89.0,-0.0916,6064.8,1.0229,0.4802,3.2424,1134.1
528,89.0,-0.0042,6089.5,1.1798,0.4818,3.7399,1137.9
529,88.96996996997,-0.1389,6114.2,0.9374,0.4831,2.9717,1140.8
530,88.0,-0.062,6138.7,1.0582,0.4845,3.3545,1144.2
531,88.52392344497592,0.4167,6163.3,1.9126,0.4871,6.0629,1150.3
532,91.0,0.3439,6188.6,1.849,0.4895,5.8614,1156.1
533,91.0,0.0,6213.8,1.2262,0.4912,3.887,1160.0
534,91.0,-0.0564,6239.1,1.1226,0.4927,3.5587,1163.6
535,90.59381898454744,-0.0309,6264.3,1.1617,0.4943,3.6827,1167.3
536,90.77777777777776,0.1598,6289.5,1.5117,0.4963,4.792,1172.0
537,91.74416433239963,0.0309,6315.0,1.2981,0.498,4.1149,1176.2
538,91.0,-0.1382,6340.3,0.9724,0.4993,3.0827,1179.2
539,90.74914089347077,-0.1174,6365.5,1.0063,0.5007,3.19,1182.4
540,90.15496368038744,-0.0086,6390.5,1.194,0.5023,3.785,1186.2
541,90.68704663212434,-0.0744,6415.7,1.0839,0.5037,3.436,1189.7
542,89.61920903954802,-0.2343,6440.6,0.7756,0.5048,2.4587,1192.1
543,89.0,-0.086,6465.3,1.0329,0.5062,3.2743,1195.4
544,89.0,0.044,6490.0,1.2663,0.5079,4.0143,1199.4
545,89.31690140845062,0.2834,6514.8,1.698,0.5101,5.3826,1204.8
546,91.04066543438076,0.3678,6540.1,1.8932,0.5127,6.0016,1210.8
547,91.96487985212568,0.2868,6565.7,1.7703,0.5151,5.6119,1216.4
548,93.10542635658912,0.2346,6591.5,1.703,0.5173,5.3986,1221.8
549,93.65384615384616,-0.0146,6617.6,1.2518,0.519,3.9681,1225.8
550,93.0,-0.0908,6643.4,1.0957,0.5205,3.4734,1229.2
551,93.0,0.0,6669.2,1.2661,0.5222,4.0134,1233.2
552,93.0,0.055,6695.1,1.3691,0.524,4.34,1237.6
553,93.39632277834528,0.091,6721.0,1.4442,0.526,4.578,1242.2
554,93.65514333895447,-0.055,6747.0,1.1754,0.5276,3.7262,1245.9
555,93.0,-0.1005,6772.8,1.0775,0.529,3.4157,1249.3
556,92.93144208037826,-0.1389,6798.7,1.0043,0.5303,3.1835,1252.5
557,92.0,-0.0916,6824.2,1.076,0.5318,3.4108,1255.9
558,92.27208480565372,0.204,6849.8,1.6266,0.534,5.1562,1261.1
559,93.46870838881496,0.3789,6875.8,1.9796,0.5366,6.2752,1267.3
560,95.0,0.2127,6902.2,1.7089,0.5389,5.4173,1272.8
561,95.0,-0.0303,6928.6,1.249,0.5406,3.9592,1276.7
562,94.78210806023031,-0.1779,6954.9,0.9623,0.5419,3.0506,1279.8
563,93.71942446043172,-0.343,6981.0,0.1037,0.542,0.3288,1280.1
564,92.31270718232048,-0.1389,7006.6,0.9935,0.5434,3.1495,1283.2
565,92.71958456973292,-0.038,7032.3,1.1893,0.545,3.7702,1287.0
566,92.03886010362692,0.0086,7057.9,1.2627,0.5467,4.0029,1291.0
567,92.78135593220335,-0.0054,7083.7,1.2515,0.5483,3.9674,1295.0
568,92.0,-0.1085,7109.2,1.0446,0.5497,3.3114,1298.3
569,92.0,0.0082,7134.8,1.2612,0.5514,3.998,1302.3
570,92.05882352941178,0.1389,7160.4,1.5026,0.5534,4.7633,1307.1
571,93.0,0.0979,7186.2,1.4482,0.5554,4.5909,1311.6
572,92.76345177664976,-0.1389,7212.0,1.0013,0.5567,3.1742,1314.8
573,92.0,-0.0733,7237.5,1.1099,0.5582,3.5185,1318.3
574,92.23596574690774,0.1389,7263.1,1.5066,0.5602,4.7759,1323.1
575,93.0,0.1061,7289.0,1.4634,0.5622,4.6389,1327.8
576,93.0,0.0609,7314.8,1.38,0.5641,4.3745,1332.1
577,93.43850267379672,-0.1612,7340.8,0.9711,0.5654,3.0783,1335.2
578,91.83970099667776,-0.3374,7366.3,0.1021,0.5655,0.3237,1335.5
579,91.00913621262455,-0.1048,7391.6,1.0339,0.5669,3.2775,1338.8
580,91.08538011695904,0.1137,7416.9,1.4353,0.5688,4.55,1343.4
581,91.82794001578534,-0.0065,7442.4,1.2305,0.5705,3.9007,1347.3
582,91.03867403314916,0.1628,7467.7,1.523,0.5725,4.8278,1352.1
583,93.0,0.1888,7493.5,1.6159,0.5747,5.1225,1357.2
584,92.3981106612685,-0.271,7519.2,0.7488,0.5757,2.3736,1359.6
585,91.04858299595136,-0.1942,7544.5,0.8704,0.5769,2.7592,1362.3
586,91.0,0.099,7569.7,1.4069,0.5787,4.46,1366.8
587,91.7610550814585,0.0,7595.2,1.2412,0.5804,3.9347,1370.7
588,91.0,-0.1611,7620.5,0.9304,0.5817,2.9494,1373.7
589,90.60094451003545,-0.0875,7645.7,1.0584,0.5831,3.3551,1377.0
590,90.370007535795,0.0554,7670.8,1.3148,0.5848,4.168,1381.2
591,91.0,0.0548,7696.0,1.3268,0.5866,4.2059,1385.4
592,90.7648401826484,-0.1384,7721.3,0.9681,0.5879,3.0689,1388.5
593,90.00380517503805,-0.1062,7746.3,1.0139,0.5893,3.2139,1391.7
594,90.0,-0.0732,7771.3,1.0737,0.5907,3.4037,1395.1
595,89.47661691542281,-0.2778,7796.1,0.695,0.5917,2.2032,1397.3
596,88.0,-0.0829,7820.6,1.0211,0.593,3.2369,1400.5
597,88.87969201154957,0.2343,7845.2,1.6007,0.5952,5.0741,1405.6
598,89.6868913857678,0.031,7870.2,1.2566,0.5969,3.9836,1409.6
599,89.10272277227719,0.0089,7894.9,1.2053,0.5985,3.8208,1413.4
600,89.75067996373528,-0.0338,7919.8,1.1406,0.6,3.6157,1417.0
601,88.85947712418299,-0.2372,7944.5,0.7594,0.601,2.4073,1419.4
602,88.04248366013073,-0.1194,7969.0,0.957,0.6023,3.0337,1422.5
603,88.0,-0.0282,7993.4,1.1182,0.6038,3.5448,1426.0
604,87.83961117861489,-0.0988,8017.8,0.9902,0.6052,3.1388,1429.2
605,87.28878504672896,0.0223,8042.1,1.1942,0.6068,3.7855,1432.9
606,88.0,0.0988,8066.5,1.3435,0.6086,4.2589,1437.2
607,88.0,-0.0979,8091.0,0.9945,0.6099,3.1525,1440.4
608,87.29510155316616,-0.1633,8115.2,0.8674,0.6111,2.7497,1443.1
609,86.82448244824478,0.0502,8139.3,1.2342,0.6127,3.9123,1447.0
610,87.65643564356438,0.0244,8163.7,1.205,0.6143,3.8197,1450.8
611,87.0,-0.0608,8187.8,1.0428,0.6157,3.3056,1454.1
612,87.21870286576167,0.1351,8212.1,1.3902,0.6176,4.4071,1458.5
613,87.97285067873307,-0.0304,8236.5,1.1138,0.6191,3.5308,1462.1
614,87.0,-0.1351,8260.7,0.9124,0.6203,2.8922,1465.0
615,87.0,0.0,8284.8,1.1495,0.6219,3.6439,1468.6
616,87.0,0.1672,8309.0,1.441,0.6238,4.568,1473.2
617,88.20349278663632,0.2726,8333.5,1.6518,0.626,5.2362,1478.4
618,88.96279422930905,0.2337,8358.2,1.6016,0.6282,5.0769,1483.5
619,89.8864583333333,-0.0312,8383.2,1.1478,0.6297,3.6386,1487.1
620,88.73813708260106,-0.4009,8407.8,0.0995,0.6298,0.3153,1487.5
621,87.0,-0.1964,8432.0,0.8048,0.6309,2.5512,1490.0
622,87.32398956975226,0.1355,8456.3,1.3932,0.6328,4.4163,1494.4
623,87.97588005215121,0.0055,8480.7,1.1776,0.6344,3.733,1498.2
624,87.3638232271326,-0.0361,8505.0,1.0927,0.6358,3.4638,1501.6
625,87.71609538002983,-0.0505,8529.3,1.0736,0.6373,3.4032,1505.0
626,87.0,-0.0995,8553.5,0.9749,0.6386,3.0903,1508.1
627,87.0,-0.006,8577.7,1.139,0.6401,3.6106,1511.7
628,86.95652173913041,-0.0985,8601.8,0.9759,0.6414,3.0936,1514.8
629,86.29056203605515,-0.0312,8625.8,1.082,0.6429,3.43,1518.2
630,86.73198380566801,-0.0404,8649.9,1.0738,0.6443,3.404,1521.6
631,86.0,-0.0759,8673.8,0.9993,0.6457,3.1677,1524.8
632,86.1853699085619,0.1315,8697.7,1.3623,0.6475,4.3186,1529.1
633,86.94708994708999,-0.1078,8721.9,0.9594,0.6488,3.0414,1532.2
634,85.40898528272656,0.0015,8745.6,1.1227,0.6503,3.559,1535.7
635,86.95817195972108,0.3599,8769.7,1.7725,0.6527,5.6189,1541.4
636,88.0,0.1447,8794.2,1.4236,0.6546,4.5129,1545.9
637,88.0,0.0005,8818.6,1.1692,0.6561,3.7063,1549.6
638,88.00374531835197,0.089,8843.1,1.3264,0.6579,4.2046,1553.8
639,88.64055299539172,-0.0005,8867.7,1.1796,0.6595,3.7392,1557.5
640,88.0,-0.089,8892.1,1.0103,0.6609,3.2026,1560.7
641,88.0,0.1335,8916.6,1.4041,0.6627,4.4509,1565.2
642,88.96088264794385,0.0881,8941.3,1.3446,0.6645,4.2623,1569.4
643,88.63432295438088,0.131,8965.9,1.4133,0.6664,4.48,1573.9
644,89.90404040404039,0.0508,8990.9,1.2969,0.6682,4.1112,1578.0
645,89.0,-0.1256,9015.6,0.9618,0.6695,3.0489,1581.1
646,89.0,0.0,9040.3,1.1873,0.6711,3.7638,1584.8
647,89.0,0.0604,9065.1,1.2958,0.6728,4.1076,1588.9
648,89.43468468468468,0.1389,9089.9,1.4445,0.6747,4.5791,1593.5
649,90.0,0.0785,9114.9,1.349,0.6766,4.2765,1597.8
650,90.0,-0.0121,9139.9,1.1847,0.6782,3.7553,1601.6
651,89.91260162601625,-0.1389,9164.9,0.953,0.6794,3.0209,1604.6
652,89.0,-0.1268,9189.6,0.9596,0.6807,3.0421,1607.6
653,89.0,0.0,9214.3,1.1873,0.6823,3.7638,1611.4
654,89.0,0.0,9239.0,1.1873,0.6839,3.7638,1615.1
655,89.0,-0.0539,9263.8,1.0905,0.6854,3.457,1618.6
656,88.61204343534055,-0.1389,9288.4,0.9316,0.6866,2.9531,1621.6
657,88.0,-0.085,9312.8,1.0174,0.688,3.2251,1624.8
658,88.0,0.0,9337.3,1.1683,0.6896,3.7035,1628.5
659,88.0,0.0,9361.7,1.1683,0.6911,3.7035,1632.2
660,88.0,0.0,9386.2,1.1683,0.6927,3.7035,1635.9
661,88.0,0.0563,9410.6,1.2682,0.6944,4.0203,1639.9
662,88.40550807217475,-0.0545,9435.2,1.0788,0.6958,3.4197,1643.3
663,87.607476635514,0.0826,9459.5,1.3069,0.6976,4.1428,1647.5
664,89.0,0.2227,9484.2,1.583,0.6997,5.0181,1652.5
665,89.21076923076924,0.1361,9509.0,1.4347,0.7016,4.5479,1657.0
666,89.98000000000003,0.0673,9534.0,1.3284,0.7034,4.2111,1661.2
667,89.6951219512195,-0.1755,9558.9,0.8831,0.7046,2.7995,1664.0
668,88.71669004207573,-0.3637,9583.6,0.0994,0.7047,0.3153,1664.4
669,87.07648725212465,-0.3362,9607.7,0.098,0.7049,0.3108,1664.7
670,86.29573590096284,-0.0129,9631.7,1.114,0.7064,3.5313,1668.2
671,86.98349381017881,-0.1805,9655.9,0.8324,0.7075,2.6388,1670.8
672,84.99580712788259,-0.4382,9679.5,0.0963,0.7076,0.3052,1671.2
673,83.82847341337921,-0.5448,9702.8,0.0953,0.7077,0.302,1671.5
674,81.07341269841277,-0.5765,9725.3,0.0929,0.7079,0.2946,1671.7
675,79.67766853932588,-0.297,9747.4,0.0899,0.708,0.2849,1672.0
676,78.93530499075791,-0.3598,9769.3,0.0899,0.7081,0.2849,1672.3
677,77.08687615526807,-0.5136,9790.8,0.0899,0.7082,0.2849,1672.6
678,75.23743016759775,-0.5986,9811.7,0.0899,0.7084,0.2849,1672.9
679,72.77665544332216,-0.4496,9831.9,0.0856,0.7085,0.2714,1673.2
680,72.0,-0.1432,9851.9,0.691,0.7094,2.1906,1675.3
681,71.74567650050864,-0.1786,9871.8,0.6381,0.7103,2.0228,1677.4
682,70.71443850267376,-0.2932,9891.4,0.0856,0.7104,0.2714,1677.6
683,69.63436123348019,-0.2381,9910.8,0.5575,0.7111,1.7673,1679.4
684,69.0,-0.1321,9930.0,0.6743,0.712,2.1375,1681.5
685,68.68336025848151,-0.4127,9949.0,0.0836,0.7121,0.2651,1681.8
686,66.02839756592283,-0.4657,9967.4,0.0836,0.7122,0.2651,1682.1
687,65.3306505700872,-0.0043,9985.5,0.8211,0.7133,2.6028,1684.7
688,65.99748427672962,-0.2752,10003.9,0.0836,0.7135,0.2651,1684.9
689,63.34895314057839,-1.4601,10021.5,0.0901,0.7136,0.2855,1685.2
690,55.484679665738526,-2.1284,10036.9,0.0843,0.7137,0.2671,1685.5
691,48.024149286498655,-2.0447,10050.2,0.0732,0.7138,0.232,1685.7
692,40.76268412438618,-1.8041,10061.5,0.0759,0.7139,0.2406,1686.0
693,35.03436988543356,-2.0397,10071.3,0.0686,0.714,0.2175,1686.2
694,26.076530612244728,-1.9573,10078.5,0.0559,0.7141,0.1771,1686.4
695,20.94152046783632,-1.9289,10084.3,0.0619,0.7141,0.1961,1686.6
696,12.188571428571525,-1.8438,10087.7,0.2702,0.7145,0.8566,1687.4
697,7.665995975855147,-1.0387,10089.8,0.2639,0.7149,0.8367,1688.3
698,4.7101727447217865,-0.7568,10091.1,0.2083,0.7151,0.6604,1688.9
699,2.216972034715564,-0.574,10091.8,0.2083,0.7154,0.6604,1689.6
700,0.5773195876288566,-0.3079,10091.9,0.1552,0.7156,0.492,1690.1
701,0.0,-0.0802,10091.9,0.1552,0.7158,0.492,1690.6
702,0.0,0.0,10091.9,0.1552,0.716,0.492,1691.1
703,0.0,0.0,10091.9,0.1552,0.7163,0.492,1691.5
704,0.0,0.0,10091.9,0.1552,0.7165,0.492,1692.0
705,0.0,0.0,10091.9,0.1552,0.7167,0.492,1692.5
706,0.0,0.0,10091.9,0.1552,0.7169,0.492,1693.0
707,0.0,0.0,10091.9,0.1552,0.7171,0.492,1693.5
708,0.0,0.0,10091.9,0.1552,0.7173,0.492,1694.0
709,0.0,0.0,10091.9,0.1552,0.7175,0.492,1694.5
710,0.0,0.0,10091.9,0.1552,0.7177,0.492,1695.0
711,0.0,0.0,10091.9,0.1552,0.7179,0.492,1695.5
712,0.0,0.0,10091.9,0.1552,0.7181,0.492,1696.0
713,0.0,0.0,10091.9,0.1552,0.7183,0.492,1696.5
714,0.0,0.0,10091.9,0.1552,0.7185,0.492,1697.0
715,0.0,0.0,10091.9,0.1552,0.7188,0.492,1697.4
716,0.0,0.0018,10091.9,0.1552,0.719,0.492,1697.9
717,0.0132275132275016,0.1036,10091.9,0.1552,0.7192,0.492,1698.4
718,0.7457457457457326,-0.0018,10092.1,0.1552,0.7194,0.492,1698.9
719,0.0,-0.1036,10092.1,0.1552,0.7196,0.492,1699.4
720,0.0,0.0,10092.1,0.1552,0.7198,0.492,1699.9
721,0.0,0.0,10092.1,0.1552,0.72,0.492,1700.4
722,0.0,0.0,10092.1,0.1552,0.7202,0.492,1700.9
723,0.0,0.0,10092.1,0.1552,0.7204,0.492,1701.4
724,0.0,0.0,10092.1,0.1552,0.7206,0.492,1701.9
725,0.0,0.0,10092.1,0.1552,0.7208,0.492,1702.4
726,0.0,0.2104,10092.1,0.1552,0.721,0.492,1702.9
727,1.5149073327960547,0.7649,10092.6,0.2349,0.7214,0.7445,1703.6
728,5.507042253521121,1.1163,10094.1,0.3995,0.7219,1.2663,1704.9
729,9.5520504731865,1.4401,10096.7,0.5617,0.7227,1.7806,1706.7
730,15.876075731497515,1.4928,10101.1,0.8383,0.7238,2.6574,1709.3
731,20.300118623962103,1.3028,10106.8,0.9922,0.7251,3.1452,1712.5
732,25.25654450261792,1.2859,10113.8,1.0872,0.7266,3.4463,1715.9
733,29.55861165684344,1.0523,10122.0,1.0733,0.728,3.4023,1719.3
734,32.83300589390949,1.1698,10131.1,1.2643,0.7297,4.0079,1723.3
735,37.98118279569876,1.5341,10141.7,1.7278,0.732,5.4771,1728.8
736,43.878504672897314,1.3223,10153.9,1.7975,0.7344,5.698,1734.5
737,47.50188964474678,0.7126,10167.1,1.3181,0.7362,4.1783,1738.7
738,49.009554140127406,0.3369,10180.7,0.9792,0.7375,3.1039,1741.8
739,49.92748917748917,-0.0234,10194.5,0.6276,0.7384,1.9895,1743.8
740,48.84111111111108,-0.226,10208.1,0.0732,0.7385,0.232,1744.0
741,48.30000000000004,-0.0416,10221.5,0.6016,0.7393,1.9071,1745.9
742,48.54131355932202,0.0022,10235.0,0.6456,0.7401,2.0466,1747.9
743,48.31589147286824,0.0584,10248.4,0.6992,0.7411,2.2163,1750.2
744,48.961886304909584,0.095,10262.0,0.7396,0.7421,2.3446,1752.5
745,49.0,-0.0016,10275.6,0.6444,0.7429,2.0427,1754.5
746,48.95045632333767,-0.1057,10289.2,0.5413,0.7437,1.716,1756.3
747,48.23918799646953,0.0069,10302.6,0.6485,0.7445,2.0558,1758.3
748,49.0,0.1057,10316.3,0.7505,0.7455,2.379,1760.7
749,49.0,-0.0486,10329.9,0.5979,0.7463,1.8954,1762.6
750,48.64979919678712,-0.1389,10343.4,0.5077,0.747,1.6095,1764.2
751,48.0,-0.0902,10356.7,0.5532,0.7478,1.7535,1766.0
752,48.0,0.0,10370.0,0.6405,0.7486,2.0304,1768.0
753,48.0,0.0362,10383.4,0.6756,0.7495,2.1416,1770.1
754,48.260542168674704,0.1389,10396.8,0.7772,0.7506,2.4636,1772.6
755,49.0,0.1027,10410.4,0.7475,0.7516,2.3696,1775.0
756,49.0,0.0,10424.0,0.646,0.7524,2.0478,1777.0
757,49.0,0.0,10437.6,0.646,0.7533,2.0478,1779.1
758,49.0,-0.0419,10451.2,0.6046,0.7541,1.9164,1781.0
759,48.69844357976656,-0.0962,10464.8,0.5498,0.7549,1.7429,1782.7
760,48.3071895424837,0.0047,10478.2,0.6468,0.7557,2.0502,1784.8
761,48.731958762886585,-0.0417,10491.7,0.6035,0.7565,1.9131,1786.7
762,48.00705052878963,0.0654,10505.0,0.7039,0.7575,2.2314,1788.9
763,49.20287958115179,0.2214,10518.7,0.8669,0.7586,2.748,1791.7
764,49.60102040816331,-0.0674,10532.5,0.5819,0.7594,1.8446,1793.5
765,48.7177197802198,-0.2181,10546.0,0.0732,0.7595,0.232,1793.7
766,48.03090659340657,0.0,10559.4,0.6407,0.7604,2.031,1795.8
767,48.71773220747887,-0.0043,10572.9,0.6402,0.7612,2.0294,1797.8
768,48.0,-0.0997,10586.2,0.544,0.762,1.7244,1799.5
769,48.0,-0.1389,10599.6,0.506,0.7627,1.604,1801.1
770,47.0,-0.0869,10612.6,0.5528,0.7634,1.7524,1802.9
771,47.374161073825526,0.1389,10625.8,0.7699,0.7644,2.4407,1805.3
772,48.0,0.0869,10639.1,0.7247,0.7654,2.2972,1807.6
773,48.0,0.1788,10652.5,0.8137,0.7665,2.5793,1810.2
774,49.28770949720673,0.2239,10666.1,0.8702,0.7677,2.7586,1813.0
775,49.61234177215189,-0.001,10679.9,0.6484,0.7685,2.0554,1815.0
776,49.280397022332494,0.0089,10693.6,0.6564,0.7694,2.0807,1817.1
777,49.67642526964564,-0.0389,10707.4,0.6108,0.7702,1.9361,1819.0
778,49.0,-0.0939,10721.0,0.5532,0.771,1.7535,1820.8
779,49.0,0.0931,10734.6,0.738,0.772,2.3395,1823.1
780,49.67067927772998,0.2424,10748.4,0.8926,0.7732,2.8296,1825.9
781,50.74523007856343,-0.0065,10762.5,0.6826,0.7741,2.1639,1828.1
782,49.62374020156775,-0.2424,10776.3,0.0732,0.7742,0.232,1828.3
783,49.0,-0.0866,10789.9,0.5604,0.7749,1.7764,1830.1
784,49.0,0.0295,10803.5,0.6751,0.7758,2.1402,1832.3
785,49.21244925575106,0.0496,10817.2,0.6964,0.7768,2.2076,1834.5
786,49.35741737125289,-0.1341,10830.9,0.5144,0.7775,1.6307,1836.1
787,48.2468354430379,0.0892,10844.3,0.7287,0.7784,2.3099,1838.4
788,50.0,0.2176,10858.2,0.9045,0.7797,2.8673,1841.3
789,49.81324278438028,-0.1321,10872.0,0.5178,0.7804,1.6413,1842.9
790,49.04889406286383,0.0259,10885.7,0.6719,0.7813,2.1299,1845.0
791,50.0,0.1321,10899.6,0.8183,0.7824,2.5939,1847.6
792,50.0,0.0,10913.4,0.685,0.7833,2.1714,1849.8
793,50.0,0.0,10927.3,0.685,0.7842,2.1714,1852.0
794,50.0,0.0,10941.2,0.685,0.7851,2.1714,1854.2
795,50.0,0.0,10955.1,0.685,0.786,2.1714,1856.3
796,50.0,0.0,10969.0,0.685,0.7869,2.1714,1858.5
797,50.0,0.0,10982.9,0.685,0.7879,2.1714,1860.7
798,50.0,-0.0085,10996.8,0.6764,0.7888,2.1443,1862.8
799,49.9385080645161,-0.1268,11010.6,0.5235,0.7895,1.6594,1864.5
800,49.08679245283015,0.0459,11024.3,0.6919,0.7904,2.1934,1866.7
801,50.26915520628683,0.302,11038.2,0.9928,0.7917,3.1472,1869.8
802,51.26095820591231,0.1597,11052.5,0.8574,0.7929,2.718,1872.5
803,51.41921858500533,-0.097,11066.8,0.5926,0.7937,1.8784,1874.4
804,50.562607204116624,0.0807,11080.8,0.7705,0.7947,2.4426,1876.9
805,52.0,0.1996,11095.3,0.906,0.7959,2.8721,1879.7
806,52.0,-0.046,11109.7,0.6484,0.7968,2.0553,1881.8
807,51.66850828729277,-0.2653,11124.1,0.0782,0.7969,0.2479,1882.0
808,50.08997632202054,-0.2317,11138.0,0.0782,0.797,0.2479,1882.3
809,50.0,0.0168,11151.9,0.7019,0.798,2.2252,1884.5
810,50.21107784431141,0.1333,11165.8,0.8212,0.7991,2.6033,1887.1
811,50.959580838323376,0.2485,11180.0,0.946,0.8003,2.9988,1890.1
812,52.0,0.1037,11194.4,0.8054,0.8014,2.5532,1892.7
813,51.70651340996167,-0.1277,11208.8,0.5617,0.8022,1.7805,1894.4
814,51.08057851239667,0.011,11223.0,0.7025,0.8031,2.2271,1896.7
815,51.7853658536585,-0.1318,11237.3,0.5577,0.8039,1.7678,1898.4
816,50.13157894736846,-0.1091,11251.3,0.5754,0.8046,1.824,1900.3
817,51.0,0.16,11265.4,0.8554,0.8058,2.7115,1903.0
818,51.28376844494893,0.1389,11279.7,0.8361,0.8069,2.6505,1905.6
819,52.0,0.0541,11294.1,0.7534,0.8079,2.3882,1908.0
820,51.673469387755055,-0.1389,11308.5,0.5499,0.8087,1.7431,1909.7
821,51.0,-0.0935,11322.6,0.5945,0.8094,1.8847,1911.6
822,51.0,0.0281,11336.8,0.7197,0.8104,2.2813,1913.9
823,51.202175883952826,0.1389,11351.0,0.8354,0.8115,2.6482,1916.6
824,52.0,0.1108,11365.5,0.8129,0.8126,2.5768,1919.1
825,52.0,0.0,11379.9,0.6966,0.8136,2.2083,1921.3
826,52.0,0.0,11394.4,0.6966,0.8145,2.2083,1923.6
827,52.0,0.0281,11408.8,0.7261,0.8155,2.3018,1925.9
828,52.20234375000002,0.1366,11423.3,0.8417,0.8166,2.6682,1928.5
829,52.98359375000003,0.0573,11438.0,0.7638,0.8176,2.4213,1930.9
830,52.61506849315066,0.1391,11452.6,0.848,0.8188,2.6881,1933.6
831,53.98493150684936,0.3731,11467.6,1.1151,0.8203,3.535,1937.2
832,55.30134932533735,0.2799,11483.0,1.0699,0.8217,3.3916,1940.6
833,56.0,0.211,11498.6,1.0006,0.823,3.1718,1943.7
834,56.820344544708746,0.3072,11514.3,1.1198,0.8245,3.5498,1947.3
835,58.21191553544492,0.298,11530.5,1.1271,0.8261,3.573,1950.9
836,58.96606334841632,0.2944,11546.9,1.1327,0.8276,3.5906,1954.4
837,60.33140655105978,0.3307,11563.7,1.2334,0.8292,3.91,1958.4
838,61.34693877551023,0.189,11580.7,1.0723,0.8307,3.3993,1961.8
839,61.6925308194344,-0.0178,11597.8,0.8189,0.8318,2.5958,1964.4
840,61.21844660194157,0.3205,11614.8,1.2333,0.8334,3.9096,1968.3
841,64.0,0.4106,11632.6,1.3871,0.8353,4.3972,1972.7
842,64.1750788643533,0.2485,11650.4,1.1821,0.8369,3.7471,1976.4
843,65.78908188585608,0.3924,11668.7,1.3493,0.8387,4.2773,1980.7
844,67.0,0.2118,11687.3,1.127,0.8402,3.5726,1984.3
845,67.31407942238262,0.192,11706.0,1.1042,0.8417,3.5002,1987.8
846,68.38222222222218,0.2714,11725.0,1.2271,0.8433,3.89,1991.6
847,69.26848591549292,0.2466,11744.3,1.2052,0.8449,3.8205,1995.5
848,70.15764925373132,0.2747,11763.7,1.2702,0.8467,4.0265,1999.5
849,71.24650571791608,0.4458,11783.5,1.5279,0.8487,4.8433,2004.3
850,73.36773428232499,0.3824,11803.9,1.4744,0.8507,4.6737,2009.0
851,74.0,0.2229,11824.5,1.2512,0.8524,3.9662,2013.0
852,74.97237569060765,0.3733,11845.3,1.4888,0.8544,4.7194,2017.7
853,76.68742655699182,0.1859,11866.6,1.2621,0.8561,4.001,2021.7
854,76.31086142322097,0.0301,11887.8,1.0169,0.8574,3.2236,2024.9
855,76.9038461538461,0.0459,11909.2,1.048,0.8588,3.3222,2028.2
856,76.6413793103449,0.3096,11930.5,1.4497,0.8608,4.5956,2032.8
857,79.13313161875942,0.5534,11952.4,1.8742,0.8633,5.9412,2038.8
858,80.62609970674488,0.4147,11974.8,1.7031,0.8656,5.3987,2044.2
859,82.11875589066915,0.469,11997.6,1.8293,0.868,5.799,2050.0
860,84.00291970802913,0.3624,12021.0,1.7022,0.8703,5.3959,2055.4
861,84.72813036020584,0.038,12044.5,1.1727,0.8719,3.7175,2059.1
862,84.27655677655669,0.2026,12067.9,1.4418,0.8738,4.5706,2063.7
863,86.18670886075941,0.5171,12091.9,2.0216,0.8765,6.4085,2070.1
864,88.0,0.1896,12116.3,1.502,0.8786,4.7613,2074.8
865,87.55169172932332,-0.0188,12140.6,1.1266,0.8801,3.5714,2078.4
866,87.86492146596858,0.2641,12165.0,1.6288,0.8823,5.1634,2083.6
867,89.4530168150346,0.1859,12189.9,1.5283,0.8843,4.8448,2088.4
868,89.2032085561497,-0.1039,12214.7,1.0042,0.8856,3.1834,2091.6
869,88.70498915401309,0.0341,12239.3,1.2427,0.8873,3.9394,2095.5
870,89.44870041039668,-0.0867,12264.1,1.0395,0.8887,3.2952,2098.8
871,88.08071135430913,-0.0623,12288.6,1.0591,0.8901,3.3574,2102.2
872,89.0,0.0872,12313.3,1.3438,0.8919,4.2598,2106.4
873,88.70837988826818,-0.0926,12338.0,1.016,0.8933,3.2208,2109.7
874,88.33333333333333,0.0405,12362.5,1.2468,0.895,3.9523,2113.6
875,89.0,0.0691,12387.2,1.3114,0.8967,4.1572,2117.8
876,88.83049403747874,-0.1301,12411.9,0.9509,0.898,3.0144,2120.8
877,88.06345177664969,0.128,12436.4,1.3958,0.8999,4.4247,2125.2
878,89.751832460733,0.1301,12461.3,1.4358,0.9018,4.5514,2129.8
879,89.0,-0.1663,12486.0,0.8887,0.903,2.8172,2132.6
880,88.55449330783941,-0.1389,12510.6,0.9307,0.9043,2.9502,2135.5
881,88.0,-0.1009,12535.1,0.9892,0.9056,3.1356,2138.7
882,87.82783357245337,-0.0936,12559.5,0.9992,0.9069,3.1674,2141.8
883,87.32638888888887,0.009,12583.7,1.1715,0.9085,3.7136,2145.6
884,87.89237288135597,-0.0391,12608.1,1.0969,0.91,3.4773,2149.0
885,87.04491525423728,0.1538,12632.3,1.4189,0.9119,4.4978,2153.5
886,89.0,0.2343,12657.0,1.6035,0.914,5.0831,2158.6
887,88.73157894736843,-0.1427,12681.7,0.9267,0.9153,2.9378,2161.5
888,87.97264437689965,-0.2462,12706.1,0.7308,0.9163,2.3166,2163.9
889,86.95922528032624,-0.251,12730.3,0.7084,0.9172,2.2456,2166.1
890,86.1652661064425,0.2788,12754.2,1.6137,0.9194,5.1154,2171.2
891,88.966386554622,0.0976,12778.9,1.3614,0.9212,4.3158,2175.5
892,86.86800573888094,-0.3572,12803.1,0.0979,0.9213,0.3103,2175.9
893,86.3942115768463,0.0947,12827.1,1.3033,0.9231,4.1315,2180.0
894,87.5500349895032,0.3549,12851.4,1.779,0.9255,5.6394,2185.6
895,88.94961511546543,-0.0513,12876.1,1.0943,0.9269,3.4689,2189.1
896,87.18061674008817,-0.0906,12900.3,0.9935,0.9283,3.1495,2192.2
897,88.29724277067923,0.2485,12924.8,1.6118,0.9304,5.1096,2197.3
898,88.96973772696707,-0.0413,12949.5,1.1126,0.9319,3.527,2200.9
899,88.0,-0.1791,12974.0,0.8503,0.9331,2.6955,2203.6
900,87.68018433179726,-0.1,12998.3,0.9854,0.9344,3.1236,2206.7
901,87.28021390374327,-0.0009,13022.6,1.1532,0.9359,3.6555,2210.4
902,87.67397806580261,-0.0389,13046.9,1.0933,0.9374,3.4659,2213.8
903,87.0,-0.0273,13071.1,1.1016,0.9389,3.492,2217.3
904,87.47708333333334,0.1389,13095.4,1.4023,0.9408,4.4453,2221.8
905,88.0,0.0972,13119.8,1.3407,0.9426,4.25,2226.0
906,88.17693169092946,0.1389,13144.3,1.4173,0.9445,4.4928,2230.5
907,89.0,0.1143,13169.1,1.3916,0.9463,4.4115,2234.9
908,89.0,0.1389,13193.8,1.4351,0.9483,4.5491,2239.5
909,90.0,0.096,13218.8,1.3803,0.9501,4.3755,2243.8
910,89.69116497263488,-0.122,13243.7,0.9799,0.9514,3.1062,2246.9
911,89.12184873949579,0.0169,13268.5,1.2201,0.9531,3.8676,2250.8
912,89.81278538812786,0.0214,13293.4,1.2418,0.9547,3.9364,2254.7
913,89.27559808612442,-0.0508,13318.2,1.1011,0.9562,3.4906,2258.2
914,89.4470989761091,-0.1772,13343.0,0.8761,0.9574,2.7774,2261.0
915,88.0,-0.1641,13367.5,0.8769,0.9586,2.7799,2263.8
916,88.26535836177477,0.1802,13392.0,1.4915,0.9606,4.7281,2268.5
917,89.2976445396146,0.3798,13416.8,1.8683,0.9631,5.9224,2274.4
918,91.0,0.2,13442.1,1.5893,0.9652,5.0379,2279.5
919,90.73747016706444,-0.1389,13467.3,0.9667,0.9665,3.0646,2282.5
920,90.0,-0.1225,13492.3,0.9842,0.9678,3.1199,2285.7
921,89.85539714867613,-0.1014,13517.3,1.02,0.9692,3.2334,2288.9
922,89.2695871946082,0.1527,13542.1,1.4654,0.9712,4.6452,2293.5
923,90.95450716090978,0.0729,13567.3,1.3589,0.973,4.3076,2297.9
924,89.7943201376936,-0.2616,13592.3,0.7287,0.974,2.31,2300.2
925,89.07123034227567,0.0281,13617.0,1.2392,0.9756,3.9282,2304.1
926,89.99629972247916,0.0778,13642.0,1.3477,0.9774,4.2723,2308.4
927,89.63130792996915,-0.2135,13666.9,0.8134,0.9785,2.5785,2310.9
928,88.45916114790283,0.0512,13691.5,1.2684,0.9802,4.0208,2315.0
929,90.0,0.169,13716.5,1.5106,0.9823,4.7887,2319.7
930,89.67629482071709,-0.0176,13741.4,1.1685,0.9838,3.7042,2323.5
931,89.87307343608343,0.2901,13766.3,1.7237,0.9861,5.464,2328.9
932,91.76483279395904,0.1078,13791.8,1.4394,0.9881,4.5629,2333.5
933,90.6493975903614,-0.1894,13817.0,0.8729,0.9892,2.7671,2336.2
934,90.4008695652174,0.0487,13842.1,1.3032,0.991,4.1313,2340.4
935,91.0,0.0832,13867.4,1.3784,0.9928,4.3696,2344.7
936,91.0,0.0,13892.7,1.2262,0.9945,3.887,2348.6
937,91.0,0.0,13918.0,1.2262,0.9961,3.887,2352.5
938,91.0,0.0,13943.2,1.2262,0.9978,3.887,2356.4
939,91.0,0.003,13968.5,1.2317,0.9994,3.9044,2360.3
940,91.02182163187858,0.1348,13993.8,1.472,1.0014,4.6664,2365.0
941,91.97058823529416,0.0141,14019.4,1.2716,1.0031,4.0309,2369.0
942,91.12334801762108,0.0041,14044.7,1.2361,1.0048,3.9186,2372.9
943,92.0,0.1218,14070.2,1.4701,1.0067,4.6602,2377.6
944,92.0,0.0,14095.8,1.246,1.0084,3.9498,2381.5
945,92.0,0.0,14121.3,1.246,1.0101,3.9498,2385.5
946,92.0,-0.0002,14146.9,1.2456,1.0118,3.9486,2389.4
947,91.99891774891778,-0.1089,14172.4,1.0438,1.0132,3.309,2392.7
948,91.21568627450982,0.3963,14197.8,1.9495,1.0158,6.1799,2398.9
949,94.85204081632672,1.2137,14224.1,3.5888,1.0206,11.3764,2410.3
950,99.954081632653,1.5355,14251.9,4.4576,1.0266,14.1306,2424.4
951,105.90756302520973,1.8259,14281.3,5.3844,1.0338,17.0684,2441.5
952,113.10021321961626,1.6166,14312.7,5.353,1.041,16.9689,2458.5
953,117.5470737913487,0.9895,14345.4,4.1514,1.0466,13.1599,2471.6
954,120.22429149797574,0.4796,14378.8,3.0621,1.0507,9.7069,2481.3
955,121.0,0.1077,14412.4,2.1988,1.0536,6.9702,2488.3
956,121.0,0.0186,14446.0,1.9849,1.0563,6.2922,2494.6
957,121.13371266002852,-0.0299,14479.6,1.8722,1.0588,5.935,2500.5
958,120.78445595854924,-0.3545,14513.2,1.0774,1.0603,3.4153,2503.9
959,118.58112094395278,-0.2591,14546.1,1.2589,1.0619,3.9906,2507.9
960,118.91910112359548,0.336,14579.2,2.6744,1.0655,8.478,2516.4
961,121.0,0.289,14612.8,2.634,1.0691,8.3497,2524.8
962,121.0,-0.0005,14646.4,1.9391,1.0717,6.1469,2530.9
963,120.99616858237556,-0.2666,14680.0,1.2965,1.0734,4.1101,2535.0
964,119.080459770115,-0.2772,14713.1,1.2268,1.0751,3.8889,2538.9
965,119.0,-0.0112,14746.1,1.8576,1.0776,5.8887,2544.8
966,119.0,0.0354,14779.2,1.9676,1.0802,6.2374,2551.0
967,119.25463994060874,0.1385,14812.3,2.2188,1.0832,7.0336,2558.1
968,119.99703043801038,0.0111,14845.6,1.9383,1.0858,6.1445,2564.2
969,119.3344509639564,0.0302,14878.8,1.9649,1.0884,6.2286,2570.4
970,120.2148070907195,0.2313,14912.2,2.4696,1.0917,7.8287,2578.3
971,121.0,0.1453,14945.8,2.289,1.0948,7.2563,2585.5
972,121.26100628930816,0.0382,14979.5,2.0396,1.0975,6.4655,2592.0
973,121.27516778523544,-1.4964,15013.2,0.1272,1.0977,0.4034,2592.4
974,110.48670212765924,-2.6487,15043.9,0.118,1.0979,0.3742,2592.8
975,102.20438957475992,-2.0471,15072.3,0.111,1.098,0.3518,2593.1
976,95.74749316317236,-1.1938,15098.8,0.1055,1.0982,0.3343,2593.5
977,93.6088840736728,-0.4784,15124.9,0.1036,1.0983,0.3285,2593.8
978,92.30310262529832,-0.3382,15150.5,0.1025,1.0984,0.325,2594.1
979,91.17353787152447,-0.072,15175.8,1.0972,1.0999,3.478,2597.6
980,91.78437499999994,-0.0794,15201.3,1.0947,1.1014,3.4701,2601.1
981,90.6019184652278,-0.2087,15226.5,0.8369,1.1025,2.6529,2603.7
982,90.2819634703196,0.0553,15251.6,1.3128,1.1043,4.1617,2607.9
983,91.0,0.0997,15276.8,1.4082,1.1062,4.464,2612.3
984,91.0,-0.035,15302.1,1.1619,1.1077,3.6833,2616.0
985,90.7482993197279,-0.1389,15327.3,0.9669,1.109,3.0651,2619.1
986,90.0,-0.0507,15352.3,1.1146,1.1105,3.5332,2622.6
987,90.38335287221572,0.0934,15377.4,1.3837,1.1124,4.3864,2627.0
988,90.67265193370164,-0.0532,15402.6,1.1224,1.1139,3.5581,2630.6
989,90.0,-0.139,15427.6,0.9542,1.1151,3.0249,2633.6
990,89.67156862745095,-0.1894,15452.5,0.8576,1.1163,2.7186,2636.3
991,88.63607085346214,-0.1962,15477.1,0.8295,1.1174,2.6296,2638.9
992,88.25925925925928,0.0121,15501.7,1.1947,1.119,3.7874,2642.7
993,88.72337482710928,-0.0316,15526.3,1.1255,1.1205,3.5677,2646.3
994,88.03181189488247,0.0384,15550.8,1.2371,1.1222,3.9216,2650.2
995,89.0,0.1345,15575.5,1.4273,1.1241,4.5245,2654.7
996,89.0,0.0,15600.2,1.1873,1.1257,3.7638,2658.5
997,89.0,-0.0111,15624.9,1.1674,1.1273,3.7007,2662.2
998,88.9203007518797,-0.0834,15649.6,1.0362,1.1287,3.2847,2665.5
999,88.39958805355307,0.0111,15674.2,1.1957,1.1303,3.7903,2669.3
1000,89.0,0.0114,15698.9,1.2078,1.1319,3.8287,2673.1
1001,88.48178980228924,-0.1581,15723.5,0.8952,1.1331,2.8378,2675.9
1002,87.86141575274178,0.1424,15747.9,1.4166,1.135,4.4907,2680.4
1003,89.50692041522494,0.0026,15772.8,1.2018,1.1366,3.8096,2684.2
1004,87.88044485634846,-0.3482,15797.2,0.0987,1.1367,0.313,2684.6
1005,87.0,-0.1223,15821.3,0.9348,1.138,2.9635,2687.5
1006,87.0,0.0,15845.5,1.1495,1.1395,3.6439,2691.2
1007,87.0,-0.0683,15869.7,1.0296,1.1409,3.2639,2694.4
1008,86.50830039525685,-0.2615,15893.7,0.684,1.1418,2.1682,2696.6
1009,85.11734693877563,0.0683,15917.3,1.2321,1.1435,3.9058,2700.5
1010,87.0,0.2881,15941.5,1.6497,1.1457,5.2294,2705.7
1011,87.19174942704353,0.1327,15965.7,1.3855,1.1476,4.3921,2710.1
1012,87.95569136745608,0.0894,15990.2,1.3261,1.1493,4.2037,2714.3
1013,87.83548387096778,-0.1327,16014.6,0.93,1.1506,2.9482,2717.3
1014,87.0,-0.1014,16038.7,0.9715,1.1519,3.0797,2720.4
1015,87.10530896431678,0.1355,16062.9,1.3885,1.1538,4.4016,2724.8
1016,87.97563098346386,0.1895,16087.4,1.5013,1.1558,4.759,2729.5
1017,88.46990496304123,0.1423,16111.9,1.4296,1.1577,4.5317,2734.1
1018,89.0,0.0618,16136.7,1.2983,1.1594,4.1156,2738.2
1019,88.91459074733095,-0.1389,16161.4,0.9365,1.1607,2.9688,2741.1
1020,88.0,-0.158,16185.8,0.8878,1.1619,2.8143,2744.0
1021,87.7772600186393,-0.1389,16210.2,0.9181,1.1631,2.9104,2746.9
1022,87.0,-0.108,16234.3,0.9599,1.1644,3.043,2749.9
1023,87.0,0.0619,16258.5,1.2582,1.1661,3.9884,2753.9
1024,87.44534050179213,0.1389,16282.8,1.4016,1.168,4.4432,2758.3
1025,88.0,0.077,16307.2,1.305,1.1697,4.1368,2762.5
1026,88.0,0.0,16331.7,1.1683,1.1713,3.7035,2766.2
1027,88.0,-0.0456,16356.1,1.0873,1.1727,3.4468,2769.6
1028,87.67198723064644,-0.1185,16380.5,0.9525,1.174,3.0194,2772.6
1029,87.1471135940409,0.0269,16404.7,1.1996,1.1756,3.8026,2776.4
1030,87.86538461538453,-0.0204,16429.1,1.1296,1.1772,3.5808,2780.0
1031,87.0,-0.1529,16453.3,0.8811,1.1783,2.7932,2782.8
1032,86.7647058823529,-0.1389,16477.4,0.902,1.1795,2.8593,2785.7
1033,86.0,0.0156,16501.3,1.158,1.1811,3.671,2789.3
1034,86.87695312500004,0.2778,16525.4,1.6289,1.1833,5.1638,2794.5
1035,88.0,0.156,16549.8,1.4433,1.1852,4.5754,2799.1
1036,88.0,0.0283,16574.3,1.2185,1.1869,3.8628,2803.0
1037,88.2036874451273,0.1389,16598.8,1.4179,1.1888,4.4946,2807.4
1038,89.0,0.1106,16623.5,1.3851,1.1906,4.3908,2811.8
1039,89.0,0.0578,16648.2,1.2911,1.1924,4.0928,2815.9
1040,89.41619585687387,0.056,16673.1,1.2964,1.1941,4.1094,2820.0
1041,89.40298507462676,-0.1967,16697.9,0.8403,1.1952,2.6637,2822.7
1042,88.0,-0.1949,16722.3,0.8223,1.1963,2.6066,2825.3
1043,88.0,0.0215,16746.8,1.2065,1.1979,3.8245,2829.1
1044,88.15474060822899,0.1626,16771.3,1.4583,1.1999,4.6227,2833.8
1045,89.17107309486799,0.2739,16796.0,1.6776,1.2022,5.3179,2839.1
1046,90.12711864406768,0.0635,16821.1,1.3246,1.2039,4.1988,2843.3
1047,89.6286098052385,0.1173,16846.0,1.4103,1.2058,4.4708,2847.7
1048,90.971793149765,0.0516,16871.2,1.3203,1.2076,4.1854,2851.9
1049,90.0,-0.0914,16896.2,1.0407,1.209,3.2989,2855.2
1050,90.3140604467806,0.0754,16921.3,1.35,1.2108,4.2796,2859.5
1051,90.54258373205738,-0.0871,16946.5,1.0581,1.2122,3.3541,2862.9
1052,89.68691250903834,-0.2142,16971.4,0.813,1.2133,2.5771,2865.4
1053,89.0,-0.0674,16996.1,1.0663,1.2148,3.3802,2868.8
1054,89.20194986072418,0.1389,17020.9,1.4394,1.2167,4.563,2873.4
1055,90.0,0.0833,17045.9,1.3576,1.2185,4.3036,2877.7
1056,89.80157480314963,-0.1369,17070.8,0.9547,1.2198,3.0265,2880.7
1057,89.01417322834648,-0.0426,17095.6,1.1111,1.2213,3.5222,2884.2
1058,89.49470899470882,0.2313,17120.4,1.6099,1.2234,5.1033,2889.3
1059,90.67931547619044,0.0702,17145.6,1.3483,1.2252,4.274,2893.6
1060,90.0,-0.0677,17170.6,1.0837,1.2267,3.4353,2897.0
1061,90.19206939281284,0.1006,17195.7,1.3926,1.2286,4.4145,2901.5
1062,90.72402854877085,0.004,17220.9,1.2281,1.2302,3.893,2905.4
1063,90.2205323193916,0.1335,17245.9,1.4521,1.2322,4.603,2910.0
1064,91.68532206969373,0.1083,17271.4,1.4386,1.2341,4.5603,2914.5
1065,91.0,-0.0952,17296.7,1.0514,1.2355,3.3329,2917.9
1066,91.0,0.0,17322.0,1.2262,1.2372,3.887,2921.7
1067,91.0,0.0488,17347.2,1.3158,1.2389,4.171,2925.9
1068,91.35100821508593,0.1666,17372.6,1.537,1.241,4.8722,2930.8
1069,92.1996951219513,0.2878,17398.2,1.7781,1.2434,5.6366,2936.4
1070,93.42335115864526,0.1692,17424.2,1.5897,1.2455,5.0393,2941.5
1071,93.4179719703214,-0.1785,17450.1,0.9381,1.2468,2.9738,2944.4
1072,92.1382033563673,-0.0759,17475.7,1.1077,1.2483,3.5113,2947.9
1073,92.871327254306,-0.0006,17501.5,1.2623,1.2499,4.0016,2951.9
1074,92.13358778625964,0.0065,17527.1,1.2607,1.2516,3.9965,2955.9
1075,92.9183673469387,-0.0142,17552.9,1.2378,1.2533,3.9238,2959.9
1076,92.03105590062118,-0.0198,17578.5,1.2098,1.2549,3.8352,2963.7
1077,92.7757153905646,-0.004,17604.3,1.2541,1.2566,3.9753,2967.7
1078,92.0023201856148,-0.1077,17629.8,1.0461,1.258,3.3162,2971.0
1079,92.0,0.1112,17655.4,1.4507,1.26,4.5988,2975.6
1080,92.80267295597486,0.0023,17681.1,1.2664,1.2617,4.0145,2979.6
1081,92.01650943396224,0.1627,17706.7,1.5451,1.2637,4.898,2984.5
1082,93.9737903225808,0.0899,17732.8,1.4548,1.2657,4.6117,2989.1
1083,92.6640845070422,-0.2847,17758.5,0.727,1.2667,2.3047,2991.4
1084,91.92389853137514,-0.2311,17784.1,0.8159,1.2678,2.5863,2994.0
1085,91.0,-0.0847,17809.4,1.0707,1.2692,3.394,2997.4
1086,91.31373844121528,0.1353,17834.7,1.4794,1.2712,4.6897,3002.1
1087,91.97424042272128,0.0953,17860.3,1.4212,1.2731,4.5051,3006.6
1088,92.0,0.0348,17885.8,1.3106,1.2748,4.1545,3010.7
1089,92.22491349480988,0.2255,17911.4,1.6648,1.2771,5.2774,3016.0
1090,93.62364760432764,0.1077,17937.5,1.4802,1.2791,4.6921,3020.7
1091,93.0,-0.0866,17963.3,1.1036,1.2806,3.4983,3024.2
1092,93.0,0.0,17989.1,1.2661,1.2823,4.0134,3028.2
1093,93.0,-0.0636,18015.0,1.1467,1.2838,3.6351,3031.9
1094,92.54220456802383,-0.1389,18040.7,0.9975,1.2851,3.1621,3035.0
1095,92.0,-0.0753,18066.2,1.1062,1.2866,3.5067,3038.5
1096,92.0,-0.041,18091.8,1.1699,1.2882,3.7085,3042.2
1097,91.70449438202252,-0.0504,18117.2,1.1469,1.2897,3.6355,3045.9
1098,91.6370623398805,0.1562,18142.7,1.5246,1.2918,4.833,3050.7
1099,92.82924767540152,0.0504,18168.5,1.357,1.2936,4.3017,3055.0
1100,92.0,-0.1503,18194.0,0.967,1.2949,3.0654,3058.1
1101,91.74678111587984,-0.1345,18219.5,0.992,1.2962,3.1446,3061.2
1102,91.03147353361952,-0.2426,18244.8,0.7812,1.2973,2.4765,3063.7
1103,90.0,-0.3347,18269.8,0.1005,1.2974,0.3187,3064.0
1104,88.62185686653783,-0.4167,18294.4,0.0994,1.2975,0.315,3064.3
1105,87.0,-0.2806,18318.6,0.657,1.2984,2.0827,3066.4
1106,86.60132340777507,-0.2119,18342.6,0.7719,1.2995,2.4468,3068.9
1107,85.47398843930654,-0.3613,18366.4,0.0967,1.2996,0.3065,3069.2
1108,84.0,-0.3269,18389.7,0.0954,1.2997,0.3025,3069.5
1109,83.12048192771073,-0.3383,18412.8,0.0947,1.2998,0.3001,3069.8
1110,81.56410256410251,-0.2443,18435.5,0.6497,1.3007,2.0595,3071.8
1111,81.36179205409977,0.0251,18458.1,1.0894,1.3022,3.4534,3075.3
1112,81.74479166666673,-0.1114,18480.8,0.8711,1.3033,2.7615,3078.0
1113,80.55984555984546,-0.3791,18503.2,0.0925,1.3035,0.2932,3078.3
1114,79.015444015444,-0.4609,18525.1,0.0899,1.3036,0.2849,3078.6
1115,77.24149659863956,-0.462,18546.6,0.0899,1.3037,0.2849,3078.9
1116,75.6889400921659,-0.3497,18567.6,0.0899,1.3038,0.2849,3079.2
1117,74.72352132049515,-0.2296,18588.3,0.5796,1.3046,1.8375,3081.0
1118,74.03576341127916,-0.2394,18608.9,0.5707,1.3054,1.8091,3082.8
1119,73.0,-0.1439,18629.2,0.6967,1.3063,2.2087,3085.0
1120,73.0,-0.0162,18649.5,0.8848,1.3075,2.8049,3087.9
1121,72.8831488314883,-0.1857,18669.7,0.6345,1.3083,2.0113,3089.9
1122,71.66308243727607,-0.3738,18689.6,0.0856,1.3085,0.2714,3090.1
1123,70.19164396003636,-0.4531,18709.1,0.0856,1.3086,0.2714,3090.4
1124,68.40069686411148,-0.4433,18728.1,0.0836,1.3087,0.2651,3090.7
1125,67.0,-0.2465,18746.7,0.5575,1.3094,1.7673,3092.4
1126,66.62611012433388,-0.1834,18765.2,0.591,1.3102,1.8735,3094.3
1127,65.6793478260869,-0.3608,18783.5,0.0836,1.3103,0.2651,3094.6
1128,64.02849740932635,-0.486,18801.3,0.0901,1.3105,0.2855,3094.9
1129,62.18023255813959,-0.1457,18818.5,0.6619,1.3114,2.0983,3097.0
1130,62.979495268138926,-0.025,18836.0,0.8191,1.3125,2.5966,3099.6
1131,62.0,-0.1386,18853.3,0.67,1.3134,2.1238,3101.7
1132,61.98178137651819,-0.1513,18870.5,0.654,1.3142,2.0732,3103.8
1133,60.91044776119412,-0.4141,18887.4,0.0901,1.3144,0.2855,3104.0
1134,59.0,-0.2653,18903.8,0.0843,1.3145,0.2671,3104.3
1135,59.0,-0.0258,18920.2,0.752,1.3155,2.3837,3106.7
1136,58.8141592920354,-0.1389,18936.5,0.6166,1.3163,1.9545,3108.6
1137,58.0,-0.1131,18952.6,0.6433,1.3172,2.0394,3110.7
1138,58.0,-0.1005,18968.7,0.6581,1.318,2.0861,3112.8
1139,57.27638190954869,-1.3608,18984.6,0.0843,1.3182,0.2671,3113.0
1140,48.20195439739379,-2.1728,18998.0,0.0732,1.3183,0.232,3113.3
1141,41.632385120350094,-1.9835,19009.6,0.0759,1.3184,0.2406,3113.5
1142,33.9205983889526,-2.1175,19019.0,0.0611,1.3184,0.1938,3113.7
1143,26.386605783865544,-1.892,19026.3,0.0559,1.3185,0.1771,3113.9
1144,20.298325722983108,-1.5651,19032.0,0.0619,1.3186,0.1961,3114.1
1145,15.118069815194623,-1.6446,19036.2,0.3253,1.319,1.0312,3115.1
1146,8.457101658255016,-1.4168,19038.5,0.2639,1.3194,0.8367,3115.9
1147,4.91691995947326,-0.7827,19039.9,0.2083,1.3197,0.6604,3116.6
1148,2.821782178217532,-0.5933,19040.7,0.2083,1.32,0.6604,3117.3
1149,0.645007923930244,-0.3919,19040.9,0.1552,1.3202,0.492,3117.8
1150,0.0,-0.0896,19040.9,0.1552,1.3204,0.492,3118.3
1151,0.0,0.0,19040.9,0.1552,1.3206,0.492,3118.7
1152,0.0,0.0,19040.9,0.1552,1.3208,0.492,3119.2
1153,0.0,0.0,19040.9,0.1552,1.321,0.492,3119.7
1154,0.0,0.0,19040.9,0.1552,1.3212,0.492,3120.2
1155,0.0,0.0,19040.9,0.1552,1.3214,0.492,3120.7
1156,0.0,0.0,19040.9,0.1552,1.3216,0.492,3121.2
1157,0.0,0.0,19040.9,0.1552,1.3218,0.492,3121.7
1158,0.0,0.0,19040.9,0.1552,1.322,0.492,3122.2
1159,0.0,0.0,19040.9,0.1552,1.3222,0.492,3122.7
1160,0.0,0.0,19040.9,0.1552,1.3225,0.492,3123.2
1161,0.0,0.0,19040.9,0.1552,1.3227,0.492,3123.7
1162,0.0,0.0,19040.9,0.1552,1.3229,0.492,3124.2
1163,0.0,0.0473,19040.9,0.1552,1.3231,0.492,3124.6
1164,0.3405740884407157,0.109,19041.0,0.1552,1.3233,0.492,3125.1
1165,0.78479196556662,-0.0473,19041.2,0.1552,1.3235,0.492,3125.6
1166,0.0,-0.109,19041.2,0.1552,1.3237,0.492,3126.1
1167,0.0,0.0,19041.2,0.1552,1.3239,0.492,3126.6
1168,0.0,0.0,19041.2,0.1552,1.3241,0.492,3127.1
1169,0.0,0.0,19041.2,0.1552,1.3243,0.492,3127.6
1170,0.0,0.0,19041.2,0.1552,1.3245,0.492,3128.1
1171,0.0,0.0,19041.2,0.1552,1.3247,0.492,3128.6
1172,0.0,0.0,19041.2,0.1552,1.325,0.492,3129.1
1173,0.0,0.0,19041.2,0.1552,1.3252,0.492,3129.6
1174,0.0,0.0,19041.2,0.1552,1.3254,0.492,3130.1
1175,0.0,0.0,19041.2,0.1552,1.3256,0.492,3130.6
1176,0.0,0.0,19041.2,0.1552,1.3258,0.492,3131.0
1177,0.0,0.0,19041.2,0.1552,1.326,0.492,3131.5
1178,0.0,0.0,19041.2,0.1552,1.3262,0.492,3132.0
1179,0.0,0.0,19041.2,0.1552,1.3264,0.492,3132.5
1180,0.0,0.0,19041.2,0.1552,1.3266,0.492,3133.0
1181,0.0,0.0,19041.2,0.1552,1.3268,0.492,3133.5
1182,0.0,0.0,19041.2,0.1552,1.327,0.492,3134.0
1183,0.0,0.0,19041.2,0.1552,1.3272,0.492,3134.5
1184,0.0,0.0,19041.2,0.1552,1.3275,0.492,3135.0
1185,0.0,0.0,19041.2,0.1552,1.3277,0.492,3135.5
1186,0.0,0.0,19041.2,0.1552,1.3279,0.492,3136.0
1187,0.0,0.0,19041.2,0.1552,1.3281,0.492,3136.5
1188,0.0,0.0,19041.2,0.1552,1.3283,0.492,3136.9
1189,0.0,0.0,19041.2,0.1552,1.3285,0.492,3137.4
1190,0.0,0.0,19041.2,0.1552,1.3287,0.492,3137.9
1191,0.0,0.0,19041.2,0.1552,1.3289,0.492,3138.4
1192,0.0,0.0,19041.2,0.1552,1.3291,0.492,3138.9
1193,0.0,0.0,19041.2,0.1552,1.3293,0.492,3139.4
1194,0.0,0.0,19041.2,0.1552,1.3295,0.492,3139.9
1195,0.0,0.0,19041.2,0.1552,1.3297,0.492,3140.4
1196,0.0,0.0,19041.2,0.1552,1.33,0.492,3140.9
1197,0.0,0.1364,19041.2,0.1552,1.3302,0.492,3141.4
1198,0.9817384952521072,0.5422,19041.4,0.1552,1.3304,0.492,3141.9
1199,3.903579254930887,1.4365,19042.5,0.3296,1.3308,1.0448,3142.9
1200,11.324731182795684,1.4781,19045.7,0.6321,1.3317,2.0038,3144.9
1201,14.545602605863223,1.3301,19049.7,0.6922,1.3326,2.1942,3147.1
1202,20.90136411332628,1.4538,19055.5,1.0733,1.334,3.4022,3150.5
1203,25.01288244766512,1.1753,19062.5,1.025,1.3354,3.2493,3153.8
1204,29.363636363636363,1.3121,19070.6,1.2199,1.337,3.8671,3157.6
1205,34.4596491228069,1.3271,19080.2,1.4155,1.3389,4.4872,3162.1
1206,38.91855583543281,1.1968,19091.0,1.4998,1.341,4.7543,3166.9
1207,43.07692307692332,1.1597,19103.0,1.6337,1.3431,5.1789,3172.0
1208,47.26844106463882,1.2159,19116.1,1.7855,1.3455,5.66,3177.7
1209,51.83117870722418,1.3727,19130.5,2.1154,1.3484,6.7057,3184.4
1210,57.15165876777269,1.0348,19146.4,1.9508,1.351,6.1841,3190.6
1211,59.28205128205133,0.4405,19162.8,1.3102,1.3528,4.1534,3194.8
1212,60.32305433186493,0.2528,19179.6,1.1385,1.3543,3.6091,3198.4
1213,61.10222804718215,0.1872,19196.6,1.0674,1.3557,3.3835,3201.7
1214,61.67084639498431,0.0713,19213.7,0.9296,1.357,2.9467,3204.7
1215,61.615649183146935,0.1621,19230.8,1.0419,1.3584,3.303,3208.0
1216,62.83803986710968,0.0544,19248.3,0.9188,1.3596,2.9124,3210.9
1217,62.00747508305649,-0.1591,19265.5,0.6444,1.3605,2.0426,3213.0
1218,61.692686935086414,-0.272,19282.6,0.0901,1.3606,0.2855,3213.2
1219,60.04930156121607,0.0371,19299.3,0.8738,1.3618,2.7699,3216.0
1220,61.959595959596,0.216,19316.5,1.113,1.3633,3.5284,3219.5
1221,61.604166666666565,-0.1333,19333.6,0.6747,1.3642,2.1387,3221.7
1222,61.0,-0.0839,19350.6,0.7326,1.3651,2.3223,3224.0
1223,61.0,0.039,19367.5,0.8838,1.3663,2.8017,3226.8
1224,61.28097982708938,0.1389,19384.5,1.0097,1.3677,3.2006,3230.0
1225,62.0,0.0934,19401.8,0.9602,1.369,3.0438,3233.0
1226,61.95353982300894,-0.1389,19419.0,0.6694,1.3699,2.1219,3235.2
1227,61.0,-0.0885,19435.9,0.7269,1.3708,2.3043,3237.5
1228,61.316626889419226,0.1389,19453.0,1.01,1.3722,3.2018,3240.7
1229,62.0,0.1183,19470.2,0.9913,1.3735,3.1425,3243.8
1230,62.16869565217387,0.265,19487.4,1.177,1.3751,3.7311,3247.5
1231,63.907826086956334,0.1155,19505.2,1.0071,1.3765,3.1925,3250.7
1232,63.0,-0.1261,19522.7,0.6908,1.3774,2.1897,3252.9
1233,63.0,-0.2273,19540.2,0.6005,1.3782,1.9035,3254.8
1234,61.36332179930804,-0.1389,19557.2,0.6666,1.3791,2.1131,3256.9
1235,62.0,0.0498,19574.5,0.9056,1.3803,2.8709,3259.8
1236,61.72222222222226,-0.1301,19591.6,0.6792,1.3812,2.1532,3262.0
1237,61.063618290258525,0.0386,19608.6,0.8839,1.3824,2.8018,3264.8
1238,62.0,0.1301,19625.8,1.0061,1.3838,3.1893,3268.0
1239,62.0,0.0318,19643.0,0.8831,1.3849,2.7995,3270.8
1240,62.228731942215134,0.1389,19660.3,1.0195,1.3863,3.2317,3274.0
1241,63.0,0.1071,19677.8,0.9872,1.3876,3.1293,3277.1
1242,63.0,0.1389,19695.3,1.0276,1.389,3.2575,3280.4
1243,64.0,0.2753,19713.1,1.2144,1.3906,3.8496,3284.2
1244,64.98235709244877,0.403,19731.1,1.3931,1.3925,4.4162,3288.6
1245,66.90136411332628,0.0308,19749.7,0.8815,1.3937,2.7942,3291.4
1246,65.20412595005439,0.0342,19767.8,0.8707,1.3949,2.7601,3294.2
1247,67.1473594548552,0.3882,19786.5,1.3656,1.3967,4.3288,3298.5
1248,67.99914821124364,0.2879,19805.4,1.2441,1.3984,3.9437,3302.5
1249,69.22012037833177,0.4168,19824.6,1.4387,1.4003,4.5605,3307.0
1250,71.0,0.2472,19844.3,1.2437,1.402,3.9425,3311.0
1251,71.0,0.0,19864.0,0.8896,1.4032,2.8201,3313.8
1252,71.0,0.007,19883.8,0.8996,1.4044,2.8519,3316.6
1253,71.05023923444966,0.1768,19903.5,1.1435,1.4059,3.6249,3320.3
1254,72.27284768211912,0.2708,19923.6,1.2956,1.4076,4.1071,3324.4
1255,73.0,0.1518,19943.9,1.1322,1.4092,3.5892,3328.0
1256,73.36585365853661,0.2705,19964.2,1.3115,1.4109,4.1574,3332.1
1257,74.9478079331942,0.3103,19985.1,1.3947,1.4128,4.4211,3336.5
1258,75.59967715899913,0.0419,20006.1,1.0271,1.4142,3.2559,3339.8
1259,75.24975704567548,0.0814,20027.0,1.0832,1.4156,3.4337,3343.2
1260,76.18566775244304,0.2431,20048.1,1.3417,1.4174,4.2532,3347.5
1261,77.0,0.4396,20069.5,1.6542,1.4197,5.2438,3352.7
1262,79.3507073715562,0.4167,20091.5,1.6638,1.4219,5.2742,3358.0
1263,80.0,0.1448,20113.8,1.2586,1.4236,3.9897,3362.0
1264,80.39293139293132,0.1389,20136.1,1.2569,1.4253,3.9842,3366.0
1265,81.0,0.0843,20158.6,1.1797,1.4268,3.7397,3369.7
1266,81.0,0.3127,20181.1,1.5486,1.4289,4.909,3374.6
1267,83.25160109789562,0.6008,20204.2,2.0772,1.4317,6.5849,3381.2
1268,85.32585278276485,0.3412,20227.9,1.6994,1.434,5.3872,3386.6
1269,85.70843091334893,0.0033,20251.7,1.1313,1.4355,3.5863,3390.2
1270,85.34955752212392,0.0405,20275.4,1.1888,1.4371,3.7685,3394.0
1271,86.0,0.1653,20299.3,1.4161,1.439,4.4892,3398.4
1272,86.53961456102775,0.2778,20323.4,1.6209,1.4412,5.1382,3403.6
1273,88.0,0.2028,20347.8,1.525,1.4432,4.8344,3408.4
1274,88.0,0.015,20372.3,1.1949,1.4448,3.7879,3412.2
1275,88.10791366906467,0.1046,20396.7,1.3559,1.4467,4.2981,3416.5
1276,88.75289575289568,-0.015,20421.4,1.1557,1.4482,3.6637,3420.2
1277,88.0,-0.1046,20445.8,0.9826,1.4495,3.1148,3423.3
1278,88.0,-0.0268,20470.3,1.1207,1.451,3.5527,3426.8
1279,87.80710659898472,-0.1389,20494.7,0.9186,1.4523,2.9119,3429.7
1280,87.0,-0.0705,20518.8,1.0258,1.4536,3.2517,3433.0
1281,87.29944751381211,0.1907,20543.1,1.4882,1.4556,4.7177,3437.7
1282,88.37270875763747,0.1579,20567.6,1.4548,1.4576,4.6117,3442.3
1283,88.43653705062363,-0.1824,20592.2,0.8511,1.4587,2.6981,3445.0
1284,87.0590717299577,-0.0182,20616.4,1.1186,1.4602,3.5461,3448.6
1285,88.30571108622635,-0.0643,20640.9,1.0595,1.4617,3.3587,3451.9
1286,86.59593023255819,-0.3202,20665.0,0.0976,1.4618,0.3095,3452.2
1287,86.0,-0.0828,20688.9,0.9873,1.4631,3.1298,3455.4
1288,86.0,0.2778,20712.7,1.6081,1.4653,5.0976,3460.5
1289,88.0,0.2778,20737.2,1.656,1.4675,5.2494,3465.7
1290,88.0,-0.0072,20761.6,1.1555,1.469,3.663,3469.4
1291,87.94797086368348,-0.2696,20786.1,0.6889,1.47,2.1839,3471.6
1292,86.05904059040597,-0.1342,20810.0,0.8991,1.4712,2.85,3474.4
1293,86.98154981549817,0.1189,20834.1,1.3573,1.473,4.3026,3478.7
1294,86.91537376586747,-0.0485,20858.3,1.0629,1.4744,3.3693,3482.1
1295,86.63243243243257,0.1506,20882.3,1.4045,1.4763,4.4523,3486.5
1296,88.0,0.1899,20906.8,1.5025,1.4783,4.763,3491.3
1297,88.0,0.0,20931.2,1.1683,1.4799,3.7035,3495.0
1298,88.0,0.0872,20955.7,1.3231,1.4817,4.1943,3499.2
1299,88.62803234501351,-0.046,20980.3,1.098,1.4831,3.4806,3502.7
1300,87.66850220264321,-0.2261,21004.6,0.7621,1.4842,2.4159,3505.1
1301,87.0,-0.0928,21028.8,0.9866,1.4855,3.1276,3508.2
1302,87.0,0.0031,21053.0,1.155,1.487,3.6612,3511.9
1303,87.02205882352936,0.1251,21077.1,1.3688,1.4889,4.3392,3516.2
1304,87.90100430416074,0.0451,21101.6,1.2464,1.4906,3.9511,3520.2
1305,87.34701492537316,-0.0185,21125.8,1.1234,1.4921,3.5612,3523.7
1306,87.7679814385151,-0.0468,21150.2,1.081,1.4935,3.4269,3527.2
1307,87.01000000000009,-0.0308,21174.4,1.0956,1.495,3.4731,3530.6
1308,87.54619364375462,-0.1308,21198.7,0.9287,1.4962,2.944,3533.6
1309,86.06799704360687,0.1759,21222.6,1.4357,1.4982,4.5512,3538.1
1310,88.8124519600308,0.2744,21247.3,1.6697,1.5004,5.293,3543.4
1311,88.04381245196005,-0.1227,21271.7,0.9512,1.5017,3.0152,3546.4
1312,87.92874692874692,0.2717,21296.2,1.6436,1.5039,5.2102,3551.6
1313,90.0,0.2877,21321.2,1.7225,1.5062,5.4605,3557.1
1314,90.0,0.0,21346.2,1.2066,1.5078,3.825,3560.9
1315,90.0,0.0,21371.2,1.2066,1.5094,3.825,3564.8
1316,90.0,0.0095,21396.2,1.2239,1.5111,3.8797,3568.6
1317,90.06852791878184,0.0801,21421.2,1.3533,1.5129,4.29,3572.9
1318,90.57643312101902,-0.1484,21446.3,0.9467,1.5142,3.001,3575.9
1319,89.0,-0.1812,21471.1,0.862,1.5153,2.7324,3578.7
1320,89.27207977207982,0.1994,21495.9,1.5481,1.5174,4.9075,3583.6
1321,90.43582887700536,0.24,21521.0,1.6478,1.5196,5.2237,3588.8
1322,91.0,0.0784,21546.3,1.3697,1.5215,4.3421,3593.1
1323,91.0,0.0,21571.5,1.2262,1.5231,3.887,3597.0
1324,91.0,0.0,21596.8,1.2262,1.5247,3.887,3600.9
1325,91.0,0.0713,21622.1,1.3569,1.5266,4.3015,3605.2
1326,91.51360842844598,-0.1189,21647.5,1.0168,1.5279,3.2232,3608.4
1327,90.14389989572466,-0.0713,21672.5,1.0797,1.5294,3.4228,3611.9
1328,91.0,0.1189,21697.8,1.4429,1.5313,4.5738,3616.4
1329,91.0,0.0,21723.1,1.2262,1.533,3.887,3620.3
1330,91.0,0.239,21748.4,1.6597,1.5352,5.2611,3625.6
1331,92.72045454545449,0.0562,21774.1,1.3654,1.537,4.3284,3629.9
1332,91.4043938161107,-0.3338,21799.5,0.1017,1.5372,0.3225,3630.2
1333,90.31712962962948,0.1315,21824.6,1.4506,1.5391,4.5984,3634.8
1334,92.35089974293048,0.3726,21850.3,1.9373,1.5417,6.1413,3641.0
1335,93.0,0.0902,21876.1,1.434,1.5436,4.5459,3645.5
1336,93.0,0.0,21901.9,1.2661,1.5453,4.0134,3649.5
1337,93.0,-0.1389,21927.8,1.0054,1.5467,3.1873,3652.7
1338,92.0,-0.152,21953.3,0.9639,1.548,3.0554,3655.8
1339,91.90592334494784,-0.1389,21978.9,0.9866,1.5493,3.1274,3658.9
1340,91.0,-0.1258,22004.1,0.9952,1.5506,3.1548,3662.1
1341,91.0,0.0352,22029.4,1.2908,1.5524,4.0918,3666.1
1342,91.25357873210638,0.1693,22054.8,1.5396,1.5544,4.8806,3671.0
1343,92.2188006482982,0.2337,22080.4,1.6796,1.5567,5.3244,3676.3
1344,92.93617021276586,0.018,22106.2,1.2985,1.5584,4.1163,3680.5
1345,92.3483394833948,0.0311,22131.8,1.3109,1.5602,4.1555,3684.6
1346,93.1600547195622,0.2294,22157.7,1.6948,1.5625,5.3724,3690.0
1347,94.0,0.1167,22183.8,1.5053,1.5645,4.7719,3694.8
1348,94.0,-0.0548,22209.9,1.1825,1.5661,3.7485,3698.5
1349,93.6053946053946,-0.1389,22235.9,1.016,1.5674,3.2208,3701.7
1350,93.0,-0.12,22261.8,1.0409,1.5688,3.2997,3705.0
1351,92.74117647058826,-0.1389,22287.5,1.001,1.5702,3.173,3708.2
1352,92.0,-0.0655,22313.1,1.1244,1.5717,3.5644,3711.8
1353,92.26992031872508,0.1106,22338.7,1.4556,1.5736,4.6141,3716.4
1354,92.7960275019098,-0.033,22364.5,1.2002,1.5752,3.8045,3720.2
1355,92.03208556149728,0.0672,22390.1,1.3711,1.5771,4.3464,3724.5
1356,93.27994616419925,0.2302,22416.0,1.6992,1.5794,5.3864,3729.9
1357,93.68917112299468,-0.036,22442.0,1.212,1.581,3.8421,3733.8
1358,93.02072192513366,-0.1301,22467.8,1.0223,1.5824,3.2408,3737.0
1359,92.752532561505,-0.1377,22493.6,1.0034,1.5837,3.1808,3740.2
1360,92.02894356005784,-0.0933,22519.2,1.0733,1.5852,3.4025,3743.6
1361,92.08108108108114,-0.0744,22544.7,1.1094,1.5866,3.5168,3747.1
1362,91.49358341559729,0.0402,22570.2,1.3101,1.5884,4.1531,3751.3
1363,92.37062404870628,0.1834,22595.8,1.5912,1.5905,5.044,3756.3
1364,92.81417830290012,-0.0515,22621.6,1.1659,1.5921,3.6958,3760.0
1365,92.0,-0.1131,22647.2,1.0361,1.5935,3.2843,3763.3
1366,92.0,0.0,22672.7,1.246,1.5952,3.9498,3767.2
1367,92.0,0.0,22698.3,1.246,1.5968,3.9498,3771.2
1368,92.0,0.0497,22723.8,1.3382,1.5986,4.2422,3775.4
1369,92.35783521809368,0.0689,22749.5,1.3811,1.6005,4.3781,3779.8
1370,92.49590163934444,-0.3224,22775.2,0.6845,1.6014,2.1699,3782.0
1371,90.03688524590189,-0.2078,22800.2,0.8299,1.6025,2.6307,3784.6
1372,91.0,0.1338,22825.5,1.4697,1.6045,4.6591,3789.3
1373,91.0,0.1039,22850.7,1.4158,1.6064,4.488,3793.7
1374,91.74821852731596,0.0943,22876.2,1.4145,1.6083,4.4839,3798.2
1375,91.6787709497208,-0.3765,22901.7,0.102,1.6084,0.3233,3798.6
1376,89.03761467889903,-0.2394,22926.4,0.758,1.6095,2.4029,3801.0
1377,89.95504587155965,0.2724,22951.4,1.6941,1.6117,5.3704,3806.3
1378,90.99894957983196,0.2328,22976.7,1.6484,1.6139,5.2255,3811.6
1379,91.63140495867776,-0.1387,23002.1,0.9822,1.6153,3.1137,3814.7
1380,90.0,-0.2266,23027.1,0.7952,1.6163,2.5207,3817.2
1381,90.0,-0.0256,23052.1,1.1601,1.6179,3.6776,3820.9
1382,89.81541218638002,-0.1389,23077.1,0.9513,1.6192,3.0158,3823.9
1383,89.0,-0.1133,23101.8,0.9839,1.6205,3.1189,3827.0
1384,89.0,0.0443,23126.5,1.2669,1.6222,4.016,3831.0
1385,89.31876332622603,0.1389,23151.3,1.442,1.6241,4.5711,3835.6
1386,90.0,0.0806,23176.3,1.3528,1.6259,4.2884,3839.9
1387,89.89900249376569,-0.0441,23201.3,1.1247,1.6274,3.5652,3843.4
1388,89.68215158924205,0.0946,23226.2,1.3711,1.6293,4.3464,3847.8
1389,90.57976298997264,0.0072,23251.4,1.2311,1.6309,3.9025,3851.7
1390,89.73411249086925,-0.2189,23276.3,0.8052,1.632,2.5524,3854.2
1391,89.00365230094968,-0.119,23301.0,0.9737,1.6333,3.0867,3857.3
1392,88.87719298245611,-0.1394,23325.7,0.935,1.6346,2.964,3860.3
1393,88.0,-0.0345,23350.2,1.107,1.6361,3.5093,3863.8
1394,88.62863070539431,0.2778,23374.8,1.6712,1.6383,5.2978,3869.1
1395,90.0,0.1496,23399.8,1.476,1.6403,4.6789,3873.8
1396,89.70588235294117,-0.1551,23424.7,0.9202,1.6415,2.9171,3876.7
1397,88.8832565284178,-0.2879,23449.4,0.6688,1.6424,2.1202,3878.8
1398,87.63267070008645,-0.2616,23473.7,0.6989,1.6434,2.2154,3881.0
1399,87.0,-0.0879,23497.9,0.9952,1.6447,3.1549,3884.2
1400,87.0,-0.1377,23522.1,0.9078,1.6459,2.8778,3887.1
1401,86.00864553314122,-0.0043,23546.0,1.1237,1.6474,3.562,3890.6
1402,86.9692603266091,0.2937,23570.1,1.6586,1.6496,5.2577,3895.9
1403,88.12312030075195,0.2716,23594.6,1.6481,1.6519,5.2245,3901.1
1404,88.92454954954954,-0.0171,23619.3,1.1552,1.6534,3.662,3904.8
1405,88.0,-0.1284,23643.7,0.9403,1.6547,2.9808,3907.8
1406,88.0,-0.1698,23668.2,0.8668,1.6558,2.7478,3910.5
1407,86.77763496143959,-0.2778,23692.3,0.659,1.6567,2.089,3912.6
1408,86.0,-0.108,23716.2,0.9436,1.658,2.9912,3915.6
1409,86.0,0.0283,23740.1,1.1801,1.6596,3.7408,3919.3
1410,86.20381526104418,0.1877,23764.0,1.4588,1.6615,4.6245,3923.9
1411,87.35174171622783,0.3884,23788.3,1.832,1.664,5.8074,3929.8
1412,89.0,0.1849,23813.0,1.5163,1.666,4.8066,3934.6
1413,88.68337408312956,-0.1815,23837.6,0.8565,1.6672,2.7152,3937.3
1414,87.69332406119611,-0.2338,23862.0,0.7489,1.6682,2.3739,3939.6
1415,87.0,-0.0963,23886.2,0.9805,1.6695,3.1081,3942.8
1416,87.0,0.0447,23910.3,1.228,1.6711,3.8927,3946.7
1417,87.32169312169316,0.1389,23934.6,1.399,1.673,4.4348,3951.1
1418,88.0,0.0825,23959.0,1.3148,1.6748,4.1678,3955.3
1419,87.91585365853663,-0.1389,23983.5,0.9203,1.676,2.9175,3958.2
1420,87.0,-0.1272,24007.6,0.9262,1.6773,2.9362,3961.1
1421,87.0,0.0556,24031.8,1.2471,1.6789,3.9533,3965.1
1422,87.40040040040049,0.0959,24056.1,1.3261,1.6807,4.2037,3969.3
1423,87.69058641975305,-0.0751,24080.4,1.0296,1.6821,3.2638,3972.5
1424,86.85981308411213,-0.1942,24104.6,0.8066,1.6832,2.5568,3975.1
1425,86.29252259654886,0.059,24128.5,1.2391,1.6848,3.9279,3979.0
1426,87.28454452405305,0.3429,24152.8,1.7514,1.6872,5.552,3984.6
1427,88.76106194690264,0.0994,24177.4,1.3603,1.689,4.3123,3988.9
1428,88.0,-0.1459,24201.9,0.9093,1.6902,2.8824,3991.8
1429,87.7104700854701,-0.0556,24226.2,1.0644,1.6917,3.3743,3995.1
1430,87.59982094897055,0.153,24250.6,1.4294,1.6936,4.5313,3999.7
1431,88.81174438687388,0.0459,24275.2,1.266,1.6953,4.0131,4003.7
1432,87.93055555555563,-0.2216,24299.7,0.7739,1.6963,2.4531,4006.1
1433,87.21657458563527,-0.0319,24323.9,1.0974,1.6978,3.4788,4009.6
1434,87.70123203285425,0.0358,24348.2,1.226,1.6994,3.8864,4013.5
1435,87.47419596110697,0.1762,24372.5,1.467,1.7014,4.6503,4018.1
1436,88.97008227374722,0.2119,24397.3,1.5633,1.7035,4.9555,4023.1
1437,89.0,0.0281,24422.0,1.2378,1.7052,3.9238,4027.0
1438,89.17248908296934,0.0563,24446.8,1.2919,1.7069,4.0954,4031.1
1439,89.40540540540539,-0.1628,24471.6,0.9015,1.7081,2.8576,4034.0
1440,88.0,-0.1952,24496.0,0.8217,1.7092,2.6049,4036.6
1441,88.0,0.0063,24520.5,1.1795,1.7108,3.7389,4040.3
1442,88.04554079696373,0.223,24544.9,1.5614,1.7129,4.9495,4045.3
1443,89.60569105691059,0.3264,24569.8,1.7815,1.7153,5.6475,4050.9
1444,90.39562157935949,0.8699,24594.9,2.7764,1.719,8.8012,4059.7
1445,95.86864738076684,1.8596,24621.6,4.8625,1.7255,15.4142,4075.1
1446,103.78488767869278,1.6668,24650.4,4.9305,1.7322,15.6296,4090.8
1447,107.86929884275044,0.9853,24680.4,3.7036,1.7371,11.7403,4102.5
1448,110.8789808917197,0.6512,24711.2,3.1017,1.7413,9.8325,4112.3
1449,112.55813953488376,0.4335,24742.4,2.68,1.7449,8.4955,4120.8
1450,114.0,0.2003,24774.1,2.2023,1.7479,6.9814,4127.8
1451,114.0,0.0374,24805.8,1.834,1.7503,5.8136,4133.6
1452,114.26943942133816,0.1072,24837.5,1.9994,1.753,6.3382,4140.0
1453,114.77170035671816,0.0455,24869.4,1.8732,1.7555,5.9381,4145.9
1454,114.59693877551032,0.2018,24901.2,2.2238,1.7585,7.0494,4153.0
1455,116.22435897435892,0.392,24933.5,2.7121,1.7621,8.5972,4161.6
1456,117.4193205944798,0.1485,24966.1,2.1865,1.7651,6.9312,4168.5
1457,117.29329173166929,-0.1971,24998.7,1.3765,1.7669,4.3636,4172.8
1458,116.0,-0.1796,25030.9,1.3873,1.7688,4.3976,4177.2
1459,116.0,-0.2478,25063.1,1.2276,1.7704,3.8916,4181.1
1460,114.21613155833992,-0.139,25094.9,1.4394,1.7724,4.5629,4185.7
1461,114.99921691464372,0.2879,25126.8,2.4324,1.7756,7.7107,4193.4
1462,116.28872593950506,0.2779,25159.1,2.4511,1.7789,7.7699,4201.2
1463,117.0,0.0933,25191.6,2.0457,1.7817,6.485,4207.7
1464,116.96045197740142,-0.1577,25224.1,1.4617,1.7836,4.6335,4212.3
1465,115.86440677966102,0.1444,25256.3,2.1305,1.7865,6.7538,4219.1
1466,118.0,0.2966,25289.1,2.5507,1.7899,8.0858,4227.1
1467,118.0,0.0244,25321.8,1.9136,1.7925,6.066,4233.2
1468,118.17579505300358,0.1148,25354.7,2.1304,1.7953,6.7534,4240.0
1469,118.82642487046628,-0.6248,25387.7,0.1252,1.7955,0.3967,4240.4
1470,113.67709637046217,-1.9107,25419.3,0.1208,1.7957,0.3828,4240.7
1471,105.06942392909848,-1.9987,25448.4,0.1134,1.7958,0.3595,4241.1
1472,99.28643216080384,-1.4341,25476.0,0.1085,1.796,0.3439,4241.4
1473,94.7436791630341,-0.8731,25502.3,0.1046,1.7961,0.3316,4241.8
1474,93.0,-0.376,25528.2,0.1031,1.7962,0.3268,4242.1
1475,92.0367346938776,0.0,25553.7,1.2467,1.7979,3.9521,4246.0
1476,93.0,0.1162,25579.6,1.482,1.7999,4.6979,4250.7
1477,92.87343880099914,-0.1332,25605.4,1.0139,1.8013,3.2142,4254.0
1478,92.0407993338884,-0.0609,25630.9,1.1337,1.8028,3.5939,4257.6
1479,92.4347826086957,0.1947,25656.6,1.6134,1.805,5.1145,4262.7
1480,93.44277108433734,0.2174,25682.6,1.6795,1.8072,5.3239,4268.0
1481,94.0,-0.0113,25708.7,1.265,1.8089,4.01,4272.0
1482,93.3612684031712,-0.2778,25734.6,0.7501,1.8099,2.3779,4274.4
1483,92.0,-0.1891,25760.2,0.895,1.8111,2.8371,4277.2
1484,92.0,0.0,25785.7,1.246,1.8128,3.9498,4281.2
1485,92.0,-0.0102,25811.3,1.2271,1.8144,3.8898,4285.1
1486,91.92665726375188,-0.0398,25836.8,1.1707,1.816,3.7112,4288.8
1487,91.71309771309788,0.1991,25862.3,1.6044,1.8182,5.0859,4293.9
1488,93.36045411542108,0.2822,25888.2,1.7975,1.8206,5.698,4299.6
1489,93.74468085106378,-0.0398,25914.3,1.2059,1.8222,3.8228,4303.4
1490,93.07392473118288,0.0026,25940.1,1.2724,1.8239,4.0336,4307.4
1491,93.7633181126332,-0.01,25966.2,1.2627,1.8256,4.0026,4311.4
1492,93.00228310502278,-0.1185,25992.0,1.0438,1.827,3.3087,4314.7
1493,92.91031822565084,-0.1536,26017.8,0.9763,1.8283,3.095,4317.8
1494,91.8964879852125,-0.3975,26043.3,0.1022,1.8284,0.3239,4318.1
1495,90.04805914972286,-0.1556,26068.3,0.9249,1.8297,2.9318,4321.1
1496,90.776025236593,0.2985,26093.6,1.7614,1.832,5.5836,4326.7
1497,92.19753086419747,0.2976,26119.2,1.796,1.8345,5.6933,4332.3
1498,92.91840435176796,-0.0258,26145.0,1.2161,1.8361,3.8549,4336.2
1499,92.0117860380779,-0.2664,26170.5,0.7517,1.8371,2.3829,4338.6
1500,91.0,-0.0879,26195.8,1.0648,1.8385,3.3754,4342.0
1501,91.37865055387714,0.1895,26221.2,1.5791,1.8406,5.0058,4347.0
1502,92.36406844106465,0.1821,26246.9,1.5886,1.8428,5.036,4352.0
1503,92.68949343339592,-0.0831,26272.6,1.1044,1.8443,3.501,4355.5
1504,91.76569407603884,-0.2347,26298.1,0.8068,1.8453,2.5576,4358.1
1505,91.0,-0.1063,26323.4,1.031,1.8467,3.2683,4361.3
1506,91.0,0.0,26348.6,1.2262,1.8484,3.887,4365.2
1507,91.0,0.0,26373.9,1.2262,1.85,3.887,4369.1
1508,91.0,0.0,26399.2,1.2262,1.8517,3.887,4373.0
1509,91.0,-0.0354,26424.5,1.1612,1.8532,3.6809,4376.7
1510,90.7452830188679,-0.1389,26449.7,0.9669,1.8545,3.065,4379.7
1511,90.0,-0.1035,26474.7,1.0187,1.8559,3.2292,4383.0
1512,90.0,0.0136,26499.7,1.2313,1.8575,3.9033,4386.9
1513,90.09761388286324,0.1102,26524.7,1.4077,1.8594,4.4625,4391.3
1514,90.79335793357944,-0.141,26549.9,0.9638,1.8607,3.0553,4394.4
1515,89.08268733850129,-0.5709,26574.7,0.0998,1.8609,0.3162,4394.7
1516,86.68274734260022,-0.5605,26598.8,0.0977,1.861,0.3098,4395.0
1517,85.04742436631234,-0.4278,26622.4,0.0963,1.8611,0.3053,4395.3
1518,83.60244648318009,-0.4747,26645.6,0.0951,1.8612,0.3014,4395.6
1519,81.62928348909652,-0.4296,26668.3,0.0934,1.8614,0.2961,4395.9
1520,80.50957854406123,-0.4948,26690.6,0.0924,1.8615,0.293,4396.2
1521,78.06692015209106,-0.605,26712.3,0.0899,1.8616,0.2849,4396.5
1522,76.1533442088092,-0.1965,26733.5,0.667,1.8625,2.1144,4398.6
1523,76.65220535068693,-0.0417,26754.8,0.9097,1.8637,2.8836,4401.5
1524,75.8528528528529,-0.3657,26775.8,0.0899,1.8639,0.2849,4401.8
1525,74.01892505677507,-0.5557,26796.4,0.0856,1.864,0.2714,4402.0
1526,71.85180240320413,-0.4652,26816.4,0.0856,1.8641,0.2714,4402.3
1527,70.669406392694,-0.2572,26836.0,0.5707,1.8649,1.8091,4404.1
1528,70.0,-0.097,26855.4,0.7434,1.8659,2.3566,4406.5
1529,69.97105508870219,-0.1337,26874.9,0.6782,1.8668,2.1499,4408.6
1530,69.03734827264236,-0.4374,26894.1,0.0836,1.8669,0.2651,4408.9
1531,66.82159624413144,-0.4882,26912.6,0.0836,1.867,0.2651,4409.2
1532,65.52261306532667,-0.3958,26930.8,0.0836,1.8671,0.2651,4409.4
1533,63.97216274089937,-0.4893,26948.6,0.0901,1.8672,0.2855,4409.7
1534,62.0,-0.3051,26965.8,0.0901,1.8673,0.2855,4410.0
1535,61.77513227513218,-0.1568,26983.0,0.6462,1.8682,2.0485,4412.1
1536,60.87100213219608,-0.2117,26999.9,0.6005,1.869,1.9035,4414.0
1537,60.25068493150683,-0.074,27016.6,0.7404,1.87,2.3469,4416.3
1538,60.3382030679328,-0.2145,27033.4,0.6005,1.8708,1.9035,4418.2
1539,58.70595099183175,-0.5624,27049.7,0.0843,1.8709,0.2671,4418.5
1540,56.289171974522375,-0.2869,27065.3,0.0843,1.871,0.2671,4418.7
1541,56.64035801464606,-0.0786,27081.1,0.6766,1.8719,2.1449,4420.9
1542,55.72301690507157,-0.2278,27096.5,0.0843,1.8721,0.2671,4421.2
1543,55.0,-0.128,27111.8,0.6136,1.8729,1.9453,4423.1
1544,54.801324503311164,-0.2299,27127.0,0.0782,1.873,0.2479,4423.3
1545,53.34439834024895,-0.412,27141.8,0.0782,1.8731,0.2479,4423.6
1546,51.83463881636202,-0.3326,27156.2,0.0782,1.8732,0.2479,4423.8
1547,50.94969325153381,-0.2548,27170.4,0.0782,1.8733,0.2479,4424.1
1548,50.0,-0.1385,27184.3,0.5453,1.874,1.7285,4425.8
1549,49.95270270270272,-0.1365,27198.2,0.5137,1.8747,1.6286,4427.4
1550,49.01699346405218,-0.0241,27211.8,0.6222,1.8756,1.9725,4429.4
1551,49.77896613190728,-0.0024,27225.6,0.6479,1.8764,2.0539,4431.5
1552,49.0,-0.1121,27239.2,0.5352,1.8771,1.6965,4433.2
1553,48.97202797202795,-0.1345,27252.8,0.5129,1.8778,1.626,4434.8
1554,48.03183962264156,-0.0232,27266.2,0.6182,1.8787,1.9597,4436.8
1555,48.8052230685527,-0.0044,27279.7,0.6406,1.8795,2.0306,4438.8
1556,48.0,-0.1118,27293.1,0.5323,1.8802,1.6872,4440.5
1557,48.0,0.0553,27306.4,0.6941,1.8812,2.2002,4442.7
1558,48.3983402489627,0.1389,27319.8,0.7783,1.8822,2.4672,4445.1
1559,49.0,0.0475,27333.4,0.6929,1.8831,2.1966,4447.3
1560,48.740432612312894,-0.1032,27347.0,0.5431,1.8839,1.7215,4449.1
1561,48.2573099415203,0.1749,27360.4,0.8122,1.885,2.5747,4451.6
1562,50.0,0.242,27374.3,0.9291,1.8862,2.9453,4454.6
1563,50.0,-0.1192,27388.2,0.5648,1.887,1.7903,4456.4
1564,49.141680395387176,0.0,27401.8,0.6468,1.8878,2.0502,4458.4
1565,50.0,0.0998,27415.7,0.7857,1.8889,2.4906,4460.9
1566,49.86036426712918,-0.1389,27429.6,0.5111,1.8896,1.6201,4462.5
1567,49.0,-0.1127,27443.2,0.5346,1.8903,1.6946,4464.2
1568,49.04902962206333,0.1286,27456.8,0.7735,1.8913,2.452,4466.7
1569,49.925726587728775,-0.0068,27470.7,0.6443,1.8922,2.0425,4468.7
1570,49.0,-0.1284,27484.3,0.519,1.8929,1.6454,4470.4
1571,49.00116144018581,0.1577,27497.9,0.8019,1.894,2.542,4472.9
1572,50.13526570048318,0.2925,27511.8,0.9816,1.8953,3.1118,4476.0
1573,51.10736196319019,0.2264,27526.0,0.9248,1.8965,2.9316,4478.9
1574,51.765032377428376,-0.144,27540.4,0.5448,1.8973,1.7272,4480.7
1575,50.070769230769294,-0.1819,27554.3,0.5214,1.898,1.6527,4482.3
1576,50.455670103092814,-0.1375,27568.3,0.5476,1.8987,1.736,4484.1
1577,49.08109965635735,-0.1293,27581.9,0.5184,1.8994,1.6433,4485.7
1578,49.52459016393447,0.2209,27595.7,0.8696,1.9006,2.7567,4488.5
1579,50.67166309778729,0.066,27609.8,0.7563,1.9016,2.3975,4490.9
1580,50.0,-0.0488,27623.7,0.6358,1.9024,2.0154,4492.9
1581,50.32042723631509,0.0931,27637.6,0.7813,1.9035,2.4768,4495.4
1582,50.67002688172045,-0.0445,27651.7,0.6433,1.9043,2.0394,4497.4
1583,50.0,-0.0572,27665.6,0.6273,1.9052,1.9885,4499.4
1584,50.258467023172855,0.1098,27679.6,0.7978,1.9063,2.529,4501.9
1585,50.79052369077318,-0.0749,27693.7,0.6128,1.9071,1.9425,4503.9
1586,49.71954022988509,-0.2383,27707.5,0.0732,1.9072,0.232,4504.1
1587,49.074663402692686,0.0674,27721.1,0.7131,1.9081,2.2606,4506.3
1588,50.204526404023404,0.2674,27735.1,0.957,1.9094,3.0337,4509.4
1589,51.0,0.1105,27749.2,0.8044,1.9105,2.5501,4511.9
1590,51.0,0.0,27763.4,0.6907,1.9114,2.1896,4514.1
1591,51.0,0.0,27777.6,0.6907,1.9124,2.1896,4516.3
1592,51.0,0.0,27791.7,0.6907,1.9133,2.1896,4518.5
1593,51.0,0.0,27805.9,0.6907,1.9142,2.1896,4520.7
1594,51.0,0.0,27820.1,0.6907,1.9151,2.1896,4522.9
1595,51.0,0.0,27834.2,0.6907,1.9161,2.1896,4525.1
1596,51.0,0.0,27848.4,0.6907,1.917,2.1896,4527.3
1597,51.0,0.0,27862.6,0.6907,1.9179,2.1896,4529.4
1598,51.0,0.0,27876.7,0.6907,1.9188,2.1896,4531.6
1599,51.0,0.0,27890.9,0.6907,1.9198,2.1896,4533.8
1600,51.0,0.0,27905.1,0.6907,1.9207,2.1896,4536.0
1601,51.0,0.0106,27919.2,0.7016,1.9216,2.2242,4538.2
1602,51.076309794988624,0.1114,27933.4,0.806,1.9227,2.555,4540.8
1603,51.80209424083765,-0.0439,27947.8,0.6496,1.9236,2.0591,4542.9
1604,50.760000000000055,-0.162,27961.9,0.5234,1.9243,1.6593,4544.5
1605,50.63558282208588,0.1722,27976.0,0.8645,1.9255,2.7406,4547.3
1606,52.0,0.1819,27990.4,0.8875,1.9266,2.8133,4550.1
1607,51.94535519125688,-0.1389,28004.8,0.5507,1.9274,1.7458,4551.8
1608,51.0,-0.1055,28019.0,0.5822,1.9282,1.8455,4553.7
1609,51.18567639257304,0.0786,28033.2,0.773,1.9292,2.4504,4556.1
1610,51.56580427446568,-0.0258,28047.6,0.6672,1.9301,2.1151,4558.2
1611,51.0,-0.0786,28061.7,0.6099,1.9309,1.9333,4560.2
1612,51.0,-0.0298,28075.9,0.6601,1.9318,2.0924,4562.2
1613,50.78557114228464,-0.1061,28090.0,0.5808,1.9326,1.8411,4564.1
1614,50.23632385120339,0.0298,28103.9,0.7165,1.9335,2.2714,4566.4
1615,51.0,0.1061,28118.1,0.7999,1.9346,2.5357,4568.9
1616,51.0,0.0,28132.3,0.6907,1.9355,2.1896,4571.1
1617,51.0,0.0643,28146.4,0.7569,1.9366,2.3994,4573.5
1618,51.46318732525632,0.084,28160.7,0.7807,1.9376,2.4747,4576.0
1619,51.60484622553585,-0.0643,28175.1,0.6273,1.9385,1.9887,4577.9
1620,51.0,-0.0544,28189.2,0.6348,1.9393,2.0122,4580.0
1621,51.21303841676369,0.1057,28203.5,0.8012,1.9404,2.5398,4582.5
1622,51.76123802505521,-0.0262,28217.8,0.6678,1.9413,2.1171,4584.6
1623,51.024318349299854,-0.18,28232.0,0.5214,1.942,1.6527,4586.3
1624,50.46511627906982,-0.0034,28246.0,0.6842,1.9429,2.1689,4588.4
1625,51.0,0.0743,28260.2,0.7672,1.9439,2.432,4590.9
1626,51.0,0.0,28274.4,0.6907,1.9449,2.1896,4593.1
1627,51.0,0.1389,28288.5,0.8337,1.946,2.6427,4595.7
1628,52.0,0.1389,28303.0,0.8424,1.9471,2.6703,4598.4
1629,52.0,0.0,28317.4,0.6966,1.948,2.2083,4600.6
1630,52.0,-0.0137,28331.9,0.6823,1.949,2.1628,4602.7
1631,51.90116896918165,-0.1389,28346.3,0.5506,1.9497,1.7454,4604.5
1632,51.0,-0.1252,28360.5,0.5619,1.9504,1.7813,4606.3
1633,51.0,0.0474,28374.6,0.7395,1.9514,2.3443,4608.6
1634,51.34112646121145,0.039,28388.9,0.7331,1.9524,2.324,4610.9
1635,51.28098391674531,-0.1482,28403.1,0.5391,1.9531,1.7088,4612.6
1636,50.27372881355939,-0.0022,28417.1,0.6843,1.9541,2.1693,4614.8
1637,51.26481481481488,0.3786,28431.3,1.0839,1.9555,3.4358,4618.3
1638,53.0,0.241,28446.1,0.9604,1.9568,3.0444,4621.3
1639,53.0,0.1389,28460.8,0.8512,1.958,2.6983,4624.0
1640,54.0,0.1931,28475.8,0.9192,1.9592,2.914,4626.9
1641,54.39016393442621,0.1896,28490.9,0.9194,1.9604,2.9144,4629.8
1642,55.365289256198345,0.2617,28506.3,1.0504,1.9618,3.3296,4633.2
1643,56.27455621301771,0.227,28521.9,1.0217,1.9632,3.2389,4636.4
1644,57.0,0.1639,28537.7,0.9573,1.9645,3.0347,4639.4
1645,57.45433962264147,0.2727,28553.7,1.088,1.9659,3.4491,4642.9
1646,58.96377358490582,0.3536,28570.1,1.2031,1.9676,3.8137,4646.7
1647,60.0,0.1934,28586.7,1.0626,1.969,3.3684,4650.1
1648,60.356025039123566,0.2391,28603.5,1.1222,1.9705,3.5575,4653.6
1649,61.72146739130409,0.5061,28620.6,1.4681,1.9725,4.6539,4658.3
1650,64.0,0.3676,28638.4,1.3325,1.9743,4.2242,4662.5
1651,64.36796193497221,0.1389,28656.3,1.0422,1.9757,3.3039,4665.8
1652,65.0,0.1354,28674.4,1.0016,1.977,3.1751,4669.0
1653,65.34297963558407,0.1389,28692.5,1.01,1.9784,3.2016,4672.2
1654,66.0,0.2068,28710.8,1.1076,1.9798,3.5112,4675.7
1655,66.83205456095492,0.3581,28729.4,1.3206,1.9816,4.1862,4679.9
1656,68.57798165137616,0.44,28748.5,1.4593,1.9836,4.6259,4684.5
1657,70.0,0.2236,28767.9,1.1962,1.9852,3.7918,4688.3
1658,70.18754925137908,0.1355,28787.4,1.074,1.9866,3.4045,4691.7
1659,70.97557131599689,-1.4643,28807.1,0.0856,1.9867,0.2714,4692.0
1660,59.64462809917306,-2.6869,28823.7,0.0843,1.9868,0.2671,4692.2
1661,51.62990654205588,-2.0947,28838.0,0.0782,1.987,0.2479,4692.5
1662,44.5627597672481,-1.7963,28850.4,0.0759,1.9871,0.2406,4692.7
1663,38.696551724137294,-1.7926,28861.2,0.0686,1.9871,0.2175,4692.9
1664,31.655932203389828,-2.1983,28869.9,0.0611,1.9872,0.1938,4693.1
1665,22.868932038834583,-1.8946,28876.3,0.0619,1.9873,0.1961,4693.3
1666,18.014563106795773,-1.5828,28881.3,0.3253,1.9877,1.0312,4694.4
1667,11.47294589178386,-1.6189,28884.5,0.2702,1.9881,0.8566,4695.2
1668,6.3583959899747855,-1.0529,28886.3,0.2639,1.9885,0.8367,4696.1
1669,3.892138939670994,-0.5964,28887.3,0.2083,1.9887,0.6604,4696.7
1670,2.063985374771628,-0.4911,28887.9,0.2083,1.989,0.6604,4697.4
1671,0.3565310492505499,-0.1869,28888.0,0.1552,1.9892,0.492,4697.9
1672,0.7182203389831185,-0.0479,28888.2,0.1552,1.9894,0.492,4698.4
1673,0.0120056497175519,0.0077,28888.2,0.1552,1.9896,0.492,4698.9
1674,0.7737355811889366,-0.0017,28888.4,0.1552,1.9899,0.492,4699.3
1675,0.0,-0.1075,28888.4,0.1552,1.9901,0.492,4699.8
1676,0.0,0.0,28888.4,0.1552,1.9903,0.492,4700.3
1677,0.0,0.0,28888.4,0.1552,1.9905,0.492,4700.8
1678,0.0,0.0371,28888.4,0.1552,1.9907,0.492,4701.3
1679,0.2670157068063538,0.1062,28888.5,0.1552,1.9909,0.492,4701.8
1680,0.7643362136685188,-0.0371,28888.7,0.1552,1.9911,0.492,4702.3
1681,0.0,-0.1062,28888.7,0.1552,1.9913,0.492,4702.8
1682,0.0,0.0,28888.7,0.1552,1.9915,0.492,4703.3
1683,0.0,0.0,28888.7,0.1552,1.9917,0.492,4703.8
1684,0.0,0.0,28888.7,0.1552,1.9919,0.492,4704.3
1685,0.0,0.0,28888.7,0.1552,1.9921,0.492,4704.8
1686,0.0,0.0,28888.7,0.1552,1.9924,0.492,4705.2
1687,0.0,0.0155,28888.7,0.1552,1.9926,0.492,4705.7
1688,0.1114457831326363,0.0906,28888.7,0.1552,1.9928,0.492,4706.2
1689,0.6525423728813053,-0.0155,28888.9,0.1552,1.993,0.492,4706.7
1690,0.0,-0.0906,28888.9,0.1552,1.9932,0.492,4707.2
1691,0.0,0.0,28888.9,0.1552,1.9934,0.492,4707.7
1692,0.0,0.0,28888.9,0.1552,1.9936,0.492,4708.2
1693,0.0,0.0,28888.9,0.1552,1.9938,0.492,4708.7
1694,0.0,0.1903,28888.9,0.1552,1.994,0.492,4709.2
1695,1.370192307692011,0.6673,28889.3,0.2296,1.9943,0.7279,4709.9
1696,4.8042582417581725,1.2859,28890.6,0.343,1.9948,1.0873,4711.0
1697,10.628440366972333,1.4495,28893.6,0.6036,1.9956,1.9135,4712.9
1698,15.240636704120073,1.2557,28897.8,0.7447,1.9966,2.3607,4715.3
1699,19.669498725573167,1.0953,28903.3,0.8044,1.9977,2.5499,4717.8
1700,23.12690355329937,1.2778,28909.7,1.0626,1.9991,3.3684,4721.2
1701,28.86972820993428,1.3492,28917.7,1.2267,2.0008,3.8886,4725.1
1702,32.84097859327199,1.2687,28926.9,1.329,2.0025,4.2129,4729.3
1703,38.00436681222697,1.4485,28937.4,1.6641,2.0048,5.275,4734.6
1704,43.27014218009485,1.3574,28949.4,1.8088,2.0072,5.7338,4740.3
1705,47.7773722627736,1.1854,28962.7,1.7715,2.0096,5.6158,4745.9
1706,51.80467675378256,1.3942,28977.1,2.1366,2.0124,6.7729,4752.7
1707,57.81564245810091,1.4219,28993.2,2.4129,2.0157,7.6488,4760.3
1708,62.04204451772478,1.1099,29010.4,2.2168,2.0187,7.0274,4767.4
1709,65.80721003134829,1.3333,29028.7,2.5779,2.0221,8.1719,4775.5
1710,71.64194915254215,1.3101,29048.6,2.7633,2.0258,8.7598,4784.3
1711,75.24019607843127,1.1812,29069.5,2.7277,2.0295,8.6469,4792.9
1712,80.14664981036661,1.3886,29091.7,3.2394,2.0338,10.2689,4803.2
1713,85.23797139141772,1.0907,29115.4,2.9646,2.0378,9.3977,4812.6
1714,88.0,0.423,29139.9,1.9094,2.0404,6.0529,4818.7
1715,88.28390596745034,0.1719,29164.4,1.4774,2.0424,4.6833,4823.3
1716,89.23771428571438,0.2833,29189.2,1.6958,2.0446,5.3758,4828.7
1717,90.32361516034992,0.2448,29214.3,1.6537,2.0469,5.2424,4834.0
1718,91.0,0.058,29239.5,1.3327,2.0486,4.2245,4838.2
1719,90.74118738404452,-0.1389,29264.7,0.9668,2.0499,3.0648,4841.3
1720,90.0,-0.0699,29289.7,1.0797,2.0514,3.4226,4844.7
1721,90.23763250883393,0.1389,29314.8,1.4621,2.0534,4.6349,4849.3
1722,91.0,0.1059,29340.1,1.4194,2.0553,4.4995,4853.8
1723,91.0,-0.0136,29365.4,1.2012,2.0569,3.8078,4857.6
1724,90.90229885057468,-0.1634,29390.6,0.9246,2.0581,2.9309,4860.6
1725,89.82319078947374,-0.2641,29415.6,0.7246,2.0591,2.2969,4862.8
1726,89.00082236842103,0.0665,29440.3,1.3068,2.0608,4.1424,4867.0
1727,90.30207587687906,0.2649,29465.4,1.6892,2.0631,5.3549,4872.3
1728,90.90774907749046,-0.1314,29490.6,0.9834,2.0644,3.1173,4875.5
1729,89.35567010309276,-0.1261,29515.4,0.9668,2.0657,3.0649,4878.5
1730,90.0,0.1349,29540.4,1.4497,2.0677,4.5957,4883.1
1731,90.32701421800928,0.3716,29565.5,1.881,2.0702,5.9629,4889.1
1732,92.67583643122684,0.2324,29591.3,1.6884,2.0725,5.3523,4894.4
1733,92.0,-0.0939,29616.8,1.0717,2.0739,3.3973,4897.8
1734,92.0,0.0,29642.4,1.246,2.0756,3.9498,4901.8
1735,92.0,0.0,29667.9,1.246,2.0772,3.9498,4905.7
1736,92.0,0.0729,29693.5,1.3808,2.0791,4.3773,4910.1
1737,92.525,0.2772,29719.2,1.767,2.0815,5.6013,4915.7
1738,93.99558823529422,-0.0171,29745.3,1.2539,2.0832,3.9748,4919.7
1739,92.40206185567018,-0.3779,29771.0,0.1026,2.0833,0.3252,4920.0
1740,91.27480916030532,-0.0087,29796.3,1.2156,2.0849,3.8534,4923.9
1741,92.33975659229208,0.2396,29822.0,1.6934,2.0872,5.3681,4929.2
1742,93.0,0.0917,29847.8,1.4368,2.0891,4.5547,4933.8
1743,93.0,0.0,29873.6,1.2661,2.0908,4.0134,4937.8
1744,93.0,0.0087,29899.5,1.2824,2.0925,4.0652,4941.9
1745,93.06279733587064,0.1389,29925.3,1.5253,2.0946,4.8352,4946.7
1746,94.0,0.1062,29951.4,1.4858,2.0966,4.7099,4951.4
1747,93.8273894436518,-0.1968,29977.5,0.9103,2.0978,2.8858,4954.3
1748,92.58291956305854,-0.2109,30003.2,0.8637,2.099,2.738,4957.0
1749,92.30890052356024,0.0579,30028.9,1.3599,2.1008,4.3109,4961.3
1750,93.0,0.0092,30054.7,1.2833,2.1025,4.0681,4965.4
1751,92.37531068765536,-0.2485,30080.4,0.7904,2.1036,2.5055,4967.9
1752,91.21065675340778,-0.0046,30105.7,1.2219,2.1052,3.8733,4971.8
1753,92.3421300659755,0.2172,30131.3,1.6524,2.1074,5.2382,4977.0
1754,92.7747949291574,-0.0435,30157.1,1.1801,2.109,3.7409,4980.8
1755,92.0290827740492,-0.2116,30182.7,0.8537,2.1102,2.7062,4983.5
1756,91.25112107623316,0.0165,30208.0,1.2615,2.1119,3.999,4987.5
1757,92.14758497316636,0.2429,30233.6,1.6947,2.1141,5.3722,4992.9
1758,93.0,0.1184,30259.5,1.4861,2.1161,4.7108,4997.6
1759,93.0,-0.1873,30285.3,0.9146,2.1174,2.8994,5000.5
1760,91.6511965192168,-0.264,30310.7,0.7509,2.1184,2.3803,5002.8
1761,91.09931840311596,0.0334,30336.1,1.2895,2.1201,4.0878,5006.9
1762,91.89177489177484,0.0632,30361.6,1.3609,2.1219,4.314,5011.2
1763,91.55402465554754,0.1539,30387.0,1.5185,2.124,4.8138,5016.1
1764,93.0,0.1865,30412.8,1.6117,2.1261,5.1091,5021.2
1765,92.89655172413762,-0.4229,30438.6,0.103,2.1263,0.3266,5021.5
1766,89.95530726256983,-0.5378,30463.6,0.1005,2.1264,0.3186,5021.8
1767,89.02420856610807,0.0062,30488.4,1.1989,2.128,3.8006,5025.6
1768,90.0,0.1676,30513.4,1.5081,2.13,4.7807,5030.4
1769,90.23115577889436,0.1108,30538.4,1.4117,2.1319,4.475,5034.9
1770,90.7979626485568,-0.0597,30563.7,1.1128,2.1334,3.5277,5038.4
1771,89.80108991825631,0.1669,30588.6,1.5024,2.1354,4.7626,5043.2
1772,92.0,0.2538,30614.2,1.711,2.1377,5.4238,5048.6
1773,91.628389154705,-0.2731,30639.6,0.7337,2.1387,2.3259,5050.9
1774,90.03349282296644,-0.3219,30664.6,0.6705,2.1396,2.1255,5053.0
1775,89.31082654249127,0.0429,30689.4,1.2706,2.1413,4.0278,5057.1
1776,90.34228187919454,0.2077,30714.5,1.5877,2.1435,5.033,5062.1
1777,90.80592991913753,-0.0475,30739.7,1.1353,2.145,3.599,5065.7
1778,90.0,-0.1119,30764.7,1.0034,2.1463,3.1809,5068.9
1779,90.0,0.0,30789.7,1.2066,2.1479,3.825,5072.7
1780,90.0,-0.0371,30814.7,1.1393,2.1495,3.6114,5076.3
1781,89.73314203730267,-0.1367,30839.7,0.954,2.1508,3.0241,5079.3
1782,89.01578192252506,-0.0043,30864.4,1.1799,2.1523,3.7403,5083.1
1783,89.70186915887852,0.0243,30889.3,1.2448,2.154,3.9461,5087.0
1784,89.19051262433054,0.0352,30914.1,1.2543,2.1557,3.9762,5091.0
1785,89.95562356541699,-0.0265,30939.1,1.1577,2.1572,3.6698,5094.7
1786,89.0,-0.1327,30963.8,0.9491,2.1585,3.0085,5097.7
1787,89.0,-0.0209,30988.5,1.1498,2.1601,3.6449,5101.3
1788,88.84932821497127,-0.1161,31013.2,0.9763,2.1614,3.095,5104.4
1789,88.16381766381768,0.0209,31037.7,1.2086,2.163,3.8312,5108.2
1790,89.0,0.1161,31062.4,1.3948,2.1649,4.4215,5112.7
1791,89.0,-0.0355,31087.1,1.1236,2.1664,3.5618,5116.2
1792,88.74469696969696,-0.1423,31111.8,0.9277,2.1676,2.9407,5119.2
1793,87.97539797395072,-0.1899,31136.2,0.8308,2.1687,2.6335,5121.8
1794,87.37731481481482,0.0458,31160.5,1.2373,2.1704,3.9223,5125.7
1795,88.305353602115,0.2207,31185.0,1.5633,2.1725,4.9558,5130.7
1796,88.9662921348315,0.0965,31209.7,1.3595,2.1743,4.3096,5135.0
1797,89.0,-0.092,31234.5,1.0221,2.1757,3.2402,5138.2
1798,88.30365769496207,-0.0009,31259.0,1.1724,2.1773,3.7166,5141.9
1799,88.99378881987576,0.0458,31283.7,1.2694,2.179,4.0241,5146.0
1800,88.63345195729545,-0.1963,31308.3,0.8293,2.1801,2.6289,5148.6
1801,87.58018018018024,-0.1868,31332.7,0.8303,2.1812,2.6321,5151.2
1802,87.28872668288727,0.0314,31356.9,1.2102,2.1828,3.8363,5155.1
1803,87.80629921259835,0.0215,31381.3,1.2027,2.1844,3.8126,5158.9
1804,87.44323342415986,0.0269,31405.6,1.2053,2.1861,3.8207,5162.7
1805,88.0,0.1161,31430.0,1.3737,2.1879,4.3546,5167.1
1806,88.27921568627448,0.1389,31454.5,1.4195,2.1898,4.4998,5171.6
1807,89.0,0.1001,31479.3,1.3666,2.1916,4.332,5175.9
1808,89.0,-0.0092,31504.0,1.1708,2.1932,3.7115,5179.6
1809,88.93405600722667,-0.1346,31528.7,0.9446,2.1945,2.9942,5182.6
1810,88.03071364046983,-0.1058,31553.2,0.981,2.1958,3.1097,5185.7
1811,88.1721068249258,0.0965,31577.6,1.343,2.1976,4.2574,5190.0
1812,88.72582001682086,-0.1567,31602.3,0.9016,2.1988,2.858,5192.8
1813,87.04373423044586,-0.2323,31626.5,0.7424,2.1998,2.3533,5195.2
1814,87.0532544378699,0.1184,31650.6,1.3579,2.2016,4.3045,5199.5
1815,87.8963730569949,-0.1463,31675.1,0.9069,2.2028,2.8749,5202.4
1816,86.0,-0.22,31699.0,0.7493,2.2039,2.3752,5204.7
1817,86.31224764468371,0.189,31722.9,1.4634,2.2058,4.6391,5209.4
1818,87.36115214180208,0.2344,31747.2,1.5653,2.2079,4.9621,5214.3
1819,88.0,0.0887,31771.6,1.3258,2.2097,4.2027,5218.5
1820,88.0,0.0,31796.1,1.1683,2.2113,3.7035,5222.2
1821,88.0,0.0227,31820.5,1.2086,2.2129,3.8312,5226.1
1822,88.16370808678496,0.1389,31845.0,1.417,2.2148,4.4919,5230.6
1823,89.0,0.1162,31869.7,1.395,2.2167,4.4221,5235.0
1824,89.0,0.0,31894.5,1.1873,2.2183,3.7638,5238.7
1825,89.0,-0.0325,31919.2,1.129,2.2198,3.5788,5242.3
1826,88.76569037656905,-0.1389,31943.8,0.9341,2.221,2.9611,5245.3
1827,88.0,-0.1448,31968.3,0.9112,2.2222,2.8885,5248.2
1828,87.72277227722772,-0.1296,31992.7,0.9337,2.2235,2.9598,5251.1
1829,87.06684141546519,0.0385,32016.8,1.2184,2.2251,3.8623,5255.0
1830,88.0,0.1296,32041.3,1.3973,2.227,4.4293,5259.4
1831,88.0,0.0,32065.7,1.1683,2.2286,3.7035,5263.1
1832,88.0,0.0784,32090.2,1.3075,2.2303,4.1447,5267.3
1833,88.56438356164377,0.2778,32114.8,1.6697,2.2326,5.2928,5272.6
1834,90.0,0.1738,32139.8,1.5192,2.2346,4.8158,5277.4
1835,89.81607142857149,-0.128,32164.7,0.9711,2.2359,3.0784,5280.5
1836,89.07846715328468,0.0243,32189.5,1.2325,2.2376,3.907,5284.4
1837,89.99087591240877,0.3112,32214.5,1.7643,2.2399,5.5927,5290.0
1838,91.31876861966224,-0.0323,32239.8,1.173,2.2415,3.7183,5293.7
1839,89.75809935205184,-0.3168,32264.8,0.6689,2.2424,2.1205,5295.8
1840,89.03815694744428,-0.1594,32289.5,0.9017,2.2436,2.8585,5298.7
1841,88.61016949152537,0.0673,32314.1,1.3002,2.2454,4.1216,5302.8
1842,89.5224948875255,0.195,32339.0,1.5461,2.2474,4.901,5307.7
1843,90.01452282157673,0.3379,32364.0,1.8125,2.2499,5.7458,5313.4
1844,91.95544041450788,0.1152,32389.5,1.4571,2.2518,4.6189,5318.0
1845,90.84400000000004,-0.4105,32414.8,0.1013,2.252,0.321,5318.4
1846,89.0,-0.2141,32439.5,0.8029,2.253,2.5452,5320.9
1847,89.30232558139532,0.2305,32464.3,1.6039,2.2552,5.0844,5326.0
1848,90.65957446808495,0.318,32489.5,1.7935,2.2576,5.6854,5331.7
1849,91.5920617420067,-0.0566,32514.9,1.1333,2.2591,3.5925,5335.3
1850,90.25201938610672,-0.3212,32540.0,0.6717,2.26,2.1294,5337.4
1851,89.27915632754338,-0.035,32564.8,1.1296,2.2615,3.581,5341.0
1852,90.0,0.1001,32589.8,1.3876,2.2634,4.3987,5345.4
1853,90.0,-0.039,32614.8,1.1358,2.2649,3.6005,5349.0
1854,89.71942446043174,-0.1389,32639.7,0.9498,2.2662,3.0107,5352.0
1855,89.0,-0.0999,32664.4,1.0079,2.2676,3.1952,5355.2
1856,89.0,0.074,32689.2,1.3202,2.2693,4.185,5359.4
1857,89.53263315828957,0.2743,32714.0,1.6871,2.2716,5.3482,5364.7
1858,90.97485714285722,0.0948,32739.3,1.3988,2.2735,4.4342,5369.2
1859,90.21554252199404,0.0693,32764.4,1.3369,2.2753,4.2381,5373.4
1860,91.47400611620787,0.2478,32789.8,1.6871,2.2775,5.3482,5378.7
1861,92.0,0.0731,32815.3,1.3812,2.2794,4.3784,5383.1
1862,92.0,0.0634,32840.9,1.3635,2.2812,4.3223,5387.4
1863,92.4564619615032,0.1389,32866.6,1.5116,2.2832,4.7917,5392.2
1864,93.0,0.0755,32892.4,1.4069,2.2851,4.4599,5396.7
1865,93.0,-0.0505,32918.2,1.1713,2.2867,3.7131,5400.4
1866,92.63614838200472,-0.1389,32944.0,0.9991,2.2881,3.1672,5403.6
1867,92.0,-0.0884,32969.5,1.0819,2.2895,3.4296,5407.0
1868,92.0,0.0424,32995.1,1.3247,2.2913,4.1993,5411.2
1869,92.3050397877984,0.1389,33020.7,1.5082,2.2933,4.7808,5416.0
1870,93.0,0.0965,33046.5,1.4457,2.2952,4.5827,5420.6
1871,93.0,-0.2047,33072.4,0.882,2.2964,2.7959,5423.4
1872,91.52623688155936,0.0,33097.8,1.2366,2.2981,3.9199,5427.3
1873,93.0,0.1474,33123.6,1.5396,2.3002,4.8804,5432.2
1874,92.58787255909547,-0.1389,33149.3,0.9983,2.3015,3.1646,5435.3
1875,92.0,-0.0514,33174.9,1.1506,2.303,3.6473,5439.0
1876,92.21752265861018,0.1122,33200.5,1.4573,2.305,4.6198,5443.6
1877,92.80792420327307,-0.0386,33226.3,1.1899,2.3066,3.772,5447.4
1878,91.93992248062024,-0.2611,33251.8,0.7605,2.3076,2.4107,5449.8
1879,90.92779783393507,-0.4391,33277.1,0.1013,2.3078,0.3212,5450.1
1880,88.77839643652557,-0.4403,33301.8,0.0995,2.3079,0.3154,5450.4
1881,87.75784392598557,-0.2704,33326.1,0.685,2.3088,2.1714,5452.6
1882,86.83139534883726,-0.4376,33350.3,0.0978,2.3089,0.3102,5452.9
1883,84.60721868365182,-0.4777,33373.8,0.0959,2.3091,0.3041,5453.2
1884,83.39161336176252,-0.3701,33396.9,0.0949,2.3092,0.3008,5453.5
1885,81.94270122783094,-0.4711,33419.7,0.0937,2.3093,0.2969,5453.8
1886,80.0,-0.3326,33441.9,0.092,2.3094,0.2917,5454.1
1887,79.54776119402973,-0.2701,33464.0,0.5992,2.3102,1.8993,5456.0
1888,78.05522388059705,-0.5319,33485.7,0.0899,2.3104,0.2849,5456.3
1889,75.71815940838123,-0.4566,33506.7,0.0899,2.3105,0.2849,5456.6
1890,74.76795580110502,-0.3775,33527.5,0.0856,2.3106,0.2714,5456.8
1891,73.0,-0.2727,33547.8,0.0856,2.3107,0.2714,5457.1
1892,72.80457890433357,-0.1421,33568.0,0.6981,2.3117,2.2128,5459.3
1893,71.97707736389674,-0.3426,33588.0,0.0856,2.3118,0.2714,5459.6
1894,70.33818938605623,-0.4135,33607.5,0.0856,2.3119,0.2714,5459.9
1895,69.0,-0.1859,33626.7,0.5994,2.3127,1.9001,5461.8
1896,69.0,-0.1503,33645.9,0.6489,2.3136,2.0572,5463.8
1897,67.91755319148949,-0.5078,33664.7,0.0836,2.3137,0.2651,5464.1
1898,65.34352941176465,-0.5924,33682.9,0.0836,2.3138,0.2651,5464.3
1899,63.65206812652066,-0.3255,33700.5,0.0901,2.3139,0.2855,5464.6
1900,63.0,-0.101,33718.0,0.7227,2.3149,2.2909,5466.9
1901,62.92477876106173,-0.4167,33735.5,0.0901,2.315,0.2855,5467.2
1902,60.0,-0.4364,33752.2,0.0901,2.3151,0.2855,5467.5
1903,59.78249336870002,-0.3237,33768.8,0.0843,2.3152,0.2671,5467.8
1904,57.669354838709694,-0.4259,33784.8,0.0843,2.3153,0.2671,5468.0
1905,56.71573604060913,-0.2503,33800.6,0.0843,2.3155,0.2671,5468.3
1906,55.86689714779602,-0.2379,33816.1,0.0843,2.3156,0.2671,5468.6
1907,55.00259291270521,-0.1451,33831.4,0.5947,2.3164,1.8851,5470.4
1908,54.82196969696963,-0.1791,33846.6,0.5214,2.3171,1.6527,5472.1
1909,53.71322925225968,-0.2703,33861.5,0.0782,2.3172,0.2479,5472.3
1910,52.87558906691796,-0.2535,33876.2,0.0782,2.3173,0.2479,5472.6
1911,51.88818897637809,-0.2605,33890.6,0.0782,2.3174,0.2479,5472.8
1912,51.0,-0.1846,33904.8,0.5214,2.3181,1.6527,5474.5
1913,50.55930568948882,-0.1389,33918.8,0.5465,2.3188,1.7324,5476.2
1914,50.0,-0.0777,33932.7,0.6066,2.3196,1.923,5478.2
1915,50.0,0.0,33946.6,0.685,2.3205,2.1714,5480.3
1916,50.0,0.0,33960.5,0.685,2.3215,2.1714,5482.5
1917,50.0,-0.0587,33974.4,0.6258,2.3223,1.9837,5484.5
1918,49.57709251101316,-0.1389,33988.2,0.5103,2.323,1.6175,5486.1
1919,49.0,-0.0173,34001.8,0.6289,2.3238,1.9935,5488.1
1920,49.45279383429675,0.1389,34015.5,0.7871,2.3249,2.495,5490.6
1921,50.0,0.0219,34029.4,0.7071,2.3258,2.2415,5492.8
1922,49.61031175059949,-0.1389,34043.2,0.5104,2.3265,1.6178,5494.4
1923,49.0,-0.0848,34056.8,0.5621,2.3273,1.782,5496.2
1924,49.0,0.0,34070.4,0.646,2.3281,2.0478,5498.3
1925,49.0,0.0,34084.0,0.646,2.329,2.0478,5500.3
1926,49.0,0.0,34097.6,0.646,2.3299,2.0478,5502.4
1927,49.0,-0.0256,34111.2,0.6207,2.3307,1.9675,5504.3
1928,48.81594488188984,-0.1607,34124.8,0.4879,2.3314,1.5468,5505.9
1929,47.84326306141152,-0.2207,34138.1,0.0732,2.3315,0.232,5506.1
1930,47.22695035460975,0.1607,34151.2,0.7895,2.3325,2.5028,5508.6
1931,49.0,0.2463,34164.8,0.8895,2.3337,2.8196,5511.4
1932,49.0,0.0,34178.4,0.646,2.3346,2.0478,5513.5
1933,49.0,0.0,34192.0,0.646,2.3355,2.0478,5515.5
1934,49.0,0.0,34205.6,0.646,2.3363,2.0478,5517.6
1935,49.0,-0.0212,34219.3,0.625,2.3372,1.9813,5519.6
1936,48.84702093397743,-0.481,34232.8,0.0732,2.3373,0.232,5519.8
1937,45.536748329621695,-1.2868,34245.5,0.0732,2.3374,0.232,5520.0
1938,39.58213716108495,-1.9425,34256.5,0.0686,2.3375,0.2175,5520.2
1939,31.55073477956628,-1.8221,34265.2,0.0611,2.3375,0.1938,5520.4
1940,26.46328293736563,-1.7606,34272.6,0.0559,2.3376,0.1771,5520.6
1941,18.87451487710221,-1.9227,34277.8,0.3253,2.338,1.0312,5521.6
1942,12.620178041542951,-1.3835,34281.3,0.2702,2.3384,0.8566,5522.5
1943,8.913565426170859,-0.9925,34283.8,0.2639,2.3388,0.8367,5523.3
1944,5.47431192660538,-0.8505,34285.3,0.2639,2.3391,0.8367,5524.2
1945,2.789802289281766,-0.6506,34286.1,0.2083,2.3394,0.6604,5524.8
1946,0.7897897897896924,-0.3875,34286.3,0.1552,2.3396,0.492,5525.3
1947,0.0,-0.1097,34286.3,0.1552,2.3398,0.492,5525.8
1948,0.0,0.0,34286.3,0.1552,2.34,0.492,5526.3
1949,0.0,0.0,34286.3,0.1552,2.3402,0.492,5526.8
1950,0.0,0.0896,34286.3,0.1552,2.3404,0.492,5527.3
1951,0.6450437317783857,0.0,34286.5,0.1552,2.3406,0.492,5527.8
1952,0.0,-0.0896,34286.5,0.1552,2.3409,0.492,5528.3
1953,0.0,0.0,34286.5,0.1552,2.3411,0.492,5528.8
1954,0.0,0.0,34286.5,0.1552,2.3413,0.492,5529.3
1955,0.0,0.0,34286.5,0.1552,2.3415,0.492,5529.8
1956,0.0,0.0,34286.5,0.1552,2.3417,0.492,5530.2
1957,0.0,0.0,34286.5,0.1552,2.3419,0.492,5530.7
1958,0.0,0.0,34286.5,0.1552,2.3421,0.492,5531.2
1959,0.0,0.0,34286.5,0.1552,2.3423,0.492,5531.7
1960,0.0,0.0,34286.5,0.1552,2.3425,0.492,5532.2
1961,0.0,0.0,34286.5,0.1552,2.3427,0.492,5532.7
1962,0.0,0.0,34286.5,0.1552,2.3429,0.492,5533.2
1963,0.0,0.0,34286.5,0.1552,2.3431,0.492,5533.7
1964,0.0,0.0,34286.5,0.1552,2.3434,0.492,5534.2
1965,0.0,0.0,34286.5,0.1552,2.3436,0.492,5534.7
1966,0.0,0.0201,34286.5,0.1552,2.3438,0.492,5535.2
1967,0.1447963800905694,0.13,34286.5,0.1552,2.344,0.492,5535.7
1968,0.9357476635513272,-0.0201,34286.8,0.1552,2.3442,0.492,5536.2
1969,0.0,-0.13,34286.8,0.1552,2.3444,0.492,5536.6
1970,0.0,0.0,34286.8,0.1552,2.3446,0.492,5537.1
1971,0.0,0.0,34286.8,0.1552,2.3448,0.492,5537.6
1972,0.0,0.0,34286.8,0.1552,2.345,0.492,5538.1
1973,0.0,0.0,34286.8,0.1552,2.3452,0.492,5538.6
1974,0.0,0.0,34286.8,0.1552,2.3454,0.492,5539.1
1975,0.0,0.0972,34286.8,0.1552,2.3456,0.492,5539.6
1976,0.7000753579503305,0.0129,34287.0,0.1552,2.3459,0.492,5540.1
1977,0.0929319371726732,-0.0108,34287.0,0.1552,2.3461,0.492,5540.6
1978,0.6223862238622657,-0.0129,34287.2,0.1552,2.3463,0.492,5541.1
1979,0.0,-0.0864,34287.2,0.1552,2.3465,0.492,5541.6
1980,0.0,0.0,34287.2,0.1552,2.3467,0.492,5542.1
1981,0.0,0.0,34287.2,0.1552,2.3469,0.492,5542.5
1982,0.0,0.0,34287.2,0.1552,2.3471,0.492,5543.0
1983,0.0,0.0,34287.2,0.1552,2.3473,0.492,5543.5
1984,0.0,0.2393,34287.2,0.1552,2.3475,0.492,5544.0
1985,1.722790697674217,0.7723,34287.7,0.2388,2.3478,0.7568,5544.8
1986,5.560740144810697,1.0991,34289.2,0.3989,2.3484,1.2644,5546.0
1987,9.635964912280691,1.1755,34291.9,0.5129,2.3491,1.6258,5547.7
1988,14.024582104228656,1.2924,34295.8,0.6663,2.35,2.1122,5549.8
1989,18.941002949852788,1.5338,34301.1,0.954,2.3512,3.024,5552.8
1990,25.06816059757245,1.4133,34308.0,1.1452,2.3528,3.6301,5556.4
1991,29.11711711711724,1.0094,34316.1,1.0377,2.3542,3.2896,5559.7
1992,32.33557046979835,1.3019,34325.1,1.3358,2.356,4.2344,5564.0
1993,38.49093351242428,1.3213,34335.8,1.5829,2.3581,5.0178,5569.0
1994,41.84889187374053,1.0808,34347.4,1.5343,2.3601,4.8639,5573.8
1995,46.272727272727344,1.0666,34360.3,1.6193,2.3623,5.1333,5579.0
1996,49.52863436123356,0.6566,34374.0,1.3026,2.3641,4.1292,5583.1
1997,51.0,0.2044,34388.2,0.9011,2.3653,2.8563,5586.0
1998,51.0,0.0,34402.3,0.6907,2.3662,2.1896,5588.2
1999,51.0,0.0445,34416.5,0.7365,2.3672,2.3348,5590.5
2000,51.32018209408197,0.121,34430.8,0.8179,2.3683,2.5927,5593.1
2001,51.871287128712815,-0.0047,34445.2,0.6909,2.3692,2.1903,5595.3
2002,51.28654404646662,0.0179,34459.4,0.7109,2.3702,2.2537,5597.5
2003,52.0,0.0991,34473.9,0.8006,2.3712,2.5379,5600.1
2004,52.0,0.0,34488.3,0.6966,2.3722,2.2083,5602.3
2005,52.0,0.0,34502.8,0.6966,2.3731,2.2083,5604.5
2006,52.0,-0.0122,34517.2,0.6838,2.374,2.1677,5606.6
2007,51.91229742612004,-0.1389,34531.6,0.5506,2.3748,1.7455,5608.4
2008,51.0,-0.1267,34545.8,0.5604,2.3755,1.7764,5610.2
2009,51.0,0.0,34560.0,0.6907,2.3765,2.1896,5612.4
2010,51.0,0.0,34574.1,0.6907,2.3774,2.1896,5614.5
2011,51.0,0.0,34588.3,0.6907,2.3783,2.1896,5616.7
2012,51.0,0.0,34602.5,0.6907,2.3792,2.1896,5618.9
2013,51.0,0.0112,34616.6,0.7023,2.3802,2.2262,5621.2
2014,51.08076009501187,0.1073,34630.8,0.8018,2.3813,2.5417,5623.7
2015,51.77286432160796,-0.0112,34645.2,0.6836,2.3822,2.1669,5625.9
2016,51.0,-0.1073,34659.4,0.5803,2.383,1.8397,5627.7
2017,51.0,0.0,34673.5,0.6907,2.3839,2.1896,5629.9
2018,51.0,0.0,34687.7,0.6907,2.3848,2.1896,5632.1
2019,51.0,0.0314,34701.9,0.723,2.3858,2.2921,5634.4
2020,51.22609819121445,0.0954,34716.1,0.7907,2.3868,2.5064,5636.9
2021,51.68720748829952,-0.0314,34730.4,0.662,2.3877,2.0986,5639.0
2022,51.0,-0.0556,34744.6,0.6335,2.3886,2.0083,5641.0
2023,51.28707782672544,0.1346,34758.9,0.8317,2.3897,2.6365,5643.6
2024,51.96898395721925,-0.0399,34773.3,0.6546,2.3906,2.0751,5645.7
2025,51.0,-0.1346,34787.5,0.5522,2.3913,1.7506,5647.4
2026,51.0,0.0,34801.6,0.6907,2.3922,2.1896,5649.6
2027,51.0,0.0,34815.8,0.6907,2.3932,2.1896,5651.8
2028,51.0,0.0,34830.0,0.6907,2.3941,2.1896,5654.0
2029,51.0,0.0205,34844.1,0.7118,2.3951,2.2565,5656.3
2030,51.14728682170546,0.1366,34858.3,0.8326,2.3962,2.6392,5658.9
2031,51.98319327731094,0.0294,34872.8,0.7274,2.3971,2.3057,5661.2
2032,51.35868625756265,-0.0736,34887.0,0.6166,2.398,1.9545,5663.2
2033,51.45338983050837,-0.1887,34901.3,0.5214,2.3987,1.6527,5664.8
2034,50.0,-0.2019,34915.2,0.5214,2.3994,1.6527,5666.5
2035,50.0,0.0,34929.1,0.685,2.4003,2.1714,5668.6
2036,50.0,0.0,34943.0,0.685,2.4012,2.1714,5670.8
2037,50.0,0.0,34956.9,0.685,2.4021,2.1714,5673.0
2038,50.0,0.0,34970.8,0.685,2.403,2.1714,5675.2
2039,50.0,0.0366,34984.7,0.7219,2.404,2.2885,5677.5
2040,50.26323639075319,0.1367,34998.6,0.8251,2.4051,2.6156,5680.1
2041,50.98393574297196,0.0093,35012.8,0.7002,2.4061,2.2197,5682.3
2042,50.330012453300206,-0.0421,35026.8,0.6441,2.4069,2.0419,5684.3
2043,50.6804979253112,-0.0458,35040.9,0.6421,2.4078,2.0353,5686.4
2044,50.0,-0.0945,35054.7,0.5897,2.4086,1.8692,5688.2
2045,50.0,-0.0164,35068.6,0.6685,2.4095,2.119,5690.4
2046,49.88214702450398,-0.1389,35082.5,0.5111,2.4102,1.6203,5692.0
2047,49.0,-0.0669,35096.1,0.5798,2.4109,1.8381,5693.8
2048,49.40071877807725,0.0848,35109.8,0.7327,2.4119,2.3227,5696.1
2049,49.610526315789386,-0.0557,35123.6,0.5936,2.4127,1.8818,5698.0
2050,49.0,-0.0848,35137.2,0.5621,2.4135,1.782,5699.8
2051,49.0,0.003,35150.8,0.6489,2.4144,2.0572,5701.9
2052,49.02125693160826,0.1313,35164.4,0.776,2.4154,2.4598,5704.3
2053,49.945471349352886,0.1359,35178.3,0.7882,2.4165,2.4986,5706.8
2054,50.0,0.0212,35192.2,0.7064,2.4174,2.2392,5709.1
2055,50.09782608695667,0.0901,35206.1,0.7766,2.4184,2.4619,5711.5
2056,50.64839710444663,-0.1525,35220.2,0.5329,2.4192,1.6892,5713.2
2057,49.0,-0.2289,35233.8,0.0732,2.4193,0.232,5713.4
2058,49.0,0.0,35247.4,0.646,2.4201,2.0478,5715.5
2059,49.0,0.0,35261.0,0.646,2.421,2.0478,5717.5
2060,49.0,-0.0457,35274.6,0.6008,2.4218,1.9045,5719.4
2061,48.67117117117128,-0.1389,35288.2,0.5078,2.4225,1.6096,5721.0
2062,48.0,-0.1228,35301.5,0.5216,2.4232,1.6535,5722.7
2063,47.78728414442691,-0.1386,35314.8,0.5058,2.4239,1.6032,5724.3
2064,47.0023547880692,0.0776,35327.8,0.7088,2.4248,2.2469,5726.5
2065,48.34567901234577,0.1228,35341.2,0.7622,2.4258,2.4161,5729.0
2066,47.88638920134819,-1.5686,35354.5,0.0732,2.4259,0.232,5729.2
2067,37.05194805194767,-2.7743,35364.8,0.0686,2.426,0.2175,5729.4
2068,27.91109074243752,-2.4136,35372.6,0.0559,2.4261,0.1771,5729.6
2069,19.673740053049222,-2.1642,35378.1,0.3253,2.4265,1.0312,5730.6
2070,12.328618968386827,-1.7957,35381.5,0.2702,2.4269,0.8566,5731.5
2071,6.744999999999891,-1.1965,35383.4,0.2639,2.4273,0.8367,5732.3
2072,3.713804713804616,-0.7609,35384.4,0.2083,2.4275,0.6604,5733.0
2073,1.2666168782673537,-0.5158,35384.7,0.2083,2.4278,0.6604,5733.6
2074,0.0,-0.1759,35384.7,0.1552,2.428,0.492,5734.1
2075,0.0,0.0,35384.7,0.1552,2.4282,0.492,5734.6
2076,0.0,0.0,35384.7,0.1552,2.4284,0.492,5735.1
2077,0.0,0.0,35384.7,0.1552,2.4286,0.492,5735.6
2078,0.0,0.1386,35384.7,0.1552,2.4289,0.492,5736.1
2079,0.9979338842975692,0.0,35385.0,0.1552,2.4291,0.492,5736.6
2080,0.0,-0.1386,35385.0,0.1552,2.4293,0.492,5737.1
2081,0.0,0.0,35385.0,0.1552,2.4295,0.492,5737.6
2082,0.0,0.0,35385.0,0.1552,2.4297,0.492,5738.1
2083,0.0,0.1278,35385.0,0.1552,2.4299,0.492,5738.6
2084,0.9199999999998708,0.0043,35385.3,0.1552,2.4301,0.492,5739.0
2085,0.0311111111109818,-0.1278,35385.3,0.1552,2.4303,0.492,5739.5
2086,0.0,-0.0043,35385.3,0.1552,2.4305,0.492,5740.0
2087,0.0,0.0,35385.3,0.1552,2.4307,0.492,5740.5
2088,0.0,0.0,35385.3,0.1552,2.4309,0.492,5741.0
2089,0.0,0.053,35385.3,0.1552,2.4311,0.492,5741.5
2090,0.3817034700314767,0.1114,35385.4,0.1552,2.4314,0.492,5742.0
2091,0.8020164986251921,-0.053,35385.6,0.1552,2.4316,0.492,5742.5
2092,0.0,-0.1114,35385.6,0.1552,2.4318,0.492,5743.0
2093,0.0,0.0,35385.6,0.1552,2.432,0.492,5743.5
2094,0.0,0.0,35385.6,0.1552,2.4322,0.492,5744.0
2095,0.0,0.0,35385.6,0.1552,2.4324,0.492,5744.5
2096,0.0,0.0,35385.6,0.1552,2.4326,0.492,5745.0
2097,0.0,0.0,35385.6,0.1552,2.4328,0.492,5745.4
2098,0.0,0.0,35385.6,0.1552,2.433,0.492,5745.9
2099,0.0,0.0,35385.6,0.1552,2.4332,0.492,5746.4
2100,0.0,0.0,35385.6,0.1552,2.4334,0.492,5746.9
2101,0.0,0.8753,35385.6,0.1552,2.4336,0.492,5747.4
2102,6.302250803859016,1.3555,35387.4,0.4495,2.4342,1.4249,5748.8
2103,9.759433962264463,1.1693,35390.1,0.5149,2.4349,1.6321,5750.5
2104,14.721428571429096,1.4595,35394.2,0.7357,2.4359,2.3323,5752.8
2105,20.26798418972294,1.2487,35399.8,0.9691,2.4372,3.0721,5755.9
2106,23.712041884816635,1.1826,35406.4,1.0338,2.4386,3.2772,5759.2
2107,28.782871972318546,1.3187,35414.4,1.2067,2.4402,3.8252,5763.0
2108,33.20695364238477,1.4002,35423.6,1.4261,2.4421,4.5208,5767.5
2109,38.86447638603672,1.071,35434.4,1.4013,2.444,4.4421,5771.9
2110,40.9178644763861,1.0077,35445.8,1.4509,2.446,4.5993,5776.5
2111,46.11999999999979,0.9836,35458.6,1.5394,2.448,4.8799,5781.4
2112,48.0,0.274,35471.9,0.9059,2.4493,2.8716,5784.3
2113,48.09252669039131,0.1364,35485.3,0.7734,2.4503,2.4516,5786.7
2114,48.982206405693965,0.2649,35498.9,0.9077,2.4515,2.8773,5789.6
2115,50.0,0.1414,35512.8,0.8276,2.4526,2.6236,5792.2
2116,50.0,0.0368,35526.6,0.7221,2.4536,2.2891,5794.5
2117,50.26518883415427,0.1389,35540.6,0.8274,2.4547,2.6227,5797.2
2118,51.0,0.147,35554.8,0.842,2.4558,2.6691,5799.8
2119,51.32356857523305,0.0824,35569.0,0.778,2.4569,2.4661,5802.3
2120,51.59305210918108,-0.0449,35583.4,0.6475,2.4577,2.0525,5804.3
2121,51.0,-0.0348,35597.5,0.6549,2.4586,2.0761,5806.4
2122,51.342728297632505,0.0956,35611.8,0.7918,2.4597,2.5099,5808.9
2123,51.68834080717489,-0.0476,35626.1,0.6451,2.4606,2.0451,5811.0
2124,51.0,-0.0692,35640.3,0.6195,2.4614,1.9639,5812.9
2125,51.19014084507072,0.0818,35654.5,0.7763,2.4624,2.461,5815.4
2126,51.58897485493217,-0.0264,35668.9,0.6667,2.4633,2.1135,5817.5
2127,51.0,-0.0656,35683.0,0.6232,2.4642,1.9757,5819.5
2128,51.11639344262279,0.1389,35697.2,0.8347,2.4653,2.6459,5822.1
2129,52.0,0.024,35711.7,0.7218,2.4663,2.2881,5824.4
2130,51.2889983579638,-0.2412,35725.9,0.0782,2.4664,0.2479,5824.7
2131,50.26315789473702,0.0099,35739.9,0.6965,2.4673,2.208,5826.9
2132,51.36018099547523,0.1481,35754.1,0.8463,2.4684,2.6828,5829.6
2133,51.32951945080083,-0.0844,35768.4,0.6053,2.4692,1.9187,5831.5
2134,50.752244165170296,0.0454,35782.5,0.7358,2.4702,2.3325,5833.8
2135,51.65653153153168,-0.0082,35796.9,0.686,2.4711,2.1748,5836.0
2136,50.69315673289188,-0.2227,35810.9,0.0782,2.4713,0.2479,5836.2
2137,50.0533088235294,0.0388,35824.8,0.7245,2.4722,2.2966,5838.5
2138,50.97242647058805,0.1315,35839.0,0.8258,2.4733,2.6178,5841.1
2139,51.0,0.0038,35853.2,0.6946,2.4743,2.202,5843.3
2140,51.0,0.0183,35867.3,0.7096,2.4752,2.2493,5845.6
2141,51.13149350649372,0.0776,35881.5,0.7716,2.4763,2.4458,5848.0
2142,51.55840455840456,-0.0716,35895.9,0.6195,2.4771,1.9639,5850.0
2143,50.6156716417911,-0.1726,35909.9,0.5214,2.4778,1.6527,5851.7
2144,50.31569173630462,0.0534,35923.9,0.741,2.4788,2.349,5854.0
2145,51.0,0.1371,35938.1,0.8318,2.4799,2.6368,5856.6
2146,51.30250783699061,0.1205,35952.3,0.8172,2.481,2.5906,5859.2
2147,51.86794717887141,0.0046,35966.7,0.7007,2.4819,2.2211,5861.5
2148,51.3357575757577,0.0183,35981.0,0.7117,2.4829,2.2559,5863.7
2149,52.0,0.0598,35995.4,0.7594,2.4839,2.4072,5866.1
2150,51.7666666666666,-0.1331,36009.8,0.5562,2.4847,1.7633,5867.9
2151,51.04202898550724,-0.069,36024.0,0.6199,2.4855,1.9652,5869.9
2152,51.27009646302204,0.2204,36038.2,0.9203,2.4867,2.9173,5872.8
2153,52.62891566265058,0.1014,36052.8,0.8081,2.4878,2.5616,5875.3
2154,52.0,-0.0873,36067.3,0.605,2.4886,1.918,5877.2
2155,52.0,0.0,36081.7,0.6966,2.4896,2.2083,5879.5
2156,52.0,-0.0575,36096.2,0.6363,2.4904,2.0171,5881.5
2157,51.5859124866596,-0.1389,36110.5,0.5496,2.4911,1.7423,5883.2
2158,51.0,-0.0416,36124.7,0.6479,2.492,2.054,5885.3
2159,51.286240786240896,0.0859,36138.9,0.7813,2.4931,2.4767,5887.7
2160,51.618397085610304,-0.0398,36153.3,0.6529,2.4939,2.0697,5889.8
2161,51.0,-0.149,36167.4,0.5374,2.4947,1.7036,5891.5
2162,50.54530201342251,-0.2533,36181.5,0.0782,2.4948,0.2479,5891.8
2163,49.17633928571465,0.0632,36195.1,0.7097,2.4957,2.2496,5894.0
2164,51.0,0.2533,36209.3,0.9514,2.497,3.0158,5897.0
2165,51.0,0.0,36223.5,0.6907,2.4979,2.1896,5899.2
2166,51.0,0.0,36237.6,0.6907,2.4989,2.1896,5901.4
2167,51.0,-0.0419,36251.8,0.6476,2.4997,2.053,5903.5
2168,50.69844559585479,-0.1389,36265.9,0.5469,2.5005,1.7337,5905.2
2169,50.0,-0.097,36279.8,0.5871,2.5012,1.8613,5907.1
2170,50.0,0.0,36293.7,0.685,2.5022,2.1714,5909.2
2171,50.0,0.0376,36307.5,0.7229,2.5031,2.2917,5911.5
2172,50.27103960396046,0.0865,36321.5,0.7743,2.5042,2.4544,5914.0
2173,50.62293577981651,-0.3998,36335.6,0.0782,2.5043,0.2479,5914.2
2174,47.39259927797839,-1.6076,36348.7,0.0732,2.5044,0.232,5914.5
2175,39.04786150712648,-2.3601,36359.6,0.0686,2.5045,0.2175,5914.7
2176,30.39999999999874,-2.1873,36368.0,0.0611,2.5045,0.1938,5914.9
2177,23.299077733860155,-2.0837,36374.5,0.0619,2.5046,0.1961,5915.1
2178,15.397641112047005,-1.7967,36378.8,0.3253,2.5051,1.0312,5916.1
2179,10.362745098038667,-1.3756,36381.6,0.2702,2.5054,0.8566,5917.0
2180,5.493087557603063,-1.2028,36383.2,0.2639,2.5058,0.8367,5917.8
2181,1.7023370233700383,-0.6643,36383.6,0.2083,2.5061,0.6604,5918.4
2182,0.7099391480730161,-0.2317,36383.8,0.1552,2.5063,0.492,5918.9
2183,0.0338066260988321,-0.0986,36383.9,0.1552,2.5065,0.492,5919.4
2184,0.0,-0.0047,36383.9,0.1552,2.5067,0.492,5919.9
2185,0.0,0.1155,36383.9,0.1552,2.5069,0.492,5920.4
2186,0.8318181818180456,0.0,36384.1,0.1552,2.5071,0.492,5920.9
2187,0.0,-0.1155,36384.1,0.1552,2.5073,0.492,5921.4
2188,0.0,0.0,36384.1,0.1552,2.5075,0.492,5921.9
2189,0.0,0.0,36384.1,0.1552,2.5077,0.492,5922.4
2190,0.0,0.0,36384.1,0.1552,2.5079,0.492,5922.9
2191,0.0,0.0,36384.1,0.1552,2.5081,0.492,5923.4
2192,0.0,0.0,36384.1,0.1552,2.5084,0.492,5923.9
2193,0.0,0.0293,36384.1,0.1552,2.5086,0.492,5924.4
2194,0.211217183770995,0.0999,36384.1,0.1552,2.5088,0.492,5924.8
2195,0.7196029776675031,-0.0051,36384.3,0.1552,2.509,0.492,5925.3
2196,0.1742627345845746,-0.0028,36384.4,0.1552,2.5092,0.492,5925.8
2197,0.6995305164318648,-0.0242,36384.6,0.1552,2.5094,0.492,5926.3
2198,0.0,-0.0972,36384.6,0.1552,2.5096,0.492,5926.8
2199,0.0,0.0,36384.6,0.1552,2.5098,0.492,5927.3
2200,0.0,0.0,36384.6,0.1552,2.51,0.492,5927.8
2201,0.0,0.0,36384.6,0.1552,2.5102,0.492,5928.3
2202,0.0,0.0,36384.6,0.1552,2.5104,0.492,5928.8
2203,0.0,0.0,36384.6,0.1552,2.5106,0.492,5929.3
2204,0.0,0.0,36384.6,0.1552,2.5109,0.492,5929.8
2205,0.0,0.0,36384.6,0.1552,2.5111,0.492,5930.3
2206,0.0,0.0,36384.6,0.1552,2.5113,0.492,5930.8
2207,0.0,0.0,36384.6,0.1552,2.5115,0.492,5931.2
2208,0.0,0.0115,36384.6,0.1552,2.5117,0.492,5931.7
2209,0.0828025477706268,0.1379,36384.6,0.1552,2.5119,0.492,5932.2
2210,0.9927206551412074,-0.009,36384.9,0.1552,2.5121,0.492,5932.7
2211,0.0178217821782427,-0.1379,36384.9,0.1552,2.5123,0.492,5933.2
2212,0.0,0.0502,36384.9,0.1552,2.5125,0.492,5933.7
2213,0.3789062500000402,0.2397,36385.0,0.1552,2.5127,0.492,5934.2
2214,1.7256637168138318,0.7212,36385.5,0.237,2.5131,0.7514,5934.9
2215,5.571646341462072,1.3875,36387.0,0.4315,2.5136,1.368,5936.3
2216,11.715455475946484,1.4422,36390.3,0.6362,2.5145,2.0166,5938.3
2217,15.955752212389225,1.1544,36394.7,0.7319,2.5155,2.3203,5940.7
2218,20.02716049382709,1.0602,36400.3,0.8862,2.5167,2.8094,5943.5
2219,23.589307411908685,1.2389,36406.8,1.0573,2.5181,3.3517,5946.8
2220,28.94727744165932,1.2939,36414.9,1.1973,2.5197,3.7953,5950.6
2221,32.90557275541916,1.4386,36424.0,1.4417,2.5216,4.5703,5955.2
2222,39.305057096247765,1.4897,36434.9,1.7389,2.524,5.5125,5960.7
2223,43.63144329896892,0.9481,36447.0,1.4659,2.5259,4.6471,5965.3
2224,46.131707317073335,0.5659,36459.9,1.1574,2.5275,3.6689,5969.0
2225,47.7060606060606,0.3803,36473.1,1.005,2.5288,3.1858,5972.2
2226,48.8695263628238,0.0408,36486.7,0.6855,2.5297,2.173,5974.4
2227,48.0,-0.115,36500.0,0.5292,2.5305,1.6774,5976.0
2228,48.041331802525896,0.1389,36513.4,0.7754,2.5315,2.4579,5978.5
2229,49.0,0.1331,36527.0,0.7776,2.5325,2.4649,5981.0
2230,49.0,-0.0362,36540.6,0.6102,2.5334,1.9343,5982.9
2231,48.73936170212774,-0.1342,36554.1,0.5126,2.534,1.6249,5984.5
2232,48.033707865168594,0.063,36567.5,0.7018,2.535,2.2246,5986.7
2233,49.192997438087154,0.2731,36581.1,0.9181,2.5362,2.9104,5989.7
2234,50.0,0.1121,36595.0,0.7981,2.5373,2.5299,5992.2
2235,50.0,-0.0283,36608.9,0.6564,2.5382,2.0809,5994.3
2236,49.79650436953805,-0.0991,36622.7,0.5509,2.5389,1.7462,5996.0
2237,49.28616600790523,0.0283,36636.4,0.6757,2.5398,2.142,5998.2
2238,50.0,0.0547,36650.3,0.7402,2.5408,2.3464,6000.5
2239,49.6803278688526,-0.1389,36664.1,0.5106,2.5415,1.6185,6002.1
2240,49.0,-0.0945,36677.7,0.5526,2.5422,1.7516,6003.9
2241,49.0,0.0,36691.3,0.646,2.5431,2.0478,6005.9
2242,49.0,0.1389,36705.0,0.7833,2.5442,2.483,6008.4
2243,50.0,0.1389,36718.8,0.8251,2.5453,2.6156,6011.0
2244,50.0,0.0486,36732.7,0.734,2.5462,2.3268,6013.3
2245,50.34962717481364,0.1065,36746.7,0.7952,2.5473,2.5207,6015.9
2246,50.76681127982632,-0.0486,36760.8,0.6396,2.5482,2.0276,6017.9
2247,50.0,-0.1065,36774.7,0.5776,2.5489,1.8309,6019.7
2248,50.0,0.0,36788.6,0.685,2.5499,2.1714,6021.9
2249,50.0,0.0266,36802.5,0.7118,2.5508,2.2565,6024.2
2250,50.19145299145312,0.1389,36816.4,0.8267,2.5519,2.6208,6026.8
2251,51.0,0.1123,36830.6,0.8063,2.553,2.5559,6029.3
2252,51.0,0.0,36844.8,0.6907,2.5539,2.1896,6031.5
2253,51.0,-0.1389,36858.9,0.5478,2.5547,1.7366,6033.3
2254,50.0,-0.1389,36872.8,0.5449,2.5554,1.7273,6035.0
2255,50.0,0.1389,36886.7,0.8251,2.5565,2.6156,6037.6
2256,51.0,0.088,36900.9,0.7813,2.5576,2.4767,6040.1
2257,50.63389581804853,-0.1389,36914.9,0.5467,2.5583,1.7331,6041.8
2258,50.0,-0.0813,36928.8,0.603,2.5591,1.9115,6043.7
2259,50.04822695035477,0.1032,36942.7,0.7895,2.5602,2.5026,6046.2
2260,50.74276778733371,0.002,36956.8,0.6913,2.5611,2.1914,6048.4
2261,50.06297229219164,0.0357,36970.7,0.7214,2.5621,2.2869,6050.7
2262,51.0,0.1301,36984.9,0.8246,2.5632,2.614,6053.3
2263,51.0,0.0,36999.1,0.6907,2.5641,2.1896,6055.5
2264,51.0,0.0,37013.2,0.6907,2.565,2.1896,6057.7
2265,51.0,0.0218,37027.4,0.7132,2.566,2.2608,6060.0
2266,51.156976744186274,0.0838,37041.6,0.7781,2.567,2.4667,6062.4
2267,51.60339943342777,0.0306,37055.9,0.7261,2.568,2.3018,6064.7
2268,51.37722048066868,0.001,37070.2,0.694,2.5689,2.1999,6066.9
2269,51.610789980732186,0.0274,37084.5,0.7229,2.5699,2.2914,6069.2
2270,51.57456828885403,0.1818,37098.9,0.8833,2.5711,2.8,6072.0
2271,52.91972076788824,0.0656,37113.6,0.7722,2.5721,2.4479,6074.5
2272,52.04712041884824,-0.2666,37128.0,0.0782,2.5722,0.2479,6074.7
2273,51.0,-0.0986,37142.2,0.5893,2.573,1.868,6076.6
2274,51.33691406249984,0.1389,37156.5,0.8366,2.5741,2.6519,6079.2
2275,52.0,0.0921,37170.9,0.7933,2.5752,2.5146,6081.7
2276,52.0,0.0,37185.3,0.6966,2.5761,2.2083,6084.0
2277,52.0,0.0,37199.8,0.6966,2.5771,2.2083,6086.2
2278,52.0,0.0095,37214.2,0.7066,2.578,2.2399,6088.4
2279,52.06829765545361,0.1225,37228.7,0.8257,2.5791,2.6175,6091.0
2280,52.88170563961513,0.041,37243.4,0.7457,2.5801,2.3638,6093.4
2281,52.36372847011134,-0.0763,37257.9,0.6182,2.581,1.9597,6095.3
2282,52.33213644524267,-0.1894,37272.5,0.5214,2.5817,1.6527,6097.0
2283,51.0,-0.185,37286.6,0.5214,2.5824,1.6527,6098.6
2284,51.0,-0.0014,37300.8,0.6893,2.5833,2.1851,6100.8
2285,50.99019607843116,-0.0894,37315.0,0.5987,2.5841,1.8979,6102.7
2286,50.35611510791362,0.0146,37329.0,0.7019,2.585,2.2249,6105.0
2287,51.09528130671509,0.2283,37343.2,0.9266,2.5863,2.9374,6107.9
2288,52.0,0.0762,37357.6,0.7766,2.5873,2.4617,6110.4
2289,51.64371497197752,-0.1389,37371.9,0.5498,2.5881,1.7428,6112.1
2290,51.0,-0.0894,37386.1,0.5988,2.5889,1.898,6114.0
2291,51.0,0.0499,37400.3,0.7421,2.5899,2.3524,6116.4
2292,51.35946622185156,0.1017,37414.5,0.7982,2.5909,2.5304,6118.9
2293,51.73241061130344,-0.0499,37428.9,0.643,2.5918,2.0382,6120.9
2294,51.0,-0.1075,37443.1,0.5801,2.5926,1.839,6122.8
2295,50.95865384615373,-0.1385,37457.2,0.5481,2.5933,1.7375,6124.5
2296,50.00301507537704,0.0072,37471.1,0.6923,2.5942,2.1945,6126.7
2297,51.01054018445298,0.2366,37485.3,0.9343,2.5955,2.9617,6129.7
2298,51.70636792452853,-0.0397,37499.7,0.6535,2.5964,2.0715,6131.7
2299,50.72439862542965,-0.2318,37513.7,0.0782,2.5965,0.2479,6132.0
2300,50.03711340206192,-0.0826,37527.6,0.6018,2.5973,1.9078,6133.9
2301,50.12979351032451,0.1337,37541.6,0.821,2.5984,2.6024,6136.5
2302,51.0,0.1209,37555.7,0.8151,2.5995,2.584,6139.1
2303,51.0,0.0,37569.9,0.6907,2.6004,2.1896,6141.3
2304,51.0,-0.1389,37584.1,0.5478,2.6011,1.7366,6143.0
2305,50.0,-0.1389,37598.0,0.5449,2.6019,1.7273,6144.7
2306,50.0,-0.0522,37611.8,0.6323,2.6027,2.0045,6146.7
2307,49.6244075829384,-0.0959,37625.6,0.5534,2.6035,1.7544,6148.5
2308,49.309757694826416,0.0473,37639.3,0.6948,2.6044,2.2024,6150.7
2309,49.96463654223963,0.0967,37653.2,0.7489,2.6054,2.3739,6153.1
2310,50.00569800569787,0.0978,37667.1,0.7837,2.6065,2.4843,6155.5
2311,50.66849615806793,0.0509,37681.2,0.7409,2.6075,2.3485,6157.9
2312,50.37238095238096,0.046,37695.2,0.7339,2.6084,2.3264,6160.2
2313,51.0,0.0615,37709.3,0.754,2.6094,2.3902,6162.6
2314,50.81502890173401,-0.1413,37723.4,0.5448,2.6102,1.727,6164.3
2315,49.98255033557057,-0.2521,37737.3,0.0732,2.6103,0.232,6164.6
2316,49.0,-0.1365,37750.9,0.511,2.611,1.62,6166.2
2317,49.0,0.0,37764.6,0.646,2.6118,2.0478,6168.2
2318,49.0,0.0,37778.2,0.646,2.6127,2.0478,6170.3
2319,49.0,0.0,37791.8,0.646,2.6136,2.0478,6172.3
2320,49.0,0.0644,37805.4,0.7096,2.6145,2.2496,6174.6
2321,49.46376811594211,0.0954,37819.1,0.7438,2.6155,2.3577,6176.9
2322,49.68684025334266,-0.061,37832.9,0.5887,2.6163,1.8661,6178.8
2323,49.02479338842964,0.0523,37846.5,0.6978,2.6172,2.2122,6181.0
2324,50.063492063492106,0.2212,37860.5,0.9088,2.6185,2.8808,6183.9
2325,50.617582417582405,-0.1768,37874.5,0.5214,2.6192,1.6527,6185.5
2326,48.79047619047613,-0.3622,37888.1,0.0732,2.6193,0.232,6185.8
2327,48.01010101010077,0.1443,37901.4,0.7803,2.6203,2.4737,6188.3
2328,49.82958199356916,0.1411,37915.2,0.7925,2.6214,2.5121,6190.8
2329,49.02572347266893,-0.1152,37928.9,0.5322,2.6221,1.687,6192.4
2330,49.0,-0.0261,37942.5,0.6202,2.6229,1.966,6194.4
2331,48.83798882681564,-0.0931,37956.0,0.5534,2.6237,1.7541,6196.2
2332,48.32948929159812,0.0225,37969.5,0.6642,2.6246,2.1056,6198.3
2333,49.0,0.0931,37983.1,0.738,2.6255,2.3395,6200.6
2334,49.0,0.0,37996.7,0.646,2.6264,2.0478,6202.7
2335,49.0,0.0452,38010.3,0.6907,2.6273,2.1894,6204.9
2336,49.3253182461103,0.1316,38024.0,0.7787,2.6284,2.4686,6207.3
2337,49.94730813287535,-0.0452,38037.9,0.6057,2.6292,1.9202,6209.2
2338,49.0,-0.1316,38051.5,0.5159,2.6299,1.6353,6210.9
2339,49.0,0.0,38065.1,0.646,2.6308,2.0478,6212.9
2340,49.0,-0.0023,38078.7,0.6437,2.6316,2.0405,6215.0
2341,48.98372329603248,-0.1333,38092.3,0.5142,2.6323,1.6299,6216.6
2342,48.04019488428734,-0.0336,38105.7,0.6082,2.6331,1.9279,6218.5
2343,48.74209245742097,0.033,38119.2,0.677,2.634,2.1461,6220.7
2344,48.277580071174334,0.0343,38132.6,0.6754,2.6349,2.1411,6222.8
2345,48.98932384341646,0.2353,38146.2,0.8785,2.6361,2.7848,6225.6
2346,49.97140039447733,-0.1318,38160.1,0.5185,2.6368,1.6438,6227.2
2347,48.04036326942479,-0.217,38173.4,0.0732,2.6369,0.232,6227.5
2348,48.40884573894287,0.1333,38186.9,0.7729,2.638,2.4502,6229.9
2349,49.0,0.0725,38200.5,0.7177,2.6389,2.275,6232.2
2350,48.93087557603704,-0.1376,38214.1,0.5098,2.6396,1.6159,6233.8
2351,48.00921658986195,-0.1186,38227.4,0.5257,2.6403,1.6665,6235.5
2352,48.076923076922974,0.1376,38240.8,0.7744,2.6413,2.4549,6237.9
2353,49.0,0.1282,38254.4,0.7727,2.6424,2.4495,6240.4
2354,49.0,0.0,38268.0,0.646,2.6432,2.0478,6242.4
2355,49.0,0.0571,38281.6,0.7024,2.6442,2.2267,6244.7
2356,49.41100702576113,0.0915,38295.3,0.7395,2.6452,2.3441,6247.0
2357,49.65865384615388,-0.0653,38309.1,0.5842,2.646,1.852,6248.9
2358,48.941176470588005,-0.1824,38322.7,0.4879,2.6466,1.5468,6250.4
2359,48.34572864321617,0.0082,38336.2,0.6504,2.6475,2.0617,6252.5
2360,49.0,0.0424,38349.8,0.6879,2.6484,2.1806,6254.6
2361,48.65116279069751,-0.1389,38363.3,0.5077,2.6491,1.6095,6256.3
2362,48.0,-0.07,38376.6,0.5727,2.6499,1.8156,6258.1
2363,48.14748201438826,0.2703,38390.0,0.9039,2.6511,2.8653,6260.9
2364,49.94604316546727,0.1184,38403.9,0.7706,2.6521,2.4427,6263.4
2365,49.0,-0.1314,38417.5,0.5161,2.6528,1.636,6265.0
2366,49.0,0.0,38431.1,0.646,2.6537,2.0478,6267.1
2367,49.0,0.0,38444.7,0.646,2.6545,2.0478,6269.1
2368,49.0,0.0405,38458.3,0.686,2.6555,2.1747,6271.3
2369,49.291381668946606,0.1355,38472.0,0.7823,2.6565,2.48,6273.8
2370,49.97537619699038,0.1885,38485.9,0.8415,2.6576,2.6675,6276.4
2371,50.648648648648624,0.0384,38500.0,0.7279,2.6586,2.3076,6278.7
2372,50.251608291636806,0.0441,38513.9,0.7311,2.6596,2.3177,6281.1
2373,50.96640457469619,0.0084,38528.1,0.6992,2.6605,2.2164,6283.3
2374,50.31177325581397,-0.0023,38542.0,0.6844,2.6615,2.1697,6285.4
2375,50.950047125353535,-0.0423,38556.2,0.647,2.6623,2.0509,6287.5
2376,50.00754005655025,-0.2545,38570.1,0.0782,2.6624,0.2479,6287.7
2377,49.11737523105357,-0.001,38583.7,0.6456,2.6633,2.0467,6289.8
2378,50.0,0.1794,38597.6,0.866,2.6645,2.7451,6292.5
2379,50.40909090909078,0.1389,38611.6,0.8286,2.6656,2.6266,6295.2
2380,51.0,0.0821,38625.8,0.7752,2.6666,2.4574,6297.6
2381,51.0,-0.1314,38640.0,0.5555,2.6674,1.7611,6299.4
2382,50.05362462760684,-0.2461,38653.9,0.0782,2.6675,0.2479,6299.6
2383,49.22780832678706,-0.0074,38667.5,0.6399,2.6683,2.0285,6301.7
2384,50.0,0.1169,38681.4,0.8029,2.6694,2.5453,6304.2
2385,50.06929510155316,0.1389,38695.3,0.8257,2.6705,2.6175,6306.8
2386,51.0,0.1293,38709.5,0.8238,2.6716,2.6114,6309.4
2387,51.0,0.0,38723.7,0.6907,2.6725,2.1896,6311.6
2388,51.0,0.037,38737.8,0.7288,2.6735,2.3103,6313.9
2389,51.26645091693628,0.0865,38752.1,0.7818,2.6746,2.4782,6316.4
2390,51.62308598350989,-0.037,38766.4,0.6559,2.6755,2.0791,6318.5
2391,51.0,-0.0865,38780.6,0.6017,2.6763,1.9075,6320.4
2392,51.0,0.0246,38794.7,0.7161,2.6772,2.2699,6322.7
2393,51.17737003058102,0.1389,38809.0,0.8352,2.6783,2.6476,6325.3
2394,52.0,0.1143,38823.4,0.8165,2.6794,2.5884,6327.9
2395,52.0,-0.0215,38837.9,0.6741,2.6803,2.1368,6330.0
2396,51.845086705202256,-0.2185,38852.3,0.5214,2.681,1.6527,6331.7
2397,50.42661034846928,0.0215,38866.3,0.7093,2.682,2.2485,6333.9
2398,52.0,0.2185,38880.7,0.9259,2.6832,2.935,6336.9
2399,52.0,-0.1313,38895.1,0.5589,2.684,1.7717,6338.6
2400,51.05458089668621,-0.1389,38909.3,0.548,2.6847,1.7371,6340.4
2401,51.0,-0.0076,38923.5,0.6829,2.6856,2.1649,6342.5
2402,51.0,0.0,38937.7,0.6907,2.6866,2.1896,6344.7
2403,51.0,0.0,38951.8,0.6907,2.6875,2.1896,6346.9
2404,51.0,0.0,38966.0,0.6907,2.6884,2.1896,6349.1
2405,51.0,0.0321,38980.2,0.7238,2.6894,2.2943,6351.4
2406,51.231244483671766,0.1389,38994.4,0.8357,2.6905,2.649,6354.1
2407,52.0,0.065,39008.8,0.7648,2.6915,2.4245,6356.5
2408,51.69913793103442,-0.1643,39023.2,0.5235,2.6922,1.6594,6358.1
2409,50.8172147001935,-0.211,39037.3,0.5214,2.6929,1.6527,6359.8
2410,50.17960602549264,0.0556,39051.3,0.7423,2.6939,2.3531,6362.1
2411,51.21758569299545,0.2477,39065.5,0.948,2.6952,3.005,6365.1
2412,51.9627421758568,0.0939,39079.9,0.7948,2.6963,2.5197,6367.7
2413,51.89341692789981,-0.1092,39094.3,0.5817,2.6971,1.8439,6369.5
2414,51.17618469015797,-0.0201,39108.5,0.671,2.698,2.1271,6371.6
2415,51.74902572096637,-0.0341,39122.9,0.6595,2.6988,2.0907,6373.7
2416,50.93072824156268,-0.1077,39137.1,0.5797,2.6996,1.8376,6375.6
2417,50.9734151329245,0.1485,39151.2,0.8433,2.7008,2.6733,6378.2
2418,52.0,0.1426,39165.7,0.8462,2.7019,2.6826,6380.9
2419,52.0,-0.0416,39180.1,0.653,2.7028,2.07,6383.0
2420,51.70050761421317,-0.133,39194.5,0.5561,2.7035,1.7629,6384.8
2421,51.04213135068166,0.0004,39208.7,0.6914,2.7044,2.1917,6386.9
2422,51.70326797385634,-0.0059,39223.0,0.6887,2.7054,2.1832,6389.1
2423,51.0,-0.0977,39237.2,0.5902,2.7062,1.871,6391.0
2424,51.0,0.0,39251.4,0.6907,2.7071,2.1896,6393.2
2425,51.0,0.0,39265.5,0.6907,2.708,2.1896,6395.4
2426,51.0,-0.0071,39279.7,0.6834,2.7089,2.1665,6397.5
2427,50.948990435706925,-0.1193,39293.8,0.5678,2.7097,1.8,6399.3
2428,50.14097496706188,0.0071,39307.8,0.693,2.7106,2.1967,6401.5
2429,51.0,0.073,39321.9,0.7659,2.7117,2.4278,6404.0
2430,50.666260657734576,-0.0821,39336.0,0.6049,2.7125,1.9175,6405.9
2431,50.40921409214091,0.0044,39350.0,0.6918,2.7134,2.193,6408.1
2432,50.69781659388646,-0.0314,39364.1,0.6569,2.7143,2.0823,6410.2
2433,50.18289353958143,0.042,39378.0,0.7286,2.7153,2.3095,6412.5
2434,51.0,0.0681,39392.2,0.7608,2.7163,2.4118,6414.9
2435,50.673224043715855,-0.1389,39406.3,0.5468,2.717,1.7335,6416.6
2436,50.0,-0.0656,39420.2,0.6188,2.7178,1.9617,6418.6
2437,50.2006651884701,0.1389,39434.1,0.8268,2.7189,2.621,6421.2
2438,51.0,0.0593,39448.3,0.7518,2.72,2.3831,6423.6
2439,50.62758620689652,-0.1817,39462.3,0.5214,2.7207,1.6527,6425.2
2440,49.69211195928758,-0.2503,39476.1,0.0732,2.7208,0.232,6425.5
2441,48.82526115859436,-0.2136,39489.7,0.4879,2.7214,1.5468,6427.0
2442,48.15429917550048,0.0621,39503.1,0.7017,2.7224,2.2243,6429.2
2443,49.272727272727394,0.2563,39516.8,0.9023,2.7236,2.8602,6432.1
2444,50.0,0.0585,39530.7,0.744,2.7246,2.3585,6434.5
2445,49.693722943723046,-0.1389,39544.5,0.5106,2.7252,1.6186,6436.1
2446,49.0,-0.0964,39558.1,0.5507,2.726,1.7457,6437.8
2447,49.0,0.0,39571.7,0.646,2.7269,2.0478,6439.9
2448,49.0,0.039,39585.3,0.6845,2.7278,2.17,6442.0
2449,49.28109627547437,0.1366,39599.0,0.7834,2.7288,2.4832,6444.5
2450,49.98383696416013,-0.0983,39612.9,0.5524,2.7296,1.751,6446.3
2451,48.57327188940118,0.0022,39626.4,0.6458,2.7304,2.0471,6448.3
2452,50.0,0.1982,39640.2,0.8849,2.7316,2.8052,6451.1
2453,50.0,-0.003,39654.1,0.682,2.7325,2.1618,6453.3
2454,49.9781553398058,-0.209,39668.0,0.4879,2.7332,1.5468,6454.8
2455,48.495314591700094,-0.0382,39681.5,0.6058,2.734,1.9205,6456.8
2456,49.702849389416514,0.0735,39695.3,0.7236,2.735,2.2938,6459.1
2457,49.02442333785621,-0.2316,39708.9,0.0732,2.7351,0.232,6459.3
2458,48.03508771929831,0.0897,39722.3,0.7276,2.736,2.3066,6461.6
2459,49.66999334664003,0.1347,39736.1,0.7847,2.7371,2.4875,6464.1
2460,49.004657351962784,-0.0931,39749.7,0.554,2.7378,1.756,6465.8
2461,49.0,-0.0006,39763.3,0.6454,2.7387,2.0459,6467.9
2462,49.0,-0.0219,39776.9,0.6243,2.7396,1.9791,6469.9
2463,48.84196891191709,-0.1357,39790.5,0.5114,2.7402,1.6211,6471.5
2464,48.02312673450517,0.0148,39803.8,0.655,2.7411,2.0763,6473.6
2465,48.94819611470857,0.057,39817.4,0.702,2.7421,2.2253,6475.8
2466,48.43342036553533,0.0072,39830.8,0.6499,2.7429,2.0602,6477.8
2467,49.0,0.0787,39844.5,0.7238,2.7439,2.2944,6480.1
2468,49.0,-0.0202,39858.1,0.626,2.7447,1.9845,6482.1
2469,48.85481239804247,-0.1389,39871.6,0.5083,2.7454,1.6112,6483.7
2470,48.0,-0.0965,39885.0,0.5471,2.7462,1.7342,6485.5
2471,48.16017316017315,0.1389,39898.4,0.7763,2.7472,2.461,6487.9
2472,49.0,0.1166,39912.0,0.7612,2.7482,2.4132,6490.3
2473,49.0,0.0,39925.6,0.646,2.7491,2.0478,6492.4
2474,49.0,0.0,39939.2,0.646,2.75,2.0478,6494.4
2475,49.0,-0.0329,39952.8,0.6135,2.7508,1.9447,6496.4
2476,48.76320272572419,-0.1198,39966.3,0.5268,2.7515,1.67,6498.1
2477,48.13720316622671,0.0329,39979.7,0.6732,2.7524,2.1341,6500.2
2478,49.0,0.1323,39993.3,0.7768,2.7534,2.4624,6502.6
2479,49.0894901144639,0.121,40007.0,0.7663,2.7545,2.4292,6505.1
2480,49.87153134635148,-0.0124,40020.8,0.6384,2.7553,2.0236,6507.1
2481,49.0,-0.121,40034.4,0.5264,2.756,1.6686,6508.8
2482,49.0,-0.0354,40048.0,0.611,2.7568,1.9368,6510.7
2483,48.744956772334085,-0.1389,40061.6,0.508,2.7575,1.6103,6512.3
2484,48.0,-0.0613,40074.9,0.5812,2.7583,1.8423,6514.2
2485,48.30378096479803,0.1389,40088.3,0.7775,2.7594,2.4648,6516.6
2486,49.0,0.0091,40101.9,0.655,2.7602,2.0763,6518.7
2487,48.36939501779339,-0.2657,40115.4,0.0732,2.7603,0.232,6518.9
2488,47.08715596330279,0.0876,40128.5,0.7189,2.7613,2.2788,6521.2
2489,49.0,0.2657,40142.1,0.9086,2.7625,2.8804,6524.1
2490,49.0,0.0318,40155.7,0.6774,2.7634,2.1474,6526.2
2491,49.22862453531607,0.1169,40169.3,0.7634,2.7644,2.4198,6528.7
2492,49.84200743494417,-0.0318,40183.2,0.6187,2.7653,1.9613,6530.6
2493,49.0,-0.0897,40196.8,0.5573,2.766,1.7666,6532.4
2494,49.19632414369265,0.1389,40210.5,0.7849,2.7671,2.4882,6534.9
2495,50.0,0.1092,40224.4,0.7952,2.7681,2.5206,6537.4
2496,49.98291925465843,-0.101,40238.2,0.5496,2.7689,1.7423,6539.1
2497,49.2724573125465,-0.0029,40251.9,0.6446,2.7698,2.0434,6541.2
2498,49.96233521657253,-0.1657,40265.8,0.4879,2.7704,1.5468,6542.7
2499,48.07909604519759,0.0052,40279.2,0.646,2.7713,2.0478,6544.8
2500,50.0,0.2668,40293.1,0.9541,2.7726,3.0246,6547.8
2501,50.0,0.0,40306.9,0.685,2.7735,2.1714,6550.0
2502,50.0,0.0,40320.8,0.685,2.7744,2.1714,6552.1
2503,50.0,0.1389,40334.7,0.8251,2.7755,2.6156,6554.8
2504,51.0,0.1291,40348.9,0.8236,2.7766,2.6107,6557.4
2505,50.92945662535785,-0.2746,40363.0,0.0782,2.7767,0.2479,6557.6
2506,49.02287893231682,-0.1297,40376.7,0.5178,2.7774,1.6415,6559.3
2507,49.99596774193558,0.1395,40390.5,0.7923,2.7785,2.5115,6561.8
2508,50.02743902439029,0.093,40404.4,0.779,2.7795,2.4695,6564.2
2509,50.66574330563245,-0.0038,40418.5,0.6849,2.7804,2.1712,6566.4
2510,50.0,-0.0925,40432.4,0.5917,2.7812,1.8756,6568.3
2511,50.0,0.0291,40446.3,0.7144,2.7822,2.2645,6570.6
2512,50.20946538124453,0.1389,40460.2,0.8269,2.7833,2.6212,6573.2
2513,51.0,0.0607,40474.4,0.7532,2.7843,2.3876,6575.6
2514,50.64641434262943,-0.1389,40488.5,0.5468,2.785,1.7332,6577.3
2515,50.0,-0.0898,40502.4,0.5944,2.7858,1.8843,6579.2
2516,50.0,0.0,40516.2,0.685,2.7868,2.1714,6581.3
2517,50.0,0.0615,40530.1,0.747,2.7878,2.3681,6583.7
2518,50.442959001782455,0.0794,40544.1,0.7683,2.7888,2.4356,6586.2
2519,50.57142857142857,-0.0166,40558.2,0.6713,2.7897,2.1281,6588.3
2520,50.32341526520055,0.0554,40572.2,0.7431,2.7907,2.3556,6590.6
2521,50.97024579560166,0.1842,40586.3,0.88,2.7919,2.7896,6593.4
2522,51.64946619217096,0.048,40600.7,0.7446,2.7929,2.3603,6595.8
2523,51.31615925058553,0.0487,40614.9,0.743,2.7939,2.3553,6598.1
2524,52.0,0.0775,40629.4,0.7779,2.7949,2.4661,6600.6
2525,51.87445510026174,-0.1385,40643.8,0.5509,2.7957,1.7465,6602.4
2526,51.00261551874469,-0.1215,40658.0,0.5657,2.7964,1.7934,6604.1
2527,51.0,-0.0004,40672.1,0.6903,2.7973,2.1883,6606.3
2528,51.0,0.0,40686.3,0.6907,2.7983,2.1896,6608.5
2529,51.0,0.0208,40700.5,0.7121,2.7992,2.2575,6610.8
2530,51.14993306559576,0.1389,40714.7,0.835,2.8003,2.6468,6613.4
2531,52.0,0.1181,40729.1,0.8205,2.8014,2.6011,6616.0
2532,52.0,0.0,40743.6,0.6966,2.8024,2.2083,6618.2
2533,52.0,-0.0319,40758.0,0.6632,2.8033,2.1022,6620.3
2534,51.77065637065636,-0.1386,40772.4,0.5505,2.804,1.7451,6622.1
2535,51.00191387559804,0.0261,40786.5,0.7176,2.805,2.2748,6624.4
2536,51.95885167464104,-0.0003,40801.0,0.6961,2.8059,2.2065,6626.6
2537,51.0,-0.1332,40815.1,0.5537,2.8066,1.7552,6628.3
2538,51.0,0.1389,40829.3,0.8337,2.8078,2.6427,6631.0
2539,52.0,0.1389,40843.8,0.8424,2.8089,2.6703,6633.6
2540,52.0,0.0,40858.2,0.6966,2.8098,2.2083,6635.8
2541,52.0,0.0,40872.6,0.6966,2.8108,2.2083,6638.1
2542,52.0,0.0,40887.1,0.6966,2.8117,2.2083,6640.3
2543,52.0,0.0,40901.5,0.6966,2.8126,2.2083,6642.5
2544,52.0,0.0,40916.0,0.6966,2.8136,2.2083,6644.7
2545,52.0,-0.1352,40930.4,0.5548,2.8143,1.7587,6646.4
2546,51.02626262626247,-0.1564,40944.6,0.5299,2.815,1.6797,6648.1
2547,50.87419651056003,-0.1365,40958.7,0.5499,2.8158,1.7432,6649.9
2548,50.04343891402696,0.0103,40972.6,0.6956,2.8167,2.2052,6652.1
2549,50.94841628959293,0.1329,40986.8,0.827,2.8178,2.6217,6654.7
2550,51.0,0.0072,41000.9,0.6981,2.8187,2.2131,6656.9
2551,51.0,0.049,41015.1,0.7412,2.8197,2.3495,6659.2
2552,51.35311572700295,0.1007,41029.4,0.7971,2.8208,2.5269,6661.8
2553,51.72539682539687,-0.0372,41043.7,0.6562,2.8217,2.0801,6663.9
2554,51.08523290386504,0.0381,41057.9,0.7305,2.8227,2.3157,6666.2
2555,52.0,0.1138,41072.4,0.816,2.8238,2.5868,6668.8
2556,51.904714142427466,-0.1268,41086.8,0.5633,2.8245,1.7856,6670.5
2557,51.08734402852047,0.0103,41101.0,0.7019,2.8255,2.2249,6672.8
2558,51.97860962566855,-0.0113,41115.4,0.6847,2.8264,2.1703,6674.9
2559,51.00600240096051,-0.0192,41129.6,0.671,2.8273,2.1271,6677.1
2560,51.84059314179797,-0.0008,41144.0,0.6948,2.8282,2.2027,6679.3
2561,51.0,-0.1167,41158.2,0.5707,2.829,1.809,6681.1
2562,51.0,0.0,41172.3,0.6907,2.8299,2.1896,6683.3
2563,51.0,0.0,41186.5,0.6907,2.8308,2.1896,6685.5
2564,51.0,-0.0445,41200.7,0.645,2.8317,2.0445,6687.5
2565,50.67960088691774,-0.1389,41214.7,0.5469,2.8324,1.7336,6689.2
2566,50.0,-0.0944,41228.6,0.5898,2.8332,1.8696,6691.1
2567,50.0,0.0,41242.5,0.685,2.8342,2.1714,6693.3
2568,50.0,0.0,41256.4,0.685,2.8351,2.1714,6695.4
2569,50.0,0.0,41270.3,0.685,2.836,2.1714,6697.6
2570,50.0,0.1389,41284.2,0.8251,2.8371,2.6156,6700.2
2571,51.0,0.1389,41298.4,0.8337,2.8382,2.6427,6702.9
2572,51.0,-0.0538,41312.5,0.6354,2.8391,2.0142,6704.9
2573,50.61229314420807,-0.1845,41326.6,0.5214,2.8398,1.6527,6706.5
2574,49.67188563648744,-0.2239,41340.4,0.0732,2.8399,0.232,6706.8
2575,49.0,-0.0486,41354.0,0.5979,2.8407,1.8954,6708.7
2576,49.32183908045984,0.1389,41367.7,0.786,2.8417,2.4916,6711.2
2577,50.0,0.0942,41381.6,0.78,2.8428,2.4727,6713.6
2578,50.0,0.0235,41395.5,0.7087,2.8437,2.2466,6715.9
2579,50.16884247171452,0.1299,41409.4,0.8174,2.8448,2.5913,6718.5
2580,50.93543758966992,-0.0717,41423.6,0.6167,2.8456,1.9549,6720.4
2581,49.65234765234761,-0.2688,41437.3,0.0732,2.8457,0.232,6720.7
2582,49.0,-0.0838,41451.0,0.5631,2.8465,1.7851,6722.4
2583,49.04878048780502,0.098,41464.6,0.7432,2.8475,2.356,6724.8
2584,49.70593368237353,0.0158,41478.4,0.6658,2.8484,2.1105,6726.9
2585,49.16283034953098,0.0408,41492.0,0.6873,2.8493,2.1789,6729.1
2586,50.0,0.017,41505.9,0.7021,2.8503,2.2258,6731.3
2587,49.28510638297888,-0.2386,41519.6,0.0732,2.8504,0.232,6731.5
2588,48.28185053380792,-0.0405,41533.0,0.6026,2.8512,1.9102,6733.5
2589,48.993594306049815,0.2085,41546.6,0.852,2.8523,2.701,6736.2
2590,49.7828106852498,0.0009,41560.5,0.6513,2.8532,2.0645,6738.2
2591,49.0,-0.1087,41574.1,0.5385,2.8539,1.7071,6739.9
2592,49.0,0.0,41587.7,0.646,2.8548,2.0478,6742.0
2593,49.0,0.0042,41601.3,0.6501,2.8556,2.0609,6744.0
2594,49.0300000000002,0.1389,41614.9,0.7835,2.8567,2.4838,6746.5
2595,50.0,0.1242,41628.8,0.8103,2.8578,2.5686,6749.1
2596,49.92448512585833,-0.1759,41642.7,0.4879,2.8584,1.5468,6750.6
2597,48.73333333333325,-0.2139,41656.2,0.4879,2.8591,1.5468,6752.2
2598,48.384364820847054,0.0778,41669.7,0.7185,2.8601,2.2778,6754.5
2599,49.29362214199772,0.1331,41683.4,0.78,2.8611,2.4725,6756.9
2600,49.34287987271282,-0.1797,41697.1,0.4879,2.8618,1.5468,6758.5
2601,48.0,-0.1865,41710.4,0.4879,2.8624,1.5468,6760.0
2602,48.0,0.0,41723.7,0.6405,2.8633,2.0304,6762.1
2603,48.0,-0.0413,41737.1,0.6005,2.8641,1.9037,6764.0
2604,47.70261941448379,-0.1086,41750.3,0.5344,2.8648,1.6941,6765.7
2605,47.21836228287888,0.1481,41763.4,0.7774,2.8658,2.4645,6768.1
2606,48.76904176904164,0.1086,41777.0,0.7516,2.8669,2.3824,6770.5
2607,48.0,-0.1357,41790.3,0.5091,2.8675,1.6139,6772.1
2608,47.79208924949295,-0.1389,41803.6,0.5055,2.8682,1.6023,6773.7
2609,47.0,-0.0628,41816.6,0.5757,2.869,1.8248,6775.5
2610,47.33986371379889,0.1683,41829.8,0.7977,2.8701,2.5288,6778.1
2611,48.21206409048065,0.2306,41843.2,0.866,2.8712,2.7451,6780.8
2612,49.0,0.1094,41856.8,0.7541,2.8722,2.3906,6783.2
2613,49.0,0.0,41870.4,0.646,2.8731,2.0478,6785.3
2614,49.0,0.0,41884.0,0.646,2.874,2.0478,6787.3
2615,49.0,-0.1015,41897.6,0.5456,2.8747,1.7297,6789.0
2616,48.26886035313002,-0.0194,41911.0,0.6231,2.8755,1.9752,6791.0
2617,48.8605015673982,0.0161,41924.6,0.6611,2.8764,2.0956,6793.1
2618,48.38481228668943,0.0194,41938.0,0.6615,2.8773,2.0971,6795.2
2619,49.0,0.1373,41951.7,0.7817,2.8784,2.478,6797.7
2620,49.37309644670041,0.1389,41965.4,0.7864,2.8794,2.4929,6800.2
2621,50.0,0.0796,41979.3,0.7653,2.8804,2.426,6802.6
2622,49.94638069705099,-0.1316,41993.1,0.5187,2.8811,1.6442,6804.2
2623,49.05272564790008,-0.1314,42006.8,0.5162,2.8818,1.6365,6805.9
2624,49.0,0.0215,42020.4,0.6672,2.8827,2.1151,6808.0
2625,49.20736196319001,0.1389,42034.0,0.785,2.8838,2.4885,6810.5
2626,50.0,0.1101,42047.9,0.7961,2.8849,2.5235,6813.0
2627,50.0,0.0,42061.8,0.685,2.8858,2.1714,6815.2
2628,50.0,0.0444,42075.7,0.7298,2.8868,2.3134,6817.5
2629,50.31962238705334,0.138,42089.7,0.8269,2.8879,2.6213,6820.1
2630,50.99393122049898,0.093,42103.8,0.7864,2.8889,2.4928,6822.6
2631,50.98942917547546,-0.1551,42118.0,0.5311,2.8896,1.6837,6824.3
2632,49.877041306436375,-0.4116,42131.9,0.0732,2.8897,0.232,6824.5
2633,48.025555555555705,-0.1038,42145.2,0.5401,2.8905,1.7121,6826.2
2634,49.12947368421054,0.2742,42158.9,0.9185,2.8917,2.9116,6829.1
2635,50.0,0.1209,42172.7,0.807,2.8928,2.558,6831.7
2636,50.0,-0.0347,42186.6,0.65,2.8936,2.0605,6833.8
2637,49.75,-0.1209,42200.5,0.5288,2.8944,1.6763,6835.4
2638,49.12933753943199,0.1002,42214.1,0.746,2.8954,2.3649,6837.8
2639,50.471083070452,0.2148,42228.1,0.9064,2.8966,2.8733,6840.7
2640,50.67558746736296,-0.0623,42242.2,0.6252,2.8974,1.9818,6842.7
2641,50.02284595300252,0.0337,42256.1,0.7191,2.8984,2.2797,6844.9
2642,50.918525703200935,-0.0032,42270.2,0.687,2.8993,2.1777,6847.1
2643,50.0,-0.0742,42284.1,0.6101,2.9001,1.9342,6849.1
2644,50.38429752066126,0.1101,42298.1,0.7991,2.9012,2.5332,6851.6
2645,50.79301948051938,-0.0534,42312.2,0.6348,2.902,2.0124,6853.6
2646,50.0,-0.1525,42326.1,0.5312,2.9028,1.6838,6855.3
2647,49.69494290375212,-0.0921,42339.9,0.5575,2.9035,1.7673,6857.0
2648,49.33674630261679,0.1435,42353.6,0.7907,2.9046,2.5065,6859.6
2649,50.72828282828299,0.0921,42367.7,0.7834,2.9056,2.4835,6862.0
2650,50.0,-0.1012,42381.6,0.5829,2.9064,1.8478,6863.9
2651,50.0,0.0,42395.5,0.685,2.9073,2.1714,6866.1
2652,50.0,0.0416,42409.4,0.727,2.9083,2.3045,6868.4
2653,50.29946524064191,0.1389,42423.4,0.8277,2.9094,2.6237,6871.0
2654,51.0,0.0595,42437.5,0.752,2.9104,2.3837,6873.4
2655,50.7276923076924,-0.1461,42451.6,0.5396,2.9111,1.7106,6875.1
2656,49.94827586206888,-0.2373,42465.5,0.0732,2.9112,0.232,6875.3
2657,49.0187969924816,0.1278,42479.1,0.7725,2.9123,2.4487,6877.8
2658,50.868301544050894,0.3763,42493.2,1.0762,2.9137,3.4114,6881.2
2659,51.72799422799426,0.0192,42507.6,0.7151,2.9147,2.2667,6883.4
2660,51.00649350649352,-0.1011,42521.8,0.5867,2.9155,1.86,6885.3
2661,51.0,0.0406,42535.9,0.7325,2.9164,2.3221,6887.6
2662,51.2989203778678,0.1352,42550.2,0.8324,2.9176,2.6387,6890.3
2663,51.97368421052618,-0.0337,42564.6,0.6611,2.9184,2.0958,6892.4
2664,51.05599214145365,-0.1352,42578.8,0.5518,2.9192,1.7492,6894.1
2665,51.0,-0.0078,42593.0,0.6827,2.9201,2.1642,6896.3
2666,51.0,0.0273,42607.1,0.7188,2.9211,2.2787,6898.5
2667,51.1968085106385,0.1902,42621.4,0.8883,2.9223,2.8161,6901.4
2668,52.36974789915971,0.1755,42635.9,0.8843,2.9235,2.8031,6904.2
2669,52.46013289036563,-0.1673,42650.5,0.5223,2.9242,1.6558,6905.8
2670,51.16552667578667,-0.1174,42664.7,0.5705,2.9249,1.8085,6907.6
2671,51.61500493583425,0.024,42679.0,0.7193,2.9259,2.2803,6909.9
2672,51.33811659192828,0.0535,42693.3,0.7481,2.9269,2.3716,6912.3
2673,52.0,0.0312,42707.7,0.7294,2.9279,2.3121,6914.6
2674,51.56277056277056,-0.0873,42722.1,0.6032,2.9287,1.9122,6916.5
2675,51.37151702786382,0.0607,42736.3,0.7558,2.9297,2.396,6918.9
2676,52.0,0.0873,42750.8,0.7882,2.9307,2.4986,6921.4
2677,52.0,0.0,42765.2,0.6966,2.9317,2.2083,6923.6
2678,52.0,-0.0464,42779.7,0.648,2.9326,2.054,6925.7
2679,51.66559829059823,-0.1389,42794.0,0.5499,2.9333,1.7431,6927.4
2680,51.0,-0.0465,42808.2,0.6429,2.9342,2.038,6929.4
2681,51.331007751938095,0.1227,42822.4,0.8197,2.9353,2.5986,6932.0
2682,51.88350340136044,-0.0414,42836.9,0.6526,2.9361,2.0687,6934.1
2683,51.03316326530629,-0.1227,42851.0,0.5646,2.9369,1.7898,6935.9
2684,51.0,0.0377,42865.2,0.7295,2.9379,2.3126,6938.2
2685,51.3047385620915,0.1141,42879.4,0.8106,2.939,2.5697,6940.8
2686,51.82177033492832,-0.0899,42893.8,0.6016,2.9398,1.907,6942.7
2687,50.65754923413564,-0.2126,42907.9,0.5214,2.9405,1.6527,6944.3
2688,50.2910284463894,0.0539,42921.9,0.7413,2.9415,2.3501,6946.7
2689,51.04560260586289,0.1938,42936.1,0.8906,2.9427,2.8232,6949.5
2690,51.68612585291881,-0.0281,42950.4,0.6655,2.9435,2.1095,6951.6
2691,50.842975206611904,-0.2342,42964.5,0.0782,2.9437,0.2479,6951.9
2692,50.0,-0.0995,42978.4,0.5846,2.9444,1.8533,6953.7
2693,50.12686567164165,0.1328,42992.4,0.82,2.9455,2.5995,6956.3
2694,50.95605306799345,0.1213,43006.5,0.8152,2.9466,2.5841,6958.9
2695,51.0,0.0061,43020.7,0.697,2.9476,2.2095,6961.1
2696,51.0,0.0,43034.8,0.6907,2.9485,2.1896,6963.3
2697,51.0,0.0,43049.0,0.6907,2.9494,2.1896,6965.5
2698,51.0,-0.0227,43063.2,0.6674,2.9503,2.1156,6967.6
2699,50.83658170914552,-0.1389,43077.3,0.5473,2.9511,1.735,6969.4
2700,50.0,-0.1026,43091.2,0.5815,2.9518,1.8433,6971.2
2701,50.09820193637609,0.1389,43105.1,0.8259,2.9529,2.6182,6973.8
2702,51.0,0.105,43119.3,0.7988,2.954,2.5321,6976.3
2703,50.85411140583536,-0.0995,43133.4,0.5878,2.9548,1.8633,6978.2
2704,50.28366533864557,0.0203,43147.4,0.7072,2.9558,2.2418,6980.5
2705,51.0,0.0995,43161.5,0.7931,2.9568,2.5142,6983.0
2706,51.0,-0.004,43175.7,0.6866,2.9577,2.1766,6985.1
2707,50.9712696941613,-0.1327,43189.9,0.5541,2.9585,1.7565,6986.9
2708,50.044485634846886,-0.1349,43203.8,0.549,2.9592,1.7405,6988.6
2709,50.0,-0.0062,43217.6,0.6787,2.9601,2.1516,6990.8
2710,50.0,0.0462,43231.5,0.7316,2.9611,2.3192,6993.1
2711,50.332430602572806,0.137,43245.5,0.826,2.9622,2.6184,6995.7
2712,50.986615678776175,-0.0419,43259.7,0.6476,2.9631,2.0528,6997.8
2713,50.03059273422576,-0.2759,43273.6,0.0782,2.9632,0.2479,6998.0
2714,49.0,-0.1431,43287.2,0.5045,2.9639,1.5993,6999.6
2715,49.0,0.0,43300.8,0.646,2.9647,2.0478,7001.7
2716,49.0,0.0,43314.4,0.646,2.9656,2.0478,7003.7
2717,49.0,-0.1372,43328.0,0.5103,2.9663,1.6178,7005.3
2718,48.01218274111692,-0.0746,43341.4,0.5683,2.9671,1.8016,7007.1
2719,48.46276595744672,0.1372,43354.8,0.7772,2.9681,2.4636,7009.6
2720,49.0,0.0154,43368.4,0.6612,2.969,2.096,7011.7
2721,48.57351290684616,-0.0944,43381.9,0.5511,2.9697,1.7471,7013.5
2722,48.32023575638508,0.0558,43395.3,0.6967,2.9707,2.2084,7015.7
2723,48.97511460379829,0.1361,43408.9,0.7803,2.9717,2.4736,7018.1
2724,49.30050933786065,0.0951,43422.6,0.7422,2.9727,2.3529,7020.5
2725,49.65957446808528,-0.1806,43436.4,0.4879,2.9734,1.5468,7022.0
2726,48.0,-0.2305,43449.8,0.0732,2.9735,0.232,7022.3
2727,48.0,-0.0096,43463.1,0.6312,2.9743,2.001,7024.3
2728,47.93075684380014,-0.0818,43476.4,0.561,2.9751,1.7785,7026.0
2729,47.41130604288508,0.0096,43489.6,0.6466,2.9759,2.0496,7028.1
2730,48.0,0.1331,43502.9,0.7694,2.977,2.439,7030.5
2731,48.36937901498918,0.1389,43516.4,0.7781,2.978,2.4665,7033.0
2732,49.0,0.0876,43530.0,0.7326,2.979,2.3223,7035.3
2733,49.0,0.0,43543.6,0.646,2.9799,2.0478,7037.4
2734,49.0,0.1389,43557.2,0.7833,2.9809,2.483,7039.9
2735,50.0,0.0963,43571.1,0.7821,2.982,2.4794,7042.3
2736,49.69346356123216,-0.1389,43584.9,0.5106,2.9826,1.6186,7043.9
2737,49.0,-0.0963,43598.5,0.5508,2.9834,1.746,7045.7
2738,49.0,0.0,43612.1,0.646,2.9842,2.0478,7047.7
2739,49.0,-0.0262,43625.7,0.6201,2.9851,1.9656,7049.7
2740,48.81114012184498,-0.1301,43639.3,0.5168,2.9858,1.6383,7051.3
2741,48.063138347261095,0.0251,43652.6,0.6652,2.9867,2.1087,7053.5
2742,48.991643454038986,0.0371,43666.2,0.6826,2.9876,2.1639,7055.6
2743,48.33042635658914,-0.0424,43679.7,0.601,2.9884,1.9051,7057.5
2744,48.6862944162435,-0.0459,43693.2,0.5992,2.9892,1.8994,7059.4
2745,48.0,-0.0953,43706.5,0.5482,2.9899,1.7379,7061.2
2746,48.0,0.0,43719.8,0.6405,2.9908,2.0304,7063.2
2747,48.0,0.0,43733.2,0.6405,2.9916,2.0304,7065.2
2748,48.0,0.0004,43746.5,0.6409,2.9925,2.0317,7067.3
2749,48.00286259542,0.1329,43759.8,0.7692,2.9935,2.4385,7069.7
2750,48.95706106870223,0.1385,43773.4,0.7825,2.9946,2.4807,7072.2
2751,49.0,0.006,43787.1,0.6519,2.9955,2.0666,7074.2
2752,49.0,0.0,43800.7,0.646,2.9963,2.0478,7076.3
2753,49.0,0.0,43814.3,0.646,2.9972,2.0478,7078.3
2754,49.0,0.0,43827.9,0.646,2.9981,2.0478,7080.4
2755,49.0,0.0327,43841.5,0.6783,2.999,2.1502,7082.5
2756,49.23546944858412,0.1362,43855.2,0.7826,3.0,2.4808,7085.0
2757,49.98062593144572,-0.0254,43869.1,0.6259,3.0009,1.984,7087.0
2758,49.05252918287945,-0.0395,43882.7,0.6072,3.0017,1.9248,7088.9
2759,49.69641649763354,-0.0045,43896.5,0.6454,3.0025,2.0458,7091.0
2760,49.02028397565936,-0.0038,43910.1,0.6423,3.0034,2.0362,7093.0
2761,49.66915608663176,-0.0028,43923.9,0.6469,3.0043,2.0507,7095.1
2762,49.0,-0.0929,43937.5,0.5541,3.005,1.7566,7096.8
2763,49.0,0.0,43951.1,0.646,3.0059,2.0478,7098.9
2764,49.0,0.0,43964.7,0.646,3.0068,2.0478,7100.9
2765,49.0,0.0993,43978.4,0.7441,3.0078,2.3589,7103.3
2766,49.71504897595712,0.0,43992.2,0.65,3.0086,2.0604,7105.3
2767,49.0,-0.0993,44005.8,0.5478,3.0094,1.7366,7107.1
2768,49.0,0.1305,44019.4,0.775,3.0104,2.4567,7109.5
2769,49.93963254593141,-0.0677,44033.3,0.583,3.0112,1.8482,7111.4
2770,48.51226692836119,0.0084,44046.7,0.6515,3.0121,2.0653,7113.4
2771,50.0,0.2571,44060.6,0.9443,3.0133,2.9936,7116.4
2772,50.36348547717853,0.0962,44074.6,0.7848,3.0144,2.4879,7118.9
2773,50.69261213720304,-0.1025,44088.7,0.5841,3.0152,1.8517,7120.8
2774,49.62539432176664,-0.2351,44102.5,0.0732,3.0153,0.232,7121.0
2775,49.0,-0.0571,44116.1,0.5895,3.0161,1.8688,7122.9
2776,49.2142142142142,0.1389,44129.8,0.7851,3.0171,2.4887,7125.4
2777,50.0,0.1091,44143.6,0.7951,3.0182,2.5203,7127.9
2778,50.0,0.0,44157.5,0.685,3.0191,2.1714,7130.0
2779,50.0,0.0474,44171.4,0.7328,3.0201,2.323,7132.4
2780,50.341346153846125,0.1389,44185.4,0.828,3.0212,2.6248,7135.0
2781,51.0,0.1215,44199.6,0.8158,3.0223,2.5859,7137.6
2782,51.21593830334188,0.1389,44213.8,0.8355,3.0234,2.6486,7140.2
2783,52.0,0.0684,44228.2,0.7684,3.0244,2.4358,7142.7
2784,51.70868347338943,-0.1389,44242.6,0.55,3.0252,1.7435,7144.4
2785,51.0,-0.0984,44256.8,0.5895,3.026,1.8687,7146.3
2786,51.0,-0.0191,44270.9,0.6711,3.0269,2.1273,7148.4
2787,50.86215978928873,-0.0383,44285.1,0.6506,3.0277,2.0625,7150.5
