t_s,v_kmh,a_ms2,dist_cum_m,debit_comb_g_s,consum_cum_l,CO2_g_s,CO2_cum_g
0,0.0,0.0,0.0,0.1276,0.0002,0.4031,0.4
1,0.0,0.0,0.0,0.1276,0.0003,0.4031,0.8
2,0.0,0.0,0.0,0.1276,0.0005,0.4031,1.2
3,0.0,0.0,0.0,0.1276,0.0006,0.4031,1.6
4,0.0,0.0,0.0,0.1276,0.0008,0.4031,2.0
5,0.0,0.0,0.0,0.1276,0.0009,0.4031,2.4
6,0.0,0.0,0.0,0.1276,0.0011,0.4031,2.8
7,0.0,0.0,0.0,0.1276,0.0012,0.4031,3.2
8,0.0,0.0,0.0,0.1276,0.0014,0.4031,3.6
9,0.0,0.0,0.0,0.1276,0.0015,0.4031,4.0
10,0.0,0.0,0.0,0.1276,0.0017,0.4031,4.4
11,0.0,0.0,0.0,0.1276,0.0018,0.4031,4.8
12,0.0,0.016,0.0,0.1276,0.002,0.4031,5.2
13,0.11,0.174,0.0,0.1276,0.0021,0.4031,5.6
14,1.25,0.483,0.4,0.0966,0.0023,0.3051,5.9
15,3.59,0.972,1.4,0.2032,0.0025,0.642,6.6
16,8.25,1.086,3.7,0.4203,0.003,1.328,7.9
17,11.41,0.754,6.8,0.4379,0.0035,1.3836,9.3
18,13.68,0.292,10.6,0.2894,0.0039,0.9147,10.2
19,13.52,-0.117,14.4,0.1035,0.004,0.327,10.5
20,12.84,-0.415,18.0,0.1035,0.0041,0.327,10.9
21,10.53,-0.67,20.9,0.1035,0.0042,0.327,11.2
22,8.01,-0.76,23.1,0.0855,0.0043,0.2701,11.5
23,5.06,-0.744,24.5,0.0855,0.0044,0.2701,11.7
24,2.66,-0.624,25.3,0.0716,0.0045,0.2262,12.0
25,0.57,-0.369,25.4,0.1276,0.0047,0.4031,12.4
26,0.0,-0.079,25.4,0.1276,0.0048,0.4031,12.8
27,0.0,0.0,25.4,0.1276,0.005,0.4031,13.2
28,0.0,0.0,25.4,0.1276,0.0051,0.4031,13.6
29,0.0,0.0,25.4,0.1276,0.0053,0.4031,14.0
30,0.0,0.0,25.4,0.1276,0.0055,0.4031,14.4
31,0.0,0.0,25.4,0.1276,0.0056,0.4031,14.8
32,0.0,0.0,25.4,0.1276,0.0058,0.4031,15.2
33,0.0,0.0,25.4,0.1276,0.0059,0.4031,15.6
34,0.0,0.0,25.4,0.1276,0.0061,0.4031,16.0
35,0.0,0.0,25.4,0.1276,0.0062,0.4031,16.4
36,0.0,0.0,25.4,0.1276,0.0064,0.4031,16.8
37,0.0,0.0,25.4,0.1276,0.0065,0.4031,17.2
38,0.0,0.0,25.4,0.1276,0.0067,0.4031,17.6
39,0.0,0.322,25.4,0.1276,0.0068,0.4031,18.0
40,2.32,0.698,26.1,0.1349,0.007,0.4264,18.4
41,5.03,0.767,27.5,0.2347,0.0073,0.7418,19.2
42,7.84,0.633,29.6,0.2825,0.0076,0.8927,20.1
43,9.58,-0.006,32.3,0.1177,0.0077,0.372,20.4
44,7.8,-0.227,34.5,0.0855,0.0079,0.2701,20.7
45,7.95,0.259,36.7,0.1839,0.0081,0.5811,21.3
46,9.67,0.221,39.4,0.1929,0.0083,0.6095,21.9
47,9.53,-0.087,42.0,0.0912,0.0084,0.2882,22.2
48,9.04,0.009,44.5,0.1205,0.0086,0.3806,22.6
49,9.6,0.067,47.2,0.1417,0.0087,0.4477,23.0
50,9.52,-0.25,49.8,0.0855,0.0088,0.2701,23.3
51,7.79,-0.597,52.0,0.0855,0.0089,0.2701,23.6
52,5.23,-0.813,53.4,0.0855,0.009,0.2701,23.8
53,1.94,-0.642,54.0,0.0716,0.0091,0.2262,24.1
54,0.6,-0.263,54.2,0.1276,0.0093,0.4031,24.5
55,0.04,-0.084,54.2,0.1276,0.0094,0.4031,24.9
56,0.0,-0.006,54.2,0.1276,0.0096,0.4031,25.3
57,0.0,0.0,54.2,0.1276,0.0097,0.4031,25.7
58,0.0,0.0,54.2,0.1276,0.0099,0.4031,26.1
59,0.0,0.0,54.2,0.1276,0.01,0.4031,26.5
60,0.0,0.133,54.2,0.1276,0.0102,0.4031,26.9
61,0.96,0.437,54.4,0.1276,0.0103,0.4031,27.3
62,3.14,0.516,55.3,0.1379,0.0105,0.4356,27.7
63,4.68,0.367,56.6,0.1466,0.0107,0.4633,28.2
64,5.79,0.426,58.2,0.19,0.0109,0.6004,28.8
65,7.74,0.572,60.4,0.2639,0.0112,0.8338,29.6
66,9.91,0.313,63.1,0.2267,0.0115,0.7162,30.3
67,10.0,-0.17,65.9,0.1035,0.0116,0.327,30.7
68,8.69,-0.754,68.3,0.0855,0.0117,0.2701,30.9
69,4.57,-0.942,69.6,0.0716,0.0118,0.2262,31.2
70,1.91,-0.615,70.1,0.0716,0.0119,0.2262,31.4
71,0.14,-0.265,70.1,0.1276,0.012,0.4031,31.8
72,0.0,-0.02,70.1,0.1276,0.0122,0.4031,32.2
73,0.0,0.0,70.1,0.1276,0.0124,0.4031,32.6
74,0.0,0.0,70.1,0.1276,0.0125,0.4031,33.0
75,0.0,0.0,70.1,0.1276,0.0127,0.4031,33.4
76,0.0,0.0,70.1,0.1276,0.0128,0.4031,33.8
77,0.0,0.0,70.1,0.1276,0.013,0.4031,34.2
78,0.0,0.0,70.1,0.1276,0.0131,0.4031,34.6
79,0.0,0.0,70.1,0.1276,0.0133,0.4031,35.0
80,0.0,0.0,70.1,0.1276,0.0134,0.4031,35.4
81,0.0,0.0,70.1,0.1276,0.0136,0.4031,35.8
82,0.0,0.0,70.1,0.1276,0.0137,0.4031,36.2
83,0.0,0.094,70.1,0.1276,0.0139,0.4031,36.6
84,0.68,0.248,70.3,0.1276,0.014,0.4031,37.0
85,1.79,0.501,70.8,0.1084,0.0142,0.3427,37.4
86,4.28,0.733,72.0,0.1936,0.0144,0.6118,38.0
87,7.07,0.621,74.0,0.2602,0.0147,0.8222,38.8
88,8.76,0.428,76.4,0.2445,0.015,0.7726,39.6
89,10.15,0.273,79.2,0.2343,0.0153,0.7403,40.3
90,10.72,0.118,82.2,0.1851,0.0155,0.5848,40.9
91,11.0,0.039,85.3,0.1576,0.0157,0.4981,41.4
92,11.0,-0.184,88.3,0.1035,0.0158,0.327,41.7
93,9.68,-0.421,91.0,0.0855,0.0159,0.2701,42.0
94,7.97,-0.316,93.2,0.0855,0.016,0.2701,42.3
95,7.4,-0.156,95.3,0.0855,0.0161,0.2701,42.5
96,6.84,-0.156,97.2,0.0855,0.0162,0.2701,42.8
97,6.28,-0.156,98.9,0.0855,0.0163,0.2701,43.1
98,5.72,-0.155,100.5,0.0855,0.0164,0.2701,43.3
99,5.16,-0.214,101.9,0.0855,0.0165,0.2701,43.6
100,4.18,-0.295,103.1,0.0716,0.0166,0.2262,43.8
101,3.03,-0.375,104.0,0.0716,0.0167,0.2262,44.1
102,1.48,-0.421,104.4,0.0716,0.0168,0.2262,44.3
103,0.0,-0.206,104.4,0.1276,0.0169,0.4031,44.7
104,0.0,0.0,104.4,0.1276,0.0171,0.4031,45.1
105,0.0,0.0,104.4,0.1276,0.0172,0.4031,45.5
106,0.0,0.0,104.4,0.1276,0.0174,0.4031,45.9
107,0.0,0.0,104.4,0.1276,0.0176,0.4031,46.3
108,0.0,0.0,104.4,0.1276,0.0177,0.4031,46.7
109,0.0,0.0,104.4,0.1276,0.0179,0.4031,47.1
110,0.0,0.0,104.4,0.1276,0.018,0.4031,47.5
111,0.0,0.0,104.4,0.1276,0.0182,0.4031,47.9
112,0.0,0.0,104.4,0.1276,0.0183,0.4031,48.3
113,0.0,0.0,104.4,0.1276,0.0185,0.4031,48.7
114,0.0,0.0,104.4,0.1276,0.0186,0.4031,49.1
115,0.0,0.0,104.4,0.1276,0.0188,0.4031,49.5
116,0.0,0.0,104.4,0.1276,0.0189,0.4031,49.9
117,0.0,0.0,104.4,0.1276,0.0191,0.4031,50.3
118,0.0,0.0,104.4,0.1276,0.0192,0.4031,50.7
119,0.0,0.143,104.4,0.1276,0.0194,0.4031,51.1
120,1.03,0.349,104.6,0.0875,0.0195,0.2764,51.4
121,2.51,0.651,105.3,0.1361,0.0197,0.4301,51.9
122,5.71,1.007,106.9,0.3017,0.02,0.9533,52.8
123,9.76,0.596,109.6,0.3187,0.0204,1.007,53.8
124,10.0,0.005,112.4,0.141,0.0206,0.4454,54.3
125,9.79,-0.183,115.1,0.0855,0.0207,0.2701,54.5
126,8.68,-0.249,117.6,0.0855,0.0208,0.2701,54.8
127,8.0,-0.094,119.8,0.0882,0.0209,0.2788,55.1
128,8.0,0.0,122.0,0.1139,0.021,0.3598,55.4
129,8.0,0.0,124.2,0.1139,0.0211,0.3598,55.8
130,8.0,-0.069,126.4,0.095,0.0213,0.3004,56.1
131,7.5,-0.177,128.5,0.0855,0.0214,0.2701,56.4
132,6.72,-0.434,130.4,0.0855,0.0215,0.2701,56.6
133,4.37,-0.581,131.6,0.0716,0.0216,0.2262,56.9
134,2.54,-0.407,132.3,0.0716,0.0216,0.2262,57.1
135,1.44,-0.259,132.7,0.0716,0.0217,0.2262,57.3
136,0.68,-0.181,132.9,0.1276,0.0219,0.4031,57.7
137,0.14,-0.094,132.9,0.1276,0.022,0.4031,58.1
138,0.0,-0.019,132.9,0.1276,0.0222,0.4031,58.5
139,0.0,0.0,132.9,0.1276,0.0223,0.4031,58.9
140,0.0,0.024,132.9,0.1276,0.0225,0.4031,59.3
141,0.17,0.103,133.0,0.1276,0.0226,0.4031,59.7
142,0.74,0.196,133.2,0.1276,0.0228,0.4031,60.1
143,1.59,0.271,133.6,0.0919,0.0229,0.2903,60.4
144,2.69,0.136,134.4,0.0935,0.023,0.2955,60.7
145,2.57,-0.106,135.1,0.0716,0.0231,0.2262,61.0
146,1.92,-0.247,135.6,0.0716,0.0232,0.2262,61.2
147,0.79,-0.267,135.8,0.1276,0.0233,0.4031,61.6
148,0.0,-0.11,135.8,0.1276,0.0235,0.4031,62.0
149,0.0,0.0,135.8,0.1276,0.0236,0.4031,62.4
150,0.0,0.0,135.8,0.1276,0.0238,0.4031,62.8
151,0.0,0.0,135.8,0.1276,0.0239,0.4031,63.2
152,0.0,0.0,135.8,0.1276,0.0241,0.4031,63.6
153,0.0,0.0,135.8,0.1276,0.0243,0.4031,64.0
154,0.0,0.127,135.8,0.1276,0.0244,0.4031,64.4
155,0.91,0.597,136.1,0.1276,0.0246,0.4031,64.8
156,4.3,0.858,137.3,0.2125,0.0248,0.6715,65.5
157,7.09,0.69,139.3,0.2774,0.0251,0.8765,66.4
158,9.27,0.507,141.8,0.2788,0.0255,0.8809,67.2
159,10.74,0.357,144.8,0.2727,0.0258,0.8619,68.1
160,11.84,0.311,148.1,0.2717,0.0261,0.8586,69.0
161,12.98,0.234,151.7,0.2541,0.0264,0.8029,69.8
162,13.53,-0.576,155.5,0.1035,0.0266,0.327,70.1
163,8.83,-1.14,157.9,0.0855,0.0267,0.2701,70.4
164,5.32,-0.727,159.4,0.0855,0.0268,0.2701,70.6
165,3.6,-0.47,160.4,0.0716,0.0269,0.2262,70.9
166,1.93,-0.457,160.9,0.0716,0.0269,0.2262,71.1
167,0.3,-0.268,161.0,0.1276,0.0271,0.4031,71.5
168,0.0,-0.022,161.0,0.1276,0.0272,0.4031,71.9
169,0.14,1.269,161.1,0.1276,0.0274,0.4031,72.3
170,9.14,2.311,163.6,0.8382,0.0284,2.6488,74.9
171,16.78,1.52,168.3,1.0542,0.0297,3.3312,78.3
172,20.08,1.112,173.8,1.0144,0.0309,3.2056,81.5
173,24.79,1.576,180.7,1.5103,0.0327,4.7724,86.2
174,31.43,1.328,189.5,1.6079,0.0346,5.0809,91.3
175,34.35,0.486,199.0,0.888,0.0357,2.806,94.1
176,34.93,0.019,208.7,0.3449,0.0361,1.09,95.2
177,34.49,-0.25,218.3,0.0254,0.0361,0.0804,95.3
178,33.13,-0.933,227.5,0.0254,0.0361,0.0804,95.4
179,27.77,-1.581,235.2,0.0225,0.0362,0.0712,95.5
180,21.75,-1.77,241.2,0.0265,0.0362,0.0839,95.5
181,15.02,-1.791,245.4,0.0206,0.0362,0.0651,95.6
182,8.86,-1.679,247.9,0.0855,0.0363,0.2701,95.9
183,2.94,-1.015,248.7,0.0716,0.0364,0.2262,96.1
184,1.55,-0.267,249.1,0.0716,0.0365,0.2262,96.3
185,1.01,0.002,249.4,0.0752,0.0366,0.2376,96.6
186,1.56,0.38,249.8,0.0973,0.0367,0.3074,96.9
187,3.75,1.316,250.9,0.253,0.037,0.7996,97.7
188,11.03,1.934,253.9,0.8704,0.0381,2.7506,100.4
189,17.67,1.783,258.9,1.2284,0.0395,3.8816,104.3
190,23.87,1.333,265.5,1.2998,0.0411,4.1075,108.4
191,27.27,0.865,273.1,1.0524,0.0423,3.3256,111.7
192,30.1,1.138,281.4,1.3883,0.044,4.387,116.1
193,35.47,1.183,291.3,1.6622,0.046,5.2527,121.4
194,38.61,0.279,302.0,0.7412,0.0469,2.3422,123.7
195,37.48,-0.364,312.4,0.0297,0.0469,0.0937,123.8
196,35.99,-0.449,322.4,0.0297,0.047,0.0937,123.9
197,34.25,-0.598,331.9,0.0254,0.047,0.0804,124.0
198,31.68,-0.729,340.7,0.0254,0.047,0.0804,124.1
199,29.0,-0.526,348.8,0.0225,0.047,0.0712,124.1
200,27.9,-0.291,356.5,0.0225,0.0471,0.0712,124.2
201,26.9,-0.218,364.0,0.0225,0.0471,0.0712,124.3
202,26.33,-0.092,371.3,0.1729,0.0473,0.5465,124.8
203,26.23,0.065,378.6,0.3132,0.0477,0.9896,125.8
204,26.8,0.009,386.0,0.2661,0.048,0.8409,126.7
205,26.3,-0.223,393.3,0.0225,0.048,0.0712,126.7
206,25.19,-0.308,400.3,0.0225,0.0481,0.0712,126.8
207,24.08,-0.304,407.0,0.0265,0.0481,0.0839,126.9
208,23.0,-0.15,413.4,0.177,0.0483,0.5592,127.4
209,23.0,0.073,419.8,0.3235,0.0487,1.0222,128.5
210,23.52,0.384,426.3,0.5766,0.0494,1.822,130.3
211,25.76,0.657,433.5,0.8298,0.0504,2.6221,132.9
212,28.25,0.735,441.3,0.9733,0.0515,3.0755,136.0
213,31.05,0.728,450.0,1.0604,0.0528,3.351,139.3
214,33.49,0.652,459.3,1.0502,0.0541,3.3187,142.7
215,35.75,-0.096,469.2,0.2384,0.0543,0.7535,143.4
216,32.8,-0.854,478.3,0.0254,0.0544,0.0804,143.5
217,29.6,-0.695,486.5,0.0225,0.0544,0.0712,143.6
218,27.8,-0.714,494.3,0.0225,0.0544,0.0712,143.6
219,24.46,-1.098,501.1,0.0265,0.0545,0.0839,143.7
220,19.89,-1.008,506.6,0.0206,0.0545,0.0651,143.8
221,17.2,-0.681,511.4,0.0206,0.0545,0.0651,143.8
222,14.99,-0.47,515.5,0.1035,0.0546,0.327,144.2
223,13.82,-0.388,519.4,0.1035,0.0548,0.327,144.5
224,12.19,-0.612,522.7,0.1035,0.0549,0.327,144.8
225,9.42,-0.85,525.4,0.0855,0.055,0.2701,145.1
226,6.07,-1.014,527.0,0.0855,0.0551,0.2701,145.4
227,2.12,-0.646,527.6,0.0716,0.0552,0.2262,145.6
228,1.42,-0.017,528.0,0.0757,0.0553,0.2394,145.8
229,2.0,0.959,528.6,0.144,0.0554,0.455,146.3
230,8.32,1.613,530.9,0.5726,0.0561,1.8094,148.1
231,13.61,1.057,534.7,0.6435,0.0569,2.0334,150.1
232,15.93,0.643,539.1,0.5453,0.0576,1.7233,151.9
233,18.24,0.639,544.2,0.603,0.0583,1.9056,153.8
234,20.53,-0.278,549.9,0.0265,0.0583,0.0839,153.8
235,16.23,-1.43,554.4,0.0206,0.0583,0.0651,153.9
236,10.23,-1.404,557.2,0.1035,0.0585,0.327,154.2
237,6.12,-0.952,558.9,0.0855,0.0586,0.2701,154.5
238,3.38,-0.147,559.9,0.0716,0.0586,0.2262,154.7
239,5.06,0.496,561.3,0.1889,0.0589,0.5968,155.3
240,6.95,0.562,563.2,0.2432,0.0592,0.7686,156.1
241,9.11,0.089,565.7,0.1456,0.0593,0.46,156.6
242,7.59,-0.78,567.8,0.0855,0.0594,0.2701,156.8
243,3.5,-0.431,568.8,0.0716,0.0595,0.2262,157.1
244,4.49,0.434,570.1,0.1538,0.0597,0.4861,157.5
245,6.62,1.093,571.9,0.3556,0.0601,1.1236,158.7
246,12.36,1.391,575.3,0.7343,0.061,2.3205,161.0
247,16.64,0.837,580.0,0.6739,0.0618,2.1294,163.1
248,18.38,0.586,585.1,0.5735,0.0625,1.8121,164.9
249,20.86,0.743,590.9,0.785,0.0634,2.4805,167.4
250,23.74,0.582,597.4,0.7408,0.0643,2.3408,169.7
251,25.05,0.244,604.4,0.4577,0.0649,1.4462,171.2
252,25.49,-0.326,611.5,0.0225,0.0649,0.0712,171.3
253,22.7,-0.536,617.8,0.0265,0.0649,0.0839,171.3
254,21.63,0.078,623.8,0.3175,0.0653,1.0033,172.3
255,23.27,0.537,630.3,0.6935,0.0661,2.1916,174.5
256,25.5,0.688,637.3,0.8496,0.0672,2.6848,177.2
257,28.22,0.595,645.2,0.8377,0.0682,2.647,179.9
258,29.78,0.369,653.5,0.6481,0.0689,2.048,181.9
259,30.88,0.48,662.0,0.8041,0.0699,2.541,184.5
260,33.24,0.573,671.3,0.9616,0.0711,3.0386,187.5
261,35.0,0.245,681.0,0.6432,0.0718,2.0325,189.5
262,35.0,0.076,690.7,0.4415,0.0724,1.3952,190.9
263,35.55,0.226,700.6,0.6282,0.0731,1.985,192.9
264,36.63,0.25,710.8,0.6732,0.0739,2.1274,195.0
265,37.35,0.175,721.1,0.5885,0.0746,1.8596,196.9
266,37.88,0.152,731.7,0.5654,0.0753,1.7867,198.7
267,38.45,0.157,742.3,0.5787,0.076,1.8286,200.5
268,39.01,0.158,753.2,0.5868,0.0767,1.8542,202.4
269,39.59,0.181,764.2,0.6249,0.0774,1.9746,204.3
270,40.32,0.26,775.4,0.7404,0.0783,2.3395,206.7
271,41.46,0.322,786.9,0.8462,0.0793,2.6739,209.4
272,42.64,0.331,798.7,0.8808,0.0804,2.7833,212.1
273,43.84,0.123,810.9,0.5924,0.0811,1.872,214.0
274,43.53,-0.132,823.0,0.2103,0.0814,0.6645,214.7
275,42.89,-0.565,834.9,0.0293,0.0814,0.0924,214.8
276,39.46,-0.995,845.9,0.0297,0.0814,0.0937,214.9
277,35.72,-1.143,855.8,0.0297,0.0815,0.0937,215.0
278,31.23,-1.436,864.5,0.0254,0.0815,0.0804,215.0
279,25.39,-1.807,871.5,0.0225,0.0815,0.0712,215.1
280,18.22,-1.741,876.6,0.0206,0.0815,0.0651,215.2
281,12.85,-1.434,880.2,0.1035,0.0817,0.327,215.5
282,7.89,-1.21,882.3,0.0855,0.0818,0.2701,215.8
283,4.14,-0.97,883.5,0.0716,0.0819,0.2262,216.0
284,0.9,-0.531,883.7,0.1276,0.082,0.4031,216.4
285,0.32,-0.126,883.8,0.1276,0.0822,0.4031,216.8
286,0.0,-0.044,883.8,0.1276,0.0823,0.4031,217.2
287,0.0,0.0,883.8,0.1276,0.0825,0.4031,217.6
288,0.0,0.0,883.8,0.1276,0.0826,0.4031,218.0
289,0.0,0.0,883.8,0.1276,0.0828,0.4031,218.4
290,0.0,0.0,883.8,0.1276,0.0829,0.4031,218.8
291,0.0,0.0,883.8,0.1276,0.0831,0.4031,219.2
292,0.0,0.0,883.8,0.1276,0.0832,0.4031,219.6
293,0.0,0.0,883.8,0.1276,0.0834,0.4031,220.0
294,0.0,0.0,883.8,0.1276,0.0835,0.4031,220.4
295,0.0,0.0,883.8,0.1276,0.0837,0.4031,220.8
296,0.0,0.0,883.8,0.1276,0.0838,0.4031,221.2
297,0.0,0.0,883.8,0.1276,0.084,0.4031,221.6
298,0.0,0.0,883.8,0.1276,0.0842,0.4031,222.0
299,0.0,0.0,883.8,0.1276,0.0843,0.4031,222.4
300,0.0,0.0,883.8,0.1276,0.0845,0.4031,222.9
301,0.0,0.0,883.8,0.1276,0.0846,0.4031,223.3
302,0.0,0.0,883.8,0.1276,0.0848,0.4031,223.7
303,0.0,0.0,883.8,0.1276,0.0849,0.4031,224.1
304,0.0,0.0,883.8,0.1276,0.0851,0.4031,224.5
305,0.0,0.0,883.8,0.1276,0.0852,0.4031,224.9
306,0.0,0.0,883.8,0.1276,0.0854,0.4031,225.3
307,0.0,0.0,883.8,0.1276,0.0855,0.4031,225.7
308,0.0,0.0,883.8,0.1276,0.0857,0.4031,226.1
309,0.0,0.0,883.8,0.1276,0.0858,0.4031,226.5
310,0.0,0.0,883.8,0.1276,0.086,0.4031,226.9
311,0.0,0.0,883.8,0.1276,0.0861,0.4031,227.3
312,0.0,0.0,883.8,0.1276,0.0863,0.4031,227.7
313,0.0,0.0,883.8,0.1276,0.0864,0.4031,228.1
314,0.0,0.0,883.8,0.1276,0.0866,0.4031,228.5
315,0.0,0.0,883.8,0.1276,0.0867,0.4031,228.9
316,0.0,0.0,883.8,0.1276,0.0869,0.4031,229.3
317,0.0,0.0,883.8,0.1276,0.0871,0.4031,229.7
318,0.0,0.0,883.8,0.1276,0.0872,0.4031,230.1
319,0.0,0.0,883.8,0.1276,0.0874,0.4031,230.5
320,0.0,0.0,883.8,0.1276,0.0875,0.4031,230.9
321,0.0,0.0,883.8,0.1276,0.0877,0.4031,231.3
322,0.0,0.0,883.8,0.1276,0.0878,0.4031,231.7
323,0.0,0.0,883.8,0.1276,0.088,0.4031,232.1
324,0.0,0.0,883.8,0.1276,0.0881,0.4031,232.5
325,0.0,0.0,883.8,0.1276,0.0883,0.4031,232.9
326,0.0,0.575,883.8,0.1276,0.0884,0.4031,233.3
327,4.14,1.463,885.0,0.2927,0.0888,0.9248,234.3
328,10.54,1.272,887.9,0.5984,0.0895,1.8909,236.1
329,13.3,0.618,891.6,0.432,0.09,1.3652,237.5
330,14.98,0.847,895.8,0.591,0.0907,1.8675,239.4
331,19.4,1.216,901.2,1.0088,0.0919,3.1877,242.6
332,23.74,1.15,907.8,1.1705,0.0933,3.6987,246.3
333,27.68,0.935,915.4,1.1195,0.0947,3.5377,249.8
334,30.48,0.549,923.9,0.8671,0.0957,2.74,252.5
335,31.63,0.212,932.7,0.5316,0.0963,1.6797,254.2
336,32.0,0.051,941.6,0.3607,0.0968,1.1397,255.4
337,32.0,-0.136,950.5,0.1696,0.097,0.5359,255.9
338,31.02,-0.265,959.1,0.0254,0.097,0.0804,256.0
339,30.1,0.029,967.4,0.3242,0.0974,1.0246,257.0
340,31.23,0.289,976.1,0.6084,0.0981,1.9226,258.9
341,32.18,0.207,985.1,0.5332,0.0988,1.6848,260.6
342,32.72,0.033,994.1,0.346,0.0992,1.0933,261.7
343,32.42,-0.206,1003.2,0.0254,0.0992,0.0804,261.8
344,31.24,-0.381,1011.8,0.0254,0.0992,0.0804,261.9
345,29.68,-0.447,1020.1,0.0225,0.0993,0.0712,261.9
346,28.02,-0.233,1027.9,0.0225,0.0993,0.0712,262.0
347,28.0,0.016,1035.6,0.2793,0.0996,0.8826,262.9
348,28.14,0.096,1043.5,0.3569,0.1001,1.1277,264.0
349,28.69,0.191,1051.4,0.4545,0.1006,1.4361,265.5
350,29.51,0.275,1059.6,0.5487,0.1013,1.7338,267.2
351,30.67,0.32,1068.1,0.6322,0.102,1.9978,269.2
352,31.82,0.316,1077.0,0.6468,0.1028,2.044,271.2
353,32.95,0.164,1086.1,0.4947,0.1034,1.5634,272.8
354,33.0,-0.007,1095.3,0.3029,0.1037,0.9572,273.8
355,32.9,-0.095,1104.4,0.2036,0.104,0.6435,274.4
356,32.31,-0.125,1113.4,0.1696,0.1042,0.5359,274.9
357,32.0,-0.044,1122.3,0.257,0.1045,0.8122,275.7
358,32.0,0.126,1131.2,0.4425,0.105,1.3983,277.1
359,32.91,0.278,1140.3,0.6222,0.1058,1.9662,279.1
360,34.0,0.152,1149.8,0.4929,0.1064,1.5575,280.7
361,34.0,0.015,1159.2,0.3341,0.1068,1.0557,281.7
362,34.11,0.092,1168.7,0.4243,0.1073,1.3409,283.1
363,34.66,0.154,1178.3,0.5026,0.1079,1.5884,284.6
364,35.22,0.154,1188.1,0.5371,0.1085,1.6973,286.3
365,35.77,0.195,1198.0,0.5934,0.1092,1.8752,288.2
366,36.62,0.265,1208.2,0.6918,0.1101,2.1861,290.4
367,37.68,0.087,1218.7,0.4795,0.1106,1.5154,291.9
368,37.25,-0.21,1229.0,0.0297,0.1107,0.0937,292.0
369,36.16,-0.241,1239.1,0.0297,0.1107,0.0937,292.1
370,35.51,-0.171,1248.9,0.1977,0.1109,0.6247,292.7
371,34.93,-0.158,1258.6,0.1696,0.1111,0.5359,293.3
372,34.37,-0.214,1268.2,0.0254,0.1112,0.0804,293.4
373,33.39,-0.384,1277.5,0.0254,0.1112,0.0804,293.4
374,31.61,-0.496,1286.2,0.0254,0.1112,0.0804,293.5
375,29.82,-0.497,1294.5,0.0225,0.1113,0.0712,293.6
376,28.03,-0.565,1302.3,0.0225,0.1113,0.0712,293.7
377,25.75,-0.721,1309.5,0.0225,0.1113,0.0712,293.7
378,22.83,-0.81,1315.8,0.0265,0.1114,0.0839,293.8
379,19.92,-0.607,1321.3,0.0206,0.1114,0.0651,293.9
380,18.46,-0.311,1326.5,0.0206,0.1114,0.0651,293.9
381,17.68,-0.23,1331.4,0.0206,0.1114,0.0651,294.0
382,16.8,-0.328,1336.0,0.0206,0.1114,0.0651,294.1
383,15.32,-0.412,1340.3,0.0206,0.1115,0.0651,294.1
384,13.84,-0.345,1344.1,0.1035,0.1116,0.327,294.5
385,12.84,-0.192,1347.7,0.1035,0.1117,0.327,294.8
386,12.46,-0.105,1351.2,0.1039,0.1118,0.3284,295.1
387,12.08,0.086,1354.5,0.1825,0.1121,0.5767,295.7
388,13.08,0.329,1358.2,0.2976,0.1124,0.9406,296.6
389,14.45,0.267,1362.2,0.2878,0.1128,0.9095,297.5
390,15.0,0.077,1366.3,0.2317,0.113,0.7323,298.3
391,15.0,-0.065,1370.5,0.1591,0.1132,0.5028,298.8
392,14.54,-0.148,1374.5,0.1035,0.1134,0.327,299.1
393,13.93,-0.165,1378.4,0.1035,0.1135,0.327,299.4
394,13.35,-0.129,1382.1,0.1035,0.1136,0.327,299.8
395,13.0,-0.048,1385.7,0.1293,0.1138,0.4087,300.2
396,13.0,-0.45,1389.3,0.1035,0.1139,0.327,300.5
397,9.76,-1.061,1392.1,0.0855,0.114,0.2701,300.8
398,5.36,-0.587,1393.5,0.0855,0.1141,0.2701,301.0
399,5.53,0.134,1395.1,0.1302,0.1142,0.4115,301.4
400,6.32,0.331,1396.8,0.1791,0.1145,0.566,302.0
401,7.92,0.493,1399.0,0.2467,0.1148,0.7796,302.8
402,9.87,0.648,1401.8,0.3388,0.1152,1.0706,303.9
403,12.58,0.611,1405.3,0.4111,0.1157,1.299,305.2
404,14.27,0.314,1409.2,0.3083,0.116,0.9744,306.1
405,14.84,0.101,1413.4,0.2089,0.1163,0.6602,306.8
406,15.0,0.026,1417.5,0.2057,0.1165,0.6499,307.4
407,15.03,0.083,1421.7,0.235,0.1168,0.7427,308.2
408,15.59,0.181,1426.0,0.2909,0.1171,0.9194,309.1
409,16.33,0.263,1430.6,0.3442,0.1176,1.0875,310.2
410,17.48,0.454,1435.4,0.473,0.1181,1.4948,311.7
411,19.6,0.693,1440.9,0.6746,0.1189,2.1316,313.8
412,22.48,0.734,1447.1,0.8264,0.1199,2.6115,316.4
413,24.88,0.662,1454.0,0.8367,0.1209,2.6439,319.1
414,27.24,0.78,1461.6,0.9846,0.1221,3.1112,322.2
415,30.49,0.835,1470.1,1.1393,0.1235,3.6001,325.8
416,33.26,0.54,1479.3,0.9247,0.1246,2.922,328.7
417,34.39,0.314,1488.9,0.6872,0.1254,2.1716,330.9
418,35.52,0.315,1498.7,0.7355,0.1263,2.3243,333.2
419,36.65,0.046,1508.9,0.4186,0.1268,1.3228,334.5
420,35.85,-0.342,1518.9,0.0297,0.1268,0.0937,334.6
421,34.19,-0.733,1528.4,0.0254,0.1268,0.0804,334.7
422,30.57,-0.998,1536.8,0.0254,0.1269,0.0804,334.8
423,27.0,-0.496,1544.3,0.0225,0.1269,0.0712,334.9
424,27.0,-0.159,1551.8,0.1503,0.1271,0.4749,335.3
425,25.86,-0.839,1559.0,0.0225,0.1271,0.0712,335.4
426,20.96,-1.557,1564.8,0.0265,0.1271,0.0839,335.5
427,14.65,-2.05,1568.9,0.1035,0.1273,0.327,335.8
428,6.2,-1.767,1570.6,0.0855,0.1274,0.2701,336.1
429,1.93,-0.832,1571.2,0.0716,0.1275,0.2262,336.3
430,0.2,-0.268,1571.2,0.1276,0.1276,0.4031,336.7
431,0.0,-0.003,1571.2,0.1276,0.1278,0.4031,337.1
432,0.18,0.189,1571.3,0.1276,0.1279,0.4031,337.5
433,1.36,0.253,1571.7,0.0881,0.128,0.2784,337.8
434,2.0,0.089,1572.2,0.0847,0.1281,0.2676,338.1
435,2.0,-0.114,1572.8,0.0716,0.1282,0.2262,338.3
436,1.18,-0.265,1573.1,0.0716,0.1283,0.2262,338.5
437,0.1,-0.164,1573.1,0.1276,0.1284,0.4031,338.9
438,0.0,-0.013,1573.1,0.1276,0.1286,0.4031,339.3
439,0.0,0.0,1573.1,0.1276,0.1288,0.4031,339.7
440,0.0,0.0,1573.1,0.1276,0.1289,0.4031,340.1
441,0.0,0.0,1573.1,0.1276,0.1291,0.4031,340.5
442,0.0,0.101,1573.1,0.1276,0.1292,0.4031,340.9
443,0.73,0.265,1573.3,0.1276,0.1294,0.4031,341.3
444,1.91,0.031,1573.9,0.0803,0.1295,0.2538,341.6
445,0.95,-0.265,1574.1,0.1276,0.1296,0.4031,342.0
446,0.0,-0.132,1574.1,0.1276,0.1298,0.4031,342.4
447,0.0,0.078,1574.1,0.1276,0.1299,0.4031,342.8
448,0.56,0.246,1574.3,0.1276,0.1301,0.4031,343.2
449,1.77,0.576,1574.8,0.1126,0.1302,0.3557,343.6
450,4.71,0.864,1576.1,0.2269,0.1305,0.7171,344.3
451,7.99,0.378,1578.3,0.2168,0.1307,0.6851,345.0
452,7.43,-0.03,1580.4,0.1042,0.1309,0.3293,345.3
453,7.78,0.523,1582.5,0.2518,0.1312,0.7957,346.1
454,11.19,0.953,1585.6,0.5073,0.1318,1.6031,347.7
455,14.64,0.959,1589.7,0.6357,0.1325,2.0089,349.7
456,18.1,0.786,1594.7,0.6901,0.1334,2.1807,351.9
457,20.29,0.537,1600.4,0.6255,0.1341,1.9766,353.9
458,21.96,-0.006,1606.5,0.257,0.1344,0.812,354.7
459,20.25,-0.493,1612.1,0.0265,0.1344,0.0839,354.8
460,18.41,-0.552,1617.2,0.0206,0.1345,0.0651,354.8
461,16.27,-0.536,1621.7,0.0206,0.1345,0.0651,354.9
462,14.56,-0.389,1625.8,0.1035,0.1346,0.327,355.2
463,13.47,-0.26,1629.5,0.1035,0.1347,0.327,355.5
464,12.69,-0.185,1633.0,0.1035,0.1349,0.327,355.9
465,12.14,-0.033,1636.4,0.1336,0.135,0.4223,356.3
466,12.45,0.132,1639.9,0.2045,0.1353,0.6463,356.9
467,13.09,0.251,1643.5,0.263,0.1356,0.831,357.8
468,14.26,0.296,1647.5,0.2994,0.1359,0.9462,358.7
469,15.22,0.215,1651.7,0.3048,0.1363,0.9632,359.7
470,15.81,0.109,1656.1,0.2544,0.1366,0.8038,360.5
471,16.0,0.027,1660.5,0.2111,0.1369,0.6671,361.1
472,16.0,-0.137,1665.0,0.1374,0.137,0.4342,361.6
473,15.01,-0.288,1669.1,0.0206,0.1371,0.0651,361.6
474,13.92,-0.311,1673.0,0.1035,0.1372,0.327,362.0
475,12.77,-0.348,1676.5,0.1035,0.1373,0.327,362.3
476,11.42,-0.43,1679.7,0.1035,0.1374,0.327,362.6
477,9.67,-0.194,1682.4,0.0855,0.1375,0.2701,362.9
478,10.02,0.279,1685.2,0.2346,0.1378,0.7415,363.6
479,11.68,0.595,1688.4,0.3825,0.1383,1.2087,364.8
480,14.31,0.739,1692.4,0.5163,0.1389,1.6315,366.5
481,17.0,0.374,1697.1,0.4172,0.1394,1.3185,367.8
482,17.0,-0.013,1701.9,0.1929,0.1396,0.6097,368.4
483,16.91,-0.094,1706.6,0.1459,0.1398,0.461,368.9
484,16.32,-0.089,1711.1,0.1482,0.14,0.4682,369.3
485,16.27,0.076,1715.6,0.2396,0.1403,0.7572,370.1
486,16.87,0.285,1720.3,0.3639,0.1407,1.1498,371.2
487,18.32,0.433,1725.4,0.4764,0.1413,1.5055,372.7
488,19.99,0.387,1730.9,0.4769,0.1418,1.507,374.3
489,21.11,0.309,1736.8,0.48,0.1424,1.5169,375.8
490,22.22,0.304,1743.0,0.493,0.143,1.5577,377.3
491,23.29,0.277,1749.4,0.4875,0.1436,1.5406,378.9
492,24.21,0.212,1756.2,0.4469,0.1441,1.4122,380.3
493,24.82,0.109,1763.1,0.3671,0.1446,1.1599,381.4
494,25.0,0.024,1770.0,0.2695,0.1449,0.8515,382.3
495,25.0,0.0,1776.9,0.249,0.1452,0.7869,383.1
496,25.0,-0.011,1783.9,0.2396,0.1455,0.7572,383.8
497,24.92,-0.09,1790.8,0.1988,0.1457,0.6283,384.5
498,24.36,-0.127,1797.6,0.177,0.1459,0.5592,385.0
499,24.0,-0.049,1804.2,0.2308,0.1462,0.7294,385.8
500,24.0,0.04,1810.9,0.3036,0.1466,0.9595,386.7
501,24.29,0.121,1817.7,0.3725,0.147,1.1771,387.9
502,24.87,0.293,1824.6,0.5235,0.1476,1.6543,389.5
503,26.39,0.444,1831.9,0.6553,0.1484,2.0709,391.6
504,28.06,0.318,1839.7,0.5686,0.1491,1.7967,393.4
505,28.68,0.13,1847.7,0.3947,0.1496,1.2472,394.7
506,29.0,0.044,1855.7,0.3128,0.1499,0.9883,395.6
507,29.0,0.0,1863.8,0.2693,0.1503,0.8509,396.5
508,29.0,0.0,1871.8,0.2693,0.1506,0.8509,397.4
509,29.0,0.0,1879.9,0.2693,0.1509,0.8509,398.2
510,29.0,0.0,1887.9,0.2693,0.1512,0.8509,399.1
511,29.0,0.0,1896.0,0.2693,0.1516,0.8509,399.9
512,29.0,-0.032,1904.0,0.2376,0.1518,0.7509,400.7
513,28.77,-0.191,1912.0,0.1503,0.152,0.4749,401.1
514,27.63,-0.28,1919.7,0.0225,0.1521,0.0712,401.2
515,26.75,-0.196,1927.1,0.0225,0.1521,0.0712,401.3
516,26.21,-0.105,1934.4,0.1611,0.1523,0.5091,401.8
517,26.0,-0.03,1941.7,0.2273,0.1525,0.7183,402.5
518,26.0,-0.058,1948.9,0.2025,0.1528,0.6399,403.1
519,25.58,-0.139,1956.0,0.1503,0.153,0.4749,403.6
520,25.0,-0.836,1962.9,0.0225,0.153,0.0712,403.7
521,19.56,-1.513,1968.4,0.0206,0.153,0.0651,403.8
522,14.11,-1.507,1972.3,0.1035,0.1531,0.327,404.1
523,8.71,-1.241,1974.7,0.0855,0.1532,0.2701,404.3
524,5.18,-0.412,1976.1,0.0855,0.1533,0.2701,404.6
525,5.74,0.197,1977.7,0.1443,0.1535,0.4559,405.1
526,6.6,0.276,1979.6,0.1709,0.1537,0.5401,405.6
527,7.72,0.866,1981.7,0.3408,0.1541,1.0769,406.7
528,12.83,1.586,1985.3,0.8437,0.1551,2.6662,409.4
529,19.14,1.351,1990.6,1.0725,0.1564,3.3891,412.7
530,22.56,0.969,1996.8,1.0095,0.1576,3.1902,415.9
531,26.12,1.038,2004.1,1.1481,0.159,3.6279,419.6
532,30.03,0.779,2012.4,1.0783,0.1603,3.4073,423.0
533,31.72,0.158,2021.3,0.4743,0.1609,1.4989,424.5
534,31.17,-0.1,2029.9,0.1941,0.1611,0.6133,425.1
535,31.0,-0.023,2038.5,0.2751,0.1614,0.8693,426.0
536,31.0,0.0,2047.1,0.2994,0.1618,0.9461,426.9
537,31.0,0.019,2055.7,0.3195,0.1622,1.0096,427.9
538,31.14,0.178,2064.4,0.4892,0.1628,1.5458,429.5
539,32.28,0.141,2073.4,0.4618,0.1633,1.4593,430.9
540,32.16,-0.335,2082.3,0.0254,0.1633,0.0804,431.0
541,29.87,-0.488,2090.6,0.0225,0.1634,0.0712,431.1
542,28.64,-0.249,2098.5,0.0225,0.1634,0.0712,431.1
543,28.07,-0.304,2106.3,0.0225,0.1634,0.0712,431.2
544,26.45,-0.456,2113.7,0.0225,0.1635,0.0712,431.3
545,24.79,-0.392,2120.6,0.0265,0.1635,0.0839,431.4
546,23.63,-0.318,2127.1,0.0265,0.1635,0.0839,431.4
547,22.5,-0.308,2133.4,0.0265,0.1635,0.0839,431.5
548,21.41,0.137,2139.3,0.359,0.164,1.1344,432.7
549,23.49,0.846,2145.9,0.9461,0.1651,2.9896,435.7
550,27.5,0.699,2153.5,0.9169,0.1662,2.8973,438.6
551,28.52,0.048,2161.4,0.3134,0.1666,0.9904,439.5
552,27.85,-0.984,2169.2,0.0225,0.1666,0.0712,439.6
553,21.43,-1.84,2175.1,0.0265,0.1666,0.0839,439.7
554,14.6,-1.961,2179.2,0.1035,0.1668,0.327,440.0
555,7.31,-1.59,2181.2,0.0855,0.1669,0.2701,440.3
556,3.15,-1.016,2182.1,0.0716,0.167,0.2262,440.5
557,0.0,-0.438,2182.1,0.1276,0.1671,0.4031,440.9
558,0.0,0.076,2182.1,0.1276,0.1673,0.4031,441.3
559,0.55,0.309,2182.2,0.1276,0.1674,0.4031,441.7
560,2.22,0.603,2182.8,0.125,0.1676,0.3951,442.1
561,4.89,0.861,2184.2,0.2324,0.1678,0.7343,442.9
562,8.42,-0.059,2186.5,0.0985,0.168,0.3111,443.2
563,4.47,-1.17,2187.8,0.0716,0.168,0.2262,443.4
564,0.0,-0.62,2187.8,0.1276,0.1682,0.4031,443.8
565,0.0,0.0,2187.8,0.1276,0.1683,0.4031,444.2
566,0.0,0.0,2187.8,0.1276,0.1685,0.4031,444.6
567,0.0,0.0,2187.8,0.1276,0.1687,0.4031,445.0
568,0.0,0.0,2187.8,0.1276,0.1688,0.4031,445.4
569,0.0,0.0,2187.8,0.1276,0.169,0.4031,445.8
570,0.0,0.0,2187.8,0.1276,0.1691,0.4031,446.2
571,0.0,0.0,2187.8,0.1276,0.1693,0.4031,446.6
572,0.0,0.0,2187.8,0.1276,0.1694,0.4031,447.0
573,0.0,0.0,2187.8,0.1276,0.1696,0.4031,447.4
574,0.0,0.0,2187.8,0.1276,0.1697,0.4031,447.8
575,0.0,0.0,2187.8,0.1276,0.1699,0.4031,448.2
576,0.0,0.0,2187.8,0.1276,0.17,0.4031,448.6
577,0.0,0.0,2187.8,0.1276,0.1702,0.4031,449.0
578,0.0,0.0,2187.8,0.1276,0.1703,0.4031,449.4
579,0.0,0.0,2187.8,0.1276,0.1705,0.4031,449.8
580,0.0,0.0,2187.8,0.1276,0.1706,0.4031,450.3
581,0.0,0.0,2187.8,0.1276,0.1708,0.4031,450.7
582,0.0,0.0,2187.8,0.1276,0.1709,0.4031,451.1
583,0.0,0.0,2187.8,0.1276,0.1711,0.4031,451.5
584,0.0,0.0,2187.8,0.1276,0.1713,0.4031,451.9
585,0.0,0.61,2187.8,0.1276,0.1714,0.4031,452.3
586,4.39,1.387,2189.0,0.2946,0.1718,0.9311,453.2
587,9.99,1.973,2191.8,0.7932,0.1727,2.5066,455.7
588,18.6,1.615,2196.9,1.1898,0.1741,3.7598,459.5
589,21.62,0.027,2203.0,0.2798,0.1745,0.8842,460.3
590,18.79,-0.845,2208.2,0.0206,0.1745,0.0651,460.4
591,15.54,-0.928,2212.5,0.0206,0.1745,0.0651,460.5
592,12.11,-0.347,2215.9,0.1035,0.1746,0.327,460.8
593,13.04,0.293,2219.5,0.281,0.175,0.8881,461.7
594,14.22,0.473,2223.4,0.3847,0.1754,1.2156,462.9
595,16.44,0.732,2228.0,0.6085,0.1762,1.9228,464.8
596,19.49,1.119,2233.4,0.9546,0.1773,3.0164,467.8
597,24.5,1.194,2240.2,1.2292,0.1788,3.8842,471.7
598,28.09,0.799,2248.0,1.0233,0.18,3.2336,475.0
599,30.26,0.506,2256.4,0.8174,0.181,2.583,477.5
600,31.73,0.359,2265.2,0.6919,0.1818,2.1864,479.7
601,32.84,0.406,2274.4,0.7645,0.1827,2.4157,482.2
602,34.65,0.52,2284.0,0.9349,0.1838,2.9544,485.1
603,36.59,0.542,2294.1,1.0369,0.1851,3.2767,488.4
604,38.55,0.494,2304.9,1.0228,0.1863,3.2321,491.6
605,40.15,0.297,2316.0,0.7883,0.1873,2.4911,494.1
606,40.69,0.352,2327.3,0.8739,0.1883,2.7614,496.9
607,42.68,0.819,2339.2,1.5006,0.1901,4.7419,501.6
608,46.58,0.838,2352.1,1.566,0.192,4.9487,506.6
609,48.71,0.451,2365.6,1.0942,0.1933,3.4578,510.0
610,49.83,0.179,2379.5,0.6856,0.1941,2.1663,512.2
611,50.0,0.017,2393.4,0.4166,0.1946,1.3164,513.5
612,49.96,-0.082,2407.2,0.2429,0.1949,0.7676,514.3
613,49.41,-0.133,2421.0,0.1537,0.1951,0.4857,514.8
614,49.0,-0.057,2434.6,0.279,0.1954,0.8815,515.6
615,49.0,-0.084,2448.2,0.2339,0.1957,0.739,516.4
616,48.4,-0.248,2461.6,0.0178,0.1957,0.0563,516.4
617,47.21,-0.661,2474.7,0.0178,0.1957,0.0563,516.5
618,43.64,-1.002,2486.9,0.0293,0.1958,0.0924,516.6
619,40.0,-0.505,2498.0,0.0293,0.1958,0.0924,516.7
620,40.0,0.156,2509.1,0.5935,0.1965,1.8753,518.5
621,41.12,0.625,2520.5,1.2272,0.198,3.878,522.4
622,44.5,0.908,2532.9,1.6675,0.2,5.2694,527.7
623,47.66,0.852,2546.1,1.6183,0.2019,5.1139,532.8
624,50.63,0.534,2560.2,1.2575,0.2034,3.9737,536.8
625,51.5,0.199,2574.5,0.7505,0.2043,2.3716,539.2
626,52.07,0.159,2588.9,0.6886,0.2052,2.1761,541.3
627,52.64,0.13,2603.6,0.645,0.2059,2.0382,543.4
628,53.0,0.049,2618.3,0.5036,0.2065,1.5915,545.0
629,53.0,-0.042,2633.0,0.3392,0.2069,1.0718,546.0
630,52.7,-0.121,2647.7,0.1948,0.2072,0.6156,546.6
631,52.13,-0.034,2662.1,0.3465,0.2076,1.0949,547.7
632,52.45,0.121,2676.7,0.6263,0.2083,1.979,549.7
633,53.0,0.076,2691.4,0.5524,0.209,1.7456,551.5
634,53.0,-0.053,2706.1,0.3193,0.2094,1.009,552.5
635,52.62,-0.206,2720.8,0.0185,0.2094,0.0585,552.5
636,51.51,-0.347,2735.1,0.0185,0.2094,0.0585,552.6
637,50.12,-0.422,2749.0,0.0185,0.2094,0.0585,552.6
638,48.48,-0.352,2762.5,0.0178,0.2095,0.0563,552.7
639,47.59,-0.203,2775.7,0.0178,0.2095,0.0563,552.8
640,47.01,0.065,2788.7,0.4616,0.21,1.4587,554.2
641,48.06,0.276,2802.1,0.8184,0.211,2.5863,556.8
642,49.0,0.131,2815.7,0.5931,0.2117,1.8741,558.7
643,49.0,-0.055,2829.3,0.2823,0.2121,0.8921,559.6
644,48.6,-0.186,2842.8,0.1188,0.2122,0.3755,559.9
645,47.66,-0.313,2856.0,0.0178,0.2122,0.0563,560.0
646,46.35,-0.485,2868.9,0.0178,0.2123,0.0563,560.1
647,44.17,-0.604,2881.2,0.0293,0.2123,0.0924,560.2
648,41.99,-1.431,2892.9,0.0293,0.2123,0.0924,560.2
649,33.87,-2.953,2902.3,0.0254,0.2124,0.0804,560.3
650,20.73,-3.648,2908.0,0.0265,0.2124,0.0839,560.4
651,7.6,-2.455,2910.1,0.0855,0.2125,0.2701,560.7
652,3.06,-0.811,2911.0,0.0716,0.2126,0.2262,560.9
653,1.76,-0.361,2911.5,0.0716,0.2127,0.2262,561.1
654,0.46,-0.123,2911.6,0.1276,0.2128,0.4031,561.5
655,0.87,0.245,2911.8,0.1276,0.213,0.4031,561.9
656,2.22,0.376,2912.5,0.1078,0.2131,0.3408,562.3
657,3.58,1.183,2913.5,0.2286,0.2134,0.7223,563.0
658,10.74,2.356,2916.4,0.9947,0.2146,3.1433,566.1
659,20.54,1.738,2922.1,1.3978,0.2162,4.417,570.6
660,23.26,0.802,2928.6,0.9035,0.2173,2.855,573.4
661,26.32,1.121,2935.9,1.2171,0.2188,3.846,577.3
662,31.33,0.955,2944.6,1.2704,0.2203,4.0144,581.3
663,33.19,0.019,2953.8,0.3334,0.2207,1.0535,582.3
664,31.46,-1.003,2962.6,0.0254,0.2207,0.0804,582.4
665,25.97,-1.716,2969.8,0.0225,0.2208,0.0712,582.5
666,19.11,-1.865,2975.1,0.0206,0.2208,0.0651,582.5
667,12.54,-1.634,2978.6,0.1035,0.2209,0.327,582.9
668,7.34,-0.415,2980.6,0.0855,0.221,0.2701,583.1
669,9.56,0.711,2983.3,0.3513,0.2214,1.1103,584.3
670,12.46,0.985,2986.7,0.567,0.2221,1.7917,586.0
671,16.65,1.111,2991.4,0.8297,0.2231,2.622,588.7
672,20.46,1.032,2997.0,0.9747,0.2243,3.08,591.7
673,24.08,0.884,3003.7,0.9971,0.2255,3.1507,594.9
674,26.83,0.851,3011.2,1.029,0.2267,3.2515,598.1
675,30.2,1.259,3019.6,1.4962,0.2285,4.728,602.9
676,35.9,1.361,3029.6,1.8612,0.2307,5.8814,608.8
677,40.0,0.876,3040.7,1.487,0.2325,4.6989,613.5
678,42.21,0.726,3052.4,1.3748,0.2341,4.3443,617.8
679,45.23,0.904,3065.0,1.6099,0.2361,5.0872,622.9
680,48.72,0.872,3078.5,1.6794,0.2381,5.3067,628.2
681,51.51,0.77,3092.8,1.6242,0.24,5.1326,633.3
682,54.26,0.81,3107.9,1.7683,0.2421,5.5878,638.9
683,57.34,0.695,3123.8,1.6873,0.2442,5.3318,644.2
684,59.27,0.348,3140.3,1.1564,0.2455,3.6543,647.9
685,59.85,0.276,3156.9,1.0447,0.2468,3.3011,651.2
686,61.26,0.432,3173.9,1.3251,0.2484,4.1872,655.4
687,62.96,0.472,3191.4,1.4345,0.2501,4.533,659.9
688,64.66,0.456,3209.3,1.4452,0.2518,4.5669,664.5
689,66.24,0.378,3227.7,1.342,0.2534,4.2408,668.7
690,67.38,0.244,3246.5,1.1092,0.2548,3.5052,672.2
691,68.0,0.086,3265.3,0.7848,0.2557,2.48,674.7
692,68.0,0.0,3284.2,0.5854,0.2564,1.85,676.6
693,68.0,0.0,3303.1,0.5854,0.2571,1.85,678.4
694,68.0,-0.066,3322.0,0.4324,0.2576,1.3664,679.8
695,67.53,-0.12,3340.8,0.3029,0.258,0.9571,680.7
696,67.14,0.101,3359.4,0.8052,0.259,2.5446,683.3
697,68.25,0.208,3378.4,1.0549,0.2602,3.3336,686.6
698,68.63,-0.102,3397.4,0.3552,0.2606,1.1225,687.7
699,67.52,-0.269,3416.2,0.0185,0.2607,0.0586,687.8
700,66.7,-0.193,3434.7,0.1294,0.2608,0.4088,688.2
701,66.13,-0.157,3453.1,0.2069,0.2611,0.6539,688.9
702,65.57,-0.158,3471.3,0.2006,0.2613,0.6338,689.5
703,65.0,-0.079,3489.4,0.3715,0.2618,1.174,690.7
704,65.0,0.0,3507.4,0.5466,0.2624,1.7273,692.4
705,65.0,0.0,3525.5,0.5466,0.2631,1.7273,694.1
706,65.0,-0.026,3543.5,0.489,0.2637,1.5452,695.7
707,64.81,-0.102,3561.5,0.312,0.264,0.9858,696.7
708,64.26,-0.153,3579.4,0.1953,0.2643,0.6172,697.3
709,63.71,-0.155,3597.1,0.1871,0.2645,0.5913,697.9
710,63.15,-0.16,3614.6,0.1725,0.2647,0.5452,698.4
711,62.56,-0.171,3632.0,0.1452,0.2649,0.459,698.9
712,61.92,-0.255,3649.2,0.0175,0.2649,0.0553,698.9
713,60.73,-0.298,3666.1,0.0175,0.2649,0.0553,699.0
714,59.77,-0.213,3682.7,0.02,0.2649,0.0632,699.0
715,59.19,-0.215,3699.1,0.02,0.265,0.0632,699.1
716,58.22,-0.295,3715.3,0.02,0.265,0.0632,699.2
717,57.06,-0.31,3731.1,0.02,0.265,0.0632,699.2
718,55.99,-0.336,3746.7,0.02,0.265,0.0632,699.3
719,54.65,-0.816,3761.9,0.0185,0.265,0.0585,699.4
720,50.11,-1.427,3775.8,0.0185,0.2651,0.0585,699.4
721,44.37,-1.959,3788.1,0.0293,0.2651,0.0924,699.5
722,36.0,-2.37,3798.1,0.0297,0.2651,0.0937,699.6
723,27.31,-2.481,3805.7,0.0225,0.2652,0.0712,699.7
724,18.14,-2.291,3810.7,0.0206,0.2652,0.0651,699.7
725,10.82,-1.899,3813.8,0.1035,0.2653,0.327,700.1
726,4.46,-0.443,3815.0,0.0716,0.2654,0.2262,700.3
727,7.63,0.93,3817.1,0.3545,0.2658,1.1201,701.4
728,11.16,0.651,3820.2,0.3913,0.2663,1.2365,702.6
729,12.31,0.546,3823.6,0.3771,0.2667,1.1917,703.8
730,15.09,1.098,3827.8,0.7576,0.2677,2.3942,706.2
731,20.22,1.511,3833.4,1.2499,0.2692,3.9495,710.2
732,25.97,1.641,3840.7,1.5896,0.2711,5.023,715.2
733,32.04,1.655,3849.6,1.9326,0.2734,6.1072,721.3
734,37.89,1.559,3860.1,2.163,0.276,6.8352,728.1
735,43.26,1.054,3872.1,1.8077,0.2781,5.7122,733.9
736,45.47,0.743,3884.7,1.4089,0.2798,4.452,738.3
737,48.61,1.159,3898.2,2.0737,0.2823,6.5528,744.9
738,53.82,1.159,3913.2,2.2902,0.285,7.237,752.1
739,56.96,0.665,3929.0,1.6277,0.287,5.1435,757.2
740,58.61,0.676,3945.3,1.692,0.289,5.3469,762.6
741,61.82,0.961,3962.5,2.27,0.2917,7.1731,769.8
742,65.53,0.937,3980.7,2.3714,0.2946,7.4936,777.3
743,68.57,0.774,3999.7,2.1672,0.2972,6.8483,784.1
744,71.1,0.432,4019.5,1.568,0.299,4.9549,789.1
745,71.68,0.093,4039.4,0.8729,0.3001,2.7583,791.8
746,71.77,-0.06,4059.3,0.5001,0.3007,1.5802,793.4
747,71.24,0.021,4079.1,0.6903,0.3015,2.1812,795.6
748,71.92,0.328,4099.1,1.3747,0.3032,4.3441,799.9
749,73.6,0.412,4119.5,1.5875,0.3051,5.0165,804.9
750,74.88,0.331,4140.3,1.4459,0.3068,4.5691,809.5
751,75.98,0.078,4161.4,0.9228,0.3079,2.916,812.4
752,75.44,-0.166,4182.4,0.2852,0.3082,0.9014,813.3
753,74.79,-0.251,4203.2,0.0199,0.3083,0.0628,813.4
754,73.64,-0.359,4223.6,0.0199,0.3083,0.0628,813.5
755,72.2,-0.449,4243.7,0.0199,0.3083,0.0628,813.5
756,70.4,-0.437,4263.2,0.0199,0.3083,0.0628,813.6
757,69.06,-0.354,4282.4,0.0185,0.3084,0.0586,813.6
758,67.85,-0.324,4301.2,0.0185,0.3084,0.0586,813.7
759,66.73,-0.257,4319.8,0.0185,0.3084,0.0586,813.8
760,66.0,-0.101,4338.1,0.332,0.3088,1.0491,814.8
761,66.0,-0.082,4356.4,0.3747,0.3092,1.1842,816.0
762,65.41,-0.239,4374.6,0.0185,0.3093,0.0586,816.0
763,64.28,-0.306,4392.5,0.0175,0.3093,0.0553,816.1
764,63.21,-0.297,4410.0,0.0175,0.3093,0.0553,816.2
765,62.14,-0.613,4427.3,0.0175,0.3093,0.0553,816.2
766,58.79,-0.982,4443.6,0.02,0.3094,0.0632,816.3
767,55.07,-0.608,4458.9,0.02,0.3094,0.0632,816.3
768,54.41,-0.149,4474.0,0.1523,0.3096,0.4812,816.8
769,54.0,-0.057,4489.0,0.3197,0.3099,1.0104,817.8
770,54.0,-0.233,4504.0,0.0185,0.31,0.0585,817.9
771,52.32,-0.622,4518.6,0.0185,0.31,0.0585,817.9
772,49.52,-1.185,4532.3,0.0178,0.31,0.0563,818.0
773,43.78,-1.685,4544.5,0.0293,0.31,0.0924,818.1
774,37.38,-1.78,4554.9,0.0297,0.3101,0.0937,818.2
775,30.97,-1.768,4563.5,0.0254,0.3101,0.0804,818.3
776,24.66,-1.731,4570.3,0.0265,0.3101,0.0839,818.4
777,18.5,-1.345,4575.5,0.0206,0.3102,0.0651,818.4
778,14.97,-0.732,4579.6,0.1035,0.3103,0.327,818.7
779,13.23,-0.203,4583.3,0.1035,0.3104,0.327,819.1
780,13.51,0.054,4587.0,0.1775,0.3106,0.5608,819.6
781,13.62,-0.31,4590.8,0.1035,0.3108,0.327,820.0
782,11.28,-0.392,4594.0,0.1035,0.3109,0.327,820.3
783,10.79,0.175,4597.0,0.2066,0.3111,0.6528,820.9
784,12.54,0.019,4600.4,0.157,0.3113,0.496,821.4
785,10.93,-0.615,4603.5,0.1035,0.3114,0.327,821.8
786,8.11,-1.018,4605.7,0.0855,0.3115,0.2701,822.0
787,3.59,-1.126,4606.7,0.0716,0.3116,0.2262,822.3
788,0.0,-0.499,4606.7,0.1276,0.3118,0.4031,822.7
789,0.0,0.0,4606.7,0.1276,0.3119,0.4031,823.1
790,0.0,0.0,4606.7,0.1276,0.3121,0.4031,823.5
791,0.0,0.0,4606.7,0.1276,0.3122,0.4031,823.9
792,0.0,0.0,4606.7,0.1276,0.3124,0.4031,824.3
793,0.0,0.811,4606.7,0.1276,0.3125,0.4031,824.7
794,5.84,1.814,4608.4,0.4673,0.3131,1.4766,826.2
795,13.06,2.071,4612.0,1.0518,0.3144,3.3238,829.5
796,20.75,1.517,4617.7,1.2782,0.3159,4.0391,833.5
797,23.99,0.135,4624.4,0.3813,0.3164,1.2048,834.7
798,21.73,-0.679,4630.4,0.0265,0.3164,0.0839,834.8
799,19.1,-0.754,4635.7,0.0206,0.3164,0.0651,834.9
800,16.3,-0.359,4640.3,0.0206,0.3164,0.0651,834.9
801,16.51,0.244,4644.9,0.3358,0.3168,1.0611,836.0
802,18.06,1.234,4649.9,0.9647,0.318,3.0486,839.0
803,25.4,1.765,4656.9,1.6504,0.32,5.2152,844.3
804,30.77,1.228,4665.5,1.4921,0.3218,4.7149,849.0
805,34.24,0.463,4675.0,0.8586,0.3228,2.7133,851.7
806,34.1,-0.175,4684.5,0.1696,0.323,0.5359,852.2
807,32.98,-0.232,4693.6,0.0254,0.323,0.0804,852.3
808,32.43,-0.277,4702.6,0.0254,0.323,0.0804,852.4
809,30.98,-0.886,4711.2,0.0254,0.3231,0.0804,852.5
810,26.05,-0.927,4718.5,0.0225,0.3231,0.0712,852.5
811,24.31,0.235,4725.2,0.4672,0.3237,1.4762,854.0
812,27.74,1.135,4732.9,1.2796,0.3252,4.0435,858.1
813,32.48,1.422,4742.0,1.7397,0.3273,5.4975,863.6
814,37.98,1.09,4752.5,1.6596,0.3293,5.2443,868.8
815,40.33,0.554,4763.7,1.1268,0.3306,3.5608,872.4
816,41.97,0.687,4775.4,1.3217,0.3322,4.1765,876.5
817,45.28,0.882,4787.9,1.5831,0.3341,5.0025,881.5
818,48.32,0.656,4801.4,1.3689,0.3357,4.3258,885.9
819,50.0,0.533,4815.3,1.2418,0.3372,3.9241,889.8
820,52.15,0.692,4829.7,1.5272,0.339,4.8261,894.6
821,54.98,0.633,4845.0,1.5134,0.3409,4.7822,899.4
822,56.71,0.395,4860.8,1.1841,0.3423,3.7419,903.1
823,57.82,0.043,4876.8,0.5581,0.3429,1.7635,904.9
824,57.02,-0.281,4892.7,0.02,0.343,0.0632,905.0
825,55.8,-0.397,4908.2,0.02,0.343,0.0632,905.0
826,54.16,-0.457,4923.2,0.0185,0.343,0.0585,905.1
827,52.51,-0.463,4937.8,0.0185,0.343,0.0585,905.1
828,50.83,-0.349,4951.9,0.0185,0.3431,0.0585,905.2
829,50.0,-0.115,4965.8,0.1915,0.3433,0.6053,905.8
830,50.0,0.0,4979.7,0.3876,0.3438,1.2248,907.0
831,50.0,0.008,4993.6,0.4012,0.3442,1.2679,908.3
832,50.06,0.087,5007.5,0.5366,0.3449,1.6957,910.0
833,50.62,0.025,5021.6,0.4363,0.3454,1.3786,911.4
834,50.24,-0.366,5035.5,0.0185,0.3454,0.0585,911.4
835,47.99,-0.536,5048.8,0.0178,0.3454,0.0563,911.5
836,46.38,-0.377,5061.7,0.0178,0.3455,0.0563,911.5
837,45.27,-0.669,5074.3,0.0178,0.3455,0.0563,911.6
838,41.56,-1.151,5085.8,0.0293,0.3455,0.0924,911.7
839,36.99,-1.033,5096.1,0.0297,0.3456,0.0937,911.8
840,34.12,-0.82,5105.6,0.0254,0.3456,0.0804,911.9
841,31.08,-0.912,5114.2,0.0254,0.3456,0.0804,912.0
842,27.55,-0.706,5121.9,0.0225,0.3456,0.0712,912.0
843,26.0,-0.216,5129.1,0.0225,0.3457,0.0712,912.1
844,26.0,0.375,5136.3,0.5863,0.3464,1.8528,913.9
845,28.7,0.91,5144.3,1.1307,0.3477,3.573,917.5
846,32.55,1.149,5153.3,1.4895,0.3495,4.7067,922.2
847,36.97,1.213,5163.6,1.7524,0.3516,5.5375,927.8
848,41.29,0.989,5175.1,1.6599,0.3536,5.2451,933.0
849,44.09,0.655,5187.3,1.3362,0.3552,4.2224,937.2
850,46.0,0.265,5200.1,0.7649,0.3561,2.417,939.6
851,46.0,0.0,5212.9,0.3492,0.3565,1.1036,940.8
852,46.0,0.0,5225.7,0.3492,0.357,1.1036,941.9
853,46.0,0.0,5238.4,0.3492,0.3574,1.1036,943.0
854,46.0,0.0,5251.2,0.3492,0.3578,1.1036,944.1
855,46.0,-0.727,5264.0,0.0178,0.3578,0.0563,944.1
856,40.77,-1.547,5275.3,0.0293,0.3578,0.0924,944.2
857,34.86,-1.776,5285.0,0.0254,0.3579,0.0804,944.3
858,27.98,-1.607,5292.8,0.0225,0.3579,0.0712,944.4
859,23.29,-0.885,5299.2,0.0265,0.3579,0.0839,944.4
860,21.61,-0.126,5305.2,0.177,0.3581,0.5592,945.0
861,22.38,0.409,5311.5,0.5755,0.3588,1.8185,946.8
862,24.56,0.617,5318.3,0.7902,0.3598,2.4972,949.3
863,26.83,0.617,5325.7,0.8225,0.3608,2.599,951.9
864,29.0,0.302,5333.8,0.5679,0.3614,1.7945,953.7
865,29.0,0.147,5341.8,0.4146,0.3619,1.3102,955.0
866,30.06,0.526,5350.2,0.8334,0.3629,2.6334,957.7
867,32.79,0.639,5359.3,1.0216,0.3642,3.2283,960.9
868,34.66,0.424,5368.9,0.8217,0.3651,2.5966,963.5
869,35.84,0.186,5378.9,0.5833,0.3658,1.8433,965.3
870,36.0,0.067,5388.9,0.4393,0.3664,1.3881,966.7
871,36.33,0.354,5399.0,0.7976,0.3673,2.5204,969.2
872,38.55,0.589,5409.7,1.1297,0.3687,3.5698,972.8
873,40.57,0.513,5421.0,1.0846,0.37,3.4273,976.2
874,42.24,0.337,5432.7,0.882,0.371,2.787,979.0
875,43.0,0.106,5444.6,0.5576,0.3717,1.7622,980.8
876,43.0,0.142,5456.6,0.6104,0.3724,1.9289,982.7
877,44.02,0.31,5468.8,0.8752,0.3735,2.7657,985.5
878,45.23,0.327,5481.4,0.8474,0.3745,2.6778,988.2
879,46.38,0.246,5494.3,0.7413,0.3754,2.3426,990.5
880,47.0,0.086,5507.3,0.4952,0.376,1.5648,992.1
881,47.0,0.0,5520.4,0.3574,0.3764,1.1293,993.2
882,47.0,0.0,5533.4,0.3574,0.3768,1.1293,994.3
883,47.0,0.065,5546.5,0.4615,0.3774,1.4584,995.8
884,47.47,0.142,5559.7,0.5911,0.3781,1.8678,997.6
885,48.03,0.153,5573.0,0.6165,0.3788,1.9481,999.6
886,48.57,0.135,5586.5,0.5941,0.3795,1.8773,1001.5
887,49.0,0.06,5600.1,0.4744,0.3801,1.4992,1003.0
888,49.0,0.079,5613.7,0.5062,0.3807,1.5995,1004.6
889,49.57,0.238,5627.5,0.7814,0.3817,2.4692,1007.0
890,50.72,0.139,5641.6,0.6344,0.3824,2.0047,1009.0
891,50.57,-0.1,5655.6,0.2202,0.3827,0.696,1009.7
892,50.0,-0.156,5669.5,0.1235,0.3828,0.3902,1010.1
893,49.45,-0.124,5683.2,0.169,0.383,0.5342,1010.7
894,49.11,0.029,5696.9,0.4237,0.3835,1.3389,1012.0
895,49.65,0.124,5710.7,0.5898,0.3842,1.8637,1013.9
896,50.0,0.048,5724.6,0.4694,0.3848,1.4834,1015.4
897,50.0,-0.199,5738.5,0.0185,0.3848,0.0585,1015.4
898,48.57,-0.505,5751.9,0.0178,0.3849,0.0563,1015.5
899,46.37,-0.548,5764.8,0.0178,0.3849,0.0563,1015.5
900,44.62,-0.469,5777.2,0.0293,0.3849,0.0924,1015.6
901,42.99,-0.297,5789.2,0.0293,0.3849,0.0924,1015.7
902,42.49,-0.134,5801.0,0.2043,0.3852,0.6457,1016.4
903,42.02,0.028,5812.6,0.4351,0.3857,1.375,1017.7
904,42.69,0.052,5824.5,0.4756,0.3863,1.503,1019.2
905,42.4,-0.198,5836.3,0.0293,0.3863,0.0924,1019.3
906,41.26,-0.318,5847.7,0.0293,0.3863,0.0924,1019.4
907,40.1,-0.323,5858.9,0.0293,0.3864,0.0924,1019.5
908,38.94,-0.313,5869.7,0.0297,0.3864,0.0937,1019.6
909,37.85,-0.286,5880.2,0.0297,0.3865,0.0937,1019.7
910,36.88,-0.212,5890.5,0.0297,0.3865,0.0937,1019.8
911,36.33,-0.28,5900.5,0.0297,0.3865,0.0937,1019.9
912,34.87,-0.589,5910.2,0.0254,0.3866,0.0804,1020.0
913,32.09,-0.736,5919.1,0.0254,0.3866,0.0804,1020.0
914,29.57,-0.678,5927.4,0.0225,0.3866,0.0712,1020.1
915,27.21,-0.675,5934.9,0.0225,0.3866,0.0712,1020.2
916,24.71,-0.975,5941.8,0.0265,0.3867,0.0839,1020.3
917,20.19,-1.255,5947.4,0.0265,0.3867,0.0839,1020.4
918,15.67,-0.801,5951.7,0.0206,0.3867,0.0651,1020.4
919,14.42,0.31,5955.7,0.3086,0.3871,0.9751,1021.4
920,17.9,0.966,5960.7,0.7938,0.388,2.5083,1023.9
921,21.38,0.245,5966.7,0.4374,0.3886,1.3823,1025.3
922,19.67,-0.633,5972.1,0.0206,0.3886,0.0651,1025.3
923,16.83,-0.589,5976.8,0.0206,0.3886,0.0651,1025.4
924,15.43,-0.028,5981.1,0.1794,0.3888,0.5668,1026.0
925,16.62,0.332,5985.7,0.387,0.3893,1.223,1027.2
926,17.82,0.845,5990.6,0.7173,0.3902,2.2666,1029.5
927,22.71,1.44,5996.9,1.3205,0.3917,4.1728,1033.6
928,28.18,1.277,6004.8,1.4098,0.3934,4.4551,1038.1
929,31.9,1.041,6013.6,1.3668,0.3951,4.3192,1042.4
930,35.68,1.084,6023.6,1.5697,0.3969,4.9602,1047.4
931,39.71,0.878,6034.6,1.483,0.3987,4.6863,1052.1
932,42.0,0.318,6046.2,0.8503,0.3997,2.6868,1054.8
933,42.0,-0.112,6057.9,0.2345,0.4,0.741,1055.5
934,41.19,-0.266,6069.4,0.0293,0.4001,0.0924,1055.6
935,40.09,-0.166,6080.5,0.195,0.4003,0.6163,1056.2
936,40.0,0.025,6091.6,0.4148,0.4008,1.3107,1057.5
937,40.27,0.293,6102.8,0.7849,0.4017,2.4802,1060.0
938,42.11,0.461,6114.5,1.0539,0.403,3.3303,1063.3
939,43.59,0.362,6126.6,0.9447,0.4041,2.9852,1066.3
940,44.72,0.323,6139.0,0.9078,0.4052,2.8687,1069.2
941,45.91,0.362,6151.8,0.9152,0.4063,2.8919,1072.1
942,47.32,0.659,6164.9,1.3472,0.4079,4.2573,1076.3
943,50.66,0.884,6179.0,1.7638,0.41,5.5737,1081.9
944,53.69,0.744,6193.9,1.6495,0.412,5.2123,1087.1
945,56.01,0.28,6209.5,0.9866,0.4132,3.1175,1090.2
946,55.7,-0.357,6224.9,0.02,0.4132,0.0632,1090.3
947,53.44,-1.025,6239.8,0.0185,0.4132,0.0585,1090.4
948,48.32,-1.536,6253.2,0.0178,0.4133,0.0563,1090.4
949,42.38,-1.846,6265.0,0.0293,0.4133,0.0924,1090.5
950,35.03,-2.07,6274.7,0.0297,0.4133,0.0937,1090.6
951,27.48,-2.159,6282.3,0.0225,0.4133,0.0712,1090.7
952,19.49,-1.953,6287.7,0.0206,0.4134,0.0651,1090.7
953,13.42,-1.478,6291.5,0.1035,0.4135,0.327,1091.1
954,8.84,-1.004,6293.9,0.0855,0.4136,0.2701,1091.3
955,6.19,-0.673,6295.7,0.0855,0.4137,0.2701,1091.6
956,4.0,-0.305,6296.8,0.0716,0.4138,0.2262,1091.8
957,4.0,0.044,6297.9,0.0917,0.4139,0.2896,1092.1
958,4.31,0.199,6299.1,0.116,0.414,0.3665,1092.5
959,5.43,0.273,6300.6,0.1552,0.4142,0.4903,1093.0
960,6.28,0.195,6302.3,0.1494,0.4144,0.4721,1093.4
961,6.84,0.221,6304.2,0.1612,0.4146,0.5094,1094.0
962,7.87,0.3,6306.4,0.1939,0.4148,0.6127,1094.6
963,9.0,0.157,6308.9,0.1657,0.415,0.5236,1095.1
964,9.0,0.024,6311.4,0.1249,0.4152,0.3947,1095.5
965,9.17,0.407,6314.0,0.2454,0.4155,0.7755,1096.3
966,11.93,0.748,6317.3,0.4508,0.416,1.4244,1097.7
967,14.56,0.677,6321.3,0.4928,0.4166,1.5572,1099.2
968,16.81,0.847,6326.0,0.6851,0.4174,2.165,1101.4
969,20.66,1.325,6331.7,1.1608,0.4188,3.6683,1105.1
970,26.35,1.602,6339.0,1.5796,0.4207,4.9916,1110.1
971,32.2,1.634,6348.0,1.9217,0.423,6.0725,1116.1
972,38.11,0.743,6358.6,1.2872,0.4245,4.0676,1120.2
973,37.54,-0.317,6369.0,0.0297,0.4246,0.0937,1120.3
974,35.83,-0.476,6379.0,0.0297,0.4246,0.0937,1120.4
975,34.12,-0.226,6388.4,0.0254,0.4246,0.0804,1120.5
976,34.21,0.492,6397.9,0.8918,0.4257,2.8181,1123.3
977,37.66,0.666,6408.4,1.1925,0.4271,3.7684,1127.1
978,39.0,0.186,6419.2,0.6239,0.4279,1.9714,1129.0
979,39.0,-0.601,6430.1,0.0297,0.4279,0.0937,1129.1
980,34.68,-1.379,6439.7,0.0254,0.428,0.0804,1129.2
981,29.07,-2.179,6447.8,0.0225,0.428,0.0712,1129.3
982,18.99,-2.626,6453.0,0.0206,0.428,0.0651,1129.3
983,10.17,-2.054,6455.9,0.1035,0.4281,0.327,1129.7
984,4.2,-0.589,6457.0,0.0716,0.4282,0.2262,1129.9
985,5.93,1.103,6458.7,0.3294,0.4286,1.0409,1130.9
986,12.14,1.557,6462.1,0.7918,0.4296,2.502,1133.4
987,17.14,1.361,6466.8,0.9933,0.4307,3.1388,1136.6
988,21.94,0.75,6472.9,0.8224,0.4317,2.5988,1139.2
989,22.53,0.117,6479.2,0.3539,0.4322,1.1184,1140.3
990,22.78,-0.198,6485.5,0.177,0.4324,0.5592,1140.9
991,21.1,-0.386,6491.4,0.0265,0.4324,0.0839,1140.9
992,20.0,-0.153,6496.9,0.177,0.4326,0.5592,1141.5
993,20.0,-0.21,6502.5,0.177,0.4328,0.5592,1142.1
994,18.49,-0.604,6507.6,0.0206,0.4329,0.0651,1142.1
995,15.65,-0.912,6511.9,0.0206,0.4329,0.0651,1142.2
996,11.92,-1.071,6515.3,0.1035,0.433,0.327,1142.5
997,7.94,-0.961,6517.5,0.0855,0.4331,0.2701,1142.8
998,5.0,-0.765,6518.9,0.0855,0.4332,0.2701,1143.1
999,2.43,-0.601,6519.5,0.0716,0.4333,0.2262,1143.3
1000,0.67,-0.338,6519.7,0.1276,0.4334,0.4031,1143.7
1001,0.0,-0.094,6519.7,0.1276,0.4336,0.4031,1144.1
1002,0.0,0.0,6519.7,0.1276,0.4337,0.4031,1144.5
1003,0.0,0.0,6519.7,0.1276,0.4339,0.4031,1144.9
1004,0.0,0.0,6519.7,0.1276,0.4341,0.4031,1145.3
1005,0.0,0.0,6519.7,0.1276,0.4342,0.4031,1145.7
1006,0.0,0.0,6519.7,0.1276,0.4344,0.4031,1146.1
1007,0.0,0.0,6519.7,0.1276,0.4345,0.4031,1146.5
1008,0.0,0.0,6519.7,0.1276,0.4347,0.4031,1146.9
1009,0.0,0.0,6519.7,0.1276,0.4348,0.4031,1147.3
1010,0.0,0.0,6519.7,0.1276,0.435,0.4031,1147.7
1011,0.0,0.0,6519.7,0.1276,0.4351,0.4031,1148.1
1012,0.0,0.0,6519.7,0.1276,0.4353,0.4031,1148.5
1013,0.0,0.0,6519.7,0.1276,0.4354,0.4031,1148.9
1014,0.0,0.0,6519.7,0.1276,0.4356,0.4031,1149.3
1015,0.0,0.0,6519.7,0.1276,0.4357,0.4031,1149.7
1016,0.0,0.0,6519.7,0.1276,0.4359,0.4031,1150.1
1017,0.0,0.0,6519.7,0.1276,0.436,0.4031,1150.5
1018,0.0,0.0,6519.7,0.1276,0.4362,0.4031,1150.9
1019,0.0,0.0,6519.7,0.1276,0.4363,0.4031,1151.3
1020,0.0,0.0,6519.7,0.1276,0.4365,0.4031,1151.7
1021,0.0,0.0,6519.7,0.1276,0.4367,0.4031,1152.1
1022,0.0,0.0,6519.7,0.1276,0.4368,0.4031,1152.5
1023,0.0,0.0,6519.7,0.1276,0.437,0.4031,1153.0
1024,0.0,0.0,6519.7,0.1276,0.4371,0.4031,1153.4
1025,0.0,0.0,6519.7,0.1276,0.4373,0.4031,1153.8
1026,0.0,0.0,6519.7,0.1276,0.4374,0.4031,1154.2
1027,0.0,0.0,6519.7,0.1276,0.4376,0.4031,1154.6
1028,0.0,0.0,6519.7,0.1276,0.4377,0.4031,1155.0
1029,0.0,0.0,6519.7,0.1276,0.4379,0.4031,1155.4
1030,0.0,0.0,6519.7,0.1276,0.438,0.4031,1155.8
1031,0.0,0.0,6519.7,0.1276,0.4382,0.4031,1156.2
1032,0.0,0.0,6519.7,0.1276,0.4383,0.4031,1156.6
1033,0.0,0.0,6519.7,0.1276,0.4385,0.4031,1157.0
1034,0.0,0.0,6519.7,0.1276,0.4386,0.4031,1157.4
1035,0.0,0.0,6519.7,0.1276,0.4388,0.4031,1157.8
1036,0.0,0.0,6519.7,0.1276,0.4389,0.4031,1158.2
1037,0.0,0.0,6519.7,0.1276,0.4391,0.4031,1158.6
1038,0.0,0.0,6519.7,0.1276,0.4392,0.4031,1159.0
1039,0.0,0.0,6519.7,0.1276,0.4394,0.4031,1159.4
1040,0.0,0.0,6519.7,0.1276,0.4396,0.4031,1159.8
1041,0.0,0.0,6519.7,0.1276,0.4397,0.4031,1160.2
1042,0.0,0.0,6519.7,0.1276,0.4399,0.4031,1160.6
1043,0.0,0.0,6519.7,0.1276,0.44,0.4031,1161.0
1044,0.0,0.0,6519.7,0.1276,0.4402,0.4031,1161.4
1045,0.0,0.0,6519.7,0.1276,0.4403,0.4031,1161.8
1046,0.0,0.0,6519.7,0.1276,0.4405,0.4031,1162.2
1047,0.0,0.0,6519.7,0.1276,0.4406,0.4031,1162.6
1048,0.0,0.0,6519.7,0.1276,0.4408,0.4031,1163.0
1049,0.0,0.0,6519.7,0.1276,0.4409,0.4031,1163.4
1050,0.0,0.0,6519.7,0.1276,0.4411,0.4031,1163.8
1051,0.0,0.0,6519.7,0.1276,0.4412,0.4031,1164.2
1052,0.0,0.0,6519.7,0.1276,0.4414,0.4031,1164.6
1053,0.0,0.199,6519.7,0.1276,0.4415,0.4031,1165.0
1054,1.43,0.497,6520.1,0.1008,0.4417,0.3186,1165.4
1055,3.58,0.742,6521.1,0.1747,0.4419,0.5522,1165.9
1056,6.78,0.881,6523.0,0.3131,0.4422,0.9894,1166.9
1057,9.92,0.275,6525.7,0.2139,0.4425,0.6761,1167.6
1058,8.76,-0.43,6528.2,0.0855,0.4426,0.2701,1167.9
1059,6.83,-0.736,6530.1,0.0855,0.4427,0.2701,1168.1
1060,3.46,-0.762,6531.0,0.0716,0.4428,0.2262,1168.3
1061,1.34,-0.456,6531.4,0.0716,0.4429,0.2262,1168.6
1062,0.17,-0.056,6531.5,0.1276,0.443,0.4031,1169.0
1063,0.94,0.256,6531.7,0.1276,0.4432,0.4031,1169.4
1064,2.02,0.23,6532.3,0.0945,0.4433,0.2987,1169.7
1065,2.59,0.114,6533.0,0.0907,0.4434,0.2868,1170.0
1066,2.84,-0.042,6533.8,0.0775,0.4435,0.2449,1170.2
1067,2.29,-0.194,6534.4,0.0716,0.4436,0.2262,1170.4
1068,1.45,-0.275,6534.8,0.0716,0.4437,0.2262,1170.7
1069,0.31,-0.025,6534.9,0.1276,0.4438,0.4031,1171.1
1070,1.27,0.376,6535.3,0.0923,0.4439,0.2917,1171.4
1071,3.01,0.779,6536.1,0.1621,0.4441,0.5123,1171.9
1072,6.88,1.081,6538.0,0.3634,0.4446,1.1483,1173.0
1073,10.79,1.115,6541.0,0.5524,0.4452,1.7456,1174.8
1074,14.91,0.942,6545.1,0.637,0.446,2.0129,1176.8
1075,17.58,0.534,6550.0,0.5229,0.4466,1.6525,1178.4
1076,18.75,0.451,6555.2,0.4961,0.4472,1.5677,1180.0
1077,20.83,0.612,6561.0,0.691,0.448,2.1837,1182.2
1078,23.16,0.714,6567.5,0.8308,0.449,2.6253,1184.8
1079,25.96,0.513,6574.7,0.7078,0.4499,2.2366,1187.0
1080,26.86,-0.459,6582.1,0.0225,0.4499,0.0712,1187.1
1081,22.66,-1.509,6588.4,0.0265,0.4499,0.0839,1187.2
1082,15.99,-2.078,6592.9,0.0206,0.45,0.0651,1187.3
1083,7.7,-1.532,6595.0,0.0855,0.4501,0.2701,1187.5
1084,4.96,-0.567,6596.4,0.0716,0.4501,0.2262,1187.8
1085,3.61,0.509,6597.4,0.1469,0.4503,0.4643,1188.2
1086,8.62,1.244,6599.8,0.4818,0.4509,1.5223,1189.7
1087,12.57,0.79,6603.3,0.4875,0.4515,1.5406,1191.3
1088,14.31,0.745,6607.2,0.5192,0.4521,1.6407,1192.9
1089,17.93,1.178,6612.2,0.9245,0.4532,2.9214,1195.9
1090,22.79,1.183,6618.6,1.1571,0.4546,3.6564,1199.5
1091,26.44,0.959,6625.9,1.0993,0.4559,3.4738,1203.0
1092,29.7,0.346,6634.2,0.6234,0.4567,1.9699,1205.0
1093,28.94,-0.364,6642.2,0.0225,0.4567,0.0712,1205.0
1094,27.07,-0.893,6649.7,0.0225,0.4567,0.0712,1205.1
1095,22.51,-1.418,6656.0,0.0265,0.4567,0.0839,1205.2
1096,16.86,-1.751,6660.6,0.0206,0.4568,0.0651,1205.2
1097,9.9,-1.057,6663.4,0.0855,0.4569,0.2701,1205.5
1098,9.25,0.149,6666.0,0.1654,0.4571,0.5228,1206.0
1099,10.97,0.9,6669.0,0.4795,0.4576,1.5152,1207.5
1100,15.73,1.343,6673.4,0.9156,0.4587,2.8932,1210.4
1101,20.64,1.467,6679.1,1.2436,0.4602,3.9298,1214.4
1102,26.3,1.327,6686.4,1.3709,0.4619,4.332,1218.7
1103,30.19,0.619,6694.8,0.9321,0.463,2.9455,1221.7
1104,30.75,0.249,6703.3,0.5591,0.4637,1.7667,1223.4
1105,31.98,0.416,6712.2,0.7585,0.4646,2.3969,1225.8
1106,33.75,0.009,6721.6,0.3256,0.465,1.0288,1226.8
1107,32.05,-0.634,6730.5,0.0254,0.465,0.0804,1226.9
1108,29.19,-1.564,6738.6,0.0225,0.465,0.0712,1227.0
1109,20.79,-2.275,6744.4,0.0265,0.465,0.0839,1227.1
1110,12.8,-2.094,6747.9,0.1035,0.4652,0.327,1227.4
1111,5.71,-1.459,6749.5,0.0855,0.4653,0.2701,1227.7
1112,2.3,-0.633,6750.2,0.0716,0.4654,0.2262,1227.9
1113,1.16,0.085,6750.5,0.079,0.4655,0.2497,1228.2
1114,2.91,0.585,6751.3,0.1398,0.4656,0.4419,1228.6
1115,5.37,1.288,6752.8,0.3402,0.466,1.0751,1229.7
1116,12.18,1.778,6756.2,0.8858,0.4671,2.7992,1232.5
1117,18.17,1.39,6761.2,1.0519,0.4684,3.324,1235.8
1118,22.19,1.301,6767.4,1.2092,0.4698,3.8211,1239.6
1119,27.54,1.638,6775.0,1.6673,0.4718,5.2686,1244.9
1120,33.98,1.291,6784.5,1.6809,0.4738,5.3118,1250.2
1121,36.83,0.697,6794.7,1.2048,0.4753,3.8073,1254.0
1122,39.0,0.141,6805.5,0.564,0.4759,1.7823,1255.8
1123,37.84,-0.319,6816.1,0.0297,0.476,0.0937,1255.9
1124,36.7,-0.312,6826.2,0.0297,0.476,0.0937,1256.0
1125,35.59,-0.662,6836.1,0.0297,0.476,0.0937,1256.1
1126,31.93,-1.425,6845.0,0.0254,0.4761,0.0804,1256.1
1127,25.33,-1.559,6852.0,0.0225,0.4761,0.0712,1256.2
1128,20.7,-1.135,6857.8,0.0265,0.4761,0.0839,1256.3
1129,17.16,-0.357,6862.6,0.0206,0.4761,0.0651,1256.4
1130,18.14,0.432,6867.6,0.4724,0.4767,1.4928,1257.9
1131,20.26,0.936,6873.2,0.9005,0.4778,2.8454,1260.7
1132,24.88,1.013,6880.1,1.1152,0.4791,3.5241,1264.2
1133,27.56,0.516,6887.8,0.7466,0.48,2.3593,1266.6
1134,28.6,0.58,6895.7,0.8327,0.481,2.6314,1269.2
1135,31.74,1.06,6904.5,1.3785,0.4827,4.3561,1273.6
1136,36.23,1.041,6914.6,1.5451,0.4845,4.8826,1278.5
1137,39.23,0.792,6925.5,1.372,0.4862,4.3357,1282.8
1138,41.93,0.598,6937.2,1.2142,0.4876,3.837,1286.6
1139,43.54,0.414,6949.3,1.0209,0.4888,3.226,1289.9
1140,44.91,0.035,6961.7,0.4704,0.4894,1.4865,1291.3
1141,43.79,-0.29,6973.9,0.0293,0.4894,0.0924,1291.4
1142,42.83,-0.216,6985.8,0.0293,0.4895,0.0924,1291.5
1143,42.24,-0.024,6997.5,0.3621,0.4899,1.1441,1292.7
1144,42.66,0.21,7009.4,0.7052,0.4908,2.2283,1294.9
1145,43.75,0.187,7021.5,0.6868,0.4916,2.1704,1297.1
1146,44.0,0.035,7033.7,0.4623,0.4921,1.4608,1298.5
1147,44.0,0.0,7046.0,0.4098,0.4926,1.2949,1299.8
1148,44.0,-0.012,7058.2,0.3918,0.4931,1.238,1301.1
1149,43.91,-0.09,7070.4,0.2744,0.4934,0.8669,1301.9
1150,43.35,-0.183,7082.4,0.195,0.4937,0.6163,1302.5
1151,42.59,-0.259,7094.3,0.0293,0.4937,0.0924,1302.6
1152,41.49,-0.31,7105.8,0.0293,0.4937,0.0924,1302.7
1153,40.36,-0.314,7117.0,0.0293,0.4938,0.0924,1302.8
1154,39.22,-0.189,7127.9,0.0297,0.4938,0.0937,1302.9
1155,39.0,0.006,7138.7,0.3845,0.4943,1.2151,1304.1
1156,39.27,0.354,7149.6,0.8524,0.4953,2.6934,1306.8
1157,41.55,0.49,7161.2,1.0775,0.4966,3.4049,1310.2
1158,42.79,0.095,7173.1,0.5393,0.4972,1.7041,1311.9
1159,42.23,-0.355,7184.8,0.0293,0.4972,0.0924,1312.0
1160,40.24,-0.693,7196.0,0.0293,0.4973,0.0924,1312.1
1161,37.24,-0.729,7206.3,0.0297,0.4973,0.0937,1312.2
1162,34.99,-0.642,7216.0,0.0254,0.4973,0.0804,1312.3
1163,32.62,-0.935,7225.1,0.0254,0.4974,0.0804,1312.4
1164,28.26,-1.058,7232.9,0.0225,0.4974,0.0712,1312.4
1165,25.0,-0.453,7239.9,0.0225,0.4974,0.0712,1312.5
1166,25.0,0.29,7246.8,0.4962,0.498,1.568,1314.1
1167,27.09,0.851,7254.4,1.0364,0.4993,3.2749,1317.4
1168,31.13,0.867,7263.0,1.1859,0.5007,3.7474,1321.1
1169,33.33,0.545,7272.3,0.9321,0.5018,2.9453,1324.1
1170,35.05,0.575,7282.0,1.0382,0.503,3.2807,1327.3
1171,37.47,0.549,7292.4,1.0629,0.5043,3.3587,1330.7
1172,39.0,0.212,7303.2,0.6584,0.5051,2.0807,1332.8
1173,39.0,0.159,7314.1,0.588,0.5058,1.858,1334.6
1174,40.15,0.472,7325.2,1.0279,0.507,3.2481,1337.9
1175,42.4,0.452,7337.0,1.0486,0.5083,3.3135,1341.2
1176,43.4,0.215,7349.1,0.7234,0.5092,2.2859,1343.5
1177,43.95,0.231,7361.3,0.7556,0.5101,2.3875,1345.9
1178,45.06,0.269,7373.8,0.7551,0.511,2.386,1348.3
1179,45.88,0.033,7386.5,0.3999,0.5115,1.2637,1349.5
1180,45.3,-0.203,7399.1,0.0178,0.5115,0.0563,1349.6
1181,44.42,-0.284,7411.5,0.0293,0.5115,0.0924,1349.7
1182,43.25,-0.256,7423.5,0.0293,0.5115,0.0924,1349.8
1183,42.58,-0.169,7435.3,0.195,0.5118,0.6163,1350.4
1184,42.03,0.068,7447.0,0.4925,0.5124,1.5564,1351.9
1185,43.06,0.301,7458.9,0.8446,0.5134,2.6689,1354.6
1186,44.2,0.323,7471.2,0.8981,0.5145,2.8379,1357.4
1187,45.39,0.326,7483.8,0.8489,0.5155,2.6825,1360.1
1188,46.55,0.317,7496.7,0.8568,0.5165,2.7075,1362.8
1189,47.68,0.202,7510.0,0.6914,0.5173,2.1848,1365.0
1190,48.0,0.045,7523.3,0.4393,0.5178,1.3883,1366.4
1191,48.0,-0.152,7536.7,0.1188,0.518,0.3755,1366.8
1192,46.91,-0.29,7549.7,0.0178,0.518,0.0563,1366.8
1193,45.91,-0.215,7562.4,0.0178,0.518,0.0563,1366.9
1194,45.36,-0.072,7575.0,0.2328,0.5183,0.7356,1367.6
1195,45.39,0.161,7587.6,0.5936,0.519,1.8756,1369.5
1196,46.52,0.18,7600.6,0.6389,0.5198,2.0191,1371.5
1197,46.68,-0.053,7613.5,0.2704,0.5201,0.8544,1372.4
1198,46.13,-0.209,7626.4,0.0178,0.5201,0.0563,1372.4
1199,45.18,-0.283,7638.9,0.0178,0.5202,0.0563,1372.5
1200,44.1,-0.459,7651.1,0.0293,0.5202,0.0924,1372.6
1201,41.87,-0.6,7662.8,0.0293,0.5202,0.0924,1372.7
1202,39.78,-0.448,7673.8,0.0297,0.5203,0.0937,1372.8
1203,38.64,-0.452,7684.6,0.0297,0.5203,0.0937,1372.9
1204,36.52,-0.774,7694.7,0.0297,0.5203,0.0937,1372.9
1205,33.07,-1.211,7703.9,0.0254,0.5204,0.0804,1373.0
1206,27.8,-1.591,7711.6,0.0225,0.5204,0.0712,1373.1
1207,21.62,-1.891,7717.6,0.0265,0.5204,0.0839,1373.2
1208,14.18,-1.943,7721.6,0.1035,0.5205,0.327,1373.5
1209,7.63,-1.539,7723.7,0.0855,0.5206,0.2701,1373.8
1210,3.1,-0.964,7724.5,0.0716,0.5207,0.2262,1374.0
1211,0.69,-0.416,7724.7,0.1276,0.5209,0.4031,1374.4
1212,0.11,0.027,7724.8,0.1276,0.521,0.4031,1374.8
1213,0.88,0.258,7725.0,0.1276,0.5212,0.4031,1375.2
1214,1.96,0.773,7725.6,0.1301,0.5213,0.4112,1375.6
1215,6.44,1.323,7727.3,0.3987,0.5218,1.26,1376.9
1216,11.49,1.61,7730.5,0.7756,0.5228,2.4508,1379.3
1217,18.04,1.559,7735.5,1.1332,0.5241,3.581,1382.9
1218,22.71,0.899,7741.9,0.961,0.5253,3.0367,1386.0
1219,24.51,0.932,7748.7,1.0464,0.5265,3.3067,1389.3
1220,29.42,1.463,7756.8,1.6165,0.5285,5.1082,1394.4
1221,35.05,0.861,7766.6,1.3241,0.53,4.184,1398.6
1222,35.62,0.318,7776.5,0.7409,0.5309,2.3411,1400.9
1223,37.34,0.781,7786.8,1.3072,0.5325,4.1306,1405.0
1224,41.24,0.87,7798.3,1.5182,0.5343,4.7975,1409.8
1225,43.6,0.478,7810.4,1.1039,0.5356,3.4882,1413.3
1226,44.68,0.461,7822.8,1.1038,0.537,3.4881,1416.8
1227,46.92,0.686,7835.8,1.3731,0.5386,4.339,1421.1
1228,49.62,0.497,7849.6,1.1776,0.54,3.7213,1424.9
1229,50.49,0.21,7863.7,0.7535,0.5409,2.3809,1427.2
1230,51.13,0.249,7877.9,0.8318,0.5419,2.6285,1429.9
1231,52.29,0.318,7892.4,0.9734,0.5431,3.076,1432.9
1232,53.42,0.312,7907.2,0.9835,0.5442,3.1077,1436.1
1233,54.53,0.219,7922.4,0.8371,0.5453,2.6451,1438.7
1234,55.0,0.065,7937.7,0.5662,0.5459,1.7891,1440.5
1235,55.0,-0.193,7952.9,0.1332,0.5461,0.421,1440.9
1236,53.61,-0.408,7967.8,0.0185,0.5461,0.0585,1441.0
1237,52.06,-0.132,7982.3,0.172,0.5463,0.5434,1441.5
1238,52.66,0.164,7996.9,0.7063,0.5472,2.232,1443.7
1239,53.24,0.16,8011.7,0.7078,0.548,2.2367,1446.0
1240,53.81,0.155,8026.6,0.7072,0.5489,2.2348,1448.2
1241,54.36,0.151,8041.7,0.7081,0.5497,2.2375,1450.5
1242,54.9,0.213,8057.0,0.8322,0.5507,2.6299,1453.1
1243,55.89,0.292,8072.5,1.0037,0.5519,3.1717,1456.3
1244,57.0,0.154,8088.4,0.764,0.5528,2.4141,1458.7
1245,57.0,-0.047,8104.2,0.3733,0.5533,1.1797,1459.8
1246,56.66,-0.271,8119.9,0.02,0.5533,0.0632,1459.9
1247,55.05,-0.398,8135.2,0.02,0.5533,0.0632,1460.0
1248,53.8,-0.255,8150.2,0.0185,0.5533,0.0585,1460.0
1249,53.22,-0.111,8164.9,0.2158,0.5536,0.6818,1460.7
1250,53.0,-0.03,8179.7,0.3609,0.554,1.1403,1461.9
1251,53.0,0.236,8194.4,0.8415,0.555,2.6593,1464.5
1252,54.7,0.438,8209.6,1.2018,0.5565,3.7977,1468.3
1253,56.15,0.275,8225.2,0.9809,0.5576,3.0995,1471.4
1254,56.68,0.118,8240.9,0.6894,0.5585,2.1784,1473.6
1255,57.0,0.044,8256.8,0.5502,0.5591,1.7386,1475.3
1256,57.0,-0.145,8272.6,0.1829,0.5594,0.5779,1475.9
1257,55.96,-0.373,8288.1,0.02,0.5594,0.0632,1476.0
1258,54.32,-0.272,8303.2,0.0185,0.5594,0.0585,1476.0
1259,54.0,-0.042,8318.2,0.3474,0.5598,1.0977,1477.1
1260,54.02,0.081,8333.2,0.5741,0.5605,1.8141,1478.9
1261,54.59,0.137,8348.4,0.6855,0.5613,2.1661,1481.1
1262,55.0,0.057,8363.7,0.5512,0.562,1.7417,1482.8
1263,55.0,-0.074,8378.9,0.3055,0.5623,0.9654,1483.8
1264,54.46,-0.225,8394.1,0.0185,0.5624,0.0585,1483.9
1265,53.38,-0.203,8408.9,0.0185,0.5624,0.0585,1483.9
1266,53.0,-0.053,8423.6,0.3193,0.5628,1.009,1484.9
1267,53.0,0.0,8438.3,0.4151,0.5633,1.3117,1486.3
1268,53.0,0.0,8453.1,0.4151,0.5638,1.3117,1487.6
1269,53.0,0.0,8467.8,0.4151,0.5643,1.3117,1488.9
1270,53.0,0.045,8482.5,0.4964,0.5649,1.5686,1490.4
1271,53.32,0.2,8497.3,0.7817,0.5658,2.4703,1492.9
1272,54.44,0.424,8512.4,1.1747,0.5672,3.712,1496.6
1273,56.37,0.65,8528.1,1.5873,0.5691,5.0158,1501.6
1274,59.12,0.786,8544.5,1.892,0.5714,5.9787,1507.6
1275,62.03,0.815,8561.8,2.0195,0.5738,6.3816,1514.0
1276,64.99,0.249,8579.8,1.0693,0.5751,3.379,1517.4
1277,63.82,-0.395,8597.5,0.0175,0.5751,0.0553,1517.4
1278,62.15,-0.635,8614.8,0.0175,0.5751,0.0553,1517.5
1279,59.25,-0.486,8631.3,0.02,0.5751,0.0632,1517.6
1280,58.65,0.075,8647.6,0.6322,0.5759,1.9978,1519.6
1281,59.8,0.405,8664.2,1.2638,0.5774,3.9935,1523.5
1282,61.57,0.51,8681.3,1.4688,0.5792,4.6415,1528.2
1283,63.47,0.377,8698.9,1.2745,0.5807,4.0276,1532.2
1284,64.28,0.167,8716.8,0.8968,0.5818,2.8339,1535.0
1285,64.67,0.092,8734.7,0.7385,0.5827,2.3335,1537.4
1286,64.94,-0.019,8752.8,0.4969,0.5832,1.5702,1539.0
1287,64.53,-0.113,8770.7,0.2852,0.5836,0.9014,1539.9
1288,64.13,-0.111,8788.5,0.2862,0.5839,0.9045,1540.8
1289,63.73,-0.108,8806.2,0.2894,0.5843,0.9144,1541.7
1290,63.35,-0.15,8823.8,0.1954,0.5845,0.6176,1542.3
1291,62.66,-0.666,8841.2,0.0175,0.5845,0.0553,1542.3
1292,58.55,-1.139,8857.5,0.02,0.5846,0.0632,1542.4
1293,54.45,-1.232,8872.6,0.0185,0.5846,0.0585,1542.5
1294,49.69,-1.461,8886.4,0.0178,0.5846,0.0563,1542.5
1295,43.93,-1.63,8898.6,0.0293,0.5846,0.0924,1542.6
1296,37.95,-1.85,8909.1,0.0297,0.5847,0.0937,1542.7
1297,30.61,-1.834,8917.6,0.0254,0.5847,0.0804,1542.8
1298,24.75,-1.281,8924.5,0.0265,0.5847,0.0839,1542.9
1299,21.39,-1.214,8930.5,0.0265,0.5848,0.0839,1543.0
1300,16.01,-1.69,8934.9,0.0206,0.5848,0.0651,1543.0
1301,9.22,-0.846,8937.5,0.0855,0.5849,0.2701,1543.3
1302,9.91,0.46,8940.2,0.2763,0.5852,0.8732,1544.2
1303,12.53,1.058,8943.7,0.6008,0.5859,1.8985,1546.1
1304,17.53,1.459,8948.6,1.0588,0.5872,3.3457,1549.4
1305,23.04,1.689,8955.0,1.4989,0.589,4.7366,1554.1
1306,29.69,1.583,8963.2,1.7306,0.5911,5.4687,1559.6
1307,34.44,1.056,8972.8,1.4694,0.5928,4.6433,1564.3
1308,37.29,0.958,8983.1,1.494,0.5946,4.721,1569.0
1309,41.33,1.176,8994.6,1.8816,0.5969,5.9459,1574.9
1310,45.76,1.192,9007.3,2.0029,0.5993,6.329,1581.3
1311,49.92,1.149,9021.2,2.1122,0.6018,6.6747,1587.9
1312,54.03,1.134,9036.2,2.2603,0.6045,7.1426,1595.1
1313,58.08,0.954,9052.3,2.1375,0.6071,6.7545,1601.8
1314,60.9,0.628,9069.3,1.6576,0.6091,5.2379,1607.1
1315,62.61,0.59,9086.6,1.637,0.611,5.1729,1612.2
1316,65.15,0.74,9104.7,1.9912,0.6134,6.2923,1618.5
1317,67.94,0.099,9123.6,0.814,0.6144,2.5721,1621.1
1318,65.86,-0.558,9141.9,0.0185,0.6144,0.0586,1621.2
1319,63.92,-0.345,9159.7,0.0175,0.6144,0.0553,1621.2
1320,63.38,-0.151,9177.3,0.1935,0.6147,0.6114,1621.8
1321,62.83,-0.153,9194.7,0.1854,0.6149,0.586,1622.4
1322,62.28,-0.116,9212.0,0.2604,0.6152,0.8227,1623.2
1323,62.0,-0.038,9229.2,0.4231,0.6157,1.3369,1624.6
1324,62.0,-0.107,9246.5,0.2772,0.616,0.876,1625.4
1325,61.23,-0.263,9263.5,0.0175,0.616,0.0553,1625.5
1326,60.1,-0.387,9280.2,0.0175,0.6161,0.0553,1625.6
1327,58.44,-0.457,9296.4,0.02,0.6161,0.0632,1625.6
1328,56.82,-0.385,9312.2,0.02,0.6161,0.0632,1625.7
1329,55.67,-0.316,9327.7,0.02,0.6161,0.0632,1625.7
1330,54.54,-0.31,9342.8,0.0185,0.6162,0.0585,1625.8
1331,53.44,-0.662,9357.6,0.0185,0.6162,0.0585,1625.9
1332,49.77,-1.253,9371.5,0.0178,0.6162,0.0563,1625.9
1333,44.41,-1.437,9383.8,0.0293,0.6162,0.0924,1626.0
1334,39.43,-1.361,9394.8,0.0297,0.6163,0.0937,1626.1
1335,34.62,-1.277,9404.4,0.0254,0.6163,0.0804,1626.2
1336,30.23,-1.26,9412.8,0.0254,0.6163,0.0804,1626.3
1337,25.55,-1.418,9419.9,0.0225,0.6164,0.0712,1626.3
1338,20.02,-1.187,9425.4,0.0265,0.6164,0.0839,1626.4
1339,17.0,-0.42,9430.2,0.0206,0.6164,0.0651,1626.5
1340,17.0,-0.986,9434.9,0.0206,0.6164,0.0651,1626.6
1341,9.9,-2.093,9437.6,0.0855,0.6165,0.2701,1626.8
1342,1.93,-1.26,9438.2,0.0716,0.6166,0.2262,1627.1
1343,0.83,-0.268,9438.4,0.1276,0.6168,0.4031,1627.5
1344,0.0,-0.115,9438.4,0.1276,0.6169,0.4031,1627.9
1345,0.0,0.0,9438.4,0.1276,0.6171,0.4031,1628.3
1346,0.0,0.0,9438.4,0.1276,0.6172,0.4031,1628.7
1347,0.0,0.0,9438.4,0.1276,0.6174,0.4031,1629.1
1348,0.0,0.0,9438.4,0.1276,0.6176,0.4031,1629.5
1349,0.0,0.0,9438.4,0.1276,0.6177,0.4031,1629.9
1350,0.0,0.0,9438.4,0.1276,0.6179,0.4031,1630.3
1351,0.0,0.0,9438.4,0.1276,0.618,0.4031,1630.7
1352,0.0,0.0,9438.4,0.1276,0.6182,0.4031,1631.1
1353,0.0,0.0,9438.4,0.1276,0.6183,0.4031,1631.5
1354,0.0,0.0,9438.4,0.1276,0.6185,0.4031,1631.9
1355,0.0,0.0,9438.4,0.1276,0.6186,0.4031,1632.3
1356,0.0,0.0,9438.4,0.1276,0.6188,0.4031,1632.7
1357,0.0,0.0,9438.4,0.1276,0.6189,0.4031,1633.1
1358,0.0,0.0,9438.4,0.1276,0.6191,0.4031,1633.5
1359,0.0,0.0,9438.4,0.1276,0.6192,0.4031,1633.9
1360,0.0,0.0,9438.4,0.1276,0.6194,0.4031,1634.3
1361,0.0,0.0,9438.4,0.1276,0.6195,0.4031,1634.7
1362,0.0,0.0,9438.4,0.1276,0.6197,0.4031,1635.1
1363,0.0,0.0,9438.4,0.1276,0.6198,0.4031,1635.5
1364,0.0,0.0,9438.4,0.1276,0.62,0.4031,1635.9
1365,0.0,0.0,9438.4,0.1276,0.6201,0.4031,1636.3
1366,0.0,0.0,9438.4,0.1276,0.6203,0.4031,1636.7
1367,0.0,0.0,9438.4,0.1276,0.6205,0.4031,1637.1
1368,0.0,0.0,9438.4,0.1276,0.6206,0.4031,1637.5
1369,0.0,0.0,9438.4,0.1276,0.6208,0.4031,1637.9
1370,0.0,0.0,9438.4,0.1276,0.6209,0.4031,1638.3
1371,0.0,0.0,9438.4,0.1276,0.6211,0.4031,1638.7
1372,0.0,0.0,9438.4,0.1276,0.6212,0.4031,1639.1
1373,0.0,0.0,9438.4,0.1276,0.6214,0.4031,1639.5
1374,0.0,0.0,9438.4,0.1276,0.6215,0.4031,1640.0
1375,0.0,0.0,9438.4,0.1276,0.6217,0.4031,1640.4
1376,0.0,0.0,9438.4,0.1276,0.6218,0.4031,1640.8
1377,0.0,0.0,9438.4,0.1276,0.622,0.4031,1641.2
1378,0.0,0.0,9438.4,0.1276,0.6221,0.4031,1641.6
1379,0.0,0.276,9438.4,0.1276,0.6223,0.4031,1642.0
1380,1.99,0.611,9438.9,0.12,0.6224,0.3793,1642.3
1381,4.4,1.063,9440.2,0.2465,0.6227,0.7791,1643.1
1382,9.64,1.224,9442.8,0.5222,0.6234,1.6501,1644.8
1383,13.21,0.577,9446.5,0.4113,0.6238,1.2997,1646.1
1384,13.8,0.329,9450.4,0.3085,0.6242,0.9749,1647.1
1385,15.58,0.581,9454.7,0.5033,0.6248,1.5905,1648.6
1386,17.98,0.49,9459.7,0.5049,0.6254,1.5956,1650.2
1387,19.11,0.343,9465.0,0.4328,0.6259,1.3677,1651.6
1388,20.45,0.492,9470.7,0.5978,0.6267,1.8889,1653.5
1389,22.65,0.373,9477.0,0.5527,0.6273,1.7464,1655.2
1390,23.14,-0.24,9483.4,0.0265,0.6273,0.0839,1655.3
1391,20.92,-0.8,9489.2,0.0265,0.6274,0.0839,1655.4
1392,17.38,-1.116,9494.0,0.0206,0.6274,0.0651,1655.5
1393,12.89,-0.99,9497.6,0.1035,0.6275,0.327,1655.8
1394,10.25,-0.669,9500.5,0.1035,0.6277,0.327,1656.1
1395,8.07,-0.69,9502.7,0.0855,0.6278,0.2701,1656.4
1396,5.28,-0.72,9504.2,0.0855,0.6279,0.2701,1656.7
1397,2.89,-0.412,9505.0,0.0716,0.6279,0.2262,1656.9
1398,2.31,-0.196,9505.6,0.0716,0.628,0.2262,1657.1
1399,1.48,-0.276,9506.0,0.0716,0.6281,0.2262,1657.3
1400,0.33,-0.205,9506.1,0.1276,0.6283,0.4031,1657.7
1401,0.0,-0.046,9506.1,0.1276,0.6284,0.4031,1658.2
1402,0.0,0.0,9506.1,0.1276,0.6286,0.4031,1658.6
1403,0.0,0.0,9506.1,0.1276,0.6287,0.4031,1659.0
1404,0.0,0.0,9506.1,0.1276,0.6289,0.4031,1659.4
1405,0.0,0.0,9506.1,0.1276,0.629,0.4031,1659.8
1406,0.0,0.0,9506.1,0.1276,0.6292,0.4031,1660.2
1407,0.0,0.0,9506.1,0.1276,0.6293,0.4031,1660.6
1408,0.0,0.0,9506.1,0.1276,0.6295,0.4031,1661.0
1409,0.0,0.0,9506.1,0.1276,0.6296,0.4031,1661.4
1410,0.0,0.0,9506.1,0.1276,0.6298,0.4031,1661.8
1411,0.0,0.0,9506.1,0.1276,0.6299,0.4031,1662.2
1412,0.0,0.0,9506.1,0.1276,0.6301,0.4031,1662.6
1413,0.0,0.0,9506.1,0.1276,0.6303,0.4031,1663.0
1414,0.0,0.0,9506.1,0.1276,0.6304,0.4031,1663.4
1415,0.0,0.0,9506.1,0.1276,0.6306,0.4031,1663.8
1416,0.0,0.0,9506.1,0.1276,0.6307,0.4031,1664.2
1417,0.0,0.0,9506.1,0.1276,0.6309,0.4031,1664.6
1418,0.0,0.0,9506.1,0.1276,0.631,0.4031,1665.0
1419,0.0,0.0,9506.1,0.1276,0.6312,0.4031,1665.4
1420,0.0,0.0,9506.1,0.1276,0.6313,0.4031,1665.8
1421,0.0,0.0,9506.1,0.1276,0.6315,0.4031,1666.2
1422,0.0,0.0,9506.1,0.1276,0.6316,0.4031,1666.6
1423,0.0,0.0,9506.1,0.1276,0.6318,0.4031,1667.0
1424,0.0,0.0,9506.1,0.1276,0.6319,0.4031,1667.4
1425,0.0,0.0,9506.1,0.1276,0.6321,0.4031,1667.8
1426,0.0,0.0,9506.1,0.1276,0.6322,0.4031,1668.2
1427,0.0,0.0,9506.1,0.1276,0.6324,0.4031,1668.6
1428,0.0,0.0,9506.1,0.1276,0.6325,0.4031,1669.0
1429,0.0,0.0,9506.1,0.1276,0.6327,0.4031,1669.4
1430,0.0,0.0,9506.1,0.1276,0.6329,0.4031,1669.8
1431,0.0,0.0,9506.1,0.1276,0.633,0.4031,1670.2
1432,0.0,0.0,9506.1,0.1276,0.6332,0.4031,1670.6
1433,0.0,0.0,9506.1,0.1276,0.6333,0.4031,1671.1
1434,0.0,0.0,9506.1,0.1276,0.6335,0.4031,1671.5
1435,0.0,0.0,9506.1,0.1276,0.6336,0.4031,1671.9
1436,0.0,0.0,9506.1,0.1276,0.6338,0.4031,1672.3
1437,0.0,0.0,9506.1,0.1276,0.6339,0.4031,1672.7
1438,0.0,0.0,9506.1,0.1276,0.6341,0.4031,1673.1
1439,0.0,0.0,9506.1,0.1276,0.6342,0.4031,1673.5
1440,0.0,0.0,9506.1,0.1276,0.6344,0.4031,1673.9
1441,0.0,0.0,9506.1,0.1276,0.6345,0.4031,1674.3
1442,0.0,0.0,9506.1,0.1276,0.6347,0.4031,1674.7
1443,0.0,0.0,9506.1,0.1276,0.6348,0.4031,1675.1
1444,0.0,0.0,9506.1,0.1276,0.635,0.4031,1675.5
1445,0.0,0.0,9506.1,0.1276,0.6351,0.4031,1675.9
1446,0.0,0.0,9506.1,0.1276,0.6353,0.4031,1676.3
1447,0.0,0.0,9506.1,0.1276,0.6354,0.4031,1676.7
1448,0.0,0.0,9506.1,0.1276,0.6356,0.4031,1677.1
1449,0.0,0.0,9506.1,0.1276,0.6358,0.4031,1677.5
1450,0.0,0.0,9506.1,0.1276,0.6359,0.4031,1677.9
1451,0.0,0.0,9506.1,0.1276,0.6361,0.4031,1678.3
1452,0.0,0.0,9506.1,0.1276,0.6362,0.4031,1678.7
1453,0.0,0.0,9506.1,0.1276,0.6364,0.4031,1679.1
1454,0.0,0.0,9506.1,0.1276,0.6365,0.4031,1679.5
1455,0.0,0.0,9506.1,0.1276,0.6367,0.4031,1679.9
1456,0.0,0.0,9506.1,0.1276,0.6368,0.4031,1680.3
1457,0.0,0.0,9506.1,0.1276,0.637,0.4031,1680.7
1458,0.0,0.0,9506.1,0.1276,0.6371,0.4031,1681.1
1459,0.0,0.0,9506.1,0.1276,0.6373,0.4031,1681.5
1460,0.0,0.0,9506.1,0.1276,0.6374,0.4031,1681.9
1461,0.0,0.0,9506.1,0.1276,0.6376,0.4031,1682.3
1462,0.0,0.0,9506.1,0.1276,0.6377,0.4031,1682.7
1463,0.0,0.0,9506.1,0.1276,0.6379,0.4031,1683.1
1464,0.0,0.0,9506.1,0.1276,0.638,0.4031,1683.5
1465,0.0,0.0,9506.1,0.1276,0.6382,0.4031,1684.0
1466,0.0,0.0,9506.1,0.1276,0.6384,0.4031,1684.4
1467,0.0,0.0,9506.1,0.1276,0.6385,0.4031,1684.8
1468,0.0,0.0,9506.1,0.1276,0.6387,0.4031,1685.2
1469,0.0,0.0,9506.1,0.1276,0.6388,0.4031,1685.6
1470,0.0,0.0,9506.1,0.1276,0.639,0.4031,1686.0
1471,0.0,0.0,9506.1,0.1276,0.6391,0.4031,1686.4
1472,0.0,0.0,9506.1,0.1276,0.6393,0.4031,1686.8
1473,0.0,0.0,9506.1,0.1276,0.6394,0.4031,1687.2
1474,0.0,0.0,9506.1,0.1276,0.6396,0.4031,1687.6
1475,0.0,0.0,9506.1,0.1276,0.6397,0.4031,1688.0
1476,0.0,0.0,9506.1,0.1276,0.6399,0.4031,1688.4
1477,0.0,0.0,9506.1,0.1276,0.64,0.4031,1688.8
1478,0.0,0.0,9506.1,0.1276,0.6402,0.4031,1689.2
1479,0.0,0.0,9506.1,0.1276,0.6403,0.4031,1689.6
1480,0.0,0.0,9506.1,0.1276,0.6405,0.4031,1690.0
1481,0.0,0.0,9506.1,0.1276,0.6406,0.4031,1690.4
1482,0.0,0.0,9506.1,0.1276,0.6408,0.4031,1690.8
1483,0.0,0.0,9506.1,0.1276,0.6409,0.4031,1691.2
1484,0.0,0.0,9506.1,0.1276,0.6411,0.4031,1691.6
1485,0.0,0.0,9506.1,0.1276,0.6413,0.4031,1692.0
1486,0.0,0.0,9506.1,0.1276,0.6414,0.4031,1692.4
1487,0.0,0.0,9506.1,0.1276,0.6416,0.4031,1692.8
1488,0.0,0.0,9506.1,0.1276,0.6417,0.4031,1693.2
1489,0.0,0.0,9506.1,0.1276,0.6419,0.4031,1693.6
1490,0.0,0.0,9506.1,0.1276,0.642,0.4031,1694.0
1491,0.0,0.0,9506.1,0.1276,0.6422,0.4031,1694.4
1492,0.0,0.0,9506.1,0.1276,0.6423,0.4031,1694.8
1493,0.0,0.0,9506.1,0.1276,0.6425,0.4031,1695.2
1494,0.0,0.03,9506.1,0.1276,0.6426,0.4031,1695.6
1495,0.21,0.11,9506.2,0.1276,0.6428,0.4031,1696.0
1496,0.79,0.161,9506.4,0.1276,0.6429,0.4031,1696.4
1497,1.37,0.161,9506.8,0.0839,0.643,0.2652,1696.7
1498,1.95,0.36,9507.3,0.1024,0.6432,0.3235,1697.0
1499,3.96,0.592,9508.4,0.1654,0.6434,0.5228,1697.6
1500,6.21,0.907,9510.1,0.2994,0.6437,0.9463,1698.5
1501,10.49,1.166,9513.0,0.5581,0.6444,1.7636,1700.3
1502,14.6,1.04,9517.1,0.6746,0.6452,2.1317,1702.4
1503,17.97,0.873,9522.1,0.7394,0.6461,2.3364,1704.7
1504,20.89,0.713,9527.9,0.7645,0.647,2.4158,1707.2
1505,23.11,0.235,9534.3,0.4519,0.6475,1.428,1708.6
1506,22.58,-0.403,9540.6,0.0265,0.6476,0.0839,1708.7
1507,20.2,-1.436,9546.2,0.0265,0.6476,0.0839,1708.7
1508,12.24,-2.172,9549.6,0.1035,0.6477,0.327,1709.1
1509,4.57,-1.477,9550.9,0.0716,0.6478,0.2262,1709.3
1510,1.61,-0.634,9551.3,0.0716,0.6479,0.2262,1709.5
1511,0.0,-0.223,9551.3,0.1276,0.648,0.4031,1709.9
1512,0.0,0.0,9551.3,0.1276,0.6482,0.4031,1710.3
1513,0.0,0.0,9551.3,0.1276,0.6484,0.4031,1710.7
1514,0.0,0.0,9551.3,0.1276,0.6485,0.4031,1711.1
1515,0.0,0.0,9551.3,0.1276,0.6487,0.4031,1711.5
1516,0.0,0.0,9551.3,0.1276,0.6488,0.4031,1711.9
1517,0.0,0.0,9551.3,0.1276,0.649,0.4031,1712.4
1518,0.0,0.0,9551.3,0.1276,0.6491,0.4031,1712.8
1519,0.0,0.0,9551.3,0.1276,0.6493,0.4031,1713.2
1520,0.0,0.0,9551.3,0.1276,0.6494,0.4031,1713.6
1521,0.0,0.0,9551.3,0.1276,0.6496,0.4031,1714.0
1522,0.0,0.0,9551.3,0.1276,0.6497,0.4031,1714.4
1523,0.0,0.0,9551.3,0.1276,0.6499,0.4031,1714.8
1524,0.0,0.0,9551.3,0.1276,0.65,0.4031,1715.2
1525,0.0,0.0,9551.3,0.1276,0.6502,0.4031,1715.6
1526,0.0,0.0,9551.3,0.1276,0.6503,0.4031,1716.0
1527,0.0,0.0,9551.3,0.1276,0.6505,0.4031,1716.4
1528,0.0,0.0,9551.3,0.1276,0.6506,0.4031,1716.8
1529,0.0,0.0,9551.3,0.1276,0.6508,0.4031,1717.2
1530,0.0,0.0,9551.3,0.1276,0.6509,0.4031,1717.6
1531,0.0,0.0,9551.3,0.1276,0.6511,0.4031,1718.0
1532,0.0,0.0,9551.3,0.1276,0.6513,0.4031,1718.4
1533,0.0,0.0,9551.3,0.1276,0.6514,0.4031,1718.8
1534,0.0,0.0,9551.3,0.1276,0.6516,0.4031,1719.2
1535,0.0,0.0,9551.3,0.1276,0.6517,0.4031,1719.6
1536,0.0,0.0,9551.3,0.1276,0.6519,0.4031,1720.0
1537,0.0,0.0,9551.3,0.1276,0.652,0.4031,1720.4
1538,0.0,0.0,9551.3,0.1276,0.6522,0.4031,1720.8
1539,0.0,0.0,9551.3,0.1276,0.6523,0.4031,1721.2
1540,0.0,0.0,9551.3,0.1276,0.6525,0.4031,1721.6
1541,0.0,0.0,9551.3,0.1276,0.6526,0.4031,1722.0
1542,0.0,0.0,9551.3,0.1276,0.6528,0.4031,1722.4
1543,0.0,0.0,9551.3,0.1276,0.6529,0.4031,1722.8
1544,0.0,0.0,9551.3,0.1276,0.6531,0.4031,1723.2
1545,0.0,0.0,9551.3,0.1276,0.6532,0.4031,1723.6
1546,0.0,0.0,9551.3,0.1276,0.6534,0.4031,1724.0
1547,0.0,0.0,9551.3,0.1276,0.6535,0.4031,1724.4
1548,0.0,0.0,9551.3,0.1276,0.6537,0.4031,1724.8
1549,0.0,0.0,9551.3,0.1276,0.6539,0.4031,1725.3
1550,0.0,0.0,9551.3,0.1276,0.654,0.4031,1725.7
1551,0.0,0.0,9551.3,0.1276,0.6542,0.4031,1726.1
1552,0.0,0.0,9551.3,0.1276,0.6543,0.4031,1726.5
1553,0.0,0.0,9551.3,0.1276,0.6545,0.4031,1726.9
1554,0.0,0.0,9551.3,0.1276,0.6546,0.4031,1727.3
1555,0.0,0.0,9551.3,0.1276,0.6548,0.4031,1727.7
1556,0.0,0.0,9551.3,0.1276,0.6549,0.4031,1728.1
1557,0.0,0.0,9551.3,0.1276,0.6551,0.4031,1728.5
1558,0.0,0.0,9551.3,0.1276,0.6552,0.4031,1728.9
1559,0.0,0.0,9551.3,0.1276,0.6554,0.4031,1729.3
1560,0.0,0.0,9551.3,0.1276,0.6555,0.4031,1729.7
1561,0.0,0.0,9551.3,0.1276,0.6557,0.4031,1730.1
1562,0.0,0.0,9551.3,0.1276,0.6558,0.4031,1730.5
1563,0.0,0.0,9551.3,0.1276,0.656,0.4031,1730.9
1564,0.0,0.0,9551.3,0.1276,0.6561,0.4031,1731.3
1565,0.0,0.0,9551.3,0.1276,0.6563,0.4031,1731.7
1566,0.0,0.0,9551.3,0.1276,0.6564,0.4031,1732.1
1567,0.0,0.0,9551.3,0.1276,0.6566,0.4031,1732.5
1568,0.0,0.0,9551.3,0.1276,0.6568,0.4031,1732.9
1569,0.0,0.0,9551.3,0.1276,0.6569,0.4031,1733.3
1570,0.0,0.0,9551.3,0.1276,0.6571,0.4031,1733.7
1571,0.0,0.0,9551.3,0.1276,0.6572,0.4031,1734.1
1572,0.0,0.0,9551.3,0.1276,0.6574,0.4031,1734.5
1573,0.0,0.0,9551.3,0.1276,0.6575,0.4031,1734.9
1574,0.0,0.0,9551.3,0.1276,0.6577,0.4031,1735.3
1575,0.0,0.0,9551.3,0.1276,0.6578,0.4031,1735.7
1576,0.0,0.0,9551.3,0.1276,0.658,0.4031,1736.1
1577,0.0,0.0,9551.3,0.1276,0.6581,0.4031,1736.5
1578,0.0,0.0,9551.3,0.1276,0.6583,0.4031,1736.9
1579,0.0,0.0,9551.3,0.1276,0.6584,0.4031,1737.3
1580,0.0,0.0,9551.3,0.1276,0.6586,0.4031,1737.7
1581,0.0,0.0,9551.3,0.1276,0.6587,0.4031,1738.1
1582,0.0,0.0,9551.3,0.1276,0.6589,0.4031,1738.6
1583,0.0,0.0,9551.3,0.1276,0.659,0.4031,1739.0
1584,0.0,0.0,9551.3,0.1276,0.6592,0.4031,1739.4
1585,0.0,0.0,9551.3,0.1276,0.6594,0.4031,1739.8
1586,0.0,0.0,9551.3,0.1276,0.6595,0.4031,1740.2
1587,0.0,0.0,9551.3,0.1276,0.6597,0.4031,1740.6
1588,0.0,0.0,9551.3,0.1276,0.6598,0.4031,1741.0
1589,0.0,0.0,9551.3,0.1276,0.66,0.4031,1741.4
1590,0.0,0.0,9551.3,0.1276,0.6601,0.4031,1741.8
1591,0.0,0.0,9551.3,0.1276,0.6603,0.4031,1742.2
1592,0.0,0.0,9551.3,0.1276,0.6604,0.4031,1742.6
1593,0.0,0.0,9551.3,0.1276,0.6606,0.4031,1743.0
1594,0.0,0.0,9551.3,0.1276,0.6607,0.4031,1743.4
1595,0.0,0.0,9551.3,0.1276,0.6609,0.4031,1743.8
1596,0.0,0.0,9551.3,0.1276,0.661,0.4031,1744.2
1597,0.0,0.0,9551.3,0.1276,0.6612,0.4031,1744.6
1598,0.0,0.0,9551.3,0.1276,0.6613,0.4031,1745.0
1599,0.0,0.0,9551.3,0.1276,0.6615,0.4031,1745.4
1600,0.0,0.0,9551.3,0.1276,0.6616,0.4031,1745.8
1601,0.0,0.0,9551.3,0.1276,0.6618,0.4031,1746.2
1602,0.0,0.0,9551.3,0.1276,0.6619,0.4031,1746.6
1603,0.0,0.0,9551.3,0.1276,0.6621,0.4031,1747.0
1604,0.0,0.0,9551.3,0.1276,0.6623,0.4031,1747.4
1605,0.0,0.0,9551.3,0.1276,0.6624,0.4031,1747.8
1606,0.0,0.0,9551.3,0.1276,0.6626,0.4031,1748.2
1607,0.0,0.0,9551.3,0.1276,0.6627,0.4031,1748.6
1608,0.0,0.0,9551.3,0.1276,0.6629,0.4031,1749.0
1609,0.0,0.0,9551.3,0.1276,0.663,0.4031,1749.4
1610,0.0,0.0,9551.3,0.1276,0.6632,0.4031,1749.8
1611,0.0,0.0,9551.3,0.1276,0.6633,0.4031,1750.2
1612,0.0,0.0,9551.3,0.1276,0.6635,0.4031,1750.6
1613,0.0,0.0,9551.3,0.1276,0.6636,0.4031,1751.0
1614,0.0,0.0,9551.3,0.1276,0.6638,0.4031,1751.5
1615,0.0,0.364,9551.3,0.1276,0.6639,0.4031,1751.9
1616,2.62,0.99,9552.0,0.1692,0.6641,0.5347,1752.4
1617,7.13,1.403,9554.0,0.4518,0.6647,1.4276,1753.8
1618,12.73,1.557,9557.6,0.8254,0.6657,2.6082,1756.4
1619,18.34,1.257,9562.7,0.9897,0.6669,3.1274,1759.6
1620,21.78,1.118,9568.7,1.0788,0.6681,3.4089,1763.0
1621,26.39,1.58,9576.0,1.5651,0.67,4.9456,1767.9
1622,33.16,1.559,9585.3,1.9001,0.6723,6.0044,1773.9
1623,37.62,1.009,9595.7,1.5595,0.6742,4.9281,1778.8
1624,40.42,0.666,9606.9,1.2579,0.6757,3.9749,1782.8
1625,42.42,0.536,9618.7,1.1506,0.677,3.6358,1786.5
1626,44.28,0.586,9631.0,1.2538,0.6785,3.9621,1790.4
1627,46.64,0.551,9644.0,1.1862,0.68,3.7482,1794.2
1628,48.24,0.303,9657.4,0.8661,0.681,2.7368,1796.9
1629,48.82,0.213,9670.9,0.7272,0.6819,2.298,1799.2
1630,49.78,0.289,9684.8,0.8715,0.6829,2.754,1802.0
1631,50.9,0.244,9698.9,0.8191,0.6839,2.5883,1804.5
1632,51.54,0.137,9713.2,0.6422,0.6847,2.0294,1806.6
1633,51.89,-0.027,9727.6,0.3569,0.6851,1.1278,1807.7
1634,51.34,-0.095,9741.9,0.2333,0.6854,0.7373,1808.4
1635,51.2,0.055,9756.1,0.4944,0.686,1.5622,1810.0
1636,51.74,-0.01,9770.5,0.3857,0.6864,1.2187,1811.2
1637,51.13,-0.32,9784.7,0.0185,0.6865,0.0585,1811.3
1638,49.44,-0.481,9798.4,0.0178,0.6865,0.0563,1811.3
1639,47.66,-0.53,9811.7,0.0178,0.6865,0.0563,1811.4
1640,45.62,-0.922,9824.3,0.0178,0.6865,0.0563,1811.4
1641,41.02,-1.351,9835.7,0.0293,0.6866,0.0924,1811.5
1642,35.89,-1.563,9845.7,0.0297,0.6866,0.0937,1811.6
1643,29.77,-1.536,9854.0,0.0225,0.6866,0.0712,1811.7
1644,24.84,-1.234,9860.9,0.0265,0.6866,0.0839,1811.8
1645,20.88,-1.261,9866.7,0.0265,0.6867,0.0839,1811.9
1646,15.76,-1.471,9871.0,0.0206,0.6867,0.0651,1811.9
1647,10.3,-1.244,9873.9,0.1035,0.6868,0.327,1812.3
1648,6.8,-0.889,9875.8,0.0855,0.6869,0.2701,1812.5
1649,3.9,-0.487,9876.9,0.0716,0.687,0.2262,1812.8
1650,3.3,-0.166,9877.8,0.0716,0.6871,0.2262,1813.0
1651,2.7,-0.164,9878.5,0.0716,0.6872,0.2262,1813.2
1652,2.11,-0.223,9879.1,0.0716,0.6873,0.2262,1813.4
1653,1.09,-0.293,9879.4,0.0716,0.6874,0.2262,1813.7
1654,0.0,-0.152,9879.4,0.1276,0.6875,0.4031,1814.1
1655,0.0,0.0,9879.4,0.1276,0.6877,0.4031,1814.5
1656,0.0,0.0,9879.4,0.1276,0.6878,0.4031,1814.9
1657,0.0,0.0,9879.4,0.1276,0.688,0.4031,1815.3
1658,0.0,0.0,9879.4,0.1276,0.6881,0.4031,1815.7
1659,0.0,0.0,9879.4,0.1276,0.6883,0.4031,1816.1
1660,0.0,0.0,9879.4,0.1276,0.6884,0.4031,1816.5
1661,0.0,0.0,9879.4,0.1276,0.6886,0.4031,1816.9
1662,0.0,0.0,9879.4,0.1276,0.6887,0.4031,1817.3
1663,0.0,0.0,9879.4,0.1276,0.6889,0.4031,1817.7
1664,0.0,0.0,9879.4,0.1276,0.689,0.4031,1818.1
1665,0.0,0.0,9879.4,0.1276,0.6892,0.4031,1818.5
1666,0.0,0.0,9879.4,0.1276,0.6893,0.4031,1818.9
1667,0.0,0.0,9879.4,0.1276,0.6895,0.4031,1819.3
1668,0.0,0.0,9879.4,0.1276,0.6896,0.4031,1819.7
1669,0.0,0.0,9879.4,0.1276,0.6898,0.4031,1820.1
1670,0.0,0.0,9879.4,0.1276,0.69,0.4031,1820.5
1671,0.0,0.0,9879.4,0.1276,0.6901,0.4031,1820.9
1672,0.0,0.0,9879.4,0.1276,0.6903,0.4031,1821.3
1673,0.0,0.0,9879.4,0.1276,0.6904,0.4031,1821.7
1674,0.0,0.0,9879.4,0.1276,0.6906,0.4031,1822.1
1675,0.0,0.0,9879.4,0.1276,0.6907,0.4031,1822.5
1676,0.0,0.0,9879.4,0.1276,0.6909,0.4031,1822.9
1677,0.0,0.0,9879.4,0.1276,0.691,0.4031,1823.3
1678,0.0,0.0,9879.4,0.1276,0.6912,0.4031,1823.7
1679,0.0,0.0,9879.4,0.1276,0.6913,0.4031,1824.1
1680,0.0,0.0,9879.4,0.1276,0.6915,0.4031,1824.5
1681,0.0,0.0,9879.4,0.1276,0.6916,0.4031,1824.9
1682,0.0,0.0,9879.4,0.1276,0.6918,0.4031,1825.4
1683,0.0,0.0,9879.4,0.1276,0.6919,0.4031,1825.8
1684,0.0,0.0,9879.4,0.1276,0.6921,0.4031,1826.2
1685,0.0,0.0,9879.4,0.1276,0.6922,0.4031,1826.6
1686,0.0,0.0,9879.4,0.1276,0.6924,0.4031,1827.0
1687,0.0,0.0,9879.4,0.1276,0.6926,0.4031,1827.4
1688,0.0,0.0,9879.4,0.1276,0.6927,0.4031,1827.8
1689,0.0,0.0,9879.4,0.1276,0.6929,0.4031,1828.2
1690,0.0,0.0,9879.4,0.1276,0.693,0.4031,1828.6
1691,0.0,0.0,9879.4,0.1276,0.6932,0.4031,1829.0
1692,0.0,0.0,9879.4,0.1276,0.6933,0.4031,1829.4
1693,0.0,0.0,9879.4,0.1276,0.6935,0.4031,1829.8
1694,0.0,0.0,9879.4,0.1276,0.6936,0.4031,1830.2
1695,0.0,0.0,9879.4,0.1276,0.6938,0.4031,1830.6
1696,0.0,0.0,9879.4,0.1276,0.6939,0.4031,1831.0
1697,0.0,0.0,9879.4,0.1276,0.6941,0.4031,1831.4
1698,0.0,0.0,9879.4,0.1276,0.6942,0.4031,1831.8
1699,0.0,0.0,9879.4,0.1276,0.6944,0.4031,1832.2
1700,0.0,0.0,9879.4,0.1276,0.6945,0.4031,1832.6
1701,0.0,0.0,9879.4,0.1276,0.6947,0.4031,1833.0
1702,0.0,0.0,9879.4,0.1276,0.6948,0.4031,1833.4
1703,0.0,0.0,9879.4,0.1276,0.695,0.4031,1833.8
1704,0.0,0.0,9879.4,0.1276,0.6951,0.4031,1834.2
1705,0.0,0.0,9879.4,0.1276,0.6953,0.4031,1834.6
1706,0.0,0.0,9879.4,0.1276,0.6955,0.4031,1835.0
1707,0.0,0.0,9879.4,0.1276,0.6956,0.4031,1835.4
1708,0.0,0.0,9879.4,0.1276,0.6958,0.4031,1835.8
1709,0.0,0.0,9879.4,0.1276,0.6959,0.4031,1836.2
1710,0.0,0.0,9879.4,0.1276,0.6961,0.4031,1836.6
1711,0.0,0.0,9879.4,0.1276,0.6962,0.4031,1837.0
1712,0.0,0.0,9879.4,0.1276,0.6964,0.4031,1837.4
1713,0.0,0.0,9879.4,0.1276,0.6965,0.4031,1837.8
1714,0.0,0.0,9879.4,0.1276,0.6967,0.4031,1838.3
1715,0.0,0.0,9879.4,0.1276,0.6968,0.4031,1838.7
1716,0.0,0.0,9879.4,0.1276,0.697,0.4031,1839.1
1717,0.0,0.0,9879.4,0.1276,0.6971,0.4031,1839.5
1718,0.0,0.0,9879.4,0.1276,0.6973,0.4031,1839.9
1719,0.0,0.0,9879.4,0.1276,0.6974,0.4031,1840.3
1720,0.0,0.0,9879.4,0.1276,0.6976,0.4031,1840.7
1721,0.0,0.0,9879.4,0.1276,0.6977,0.4031,1841.1
1722,0.0,0.0,9879.4,0.1276,0.6979,0.4031,1841.5
1723,0.0,0.0,9879.4,0.1276,0.6981,0.4031,1841.9
1724,0.0,0.0,9879.4,0.1276,0.6982,0.4031,1842.3
1725,0.0,0.0,9879.4,0.1276,0.6984,0.4031,1842.7
1726,0.0,0.0,9879.4,0.1276,0.6985,0.4031,1843.1
1727,0.0,0.0,9879.4,0.1276,0.6987,0.4031,1843.5
1728,0.0,0.0,9879.4,0.1276,0.6988,0.4031,1843.9
1729,0.0,0.0,9879.4,0.1276,0.699,0.4031,1844.3
1730,0.0,0.0,9879.4,0.1276,0.6991,0.4031,1844.7
1731,0.0,0.0,9879.4,0.1276,0.6993,0.4031,1845.1
1732,0.0,0.0,9879.4,0.1276,0.6994,0.4031,1845.5
1733,0.0,0.0,9879.4,0.1276,0.6996,0.4031,1845.9
1734,0.0,0.0,9879.4,0.1276,0.6997,0.4031,1846.3
1735,0.0,0.0,9879.4,0.1276,0.6999,0.4031,1846.7
1736,0.0,0.0,9879.4,0.1276,0.7,0.4031,1847.1
1737,0.0,0.121,9879.4,0.1276,0.7002,0.4031,1847.5
1738,0.87,0.306,9879.7,0.1276,0.7003,0.4031,1847.9
1739,2.2,0.968,9880.3,0.1519,0.7005,0.4801,1848.4
1740,7.84,1.458,9882.5,0.503,0.7011,1.5896,1850.0
1741,12.7,1.047,9886.0,0.6028,0.7018,1.9049,1851.9
1742,15.38,0.929,9890.3,0.681,0.7027,2.1521,1854.1
1743,19.39,1.399,9895.6,1.1096,0.704,3.5062,1857.6
1744,25.45,1.29,9902.7,1.3084,0.7056,4.1344,1861.7
1745,28.68,0.611,9910.7,0.865,0.7066,2.7335,1864.4
1746,29.85,0.461,9919.0,0.743,0.7075,2.3479,1866.8
1747,32.0,0.62,9927.9,0.9815,0.7087,3.1015,1869.9
1748,34.31,0.651,9937.4,1.0686,0.7099,3.3767,1873.3
1749,36.69,0.513,9947.6,1.0031,0.7111,3.1699,1876.4
1750,38.0,0.182,9958.1,0.6057,0.7119,1.914,1878.3
1751,38.0,-0.208,9968.7,0.0297,0.7119,0.0937,1878.4
1752,36.5,-0.516,9978.8,0.0297,0.7119,0.0937,1878.5
1753,34.28,-0.608,9988.4,0.0254,0.712,0.0804,1878.6
1754,32.12,-0.598,9997.3,0.0254,0.712,0.0804,1878.7
1755,29.98,-0.542,10005.6,0.0225,0.712,0.0712,1878.8
1756,28.22,-0.341,10013.4,0.0225,0.7121,0.0712,1878.8
1757,27.52,0.141,10021.1,0.3939,0.7125,1.2446,1880.1
1758,29.24,0.344,10029.2,0.6135,0.7133,1.9386,1882.0
1759,30.0,0.106,10037.5,0.4023,0.7137,1.2714,1883.3
1760,30.0,-0.072,10045.9,0.2203,0.714,0.6961,1884.0
1761,29.48,-0.154,10054.1,0.1503,0.7142,0.4749,1884.5
1762,28.89,-0.16,10062.1,0.1503,0.7144,0.4749,1884.9
1763,28.32,0.07,10070.0,0.3333,0.7148,1.0532,1886.0
1764,29.39,0.601,10078.1,0.8736,0.7158,2.7605,1888.7
1765,32.65,0.817,10087.2,1.1841,0.7172,3.7418,1892.5
1766,35.28,0.669,10097.0,1.1377,0.7186,3.5952,1896.1
1767,37.46,0.617,10107.4,1.1353,0.72,3.5875,1899.7
1768,39.72,0.63,10118.4,1.2024,0.7214,3.7996,1903.5
1769,42.0,0.317,10130.1,0.8488,0.7224,2.6823,1906.1
1770,42.0,-0.077,10141.8,0.2846,0.7227,0.8994,1907.0
1771,41.44,-0.319,10153.3,0.0293,0.7228,0.0924,1907.1
1772,39.7,-0.679,10164.3,0.0297,0.7228,0.0937,1907.2
1773,36.56,-1.005,10174.5,0.0297,0.7229,0.0937,1907.3
1774,32.46,-1.148,10183.5,0.0254,0.7229,0.0804,1907.4
1775,28.29,-1.25,10191.3,0.0225,0.7229,0.0712,1907.5
1776,23.46,-1.67,10197.9,0.0265,0.7229,0.0839,1907.6
1777,16.27,-1.943,10202.4,0.0206,0.723,0.0651,1907.6
1778,9.47,-1.806,10205.0,0.0855,0.7231,0.2701,1907.9
1779,3.26,-1.226,10205.9,0.0716,0.7232,0.2262,1908.1
1780,0.65,-0.441,10206.1,0.1276,0.7233,0.4031,1908.5
1781,0.09,-0.09,10206.1,0.1276,0.7235,0.4031,1908.9
1782,0.0,-0.012,10206.1,0.1276,0.7236,0.4031,1909.3
1783,0.0,0.0,10206.1,0.1276,0.7238,0.4031,1909.7
1784,0.0,0.0,10206.1,0.1276,0.7239,0.4031,1910.1
1785,0.0,0.0,10206.1,0.1276,0.7241,0.4031,1910.5
1786,0.0,0.0,10206.1,0.1276,0.7242,0.4031,1910.9
1787,0.0,0.0,10206.1,0.1276,0.7244,0.4031,1911.3
1788,0.0,0.0,10206.1,0.1276,0.7245,0.4031,1911.8
1789,0.0,0.0,10206.1,0.1276,0.7247,0.4031,1912.2
1790,0.0,0.0,10206.1,0.1276,0.7248,0.4031,1912.6
1791,0.0,0.0,10206.1,0.1276,0.725,0.4031,1913.0
1792,0.0,0.0,10206.1,0.1276,0.7251,0.4031,1913.4
1793,0.0,0.0,10206.1,0.1276,0.7253,0.4031,1913.8
1794,0.0,0.0,10206.1,0.1276,0.7254,0.4031,1914.2
1795,0.0,0.0,10206.1,0.1276,0.7256,0.4031,1914.6
1796,0.0,0.0,10206.1,0.1276,0.7258,0.4031,1915.0
1797,0.0,0.0,10206.1,0.1276,0.7259,0.4031,1915.4
1798,0.0,0.0,10206.1,0.1276,0.7261,0.4031,1915.8
1799,0.0,0.0,10206.1,0.1276,0.7262,0.4031,1916.2
1800,0.0,0.0,10206.1,0.1276,0.7264,0.4031,1916.6
1801,0.0,0.0,10206.1,0.1276,0.7265,0.4031,1917.0
1802,0.0,0.0,10206.1,0.1276,0.7267,0.4031,1917.4
1803,0.0,0.313,10206.1,0.1276,0.7268,0.4031,1917.8
1804,2.25,1.29,10206.7,0.1784,0.727,0.5639,1918.4
1805,9.29,1.555,10209.3,0.6111,0.7278,1.9312,1920.3
1806,13.45,0.904,10213.1,0.5669,0.7284,1.7915,1922.1
1807,15.8,0.991,10217.4,0.7294,0.7293,2.305,1924.4
1808,20.58,1.393,10223.2,1.1974,0.7308,3.7839,1928.2
1809,25.83,1.694,10230.3,1.6215,0.7327,5.1239,1933.3
1810,32.78,1.684,10239.4,1.9982,0.7351,6.3144,1939.6
1811,37.95,1.055,10250.0,1.6206,0.737,5.1211,1944.7
1812,40.37,0.778,10261.2,1.3856,0.7387,4.3784,1949.1
1813,43.55,0.92,10273.3,1.6518,0.7407,5.2196,1954.3
1814,46.99,0.329,10286.3,0.8844,0.7417,2.7947,1957.1
1815,45.91,-0.264,10299.1,0.0178,0.7418,0.0563,1957.2
1816,45.09,-0.035,10311.6,0.2882,0.7421,0.9108,1958.1
1817,45.66,0.126,10324.3,0.5427,0.7427,1.7149,1959.8
1818,46.0,0.047,10337.1,0.423,0.7433,1.3365,1961.1
1819,46.0,-0.121,10349.9,0.1595,0.7434,0.5039,1961.6
1820,45.13,-0.297,10362.4,0.0178,0.7435,0.0563,1961.7
1821,43.87,-0.41,10374.6,0.0293,0.7435,0.0924,1961.8
1822,42.17,-0.601,10386.3,0.0293,0.7435,0.0924,1961.9
1823,39.54,-0.732,10397.3,0.0297,0.7436,0.0937,1962.0
1824,36.9,-0.271,10407.5,0.0297,0.7436,0.0937,1962.1
1825,37.58,0.429,10418.0,0.9168,0.7447,2.8971,1965.0
1826,39.99,0.639,10429.1,1.2191,0.7462,3.8523,1968.8
1827,42.18,0.462,10440.8,1.0564,0.7474,3.3383,1972.2
1828,43.31,0.313,10452.8,0.8668,0.7485,2.739,1974.9
1829,44.44,-0.134,10465.2,0.2101,0.7487,0.664,1975.6
1830,42.35,-1.027,10476.9,0.0293,0.7488,0.0924,1975.7
1831,37.05,-1.472,10487.2,0.0297,0.7488,0.0937,1975.8
1832,31.75,-2.189,10496.0,0.0254,0.7488,0.0804,1975.8
1833,21.28,-3.024,10502.0,0.0265,0.7489,0.0839,1975.9
1834,9.97,-2.281,10504.7,0.0855,0.749,0.2701,1976.2
1835,4.86,-1.258,10506.1,0.0716,0.749,0.2262,1976.4
1836,0.92,-0.626,10506.3,0.1276,0.7492,0.4031,1976.8
1837,0.35,-0.127,10506.4,0.1276,0.7493,0.4031,1977.2
1838,0.0,-0.049,10506.4,0.1276,0.7495,0.4031,1977.6
1839,0.0,0.0,10506.4,0.1276,0.7497,0.4031,1978.0
1840,0.0,0.0,10506.4,0.1276,0.7498,0.4031,1978.4
1841,0.0,0.0,10506.4,0.1276,0.75,0.4031,1978.8
1842,0.0,0.0,10506.4,0.1276,0.7501,0.4031,1979.2
1843,0.0,0.36,10506.4,0.1276,0.7503,0.4031,1979.6
1844,2.59,0.763,10507.1,0.1481,0.7504,0.4679,1980.1
1845,5.5,1.047,10508.7,0.3012,0.7508,0.9518,1981.1
1846,10.13,1.387,10511.5,0.6188,0.7515,1.9554,1983.0
1847,15.48,1.649,10515.8,1.0504,0.7528,3.3191,1986.3
1848,22.01,1.669,10521.9,1.4328,0.7545,4.5277,1990.9
1849,27.5,1.406,10529.5,1.4833,0.7563,4.6873,1995.5
1850,32.13,0.892,10538.5,1.2382,0.7578,3.9128,1999.5
1851,33.92,0.42,10547.9,0.8019,0.7587,2.5342,2002.0
1852,35.15,0.563,10557.7,1.0265,0.76,3.2437,2005.2
1853,37.98,0.58,10568.2,1.1072,0.7613,3.4988,2008.7
1854,39.33,-0.142,10579.1,0.1977,0.7615,0.6247,2009.4
1855,36.95,-0.841,10589.4,0.0297,0.7616,0.0937,2009.5
1856,33.28,-1.142,10598.6,0.0254,0.7616,0.0804,2009.5
1857,28.73,-0.94,10606.6,0.0225,0.7616,0.0712,2009.6
1858,26.51,-0.469,10614.0,0.0225,0.7616,0.0712,2009.7
1859,25.35,0.156,10621.0,0.3855,0.7621,1.2183,2010.9
1860,27.63,0.415,10628.7,0.6531,0.7629,2.0637,2013.0
1861,28.33,-0.133,10636.6,0.1503,0.7631,0.4749,2013.4
1862,26.68,0.114,10644.0,0.361,0.7635,1.1407,2014.6
1863,29.16,1.088,10652.1,1.2927,0.7651,4.0849,2018.7
1864,34.51,1.235,10661.7,1.648,0.767,5.2077,2023.9
1865,38.05,0.885,10672.2,1.4397,0.7687,4.5495,2028.4
1866,40.89,0.173,10683.6,0.6281,0.7695,1.9848,2030.4
1867,39.29,-0.572,10694.5,0.0297,0.7695,0.0937,2030.5
1868,36.77,-0.984,10704.7,0.0297,0.7696,0.0937,2030.6
1869,32.21,-0.85,10713.7,0.0254,0.7696,0.0804,2030.7
1870,30.64,-0.044,10722.2,0.2515,0.7699,0.7946,2031.5
1871,31.89,0.619,10731.0,0.9775,0.7711,3.0887,2034.6
1872,35.1,0.892,10740.8,1.3566,0.7727,4.2868,2038.8
1873,38.31,0.75,10751.4,1.3002,0.7743,4.1087,2043.0
1874,40.5,0.345,10762.7,0.8606,0.7753,2.7194,2045.7
1875,40.8,-0.49,10774.0,0.0293,0.7753,0.0924,2045.8
1876,36.97,-0.996,10784.3,0.0297,0.7754,0.0937,2045.9
1877,33.63,-0.858,10793.6,0.0254,0.7754,0.0804,2045.9
1878,30.79,-0.447,10802.2,0.0254,0.7754,0.0804,2046.0
1879,30.41,0.026,10810.6,0.3231,0.7758,1.021,2047.0
1880,30.98,0.307,10819.2,0.6236,0.7766,1.9705,2049.0
1881,32.62,0.346,10828.3,0.6934,0.7774,2.1912,2051.2
1882,33.47,-0.292,10837.6,0.0254,0.7774,0.0804,2051.3
1883,30.52,-0.738,10846.1,0.0254,0.7774,0.0804,2051.4
1884,28.16,-0.569,10853.9,0.0225,0.7775,0.0712,2051.4
1885,26.43,-0.3,10861.2,0.0225,0.7775,0.0712,2051.5
1886,26.0,-0.059,10868.5,0.2016,0.7777,0.6371,2052.1
1887,26.0,0.077,10875.7,0.3222,0.7781,1.018,2053.2
1888,26.56,0.108,10883.1,0.3545,0.7785,1.1202,2054.3
1889,26.78,-0.116,10890.5,0.1519,0.7787,0.4799,2054.8
1890,25.72,-0.451,10897.6,0.0225,0.7788,0.0712,2054.8
1891,23.53,-0.954,10904.2,0.0265,0.7788,0.0839,2054.9
1892,18.85,-1.198,10909.4,0.0206,0.7788,0.0651,2055.0
1893,14.91,-1.029,10913.5,0.1035,0.7789,0.327,2055.3
1894,11.45,-0.881,10916.7,0.1035,0.7791,0.327,2055.6
1895,8.56,-0.784,10919.1,0.0855,0.7792,0.2701,2055.9
1896,5.81,-0.705,10920.7,0.0855,0.7793,0.2701,2056.2
1897,3.49,-0.583,10921.7,0.0716,0.7794,0.2262,2056.4
1898,1.61,-0.413,10922.1,0.0716,0.7794,0.2262,2056.6
1899,0.52,-0.223,10922.3,0.1276,0.7796,0.4031,2057.0
1900,0.0,-0.072,10922.3,0.1276,0.7797,0.4031,2057.4
1901,0.0,0.0,10922.3,0.1276,0.7799,0.4031,2057.8
1902,0.0,0.0,10922.3,0.1276,0.78,0.4031,2058.2
1903,0.0,0.0,10922.3,0.1276,0.7802,0.4031,2058.6
1904,0.0,0.0,10922.3,0.1276,0.7804,0.4031,2059.0
1905,0.0,0.0,10922.3,0.1276,0.7805,0.4031,2059.4
1906,0.0,0.043,10922.3,0.1276,0.7807,0.4031,2059.9
1907,0.31,0.121,10922.4,0.1276,0.7808,0.4031,2060.3
1908,0.87,0.28,10922.6,0.1276,0.781,0.4031,2060.7
1909,2.33,0.429,10923.3,0.1138,0.7811,0.3598,2061.0
1910,3.96,-0.007,10924.4,0.0846,0.7812,0.2672,2061.3
1911,2.28,-0.263,10925.0,0.0716,0.7813,0.2262,2061.5
1912,2.07,0.583,10925.6,0.12,0.7814,0.3792,2061.9
1913,6.48,1.416,10927.4,0.4212,0.7819,1.3311,2063.2
1914,12.26,1.865,10930.8,0.9274,0.783,2.9305,2066.2
1915,19.91,1.573,10936.3,1.231,0.7845,3.8899,2070.0
1916,23.59,0.815,10942.8,0.9245,0.7856,2.9214,2073.0
1917,25.77,1.18,10950.0,1.2406,0.7871,3.9203,2076.9
1918,32.08,1.718,10958.9,1.9924,0.7895,6.2958,2083.2
1919,38.14,0.997,10969.5,1.5643,0.7914,4.9431,2088.1
1920,39.26,0.46,10980.4,0.9941,0.7926,3.1412,2091.3
1921,41.46,0.898,10991.9,1.5581,0.7944,4.9235,2096.2
1922,45.73,0.944,11004.6,1.6782,0.7964,5.3032,2101.5
1923,48.26,0.427,11018.0,1.0522,0.7977,3.325,2104.8
1924,48.8,0.202,11031.6,0.7086,0.7985,2.2391,2107.1
1925,49.71,0.281,11045.4,0.8566,0.7996,2.707,2109.8
1926,50.83,0.317,11059.5,0.9444,0.8007,2.9843,2112.7
1927,52.0,0.327,11074.0,0.9819,0.8019,3.1027,2115.8
1928,53.18,0.327,11088.7,1.0021,0.8031,3.1668,2119.0
1929,54.35,0.178,11103.8,0.758,0.804,2.3952,2121.4
1930,54.47,-0.15,11119.0,0.1507,0.8042,0.4762,2121.9
1931,53.28,-0.265,11133.8,0.0185,0.8042,0.0585,2121.9
1932,52.56,-0.176,11148.4,0.1235,0.8043,0.3902,2122.3
1933,52.01,-0.001,11162.8,0.404,0.8048,1.2767,2123.6
1934,52.55,0.189,11177.4,0.7495,0.8057,2.3683,2126.0
1935,53.37,0.412,11192.2,1.1348,0.8071,3.586,2129.6
1936,55.52,0.528,11207.7,1.3711,0.8087,4.3328,2133.9
1937,57.17,0.308,11223.5,1.0515,0.81,3.3227,2137.2
1938,57.73,0.115,11239.6,0.6987,0.8108,2.2079,2139.4
1939,58.0,0.037,11255.7,0.5484,0.8115,1.7329,2141.2
1940,58.0,-0.2,11271.8,0.1332,0.8116,0.421,2141.6
1941,56.56,-0.452,11287.5,0.02,0.8117,0.0632,2141.6
1942,54.75,-0.714,11302.7,0.0185,0.8117,0.0585,2141.7
1943,51.42,-1.013,11317.0,0.0185,0.8117,0.0585,2141.8
1944,47.45,-1.343,11330.2,0.0178,0.8117,0.0563,2141.8
1945,41.75,-1.458,11341.8,0.0293,0.8118,0.0924,2141.9
1946,36.95,-1.216,11352.1,0.0297,0.8118,0.0937,2142.0
1947,33.0,-1.256,11361.2,0.0254,0.8118,0.0804,2142.1
1948,27.91,-1.467,11369.0,0.0225,0.8119,0.0712,2142.2
1949,22.44,-1.456,11375.2,0.0265,0.8119,0.0839,2142.2
1950,17.43,-1.388,11380.0,0.0206,0.8119,0.0651,2142.3
1951,12.44,-1.4,11383.5,0.1035,0.812,0.327,2142.6
1952,7.35,-1.284,11385.5,0.0855,0.8121,0.2701,2142.9
1953,3.2,-0.901,11386.4,0.0716,0.8122,0.2262,2143.1
1954,0.86,-0.444,11386.7,0.1276,0.8124,0.4031,2143.5
1955,0.0,-0.119,11386.7,0.1276,0.8125,0.4031,2143.9
1956,0.0,0.0,11386.7,0.1276,0.8127,0.4031,2144.3
1957,0.0,0.0,11386.7,0.1276,0.8128,0.4031,2144.7
1958,0.0,0.0,11386.7,0.1276,0.813,0.4031,2145.1
1959,0.0,0.0,11386.7,0.1276,0.8131,0.4031,2145.5
1960,0.0,0.0,11386.7,0.1276,0.8133,0.4031,2146.0
1961,0.0,0.0,11386.7,0.1276,0.8134,0.4031,2146.4
1962,0.0,0.0,11386.7,0.1276,0.8136,0.4031,2146.8
1963,0.0,0.0,11386.7,0.1276,0.8137,0.4031,2147.2
1964,0.0,0.0,11386.7,0.1276,0.8139,0.4031,2147.6
1965,0.0,0.0,11386.7,0.1276,0.8141,0.4031,2148.0
1966,0.0,0.0,11386.7,0.1276,0.8142,0.4031,2148.4
1967,0.0,0.0,11386.7,0.1276,0.8144,0.4031,2148.8
1968,0.0,0.0,11386.7,0.1276,0.8145,0.4031,2149.2
1969,0.0,0.0,11386.7,0.1276,0.8147,0.4031,2149.6
1970,0.0,0.0,11386.7,0.1276,0.8148,0.4031,2150.0
1971,0.0,0.0,11386.7,0.1276,0.815,0.4031,2150.4
1972,0.0,0.557,11386.7,0.1276,0.8151,0.4031,2150.8
1973,4.01,1.182,11387.8,0.2473,0.8154,0.7815,2151.6
1974,8.51,1.809,11390.1,0.6406,0.8162,2.0244,2153.6
1975,17.03,2.125,11394.9,1.3597,0.8178,4.2966,2157.9
1976,23.81,1.317,11401.5,1.2865,0.8194,4.0652,2162.0
1977,26.52,0.862,11408.9,1.0285,0.8206,3.2499,2165.2
1978,30.02,1.107,11417.2,1.3588,0.8222,4.2938,2169.5
1979,34.49,0.778,11426.8,1.1977,0.8237,3.7848,2173.3
1980,35.62,0.078,11436.7,0.4494,0.8242,1.4201,2174.7
1981,35.05,-0.014,11446.4,0.3344,0.8246,1.0567,2175.8
1982,35.52,0.182,11456.3,0.5744,0.8253,1.8153,2177.6
1983,36.36,0.419,11466.4,0.8787,0.8263,2.7768,2180.4
1984,38.54,0.455,11477.1,0.9713,0.8275,3.0695,2183.4
1985,39.63,-0.002,11488.1,0.3781,0.8279,1.1949,2184.6
1986,38.53,-0.665,11498.8,0.0297,0.828,0.0937,2184.7
1987,34.85,-1.344,11508.5,0.0254,0.828,0.0804,2184.8
1988,28.85,-1.017,11516.5,0.0225,0.828,0.0712,2184.9
1989,27.52,-0.241,11524.1,0.0225,0.8281,0.0712,2184.9
1990,27.11,0.179,11531.7,0.4249,0.8286,1.3427,2186.3
1991,28.81,0.401,11539.7,0.6622,0.8294,2.0924,2188.4
1992,30.0,0.165,11548.0,0.4627,0.8299,1.4621,2189.8
1993,30.0,-0.12,11556.3,0.1712,0.8301,0.5409,2190.4
1994,29.14,-0.351,11564.4,0.0225,0.8302,0.0712,2190.4
1995,27.48,-0.351,11572.1,0.0225,0.8302,0.0712,2190.5
1996,26.61,-0.197,11579.4,0.0225,0.8302,0.0712,2190.6
1997,26.06,0.131,11586.7,0.3706,0.8307,1.1711,2191.8
1998,27.55,0.463,11594.3,0.6966,0.8315,2.2013,2194.0
1999,29.4,0.591,11602.5,0.8638,0.8325,2.7297,2196.7
2000,31.8,0.626,11611.3,0.9826,0.8337,3.1051,2199.8
2001,33.9,0.541,11620.8,0.9414,0.8348,2.9748,2202.8
2002,35.7,0.291,11630.7,0.7094,0.8357,2.2416,2205.0
2003,36.0,0.005,11640.7,0.3632,0.8361,1.1476,2206.2
2004,35.73,-0.348,11650.6,0.0297,0.8361,0.0937,2206.3
2005,33.5,-0.823,11659.9,0.0254,0.8362,0.0804,2206.3
2006,29.81,-1.432,11668.2,0.0225,0.8362,0.0712,2206.4
2007,23.19,-1.695,11674.6,0.0265,0.8362,0.0839,2206.5
2008,17.6,-1.416,11679.5,0.0206,0.8363,0.0651,2206.6
2009,12.99,-1.295,11683.1,0.1035,0.8364,0.327,2206.9
2010,8.28,-1.256,11685.4,0.0855,0.8365,0.2701,2207.1
2011,3.94,-0.684,11686.5,0.0716,0.8366,0.2262,2207.4
2012,3.36,-0.194,11687.5,0.0716,0.8367,0.2262,2207.6
2013,2.55,-0.271,11688.2,0.0716,0.8367,0.2262,2207.8
2014,1.41,-0.264,11688.6,0.0716,0.8368,0.2262,2208.1
2015,0.65,-0.182,11688.7,0.1276,0.837,0.4031,2208.5
2016,0.09,-0.09,11688.8,0.1276,0.8371,0.4031,2208.9
2017,0.0,-0.013,11688.8,0.1276,0.8373,0.4031,2209.3
2018,0.0,0.384,11688.8,0.1276,0.8374,0.4031,2209.7
2019,2.76,0.843,11689.5,0.1606,0.8376,0.5075,2210.2
2020,6.07,1.187,11691.2,0.3526,0.8381,1.1141,2211.3
2021,11.31,1.337,11694.3,0.6597,0.8388,2.0848,2213.4
2022,15.7,1.094,11698.7,0.7808,0.8398,2.4673,2215.8
2023,19.18,0.725,11704.0,0.6837,0.8406,2.1606,2218.0
2024,20.91,0.398,11709.8,0.5405,0.8412,1.708,2219.7
2025,22.05,0.239,11716.0,0.4415,0.8418,1.3953,2221.1
2026,22.64,0.102,11722.3,0.3433,0.8422,1.0848,2222.2
2027,22.79,-0.057,11728.6,0.221,0.8424,0.6982,2222.9
2028,22.23,0.031,11734.8,0.2862,0.8428,0.9043,2223.8
2029,23.01,0.344,11741.2,0.5362,0.8434,1.6942,2225.5
2030,24.7,0.141,11748.0,0.393,0.8439,1.2418,2226.7
2031,24.03,-0.297,11754.7,0.0265,0.8439,0.0839,2226.8
2032,22.57,-0.656,11761.0,0.0265,0.844,0.0839,2226.9
2033,19.3,-0.895,11766.3,0.0206,0.844,0.0651,2227.0
2034,16.13,-0.851,11770.8,0.0206,0.844,0.0651,2227.0
2035,13.17,-0.671,11774.5,0.1035,0.8441,0.327,2227.4
2036,11.3,-0.422,11777.6,0.1035,0.8443,0.327,2227.7
2037,10.13,-0.321,11780.4,0.1035,0.8444,0.327,2228.0
2038,8.99,-0.338,11782.9,0.0855,0.8445,0.2701,2228.3
2039,7.7,-0.487,11785.0,0.0855,0.8446,0.2701,2228.5
2040,5.48,-0.54,11786.6,0.0855,0.8447,0.2701,2228.8
2041,3.82,-0.308,11787.6,0.0716,0.8448,0.2262,2229.0
2042,3.26,-0.24,11788.5,0.0716,0.8449,0.2262,2229.3
2043,2.09,-0.403,11789.1,0.0716,0.845,0.2262,2229.5
2044,0.36,-0.29,11789.2,0.1276,0.8451,0.4031,2229.9
2045,0.0,-0.05,11789.2,0.1276,0.8453,0.4031,2230.3
2046,0.0,0.0,11789.2,0.1276,0.8454,0.4031,2230.7
2047,0.0,0.0,11789.2,0.1276,0.8456,0.4031,2231.1
2048,0.0,0.0,11789.2,0.1276,0.8457,0.4031,2231.5
2049,0.0,0.0,11789.2,0.1276,0.8459,0.4031,2231.9
2050,0.0,0.0,11789.2,0.1276,0.846,0.4031,2232.3
2051,0.0,0.0,11789.2,0.1276,0.8462,0.4031,2232.7
2052,0.0,0.0,11789.2,0.1276,0.8463,0.4031,2233.1
2053,0.0,0.0,11789.2,0.1276,0.8465,0.4031,2233.5
2054,0.0,0.0,11789.2,0.1276,0.8466,0.4031,2233.9
2055,0.0,0.0,11789.2,0.1276,0.8468,0.4031,2234.3
2056,0.0,0.0,11789.2,0.1276,0.8469,0.4031,2234.7
2057,0.0,0.0,11789.2,0.1276,0.8471,0.4031,2235.1
2058,0.0,0.0,11789.2,0.1276,0.8472,0.4031,2235.5
2059,0.0,0.0,11789.2,0.1276,0.8474,0.4031,2235.9
2060,0.0,0.0,11789.2,0.1276,0.8476,0.4031,2236.3
2061,0.0,0.0,11789.2,0.1276,0.8477,0.4031,2236.8
2062,0.0,0.0,11789.2,0.1276,0.8479,0.4031,2237.2
2063,0.0,0.0,11789.2,0.1276,0.848,0.4031,2237.6
2064,0.0,0.0,11789.2,0.1276,0.8482,0.4031,2238.0
2065,0.0,0.0,11789.2,0.1276,0.8483,0.4031,2238.4
2066,0.0,0.0,11789.2,0.1276,0.8485,0.4031,2238.8
2067,0.0,0.0,11789.2,0.1276,0.8486,0.4031,2239.2
2068,0.0,0.0,11789.2,0.1276,0.8488,0.4031,2239.6
2069,0.0,0.0,11789.2,0.1276,0.8489,0.4031,2240.0
2070,0.0,0.0,11789.2,0.1276,0.8491,0.4031,2240.4
2071,0.0,0.0,11789.2,0.1276,0.8492,0.4031,2240.8
2072,0.0,0.0,11789.2,0.1276,0.8494,0.4031,2241.2
2073,0.0,0.0,11789.2,0.1276,0.8495,0.4031,2241.6
2074,0.0,0.0,11789.2,0.1276,0.8497,0.4031,2242.0
2075,0.0,0.0,11789.2,0.1276,0.8498,0.4031,2242.4
2076,0.0,0.0,11789.2,0.1276,0.85,0.4031,2242.8
2077,0.0,0.0,11789.2,0.1276,0.8501,0.4031,2243.2
2078,0.0,0.0,11789.2,0.1276,0.8503,0.4031,2243.6
2079,0.0,0.0,11789.2,0.1276,0.8505,0.4031,2244.0
2080,0.0,0.0,11789.2,0.1276,0.8506,0.4031,2244.4
2081,0.0,0.0,11789.2,0.1276,0.8508,0.4031,2244.8
2082,0.0,0.0,11789.2,0.1276,0.8509,0.4031,2245.2
2083,0.0,0.0,11789.2,0.1276,0.8511,0.4031,2245.6
2084,0.0,0.0,11789.2,0.1276,0.8512,0.4031,2246.0
2085,0.0,0.0,11789.2,0.1276,0.8514,0.4031,2246.4
2086,0.0,0.0,11789.2,0.1276,0.8515,0.4031,2246.8
2087,0.0,0.0,11789.2,0.1276,0.8517,0.4031,2247.2
2088,0.0,0.0,11789.2,0.1276,0.8518,0.4031,2247.6
2089,0.0,0.0,11789.2,0.1276,0.852,0.4031,2248.0
2090,0.0,0.0,11789.2,0.1276,0.8521,0.4031,2248.4
2091,0.0,0.0,11789.2,0.1276,0.8523,0.4031,2248.8
2092,0.0,0.0,11789.2,0.1276,0.8524,0.4031,2249.2
2093,0.0,0.0,11789.2,0.1276,0.8526,0.4031,2249.7
2094,0.0,0.0,11789.2,0.1276,0.8527,0.4031,2250.1
2095,0.0,0.0,11789.2,0.1276,0.8529,0.4031,2250.5
2096,0.0,0.0,11789.2,0.1276,0.8531,0.4031,2250.9
2097,0.0,0.071,11789.2,0.1276,0.8532,0.4031,2251.3
2098,0.51,0.538,11789.4,0.1276,0.8534,0.4031,2251.7
2099,3.87,0.934,11790.4,0.2084,0.8536,0.6587,2252.3
2100,7.23,0.99,11792.4,0.3551,0.854,1.1222,2253.4
2101,11.0,1.107,11795.5,0.5582,0.8547,1.7638,2255.2
2102,15.2,1.103,11799.7,0.7648,0.8556,2.4168,2257.6
2103,18.94,0.907,11805.0,0.7943,0.8566,2.51,2260.1
2104,21.73,0.733,11811.0,0.8035,0.8575,2.539,2262.7
2105,24.22,0.654,11817.7,0.812,0.8585,2.566,2265.2
2106,26.44,0.386,11825.1,0.6041,0.8592,1.9088,2267.2
2107,27.0,0.077,11832.6,0.3298,0.8596,1.0421,2268.2
2108,27.0,-1.92,11840.1,0.0225,0.8596,0.0712,2268.3
2109,13.17,-3.275,11843.8,0.1035,0.8598,0.327,2268.6
2110,3.42,-1.591,11844.7,0.0716,0.8599,0.2262,2268.8
2111,1.72,-0.382,11845.2,0.0716,0.8599,0.2262,2269.0
2112,0.67,-0.226,11845.4,0.1276,0.8601,0.4031,2269.4
2113,0.09,-0.093,11845.4,0.1276,0.8602,0.4031,2269.9
2114,0.0,-0.013,11845.4,0.1276,0.8604,0.4031,2270.3
2115,0.0,0.0,11845.4,0.1276,0.8606,0.4031,2270.7
2116,0.0,0.037,11845.4,0.1276,0.8607,0.4031,2271.1
2117,0.27,0.191,11845.5,0.1276,0.8609,0.4031,2271.5
2118,1.38,0.24,11845.8,0.0877,0.861,0.2772,2271.7
2119,2.0,0.087,11846.4,0.0845,0.8611,0.2671,2272.0
2120,2.0,0.0,11847.0,0.0786,0.8612,0.2484,2272.3
2121,2.0,0.0,11847.5,0.0786,0.8613,0.2484,2272.5
2122,2.0,-0.076,11848.1,0.0734,0.8613,0.232,2272.7
2123,1.45,-0.139,11848.5,0.0716,0.8614,0.2262,2273.0
2124,1.0,-0.063,11848.8,0.0729,0.8615,0.2305,2273.2
2125,1.0,-0.037,11849.0,0.0738,0.8616,0.2333,2273.4
2126,0.73,-0.118,11849.2,0.1276,0.8618,0.4031,2273.8
2127,0.15,-0.102,11849.3,0.1276,0.8619,0.4031,2274.2
2128,0.0,-0.021,11849.3,0.1276,0.8621,0.4031,2274.6
2129,0.0,0.0,11849.3,0.1276,0.8622,0.4031,2275.0
2130,0.0,0.0,11849.3,0.1276,0.8624,0.4031,2275.4
2131,0.0,0.0,11849.3,0.1276,0.8625,0.4031,2275.8
2132,0.0,0.0,11849.3,0.1276,0.8627,0.4031,2276.2
2133,0.0,0.0,11849.3,0.1276,0.8628,0.4031,2276.7
2134,0.0,0.0,11849.3,0.1276,0.863,0.4031,2277.1
2135,0.0,0.0,11849.3,0.1276,0.8631,0.4031,2277.5
2136,0.0,0.0,11849.3,0.1276,0.8633,0.4031,2277.9
2137,0.0,0.0,11849.3,0.1276,0.8634,0.4031,2278.3
2138,0.0,0.0,11849.3,0.1276,0.8636,0.4031,2278.7
2139,0.0,0.0,11849.3,0.1276,0.8637,0.4031,2279.1
2140,0.0,0.0,11849.3,0.1276,0.8639,0.4031,2279.5
2141,0.0,0.0,11849.3,0.1276,0.864,0.4031,2279.9
2142,0.0,0.0,11849.3,0.1276,0.8642,0.4031,2280.3
2143,0.0,0.0,11849.3,0.1276,0.8644,0.4031,2280.7
2144,0.0,0.0,11849.3,0.1276,0.8645,0.4031,2281.1
2145,0.0,0.0,11849.3,0.1276,0.8647,0.4031,2281.5
2146,0.0,0.0,11849.3,0.1276,0.8648,0.4031,2281.9
2147,0.0,0.0,11849.3,0.1276,0.865,0.4031,2282.3
2148,0.0,0.0,11849.3,0.1276,0.8651,0.4031,2282.7
2149,0.0,0.0,11849.3,0.1276,0.8653,0.4031,2283.1
2150,0.0,0.0,11849.3,0.1276,0.8654,0.4031,2283.5
2151,0.0,0.0,11849.3,0.1276,0.8656,0.4031,2283.9
2152,0.0,0.0,11849.3,0.1276,0.8657,0.4031,2284.3
2153,0.0,0.0,11849.3,0.1276,0.8659,0.4031,2284.7
2154,0.0,0.0,11849.3,0.1276,0.866,0.4031,2285.1
2155,0.0,0.0,11849.3,0.1276,0.8662,0.4031,2285.5
2156,0.0,0.0,11849.3,0.1276,0.8663,0.4031,2285.9
2157,0.0,0.0,11849.3,0.1276,0.8665,0.4031,2286.3
2158,0.0,0.0,11849.3,0.1276,0.8666,0.4031,2286.7
2159,0.0,0.0,11849.3,0.1276,0.8668,0.4031,2287.1
2160,0.0,0.0,11849.3,0.1276,0.867,0.4031,2287.5
2161,0.0,0.0,11849.3,0.1276,0.8671,0.4031,2287.9
2162,0.0,0.0,11849.3,0.1276,0.8673,0.4031,2288.3
2163,0.0,0.0,11849.3,0.1276,0.8674,0.4031,2288.7
2164,0.0,0.0,11849.3,0.1276,0.8676,0.4031,2289.1
2165,0.0,0.0,11849.3,0.1276,0.8677,0.4031,2289.6
2166,0.0,0.0,11849.3,0.1276,0.8679,0.4031,2290.0
2167,0.0,0.0,11849.3,0.1276,0.868,0.4031,2290.4
2168,0.0,0.0,11849.3,0.1276,0.8682,0.4031,2290.8
2169,0.0,0.0,11849.3,0.1276,0.8683,0.4031,2291.2
2170,0.0,0.0,11849.3,0.1276,0.8685,0.4031,2291.6
2171,0.0,0.0,11849.3,0.1276,0.8686,0.4031,2292.0
2172,0.0,0.0,11849.3,0.1276,0.8688,0.4031,2292.4
2173,0.0,0.0,11849.3,0.1276,0.8689,0.4031,2292.8
2174,0.0,0.0,11849.3,0.1276,0.8691,0.4031,2293.2
2175,0.0,0.0,11849.3,0.1276,0.8692,0.4031,2293.6
2176,0.0,0.0,11849.3,0.1276,0.8694,0.4031,2294.0
2177,0.0,0.0,11849.3,0.1276,0.8695,0.4031,2294.4
2178,0.0,0.0,11849.3,0.1276,0.8697,0.4031,2294.8
2179,0.0,0.0,11849.3,0.1276,0.8699,0.4031,2295.2
2180,0.0,0.0,11849.3,0.1276,0.87,0.4031,2295.6
2181,0.0,0.0,11849.3,0.1276,0.8702,0.4031,2296.0
2182,0.0,0.0,11849.3,0.1276,0.8703,0.4031,2296.4
2183,0.0,0.0,11849.3,0.1276,0.8705,0.4031,2296.8
2184,0.0,0.0,11849.3,0.1276,0.8706,0.4031,2297.2
2185,0.0,0.0,11849.3,0.1276,0.8708,0.4031,2297.6
2186,0.0,0.0,11849.3,0.1276,0.8709,0.4031,2298.0
2187,0.0,0.677,11849.3,0.1276,0.8711,0.4031,2298.4
2188,4.88,1.469,11850.6,0.3332,0.8715,1.0529,2299.5
2189,10.57,1.641,11853.6,0.7328,0.8724,2.3156,2301.8
2190,16.69,1.472,11858.2,1.0271,0.8736,3.2457,2305.0
2191,21.17,0.705,11864.1,0.7668,0.8745,2.423,2307.5
2192,21.76,0.115,11870.1,0.3459,0.8749,1.093,2308.6
2193,22.0,0.033,11876.2,0.2864,0.8753,0.905,2309.5
2194,22.0,0.19,11882.4,0.4042,0.8757,1.2771,2310.7
2195,23.37,0.416,11888.8,0.5994,0.8765,1.8942,2312.6
2196,24.99,-0.261,11895.8,0.0265,0.8765,0.0839,2312.7
2197,21.48,-0.985,11901.8,0.0265,0.8765,0.0839,2312.8
2198,17.9,-1.012,11906.7,0.0206,0.8765,0.0651,2312.9
2199,14.2,-0.668,11910.7,0.1035,0.8767,0.327,2313.2
2200,13.09,0.218,11914.3,0.2483,0.877,0.7845,2314.0
2201,15.77,0.624,11918.7,0.531,0.8776,1.6779,2315.6
2202,17.58,0.4,11923.6,0.4426,0.8781,1.3987,2317.0
2203,18.65,0.535,11928.8,0.5476,0.8788,1.7303,2318.8
2204,21.43,0.885,11934.7,0.9057,0.8799,2.862,2321.6
2205,25.02,0.667,11941.7,0.8181,0.8809,2.5852,2324.2
2206,26.24,0.275,11948.9,0.5011,0.8815,1.5836,2325.8
2207,27.0,0.106,11956.4,0.3565,0.8819,1.1265,2326.9
2208,27.0,0.157,11963.9,0.4034,0.8824,1.2749,2328.2
2209,28.13,0.4,11971.8,0.6483,0.8831,2.0488,2330.3
2210,29.88,0.638,11980.1,0.924,0.8842,2.9197,2333.2
2211,32.72,0.778,11989.1,1.1497,0.8856,3.633,2336.8
2212,35.48,0.688,11999.0,1.1618,0.887,3.6713,2340.5
2213,37.67,0.549,12009.5,1.0671,0.8883,3.372,2343.9
2214,39.44,0.398,12020.4,0.9147,0.8894,2.8906,2346.7
2215,40.54,-0.118,12031.7,0.2214,0.8897,0.6995,2347.4
2216,38.59,-0.848,12042.4,0.0297,0.8897,0.0937,2347.5
2217,34.44,-0.713,12052.0,0.0254,0.8897,0.0804,2347.6
2218,33.45,-0.179,12061.3,0.1696,0.8899,0.5359,2348.2
2219,33.15,0.036,12070.5,0.3524,0.8903,1.1134,2349.3
2220,33.71,0.118,12079.8,0.4506,0.8909,1.4239,2350.7
2221,34.0,0.041,12089.3,0.3642,0.8913,1.1509,2351.8
2222,34.0,0.228,12098.7,0.581,0.892,1.8359,2353.7
2223,35.64,0.544,12108.6,1.0158,0.8932,3.21,2356.9
2224,37.91,0.399,12119.1,0.885,0.8943,2.7967,2359.7
2225,38.51,0.144,12129.8,0.5623,0.895,1.777,2361.5
2226,38.95,-0.017,12140.7,0.3536,0.8954,1.1175,2362.6
2227,38.39,-0.157,12151.3,0.1977,0.8956,0.6247,2363.2
2228,37.82,-0.158,12161.8,0.1977,0.8959,0.6247,2363.8
2229,37.25,-0.02,12172.2,0.3396,0.8963,1.0731,2364.9
2230,37.68,0.228,12182.7,0.6607,0.8971,2.0878,2367.0
2231,38.89,0.337,12193.5,0.8227,0.898,2.5996,2369.6
2232,40.11,0.314,12204.6,0.8109,0.899,2.5624,2372.2
2233,41.15,0.225,12216.0,0.7044,0.8999,2.2261,2374.4
2234,41.73,0.159,12227.6,0.6192,0.9006,1.9565,2376.3
2235,42.3,0.156,12239.4,0.6221,0.9013,1.9657,2378.3
2236,42.85,0.209,12251.3,0.7065,0.9022,2.2324,2380.5
2237,43.8,0.281,12263.4,0.8279,0.9032,2.6162,2383.1
2238,44.88,0.445,12275.9,1.0873,0.9045,3.4358,2386.6
2239,47.0,0.598,12289.0,1.2573,0.906,3.973,2390.6
2240,49.18,0.533,12302.6,1.2187,0.9075,3.851,2394.4
2241,50.84,0.365,12316.7,1.0173,0.9087,3.2146,2397.6
2242,51.81,0.049,12331.1,0.4905,0.9093,1.55,2399.2
2243,51.19,-0.17,12345.4,0.1235,0.9094,0.3902,2399.6
2244,50.59,-0.165,12359.4,0.1235,0.9096,0.3902,2400.0
2245,50.0,-0.082,12373.3,0.2478,0.9099,0.783,2400.7
2246,50.0,-0.02,12387.2,0.3535,0.9103,1.117,2401.9
2247,49.85,-0.097,12401.0,0.2167,0.9105,0.6849,2402.5
2248,49.3,-0.084,12414.7,0.2356,0.9108,0.7445,2403.3
2249,49.25,0.071,12428.4,0.4956,0.9114,1.5661,2404.8
2250,49.81,0.204,12442.2,0.7277,0.9123,2.2996,2407.1
2251,50.72,0.274,12456.3,0.8678,0.9133,2.7424,2409.9
2252,51.79,0.307,12470.7,0.9459,0.9145,2.9889,2412.9
2253,52.92,0.318,12485.4,0.9841,0.9156,3.1097,2416.0
2254,54.08,0.314,12500.4,0.9977,0.9168,3.1529,2419.1
2255,55.18,0.267,12515.8,0.9484,0.918,2.997,2422.1
2256,56.0,0.114,12531.3,0.672,0.9188,2.1236,2424.3
2257,56.0,-0.089,12546.9,0.2844,0.9191,0.8988,2425.2
2258,55.36,-0.256,12562.3,0.02,0.9191,0.0632,2425.2
2259,54.15,-0.332,12577.3,0.0185,0.9192,0.0585,2425.3
2260,52.97,-0.328,12592.0,0.0185,0.9192,0.0585,2425.3
2261,51.8,-0.319,12606.4,0.0185,0.9192,0.0585,2425.4
2262,50.67,-0.249,12620.5,0.0185,0.9192,0.0585,2425.5
2263,50.0,-0.093,12634.4,0.229,0.9195,0.7238,2426.2
2264,50.0,0.056,12648.3,0.4831,0.9201,1.5265,2427.7
2265,50.4,0.139,12662.3,0.63,0.9208,1.9908,2429.7
2266,51.0,0.004,12676.4,0.4035,0.9213,1.275,2431.0
2267,50.44,-0.261,12690.4,0.0185,0.9213,0.0585,2431.0
2268,49.12,-0.724,12704.1,0.0178,0.9214,0.0563,2431.1
2269,45.22,-0.981,12716.6,0.0178,0.9214,0.0563,2431.1
2270,42.06,-0.744,12728.3,0.0293,0.9214,0.0924,2431.2
2271,39.86,-0.185,12739.4,0.1977,0.9216,0.6247,2431.9
2272,40.72,0.514,12750.7,1.0888,0.923,3.4407,2435.3
2273,43.57,0.862,12762.8,1.5804,0.9248,4.994,2440.3
2274,46.93,0.919,12775.8,1.6852,0.9269,5.3252,2445.6
2275,50.19,0.684,12789.8,1.4622,0.9286,4.6206,2450.2
2276,51.86,0.415,12804.2,1.1096,0.9299,3.5064,2453.8
2277,53.17,0.259,12819.0,0.8862,0.931,2.8005,2456.6
2278,53.72,0.155,12833.9,0.7059,0.9319,2.2306,2458.8
2279,54.29,0.159,12849.0,0.7218,0.9327,2.281,2461.1
2280,54.86,0.219,12864.2,0.8428,0.9337,2.6632,2463.7
2281,55.86,0.294,12879.7,1.0064,0.9349,3.1802,2466.9
2282,56.98,0.233,12895.5,0.9171,0.936,2.8981,2469.8
2283,57.53,0.164,12911.5,0.7919,0.937,2.5025,2472.3
2284,58.16,0.239,12927.7,0.9509,0.9381,3.0048,2475.3
2285,59.25,0.231,12944.1,0.9554,0.9393,3.0192,2478.3
2286,59.83,0.003,12960.8,0.5013,0.9399,1.5841,2479.9
2287,59.28,-0.233,12977.2,0.02,0.9399,0.0632,2480.0
2288,58.15,-0.393,12993.4,0.02,0.9399,0.0632,2480.0
2289,56.44,-0.412,13009.1,0.02,0.9399,0.0632,2480.1
2290,55.18,-0.328,13024.4,0.02,0.94,0.0632,2480.2
2291,54.08,-0.473,13039.4,0.0185,0.94,0.0585,2480.2
2292,51.78,-0.789,13053.8,0.0185,0.94,0.0585,2480.3
2293,48.4,-1.327,13067.2,0.0178,0.94,0.0563,2480.3
2294,42.22,-1.918,13079.0,0.0293,0.9401,0.0924,2480.4
2295,34.59,-2.339,13088.6,0.0254,0.9401,0.0804,2480.5
2296,25.38,-1.985,13095.6,0.0225,0.9401,0.0712,2480.6
2297,20.3,-1.08,13101.3,0.0265,0.9401,0.0839,2480.7
2298,17.61,-1.122,13106.1,0.0206,0.9402,0.0651,2480.7
2299,12.22,-1.605,13109.5,0.1035,0.9403,0.327,2481.1
2300,6.05,-0.221,13111.2,0.0855,0.9404,0.2701,2481.3
2301,10.63,1.238,13114.2,0.5903,0.9411,1.8653,2483.2
2302,14.96,1.085,13118.3,0.7117,0.942,2.249,2485.4
2303,18.44,1.051,13123.4,0.8673,0.943,2.7406,2488.2
2304,22.53,1.209,13129.7,1.164,0.9444,3.6783,2491.9
2305,27.14,0.821,13137.2,1.0146,0.9456,3.2061,2495.1
2306,28.44,0.257,13145.1,0.5155,0.9462,1.629,2496.7
2307,28.99,0.307,13153.2,0.5727,0.9469,1.8096,2498.5
2308,30.65,0.403,13161.7,0.7186,0.9478,2.2708,2500.8
2309,31.89,0.093,13170.6,0.4055,0.9483,1.2815,2502.1
2310,31.32,-0.519,13179.3,0.0254,0.9483,0.0804,2502.1
2311,28.15,-1.351,13187.1,0.0225,0.9483,0.0712,2502.2
2312,21.59,-1.603,13193.1,0.0265,0.9483,0.0839,2502.3
2313,16.61,-1.241,13197.7,0.0206,0.9484,0.0651,2502.4
2314,12.66,-0.376,13201.2,0.1035,0.9485,0.327,2502.7
2315,13.9,0.513,13205.1,0.3972,0.949,1.2553,2503.9
2316,16.35,0.967,13209.6,0.7369,0.9498,2.3285,2506.3
2317,20.86,1.017,13215.4,0.9799,0.951,3.0963,2509.4
2318,23.67,0.242,13222.0,0.4647,0.9516,1.4683,2510.8
2319,22.6,-0.574,13228.3,0.0265,0.9516,0.0839,2510.9
2320,19.54,-1.2,13233.7,0.0206,0.9516,0.0651,2511.0
2321,13.96,-1.152,13237.6,0.1035,0.9518,0.327,2511.3
2322,11.25,-0.538,13240.7,0.1035,0.9519,0.327,2511.6
2323,10.09,-0.027,13243.5,0.1303,0.952,0.4117,2512.1
2324,11.05,0.279,13246.6,0.2483,0.9523,0.7846,2512.8
2325,12.09,0.225,13249.9,0.2399,0.9526,0.758,2513.6
2326,12.67,0.126,13253.5,0.2038,0.9529,0.6439,2514.2
2327,13.0,0.046,13257.1,0.171,0.9531,0.5404,2514.8
2328,13.0,-0.055,13260.7,0.1262,0.9532,0.3989,2515.2
2329,12.6,-0.136,13264.2,0.1035,0.9533,0.327,2515.5
2330,12.02,0.214,13267.5,0.2346,0.9536,0.7412,2516.2
2331,14.14,0.552,13271.4,0.4212,0.9541,1.3309,2517.6
2332,16.0,0.258,13275.9,0.3371,0.9545,1.0653,2518.6
2333,16.0,0.131,13280.3,0.2678,0.9549,0.8464,2519.5
2334,16.94,0.441,13285.0,0.4549,0.9554,1.4376,2520.9
2335,19.17,0.326,13290.4,0.4227,0.9559,1.3356,2522.3
2336,19.29,-0.142,13295.7,0.1374,0.9561,0.4342,2522.7
2337,18.15,-0.111,13300.8,0.1374,0.9562,0.4342,2523.1
2338,18.49,0.125,13305.9,0.2855,0.9566,0.9022,2524.0
2339,19.05,0.157,13311.2,0.311,0.957,0.9829,2525.0
2340,19.62,0.256,13316.6,0.3828,0.9574,1.2096,2526.2
2341,20.89,0.57,13322.4,0.6626,0.9582,2.094,2528.3
2342,23.72,0.57,13329.0,0.7306,0.9591,2.3086,2530.6
2343,25.0,0.178,13336.0,0.4007,0.9596,1.2663,2531.9
2344,25.0,-0.49,13342.9,0.0225,0.9596,0.0712,2532.0
2345,21.47,-1.11,13348.9,0.0265,0.9596,0.0839,2532.0
2346,17.01,-0.861,13353.6,0.0206,0.9596,0.0651,2532.1
2347,15.27,-0.501,13357.9,0.0206,0.9597,0.0651,2532.2
2348,13.4,-0.578,13361.6,0.1035,0.9598,0.327,2532.5
2349,11.11,-0.513,13364.7,0.1035,0.9599,0.327,2532.8
2350,9.7,-0.276,13367.4,0.0855,0.96,0.2701,2533.1
2351,9.12,-0.402,13369.9,0.0855,0.9601,0.2701,2533.4
2352,6.81,-0.71,13371.8,0.0855,0.9602,0.2701,2533.6
2353,4.01,-0.545,13372.9,0.0716,0.9603,0.2262,2533.9
2354,2.89,-0.313,13373.7,0.0716,0.9604,0.2262,2534.1
2355,1.76,-0.32,13374.2,0.0716,0.9605,0.2262,2534.3
2356,0.59,0.114,13374.4,0.1276,0.9606,0.4031,2534.7
2357,2.58,0.994,13375.1,0.1681,0.9608,0.5311,2535.3
2358,7.75,1.433,13377.2,0.4916,0.9614,1.5535,2536.8
2359,12.9,1.418,13380.8,0.7739,0.9623,2.4456,2539.3
2360,17.96,0.143,13385.8,0.292,0.9627,0.9228,2540.2
2361,13.93,-1.119,13389.7,0.1035,0.9628,0.327,2540.5
2362,9.9,-1.123,13392.4,0.0855,0.9629,0.2701,2540.8
2363,5.85,-0.999,13394.0,0.0855,0.963,0.2701,2541.0
2364,2.7,-0.767,13394.8,0.0716,0.9631,0.2262,2541.3
2365,0.32,-0.376,13394.9,0.1276,0.9633,0.4031,2541.7
2366,0.0,-0.045,13394.9,0.1276,0.9634,0.4031,2542.1
2367,0.0,0.0,13394.9,0.1276,0.9636,0.4031,2542.5
2368,0.0,0.0,13394.9,0.1276,0.9637,0.4031,2542.9
2369,0.0,0.0,13394.9,0.1276,0.9639,0.4031,2543.3
2370,0.0,0.0,13394.9,0.1276,0.964,0.4031,2543.7
2371,0.0,0.0,13394.9,0.1276,0.9642,0.4031,2544.1
2372,0.0,0.0,13394.9,0.1276,0.9643,0.4031,2544.5
2373,0.0,0.0,13394.9,0.1276,0.9645,0.4031,2544.9
2374,0.0,0.0,13394.9,0.1276,0.9646,0.4031,2545.3
2375,0.0,0.0,13394.9,0.1276,0.9648,0.4031,2545.7
2376,0.0,0.0,13394.9,0.1276,0.9649,0.4031,2546.1
2377,0.0,0.0,13394.9,0.1276,0.9651,0.4031,2546.5
