ruta,fereastra_orara,timestamp_local,segment,t_rel_s,v_kmh,a_ms2,dist_cum_m,rpm,maf_g_s,sarcina_motor_pct,CO2_g_s_benzina,CO2_g_s_diesel,stationare,clasa_RDE,strada,tip_drum_OSM,dist_map_match_m
RUTA_A,11-13,2026-04-02 11:47:57,11:47,0,0.0,0.0,0.0,795.0,2.48,2.4,0.5348,0.5405,1,urban,Bulevardul Mamaia,secondary,8.7
RUTA_A,11-13,2026-04-02 11:47:58,11:47,1,0.0,0.0,0.0,786.0,2.48,2.4,0.5348,0.5405,1,urban,Bulevardul Mamaia,secondary,8.7
RUTA_A,11-13,2026-04-02 11:47:59,11:47,2,0.0,0.0,0.0,792.0,2.532,2.6,0.546,0.5518,1,urban,Bulevardul Mamaia,secondary,8.7
RUTA_A,11-13,2026-04-02 11:48:00,11:47,3,0.0,0.0,0.0,794.0,2.551,2.8,0.5502,0.556,1,urban,Bulevardul Mamaia,secondary,8.7
RUTA_A,11-13,2026-04-02 11:48:01,11:47,4,0.0,0.0,0.0,792.0,2.535,2.8,0.5466,0.5524,1,urban,Bulevardul Mamaia,secondary,8.7
RUTA_A,11-13,2026-04-02 11:48:02,11:47,5,0.0,0.0,0.0,792.0,2.534,2.8,0.5465,0.5523,1,urban,Bulevardul Mamaia,secondary,8.7
RUTA_A,11-13,2026-04-02 11:48:03,11:47,6,0.0,0.0,0.0,793.0,2.54,2.8,0.5477,0.5535,1,urban,Strada Ștefan Mihăileanu,secondary,8.7
RUTA_A,11-13,2026-04-02 11:48:04,11:47,7,0.0,0.0,0.0,792.0,2.546,2.8,0.549,0.5548,1,urban,Strada Ștefan Mihăileanu,residential,26.3
RUTA_A,11-13,2026-04-02 11:48:05,11:47,8,0.0,0.0,0.0,792.0,2.54,2.8,0.5478,0.5536,1,urban,Strada Ștefan Mihăileanu,residential,10.3
RUTA_A,11-13,2026-04-02 11:48:06,11:47,9,0.0,0.0,0.0,795.0,2.506,2.8,0.5404,0.5461,1,urban,Strada Ștefan Mihăileanu,residential,13.0
RUTA_A,11-13,2026-04-02 11:48:07,11:47,10,0.0,0.0,0.0,794.0,2.5,2.8,0.5391,0.5448,1,urban,Strada Ștefan Mihăileanu,residential,14.2
RUTA_A,11-13,2026-04-02 11:48:08,11:47,11,0.0,0.0,0.0,789.0,2.518,2.8,0.543,0.5488,1,urban,Strada Ștefan Mihăileanu,residential,13.8
RUTA_A,11-13,2026-04-02 11:48:09,11:47,12,0.0,0.016,0.0,789.0,2.515,2.8,0.5423,0.5481,1,urban,Strada Ștefan Mihăileanu,residential,11.5
RUTA_A,11-13,2026-04-02 11:48:10,11:47,13,0.11,0.174,0.0,855.0,2.902,3.0,0.6257,0.6323,1,urban,Strada Ștefan Mihăileanu,residential,14.3
RUTA_A,11-13,2026-04-02 11:48:11,11:47,14,1.25,0.483,0.4,1500.0,6.779,5.9,1.4618,1.4773,0,urban,Strada Ștefan Mihăileanu,residential,13.1
RUTA_A,11-13,2026-04-02 11:48:12,11:47,15,3.59,0.972,1.4,1760.0,8.195,7.8,1.7671,1.7859,0,urban,Strada Ștefan Mihăileanu,residential,13.0
RUTA_A,11-13,2026-04-02 11:48:13,11:47,16,8.25,1.086,3.7,1276.0,4.875,7.8,1.0513,1.0624,0,urban,Strada Ștefan Mihăileanu,residential,13.8
RUTA_A,11-13,2026-04-02 11:48:14,11:47,17,11.41,0.754,6.8,1316.0,5.261,7.1,1.1344,1.1464,0,urban,Strada Ștefan Mihăileanu,residential,16.1
RUTA_A,11-13,2026-04-02 11:48:15,11:47,18,13.68,0.292,10.6,1670.0,7.87,6.0,1.697,1.715,0,urban,Strada Ștefan Mihăileanu,residential,19.5
RUTA_A,11-13,2026-04-02 11:48:16,11:47,19,13.52,-0.117,14.4,1425.0,5.702,4.4,1.2295,1.2425,0,urban,Strada Țepeș Vodă,residential,17.1
RUTA_A,11-13,2026-04-02 11:48:17,11:47,20,12.84,-0.415,18.0,1096.0,2.929,2.7,0.6315,0.6382,0,urban,Strada Țepeș Vodă,residential,15.4
RUTA_A,11-13,2026-04-02 11:48:18,11:47,21,10.53,-0.67,20.9,969.0,2.623,2.5,0.5657,0.5717,0,urban,Strada Țepeș Vodă,residential,15.8
RUTA_A,11-13,2026-04-02 11:48:19,11:47,22,8.01,-0.76,23.1,874.0,2.428,2.4,0.5236,0.5291,0,urban,Strada Țepeș Vodă,residential,13.0
RUTA_A,11-13,2026-04-02 11:48:20,11:47,23,5.06,-0.744,24.5,845.0,2.451,2.4,0.5287,0.5343,0,urban,Strada Țepeș Vodă,residential,11.0
RUTA_A,11-13,2026-04-02 11:48:21,11:47,24,2.66,-0.624,25.3,822.0,2.463,2.5,0.5312,0.5368,0,urban,Strada Țepeș Vodă,residential,8.4
RUTA_A,11-13,2026-04-02 11:48:22,11:47,25,0.57,-0.369,25.4,802.0,2.469,2.7,0.5323,0.538,1,urban,Strada Țepeș Vodă,residential,6.2
RUTA_A,11-13,2026-04-02 11:48:23,11:47,26,0.0,-0.079,25.4,793.0,2.449,2.6,0.5282,0.5338,1,urban,Strada Țepeș Vodă,residential,5.1
RUTA_A,11-13,2026-04-02 11:48:24,11:47,27,0.0,0.0,25.4,788.0,2.421,2.4,0.522,0.5276,1,urban,Strada Țepeș Vodă,residential,4.3
RUTA_A,11-13,2026-04-02 11:48:25,11:47,28,0.0,0.0,25.4,787.0,2.415,2.4,0.5207,0.5262,1,urban,Strada Țepeș Vodă,residential,4.2
RUTA_A,11-13,2026-04-02 11:48:26,11:47,29,0.0,0.0,25.4,840.0,2.744,2.5,0.5918,0.5981,1,urban,Strada Țepeș Vodă,residential,4.1
RUTA_A,11-13,2026-04-02 11:48:27,11:47,30,0.0,0.0,25.4,1130.0,4.542,3.2,0.9795,0.9899,1,urban,Strada Țepeș Vodă,residential,4.1
RUTA_A,11-13,2026-04-02 11:48:28,11:47,31,0.0,0.0,25.4,1204.0,4.781,3.3,1.031,1.0419,1,urban,Strada Țepeș Vodă,residential,4.2
RUTA_A,11-13,2026-04-02 11:48:29,11:47,32,0.0,0.0,25.4,1008.0,3.075,2.8,0.663,0.6701,1,urban,Strada Țepeș Vodă,residential,4.3
RUTA_A,11-13,2026-04-02 11:48:30,11:47,33,0.0,0.0,25.4,917.0,2.582,2.6,0.5569,0.5628,1,urban,Strada Țepeș Vodă,residential,4.6
RUTA_A,11-13,2026-04-02 11:48:31,11:47,34,0.0,0.0,25.4,857.0,2.418,2.4,0.5214,0.5269,1,urban,Strada Țepeș Vodă,residential,4.9
RUTA_A,11-13,2026-04-02 11:48:32,11:47,35,0.0,0.0,25.4,825.0,2.4,2.4,0.5176,0.5231,1,urban,Strada Țepeș Vodă,residential,5.1
RUTA_A,11-13,2026-04-02 11:48:33,11:47,36,0.0,0.0,25.4,894.0,2.691,2.5,0.5803,0.5865,1,urban,Strada Țepeș Vodă,residential,5.3
RUTA_A,11-13,2026-04-02 11:48:34,11:47,37,0.0,0.0,25.4,1106.0,3.423,3.0,0.7383,0.7461,1,urban,Strada Țepeș Vodă,residential,5.6
RUTA_A,11-13,2026-04-02 11:48:35,11:47,38,0.0,0.0,25.4,1189.0,3.917,4.3,0.8446,0.8535,1,urban,Strada Țepeș Vodă,residential,6.0
RUTA_A,11-13,2026-04-02 11:48:36,11:47,39,0.0,0.322,25.4,1211.0,4.295,6.0,0.9263,0.9361,1,urban,Strada Țepeș Vodă,residential,6.4
RUTA_A,11-13,2026-04-02 11:48:37,11:47,40,2.32,0.698,26.1,1508.0,6.553,8.5,1.413,1.428,0,urban,Strada Țepeș Vodă,residential,6.7
RUTA_A,11-13,2026-04-02 11:48:38,11:47,41,5.03,0.767,27.5,1845.0,9.07,10.9,1.9559,1.9766,0,urban,Strada Țepeș Vodă,residential,7.0
RUTA_A,11-13,2026-04-02 11:48:39,11:47,42,7.84,0.633,29.6,1644.0,6.063,6.5,1.3075,1.3214,0,urban,Strada Țepeș Vodă,residential,9.8
RUTA_A,11-13,2026-04-02 11:48:40,11:47,43,9.58,-0.006,32.3,1434.0,3.624,3.4,0.7815,0.7898,0,urban,Strada Țepeș Vodă,residential,8.7
RUTA_A,11-13,2026-04-02 11:48:41,11:47,44,7.8,-0.227,34.5,1193.0,3.042,4.3,0.6561,0.663,0,urban,Strada Țepeș Vodă,residential,5.7
RUTA_A,11-13,2026-04-02 11:48:42,11:47,45,7.95,0.259,36.7,1134.0,2.903,4.2,0.626,0.6326,0,urban,Strada Țepeș Vodă,residential,3.2
RUTA_A,11-13,2026-04-02 11:48:43,11:47,46,9.67,0.221,39.4,1225.0,3.127,3.3,0.6743,0.6815,0,urban,Strada Țepeș Vodă,residential,1.4
RUTA_A,11-13,2026-04-02 11:48:44,11:47,47,9.53,-0.087,42.0,1131.0,2.928,3.0,0.6313,0.638,0,urban,Strada Țepeș Vodă,residential,2.1
RUTA_A,11-13,2026-04-02 11:48:45,11:47,48,9.04,0.009,44.5,1003.0,2.696,2.9,0.5814,0.5875,0,urban,Strada Țepeș Vodă,residential,5.4
RUTA_A,11-13,2026-04-02 11:48:46,11:47,49,9.6,0.067,47.2,1009.0,3.307,4.9,0.7132,0.7208,0,urban,Strada Țepeș Vodă,residential,6.9
RUTA_A,11-13,2026-04-02 11:48:47,11:47,50,9.52,-0.25,49.8,1045.0,3.624,5.7,0.7816,0.7899,0,urban,Strada Țepeș Vodă,residential,9.3
RUTA_A,11-13,2026-04-02 11:48:48,11:47,51,7.79,-0.597,52.0,1161.0,3.169,3.7,0.6835,0.6907,0,urban,Strada Țepeș Vodă,residential,7.0
RUTA_A,11-13,2026-04-02 11:48:49,11:47,52,5.23,-0.813,53.4,1128.0,2.854,2.8,0.6154,0.6219,0,urban,Strada Țepeș Vodă,residential,4.7
RUTA_A,11-13,2026-04-02 11:48:50,11:47,53,1.94,-0.642,54.0,967.0,2.656,2.8,0.5728,0.5789,0,urban,Strada Țepeș Vodă,residential,4.7
RUTA_A,11-13,2026-04-02 11:48:51,11:47,54,0.6,-0.263,54.2,890.0,2.568,2.8,0.5538,0.5597,1,urban,Strada Țepeș Vodă,residential,4.7
RUTA_A,11-13,2026-04-02 11:48:52,11:47,55,0.04,-0.084,54.2,845.0,2.524,2.8,0.5442,0.55,1,urban,Strada Țepeș Vodă,residential,4.7
RUTA_A,11-13,2026-04-02 11:48:53,11:47,56,0.0,-0.006,54.2,821.0,2.504,2.5,0.5399,0.5457,1,urban,Strada Țepeș Vodă,residential,4.7
RUTA_A,11-13,2026-04-02 11:48:54,11:47,57,0.0,0.0,54.2,804.0,2.495,2.4,0.538,0.5437,1,urban,Strada Țepeș Vodă,residential,4.7
RUTA_A,11-13,2026-04-02 11:48:55,11:47,58,0.0,0.0,54.2,802.0,2.517,2.6,0.5428,0.5485,1,urban,Strada Țepeș Vodă,residential,4.7
RUTA_A,11-13,2026-04-02 11:48:56,11:47,59,0.0,0.0,54.2,826.0,2.661,3.8,0.5739,0.5799,1,urban,Strada Țepeș Vodă,residential,4.8
RUTA_A,11-13,2026-04-02 11:48:57,11:47,60,0.0,0.133,54.2,889.0,2.981,6.4,0.6428,0.6496,1,urban,Strada Țepeș Vodă,residential,5.5
RUTA_A,11-13,2026-04-02 11:48:58,11:47,61,0.96,0.437,54.4,965.0,3.206,6.7,0.6913,0.6986,1,urban,Strada Țepeș Vodă,residential,5.7
RUTA_A,11-13,2026-04-02 11:48:59,11:47,62,3.14,0.516,55.3,1058.0,3.309,4.1,0.7136,0.7212,0,urban,Strada Țepeș Vodă,residential,4.8
RUTA_A,11-13,2026-04-02 11:49:00,11:47,63,4.68,0.367,56.6,1234.0,5.014,4.9,1.0813,1.0928,0,urban,Strada Țepeș Vodă,residential,4.1
RUTA_A,11-13,2026-04-02 11:49:01,11:47,64,5.79,0.426,58.2,1463.0,7.752,7.7,1.6716,1.6893,0,urban,Strada Țepeș Vodă,residential,3.4
RUTA_A,11-13,2026-04-02 11:49:02,11:47,65,7.74,0.572,60.4,1432.0,6.212,6.0,1.3397,1.3539,0,urban,Strada Țepeș Vodă,residential,1.5
RUTA_A,11-13,2026-04-02 11:49:03,11:47,66,9.91,0.313,63.1,1337.0,3.65,3.3,0.7871,0.7955,0,urban,Strada Țepeș Vodă,residential,0.8
RUTA_A,11-13,2026-04-02 11:49:04,11:47,67,10.0,-0.17,65.9,1140.0,3.014,2.9,0.65,0.6569,0,urban,Strada Țepeș Vodă,residential,3.5
RUTA_A,11-13,2026-04-02 11:49:05,11:47,68,8.69,-0.754,68.3,977.0,2.587,2.7,0.558,0.5639,0,urban,Strada Țepeș Vodă,residential,5.8
RUTA_A,11-13,2026-04-02 11:49:06,11:47,69,4.57,-0.942,69.6,897.0,2.423,2.4,0.5225,0.528,0,urban,Strada Țepeș Vodă,residential,6.8
RUTA_A,11-13,2026-04-02 11:49:07,11:47,70,1.91,-0.615,70.1,847.0,2.436,2.5,0.5254,0.531,0,urban,Strada Țepeș Vodă,residential,7.2
RUTA_A,11-13,2026-04-02 11:49:08,11:47,71,0.14,-0.265,70.1,816.0,2.56,2.7,0.5521,0.5579,1,urban,Strada Țepeș Vodă,residential,7.2
RUTA_A,11-13,2026-04-02 11:49:09,11:47,72,0.0,-0.02,70.1,802.0,2.506,2.8,0.5404,0.5461,1,urban,Strada Țepeș Vodă,residential,8.3
RUTA_A,11-13,2026-04-02 11:49:10,11:47,73,0.0,0.0,70.1,791.0,2.458,2.8,0.53,0.5357,1,urban,Strada Țepeș Vodă,residential,9.3
RUTA_A,11-13,2026-04-02 11:49:11,11:47,74,0.0,0.0,70.1,789.0,2.498,2.8,0.5386,0.5443,1,urban,Strada Țepeș Vodă,residential,9.6
RUTA_A,11-13,2026-04-02 11:49:12,11:47,75,0.0,0.0,70.1,788.0,2.51,2.8,0.5414,0.5471,1,urban,Strada Țepeș Vodă,residential,9.7
RUTA_A,11-13,2026-04-02 11:49:13,11:47,76,0.0,0.0,70.1,787.0,2.489,2.8,0.5367,0.5424,1,urban,Strada Țepeș Vodă,residential,9.8
RUTA_A,11-13,2026-04-02 11:49:14,11:47,77,0.0,0.0,70.1,789.0,2.497,2.6,0.5384,0.5441,1,urban,Strada Țepeș Vodă,residential,9.9
RUTA_A,11-13,2026-04-02 11:49:15,11:47,78,0.0,0.0,70.1,794.0,2.525,2.4,0.5445,0.5502,1,urban,Strada Țepeș Vodă,residential,10.0
RUTA_A,11-13,2026-04-02 11:49:16,11:47,79,0.0,0.0,70.1,789.0,2.495,2.5,0.5381,0.5438,1,urban,Strada Țepeș Vodă,residential,10.0
RUTA_A,11-13,2026-04-02 11:49:17,11:47,80,0.0,0.0,70.1,783.0,2.462,2.8,0.5309,0.5365,1,urban,Strada Țepeș Vodă,residential,10.0
RUTA_A,11-13,2026-04-02 11:49:18,11:47,81,0.0,0.0,70.1,786.0,2.473,2.8,0.5334,0.539,1,urban,Strada Țepeș Vodă,residential,10.0
RUTA_A,11-13,2026-04-02 11:49:19,11:47,82,0.0,0.0,70.1,930.0,3.614,3.3,0.7793,0.7875,1,urban,Strada Țepeș Vodă,residential,10.0
RUTA_A,11-13,2026-04-02 11:49:20,11:47,83,0.0,0.094,70.1,1268.0,6.3,4.6,1.3585,1.3729,1,urban,Strada Țepeș Vodă,residential,10.0
RUTA_A,11-13,2026-04-02 11:49:21,11:47,84,0.68,0.248,70.3,1276.0,5.811,6.6,1.2532,1.2665,1,urban,Strada Țepeș Vodă,residential,10.4
RUTA_A,11-13,2026-04-02 11:49:22,11:47,85,1.79,0.501,70.8,1074.0,3.285,9.0,0.7084,0.7159,0,urban,Strada Țepeș Vodă,residential,10.7
RUTA_A,11-13,2026-04-02 11:49:23,11:47,86,4.28,0.733,72.0,993.0,4.458,8.3,0.9614,0.9715,0,urban,Strada Țepeș Vodă,residential,9.7
RUTA_A,11-13,2026-04-02 11:49:24,11:47,87,7.07,0.621,74.0,951.0,6.414,7.1,1.3831,1.3977,0,urban,Strada Țepeș Vodă,residential,8.6
RUTA_A,11-13,2026-04-02 11:49:25,11:47,88,8.76,0.428,76.4,1161.0,5.991,7.5,1.292,1.3057,0,urban,Strada Țepeș Vodă,residential,6.4
RUTA_A,11-13,2026-04-02 11:49:26,11:47,89,10.15,0.273,79.2,1299.0,5.248,7.1,1.1317,1.1437,0,urban,Strada Țepeș Vodă,residential,4.0
RUTA_A,11-13,2026-04-02 11:49:27,11:47,90,10.72,0.118,82.2,1238.0,3.605,4.2,0.7774,0.7856,0,urban,Strada Țepeș Vodă,residential,0.7
RUTA_A,11-13,2026-04-02 11:49:28,11:47,91,11.0,0.039,85.3,1128.0,2.702,2.6,0.5827,0.5888,0,urban,Strada Țepeș Vodă,residential,2.0
RUTA_A,11-13,2026-04-02 11:49:29,11:47,92,11.0,-0.184,88.3,972.0,2.51,2.4,0.5412,0.5469,0,urban,Strada Țepeș Vodă,residential,3.8
RUTA_A,11-13,2026-04-02 11:49:30,11:47,93,9.68,-0.421,91.0,896.0,2.442,2.4,0.5267,0.5323,0,urban,Strada Țepeș Vodă,residential,7.1
RUTA_A,11-13,2026-04-02 11:49:31,11:47,94,7.97,-0.316,93.2,850.0,2.422,2.4,0.5222,0.5278,0,urban,Strada Țepeș Vodă,residential,10.6
RUTA_A,11-13,2026-04-02 11:49:32,11:47,95,7.4,-0.156,95.3,831.0,2.45,2.4,0.5283,0.5339,0,urban,Strada Țepeș Vodă,residential,7.8
RUTA_A,11-13,2026-04-02 11:49:33,11:47,96,6.84,-0.156,97.2,810.0,2.453,2.4,0.5289,0.5345,0,urban,Strada Țepeș Vodă,residential,5.1
RUTA_A,11-13,2026-04-02 11:49:34,11:47,97,6.28,-0.156,98.9,787.0,2.391,2.4,0.5156,0.5211,0,urban,Strada Țepeș Vodă,residential,2.8
RUTA_A,11-13,2026-04-02 11:49:35,11:47,98,5.72,-0.155,100.5,780.0,2.388,2.4,0.5149,0.5204,0,urban,Strada Țepeș Vodă,residential,1.4
RUTA_A,11-13,2026-04-02 11:49:36,11:47,99,5.16,-0.214,101.9,790.0,2.444,2.4,0.527,0.5326,0,urban,Strada Țepeș Vodă,residential,1.0
RUTA_A,11-13,2026-04-02 11:49:37,11:47,100,4.18,-0.295,103.1,790.0,2.444,2.4,0.527,0.5326,0,urban,Strada Țepeș Vodă,residential,1.7
RUTA_A,11-13,2026-04-02 11:49:38,11:47,101,3.03,-0.375,104.0,787.0,2.421,2.4,0.522,0.5275,0,urban,Strada Țepeș Vodă,residential,2.9
RUTA_A,11-13,2026-04-02 11:49:39,11:47,102,1.48,-0.421,104.4,792.0,2.41,2.4,0.5197,0.5252,0,urban,Strada Țepeș Vodă,residential,3.3
RUTA_A,11-13,2026-04-02 11:49:40,11:47,103,0.0,-0.206,104.4,796.0,2.401,2.4,0.5178,0.5232,1,urban,Strada Țepeș Vodă,residential,3.8
RUTA_A,11-13,2026-04-02 11:49:41,11:47,104,0.0,0.0,104.4,796.0,2.419,2.4,0.5216,0.5272,1,urban,Strada Țepeș Vodă,residential,3.7
RUTA_A,11-13,2026-04-02 11:49:42,11:47,105,0.0,0.0,104.4,792.0,2.414,2.4,0.5206,0.5261,1,urban,Strada Țepeș Vodă,residential,3.9
RUTA_A,11-13,2026-04-02 11:49:43,11:47,106,0.0,0.0,104.4,784.0,2.373,2.4,0.5117,0.5172,1,urban,Strada Țepeș Vodă,residential,4.1
RUTA_A,11-13,2026-04-02 11:49:44,11:47,107,0.0,0.0,104.4,783.0,2.363,2.4,0.5096,0.515,1,urban,Strada Țepeș Vodă,residential,4.2
RUTA_A,11-13,2026-04-02 11:49:45,11:47,108,0.0,0.0,104.4,786.0,2.367,2.4,0.5105,0.5159,1,urban,Strada Țepeș Vodă,residential,4.2
RUTA_A,11-13,2026-04-02 11:49:46,11:47,109,0.0,0.0,104.4,788.0,2.369,2.4,0.5108,0.5162,1,urban,Strada Țepeș Vodă,residential,4.2
RUTA_A,11-13,2026-04-02 11:49:47,11:47,110,0.0,0.0,104.4,788.0,2.365,2.4,0.51,0.5154,1,urban,Strada Țepeș Vodă,residential,4.2
RUTA_A,11-13,2026-04-02 11:49:48,11:47,111,0.0,0.0,104.4,787.0,2.362,2.4,0.5093,0.5147,1,urban,Strada Țepeș Vodă,residential,4.2
RUTA_A,11-13,2026-04-02 11:49:49,11:47,112,0.0,0.0,104.4,786.0,2.358,2.4,0.5085,0.5139,1,urban,Strada Țepeș Vodă,residential,4.2
RUTA_A,11-13,2026-04-02 11:49:50,11:47,113,0.0,0.0,104.4,784.0,2.354,2.4,0.5076,0.513,1,urban,Strada Țepeș Vodă,residential,4.2
RUTA_A,11-13,2026-04-02 11:49:51,11:47,114,0.0,0.0,104.4,781.0,2.35,2.4,0.5067,0.5121,1,urban,Strada Țepeș Vodă,residential,4.2
RUTA_A,11-13,2026-04-02 11:49:52,11:47,115,0.0,0.0,104.4,782.0,2.338,2.4,0.5042,0.5095,1,urban,Strada Țepeș Vodă,residential,4.2
RUTA_A,11-13,2026-04-02 11:49:53,11:47,116,0.0,0.0,104.4,783.0,2.326,2.4,0.5016,0.507,1,urban,Strada Țepeș Vodă,residential,4.2
RUTA_A,11-13,2026-04-02 11:49:54,11:47,117,0.0,0.0,104.4,789.0,2.355,2.5,0.5079,0.5133,1,urban,Strada Țepeș Vodă,residential,4.2
RUTA_A,11-13,2026-04-02 11:49:55,11:47,118,0.0,0.0,104.4,798.0,2.431,3.0,0.5242,0.5298,1,urban,Strada Țepeș Vodă,residential,4.2
RUTA_A,11-13,2026-04-02 11:49:56,11:47,119,0.0,0.143,104.4,808.0,2.507,3.4,0.5406,0.5463,1,urban,Strada Țepeș Vodă,residential,4.2
RUTA_A,11-13,2026-04-02 11:49:57,11:47,120,1.03,0.349,104.6,915.0,3.748,5.4,0.8083,0.8169,0,urban,Strada Țepeș Vodă,residential,4.8
RUTA_A,11-13,2026-04-02 11:49:58,11:47,121,2.51,0.651,105.3,1065.0,5.509,8.1,1.188,1.2006,0,urban,Strada Țepeș Vodă,residential,5.9
RUTA_A,11-13,2026-04-02 11:49:59,11:47,122,5.71,1.007,106.9,1156.0,6.222,8.1,1.3417,1.3559,0,urban,Strada Țepeș Vodă,residential,7.5
RUTA_A,11-13,2026-04-02 11:50:00,11:47,123,9.76,0.596,109.6,1219.0,6.418,6.8,1.3841,1.3987,0,urban,Strada Țepeș Vodă,residential,9.3
RUTA_A,11-13,2026-04-02 11:50:01,11:47,124,10.0,0.005,112.4,1216.0,4.485,4.6,0.9671,0.9773,0,urban,Strada Țepeș Vodă,residential,9.1
RUTA_A,11-13,2026-04-02 11:50:02,11:47,125,9.79,-0.183,115.1,1183.0,2.761,2.7,0.5953,0.6016,0,urban,Strada Țepeș Vodă,residential,6.0
RUTA_A,11-13,2026-04-02 11:50:03,11:47,126,8.68,-0.249,117.6,1033.0,2.549,2.5,0.5497,0.5555,0,urban,Strada Țepeș Vodă,residential,3.0
RUTA_A,11-13,2026-04-02 11:50:04,11:47,127,8.0,-0.094,119.8,912.0,2.404,2.4,0.5183,0.5238,0,urban,Strada Țepeș Vodă,residential,0.6
RUTA_A,11-13,2026-04-02 11:50:05,11:47,128,8.0,0.0,122.0,836.0,2.362,2.4,0.5093,0.5147,0,urban,Strada Țepeș Vodă,residential,0.9
RUTA_A,11-13,2026-04-02 11:50:06,11:47,129,8.0,0.0,124.2,809.0,2.342,2.4,0.5051,0.5104,0,urban,Strada Țepeș Vodă,residential,3.2
RUTA_A,11-13,2026-04-02 11:50:07,11:47,130,8.0,-0.069,126.4,803.0,2.331,2.4,0.5027,0.5081,0,urban,Strada Țepeș Vodă,residential,5.8
RUTA_A,11-13,2026-04-02 11:50:08,11:47,131,7.5,-0.177,128.5,793.0,2.335,2.4,0.5035,0.5089,0,urban,Strada Țepeș Vodă,residential,8.4
RUTA_A,11-13,2026-04-02 11:50:09,11:47,132,6.72,-0.434,130.4,783.0,2.339,2.4,0.5045,0.5098,0,urban,Strada Țepeș Vodă,residential,10.5
RUTA_A,11-13,2026-04-02 11:50:10,11:47,133,4.37,-0.581,131.6,777.0,2.333,2.4,0.5032,0.5085,0,urban,Strada Țepeș Vodă,residential,8.7
RUTA_A,11-13,2026-04-02 11:50:11,11:47,134,2.54,-0.407,132.3,776.0,2.351,2.4,0.5069,0.5123,0,urban,Strada Țepeș Vodă,residential,7.5
RUTA_A,11-13,2026-04-02 11:50:12,11:47,135,1.44,-0.259,132.7,782.0,2.4,2.4,0.5176,0.5231,0,urban,Strada Țepeș Vodă,residential,7.1
RUTA_A,11-13,2026-04-02 11:50:13,11:47,136,0.68,-0.181,132.9,785.0,2.414,2.4,0.5205,0.526,1,urban,Strada Țepeș Vodă,residential,6.9
RUTA_A,11-13,2026-04-02 11:50:14,11:47,137,0.14,-0.094,132.9,786.0,2.403,2.4,0.5181,0.5236,1,urban,Strada Țepeș Vodă,residential,6.8
RUTA_A,11-13,2026-04-02 11:50:15,11:47,138,0.0,-0.019,132.9,788.0,2.396,2.4,0.5167,0.5221,1,urban,Strada Țepeș Vodă,residential,6.6
RUTA_A,11-13,2026-04-02 11:50:16,11:47,139,0.0,0.0,132.9,790.0,2.39,2.4,0.5155,0.5209,1,urban,Strada Țepeș Vodă,residential,6.5
RUTA_A,11-13,2026-04-02 11:50:17,11:47,140,0.0,0.024,132.9,1205.0,5.481,5.8,1.182,1.1945,1,urban,Strada Țepeș Vodă,residential,6.5
RUTA_A,11-13,2026-04-02 11:50:18,11:47,141,0.17,0.103,133.0,1479.0,7.406,8.2,1.5971,1.6141,1,urban,Strada Țepeș Vodă,residential,6.5
RUTA_A,11-13,2026-04-02 11:50:19,11:47,142,0.74,0.196,133.2,1390.0,6.391,8.2,1.3782,1.3928,1,urban,Strada Țepeș Vodă,residential,6.0
RUTA_A,11-13,2026-04-02 11:50:20,11:47,143,1.59,0.271,133.6,1271.0,5.039,6.6,1.0867,1.0982,0,urban,Strada Țepeș Vodă,residential,5.6
RUTA_A,11-13,2026-04-02 11:50:21,11:47,144,2.69,0.136,134.4,1126.0,3.397,3.6,0.7325,0.7402,0,urban,Strada Țepeș Vodă,residential,5.1
RUTA_A,11-13,2026-04-02 11:50:22,11:47,145,2.57,-0.106,135.1,1012.0,2.721,2.6,0.5869,0.5931,0,urban,Strada Țepeș Vodă,residential,4.4
RUTA_A,11-13,2026-04-02 11:50:23,11:47,146,1.92,-0.247,135.6,914.0,2.446,2.4,0.5274,0.533,0,urban,Strada Țepeș Vodă,residential,3.7
RUTA_A,11-13,2026-04-02 11:50:24,11:47,147,0.79,-0.267,135.8,857.0,2.383,2.4,0.514,0.5194,1,urban,Strada Țepeș Vodă,residential,3.3
RUTA_A,11-13,2026-04-02 11:50:25,11:47,148,0.0,-0.11,135.8,814.0,2.345,2.4,0.5057,0.511,1,urban,Strada Țepeș Vodă,residential,3.0
RUTA_A,11-13,2026-04-02 11:50:26,11:47,149,0.0,0.0,135.8,805.0,2.361,2.4,0.5092,0.5146,1,urban,Strada Țepeș Vodă,residential,2.9
RUTA_A,11-13,2026-04-02 11:50:27,11:47,150,0.0,0.0,135.8,794.0,2.359,2.4,0.5087,0.5141,1,urban,Strada Țepeș Vodă,residential,2.8
RUTA_A,11-13,2026-04-02 11:50:28,11:47,151,0.0,0.0,135.8,780.0,2.336,2.4,0.5037,0.509,1,urban,Strada Țepeș Vodă,residential,2.8
RUTA_A,11-13,2026-04-02 11:50:29,11:47,152,0.0,0.0,135.8,782.0,2.39,2.4,0.5155,0.5209,1,urban,Strada Țepeș Vodă,residential,2.8
RUTA_A,11-13,2026-04-02 11:50:30,11:47,153,0.0,0.0,135.8,791.0,2.459,2.7,0.5302,0.5358,1,urban,Strada Țepeș Vodă,residential,2.8
RUTA_A,11-13,2026-04-02 11:50:31,11:47,154,0.0,0.127,135.8,822.0,2.448,5.2,0.5279,0.5335,1,urban,Strada Țepeș Vodă,residential,2.7
RUTA_A,11-13,2026-04-02 11:50:32,11:47,155,0.91,0.597,136.1,839.0,3.008,7.4,0.6487,0.6556,1,urban,Strada Țepeș Vodă,residential,2.4
RUTA_A,11-13,2026-04-02 11:50:33,11:47,156,4.3,0.858,137.3,816.0,5.12,8.7,1.1041,1.1158,0,urban,Strada Țepeș Vodă,residential,1.6
RUTA_A,11-13,2026-04-02 11:50:34,11:47,157,7.09,0.69,139.3,933.0,5.397,7.7,1.1639,1.1762,0,urban,Strada Țepeș Vodă,residential,1.7
RUTA_A,11-13,2026-04-02 11:50:35,11:47,158,9.27,0.507,141.8,1189.0,3.825,4.3,0.8249,0.8336,0,urban,Strada Țepeș Vodă,residential,2.5
RUTA_A,11-13,2026-04-02 11:50:36,11:47,159,10.74,0.357,144.8,1307.0,5.654,5.6,1.2192,1.2321,0,urban,Strada Țepeș Vodă,residential,5.0
RUTA_A,11-13,2026-04-02 11:50:37,11:47,160,11.84,0.311,148.1,1355.0,9.188,9.3,1.9814,2.0024,0,urban,Strada Țepeș Vodă,residential,8.1
RUTA_A,11-13,2026-04-02 11:50:38,11:47,161,12.98,0.234,151.7,1232.0,6.457,6.5,1.3925,1.4072,0,urban,Strada Țepeș Vodă,residential,9.7
RUTA_A,11-13,2026-04-02 11:50:39,11:47,162,13.53,-0.576,155.5,1087.0,3.044,3.1,0.6564,0.6634,0,urban,Strada Țepeș Vodă,residential,5.9
RUTA_A,11-13,2026-04-02 11:50:40,11:47,163,8.83,-1.14,157.9,990.0,2.786,2.9,0.6007,0.6071,0,urban,Strada Țepeș Vodă,residential,3.4
RUTA_A,11-13,2026-04-02 11:50:41,11:47,164,5.32,-0.727,159.4,1111.0,4.282,3.0,0.9235,0.9332,0,urban,Strada Țepeș Vodă,residential,3.0
RUTA_A,11-13,2026-04-02 11:50:42,11:47,165,3.6,-0.47,160.4,1560.0,8.434,3.7,1.8187,1.8379,0,urban,Strada Țepeș Vodă,residential,3.6
RUTA_A,11-13,2026-04-02 11:50:43,11:47,166,1.93,-0.457,160.9,1445.0,7.299,3.5,1.574,1.5906,0,urban,Strada Țepeș Vodă,residential,4.4
RUTA_A,11-13,2026-04-02 11:50:44,11:47,167,0.3,-0.268,161.0,1032.0,3.367,2.9,0.7262,0.7338,1,urban,Strada I. Gh. Duca,secondary,4.2
RUTA_A,11-13,2026-04-02 11:50:45,11:47,168,0.0,-0.022,161.0,1301.0,8.067,9.3,1.7397,1.7581,1,urban,Strada I. Gh. Duca,secondary,4.1
RUTA_A,11-13,2026-04-02 11:50:46,11:47,169,0.14,1.269,161.1,1719.0,14.625,17.3,3.1538,3.1872,1,urban,Strada I. Gh. Duca,secondary,4.1
RUTA_A,11-13,2026-04-02 11:50:47,11:47,170,9.14,2.311,163.6,1783.0,14.917,20.2,3.2168,3.2509,0,urban,Strada I. Gh. Duca,secondary,2.1
RUTA_A,11-13,2026-04-02 11:50:48,11:47,171,16.78,1.52,168.3,1859.0,14.215,22.6,3.0655,3.0979,0,urban,Strada I. Gh. Duca,secondary,2.0
RUTA_A,11-13,2026-04-02 11:50:49,11:47,172,20.08,1.112,173.8,1970.0,10.313,23.4,2.224,2.2476,0,urban,Strada I. Gh. Duca,secondary,3.4
RUTA_A,11-13,2026-04-02 11:50:50,11:47,173,24.79,1.576,180.7,2131.0,12.55,23.8,2.7063,2.735,0,urban,Strada I. Gh. Duca,secondary,3.8
RUTA_A,11-13,2026-04-02 11:50:51,11:47,174,31.43,1.328,189.5,2362.0,23.264,23.6,5.0167,5.0699,0,urban,Strada I. Gh. Duca,secondary,4.3
RUTA_A,11-13,2026-04-02 11:50:52,11:47,175,34.35,0.486,199.0,2062.0,18.87,16.3,4.0693,4.1124,0,urban,Strada I. Gh. Duca,secondary,4.3
RUTA_A,11-13,2026-04-02 11:50:53,11:47,176,34.93,0.019,208.7,1427.0,4.94,4.6,1.0652,1.0765,0,urban,Strada I. Gh. Duca,secondary,1.4
RUTA_A,11-13,2026-04-02 11:50:54,11:47,177,34.49,-0.25,218.3,1159.0,2.969,2.9,0.6402,0.647,0,urban,Strada I. Gh. Duca,secondary,12.4
RUTA_A,11-13,2026-04-02 11:50:55,11:47,178,33.13,-0.933,227.5,965.0,2.695,2.8,0.5811,0.5872,0,urban,Strada I. Gh. Duca,residential,2.8
RUTA_A,11-13,2026-04-02 11:50:56,11:47,179,27.77,-1.581,235.2,895.0,2.599,2.8,0.5605,0.5665,0,urban,Strada I. Gh. Duca,residential,6.6
RUTA_A,11-13,2026-04-02 11:50:57,11:47,180,21.75,-1.77,241.2,851.0,2.558,2.8,0.5516,0.5575,0,urban,Strada I. Gh. Duca,secondary,4.6
RUTA_A,11-13,2026-04-02 11:50:58,11:47,181,15.02,-1.791,245.4,834.0,2.575,2.8,0.5553,0.5612,0,urban,Strada I. Gh. Duca,secondary,3.0
RUTA_A,11-13,2026-04-02 11:50:59,11:47,182,8.86,-1.679,247.9,812.0,2.561,2.8,0.5523,0.5582,0,urban,Strada I. Gh. Duca,secondary,3.1
RUTA_A,11-13,2026-04-02 11:51:00,11:47,183,2.94,-1.015,248.7,789.0,2.534,2.8,0.5465,0.5523,0,urban,Strada I. Gh. Duca,secondary,4.5
RUTA_A,11-13,2026-04-02 11:51:01,11:47,184,1.55,-0.267,249.1,786.0,2.53,2.8,0.5456,0.5514,0,urban,Strada I. Gh. Duca,secondary,5.1
RUTA_A,11-13,2026-04-02 11:51:02,11:47,185,1.01,0.002,249.4,786.0,2.53,2.8,0.5456,0.5514,0,urban,Strada I. Gh. Duca,secondary,5.6
RUTA_A,11-13,2026-04-02 11:51:03,11:47,186,1.56,0.38,249.8,1565.0,8.821,7.4,1.9023,1.9224,0,urban,Strada I. Gh. Duca,secondary,5.6
RUTA_A,11-13,2026-04-02 11:51:04,11:47,187,3.75,1.316,250.9,2103.0,13.353,11.3,2.8795,2.91,0,urban,Strada I. Gh. Duca,secondary,6.5
RUTA_A,11-13,2026-04-02 11:51:05,11:47,188,11.03,1.934,253.9,1823.0,11.865,12.5,2.5587,2.5858,0,urban,Strada I. Gh. Duca,secondary,3.9
RUTA_A,11-13,2026-04-02 11:51:06,11:47,189,17.67,1.783,258.9,2168.0,15.68,19.1,3.3813,3.4171,0,urban,Strada I. Gh. Duca,secondary,3.7
RUTA_A,11-13,2026-04-02 11:51:07,11:47,190,23.87,1.333,265.5,2941.0,23.133,29.5,4.9886,5.0415,0,urban,Strada I. Gh. Duca,secondary,4.5
RUTA_A,11-13,2026-04-02 11:51:08,11:47,191,27.27,0.865,273.1,2649.0,17.782,22.6,3.8347,3.8753,0,urban,Strada I. Gh. Duca,secondary,6.7
RUTA_A,11-13,2026-04-02 11:51:09,11:47,192,30.1,1.138,281.4,2137.0,9.944,12.2,2.1443,2.1671,0,urban,Strada I. Gh. Duca,secondary,5.4
RUTA_A,11-13,2026-04-02 11:51:10,11:47,193,35.47,1.183,291.3,2512.0,21.823,15.5,4.7061,4.756,0,urban,Strada I. Gh. Duca,secondary,6.7
RUTA_A,11-13,2026-04-02 11:51:11,11:47,194,38.61,0.279,302.0,2500.0,24.565,14.8,5.2974,5.3535,0,urban,Strada I. Gh. Duca,secondary,7.9
RUTA_A,11-13,2026-04-02 11:51:12,11:47,195,37.48,-0.364,312.4,1740.0,9.727,6.6,2.0976,2.1198,0,urban,Strada I. Gh. Duca,secondary,16.3
RUTA_A,11-13,2026-04-02 11:51:13,11:47,196,35.99,-0.449,322.4,1273.0,3.238,3.0,0.6982,0.7056,0,urban,Strada I. Gh. Duca,secondary,8.0
RUTA_A,11-13,2026-04-02 11:51:14,11:47,197,34.25,-0.598,331.9,1018.0,2.819,2.8,0.6079,0.6144,0,urban,Strada I. Gh. Duca,secondary,3.2
RUTA_A,11-13,2026-04-02 11:51:15,11:47,198,31.68,-0.729,340.7,926.0,2.695,2.8,0.5812,0.5874,0,urban,Strada I. Gh. Duca,secondary,7.0
RUTA_A,11-13,2026-04-02 11:51:16,11:47,199,29.0,-0.526,348.8,859.0,2.62,2.8,0.565,0.571,0,urban,Strada I. Gh. Duca,primary,2.4
RUTA_A,11-13,2026-04-02 11:51:17,11:47,200,27.9,-0.291,356.5,842.0,2.631,2.8,0.5674,0.5734,0,urban,Strada I. Gh. Duca,primary,2.3
RUTA_A,11-13,2026-04-02 11:51:18,11:47,201,26.9,-0.218,364.0,827.0,2.64,2.8,0.5693,0.5753,0,urban,Strada Ion Luca Caragiale,primary,7.1
RUTA_A,11-13,2026-04-02 11:51:19,11:47,202,26.33,-0.092,371.3,823.0,2.64,2.8,0.5693,0.5753,0,urban,Strada Ion Luca Caragiale,secondary,3.4
RUTA_A,11-13,2026-04-02 11:51:20,11:47,203,26.23,0.065,378.6,1087.0,4.262,4.3,0.919,0.9288,0,urban,Strada Ion Luca Caragiale,secondary,5.0
RUTA_A,11-13,2026-04-02 11:51:21,11:47,204,26.8,0.009,386.0,1722.0,8.142,8.1,1.7557,1.7743,0,urban,Strada Ion Luca Caragiale,secondary,8.3
RUTA_A,11-13,2026-04-02 11:51:22,11:47,205,26.3,-0.223,393.3,1935.0,7.562,7.8,1.6306,1.6479,0,urban,Strada Ion Luca Caragiale,secondary,14.4
RUTA_A,11-13,2026-04-02 11:51:23,11:47,206,25.19,-0.308,400.3,1907.0,4.44,5.2,0.9575,0.9676,0,urban,Strada Ion Luca Caragiale,secondary,11.5
RUTA_A,11-13,2026-04-02 11:51:24,11:47,207,24.08,-0.304,407.0,1843.0,3.637,4.0,0.7843,0.7926,0,urban,Strada Ion Luca Caragiale,secondary,5.7
RUTA_A,11-13,2026-04-02 11:51:25,11:47,208,23.0,-0.15,413.4,1772.0,3.41,3.3,0.7353,0.7431,0,urban,Strada Ion Luca Caragiale,secondary,6.5
RUTA_A,11-13,2026-04-02 11:51:26,11:47,209,23.0,0.073,419.8,1737.0,5.754,7.0,1.2409,1.254,0,urban,Strada Ion Luca Caragiale,secondary,12.3
RUTA_A,11-13,2026-04-02 11:51:27,11:47,210,23.52,0.384,426.3,1740.0,8.167,10.3,1.7611,1.7798,0,urban,Strada Ion Luca Caragiale,secondary,8.5
RUTA_A,11-13,2026-04-02 11:51:28,11:47,211,25.76,0.657,433.5,1867.0,10.802,12.5,2.3295,2.3542,0,urban,Strada Ion Luca Caragiale,secondary,7.5
RUTA_A,11-13,2026-04-02 11:51:29,11:47,212,28.25,0.735,441.3,2030.0,13.526,15.3,2.9169,2.9478,0,urban,Strada Ion Luca Caragiale,secondary,11.1
RUTA_A,11-13,2026-04-02 11:51:30,11:47,213,31.05,0.728,450.0,2235.0,16.36,18.8,3.5279,3.5653,0,urban,Strada Ion Luca Caragiale,secondary,13.9
RUTA_A,11-13,2026-04-02 11:51:31,11:47,214,33.49,0.652,459.3,2276.0,13.148,14.3,2.8354,2.8654,0,urban,Strada Ion Luca Caragiale,secondary,8.5
RUTA_A,11-13,2026-04-02 11:51:32,11:47,215,35.75,-0.096,469.2,2232.0,6.837,5.7,1.4743,1.49,0,urban,Strada Ion Luca Caragiale,secondary,11.6
RUTA_A,11-13,2026-04-02 11:51:33,11:47,216,32.8,-0.854,478.3,1623.0,4.43,3.7,0.9552,0.9654,0,urban,Strada Ion Luca Caragiale,secondary,7.6
RUTA_A,11-13,2026-04-02 11:51:34,11:47,217,29.6,-0.695,486.5,1069.0,2.899,2.8,0.6251,0.6317,0,urban,Strada Ion Luca Caragiale,secondary,6.3
RUTA_A,11-13,2026-04-02 11:51:35,11:47,218,27.8,-0.714,494.3,957.0,2.713,2.8,0.585,0.5912,0,urban,Strada Ion Luca Caragiale,secondary,6.6
RUTA_A,11-13,2026-04-02 11:51:36,11:47,219,24.46,-1.098,501.1,885.0,2.601,2.8,0.561,0.5669,0,urban,Strada Ion Luca Caragiale,secondary,11.2
RUTA_A,11-13,2026-04-02 11:51:37,11:47,220,19.89,-1.008,506.6,845.0,2.55,2.8,0.5499,0.5557,0,urban,Strada Ion Luca Caragiale,secondary,12.5
RUTA_A,11-13,2026-04-02 11:51:38,11:47,221,17.2,-0.681,511.4,831.0,2.54,2.8,0.5477,0.5535,0,urban,Strada Ion Luca Caragiale,secondary,11.7
RUTA_A,11-13,2026-04-02 11:51:39,11:47,222,14.99,-0.47,515.5,827.0,2.546,2.8,0.5491,0.5549,0,urban,Strada Ion Luca Caragiale,secondary,9.8
RUTA_A,11-13,2026-04-02 11:51:40,11:47,223,13.82,-0.388,519.4,1127.0,3.052,2.8,0.6581,0.6651,0,urban,Strada Ion Luca Caragiale,secondary,6.2
RUTA_A,11-13,2026-04-02 11:51:41,11:47,224,12.19,-0.612,522.7,1278.0,3.292,2.8,0.7099,0.7174,0,urban,Strada Ion Luca Caragiale,secondary,5.5
RUTA_A,11-13,2026-04-02 11:51:42,11:47,225,9.42,-0.85,525.4,1068.0,2.887,2.8,0.6225,0.6291,0,urban,Strada Ion Luca Caragiale,secondary,6.3
RUTA_A,11-13,2026-04-02 11:51:43,11:47,226,6.07,-1.014,527.0,931.0,2.647,2.8,0.5708,0.5768,0,urban,Strada Ion Luca Caragiale,secondary,7.0
RUTA_A,11-13,2026-04-02 11:51:44,11:47,227,2.12,-0.646,527.6,870.0,2.579,2.8,0.5562,0.5621,0,urban,Strada Ion Luca Caragiale,secondary,6.8
RUTA_A,11-13,2026-04-02 11:51:45,11:47,228,1.42,-0.017,528.0,1381.0,6.31,5.5,1.3606,1.375,0,urban,Strada Baba Novac,secondary,6.4
RUTA_A,11-13,2026-04-02 11:51:46,11:47,229,2.0,0.959,528.6,2118.0,11.539,9.4,2.4884,2.5147,0,urban,Strada Baba Novac,secondary,6.0
RUTA_A,11-13,2026-04-02 11:51:47,11:47,230,8.32,1.613,530.9,1827.0,11.847,12.1,2.5548,2.5819,0,urban,Strada Baba Novac,secondary,4.8
RUTA_A,11-13,2026-04-02 11:51:48,11:47,231,13.61,1.057,534.7,1588.0,10.815,13.9,2.3323,2.357,0,urban,Strada Baba Novac,secondary,4.4
RUTA_A,11-13,2026-04-02 11:51:49,11:47,232,15.93,0.643,539.1,1506.0,6.082,13.0,1.3116,1.3255,0,urban,Strada Baba Novac,secondary,7.5
RUTA_A,11-13,2026-04-02 11:51:50,11:47,233,18.24,0.639,544.2,1500.0,4.948,10.1,1.067,1.0783,0,urban,Strada Baba Novac,secondary,8.1
RUTA_A,11-13,2026-04-02 11:51:51,11:47,234,20.53,-0.278,549.9,1557.0,6.892,5.6,1.4861,1.5019,0,urban,Strada Baba Novac,secondary,5.2
RUTA_A,11-13,2026-04-02 11:51:52,11:47,235,16.23,-1.43,554.4,1392.0,5.361,3.9,1.1561,1.1683,0,urban,Strada Baba Novac,secondary,5.3
RUTA_A,11-13,2026-04-02 11:51:53,11:47,236,10.23,-1.404,557.2,1170.0,2.935,2.8,0.6328,0.6395,0,urban,Strada Baba Novac,secondary,6.5
RUTA_A,11-13,2026-04-02 11:51:54,11:47,237,6.12,-0.952,558.9,1019.0,2.701,3.0,0.5826,0.5887,0,urban,Strada Baba Novac,secondary,7.5
RUTA_A,11-13,2026-04-02 11:51:55,11:47,238,3.38,-0.147,559.9,996.0,3.302,3.9,0.712,0.7196,0,urban,Strada Ion Luca Caragiale,tertiary,8.5
RUTA_A,11-13,2026-04-02 11:51:56,11:47,239,5.06,0.496,561.3,1395.0,6.437,7.4,1.3882,1.4029,0,urban,Strada Ion Luca Caragiale,tertiary,9.9
RUTA_A,11-13,2026-04-02 11:51:57,11:47,240,6.95,0.562,563.2,1566.0,7.581,8.1,1.6348,1.6521,0,urban,Strada Ion Luca Caragiale,tertiary,12.0
RUTA_A,11-13,2026-04-02 11:51:58,11:47,241,9.11,0.089,565.7,1446.0,6.199,5.1,1.3368,1.351,0,urban,Strada Ion Luca Caragiale,tertiary,13.0
RUTA_A,11-13,2026-04-02 11:51:59,11:47,242,7.59,-0.78,567.8,1251.0,4.735,3.5,1.0212,1.032,0,urban,Strada Ion Luca Caragiale,tertiary,13.6
RUTA_A,11-13,2026-04-02 11:52:00,11:47,243,3.5,-0.431,568.8,1003.0,3.214,2.8,0.6931,0.7004,0,urban,Strada Ion Luca Caragiale,tertiary,13.8
RUTA_A,11-13,2026-04-02 11:52:01,11:47,244,4.49,0.434,570.1,1438.0,8.172,8.0,1.7623,1.7809,0,urban,Strada Ion Luca Caragiale,tertiary,13.9
RUTA_A,11-13,2026-04-02 11:52:02,11:47,245,6.62,1.093,571.9,1909.0,13.494,13.7,2.91,2.9408,0,urban,Strada Ion Luca Caragiale,tertiary,12.1
RUTA_A,11-13,2026-04-02 11:52:03,11:47,246,12.36,1.391,575.3,1910.0,14.459,16.8,3.1179,3.151,0,urban,Strada Ion Luca Caragiale,tertiary,8.7
RUTA_A,11-13,2026-04-02 11:52:04,11:47,247,16.64,0.837,580.0,1814.0,13.032,17.7,2.8104,2.8402,0,urban,Strada Ion Luca Caragiale,tertiary,5.8
RUTA_A,11-13,2026-04-02 11:52:05,11:47,248,18.38,0.586,585.1,1551.0,7.465,14.8,1.6098,1.6269,0,urban,Strada Ion Luca Caragiale,tertiary,4.0
RUTA_A,11-13,2026-04-02 11:52:06,11:47,249,20.86,0.743,590.9,1570.0,8.305,17.2,1.791,1.81,0,urban,Strada Ion Luca Caragiale,tertiary,4.7
RUTA_A,11-13,2026-04-02 11:52:07,11:47,250,23.74,0.582,597.4,1743.0,12.641,22.6,2.726,2.7549,0,urban,Strada Ion Luca Caragiale,tertiary,5.1
RUTA_A,11-13,2026-04-02 11:52:08,11:47,251,25.05,0.244,604.4,1374.0,7.692,12.8,1.6588,1.6763,0,urban,Strada Ion Luca Caragiale,tertiary,5.0
RUTA_A,11-13,2026-04-02 11:52:09,11:47,252,25.49,-0.326,611.5,1026.0,2.882,3.5,0.6215,0.6281,0,urban,Strada Ion Luca Caragiale,tertiary,4.0
RUTA_A,11-13,2026-04-02 11:52:10,11:47,253,22.7,-0.536,617.8,1015.0,2.893,3.5,0.6239,0.6305,0,urban,Strada Ion Luca Caragiale,tertiary,8.7
RUTA_A,11-13,2026-04-02 11:52:11,11:47,254,21.63,0.078,623.8,1162.0,4.978,6.4,1.0736,1.0849,0,urban,Strada Ion Luca Caragiale,tertiary,15.2
RUTA_A,11-13,2026-04-02 11:52:12,11:47,255,23.27,0.537,630.3,1556.0,10.335,13.9,2.2287,2.2523,0,urban,Strada Ion Luca Caragiale,tertiary,16.7
RUTA_A,11-13,2026-04-02 11:52:13,11:47,256,25.5,0.688,637.3,1836.0,12.075,15.5,2.6039,2.6315,0,urban,Strada Ion Luca Caragiale,tertiary,11.5
RUTA_A,11-13,2026-04-02 11:52:14,11:47,257,28.22,0.595,645.2,2022.0,10.868,12.3,2.3436,2.3684,0,urban,Strada Ion Luca Caragiale,tertiary,7.9
RUTA_A,11-13,2026-04-02 11:52:15,11:47,258,29.78,0.369,653.5,2121.0,10.578,12.4,2.2812,2.3054,0,urban,Strada Ion Luca Caragiale,tertiary,4.8
RUTA_A,11-13,2026-04-02 11:52:16,11:47,259,30.88,0.48,662.0,2187.0,10.661,13.9,2.2989,2.3233,0,urban,Strada Ion Luca Caragiale,tertiary,11.1
RUTA_A,11-13,2026-04-02 11:52:17,11:47,260,33.24,0.573,671.3,2356.0,15.757,12.1,3.3979,3.4339,0,urban,Strada Ion Luca Caragiale,tertiary,4.8
RUTA_A,11-13,2026-04-02 11:52:18,11:47,261,35.0,0.245,681.0,2351.0,18.254,11.0,3.9364,3.9781,0,urban,Strada Ion Luca Caragiale,tertiary,10.7
RUTA_A,11-13,2026-04-02 11:52:19,11:47,262,35.0,0.076,690.7,1913.0,13.218,12.3,2.8504,2.8806,0,urban,Strada Ion Luca Caragiale,tertiary,5.6
RUTA_A,11-13,2026-04-02 11:52:20,11:47,263,35.55,0.226,700.6,1720.0,10.43,12.2,2.2491,2.273,0,urban,Strada Ion Luca Caragiale,tertiary,11.1
RUTA_A,11-13,2026-04-02 11:52:21,11:47,264,36.63,0.25,710.8,1760.0,9.785,10.7,2.11,2.1323,0,urban,Strada Ion Luca Caragiale,tertiary,7.9
RUTA_A,11-13,2026-04-02 11:52:22,11:47,265,37.35,0.175,721.1,1791.0,9.222,9.5,1.9886,2.0097,0,urban,Strada Ion Luca Caragiale,tertiary,6.5
RUTA_A,11-13,2026-04-02 11:52:23,11:47,266,37.88,0.152,731.7,1818.0,8.703,8.5,1.8767,1.8966,0,urban,Strada Ion Luca Caragiale,tertiary,9.3
RUTA_A,11-13,2026-04-02 11:52:24,11:47,267,38.45,0.157,742.3,1839.0,8.862,9.5,1.911,1.9312,0,urban,Strada Ion Luca Caragiale,tertiary,8.0
RUTA_A,11-13,2026-04-02 11:52:25,11:47,268,39.01,0.158,753.2,1860.0,9.205,11.0,1.9851,2.0061,0,urban,Strada Ion Luca Caragiale,tertiary,7.8
RUTA_A,11-13,2026-04-02 11:52:26,11:47,269,39.59,0.181,764.2,1896.0,9.429,10.5,2.0332,2.0548,0,urban,Strada Ion Luca Caragiale,tertiary,11.0
RUTA_A,11-13,2026-04-02 11:52:27,11:47,270,40.32,0.26,775.4,1930.0,9.609,10.3,2.0721,2.0941,0,urban,Strada Ion Luca Caragiale,tertiary,6.2
RUTA_A,11-13,2026-04-02 11:52:28,11:47,271,41.46,0.322,786.9,1960.0,9.678,10.5,2.087,2.1091,0,urban,Strada Ion Luca Caragiale,tertiary,9.2
RUTA_A,11-13,2026-04-02 11:52:29,11:47,272,42.64,0.331,798.7,2011.0,10.683,11.1,2.3037,2.3281,0,urban,Strada Ion Luca Caragiale,tertiary,7.0
RUTA_A,11-13,2026-04-02 11:52:30,11:47,273,43.84,0.123,810.9,2079.0,12.521,12.0,2.7001,2.7287,0,urban,Strada Ion Luca Caragiale,tertiary,12.0
RUTA_A,11-13,2026-04-02 11:52:31,11:47,274,43.53,-0.132,823.0,1635.0,8.225,7.9,1.7738,1.7926,0,urban,Strada Ion Luca Caragiale,tertiary,6.5
RUTA_A,11-13,2026-04-02 11:52:32,11:47,275,42.89,-0.565,834.9,1127.0,3.172,3.1,0.6839,0.6912,0,urban,Strada Ion Luca Caragiale,service,5.2
RUTA_A,11-13,2026-04-02 11:52:33,11:47,276,39.46,-0.995,845.9,1018.0,2.908,2.9,0.6272,0.6338,0,urban,Strada Ion Luca Caragiale,service,8.2
RUTA_A,11-13,2026-04-02 11:52:34,11:47,277,35.72,-1.143,855.8,924.0,2.693,2.8,0.5807,0.5869,0,urban,Strada Ion Luca Caragiale,tertiary,6.7
RUTA_A,11-13,2026-04-02 11:52:35,11:47,278,31.23,-1.436,864.5,869.0,2.597,2.8,0.5601,0.566,0,urban,Strada Ion Luca Caragiale,tertiary,13.6
RUTA_A,11-13,2026-04-02 11:52:36,11:47,279,25.39,-1.807,871.5,830.0,2.556,2.8,0.5512,0.557,0,urban,Strada Ion Luca Caragiale,tertiary,7.9
RUTA_A,11-13,2026-04-02 11:52:37,11:47,280,18.22,-1.741,876.6,806.0,2.568,2.8,0.5538,0.5596,0,urban,Strada Ion Luca Caragiale,tertiary,5.7
RUTA_A,11-13,2026-04-02 11:52:38,11:47,281,12.85,-1.434,880.2,788.0,2.524,2.8,0.5443,0.55,0,urban,Strada Ion Luca Caragiale,tertiary,5.7
RUTA_A,11-13,2026-04-02 11:52:39,11:47,282,7.89,-1.21,882.3,771.0,2.471,2.8,0.5329,0.5385,0,urban,Strada Ion Luca Caragiale,tertiary,7.6
RUTA_A,11-13,2026-04-02 11:52:40,11:47,283,4.14,-0.97,883.5,775.0,2.509,2.8,0.541,0.5467,0,urban,Strada Ion Luca Caragiale,tertiary,7.6
RUTA_A,11-13,2026-04-02 11:52:41,11:47,284,0.9,-0.531,883.7,779.0,2.547,2.8,0.5492,0.555,1,urban,Strada Ion Luca Caragiale,tertiary,7.6
RUTA_A,11-13,2026-04-02 11:52:42,11:47,285,0.32,-0.126,883.8,790.0,2.588,2.8,0.5581,0.564,1,urban,Strada Ion Luca Caragiale,tertiary,7.7
RUTA_A,11-13,2026-04-02 11:52:43,11:47,286,0.0,-0.044,883.8,793.0,2.581,2.8,0.5566,0.5625,1,urban,Strada Ion Luca Caragiale,tertiary,7.7
RUTA_A,11-13,2026-04-02 11:52:44,11:47,287,0.0,0.0,883.8,787.0,2.518,2.8,0.5431,0.5489,1,urban,Strada Ion Luca Caragiale,tertiary,7.7
RUTA_A,11-13,2026-04-02 11:52:45,11:47,288,0.0,0.0,883.8,781.0,2.504,2.8,0.54,0.5457,1,urban,Strada Ion Luca Caragiale,tertiary,7.7
RUTA_A,11-13,2026-04-02 11:52:46,11:47,289,0.0,0.0,883.8,776.0,2.51,2.8,0.5413,0.547,1,urban,Strada Ion Luca Caragiale,tertiary,7.7
RUTA_A,11-13,2026-04-02 11:52:47,11:47,290,0.0,0.0,883.8,783.0,2.516,2.8,0.5425,0.5483,1,urban,Strada Ion Luca Caragiale,tertiary,7.7
RUTA_A,11-13,2026-04-02 11:52:48,11:47,291,0.0,0.0,883.8,788.0,2.518,2.7,0.5431,0.5489,1,urban,Strada Ion Luca Caragiale,tertiary,7.7
RUTA_A,11-13,2026-04-02 11:52:49,11:47,292,0.0,0.0,883.8,788.0,2.513,2.5,0.5419,0.5476,1,urban,Strada Ion Luca Caragiale,tertiary,7.7
RUTA_A,11-13,2026-04-02 11:52:50,11:47,293,0.0,0.0,883.8,791.0,2.504,2.4,0.54,0.5458,1,urban,Strada Ion Luca Caragiale,tertiary,7.7
RUTA_A,11-13,2026-04-02 11:52:51,11:47,294,0.0,0.0,883.8,795.0,2.493,2.4,0.5376,0.5433,1,urban,Strada Ion Luca Caragiale,tertiary,7.7
RUTA_A,11-13,2026-04-02 11:52:52,11:47,295,0.0,0.0,883.8,797.0,2.494,2.5,0.5378,0.5435,1,urban,Strada Ion Luca Caragiale,tertiary,7.7
RUTA_A,11-13,2026-04-02 11:52:53,11:47,296,0.0,0.0,883.8,797.0,2.499,2.7,0.539,0.5447,1,urban,Strada Ion Luca Caragiale,tertiary,7.7
RUTA_A,11-13,2026-04-02 11:52:54,11:47,297,0.0,0.0,883.8,791.0,2.485,2.5,0.5358,0.5415,1,urban,Strada Ion Luca Caragiale,tertiary,7.7
RUTA_A,11-13,2026-04-02 11:52:55,11:47,298,0.0,0.0,883.8,787.0,2.471,2.4,0.5329,0.5385,1,urban,Strada Ion Luca Caragiale,tertiary,7.7
RUTA_A,11-13,2026-04-02 11:52:56,11:47,299,0.0,0.0,883.8,791.0,2.477,2.4,0.5341,0.5397,1,urban,Strada Ion Luca Caragiale,tertiary,7.7
RUTA_A,11-13,2026-04-02 11:52:57,11:47,300,0.0,0.0,883.8,793.0,2.48,2.4,0.5348,0.5405,1,urban,Strada Ion Luca Caragiale,tertiary,7.7
RUTA_A,11-13,2026-04-02 11:52:58,11:47,301,0.0,0.0,883.8,794.0,2.48,2.4,0.5348,0.5405,1,urban,Strada Ion Luca Caragiale,tertiary,7.7
RUTA_A,11-13,2026-04-02 11:52:59,11:47,302,0.0,0.0,883.8,791.0,2.474,2.4,0.5334,0.5391,1,urban,Strada Ion Luca Caragiale,tertiary,7.7
RUTA_A,11-13,2026-04-02 11:53:00,11:47,303,0.0,0.0,883.8,785.0,2.463,2.4,0.531,0.5367,1,urban,Strada Ion Luca Caragiale,tertiary,7.7
RUTA_A,11-13,2026-04-02 11:53:01,11:47,304,0.0,0.0,883.8,785.0,2.433,2.4,0.5247,0.5302,1,urban,Strada Ion Luca Caragiale,tertiary,7.7
RUTA_A,11-13,2026-04-02 11:53:02,11:47,305,0.0,0.0,883.8,787.0,2.402,2.4,0.5179,0.5234,1,urban,Strada Ion Luca Caragiale,tertiary,7.7
RUTA_A,11-13,2026-04-02 11:53:03,11:47,306,0.0,0.0,883.8,794.0,2.429,2.4,0.5239,0.5294,1,urban,Strada Ion Luca Caragiale,tertiary,7.7
RUTA_A,11-13,2026-04-02 11:53:04,11:47,307,0.0,0.0,883.8,796.0,2.449,2.4,0.528,0.5336,1,urban,Strada Ion Luca Caragiale,tertiary,7.7
RUTA_A,11-13,2026-04-02 11:53:05,11:47,308,0.0,0.0,883.8,788.0,2.443,2.4,0.5268,0.5324,1,urban,Strada Ion Luca Caragiale,tertiary,7.7
RUTA_A,11-13,2026-04-02 11:53:06,11:47,309,0.0,0.0,883.8,784.0,2.434,2.4,0.5249,0.5305,1,urban,Strada Ion Luca Caragiale,tertiary,7.7
RUTA_A,11-13,2026-04-02 11:53:07,11:47,310,0.0,0.0,883.8,785.0,2.422,2.4,0.5224,0.5279,1,urban,Strada Ion Luca Caragiale,tertiary,7.7
RUTA_A,11-13,2026-04-02 11:53:08,11:47,311,0.0,0.0,883.8,787.0,2.429,2.4,0.5238,0.5294,1,urban,Strada Ion Luca Caragiale,tertiary,7.7
RUTA_A,11-13,2026-04-02 11:53:09,11:47,312,0.0,0.0,883.8,789.0,2.439,2.4,0.526,0.5315,1,urban,Strada Ion Luca Caragiale,tertiary,7.7
RUTA_A,11-13,2026-04-02 11:53:10,11:47,313,0.0,0.0,883.8,785.0,2.412,2.4,0.5201,0.5256,1,urban,Strada Ion Luca Caragiale,tertiary,7.7
RUTA_A,11-13,2026-04-02 11:53:11,11:47,314,0.0,0.0,883.8,783.0,2.392,2.4,0.5159,0.5214,1,urban,Strada Ion Luca Caragiale,tertiary,7.7
RUTA_A,11-13,2026-04-02 11:53:12,11:47,315,0.0,0.0,883.8,792.0,2.404,2.4,0.5184,0.5239,1,urban,Strada Ion Luca Caragiale,tertiary,7.7
RUTA_A,11-13,2026-04-02 11:53:13,11:47,316,0.0,0.0,883.8,794.0,2.41,2.4,0.5197,0.5252,1,urban,Strada Ion Luca Caragiale,tertiary,7.7
RUTA_A,11-13,2026-04-02 11:53:14,11:47,317,0.0,0.0,883.8,791.0,2.41,2.4,0.5197,0.5252,1,urban,Strada Ion Luca Caragiale,tertiary,7.7
RUTA_A,11-13,2026-04-02 11:53:15,11:47,318,0.0,0.0,883.8,793.0,2.424,2.4,0.5228,0.5283,1,urban,Strada Ion Luca Caragiale,tertiary,7.7
RUTA_A,11-13,2026-04-02 11:53:16,11:47,319,0.0,0.0,883.8,798.0,2.447,2.4,0.5276,0.5332,1,urban,Strada Ion Luca Caragiale,tertiary,7.7
RUTA_A,11-13,2026-04-02 11:53:17,11:47,320,0.0,0.0,883.8,796.0,2.436,2.4,0.5254,0.531,1,urban,Strada Ion Luca Caragiale,tertiary,7.7
RUTA_A,11-13,2026-04-02 11:53:18,11:47,321,0.0,0.0,883.8,793.0,2.42,2.4,0.522,0.5275,1,urban,Strada Ion Luca Caragiale,tertiary,7.7
RUTA_A,11-13,2026-04-02 11:53:19,11:47,322,0.0,0.0,883.8,794.0,2.414,2.4,0.5206,0.5261,1,urban,Strada Ion Luca Caragiale,tertiary,7.7
RUTA_A,11-13,2026-04-02 11:53:20,11:47,323,0.0,0.0,883.8,794.0,2.407,2.4,0.519,0.5245,1,urban,Strada Ion Luca Caragiale,tertiary,7.7
RUTA_A,11-13,2026-04-02 11:53:21,11:47,324,0.0,0.0,883.8,792.0,2.395,2.4,0.5166,0.522,1,urban,Strada Ion Luca Caragiale,tertiary,7.7
RUTA_A,11-13,2026-04-02 11:53:22,11:47,325,0.0,0.0,883.8,900.0,4.413,5.7,0.9517,0.9618,1,urban,Strada Ion Luca Caragiale,tertiary,7.7
RUTA_A,11-13,2026-04-02 11:53:23,11:47,326,0.0,0.575,883.8,1115.0,8.365,12.2,1.8039,1.823,1,urban,Strada Ion Luca Caragiale,tertiary,7.7
RUTA_A,11-13,2026-04-02 11:53:24,11:47,327,4.14,1.463,885.0,1281.0,9.863,12.8,2.127,2.1496,0,urban,Strada Ion Luca Caragiale,tertiary,7.7
RUTA_A,11-13,2026-04-02 11:53:25,11:47,328,10.54,1.272,887.9,1422.0,10.023,10.0,2.1615,2.1844,0,urban,Strada Ion Luca Caragiale,tertiary,7.7
RUTA_A,11-13,2026-04-02 11:53:26,11:47,329,13.3,0.618,891.6,1447.0,10.757,10.6,2.3198,2.3444,0,urban,Strada Ion Luca Caragiale,tertiary,11.1
RUTA_A,11-13,2026-04-02 11:53:27,11:47,330,14.98,0.847,895.8,1437.0,11.662,12.1,2.5148,2.5415,0,urban,Strada Ion Luca Caragiale,tertiary,8.5
RUTA_A,11-13,2026-04-02 11:53:28,11:47,331,19.4,1.216,901.2,1543.0,12.593,16.5,2.7157,2.7445,0,urban,Strada Ion Luca Caragiale,tertiary,6.6
RUTA_A,11-13,2026-04-02 11:53:29,11:47,332,23.74,1.15,907.8,1686.0,13.138,18.5,2.8332,2.8633,0,urban,Strada Ion Luca Caragiale,tertiary,6.5
RUTA_A,11-13,2026-04-02 11:53:30,11:47,333,27.68,0.935,915.4,1980.0,12.013,10.3,2.5905,2.618,0,urban,Strada Ion Luca Caragiale,tertiary,10.8
RUTA_A,11-13,2026-04-02 11:53:31,11:47,334,30.48,0.549,923.9,1999.0,11.718,7.2,2.527,2.5538,0,urban,Strada Ion Luca Caragiale,tertiary,14.0
RUTA_A,11-13,2026-04-02 11:53:32,11:47,335,31.63,0.212,932.7,1624.0,12.615,11.3,2.7204,2.7492,0,urban,Strada Ion Luca Caragiale,tertiary,10.3
RUTA_A,11-13,2026-04-02 11:53:33,11:47,336,32.0,0.051,941.6,1509.0,9.568,9.1,2.0632,2.0851,0,urban,Strada Ion Luca Caragiale,tertiary,7.3
RUTA_A,11-13,2026-04-02 11:53:34,11:47,337,32.0,-0.136,950.5,1515.0,4.681,4.1,1.0095,1.0202,0,urban,Strada Ion Luca Caragiale,tertiary,12.4
RUTA_A,11-13,2026-04-02 11:53:35,11:47,338,31.02,-0.265,959.1,1525.0,4.164,6.2,0.8979,0.9074,0,urban,Strada Ion Luca Caragiale,tertiary,8.7
RUTA_A,11-13,2026-04-02 11:53:36,11:47,339,30.1,0.029,967.4,1534.0,4.509,9.2,0.9723,0.9826,0,urban,Strada Ion Luca Caragiale,tertiary,6.2
RUTA_A,11-13,2026-04-02 11:53:37,11:47,340,31.23,0.289,976.1,1531.0,7.827,10.7,1.6878,1.7057,0,urban,Strada Ion Luca Caragiale,tertiary,6.0
RUTA_A,11-13,2026-04-02 11:53:38,11:47,341,32.18,0.207,985.1,1541.0,9.484,10.9,2.0453,2.0669,0,urban,Strada Ion Luca Caragiale,tertiary,8.5
RUTA_A,11-13,2026-04-02 11:53:39,11:47,342,32.72,0.033,994.1,1577.0,7.677,8.1,1.6554,1.673,0,urban,Strada Ion Luca Caragiale,tertiary,15.0
RUTA_A,11-13,2026-04-02 11:53:40,11:47,343,32.42,-0.206,1003.2,1565.0,5.701,5.6,1.2293,1.2424,0,urban,Strada Ion Luca Caragiale,tertiary,13.7
RUTA_A,11-13,2026-04-02 11:53:41,11:47,344,31.24,-0.381,1011.8,1505.0,3.552,3.6,0.766,0.7741,0,urban,Strada Ion Luca Caragiale,tertiary,10.0
RUTA_A,11-13,2026-04-02 11:53:42,11:47,345,29.68,-0.447,1020.1,1433.0,3.693,4.2,0.7964,0.8049,0,urban,Strada Ion Luca Caragiale,tertiary,8.6
RUTA_A,11-13,2026-04-02 11:53:43,11:47,346,28.02,-0.233,1027.9,1357.0,4.411,5.5,0.9511,0.9612,0,urban,Strada Eliberării,tertiary,14.1
RUTA_A,11-13,2026-04-02 11:53:44,11:47,347,28.0,0.016,1035.6,1357.0,6.17,7.1,1.3306,1.3447,0,urban,Strada Eliberării,tertiary,19.6
RUTA_A,11-13,2026-04-02 11:53:45,11:47,348,28.14,0.096,1043.5,1362.0,7.626,8.3,1.6445,1.6619,0,urban,Strada Eliberării,tertiary,12.0
RUTA_A,11-13,2026-04-02 11:53:46,11:47,349,28.69,0.191,1051.4,1381.0,8.129,8.8,1.753,1.7716,0,urban,Strada Eliberării,tertiary,8.3
RUTA_A,11-13,2026-04-02 11:53:47,11:47,350,29.51,0.275,1059.6,1410.0,8.959,9.7,1.932,1.9525,0,urban,Strada Eliberării,tertiary,10.5
RUTA_A,11-13,2026-04-02 11:53:48,11:47,351,30.67,0.32,1068.1,1451.0,10.202,11.3,2.2,2.2233,0,urban,Strada Eliberării,tertiary,13.9
RUTA_A,11-13,2026-04-02 11:53:49,11:47,352,31.82,0.316,1077.0,1503.0,10.619,11.0,2.29,2.3143,0,urban,Strada Eliberării,tertiary,7.0
RUTA_A,11-13,2026-04-02 11:53:50,11:47,353,32.95,0.164,1086.1,1559.0,10.716,9.8,2.3108,2.3353,0,urban,Strada Eliberării,tertiary,8.2
RUTA_A,11-13,2026-04-02 11:53:51,11:47,354,33.0,-0.007,1095.3,1574.0,8.377,8.1,1.8065,1.8257,0,urban,Strada Eliberării,tertiary,8.9
RUTA_A,11-13,2026-04-02 11:53:52,11:47,355,32.9,-0.095,1104.4,1581.0,6.401,6.7,1.3804,1.395,0,urban,Strada Eliberării,tertiary,4.4
RUTA_A,11-13,2026-04-02 11:53:53,11:47,356,32.31,-0.125,1113.4,1561.0,6.634,7.2,1.4306,1.4458,0,urban,Strada Eliberării,tertiary,13.2
RUTA_A,11-13,2026-04-02 11:53:54,11:47,357,32.0,-0.044,1122.3,1551.0,7.079,8.2,1.5266,1.5428,0,urban,Strada Eliberării,tertiary,6.7
RUTA_A,11-13,2026-04-02 11:53:55,11:47,358,32.0,0.126,1131.2,1552.0,7.773,9.8,1.6763,1.6941,0,urban,Strada Eliberării,tertiary,2.6
RUTA_A,11-13,2026-04-02 11:53:56,11:47,359,32.91,0.278,1140.3,1593.0,8.792,10.4,1.896,1.916,0,urban,Strada Eliberării,tertiary,2.2
RUTA_A,11-13,2026-04-02 11:53:57,11:47,360,34.0,0.152,1149.8,1644.0,9.537,10.3,2.0565,2.0783,0,urban,Strada Eliberării,tertiary,4.2
RUTA_A,11-13,2026-04-02 11:53:58,11:47,361,34.0,0.015,1159.2,1675.0,6.122,7.2,1.3202,1.3342,0,urban,Strada Eliberării,tertiary,6.9
RUTA_A,11-13,2026-04-02 11:53:59,11:47,362,34.11,0.092,1168.7,1693.0,4.053,5.4,0.874,0.8833,0,urban,Strada Eliberării,tertiary,17.0
RUTA_A,11-13,2026-04-02 11:54:00,11:47,363,34.66,0.154,1178.3,1661.0,7.469,8.6,1.6108,1.6278,0,urban,Strada Eliberării,tertiary,8.2
RUTA_A,11-13,2026-04-02 11:54:01,11:47,364,35.22,0.154,1188.1,1659.0,9.604,10.6,2.0711,2.0931,0,urban,Strada Eliberării,tertiary,4.6
RUTA_A,11-13,2026-04-02 11:54:02,11:47,365,35.77,0.195,1198.0,1705.0,9.743,10.6,2.101,2.1233,0,urban,Strada Eliberării,tertiary,14.8
RUTA_A,11-13,2026-04-02 11:54:03,11:47,366,36.62,0.265,1208.2,1748.0,9.825,10.6,2.1187,2.1411,0,urban,Strada Eliberării,tertiary,15.5
RUTA_A,11-13,2026-04-02 11:54:04,11:47,367,37.68,0.087,1218.7,1788.0,9.867,10.6,2.1278,2.1503,0,urban,Strada Eliberării,tertiary,10.2
RUTA_A,11-13,2026-04-02 11:54:05,11:47,368,37.25,-0.21,1229.0,1767.0,7.38,7.8,1.5915,1.6083,0,urban,Strada Eliberării,tertiary,3.0
RUTA_A,11-13,2026-04-02 11:54:06,11:47,369,36.16,-0.241,1239.1,1718.0,3.778,3.8,0.8146,0.8232,0,urban,Strada Eliberării,tertiary,11.2
RUTA_A,11-13,2026-04-02 11:54:07,11:47,370,35.51,-0.171,1248.9,1524.0,4.709,4.5,1.0154,1.0262,0,urban,Strada Eliberării,tertiary,3.2
RUTA_A,11-13,2026-04-02 11:54:08,11:47,371,34.93,-0.158,1258.6,1327.0,6.036,5.7,1.3016,1.3154,0,urban,Strada Eliberării,tertiary,10.9
RUTA_A,11-13,2026-04-02 11:54:09,11:47,372,34.37,-0.214,1268.2,1307.0,4.188,3.9,0.9031,0.9126,0,urban,Strada Eliberării,tertiary,4.0
RUTA_A,11-13,2026-04-02 11:54:10,11:47,373,33.39,-0.384,1277.5,1332.0,2.992,3.1,0.6453,0.6521,0,urban,Strada Eliberării,tertiary,7.1
RUTA_A,11-13,2026-04-02 11:54:11,11:47,374,31.61,-0.496,1286.2,1443.0,3.058,4.0,0.6594,0.6664,0,urban,Strada Eliberării,tertiary,12.0
RUTA_A,11-13,2026-04-02 11:54:12,11:47,375,29.82,-0.497,1294.5,1404.0,3.015,3.8,0.6502,0.6571,0,urban,Strada Eliberării,tertiary,5.0
RUTA_A,11-13,2026-04-02 11:54:13,11:47,376,28.03,-0.565,1302.3,1288.0,2.916,3.1,0.6289,0.6356,0,urban,Strada Eliberării,tertiary,7.6
RUTA_A,11-13,2026-04-02 11:54:14,11:47,377,25.75,-0.721,1309.5,1171.0,2.796,2.7,0.6029,0.6093,0,urban,Strada Eliberării,tertiary,10.3
RUTA_A,11-13,2026-04-02 11:54:15,11:47,378,22.83,-0.81,1315.8,1051.0,2.646,2.5,0.5707,0.5767,0,urban,Strada Eliberării,tertiary,7.3
RUTA_A,11-13,2026-04-02 11:54:16,11:47,379,19.92,-0.607,1321.3,931.0,2.497,2.4,0.5385,0.5442,0,urban,Strada Eliberării,tertiary,5.4
RUTA_A,11-13,2026-04-02 11:54:17,11:47,380,18.46,-0.311,1326.5,993.0,2.759,2.6,0.5949,0.6012,0,urban,Strada Eliberării,tertiary,5.8
RUTA_A,11-13,2026-04-02 11:54:18,11:47,381,17.68,-0.23,1331.4,1137.0,3.209,2.9,0.692,0.6994,0,urban,Strada Eliberării,tertiary,9.7
RUTA_A,11-13,2026-04-02 11:54:19,11:47,382,16.8,-0.328,1336.0,1249.0,3.545,3.1,0.7644,0.7725,0,urban,Strada Eliberării,tertiary,14.6
RUTA_A,11-13,2026-04-02 11:54:20,11:47,383,15.32,-0.412,1340.3,1144.0,3.126,2.8,0.674,0.6812,0,urban,Strada Eliberării,tertiary,16.6
RUTA_A,11-13,2026-04-02 11:54:21,11:47,384,13.84,-0.345,1344.1,1039.0,2.706,2.5,0.5836,0.5898,0,urban,Strada Eliberării,tertiary,12.5
RUTA_A,11-13,2026-04-02 11:54:22,11:47,385,12.84,-0.192,1347.7,1039.0,2.627,2.7,0.5664,0.5724,0,urban,Strada Eliberării,tertiary,9.4
RUTA_A,11-13,2026-04-02 11:54:23,11:47,386,12.46,-0.105,1351.2,1177.0,2.986,3.6,0.6438,0.6506,0,urban,Strada Eliberării,tertiary,7.3
RUTA_A,11-13,2026-04-02 11:54:24,11:47,387,12.08,0.086,1354.5,1314.0,3.345,4.5,0.7213,0.7289,0,urban,Strada Eliberării,tertiary,5.8
RUTA_A,11-13,2026-04-02 11:54:25,11:47,388,13.08,0.329,1358.2,1268.0,4.388,4.4,0.9462,0.9562,0,urban,Strada Eliberării,tertiary,5.2
RUTA_A,11-13,2026-04-02 11:54:26,11:47,389,14.45,0.267,1362.2,1173.0,5.613,4.1,1.2104,1.2232,0,urban,Strada Eliberării,tertiary,8.6
RUTA_A,11-13,2026-04-02 11:54:27,11:47,390,15.0,0.077,1366.3,1107.0,5.791,3.9,1.2489,1.2621,0,urban,Strada Eliberării,tertiary,10.4
RUTA_A,11-13,2026-04-02 11:54:28,11:47,391,15.0,-0.065,1370.5,1059.0,5.255,3.9,1.1331,1.1451,0,urban,Strada Eliberării,tertiary,8.3
RUTA_A,11-13,2026-04-02 11:54:29,11:47,392,14.54,-0.148,1374.5,1039.0,4.047,3.4,0.8727,0.8819,0,urban,Strada Eliberării,tertiary,5.1
RUTA_A,11-13,2026-04-02 11:54:30,11:47,393,13.93,-0.165,1378.4,1023.0,2.837,2.8,0.6117,0.6182,0,urban,Strada Eliberării,tertiary,4.5
RUTA_A,11-13,2026-04-02 11:54:31,11:47,394,13.35,-0.129,1382.1,971.0,3.152,3.3,0.6797,0.6869,0,urban,Strada Eliberării,tertiary,7.3
RUTA_A,11-13,2026-04-02 11:54:32,11:47,395,13.0,-0.048,1385.7,939.0,3.204,3.3,0.691,0.6983,0,urban,Strada Eliberării,tertiary,10.4
RUTA_A,11-13,2026-04-02 11:54:33,11:47,396,13.0,-0.45,1389.3,936.0,2.869,2.9,0.6186,0.6252,0,urban,Strada Eliberării,tertiary,10.8
RUTA_A,11-13,2026-04-02 11:54:34,11:47,397,9.76,-1.061,1392.1,901.0,2.642,2.8,0.5698,0.5759,0,urban,Strada Eliberării,tertiary,8.9
RUTA_A,11-13,2026-04-02 11:54:35,11:47,398,5.36,-0.587,1393.5,853.0,2.455,2.8,0.5295,0.5351,0,urban,Strada Eliberării,tertiary,7.4
RUTA_A,11-13,2026-04-02 11:54:36,11:47,399,5.53,0.134,1395.1,1249.0,5.27,4.8,1.1364,1.1485,0,urban,Strada Eliberării,tertiary,7.3
RUTA_A,11-13,2026-04-02 11:54:37,11:47,400,6.32,0.331,1396.8,1570.0,7.797,6.9,1.6813,1.6991,0,urban,Strada Eliberării,tertiary,7.9
RUTA_A,11-13,2026-04-02 11:54:38,11:47,401,7.92,0.493,1399.0,1437.0,8.126,8.2,1.7524,1.7709,0,urban,Strada Eliberării,tertiary,9.2
RUTA_A,11-13,2026-04-02 11:54:39,11:47,402,9.87,0.648,1401.8,1407.0,8.313,9.0,1.7928,1.8118,0,urban,Strada Eliberării,tertiary,10.1
RUTA_A,11-13,2026-04-02 11:54:40,11:47,403,12.58,0.611,1405.3,1592.0,8.2,9.0,1.7682,1.7869,0,urban,Strada Eliberării,tertiary,11.6
RUTA_A,11-13,2026-04-02 11:54:41,11:47,404,14.27,0.314,1409.2,1606.0,6.916,7.3,1.4915,1.5073,0,urban,Strada Eliberării,tertiary,13.5
RUTA_A,11-13,2026-04-02 11:54:42,11:47,405,14.84,0.101,1413.4,1433.0,4.351,3.8,0.9383,0.9482,0,urban,Strada Eliberării,tertiary,15.1
RUTA_A,11-13,2026-04-02 11:54:43,11:47,406,15.0,0.026,1417.5,1276.0,4.103,4.1,0.8849,0.8942,0,urban,Strada Eliberării,tertiary,17.9
RUTA_A,11-13,2026-04-02 11:54:44,11:47,407,15.03,0.083,1421.7,1135.0,4.811,6.0,1.0374,1.0484,0,urban,Strada Eliberării,tertiary,20.5
RUTA_A,11-13,2026-04-02 11:54:45,11:47,408,15.59,0.181,1426.0,1205.0,6.491,7.5,1.3997,1.4145,0,urban,Strada Eliberării,tertiary,21.6
RUTA_A,11-13,2026-04-02 11:54:46,11:47,409,16.33,0.263,1430.6,1275.0,7.867,8.8,1.6964,1.7144,0,urban,Strada Eliberării,tertiary,22.3
RUTA_A,11-13,2026-04-02 11:54:47,11:47,410,17.48,0.454,1435.4,1345.0,8.484,9.5,1.8296,1.849,0,urban,Strada Eliberării,tertiary,16.9
RUTA_A,11-13,2026-04-02 11:54:48,11:47,411,19.6,0.693,1440.9,1455.0,9.389,10.3,2.0246,2.0461,0,urban,Strada Eliberării,tertiary,13.3
RUTA_A,11-13,2026-04-02 11:54:49,11:47,412,22.48,0.734,1447.1,1598.0,10.523,11.2,2.2693,2.2934,0,urban,Strada Eliberării,tertiary,11.1
RUTA_A,11-13,2026-04-02 11:54:50,11:47,413,24.88,0.662,1454.0,1737.0,12.368,14.9,2.6671,2.6953,0,urban,Strada Eliberării,tertiary,11.3
RUTA_A,11-13,2026-04-02 11:54:51,11:47,414,27.24,0.78,1461.6,1884.0,14.528,19.1,3.1329,3.1661,0,urban,Strada Eliberării,tertiary,7.7
RUTA_A,11-13,2026-04-02 11:54:52,11:47,415,30.49,0.835,1470.1,2142.0,18.634,23.2,4.0184,4.061,0,urban,Strada Eliberării,tertiary,4.3
RUTA_A,11-13,2026-04-02 11:54:53,11:47,416,33.26,0.54,1479.3,2269.0,21.046,25.4,4.5385,4.5866,0,urban,Strada Eliberării,tertiary,9.1
RUTA_A,11-13,2026-04-02 11:54:54,11:47,417,34.39,0.314,1488.9,1953.0,17.754,21.7,3.8286,3.8692,0,urban,Strada Eliberării,tertiary,4.9
RUTA_A,11-13,2026-04-02 11:54:55,11:47,418,35.52,0.315,1498.7,1764.0,13.156,15.5,2.837,2.867,0,urban,Strada Eliberării,tertiary,9.4
RUTA_A,11-13,2026-04-02 11:54:56,11:47,419,36.65,0.046,1508.9,1726.0,6.992,6.3,1.5078,1.5238,0,urban,Strada Eliberării,tertiary,4.7
RUTA_A,11-13,2026-04-02 11:54:57,11:47,420,35.85,-0.342,1518.9,1680.0,4.347,3.4,0.9375,0.9475,0,urban,Strada Eliberării,tertiary,8.7
RUTA_A,11-13,2026-04-02 11:54:58,11:47,421,34.19,-0.733,1528.4,1631.0,3.262,3.2,0.7034,0.7108,0,urban,Strada Eliberării,tertiary,6.0
RUTA_A,11-13,2026-04-02 11:54:59,11:47,422,30.57,-0.998,1536.8,1482.0,3.169,3.1,0.6835,0.6907,0,urban,Strada Eliberării,tertiary,8.3
RUTA_A,11-13,2026-04-02 11:55:00,11:47,423,27.0,-0.496,1544.3,1330.0,3.278,3.2,0.7068,0.7143,0,urban,Strada Eliberării,tertiary,8.9
RUTA_A,11-13,2026-04-02 11:55:01,11:47,424,27.0,-0.159,1551.8,1301.0,4.315,4.3,0.9304,0.9403,0,urban,Strada Eliberării,tertiary,7.2
RUTA_A,11-13,2026-04-02 11:55:02,11:47,425,25.86,-0.839,1559.0,1265.0,4.837,4.8,1.0431,1.0542,0,urban,Strada Eliberării,tertiary,11.1
RUTA_A,11-13,2026-04-02 11:55:03,11:47,426,20.96,-1.557,1564.8,1202.0,3.667,3.5,0.7908,0.7991,0,urban,Strada Eliberării,tertiary,10.7
RUTA_A,11-13,2026-04-02 11:55:04,11:47,427,14.65,-2.05,1568.9,1111.0,2.868,2.8,0.6186,0.6251,0,urban,Strada Eliberării,tertiary,7.9
RUTA_A,11-13,2026-04-02 11:55:05,11:47,428,6.2,-1.767,1570.6,977.0,2.637,2.8,0.5687,0.5748,0,urban,Strada Eliberării,tertiary,7.1
RUTA_A,11-13,2026-04-02 11:55:06,11:47,429,1.93,-0.832,1571.2,889.0,2.539,2.8,0.5476,0.5534,0,urban,Strada Eliberării,tertiary,6.7
RUTA_A,11-13,2026-04-02 11:55:07,11:47,430,0.2,-0.268,1571.2,827.0,2.522,2.8,0.5439,0.5496,1,urban,Strada Eliberării,tertiary,6.6
RUTA_A,11-13,2026-04-02 11:55:08,11:47,431,0.0,-0.003,1571.2,1195.0,5.44,5.6,1.173,1.1855,1,urban,Strada Eliberării,tertiary,6.6
RUTA_A,11-13,2026-04-02 11:55:09,11:47,432,0.18,0.189,1571.3,1564.0,8.448,8.1,1.8219,1.8412,1,urban,Strada Eliberării,tertiary,6.5
RUTA_A,11-13,2026-04-02 11:55:10,11:47,433,1.36,0.253,1571.7,1623.0,9.802,7.4,2.1138,2.1362,0,urban,Strada Eliberării,tertiary,6.5
RUTA_A,11-13,2026-04-02 11:55:11,11:47,434,2.0,0.089,1572.2,1487.0,8.462,5.9,1.8249,1.8442,0,urban,Strada Eliberării,tertiary,6.5
RUTA_A,11-13,2026-04-02 11:55:12,11:47,435,2.0,-0.114,1572.8,1119.0,3.896,3.4,0.8401,0.849,0,urban,Strada Eliberării,tertiary,6.5
RUTA_A,11-13,2026-04-02 11:55:13,11:47,436,1.18,-0.265,1573.1,977.0,2.681,2.6,0.5781,0.5842,0,urban,Strada Eliberării,tertiary,6.5
RUTA_A,11-13,2026-04-02 11:55:14,11:47,437,0.1,-0.164,1573.1,906.0,2.524,2.4,0.5443,0.55,1,urban,Strada Eliberării,tertiary,6.5
RUTA_A,11-13,2026-04-02 11:55:15,11:47,438,0.0,-0.013,1573.1,974.0,3.24,4.9,0.6986,0.706,1,urban,Strada Eliberării,tertiary,6.5
RUTA_A,11-13,2026-04-02 11:55:16,11:47,439,0.0,0.0,1573.1,1050.0,3.946,7.3,0.851,0.8601,1,urban,Strada Eliberării,tertiary,6.5
RUTA_A,11-13,2026-04-02 11:55:17,11:47,440,0.0,0.0,1573.1,1042.0,3.245,4.6,0.6997,0.7072,1,urban,Strada Eliberării,tertiary,6.5
RUTA_A,11-13,2026-04-02 11:55:18,11:47,441,0.0,0.0,1573.1,1049.0,2.829,2.8,0.6102,0.6166,1,urban,Strada Eliberării,tertiary,6.5
RUTA_A,11-13,2026-04-02 11:55:19,11:47,442,0.0,0.101,1573.1,1091.0,3.054,3.1,0.6586,0.6656,1,urban,Strada Eliberării,tertiary,6.5
RUTA_A,11-13,2026-04-02 11:55:20,11:47,443,0.73,0.265,1573.3,1096.0,3.946,3.4,0.8509,0.8599,1,urban,Strada Eliberării,tertiary,6.5
RUTA_A,11-13,2026-04-02 11:55:21,11:47,444,1.91,0.031,1573.9,1079.0,5.25,3.9,1.1321,1.1441,0,urban,Strada Eliberării,tertiary,6.5
RUTA_A,11-13,2026-04-02 11:55:22,11:47,445,0.95,-0.265,1574.1,1031.0,3.959,3.7,0.8537,0.8627,1,urban,Strada Eliberării,tertiary,6.5
RUTA_A,11-13,2026-04-02 11:55:23,11:47,446,0.0,-0.132,1574.1,1001.0,2.752,3.5,0.5935,0.5998,1,urban,Strada Eliberării,tertiary,6.5
RUTA_A,11-13,2026-04-02 11:55:24,11:47,447,0.0,0.078,1574.1,1075.0,3.07,3.3,0.662,0.6691,1,urban,Strada Eliberării,tertiary,6.5
RUTA_A,11-13,2026-04-02 11:55:25,11:47,448,0.56,0.246,1574.3,1123.0,4.335,4.4,0.9348,0.9447,1,urban,Strada Eliberării,tertiary,6.5
RUTA_A,11-13,2026-04-02 11:55:26,11:47,449,1.77,0.576,1574.8,1141.0,6.69,7.0,1.4426,1.4579,0,urban,Strada Eliberării,tertiary,6.5
RUTA_A,11-13,2026-04-02 11:55:27,11:47,450,4.71,0.864,1576.1,1160.0,6.037,5.5,1.3018,1.3156,0,urban,Strada Eliberării,tertiary,6.7
RUTA_A,11-13,2026-04-02 11:55:28,11:47,451,7.99,0.378,1578.3,1177.0,4.696,3.2,1.0127,1.0235,0,urban,Strada Eliberării,tertiary,8.8
RUTA_A,11-13,2026-04-02 11:55:29,11:47,452,7.43,-0.03,1580.4,1090.0,3.644,6.3,0.7857,0.7941,0,urban,Strada Eliberării,tertiary,10.9
RUTA_A,11-13,2026-04-02 11:55:30,11:47,453,7.78,0.523,1582.5,1105.0,3.553,8.9,0.7662,0.7743,0,urban,Strada Eliberării,tertiary,10.9
RUTA_A,11-13,2026-04-02 11:55:31,11:47,454,11.19,0.953,1585.6,1465.0,6.738,10.3,1.4531,1.4685,0,urban,Strada Eliberării,tertiary,8.0
RUTA_A,11-13,2026-04-02 11:55:32,11:47,455,14.64,0.959,1589.7,1815.0,9.24,9.6,1.9926,2.0137,0,urban,Strada Eliberării,tertiary,6.6
RUTA_A,11-13,2026-04-02 11:55:33,11:47,456,18.1,0.786,1594.7,2156.0,10.978,6.6,2.3674,2.3925,0,urban,Strada Eliberării,tertiary,6.7
RUTA_A,11-13,2026-04-02 11:55:34,11:47,457,20.29,0.537,1600.4,1951.0,11.103,8.4,2.3942,2.4196,0,urban,Strada Eliberării,tertiary,7.2
RUTA_A,11-13,2026-04-02 11:55:35,11:47,458,21.96,-0.006,1606.5,1558.0,10.574,11.7,2.2801,2.3043,0,urban,Strada Eliberării,tertiary,6.4
RUTA_A,11-13,2026-04-02 11:55:36,11:47,459,20.25,-0.493,1612.1,1280.0,6.188,6.7,1.3345,1.3486,0,urban,Strada Eliberării,tertiary,10.7
RUTA_A,11-13,2026-04-02 11:55:37,11:47,460,18.41,-0.552,1617.2,1056.0,2.94,3.1,0.634,0.6407,0,urban,Strada Eliberării,tertiary,7.9
RUTA_A,11-13,2026-04-02 11:55:38,11:47,461,16.27,-0.536,1621.7,980.0,2.72,2.9,0.5866,0.5928,0,urban,Strada Eliberării,tertiary,5.5
RUTA_A,11-13,2026-04-02 11:55:39,11:47,462,14.56,-0.389,1625.8,915.0,2.552,2.7,0.5504,0.5562,0,urban,Strada Eliberării,tertiary,6.1
RUTA_A,11-13,2026-04-02 11:55:40,11:47,463,13.47,-0.26,1629.5,866.0,2.46,2.4,0.5305,0.5361,0,urban,Strada Eliberării,tertiary,8.6
RUTA_A,11-13,2026-04-02 11:55:41,11:47,464,12.69,-0.185,1633.0,839.0,2.426,2.4,0.5232,0.5288,0,urban,Strada Eliberării,tertiary,10.7
RUTA_A,11-13,2026-04-02 11:55:42,11:47,465,12.14,-0.033,1636.4,828.0,2.437,2.4,0.5256,0.5312,0,urban,Strada Eliberării,tertiary,11.5
RUTA_A,11-13,2026-04-02 11:55:43,11:47,466,12.45,0.132,1639.9,894.0,4.077,4.3,0.8792,0.8885,0,urban,Strada Eliberării,tertiary,9.4
RUTA_A,11-13,2026-04-02 11:55:44,11:47,467,13.09,0.251,1643.5,984.0,6.066,6.6,1.3082,1.3221,0,urban,Strada Eliberării,tertiary,7.6
RUTA_A,11-13,2026-04-02 11:55:45,11:47,468,14.26,0.296,1647.5,1056.0,5.744,5.9,1.2387,1.2518,0,urban,Strada Eliberării,tertiary,7.1
RUTA_A,11-13,2026-04-02 11:55:46,11:47,469,15.22,0.215,1651.7,1102.0,5.36,5.7,1.1559,1.1682,0,urban,Strada Eliberării,tertiary,8.4
RUTA_A,11-13,2026-04-02 11:55:47,11:47,470,15.81,0.109,1656.1,1103.0,4.871,6.4,1.0503,1.0615,0,urban,Strada Eliberării,tertiary,9.7
RUTA_A,11-13,2026-04-02 11:55:48,11:47,471,16.0,0.027,1660.5,1183.0,5.095,5.6,1.0988,1.1104,0,urban,Strada Eliberării,tertiary,12.4
RUTA_A,11-13,2026-04-02 11:55:49,11:47,472,16.0,-0.137,1665.0,1302.0,5.668,4.1,1.2224,1.2353,0,urban,Strada Eliberării,tertiary,12.1
RUTA_A,11-13,2026-04-02 11:55:50,11:47,473,15.01,-0.288,1669.1,1152.0,4.235,3.3,0.9132,0.9228,0,urban,Strada Eliberării,tertiary,9.7
RUTA_A,11-13,2026-04-02 11:55:51,11:47,474,13.92,-0.311,1673.0,983.0,2.703,2.8,0.5828,0.589,0,urban,Strada Eliberării,tertiary,8.5
RUTA_A,11-13,2026-04-02 11:55:52,11:47,475,12.77,-0.348,1676.5,914.0,2.593,2.8,0.5592,0.5651,0,urban,Strada Eliberării,tertiary,9.1
RUTA_A,11-13,2026-04-02 11:55:53,11:47,476,11.42,-0.43,1679.7,857.0,2.514,2.8,0.5422,0.5479,0,urban,Strada Eliberării,tertiary,11.1
RUTA_A,11-13,2026-04-02 11:55:54,11:47,477,9.67,-0.194,1682.4,827.0,2.497,2.8,0.5384,0.5441,0,urban,Strada Eliberării,tertiary,12.0
RUTA_A,11-13,2026-04-02 11:55:55,11:47,478,10.02,0.279,1685.2,860.0,4.521,5.8,0.9749,0.9852,0,urban,Strada Eliberării,tertiary,13.7
RUTA_A,11-13,2026-04-02 11:55:56,11:47,479,11.68,0.595,1688.4,933.0,7.828,10.8,1.6881,1.706,0,urban,Strada Eliberării,tertiary,10.8
RUTA_A,11-13,2026-04-02 11:55:57,11:47,480,14.31,0.739,1692.4,1051.0,7.8,9.6,1.6821,1.7,0,urban,Strada Eliberării,tertiary,7.1
RUTA_A,11-13,2026-04-02 11:55:58,11:47,481,17.0,0.374,1697.1,1175.0,6.928,6.9,1.494,1.5098,0,urban,Strada Eliberării,tertiary,5.3
RUTA_A,11-13,2026-04-02 11:55:59,11:47,482,17.0,-0.013,1701.9,1218.0,5.074,4.9,1.0943,1.1059,0,urban,Strada Eliberării,tertiary,8.1
RUTA_A,11-13,2026-04-02 11:56:00,11:47,483,16.91,-0.094,1706.6,1251.0,3.547,3.3,0.765,0.7731,0,urban,Strada Eliberării,tertiary,13.0
RUTA_A,11-13,2026-04-02 11:56:01,11:47,484,16.32,-0.089,1711.1,1230.0,3.787,4.2,0.8166,0.8253,0,urban,Strada Eliberării,tertiary,9.5
RUTA_A,11-13,2026-04-02 11:56:02,11:47,485,16.27,0.076,1715.6,1223.0,4.513,5.4,0.9732,0.9835,0,urban,Strada Eliberării,tertiary,6.2
RUTA_A,11-13,2026-04-02 11:56:03,11:47,486,16.87,0.285,1720.3,1232.0,5.848,7.1,1.2612,1.2745,0,urban,Strada Eliberării,tertiary,5.6
RUTA_A,11-13,2026-04-02 11:56:04,11:47,487,18.32,0.433,1725.4,1315.0,7.545,8.7,1.627,1.6442,0,urban,Strada Eliberării,tertiary,5.5
RUTA_A,11-13,2026-04-02 11:56:05,11:47,488,19.99,0.387,1730.9,1419.0,9.337,10.2,2.0136,2.0349,0,urban,Strada Eliberării,tertiary,8.1
RUTA_A,11-13,2026-04-02 11:56:06,11:47,489,21.11,0.309,1736.8,1504.0,8.885,9.8,1.916,1.9363,0,urban,Strada Eliberării,tertiary,11.6
RUTA_A,11-13,2026-04-02 11:56:07,11:47,490,22.22,0.304,1743.0,1591.0,8.603,9.5,1.8552,1.8748,0,urban,Strada Eliberării,tertiary,5.9
RUTA_A,11-13,2026-04-02 11:56:08,11:47,491,23.29,0.277,1749.4,1684.0,9.067,9.9,1.9552,1.9759,0,urban,Strada Eliberării,tertiary,5.6
RUTA_A,11-13,2026-04-02 11:56:09,11:47,492,24.21,0.212,1756.2,1765.0,9.048,9.9,1.9512,1.9718,0,urban,Strada Eliberării,tertiary,10.7
RUTA_A,11-13,2026-04-02 11:56:10,11:47,493,24.82,0.109,1763.1,1825.0,8.117,8.9,1.7504,1.769,0,urban,Strada Eliberării,tertiary,9.6
RUTA_A,11-13,2026-04-02 11:56:11,11:47,494,25.0,0.024,1770.0,1850.0,7.186,7.8,1.5496,1.566,0,urban,Strada Eliberării,tertiary,4.1
RUTA_A,11-13,2026-04-02 11:56:12,11:47,495,25.0,0.0,1776.9,1861.0,6.262,6.7,1.3505,1.3648,0,urban,Strada Eliberării,tertiary,7.7
RUTA_A,11-13,2026-04-02 11:56:13,11:47,496,25.0,-0.011,1783.9,1826.0,6.676,6.9,1.4398,1.455,0,urban,Strada Eliberării,tertiary,10.1
RUTA_A,11-13,2026-04-02 11:56:14,11:47,497,24.92,-0.09,1790.8,1792.0,6.822,6.9,1.4712,1.4868,0,urban,Strada Eliberării,tertiary,3.8
RUTA_A,11-13,2026-04-02 11:56:15,11:47,498,24.36,-0.127,1797.6,1763.0,5.399,5.8,1.1643,1.1767,0,urban,Strada Eliberării,tertiary,6.5
RUTA_A,11-13,2026-04-02 11:56:16,11:47,499,24.0,-0.049,1804.2,1745.0,4.935,5.6,1.0641,1.0754,0,urban,Strada Eliberării,tertiary,11.1
RUTA_A,11-13,2026-04-02 11:56:17,11:47,500,24.0,0.04,1810.9,1745.0,6.115,7.1,1.3188,1.3327,0,urban,Strada Eliberării,tertiary,4.8
RUTA_A,11-13,2026-04-02 11:56:18,11:47,501,24.29,0.121,1817.7,1775.0,7.347,8.4,1.5845,1.6012,0,urban,Strada Eliberării,tertiary,3.6
RUTA_A,11-13,2026-04-02 11:56:19,11:47,502,24.87,0.293,1824.6,1836.0,8.633,9.5,1.8617,1.8815,0,urban,Strada Eliberării,tertiary,6.8
RUTA_A,11-13,2026-04-02 11:56:20,11:47,503,26.39,0.444,1831.9,1915.0,9.064,10.0,1.9546,1.9753,0,urban,Strada Eliberării,tertiary,10.8
RUTA_A,11-13,2026-04-02 11:56:21,11:47,504,28.06,0.318,1839.7,1998.0,9.265,10.2,1.9979,2.0191,0,urban,Strada Eliberării,tertiary,3.2
RUTA_A,11-13,2026-04-02 11:56:22,11:47,505,28.68,0.13,1847.7,2071.0,9.606,10.5,2.0716,2.0935,0,urban,Strada Eliberării,tertiary,9.2
RUTA_A,11-13,2026-04-02 11:56:23,11:47,506,29.0,0.044,1855.7,1960.0,8.025,8.8,1.7307,1.749,0,urban,Strada Eliberării,tertiary,9.2
RUTA_A,11-13,2026-04-02 11:56:24,11:47,507,29.0,0.0,1863.8,1659.0,4.459,5.3,0.9616,0.9718,0,urban,Strada Eliberării,tertiary,5.3
RUTA_A,11-13,2026-04-02 11:56:25,11:47,508,29.0,0.0,1871.8,1533.0,3.734,4.9,0.8053,0.8139,0,urban,Strada Eliberării,tertiary,4.8
RUTA_A,11-13,2026-04-02 11:56:26,11:47,509,29.0,0.0,1879.9,1476.0,4.131,5.8,0.8909,0.9003,0,urban,Strada Eliberării,tertiary,9.2
RUTA_A,11-13,2026-04-02 11:56:27,11:47,510,29.0,0.0,1887.9,1435.0,5.517,6.8,1.1897,1.2023,0,urban,Strada Eliberării,tertiary,3.3
RUTA_A,11-13,2026-04-02 11:56:28,11:47,511,29.0,0.0,1896.0,1396.0,6.923,7.7,1.4929,1.5087,0,urban,Strada Eliberării,tertiary,9.0
RUTA_A,11-13,2026-04-02 11:56:29,11:47,512,29.0,-0.032,1904.0,1372.0,4.801,5.2,1.0354,1.0464,0,urban,Strada Eliberării,tertiary,5.9
RUTA_A,11-13,2026-04-02 11:56:30,11:47,513,28.77,-0.191,1912.0,1347.0,3.048,3.1,0.6572,0.6642,0,urban,Strada Eliberării,tertiary,4.8
RUTA_A,11-13,2026-04-02 11:56:31,11:47,514,27.63,-0.28,1919.7,1321.0,2.784,2.9,0.6004,0.6067,0,urban,Strada Eliberării,tertiary,9.7
RUTA_A,11-13,2026-04-02 11:56:32,11:47,515,26.75,-0.196,1927.1,1296.0,3.41,3.6,0.7354,0.7432,0,urban,Strada Eliberării,tertiary,3.9
RUTA_A,11-13,2026-04-02 11:56:33,11:47,516,26.21,-0.105,1934.4,1270.0,5.107,5.5,1.1012,1.1129,0,urban,Strada Eliberării,tertiary,3.0
RUTA_A,11-13,2026-04-02 11:56:34,11:47,517,26.0,-0.03,1941.7,1266.0,4.924,5.3,1.0619,1.0731,0,urban,Strada Eliberării,tertiary,8.1
RUTA_A,11-13,2026-04-02 11:56:35,11:47,518,26.0,-0.058,1948.9,1274.0,3.505,3.6,0.7558,0.7638,0,urban,Strada Eliberării,tertiary,6.1
RUTA_A,11-13,2026-04-02 11:56:36,11:47,519,25.58,-0.139,1956.0,1251.0,2.825,2.8,0.6093,0.6157,0,urban,Strada Eliberării,tertiary,3.5
RUTA_A,11-13,2026-04-02 11:56:37,11:47,520,25.0,-0.836,1962.9,1215.0,2.421,2.4,0.5221,0.5277,0,urban,Strada Eliberării,tertiary,9.4
RUTA_A,11-13,2026-04-02 11:56:38,11:47,521,19.56,-1.513,1968.4,1006.0,2.235,2.4,0.482,0.4871,0,urban,Strada Eliberării,tertiary,4.1
RUTA_A,11-13,2026-04-02 11:56:39,11:47,522,14.11,-1.507,1972.3,828.0,2.111,2.4,0.4553,0.4601,0,urban,Strada Eliberării,tertiary,4.1
RUTA_A,11-13,2026-04-02 11:56:40,11:47,523,8.71,-1.241,1974.7,809.0,2.3,2.4,0.496,0.5013,0,urban,Strada Eliberării,tertiary,5.4
RUTA_A,11-13,2026-04-02 11:56:41,11:47,524,5.18,-0.412,1976.1,924.0,3.681,3.7,0.7937,0.8021,0,urban,Strada Eliberării,residential,5.5
RUTA_A,11-13,2026-04-02 11:56:42,11:47,525,5.74,0.197,1977.7,1331.0,7.664,7.8,1.6527,1.6702,0,urban,Strada Eliberării,residential,4.2
RUTA_A,11-13,2026-04-02 11:56:43,11:47,526,6.6,0.276,1979.6,1630.0,10.581,11.0,2.2818,2.306,0,urban,Strada Eliberării,residential,3.6
RUTA_A,11-13,2026-04-02 11:56:44,11:47,527,7.72,0.866,1981.7,1834.0,12.55,13.2,2.7063,2.735,0,urban,Strada Eliberării,residential,3.5
RUTA_A,11-13,2026-04-02 11:56:45,11:47,528,12.83,1.586,1985.3,2032.0,14.063,10.3,3.0326,3.0647,0,urban,Strada Eliberării,residential,5.3
RUTA_A,11-13,2026-04-02 11:56:46,11:47,529,19.14,1.351,1990.6,2211.0,15.401,6.2,3.3211,3.3563,0,urban,Strada Eliberării,residential,9.2
RUTA_A,11-13,2026-04-02 11:56:47,11:47,530,22.56,0.969,1996.8,1945.0,16.164,13.8,3.4857,3.5227,0,urban,Strada Eliberării,tertiary,5.5
RUTA_A,11-13,2026-04-02 11:56:48,11:47,531,26.12,1.038,2004.1,1822.0,15.53,16.9,3.3491,3.3846,0,urban,Strada Eliberării,tertiary,5.3
RUTA_A,11-13,2026-04-02 11:56:49,11:47,532,30.03,0.779,2012.4,2059.0,11.392,8.8,2.4566,2.4826,0,urban,Strada Eliberării,tertiary,8.1
RUTA_A,11-13,2026-04-02 11:56:50,11:47,533,31.72,0.158,2021.3,1984.0,7.695,5.0,1.6594,1.677,0,urban,Strada Eliberării,tertiary,3.9
RUTA_A,11-13,2026-04-02 11:56:51,11:47,534,31.17,-0.1,2029.9,1592.0,4.445,5.7,0.9586,0.9687,0,urban,Strada Eliberării,tertiary,6.2
RUTA_A,11-13,2026-04-02 11:56:52,11:47,535,31.0,-0.023,2038.5,1488.0,4.001,5.0,0.8628,0.872,0,urban,Strada Eliberării,tertiary,13.3
RUTA_A,11-13,2026-04-02 11:56:53,11:47,536,31.0,0.0,2047.1,1505.0,4.743,3.6,1.0227,1.0335,0,urban,Strada Eliberării,tertiary,11.6
RUTA_A,11-13,2026-04-02 11:56:54,11:47,537,31.0,0.019,2055.7,1527.0,4.764,6.3,1.0274,1.0383,0,urban,Strada Eliberării,tertiary,3.5
RUTA_A,11-13,2026-04-02 11:56:55,11:47,538,31.14,0.178,2064.4,1549.0,4.933,8.7,1.0638,1.0751,0,urban,Strada Eliberării,tertiary,4.4
RUTA_A,11-13,2026-04-02 11:56:56,11:47,539,32.28,0.141,2073.4,1568.0,6.709,5.8,1.4468,1.4622,0,urban,Strada Eliberării,tertiary,2.2
RUTA_A,11-13,2026-04-02 11:56:57,11:47,540,32.16,-0.335,2082.3,1548.0,6.859,3.8,1.4791,1.4948,0,urban,Strada Eliberării,tertiary,4.5
RUTA_A,11-13,2026-04-02 11:56:58,11:47,541,29.87,-0.488,2090.6,1461.0,4.227,3.6,0.9116,0.9213,0,urban,Strada Eliberării,tertiary,2.6
RUTA_A,11-13,2026-04-02 11:56:59,11:47,542,28.64,-0.249,2098.5,1386.0,3.209,3.4,0.6919,0.6993,0,urban,Strada Eliberării,tertiary,5.8
RUTA_A,11-13,2026-04-02 11:57:00,11:47,543,28.07,-0.304,2106.3,1320.0,3.174,3.2,0.6845,0.6918,0,urban,Strada Eliberării,tertiary,5.6
RUTA_A,11-13,2026-04-02 11:57:01,11:47,544,26.45,-0.456,2113.7,1147.0,2.897,2.9,0.6247,0.6313,0,urban,Strada Eliberării,tertiary,6.2
RUTA_A,11-13,2026-04-02 11:57:02,11:47,545,24.79,-0.392,2120.6,1066.0,3.135,3.0,0.6761,0.6832,0,urban,Strada Eliberării,tertiary,11.6
RUTA_A,11-13,2026-04-02 11:57:03,11:47,546,23.63,-0.318,2127.1,1480.0,5.885,4.4,1.2691,1.2825,0,urban,Strada Eliberării,tertiary,5.5
RUTA_A,11-13,2026-04-02 11:57:04,11:47,547,22.5,-0.308,2133.4,1664.0,6.69,6.1,1.4428,1.458,0,urban,Strada Eliberării,tertiary,3.8
RUTA_A,11-13,2026-04-02 11:57:05,11:47,548,21.41,0.137,2139.3,1579.0,5.213,8.2,1.1241,1.1361,0,urban,Strada Eliberării,tertiary,5.8
RUTA_A,11-13,2026-04-02 11:57:06,11:47,549,23.49,0.846,2145.9,1692.0,9.402,12.8,2.0274,2.0489,0,urban,Strada Eliberării,tertiary,7.7
RUTA_A,11-13,2026-04-02 11:57:07,11:47,550,27.5,0.699,2153.5,1926.0,17.078,18.9,3.6828,3.7219,0,urban,Strada Eliberării,tertiary,6.3
RUTA_A,11-13,2026-04-02 11:57:08,11:47,551,28.52,0.048,2161.4,1720.0,10.416,10.9,2.2462,2.27,0,urban,Strada Eliberării,tertiary,5.2
RUTA_A,11-13,2026-04-02 11:57:09,11:47,552,27.85,-0.984,2169.2,1445.0,3.219,2.8,0.6943,0.7016,0,urban,Strada Eliberării,tertiary,6.5
RUTA_A,11-13,2026-04-02 11:57:10,11:47,553,21.43,-1.84,2175.1,1140.0,2.881,2.8,0.6212,0.6278,0,urban,Strada Eliberării,tertiary,13.4
RUTA_A,11-13,2026-04-02 11:57:11,11:47,554,14.6,-1.961,2179.2,944.0,2.658,2.8,0.5731,0.5792,0,urban,Strada Dezrobirii,secondary,14.8
RUTA_A,11-13,2026-04-02 11:57:12,11:47,555,7.31,-1.59,2181.2,873.0,2.566,2.8,0.5534,0.5593,0,urban,Strada Dezrobirii,secondary,13.2
RUTA_A,11-13,2026-04-02 11:57:13,11:47,556,3.15,-1.016,2182.1,838.0,2.526,2.8,0.5448,0.5506,0,urban,Strada Dezrobirii,secondary,12.4
RUTA_A,11-13,2026-04-02 11:57:14,11:47,557,0.0,-0.438,2182.1,810.0,2.5,2.8,0.5391,0.5448,1,urban,Strada Dezrobirii,secondary,11.8
RUTA_A,11-13,2026-04-02 11:57:15,11:47,558,0.0,0.076,2182.1,788.0,2.5,2.8,0.5391,0.5448,1,urban,Strada Dezrobirii,secondary,12.0
RUTA_A,11-13,2026-04-02 11:57:16,11:47,559,0.55,0.309,2182.2,905.0,3.582,3.7,0.7724,0.7806,1,urban,Strada Dezrobirii,secondary,12.1
RUTA_A,11-13,2026-04-02 11:57:17,11:47,560,2.22,0.603,2182.8,1307.0,6.88,6.5,1.4836,1.4993,0,urban,Strada Dezrobirii,secondary,12.1
RUTA_A,11-13,2026-04-02 11:57:18,11:47,561,4.89,0.861,2184.2,1600.0,7.631,6.5,1.6455,1.663,0,urban,Strada Dezrobirii,secondary,11.1
RUTA_A,11-13,2026-04-02 11:57:19,11:47,562,8.42,-0.059,2186.5,1799.0,6.177,3.9,1.332,1.3462,0,urban,Strada Dezrobirii,secondary,9.2
RUTA_A,11-13,2026-04-02 11:57:20,11:47,563,4.47,-1.17,2187.8,1405.0,4.414,3.1,0.9519,0.962,0,urban,Strada Dezrobirii,secondary,8.6
RUTA_A,11-13,2026-04-02 11:57:21,11:47,564,0.0,-0.62,2187.8,974.0,2.867,2.8,0.6182,0.6247,1,urban,Strada Dezrobirii,secondary,8.3
RUTA_A,11-13,2026-04-02 11:57:22,11:47,565,0.0,0.0,2187.8,906.0,2.618,2.8,0.5646,0.5706,1,urban,Strada Dezrobirii,secondary,8.4
RUTA_A,11-13,2026-04-02 11:57:23,11:47,566,0.0,0.0,2187.8,853.0,2.482,2.8,0.5353,0.5409,1,urban,Strada Dezrobirii,secondary,8.4
RUTA_A,11-13,2026-04-02 11:57:24,11:47,567,0.0,0.0,2187.8,828.0,2.543,2.8,0.5484,0.5542,1,urban,Strada Dezrobirii,secondary,8.4
RUTA_A,11-13,2026-04-02 11:57:25,11:47,568,0.0,0.0,2187.8,809.0,2.541,2.6,0.5479,0.5537,1,urban,Strada Dezrobirii,secondary,8.4
RUTA_A,11-13,2026-04-02 11:57:26,11:47,569,0.0,0.0,2187.8,796.0,2.488,2.4,0.5366,0.5423,1,urban,Strada Dezrobirii,secondary,8.4
RUTA_A,11-13,2026-04-02 11:57:27,11:47,570,0.0,0.0,2187.8,786.0,2.485,2.4,0.5358,0.5415,1,urban,Strada Dezrobirii,secondary,8.4
RUTA_A,11-13,2026-04-02 11:57:28,11:47,571,0.0,0.0,2187.8,776.0,2.49,2.4,0.5369,0.5426,1,urban,Strada Dezrobirii,secondary,8.4
RUTA_A,11-13,2026-04-02 11:57:29,11:47,572,0.0,0.0,2187.8,772.0,2.463,2.6,0.5312,0.5368,1,urban,Strada Dezrobirii,secondary,8.4
RUTA_A,11-13,2026-04-02 11:57:30,11:47,573,0.0,0.0,2187.8,770.0,2.446,2.8,0.5275,0.5331,1,urban,Strada Dezrobirii,secondary,8.4
RUTA_A,11-13,2026-04-02 11:57:31,11:47,574,0.0,0.0,2187.8,779.0,2.488,2.8,0.5366,0.5423,1,urban,Strada Dezrobirii,secondary,8.4
RUTA_A,11-13,2026-04-02 11:57:32,11:47,575,0.0,0.0,2187.8,787.0,2.524,2.6,0.5444,0.5502,1,urban,Strada Dezrobirii,secondary,8.4
RUTA_A,11-13,2026-04-02 11:57:33,11:47,576,0.0,0.0,2187.8,794.0,2.554,2.4,0.5508,0.5567,1,urban,Strada Dezrobirii,secondary,8.4
RUTA_A,11-13,2026-04-02 11:57:34,11:47,577,0.0,0.0,2187.8,786.0,2.504,2.4,0.5399,0.5456,1,urban,Strada Dezrobirii,secondary,8.4
RUTA_A,11-13,2026-04-02 11:57:35,11:47,578,0.0,0.0,2187.8,776.0,2.444,2.4,0.527,0.5326,1,urban,Strada Dezrobirii,secondary,8.4
RUTA_A,11-13,2026-04-02 11:57:36,11:47,579,0.0,0.0,2187.8,788.0,2.488,2.4,0.5366,0.5423,1,urban,Strada Dezrobirii,secondary,8.4
RUTA_A,11-13,2026-04-02 11:57:37,11:47,580,0.0,0.0,2187.8,795.0,2.509,2.4,0.5412,0.5469,1,urban,Strada Dezrobirii,secondary,8.4
RUTA_A,11-13,2026-04-02 11:57:38,11:47,581,0.0,0.0,2187.8,793.0,2.474,2.7,0.5334,0.5391,1,urban,Strada Dezrobirii,secondary,8.4
RUTA_A,11-13,2026-04-02 11:57:39,11:47,582,0.0,0.0,2187.8,790.0,2.474,2.6,0.5334,0.5391,1,urban,Strada Dezrobirii,secondary,8.4
RUTA_A,11-13,2026-04-02 11:57:40,11:47,583,0.0,0.0,2187.8,786.0,2.496,2.4,0.5382,0.5439,1,urban,Strada Dezrobirii,secondary,8.4
RUTA_A,11-13,2026-04-02 11:57:41,11:47,584,0.0,0.0,2187.8,790.0,2.491,2.5,0.5373,0.543,1,urban,Strada Dezrobirii,secondary,8.4
RUTA_A,11-13,2026-04-02 11:57:42,11:47,585,0.0,0.61,2187.8,795.0,2.481,2.7,0.5349,0.5406,1,urban,Strada Dezrobirii,secondary,8.4
RUTA_A,11-13,2026-04-02 11:57:43,11:47,586,4.39,1.387,2189.0,1514.0,14.322,18.0,3.0884,3.1211,0,urban,Strada Dezrobirii,secondary,8.4
RUTA_A,11-13,2026-04-02 11:57:44,11:47,587,9.99,1.973,2191.8,2140.0,21.881,27.3,4.7186,4.7686,0,urban,Strada Dezrobirii,secondary,7.1
RUTA_A,11-13,2026-04-02 11:57:45,11:47,588,18.6,1.615,2196.9,2293.0,12.536,12.9,2.7033,2.7319,0,urban,Strada Dezrobirii,secondary,1.1
RUTA_A,11-13,2026-04-02 11:57:46,11:47,589,21.62,0.027,2203.0,2104.0,6.636,4.9,1.4309,1.4461,0,urban,Strada Dezrobirii,secondary,2.9
RUTA_A,11-13,2026-04-02 11:57:47,11:47,590,18.79,-0.845,2208.2,1558.0,4.336,3.8,0.9351,0.945,0,urban,Strada Dezrobirii,secondary,4.9
RUTA_A,11-13,2026-04-02 11:57:48,11:47,591,15.54,-0.928,2212.5,1233.0,3.345,3.2,0.7214,0.729,0,urban,Strada Dezrobirii,secondary,7.0
RUTA_A,11-13,2026-04-02 11:57:49,11:47,592,12.11,-0.347,2215.9,994.0,2.866,2.8,0.618,0.6246,0,urban,Strada Dezrobirii,secondary,5.1
RUTA_A,11-13,2026-04-02 11:57:50,11:47,593,13.04,0.293,2219.5,1181.0,6.046,5.4,1.3037,1.3175,0,urban,Strada Dezrobirii,secondary,3.8
RUTA_A,11-13,2026-04-02 11:57:51,11:47,594,14.22,0.473,2223.4,1362.0,9.077,8.2,1.9573,1.9781,0,urban,Strada Dezrobirii,secondary,1.2
RUTA_A,11-13,2026-04-02 11:57:52,11:47,595,16.44,0.732,2228.0,1345.0,9.643,11.4,2.0794,2.1014,0,urban,Strada Dezrobirii,secondary,0.9
RUTA_A,11-13,2026-04-02 11:57:53,11:47,596,19.49,1.119,2233.4,1433.0,11.267,15.2,2.4297,2.4555,0,urban,Strada Dezrobirii,secondary,4.7
RUTA_A,11-13,2026-04-02 11:57:54,11:47,597,24.5,1.194,2240.2,1770.0,15.385,20.2,3.3177,3.3529,0,urban,Strada Dezrobirii,secondary,9.7
RUTA_A,11-13,2026-04-02 11:57:55,11:47,598,28.09,0.799,2248.0,1866.0,17.407,21.0,3.7538,3.7936,0,urban,Strada Dezrobirii,secondary,3.5
RUTA_A,11-13,2026-04-02 11:57:56,11:47,599,30.26,0.506,2256.4,1722.0,17.342,17.6,3.7398,3.7794,0,urban,Strada Dezrobirii,secondary,1.4
RUTA_A,11-13,2026-04-02 11:57:57,11:47,600,31.73,0.359,2265.2,1669.0,12.38,12.6,2.6696,2.6979,0,urban,Strada Dezrobirii,secondary,9.3
RUTA_A,11-13,2026-04-02 11:57:58,11:47,601,32.84,0.406,2274.4,1664.0,4.86,6.7,1.0481,1.0592,0,urban,Strada Dezrobirii,secondary,2.0
RUTA_A,11-13,2026-04-02 11:57:59,11:47,602,34.65,0.52,2284.0,1697.0,7.464,9.4,1.6097,1.6267,0,urban,Strada Dezrobirii,secondary,3.8
RUTA_A,11-13,2026-04-02 11:58:00,11:47,603,36.59,0.542,2294.1,1737.0,11.785,13.6,2.5415,2.5684,0,urban,Strada Dezrobirii,secondary,12.7
RUTA_A,11-13,2026-04-02 11:58:01,11:47,604,38.55,0.494,2304.9,1829.0,11.065,12.1,2.386,2.4113,0,urban,Strada Dezrobirii,secondary,4.9
RUTA_A,11-13,2026-04-02 11:58:02,11:47,605,40.15,0.297,2316.0,1916.0,9.523,9.9,2.0535,2.0753,0,urban,Strada Dezrobirii,secondary,13.8
RUTA_A,11-13,2026-04-02 11:58:03,11:47,606,40.69,0.352,2327.3,1951.0,9.495,10.1,2.0477,2.0694,0,urban,Strada Dezrobirii,secondary,6.3
RUTA_A,11-13,2026-04-02 11:58:04,11:47,607,42.68,0.819,2339.2,2039.0,13.728,15.2,2.9603,2.9917,0,urban,Strada Dezrobirii,secondary,10.3
RUTA_A,11-13,2026-04-02 11:58:05,11:47,608,46.58,0.838,2352.1,2196.0,23.583,26.8,5.0855,5.1394,0,urban,Strada Dezrobirii,secondary,8.0
RUTA_A,11-13,2026-04-02 11:58:06,11:47,609,48.71,0.451,2365.6,2308.0,21.56,24.4,4.6493,4.6986,0,urban,Strada Dezrobirii,secondary,10.1
RUTA_A,11-13,2026-04-02 11:58:07,11:47,610,49.83,0.179,2379.5,2394.0,12.769,14.1,2.7535,2.7827,0,urban,Strada Dezrobirii,secondary,7.1
RUTA_A,11-13,2026-04-02 11:58:08,11:47,611,50.0,0.017,2393.4,2383.0,8.111,8.8,1.749,1.7675,0,urban,Strada Dezrobirii,secondary,6.5
RUTA_A,11-13,2026-04-02 11:58:09,11:47,612,49.96,-0.082,2407.2,2356.0,4.627,4.9,0.9978,1.0084,0,urban,Strada Dezrobirii,secondary,8.5
RUTA_A,11-13,2026-04-02 11:58:10,11:47,613,49.41,-0.133,2421.0,2344.0,6.197,7.3,1.3364,1.3506,0,urban,Strada Dezrobirii,secondary,12.3
RUTA_A,11-13,2026-04-02 11:58:11,11:47,614,49.0,-0.057,2434.6,2338.0,7.694,9.0,1.6592,1.6767,0,urban,Strada Dezrobirii,secondary,8.4
RUTA_A,11-13,2026-04-02 11:58:12,11:47,615,49.0,-0.084,2448.2,2349.0,8.974,9.0,1.9352,1.9557,0,urban,Strada Dezrobirii,secondary,11.4
RUTA_A,11-13,2026-04-02 11:58:13,11:47,616,48.4,-0.248,2461.6,2142.0,7.697,7.4,1.6599,1.6775,0,urban,Strada Dezrobirii,secondary,8.9
RUTA_A,11-13,2026-04-02 11:58:14,11:47,617,47.21,-0.661,2474.7,1725.0,3.974,4.1,0.857,0.866,0,urban,Strada Dezrobirii,secondary,13.6
RUTA_A,11-13,2026-04-02 11:58:15,11:47,618,43.64,-1.002,2486.9,1596.0,3.266,3.5,0.7044,0.7118,0,urban,Strada Dezrobirii,secondary,8.0
RUTA_A,11-13,2026-04-02 11:58:16,11:47,619,40.0,-0.505,2498.0,1536.0,3.897,4.6,0.8404,0.8493,0,urban,Strada Dezrobirii,secondary,9.6
RUTA_A,11-13,2026-04-02 11:58:17,11:47,620,40.0,0.156,2509.1,1518.0,9.696,13.6,2.0909,2.1131,0,urban,Strada Dezrobirii,secondary,9.5
RUTA_A,11-13,2026-04-02 11:58:18,11:47,621,41.12,0.625,2520.5,1547.0,14.942,20.3,3.2222,3.2564,0,urban,Strada Dezrobirii,tertiary,7.9
RUTA_A,11-13,2026-04-02 11:58:19,11:47,622,44.5,0.908,2532.9,1674.0,19.075,22.6,4.1135,4.157,0,urban,Strada Dezrobirii,tertiary,12.2
RUTA_A,11-13,2026-04-02 11:58:20,11:47,623,47.66,0.852,2546.1,1790.0,19.496,20.0,4.2042,4.2488,0,urban,Strada Dezrobirii,secondary,7.5
RUTA_A,11-13,2026-04-02 11:58:21,11:47,624,50.63,0.534,2560.2,1899.0,16.953,13.7,3.6558,3.6945,0,urban,Strada Dezrobirii,secondary,9.0
RUTA_A,11-13,2026-04-02 11:58:22,11:47,625,51.5,0.199,2574.5,1942.0,13.86,12.6,2.9888,3.0204,0,urban,Strada Dezrobirii,secondary,8.3
RUTA_A,11-13,2026-04-02 11:58:23,11:47,626,52.07,0.159,2588.9,1974.0,11.066,12.1,2.3864,2.4116,0,urban,Strada Dezrobirii,secondary,13.4
RUTA_A,11-13,2026-04-02 11:58:24,11:47,627,52.64,0.13,2603.6,1997.0,11.118,11.9,2.3976,2.423,0,urban,Strada Dezrobirii,secondary,10.0
RUTA_A,11-13,2026-04-02 11:58:25,11:47,628,53.0,0.049,2618.3,2012.0,9.808,10.1,2.115,2.1374,0,urban,Strada Dezrobirii,secondary,9.4
RUTA_A,11-13,2026-04-02 11:58:26,11:47,629,53.0,-0.042,2633.0,2015.0,6.322,5.9,1.3632,1.3777,0,urban,Strada Dezrobirii,residential,10.5
RUTA_A,11-13,2026-04-02 11:58:27,11:47,630,52.7,-0.121,2647.7,2000.0,5.984,5.7,1.2904,1.304,0,urban,Strada Dezrobirii,residential,5.8
RUTA_A,11-13,2026-04-02 11:58:28,11:47,631,52.13,-0.034,2662.1,1971.0,8.415,9.0,1.8147,1.834,0,urban,Strada Dezrobirii,residential,11.8
RUTA_A,11-13,2026-04-02 11:58:29,11:47,632,52.45,0.121,2676.7,1973.0,9.209,10.0,1.9858,2.0069,0,urban,Strada Dezrobirii,secondary,10.4
RUTA_A,11-13,2026-04-02 11:58:30,11:47,633,53.0,0.076,2691.4,1984.0,9.506,10.2,2.0499,2.0716,0,urban,Strada Dezrobirii,secondary,12.9
RUTA_A,11-13,2026-04-02 11:58:31,11:47,634,53.0,-0.053,2706.1,1993.0,9.436,10.2,2.0348,2.0563,0,urban,Strada Dezrobirii,secondary,11.5
RUTA_A,11-13,2026-04-02 11:58:32,11:47,635,52.62,-0.206,2720.8,1990.0,8.427,9.0,1.8173,1.8366,0,urban,Strada Dezrobirii,secondary,13.0
RUTA_A,11-13,2026-04-02 11:58:33,11:47,636,51.51,-0.347,2735.1,1966.0,5.653,5.5,1.219,1.2319,0,urban,Strada Dezrobirii,secondary,12.6
RUTA_A,11-13,2026-04-02 11:58:34,11:47,637,50.12,-0.422,2749.0,1921.0,4.67,4.7,1.0072,1.0178,0,urban,Strada Dezrobirii,secondary,12.1
RUTA_A,11-13,2026-04-02 11:58:35,11:47,638,48.48,-0.352,2762.5,1858.0,5.252,6.2,1.1326,1.1446,0,urban,Strada Dezrobirii,secondary,12.7
RUTA_A,11-13,2026-04-02 11:58:36,11:47,639,47.59,-0.203,2775.7,1827.0,4.718,5.4,1.0175,1.0283,0,urban,Strada Dezrobirii,secondary,12.8
RUTA_A,11-13,2026-04-02 11:58:37,11:47,640,47.01,0.065,2788.7,1808.0,3.732,3.6,0.8047,0.8133,0,urban,Strada Dezrobirii,secondary,15.3
RUTA_A,11-13,2026-04-02 11:58:38,11:47,641,48.06,0.276,2802.1,1814.0,10.52,11.4,2.2686,2.2927,0,urban,Strada Dezrobirii,secondary,11.0
RUTA_A,11-13,2026-04-02 11:58:39,11:47,642,49.0,0.131,2815.7,1824.0,15.675,17.3,3.3802,3.416,0,urban,Strada Dezrobirii,secondary,12.4
RUTA_A,11-13,2026-04-02 11:58:40,11:47,643,49.0,-0.055,2829.3,1859.0,8.051,8.6,1.7362,1.7546,0,urban,Strada Dezrobirii,secondary,15.8
RUTA_A,11-13,2026-04-02 11:58:41,11:47,644,48.6,-0.186,2842.8,1860.0,3.574,3.5,0.7707,0.7789,0,urban,Strada Dezrobirii,secondary,15.7
RUTA_A,11-13,2026-04-02 11:58:42,11:47,645,47.66,-0.313,2856.0,1817.0,3.372,3.3,0.7271,0.7348,0,urban,Strada Dezrobirii,secondary,13.4
RUTA_A,11-13,2026-04-02 11:58:43,11:47,646,46.35,-0.485,2868.9,1697.0,3.168,3.1,0.6831,0.6904,0,urban,Strada Dezrobirii,secondary,8.2
RUTA_A,11-13,2026-04-02 11:58:44,11:47,647,44.17,-0.604,2881.2,1399.0,2.961,3.0,0.6386,0.6453,0,urban,Strada Dezrobirii,secondary,15.0
RUTA_A,11-13,2026-04-02 11:58:45,11:47,648,41.99,-1.431,2892.9,1100.0,2.754,2.8,0.594,0.6003,0,urban,Strada Dezrobirii,secondary,16.4
RUTA_A,11-13,2026-04-02 11:58:46,11:47,649,33.87,-2.953,2902.3,935.0,2.629,2.8,0.567,0.573,0,urban,Strada Dezrobirii,secondary,11.6
RUTA_A,11-13,2026-04-02 11:58:47,11:47,650,20.73,-3.648,2908.0,882.0,2.572,2.8,0.5547,0.5606,0,urban,Strada Dezrobirii,secondary,10.6
RUTA_A,11-13,2026-04-02 11:58:48,11:47,651,7.6,-2.455,2910.1,829.0,2.516,2.8,0.5425,0.5482,0,urban,Strada Dezrobirii,secondary,10.5
RUTA_A,11-13,2026-04-02 11:58:49,11:47,652,3.06,-0.811,2911.0,808.0,2.5,2.8,0.5391,0.5448,0,urban,Strada Dezrobirii,secondary,10.4
RUTA_A,11-13,2026-04-02 11:58:50,11:47,653,1.76,-0.361,2911.5,800.0,2.5,2.8,0.5391,0.5448,0,urban,Strada Dezrobirii,secondary,10.1
RUTA_A,11-13,2026-04-02 11:58:51,11:47,654,0.46,-0.123,2911.6,792.0,2.5,2.8,0.5391,0.5448,1,urban,Strada Dezrobirii,secondary,9.9
RUTA_A,11-13,2026-04-02 11:58:52,11:47,655,0.87,0.245,2911.8,954.0,3.411,4.3,0.7355,0.7433,1,urban,Strada Dezrobirii,secondary,9.7
RUTA_A,11-13,2026-04-02 11:58:53,11:47,656,2.22,0.376,2912.5,1211.0,4.825,6.7,1.0404,1.0515,0,urban,Strada Dezrobirii,secondary,9.6
RUTA_A,11-13,2026-04-02 11:58:54,11:47,657,3.58,1.183,2913.5,1468.0,6.239,9.1,1.3454,1.3596,0,urban,Strada Dezrobirii,secondary,9.5
RUTA_A,11-13,2026-04-02 11:58:55,11:47,658,10.74,2.356,2916.4,1893.0,11.375,8.7,2.453,2.479,0,urban,Strada Dezrobirii,secondary,9.0
RUTA_A,11-13,2026-04-02 11:58:56,11:47,659,20.54,1.738,2922.1,2394.0,18.199,7.1,3.9246,3.9662,0,urban,Strada Dezrobirii,secondary,10.4
RUTA_A,11-13,2026-04-02 11:58:57,11:47,660,23.26,0.802,2928.6,2073.0,18.334,15.5,3.9536,3.9955,0,urban,Strada Dezrobirii,secondary,16.1
RUTA_A,11-13,2026-04-02 11:58:58,11:47,661,26.32,1.121,2935.9,1889.0,18.778,19.7,4.0495,4.0924,0,urban,Strada Dezrobirii,secondary,9.4
RUTA_A,11-13,2026-04-02 11:58:59,11:47,662,31.33,0.955,2944.6,2203.0,21.015,11.2,4.5319,4.5799,0,urban,Strada Dezrobirii,secondary,7.0
RUTA_A,11-13,2026-04-02 11:59:00,11:47,663,33.19,0.019,2953.8,2041.0,17.133,5.7,3.6948,3.7339,0,urban,Strada Dezrobirii,secondary,12.2
RUTA_A,11-13,2026-04-02 11:59:01,11:47,664,31.46,-1.003,2962.6,1333.0,6.24,3.7,1.3455,1.3598,0,urban,Strada Dezrobirii,secondary,15.0
RUTA_A,11-13,2026-04-02 11:59:02,11:47,665,25.97,-1.716,2969.8,1052.0,3.069,3.0,0.6618,0.6688,0,urban,Strada Dezrobirii,secondary,9.4
RUTA_A,11-13,2026-04-02 11:59:03,11:47,666,19.11,-1.865,2975.1,926.0,2.725,2.8,0.5877,0.594,0,urban,Strada Dezrobirii,secondary,7.5
RUTA_A,11-13,2026-04-02 11:59:04,11:47,667,12.54,-1.634,2978.6,878.0,2.682,2.8,0.5784,0.5846,0,urban,Strada Dezrobirii,secondary,9.1
RUTA_A,11-13,2026-04-02 11:59:05,11:47,668,7.34,-0.415,2980.6,882.0,2.823,2.9,0.6088,0.6153,0,urban,Strada Dezrobirii,secondary,11.5
RUTA_A,11-13,2026-04-02 11:59:06,11:47,669,9.56,0.711,2983.3,1165.0,3.942,3.5,0.85,0.8591,0,urban,Strada Dezrobirii,secondary,9.9
RUTA_A,11-13,2026-04-02 11:59:07,11:47,670,12.46,0.985,2986.7,1524.0,8.133,8.7,1.7538,1.7724,0,urban,Strada Dezrobirii,secondary,8.5
RUTA_A,11-13,2026-04-02 11:59:08,11:47,671,16.65,1.111,2991.4,2025.0,18.055,22.3,3.8935,3.9348,0,urban,Strada Dezrobirii,secondary,8.3
RUTA_A,11-13,2026-04-02 11:59:09,11:47,672,20.46,1.032,2997.0,2235.0,16.223,24.4,3.4983,3.5354,0,urban,Strada Dezrobirii,secondary,8.4
RUTA_A,11-13,2026-04-02 11:59:10,11:47,673,24.08,0.884,3003.7,2302.0,9.031,21.2,1.9475,1.9682,0,urban,Strada Dezrobirii,primary,5.7
RUTA_A,11-13,2026-04-02 11:59:11,11:47,674,26.83,0.851,3011.2,2215.0,10.501,20.7,2.2644,2.2884,0,urban,Strada Dezrobirii,primary,3.6
RUTA_A,11-13,2026-04-02 11:59:12,11:47,675,30.2,1.259,3019.6,2217.0,13.899,22.8,2.9972,3.0289,0,urban,Strada Dezrobirii,primary,2.4
RUTA_A,11-13,2026-04-02 11:59:13,11:47,676,35.9,1.361,3029.6,2552.0,24.508,34.2,5.285,5.341,0,urban,Strada Dezrobirii,secondary,7.5
RUTA_A,11-13,2026-04-02 11:59:14,11:47,677,40.0,0.876,3040.7,2598.0,24.434,36.7,5.2691,5.3249,0,urban,Strada Dezrobirii,secondary,4.8
RUTA_A,11-13,2026-04-02 11:59:15,11:47,678,42.21,0.726,3052.4,2297.0,11.563,28.4,2.4936,2.52,0,urban,Strada Dezrobirii,secondary,10.1
RUTA_A,11-13,2026-04-02 11:59:16,11:47,679,45.23,0.904,3065.0,2239.0,15.029,28.1,3.2411,3.2754,0,urban,Strada Dezrobirii,secondary,16.0
RUTA_A,11-13,2026-04-02 11:59:17,11:47,680,48.72,0.872,3078.5,2317.0,27.685,32.2,5.9701,6.0334,0,urban,Strada Dezrobirii,secondary,6.6
RUTA_A,11-13,2026-04-02 11:59:18,11:47,681,51.51,0.77,3092.8,2430.0,30.49,34.7,6.575,6.6447,0,urban,Strada Dezrobirii,secondary,13.2
RUTA_A,11-13,2026-04-02 11:59:19,11:47,682,54.26,0.81,3107.9,2550.0,32.491,37.1,7.0066,7.0809,0,urban,Pasajul Cumpenei,secondary,9.1
RUTA_A,11-13,2026-04-02 11:59:20,11:47,683,57.34,0.695,3123.8,2695.0,35.181,40.0,7.5865,7.6669,0,urban,Pasajul Cumpenei,secondary,14.6
RUTA_A,11-13,2026-04-02 11:59:21,11:47,684,59.27,0.348,3140.3,2734.0,28.79,38.9,6.2084,6.2741,0,urban,Pasajul Cumpenei,secondary,8.4
RUTA_A,11-13,2026-04-02 11:59:22,11:47,685,59.85,0.276,3156.9,2650.0,11.782,33.2,2.5407,2.5677,0,urban,Pasajul Cumpenei,secondary,7.7
RUTA_A,11-13,2026-04-02 11:59:23,11:47,686,61.26,0.432,3173.9,2520.0,16.562,32.3,3.5715,3.6093,0,rural,Pasajul Cumpenei,secondary,9.2
RUTA_A,11-13,2026-04-02 11:59:24,11:47,687,62.96,0.472,3191.4,2374.0,28.997,32.9,6.253,6.3193,0,rural,Pasajul Cumpenei,secondary,14.2
RUTA_A,11-13,2026-04-02 11:59:25,11:47,688,64.66,0.456,3209.3,2428.0,30.37,34.2,6.5492,6.6186,0,rural,Pasajul Cumpenei,service,8.4
RUTA_A,11-13,2026-04-02 11:59:26,11:47,689,66.24,0.378,3227.7,2486.0,31.442,35.5,6.7803,6.8522,0,rural,Pasajul Cumpenei,service,10.7
RUTA_A,11-13,2026-04-02 11:59:27,11:47,690,67.38,0.244,3246.5,2536.0,32.489,36.6,7.006,7.0803,0,rural,Pasajul Cumpenei,secondary,11.3
RUTA_A,11-13,2026-04-02 11:59:28,11:47,691,68.0,0.086,3265.3,2567.0,28.702,32.2,6.1895,6.2551,0,rural,Pasajul Cumpenei,secondary,8.9
RUTA_A,11-13,2026-04-02 11:59:29,11:47,692,68.0,0.0,3284.2,2575.0,19.103,21.2,4.1196,4.1632,0,rural,Pasajul Cumpenei,secondary,6.6
RUTA_A,11-13,2026-04-02 11:59:30,11:47,693,68.0,0.0,3303.1,2574.0,17.94,18.0,3.8687,3.9097,0,rural,Pasajul Cumpenei,service,14.3
RUTA_A,11-13,2026-04-02 11:59:31,11:47,694,68.0,-0.066,3322.0,2566.0,22.169,20.0,4.7807,4.8313,0,rural,Pasajul Cumpenei,secondary,6.5
RUTA_A,11-13,2026-04-02 11:59:32,11:47,695,67.53,-0.12,3340.8,2542.0,20.581,21.7,4.4382,4.4852,0,rural,Pasajul Cumpenei,secondary,12.1
RUTA_A,11-13,2026-04-02 11:59:33,11:47,696,67.14,0.101,3359.4,2520.0,18.138,22.7,3.9115,3.9529,0,rural,Pasajul Cumpenei,secondary,12.3
RUTA_A,11-13,2026-04-02 11:59:34,11:47,697,68.25,0.208,3378.4,2551.0,20.786,19.0,4.4824,4.5299,0,rural,Pasajul Cumpenei,secondary,5.7
RUTA_A,11-13,2026-04-02 11:59:35,11:47,698,68.63,-0.102,3397.4,2438.0,19.311,14.1,4.1644,4.2085,0,rural,Pasajul Cumpenei,secondary,5.3
RUTA_A,11-13,2026-04-02 11:59:36,11:47,699,67.52,-0.269,3416.2,2033.0,9.467,6.9,2.0415,2.0631,0,rural,Pasajul Cumpenei,secondary,6.3
RUTA_A,11-13,2026-04-02 11:59:37,11:47,700,66.7,-0.193,3434.7,1599.0,4.279,3.4,0.9228,0.9325,0,rural,Pasajul Cumpenei,secondary,11.7
RUTA_A,11-13,2026-04-02 11:59:38,11:47,701,66.13,-0.157,3453.1,1141.0,3.221,3.2,0.6946,0.7019,0,rural,Pasajul Cumpenei,secondary,8.2
RUTA_A,11-13,2026-04-02 11:59:39,11:47,702,65.57,-0.158,3471.3,986.0,2.931,3.0,0.6321,0.6388,0,rural,Pasajul Cumpenei,secondary,12.0
RUTA_A,11-13,2026-04-02 11:59:40,11:47,703,65.0,-0.079,3489.4,926.0,2.88,2.8,0.621,0.6276,0,rural,Pasajul Cumpenei,secondary,6.0
RUTA_A,11-13,2026-04-02 11:59:41,11:47,704,65.0,0.0,3507.4,897.0,2.799,2.8,0.6037,0.6101,0,rural,Pasajul Cumpenei,secondary,5.1
RUTA_A,11-13,2026-04-02 11:59:42,11:47,705,65.0,0.0,3525.5,870.0,2.725,2.8,0.5876,0.5938,0,rural,Pasajul Cumpenei,secondary,4.7
RUTA_A,11-13,2026-04-02 11:59:43,11:47,706,65.0,-0.026,3543.5,857.0,2.686,2.8,0.5791,0.5853,0,rural,Pasajul Cumpenei,secondary,4.9
RUTA_A,11-13,2026-04-02 11:59:44,11:47,707,64.81,-0.102,3561.5,849.0,2.662,2.8,0.574,0.5801,0,rural,Pasajul Cumpenei,secondary,5.4
RUTA_A,11-13,2026-04-02 11:59:45,11:47,708,64.26,-0.153,3579.4,851.0,2.667,2.8,0.5752,0.5813,0,rural,Strada Cumpenei,secondary,5.9
RUTA_A,11-13,2026-04-02 11:59:46,11:47,709,63.71,-0.155,3597.1,853.0,2.673,2.8,0.5764,0.5825,0,rural,Strada Cumpenei,secondary,10.4
RUTA_A,11-13,2026-04-02 11:59:47,11:47,710,63.15,-0.16,3614.6,854.0,2.678,2.8,0.5776,0.5837,0,rural,Strada Cumpenei,secondary,3.4
RUTA_A,11-13,2026-04-02 11:59:48,11:47,711,62.56,-0.171,3632.0,849.0,2.649,2.8,0.5713,0.5773,0,rural,Strada Cumpenei,secondary,7.0
RUTA_A,11-13,2026-04-02 11:59:49,11:47,712,61.92,-0.255,3649.2,842.0,2.608,2.8,0.5624,0.5684,0,rural,Strada Cumpenei,secondary,10.3
RUTA_A,11-13,2026-04-02 11:59:50,11:47,713,60.73,-0.298,3666.1,840.0,2.578,2.8,0.556,0.5619,0,rural,Strada Cumpenei,secondary,6.9
RUTA_A,11-13,2026-04-02 11:59:51,11:47,714,59.77,-0.213,3682.7,839.0,2.578,2.8,0.556,0.5619,0,urban,Strada Cumpenei,secondary,10.5
RUTA_A,11-13,2026-04-02 11:59:52,11:47,715,59.19,-0.215,3699.1,840.0,2.625,2.8,0.566,0.572,0,urban,Strada Cumpenei,secondary,8.6
RUTA_A,11-13,2026-04-02 11:59:53,11:47,716,58.22,-0.295,3715.3,842.0,2.613,2.8,0.5634,0.5694,0,urban,Strada Cumpenei,secondary,9.9
RUTA_A,11-13,2026-04-02 11:59:54,11:47,717,57.06,-0.31,3731.1,846.0,2.572,2.8,0.5547,0.5606,0,urban,Strada Cumpenei,secondary,6.1
RUTA_A,11-13,2026-04-02 11:59:55,11:47,718,55.99,-0.336,3746.7,837.0,2.59,2.8,0.5586,0.5645,0,urban,Strada Cumpenei,secondary,11.9
RUTA_A,11-13,2026-04-02 11:59:56,11:47,719,54.65,-0.816,3761.9,828.0,2.608,2.8,0.5625,0.5684,0,urban,Strada Cumpenei,secondary,8.8
RUTA_A,11-13,2026-04-02 11:59:57,11:47,720,50.11,-1.427,3775.8,826.0,2.586,2.8,0.5576,0.5635,0,urban,Strada Cumpenei,secondary,9.8
RUTA_A,11-13,2026-04-02 11:59:58,11:47,721,44.37,-1.959,3788.1,821.0,2.572,2.8,0.5546,0.5604,0,urban,Strada Cumpenei,secondary,6.9
RUTA_A,11-13,2026-04-02 11:59:59,11:47,722,36.0,-2.37,3798.1,811.0,2.577,2.8,0.5557,0.5616,0,urban,Strada Cumpenei,secondary,10.0
RUTA_A,11-13,2026-04-02 12:00:00,11:47,723,27.31,-2.481,3805.7,802.0,2.585,2.8,0.5574,0.5633,0,urban,Strada Cumpenei,secondary,5.4
RUTA_A,11-13,2026-04-02 12:00:01,11:47,724,18.14,-2.291,3810.7,793.0,2.596,2.8,0.5598,0.5658,0,urban,Strada Cumpenei,secondary,5.1
RUTA_A,11-13,2026-04-02 12:00:02,11:47,725,10.82,-1.899,3813.8,798.0,2.608,8.1,0.5623,0.5683,0,urban,Strada Cumpenei,secondary,6.5
RUTA_A,11-13,2026-04-02 12:00:03,11:47,726,4.46,-0.443,3815.0,810.0,2.619,16.3,0.5648,0.5708,0,urban,Strada Cumpenei,secondary,8.7
RUTA_A,11-13,2026-04-02 12:00:04,11:47,727,7.63,0.93,3817.1,1138.0,4.413,12.0,0.9516,0.9617,0,urban,Strada Cumpenei,secondary,9.9
RUTA_A,11-13,2026-04-02 12:00:05,11:47,728,11.16,0.651,3820.2,1480.0,6.452,8.2,1.3914,1.4062,0,urban,Strada Cumpenei,secondary,8.8
RUTA_A,11-13,2026-04-02 12:00:06,11:47,729,12.31,0.546,3823.6,1759.0,9.15,13.4,1.9732,1.9941,0,urban,Strada Cumpenei,secondary,9.0
RUTA_A,11-13,2026-04-02 12:00:07,11:47,730,15.09,1.098,3827.8,2084.0,10.36,14.3,2.2341,2.2578,0,urban,Strada Cumpenei,secondary,11.7
RUTA_A,11-13,2026-04-02 12:00:08,11:47,731,20.22,1.511,3833.4,2476.0,9.402,8.9,2.0274,2.0489,0,urban,Strada Cumpenei,residential,10.1
RUTA_A,11-13,2026-04-02 12:00:09,11:47,732,25.97,1.641,3840.7,2508.0,16.076,17.0,3.4666,3.5034,0,urban,Strada Cumpenei,residential,6.5
RUTA_A,11-13,2026-04-02 12:00:10,11:47,733,32.04,1.655,3849.6,2350.0,26.788,32.1,5.7766,5.8378,0,urban,Strada Cumpenei,residential,10.3
RUTA_A,11-13,2026-04-02 12:00:11,11:47,734,37.89,1.559,3860.1,2606.0,20.309,20.9,4.3796,4.426,0,urban,Strada Cumpenei,secondary,9.4
RUTA_A,11-13,2026-04-02 12:00:12,11:47,735,43.26,1.054,3872.1,2856.0,12.814,8.3,2.7634,2.7927,0,urban,Strada Cumpenei,secondary,14.4
RUTA_A,11-13,2026-04-02 12:00:13,11:47,736,45.47,0.743,3884.7,2482.0,21.676,22.2,4.6743,4.7238,0,urban,Strada Cumpenei,secondary,8.1
RUTA_A,11-13,2026-04-02 12:00:14,11:47,737,48.61,1.159,3898.2,2294.0,28.826,33.0,6.2163,6.2822,0,urban,Strada Cumpenei,secondary,10.9
RUTA_A,11-13,2026-04-02 12:00:15,11:47,738,53.82,1.159,3913.2,2522.0,32.169,37.1,6.9372,7.0107,0,urban,Strada Cumpenei,secondary,7.7
RUTA_A,11-13,2026-04-02 12:00:16,11:47,739,56.96,0.665,3929.0,2554.0,25.772,36.3,5.5577,5.6166,0,urban,Strada Cumpenei,secondary,10.7
RUTA_A,11-13,2026-04-02 12:00:17,11:47,740,58.61,0.676,3945.3,2446.0,12.351,32.0,2.6634,2.6916,0,urban,Strada Cumpenei,secondary,4.7
RUTA_A,11-13,2026-04-02 12:00:18,11:47,741,61.82,0.961,3962.5,2435.0,17.966,32.9,3.8743,3.9154,0,rural,Strada Cumpenei,secondary,13.6
RUTA_A,11-13,2026-04-02 12:00:19,11:47,742,65.53,0.937,3980.7,2453.0,29.494,35.4,6.3604,6.4277,0,rural,Strada Cumpenei,secondary,6.2
RUTA_A,11-13,2026-04-02 12:00:20,11:47,743,68.57,0.774,3999.7,2566.0,33.045,32.3,7.126,7.2015,0,rural,Strada Cumpenei,secondary,10.2
RUTA_A,11-13,2026-04-02 12:00:21,11:47,744,71.1,0.432,4019.5,2635.0,32.129,26.6,6.9285,7.0019,0,rural,Strada Cumpenei,secondary,7.6
RUTA_A,11-13,2026-04-02 12:00:22,11:47,745,71.68,0.093,4039.4,2431.0,15.572,12.9,3.358,3.3936,0,rural,Strada Cumpenei,secondary,5.8
RUTA_A,11-13,2026-04-02 12:00:23,11:47,746,71.77,-0.06,4059.3,2277.0,11.484,10.8,2.4764,2.5027,0,rural,Strada Cumpenei,secondary,7.4
RUTA_A,11-13,2026-04-02 12:00:24,11:47,747,71.24,0.021,4079.1,2188.0,23.461,23.9,5.0592,5.1128,0,rural,Pasajul Cumpenei,secondary,9.0
RUTA_A,11-13,2026-04-02 12:00:25,11:47,748,71.92,0.328,4099.1,2169.0,28.61,30.2,6.1697,6.2351,0,rural,Pasajul Cumpenei,secondary,4.6
RUTA_A,11-13,2026-04-02 12:00:26,11:47,749,73.6,0.412,4119.5,2208.0,28.06,30.8,6.0511,6.1152,0,rural,Pasajul Cumpenei,secondary,5.0
RUTA_A,11-13,2026-04-02 12:00:27,11:47,750,74.88,0.331,4140.3,2239.0,26.454,28.9,5.7048,5.7652,0,rural,Pasajul Cumpenei,secondary,5.2
RUTA_A,11-13,2026-04-02 12:00:28,11:47,751,75.98,0.078,4161.4,2267.0,24.401,26.1,5.262,5.3178,0,rural,Pasajul Cumpenei,secondary,2.5
RUTA_A,11-13,2026-04-02 12:00:29,11:47,752,75.44,-0.166,4182.4,2255.0,18.637,19.9,4.0189,4.0615,0,rural,Pasajul Cumpenei,secondary,8.5
RUTA_A,11-13,2026-04-02 12:00:30,11:47,753,74.79,-0.251,4203.2,2240.0,12.989,13.8,2.8011,2.8308,0,rural,Pasajul Cumpenei,secondary,14.1
RUTA_A,11-13,2026-04-02 12:00:31,11:47,754,73.64,-0.359,4223.6,2212.0,7.851,7.7,1.6931,1.7111,0,rural,Pasajul Cumpenei,secondary,9.0
RUTA_A,11-13,2026-04-02 12:00:32,11:47,755,72.2,-0.449,4243.7,2173.0,4.667,4.2,1.0064,1.017,0,rural,Pasajul Cumpenei,secondary,4.5
RUTA_A,11-13,2026-04-02 12:00:33,11:47,756,70.4,-0.437,4263.2,2119.0,3.918,4.0,0.8449,0.8538,0,rural,Pasajul Cumpenei,secondary,8.1
RUTA_A,11-13,2026-04-02 12:00:34,11:47,757,69.06,-0.354,4282.4,2081.0,3.708,3.9,0.7995,0.808,0,rural,Pasajul Cumpenei,secondary,13.2
RUTA_A,11-13,2026-04-02 12:00:35,11:47,758,67.85,-0.324,4301.2,2091.0,3.688,3.9,0.7954,0.8038,0,rural,Pasajul Cumpenei,secondary,6.7
RUTA_A,11-13,2026-04-02 12:00:36,11:47,759,66.73,-0.257,4319.8,2381.0,3.902,3.9,0.8415,0.8504,0,rural,Pasajul Cumpenei,secondary,0.7
RUTA_A,11-13,2026-04-02 12:00:37,11:47,760,66.0,-0.101,4338.1,2554.0,3.951,3.9,0.8519,0.861,0,rural,Pasajul Cumpenei,secondary,7.3
RUTA_A,11-13,2026-04-02 12:00:38,11:47,761,66.0,-0.082,4356.4,2515.0,3.699,3.9,0.7977,0.8062,0,rural,Pasajul Cumpenei,secondary,12.6
RUTA_A,11-13,2026-04-02 12:00:39,11:47,762,65.41,-0.239,4374.6,2477.0,3.568,3.8,0.7695,0.7776,0,rural,Pasajul Cumpenei,secondary,1.0
RUTA_A,11-13,2026-04-02 12:00:40,11:47,763,64.28,-0.306,4392.5,2441.0,3.546,3.6,0.7646,0.7727,0,rural,Pasajul Cumpenei,secondary,10.7
RUTA_A,11-13,2026-04-02 12:00:41,11:47,764,63.21,-0.297,4410.0,2399.0,3.504,3.5,0.7557,0.7637,0,rural,Pasajul Cumpenei,secondary,4.0
RUTA_A,11-13,2026-04-02 12:00:42,11:47,765,62.14,-0.613,4427.3,2355.0,3.456,3.5,0.7454,0.7533,0,rural,Pasajul Cumpenei,secondary,15.5
RUTA_A,11-13,2026-04-02 12:00:43,11:47,766,58.79,-0.982,4443.6,2235.0,3.468,3.5,0.7479,0.7559,0,urban,Pasajul Cumpenei,secondary,1.5
RUTA_A,11-13,2026-04-02 12:00:44,11:47,767,55.07,-0.608,4458.9,2103.0,3.49,3.5,0.7525,0.7605,0,urban,Pasajul Cumpenei,secondary,9.8
RUTA_A,11-13,2026-04-02 12:00:45,11:47,768,54.41,-0.149,4474.0,2064.0,3.431,3.5,0.7399,0.7478,0,urban,Pasajul Cumpenei,secondary,8.2
RUTA_A,11-13,2026-04-02 12:00:46,11:47,769,54.0,-0.057,4489.0,2036.0,3.383,3.5,0.7295,0.7372,0,urban,Pasajul Cumpenei,secondary,6.2
RUTA_A,11-13,2026-04-02 12:00:47,11:47,770,54.0,-0.233,4504.0,2030.0,3.359,3.5,0.7244,0.7321,0,urban,Pasajul Cumpenei,secondary,4.0
RUTA_A,11-13,2026-04-02 12:00:48,11:47,771,52.32,-0.622,4518.6,1980.0,3.303,3.4,0.7123,0.7198,0,urban,Pasajul Cumpenei,secondary,16.1
RUTA_A,11-13,2026-04-02 12:00:49,11:47,772,49.52,-1.185,4532.3,1901.0,3.225,3.2,0.6954,0.7027,0,urban,Pasajul Cumpenei,secondary,3.3
RUTA_A,11-13,2026-04-02 12:00:50,11:47,773,43.78,-1.685,4544.5,1575.0,3.063,3.1,0.6605,0.6675,0,urban,Pasajul Cumpenei,secondary,12.4
RUTA_A,11-13,2026-04-02 12:00:51,11:47,774,37.38,-1.78,4554.9,1213.0,2.884,3.1,0.6219,0.6285,0,urban,Strada Cumpenei,secondary,9.1
RUTA_A,11-13,2026-04-02 12:00:52,11:47,775,30.97,-1.768,4563.5,1044.0,2.715,2.9,0.5854,0.5916,0,urban,Strada Cumpenei,secondary,2.3
RUTA_A,11-13,2026-04-02 12:00:53,11:47,776,24.66,-1.731,4570.3,916.0,2.589,2.8,0.5582,0.5642,0,urban,Strada Cumpenei,secondary,7.7
RUTA_A,11-13,2026-04-02 12:00:54,11:47,777,18.5,-1.345,4575.5,855.0,2.533,2.8,0.5462,0.552,0,urban,Strada Cumpenei,secondary,12.0
RUTA_A,11-13,2026-04-02 12:00:55,11:47,778,14.97,-0.732,4579.6,819.0,2.5,2.8,0.539,0.5448,0,urban,Strada Cumpenei,secondary,13.5
RUTA_A,11-13,2026-04-02 12:00:56,11:47,779,13.23,-0.203,4583.3,801.0,2.482,2.8,0.5353,0.541,0,urban,Strada Cumpenei,secondary,11.6
RUTA_A,11-13,2026-04-02 12:00:57,11:47,780,13.51,0.054,4587.0,781.0,2.414,2.5,0.5205,0.5261,0,urban,Strada Cumpenei,secondary,8.2
RUTA_A,11-13,2026-04-02 12:00:58,11:47,781,13.62,-0.31,4590.8,768.0,2.362,2.4,0.5094,0.5148,0,urban,Strada Cumpenei,secondary,5.9
RUTA_A,11-13,2026-04-02 12:00:59,11:47,782,11.28,-0.392,4594.0,787.0,2.439,2.6,0.5259,0.5314,0,urban,Strada Cumpenei,secondary,6.0
RUTA_A,11-13,2026-04-02 12:01:00,11:47,783,10.79,0.175,4597.0,951.0,3.742,4.4,0.8069,0.8155,0,urban,Strada Cumpenei,secondary,7.6
RUTA_A,11-13,2026-04-02 12:01:01,11:47,784,12.54,0.019,4600.4,1287.0,6.515,8.1,1.405,1.4198,0,urban,Strada Cumpenei,secondary,8.9
RUTA_A,11-13,2026-04-02 12:01:02,11:47,785,10.93,-0.615,4603.5,1465.0,5.94,6.6,1.2809,1.2945,0,urban,Strada Cumpenei,secondary,7.0
RUTA_A,11-13,2026-04-02 12:01:03,11:47,786,8.11,-1.018,4605.7,1585.0,4.158,3.3,0.8966,0.9061,0,urban,Strada Cumpenei,secondary,6.6
RUTA_A,11-13,2026-04-02 12:01:04,11:47,787,3.59,-1.126,4606.7,1229.0,3.363,2.9,0.7252,0.7329,0,urban,Strada Cumpenei,secondary,6.9
RUTA_A,11-13,2026-04-02 12:01:05,11:47,788,0.0,-0.499,4606.7,957.0,2.809,2.8,0.6058,0.6123,1,urban,Strada Cumpenei,secondary,6.8
RUTA_A,11-13,2026-04-02 12:01:06,11:47,789,0.0,0.0,4606.7,1061.0,2.993,3.0,0.6454,0.6522,1,urban,Strada Cumpenei,secondary,6.9
RUTA_A,11-13,2026-04-02 12:01:07,11:47,790,0.0,0.0,4606.7,1072.0,2.984,3.1,0.6436,0.6504,1,urban,Strada Cumpenei,secondary,7.0
RUTA_A,11-13,2026-04-02 12:01:08,11:47,791,0.0,0.0,4606.7,952.0,2.706,2.8,0.5836,0.5898,1,urban,Strada Cumpenei,secondary,7.0
RUTA_A,11-13,2026-04-02 12:01:09,11:47,792,0.0,0.0,4606.7,919.0,2.801,6.3,0.604,0.6104,1,urban,Strada Cumpenei,secondary,7.0
RUTA_A,11-13,2026-04-02 12:01:10,11:47,793,0.0,0.811,4606.7,958.0,3.206,12.9,0.6913,0.6987,1,urban,Strada Cumpenei,secondary,7.0
RUTA_A,11-13,2026-04-02 12:01:11,11:47,794,5.84,1.814,4608.4,1222.0,9.051,18.1,1.9518,1.9725,0,urban,Strada Cumpenei,secondary,7.0
RUTA_A,11-13,2026-04-02 12:01:12,11:47,795,13.06,2.071,4612.0,1575.0,14.572,21.0,3.1423,3.1756,0,urban,Strada Cumpenei,secondary,6.3
RUTA_A,11-13,2026-04-02 12:01:13,11:47,796,20.75,1.517,4617.7,2163.0,10.453,11.0,2.2542,2.2781,0,urban,Strada Cumpenei,primary,2.0
RUTA_A,11-13,2026-04-02 12:01:14,11:47,797,23.99,0.135,4624.4,2265.0,7.048,5.0,1.5199,1.536,0,urban,Strada Cumpenei,primary,7.5
RUTA_A,11-13,2026-04-02 12:01:15,11:47,798,21.73,-0.679,4630.4,1765.0,4.521,3.9,0.975,0.9853,0,urban,Strada Cumpenei,primary,8.7
RUTA_A,11-13,2026-04-02 12:01:16,11:47,799,19.1,-0.754,4635.7,1490.0,4.383,4.6,0.9452,0.9553,0,urban,Strada Cumpenei,primary,7.7
RUTA_A,11-13,2026-04-02 12:01:17,11:47,800,16.3,-0.359,4640.3,1321.0,5.375,6.1,1.1591,1.1714,0,urban,Bulevardul I. C. Brătianu,primary,2.7
RUTA_A,11-13,2026-04-02 12:01:18,11:47,801,16.51,0.244,4644.9,1412.0,9.633,11.9,2.0774,2.0994,0,urban,Bulevardul I. C. Brătianu,primary,2.9
RUTA_A,11-13,2026-04-02 12:01:19,11:47,802,18.06,1.234,4649.9,1565.0,14.68,18.4,3.1657,3.1992,0,urban,Bulevardul I. C. Brătianu,primary,1.6
RUTA_A,11-13,2026-04-02 12:01:20,11:47,803,25.4,1.765,4656.9,1903.0,22.111,26.6,4.7682,4.8187,0,urban,Bulevardul I. C. Brătianu,primary,5.2
RUTA_A,11-13,2026-04-02 12:01:21,11:47,804,30.77,1.228,4665.5,2054.0,19.795,22.7,4.2688,4.314,0,urban,Bulevardul I. C. Brătianu,primary,11.3
RUTA_A,11-13,2026-04-02 12:01:22,11:47,805,34.24,0.463,4675.0,2026.0,8.076,7.3,1.7416,1.7601,0,urban,Bulevardul I. C. Brătianu,primary,5.8
RUTA_A,11-13,2026-04-02 12:01:23,11:47,806,34.1,-0.175,4684.5,1597.0,4.326,3.4,0.933,0.9429,0,urban,Bulevardul I. C. Brătianu,primary,4.9
RUTA_A,11-13,2026-04-02 12:01:24,11:47,807,32.98,-0.232,4693.6,1073.0,2.865,2.8,0.6179,0.6244,0,urban,Bulevardul I. C. Brătianu,primary,3.4
RUTA_A,11-13,2026-04-02 12:01:25,11:47,808,32.43,-0.277,4702.6,979.0,2.745,2.8,0.592,0.5983,0,urban,Bulevardul I. C. Brătianu,primary,7.4
RUTA_A,11-13,2026-04-02 12:01:26,11:47,809,30.98,-0.886,4711.2,901.0,2.649,3.4,0.5712,0.5773,0,urban,Bulevardul I. C. Brătianu,primary,4.9
RUTA_A,11-13,2026-04-02 12:01:27,11:47,810,26.05,-0.927,4718.5,886.0,2.643,6.4,0.57,0.5761,0,urban,Bulevardul I. C. Brătianu,primary,4.7
RUTA_A,11-13,2026-04-02 12:01:28,11:47,811,24.31,0.235,4725.2,1129.0,7.455,12.9,1.6077,1.6248,0,urban,Bulevardul I. C. Brătianu,primary,6.2
RUTA_A,11-13,2026-04-02 12:01:29,11:47,812,27.74,1.135,4732.9,1793.0,20.094,25.0,4.3332,4.3791,0,urban,Bulevardul I. C. Brătianu,primary,4.1
RUTA_A,11-13,2026-04-02 12:01:30,11:47,813,32.48,1.422,4742.0,2278.0,27.204,22.2,5.8664,5.9285,0,urban,Bulevardul I. C. Brătianu,primary,8.4
RUTA_A,11-13,2026-04-02 12:01:31,11:47,814,37.98,1.09,4752.5,2660.0,31.121,10.8,6.7112,6.7823,0,urban,Bulevardul I. C. Brătianu,primary,2.6
RUTA_A,11-13,2026-04-02 12:01:32,11:47,815,40.33,0.554,4763.7,2382.0,28.53,17.3,6.1524,6.2176,0,urban,Bulevardul I. C. Brătianu,primary,9.7
RUTA_A,11-13,2026-04-02 12:01:33,11:47,816,41.97,0.687,4775.4,1953.0,24.452,28.0,5.2729,5.3288,0,urban,Bulevardul I. C. Brătianu,primary,3.2
RUTA_A,11-13,2026-04-02 12:01:34,11:47,817,45.28,0.882,4787.9,2134.0,22.708,16.5,4.897,4.9489,0,urban,Bulevardul I. C. Brătianu,primary,16.7
RUTA_A,11-13,2026-04-02 12:01:35,11:47,818,48.32,0.656,4801.4,2250.0,21.625,8.8,4.6634,4.7128,0,urban,Bulevardul I. C. Brătianu,tertiary,6.1
RUTA_A,11-13,2026-04-02 12:01:36,11:47,819,50.0,0.533,4815.3,2035.0,23.205,20.3,5.0041,5.0571,0,urban,Bulevardul I. C. Brătianu,tertiary,9.5
RUTA_A,11-13,2026-04-02 12:01:37,11:47,820,52.15,0.692,4829.7,1953.0,24.018,26.8,5.1793,5.2342,0,urban,Bulevardul I. C. Brătianu,residential,17.4
RUTA_A,11-13,2026-04-02 12:01:38,11:47,821,54.98,0.633,4845.0,2062.0,23.718,26.1,5.1147,5.1689,0,urban,Bulevardul I. C. Brătianu,residential,9.0
RUTA_A,11-13,2026-04-02 12:01:39,11:47,822,56.71,0.395,4860.8,2126.0,19.999,21.4,4.3127,4.3584,0,urban,Bulevardul I. C. Brătianu,residential,5.1
RUTA_A,11-13,2026-04-02 12:01:40,11:47,823,57.82,0.043,4876.8,2165.0,14.357,14.4,3.0961,3.1289,0,urban,Bulevardul I. C. Brătianu,primary,1.7
RUTA_A,11-13,2026-04-02 12:01:41,11:47,824,57.02,-0.281,4892.7,2142.0,9.174,8.9,1.9784,1.9993,0,urban,Bulevardul I. C. Brătianu,primary,1.5
RUTA_A,11-13,2026-04-02 12:01:42,11:47,825,55.8,-0.397,4908.2,2105.0,4.626,4.3,0.9976,1.0082,0,urban,Bulevardul I. C. Brătianu,primary,4.1
RUTA_A,11-13,2026-04-02 12:01:43,11:47,826,54.16,-0.457,4923.2,2045.0,3.95,3.8,0.8517,0.8607,0,urban,Bulevardul I. C. Brătianu,residential,8.8
RUTA_A,11-13,2026-04-02 12:01:44,11:47,827,52.51,-0.463,4937.8,1985.0,3.882,4.5,0.8371,0.846,0,urban,Bulevardul I. C. Brătianu,residential,7.2
RUTA_A,11-13,2026-04-02 12:01:45,11:47,828,50.83,-0.349,4951.9,1922.0,5.297,7.8,1.1422,1.1543,0,urban,Bulevardul I. C. Brătianu,primary,4.2
RUTA_A,11-13,2026-04-02 12:01:46,11:47,829,50.0,-0.115,4965.8,1890.0,7.039,9.6,1.518,1.5341,0,urban,Bulevardul I. C. Brătianu,primary,7.4
RUTA_A,11-13,2026-04-02 12:01:47,11:47,830,50.0,0.0,4979.7,1889.0,9.097,10.1,1.9617,1.9825,0,urban,Bulevardul I. C. Brătianu,primary,11.9
RUTA_A,11-13,2026-04-02 12:01:48,11:47,831,50.0,0.008,4993.6,1894.0,9.556,10.4,2.0608,2.0826,0,urban,Bulevardul I. C. Brătianu,primary,1.9
RUTA_A,11-13,2026-04-02 12:01:49,11:47,832,50.06,0.087,5007.5,1900.0,9.618,10.3,2.074,2.096,0,urban,Bulevardul I. C. Brătianu,primary,9.8
RUTA_A,11-13,2026-04-02 12:01:50,11:47,833,50.62,0.025,5021.6,1904.0,9.493,7.2,2.0471,2.0688,0,urban,Bulevardul I. C. Brătianu,primary,6.5
RUTA_A,11-13,2026-04-02 12:01:51,11:47,834,50.24,-0.366,5035.5,1887.0,8.222,4.7,1.7731,1.7919,0,urban,Bulevardul I. C. Brătianu,primary,5.3
RUTA_A,11-13,2026-04-02 12:01:52,11:47,835,47.99,-0.536,5048.8,1827.0,4.709,3.6,1.0155,1.0262,0,urban,Bulevardul I. C. Brătianu,primary,8.8
RUTA_A,11-13,2026-04-02 12:01:53,11:47,836,46.38,-0.377,5061.7,1769.0,3.127,3.1,0.6742,0.6814,0,urban,Bulevardul I. C. Brătianu,primary,4.9
RUTA_A,11-13,2026-04-02 12:01:54,11:47,837,45.27,-0.669,5074.3,1711.0,3.049,3.1,0.6576,0.6645,0,urban,Bulevardul I. C. Brătianu,primary,2.2
RUTA_A,11-13,2026-04-02 12:01:55,11:47,838,41.56,-1.151,5085.8,1436.0,3.004,3.1,0.6478,0.6547,0,urban,Bulevardul I. C. Brătianu,primary,3.5
RUTA_A,11-13,2026-04-02 12:01:56,11:47,839,36.99,-1.033,5096.1,1091.0,2.97,3.1,0.6404,0.6472,0,urban,Bulevardul I. C. Brătianu,primary,2.2
RUTA_A,11-13,2026-04-02 12:01:57,11:47,840,34.12,-0.82,5105.6,1335.0,2.924,3.1,0.6305,0.6372,0,urban,Bulevardul I. C. Brătianu,primary,9.2
RUTA_A,11-13,2026-04-02 12:01:58,11:47,841,31.08,-0.912,5114.2,1476.0,2.861,3.1,0.617,0.6235,0,urban,Bulevardul I. C. Brătianu,primary,3.7
RUTA_A,11-13,2026-04-02 12:01:59,11:47,842,27.55,-0.706,5121.9,1326.0,2.749,2.9,0.5928,0.5991,0,urban,Bulevardul I. C. Brătianu,primary,4.8
RUTA_A,11-13,2026-04-02 12:02:00,11:47,843,26.0,-0.216,5129.1,1412.0,5.985,6.2,1.2906,1.3043,0,urban,Bulevardul I. C. Brătianu,primary,1.0
RUTA_A,11-13,2026-04-02 12:02:01,11:47,844,26.0,0.375,5136.3,1685.0,11.85,12.3,2.5555,2.5826,0,urban,Bulevardul I. C. Brătianu,primary,2.9
RUTA_A,11-13,2026-04-02 12:02:02,11:47,845,28.7,0.91,5144.3,1687.0,15.541,17.0,3.3514,3.3869,0,urban,Bulevardul I. C. Brătianu,primary,8.1
RUTA_A,11-13,2026-04-02 12:02:03,11:47,846,32.55,1.149,5153.3,1573.0,18.3,21.1,3.9463,3.9881,0,urban,Bulevardul I. C. Brătianu,primary,2.7
RUTA_A,11-13,2026-04-02 12:02:04,11:47,847,36.97,1.213,5163.6,1734.0,21.175,24.5,4.5663,4.6146,0,urban,Bulevardul I. C. Brătianu,primary,8.5
RUTA_A,11-13,2026-04-02 12:02:05,11:47,848,41.29,0.989,5175.1,1926.0,23.547,27.1,5.0778,5.1316,0,urban,Bulevardul I. C. Brătianu,primary,2.4
RUTA_A,11-13,2026-04-02 12:02:06,11:47,849,44.09,0.655,5187.3,2067.0,21.358,24.1,4.6058,4.6546,0,urban,Bulevardul I. C. Brătianu,primary,9.5
RUTA_A,11-13,2026-04-02 12:02:07,11:47,850,46.0,0.265,5200.1,2173.0,17.295,18.9,3.7297,3.7692,0,urban,Bulevardul I. C. Brătianu,primary,5.0
RUTA_A,11-13,2026-04-02 12:02:08,11:47,851,46.0,0.0,5212.9,2206.0,9.249,9.2,1.9946,2.0157,0,urban,Bulevardul I. C. Brătianu,primary,8.4
RUTA_A,11-13,2026-04-02 12:02:09,11:47,852,46.0,0.0,5225.7,2216.0,6.842,6.7,1.4755,1.4911,0,urban,Bulevardul I. C. Brătianu,primary,2.5
RUTA_A,11-13,2026-04-02 12:02:10,11:47,853,46.0,0.0,5238.4,2203.0,10.234,11.5,2.2068,2.2302,0,urban,Bulevardul I. C. Brătianu,primary,9.9
RUTA_A,11-13,2026-04-02 12:02:11,11:47,854,46.0,0.0,5251.2,2219.0,8.842,10.6,1.9068,1.927,0,urban,Bulevardul I. C. Brătianu,primary,5.6
RUTA_A,11-13,2026-04-02 12:02:12,11:47,855,46.0,-0.727,5264.0,2242.0,6.054,8.1,1.3056,1.3194,0,urban,Bulevardul I. C. Brătianu,residential,3.2
RUTA_A,11-13,2026-04-02 12:02:13,11:47,856,40.77,-1.547,5275.3,1809.0,4.381,5.2,0.9448,0.9548,0,urban,Bulevardul I. C. Brătianu,primary,10.3
RUTA_A,11-13,2026-04-02 12:02:14,11:47,857,34.86,-1.776,5285.0,1369.0,3.032,2.8,0.6539,0.6608,0,urban,Bulevardul I. C. Brătianu,primary,1.4
RUTA_A,11-13,2026-04-02 12:02:15,11:47,858,27.98,-1.607,5292.8,1107.0,2.803,2.8,0.6044,0.6108,0,urban,Bulevardul I. C. Brătianu,primary,9.6
RUTA_A,11-13,2026-04-02 12:02:16,11:47,859,23.29,-0.885,5299.2,942.0,2.656,5.2,0.5727,0.5788,0,urban,Bulevardul I. C. Brătianu,primary,7.4
RUTA_A,11-13,2026-04-02 12:02:17,11:47,860,21.61,-0.126,5305.2,910.0,2.622,10.9,0.5655,0.5715,0,urban,Bulevardul I. C. Brătianu,primary,3.6
RUTA_A,11-13,2026-04-02 12:02:18,11:47,861,22.38,0.409,5311.5,1206.0,7.301,16.3,1.5744,1.591,0,urban,Bulevardul I. C. Brătianu,primary,2.2
RUTA_A,11-13,2026-04-02 12:02:19,11:47,862,24.56,0.617,5318.3,1688.0,14.653,21.7,3.1598,3.1933,0,urban,Bulevardul I. C. Brătianu,primary,5.5
RUTA_A,11-13,2026-04-02 12:02:20,11:47,863,26.83,0.617,5325.7,1761.0,11.03,14.0,2.3787,2.4039,0,urban,Bulevardul I. C. Brătianu,primary,2.9
RUTA_A,11-13,2026-04-02 12:02:21,11:47,864,29.0,0.302,5333.8,1721.0,5.088,3.9,1.0972,1.1089,0,urban,Bulevardul I. C. Brătianu,primary,2.1
RUTA_A,11-13,2026-04-02 12:02:22,11:47,865,29.0,0.147,5341.8,1551.0,8.261,10.0,1.7815,1.8004,0,urban,Bulevardul I. C. Brătianu,primary,11.4
RUTA_A,11-13,2026-04-02 12:02:23,11:47,866,30.06,0.526,5350.2,1480.0,11.579,13.2,2.4971,2.5235,0,urban,Bulevardul I. C. Brătianu,tertiary,2.5
RUTA_A,11-13,2026-04-02 12:02:24,11:47,867,32.79,0.639,5359.3,1564.0,15.126,11.9,3.2618,3.2963,0,urban,Bulevardul I. C. Brătianu,primary,3.2
RUTA_A,11-13,2026-04-02 12:02:25,11:47,868,34.66,0.424,5368.9,1628.0,14.3,10.5,3.0838,3.1165,0,urban,Bulevardul I. C. Brătianu,tertiary,8.8
RUTA_A,11-13,2026-04-02 12:02:26,11:47,869,35.84,0.186,5378.9,1677.0,9.984,8.8,2.153,2.1758,0,urban,Bulevardul I. C. Brătianu,tertiary,7.8
RUTA_A,11-13,2026-04-02 12:02:27,11:47,870,36.0,0.067,5388.9,1685.0,10.56,11.8,2.2772,2.3013,0,urban,Bulevardul I. C. Brătianu,primary,2.5
RUTA_A,11-13,2026-04-02 12:02:28,11:47,871,36.33,0.354,5399.0,1705.0,12.381,15.1,2.6699,2.6982,0,urban,Bulevardul I. C. Brătianu,primary,7.3
RUTA_A,11-13,2026-04-02 12:02:29,11:47,872,38.55,0.589,5409.7,1821.0,17.048,16.7,3.6764,3.7153,0,urban,Bulevardul I. C. Brătianu,primary,5.1
RUTA_A,11-13,2026-04-02 12:02:30,11:47,873,40.57,0.513,5421.0,1924.0,18.767,16.5,4.047,4.0899,0,urban,Bulevardul I. C. Brătianu,primary,1.8
RUTA_A,11-13,2026-04-02 12:02:31,11:47,874,42.24,0.337,5432.7,2003.0,14.862,13.3,3.205,3.2389,0,urban,Bulevardul I. C. Brătianu,primary,10.2
RUTA_A,11-13,2026-04-02 12:02:32,11:47,875,43.0,0.106,5444.6,2045.0,12.94,12.6,2.7904,2.82,0,urban,Bulevardul I. C. Brătianu,primary,1.9
RUTA_A,11-13,2026-04-02 12:02:33,11:47,876,43.0,0.142,5456.6,2053.0,12.699,14.2,2.7385,2.7675,0,urban,Bulevardul I. C. Brătianu,primary,7.1
RUTA_A,11-13,2026-04-02 12:02:34,11:47,877,44.02,0.31,5468.8,2097.0,13.946,15.5,3.0073,3.0392,0,urban,Bulevardul I. C. Brătianu,primary,4.3
RUTA_A,11-13,2026-04-02 12:02:35,11:47,878,45.23,0.327,5481.4,2148.0,15.213,16.1,3.2806,3.3154,0,urban,Bulevardul I. C. Brătianu,primary,10.4
RUTA_A,11-13,2026-04-02 12:02:36,11:47,879,46.38,0.246,5494.3,2197.0,15.425,14.3,3.3264,3.3617,0,urban,Bulevardul I. C. Brătianu,primary,4.5
RUTA_A,11-13,2026-04-02 12:02:37,11:47,880,47.0,0.086,5507.3,2232.0,14.402,12.9,3.1058,3.1387,0,urban,Bulevardul I. C. Brătianu,primary,5.2
RUTA_A,11-13,2026-04-02 12:02:38,11:47,881,47.0,0.0,5520.4,2248.0,11.934,12.1,2.5736,2.6008,0,urban,Bulevardul I. C. Brătianu,primary,1.9
RUTA_A,11-13,2026-04-02 12:02:39,11:47,882,47.0,0.0,5533.4,2257.0,11.267,12.0,2.4297,2.4554,0,urban,Bulevardul I. C. Brătianu,residential,3.3
RUTA_A,11-13,2026-04-02 12:02:40,11:47,883,47.0,0.065,5546.5,2262.0,11.519,12.5,2.4841,2.5104,0,urban,Bulevardul I. C. Brătianu,residential,11.0
RUTA_A,11-13,2026-04-02 12:02:41,11:47,884,47.47,0.142,5559.7,2273.0,12.402,18.2,2.6745,2.7028,0,urban,Bulevardul I. C. Brătianu,primary,1.8
RUTA_A,11-13,2026-04-02 12:02:42,11:47,885,48.03,0.153,5573.0,2276.0,13.15,24.3,2.8357,2.8657,0,urban,Bulevardul I. C. Brătianu,primary,9.0
RUTA_A,11-13,2026-04-02 12:02:43,11:47,886,48.57,0.135,5586.5,2122.0,8.673,15.5,1.8703,1.8901,0,urban,Bulevardul I. C. Brătianu,primary,4.8
RUTA_A,11-13,2026-04-02 12:02:44,11:47,887,49.0,0.06,5600.1,1981.0,5.692,9.0,1.2275,1.2406,0,urban,Bulevardul I. C. Brătianu,primary,5.7
RUTA_A,11-13,2026-04-02 12:02:45,11:47,888,49.0,0.079,5613.7,1894.0,8.239,10.8,1.7767,1.7955,0,urban,Bulevardul I. C. Brătianu,primary,3.7
RUTA_A,11-13,2026-04-02 12:02:46,11:47,889,49.57,0.238,5627.5,1868.0,11.469,13.7,2.4733,2.4995,0,urban,Bulevardul I. C. Brătianu,residential,1.6
RUTA_A,11-13,2026-04-02 12:02:47,11:47,890,50.72,0.139,5641.6,1905.0,15.402,17.5,3.3215,3.3567,0,urban,Bulevardul I. C. Brătianu,residential,2.7
RUTA_A,11-13,2026-04-02 12:02:48,11:47,891,50.57,-0.1,5655.6,1901.0,11.421,12.2,2.4629,2.4889,0,urban,Bulevardul I. C. Brătianu,residential,14.5
RUTA_A,11-13,2026-04-02 12:02:49,11:47,892,50.0,-0.156,5669.5,1884.0,4.877,3.9,1.0518,1.0629,0,urban,Bulevardul I. C. Brătianu,primary,1.0
RUTA_A,11-13,2026-04-02 12:02:50,11:47,893,49.45,-0.124,5683.2,1879.0,8.511,8.9,1.8354,1.8548,0,urban,Bulevardul I. C. Brătianu,primary,0.9
RUTA_A,11-13,2026-04-02 12:02:51,11:47,894,49.11,0.029,5696.9,1875.0,11.408,12.8,2.4601,2.4862,0,urban,Bulevardul I. C. Brătianu,primary,1.6
RUTA_A,11-13,2026-04-02 12:02:52,11:47,895,49.65,0.124,5710.7,1879.0,11.244,12.2,2.4247,2.4504,0,urban,Bulevardul I. C. Brătianu,primary,10.7
RUTA_A,11-13,2026-04-02 12:02:53,11:47,896,50.0,0.048,5724.6,1878.0,10.839,10.5,2.3375,2.3622,0,urban,Bulevardul I. C. Brătianu,primary,1.4
RUTA_A,11-13,2026-04-02 12:02:54,11:47,897,50.0,-0.199,5738.5,1868.0,10.024,7.1,2.1617,2.1846,0,urban,Bulevardul I. C. Brătianu,primary,9.1
RUTA_A,11-13,2026-04-02 12:02:55,11:47,898,48.57,-0.505,5751.9,1826.0,7.398,4.9,1.5954,1.6123,0,urban,Bulevardul I. C. Brătianu,primary,2.7
RUTA_A,11-13,2026-04-02 12:02:56,11:47,899,46.37,-0.548,5764.8,1768.0,3.801,3.4,0.8196,0.8283,0,urban,Bulevardul I. C. Brătianu,primary,11.9
RUTA_A,11-13,2026-04-02 12:02:57,11:47,900,44.62,-0.469,5777.2,1699.0,3.131,3.5,0.6752,0.6824,0,urban,Bulevardul I. C. Brătianu,primary,1.7
RUTA_A,11-13,2026-04-02 12:02:58,11:47,901,42.99,-0.297,5789.2,1629.0,3.107,4.0,0.6699,0.677,0,urban,Bulevardul I. C. Brătianu,primary,8.8
RUTA_A,11-13,2026-04-02 12:02:59,11:47,902,42.49,-0.134,5801.0,1616.0,6.084,7.3,1.312,1.3259,0,urban,Bulevardul I. C. Brătianu,primary,2.8
RUTA_A,11-13,2026-04-02 12:03:00,11:47,903,42.02,0.028,5812.6,1604.0,8.948,10.5,1.9296,1.95,0,urban,Bulevardul I. C. Brătianu,primary,8.1
RUTA_A,11-13,2026-04-02 12:03:01,11:47,904,42.69,0.052,5824.5,1608.0,8.595,6.5,1.8534,1.873,0,urban,Bulevardul I. C. Brătianu,primary,8.8
RUTA_A,11-13,2026-04-02 12:03:02,11:47,905,42.4,-0.198,5836.3,1451.0,6.832,4.2,1.4733,1.489,0,urban,Bulevardul I. C. Brătianu,primary,1.9
RUTA_A,11-13,2026-04-02 12:03:03,11:47,906,41.26,-0.318,5847.7,1154.0,3.84,3.3,0.8281,0.8369,0,urban,Bulevardul I. C. Brătianu,primary,8.5
RUTA_A,11-13,2026-04-02 12:03:04,11:47,907,40.1,-0.323,5858.9,1013.0,2.934,3.0,0.6326,0.6393,0,urban,Bulevardul I. C. Brătianu,primary,5.8
RUTA_A,11-13,2026-04-02 12:03:05,11:47,908,38.94,-0.313,5869.7,923.0,2.677,2.8,0.5774,0.5835,0,urban,Bulevardul I. C. Brătianu,primary,7.7
RUTA_A,11-13,2026-04-02 12:03:06,11:47,909,37.85,-0.286,5880.2,887.0,2.634,2.8,0.568,0.574,0,urban,Bulevardul I. C. Brătianu,residential,8.8
RUTA_A,11-13,2026-04-02 12:03:07,11:47,910,36.88,-0.212,5890.5,853.0,2.596,2.8,0.5599,0.5658,0,urban,Bulevardul I. C. Brătianu,residential,1.5
RUTA_A,11-13,2026-04-02 12:03:08,11:47,911,36.33,-0.28,5900.5,826.0,2.58,2.8,0.5563,0.5622,0,urban,Bulevardul I. C. Brătianu,primary,1.2
RUTA_A,11-13,2026-04-02 12:03:09,11:47,912,34.87,-0.589,5910.2,803.0,2.559,2.8,0.5518,0.5576,0,urban,Bulevardul I. C. Brătianu,primary,5.2
RUTA_A,11-13,2026-04-02 12:03:10,11:47,913,32.09,-0.736,5919.1,783.0,2.531,2.8,0.5458,0.5516,0,urban,Bulevardul I. C. Brătianu,primary,0.4
RUTA_A,11-13,2026-04-02 12:03:11,11:47,914,29.57,-0.678,5927.4,770.0,2.522,2.8,0.5439,0.5497,0,urban,Bulevardul I. C. Brătianu,primary,6.2
RUTA_A,11-13,2026-04-02 12:03:12,11:47,915,27.21,-0.675,5934.9,761.0,2.526,2.8,0.5448,0.5506,0,urban,Bulevardul I. C. Brătianu,primary,3.2
RUTA_A,11-13,2026-04-02 12:03:13,11:47,916,24.71,-0.975,5941.8,752.0,2.528,2.8,0.5452,0.551,0,urban,Bulevardul I. C. Brătianu,primary,8.3
RUTA_A,11-13,2026-04-02 12:03:14,11:47,917,20.19,-1.255,5947.4,758.0,2.502,2.9,0.5395,0.5452,0,urban,Bulevardul I. C. Brătianu,primary,3.7
RUTA_A,11-13,2026-04-02 12:03:15,11:47,918,15.67,-0.801,5951.7,763.0,2.476,3.1,0.5338,0.5395,0,urban,Bulevardul I. C. Brătianu,primary,1.6
RUTA_A,11-13,2026-04-02 12:03:16,11:47,919,14.42,0.31,5955.7,766.0,4.928,4.4,1.0627,1.0739,0,urban,DN3,primary,1.4
RUTA_A,11-13,2026-04-02 12:03:17,11:47,920,17.9,0.966,5960.7,766.0,10.962,7.4,2.3639,2.3889,0,urban,DN3,primary,3.4
RUTA_A,11-13,2026-04-02 12:03:18,11:47,921,21.38,0.245,5966.7,766.0,16.996,10.4,3.6651,3.7039,0,urban,DN3,primary,4.2
RUTA_A,11-13,2026-04-02 12:03:19,11:47,922,19.67,-0.633,5972.1,949.0,13.141,8.5,2.8339,2.8639,0,urban,DN3,primary,5.2
RUTA_A,11-13,2026-04-02 12:03:20,11:47,923,16.83,-0.589,5976.8,1172.0,7.145,5.5,1.5409,1.5572,0,urban,DN3,primary,2.1
RUTA_A,11-13,2026-04-02 12:03:21,11:47,924,15.43,-0.028,5981.1,1336.0,4.208,4.9,0.9075,0.9172,0,urban,DN3,primary,0.9
RUTA_A,11-13,2026-04-02 12:03:22,11:47,925,16.62,0.332,5985.7,1395.0,6.781,8.8,1.4623,1.4778,0,urban,DN3,primary,0.5
RUTA_A,11-13,2026-04-02 12:03:23,11:47,926,17.82,0.845,5990.6,1453.0,9.354,12.7,2.0171,2.0385,0,urban,DN3,primary,1.5
RUTA_A,11-13,2026-04-02 12:03:24,11:47,927,22.71,1.44,5996.9,1711.0,13.031,16.7,2.8102,2.8399,0,urban,DN3,primary,1.5
RUTA_A,11-13,2026-04-02 12:03:25,11:47,928,28.18,1.277,6004.8,2003.0,16.845,20.5,3.6326,3.6711,0,urban,DN3,primary,3.0
RUTA_A,11-13,2026-04-02 12:03:26,11:47,929,31.9,1.041,6013.6,2272.0,19.397,22.4,4.1829,4.2272,0,urban,DN3,primary,11.7
RUTA_A,11-13,2026-04-02 12:03:27,11:47,930,35.68,1.084,6023.6,2549.0,21.8,22.6,4.7012,4.751,0,urban,DN3,primary,6.2
RUTA_A,11-13,2026-04-02 12:03:28,11:47,931,39.71,0.878,6034.6,2863.0,23.47,14.4,5.0612,5.1148,0,urban,Bulevardul I. C. Brătianu,primary,7.1
RUTA_A,11-13,2026-04-02 12:03:29,11:47,932,42.0,0.318,6046.2,2782.0,20.474,8.8,4.4151,4.4619,0,urban,Bulevardul I. C. Brătianu,primary,10.0
RUTA_A,11-13,2026-04-02 12:03:30,11:47,933,42.0,-0.112,6057.9,2182.0,11.319,6.5,2.4408,2.4667,0,urban,Bulevardul I. C. Brătianu,primary,7.5
RUTA_A,11-13,2026-04-02 12:03:31,11:47,934,41.19,-0.266,6069.4,1976.0,6.607,4.9,1.4249,1.44,0,urban,Bulevardul I. C. Brătianu,residential,7.7
RUTA_A,11-13,2026-04-02 12:03:32,11:47,935,40.09,-0.166,6080.5,1918.0,3.574,3.6,0.7706,0.7788,0,urban,Bulevardul I. C. Brătianu,primary,14.7
RUTA_A,11-13,2026-04-02 12:03:33,11:47,936,40.0,0.025,6091.6,1909.0,6.057,7.0,1.3061,1.3199,0,urban,Bulevardul I. C. Brătianu,primary,4.3
RUTA_A,11-13,2026-04-02 12:03:34,11:47,937,40.27,0.293,6102.8,1914.0,8.917,10.5,1.9229,1.9433,0,urban,Bulevardul I. C. Brătianu,primary,1.1
RUTA_A,11-13,2026-04-02 12:03:35,11:47,938,42.11,0.461,6114.5,1987.0,11.293,12.7,2.4352,2.461,0,urban,Bulevardul I. C. Brătianu,primary,7.3
RUTA_A,11-13,2026-04-02 12:03:36,11:47,939,43.59,0.362,6126.6,2063.0,12.267,13.4,2.6454,2.6734,0,urban,Bulevardul I. C. Brătianu,primary,11.4
RUTA_A,11-13,2026-04-02 12:03:37,11:47,940,44.72,0.323,6139.0,2142.0,11.933,12.7,2.5733,2.6005,0,urban,Bulevardul I. C. Brătianu,primary,17.4
RUTA_A,11-13,2026-04-02 12:03:38,11:47,941,45.91,0.362,6151.8,2207.0,11.268,15.2,2.43,2.4557,0,urban,Bulevardul I. C. Brătianu,primary,7.9
RUTA_A,11-13,2026-04-02 12:03:39,11:47,942,47.32,0.659,6164.9,2276.0,11.697,19.4,2.5225,2.5492,0,urban,Bulevardul I. C. Brătianu,residential,7.1
RUTA_A,11-13,2026-04-02 12:03:40,11:47,943,50.66,0.884,6179.0,2416.0,23.32,29.4,5.0288,5.0821,0,urban,Bulevardul I. C. Brătianu,primary,6.8
RUTA_A,11-13,2026-04-02 12:03:41,11:47,944,53.69,0.744,6193.9,2549.0,27.113,31.1,5.8469,5.9089,0,urban,Bulevardul I. C. Brătianu,primary,11.1
RUTA_A,11-13,2026-04-02 12:03:42,11:47,945,56.01,0.28,6209.5,2670.0,12.378,13.1,2.6692,2.6974,0,urban,Bulevardul I. C. Brătianu,primary,10.2
RUTA_A,11-13,2026-04-02 12:03:43,11:47,946,55.7,-0.357,6224.9,2508.0,5.191,4.7,1.1195,1.1314,0,urban,Bulevardul I. C. Brătianu,primary,6.3
RUTA_A,11-13,2026-04-02 12:03:44,11:47,947,53.44,-1.025,6239.8,2135.0,3.609,3.4,0.7782,0.7864,0,urban,Bulevardul I. C. Brătianu,primary,8.6
RUTA_A,11-13,2026-04-02 12:03:45,11:47,948,48.32,-1.536,6253.2,1879.0,3.22,3.1,0.6945,0.7018,0,urban,Bulevardul I. C. Brătianu,primary,8.4
RUTA_A,11-13,2026-04-02 12:03:46,11:47,949,42.38,-1.846,6265.0,1648.0,3.134,3.1,0.6758,0.683,0,urban,Bulevardul I. C. Brătianu,residential,3.6
RUTA_A,11-13,2026-04-02 12:03:47,11:47,950,35.03,-2.07,6274.7,1386.0,3.179,3.1,0.6855,0.6928,0,urban,Bulevardul I. C. Brătianu,residential,8.2
RUTA_A,11-13,2026-04-02 12:03:48,11:47,951,27.48,-2.159,6282.3,1160.0,3.145,3.1,0.6783,0.6854,0,urban,Bulevardul I. C. Brătianu,primary,7.5
RUTA_A,11-13,2026-04-02 12:03:49,11:47,952,19.49,-1.953,6287.7,1012.0,2.94,2.8,0.6339,0.6406,0,urban,Bulevardul I. C. Brătianu,primary,8.2
RUTA_A,11-13,2026-04-02 12:03:50,11:47,953,13.42,-1.478,6291.5,915.0,2.792,2.8,0.6021,0.6084,0,urban,Bulevardul I. C. Brătianu,primary,10.2
RUTA_A,11-13,2026-04-02 12:03:51,11:47,954,8.84,-1.004,6293.9,858.0,2.689,2.8,0.5799,0.586,0,urban,Bulevardul I. C. Brătianu,primary,11.2
RUTA_A,11-13,2026-04-02 12:03:52,11:47,955,6.19,-0.673,6295.7,824.0,2.638,2.8,0.569,0.575,0,urban,Bulevardul I. C. Brătianu,primary,12.3
RUTA_A,11-13,2026-04-02 12:03:53,11:47,956,4.0,-0.305,6296.8,798.0,2.626,2.8,0.5663,0.5723,0,urban,Bulevardul I. C. Brătianu,primary,13.4
RUTA_A,11-13,2026-04-02 12:03:54,11:47,957,4.0,0.044,6297.9,1106.0,5.229,6.9,1.1275,1.1395,0,urban,Strada Elena Cuza,primary,14.8
RUTA_A,11-13,2026-04-02 12:03:55,11:47,958,4.31,0.199,6299.1,1285.0,6.476,8.8,1.3965,1.4113,0,urban,Strada Elena Cuza,residential,14.0
RUTA_A,11-13,2026-04-02 12:03:56,11:47,959,5.43,0.273,6300.6,1129.0,4.254,5.0,0.9174,0.9271,0,urban,Strada Elena Cuza,residential,12.2
RUTA_A,11-13,2026-04-02 12:03:57,11:47,960,6.28,0.195,6302.3,1013.0,3.008,3.0,0.6487,0.6556,0,urban,Strada Elena Cuza,residential,10.9
RUTA_A,11-13,2026-04-02 12:03:58,11:47,961,6.84,0.221,6304.2,937.0,2.762,2.8,0.5956,0.6019,0,urban,Strada Elena Cuza,residential,10.1
RUTA_A,11-13,2026-04-02 12:03:59,11:47,962,7.87,0.3,6306.4,1133.0,4.738,4.1,1.0218,1.0326,0,urban,Strada Elena Cuza,residential,9.8
RUTA_A,11-13,2026-04-02 12:04:00,11:47,963,9.0,0.157,6308.9,1404.0,7.242,5.9,1.5617,1.5783,0,urban,Strada Elena Cuza,residential,10.2
RUTA_A,11-13,2026-04-02 12:04:01,11:47,964,9.0,0.024,6311.4,1272.0,5.439,5.7,1.173,1.1854,0,urban,Strada Elena Cuza,residential,8.6
RUTA_A,11-13,2026-04-02 12:04:02,11:47,965,9.17,0.407,6314.0,1165.0,4.061,5.8,0.8757,0.885,0,urban,Strada Elena Cuza,residential,6.9
RUTA_A,11-13,2026-04-02 12:04:03,11:47,966,11.93,0.748,6317.3,1447.0,8.995,11.2,1.9397,1.9602,0,urban,Strada Elena Cuza,residential,4.0
RUTA_A,11-13,2026-04-02 12:04:04,11:47,967,14.56,0.677,6321.3,1686.0,11.583,15.0,2.4978,2.5243,0,urban,Strada Elena Cuza,residential,2.6
RUTA_A,11-13,2026-04-02 12:04:05,11:47,968,16.81,0.847,6326.0,1797.0,7.097,13.9,1.5304,1.5466,0,urban,Strada Elena Cuza,residential,6.2
RUTA_A,11-13,2026-04-02 12:04:06,11:47,969,20.66,1.325,6331.7,1889.0,9.755,17.5,2.1035,2.1258,0,urban,Strada Elena Cuza,residential,10.1
RUTA_A,11-13,2026-04-02 12:04:07,11:47,970,26.35,1.602,6339.0,1958.0,20.533,26.4,4.4279,4.4749,0,urban,Strada Elena Cuza,residential,6.4
RUTA_A,11-13,2026-04-02 12:04:08,11:47,971,32.2,1.634,6348.0,2275.0,27.881,21.7,6.0123,6.076,0,urban,Strada Elena Cuza,residential,3.7
RUTA_A,11-13,2026-04-02 12:04:09,11:47,972,38.11,0.743,6358.6,2694.0,33.819,11.4,7.293,7.3703,0,urban,Strada Elena Cuza,residential,8.3
RUTA_A,11-13,2026-04-02 12:04:10,11:47,973,37.54,-0.317,6369.0,2251.0,19.5,6.8,4.2052,4.2497,0,urban,Strada Elena Cuza,residential,5.8
RUTA_A,11-13,2026-04-02 12:04:11,11:47,974,35.83,-0.476,6379.0,1711.0,3.559,3.9,0.7675,0.7756,0,urban,Strada Elena Cuza,residential,6.7
RUTA_A,11-13,2026-04-02 12:04:12,11:47,975,34.12,-0.226,6388.4,1679.0,5.589,7.7,1.2052,1.2179,0,urban,Strada Elena Cuza,residential,7.7
RUTA_A,11-13,2026-04-02 12:04:13,11:47,976,34.21,0.492,6397.9,1693.0,10.089,13.4,2.1756,2.1986,0,urban,Strada Elena Cuza,residential,4.4
RUTA_A,11-13,2026-04-02 12:04:14,11:47,977,37.66,0.666,6408.4,1791.0,19.196,22.7,4.1396,4.1835,0,urban,Strada Elena Cuza,residential,9.0
RUTA_A,11-13,2026-04-02 12:04:15,11:47,978,39.0,0.186,6419.2,1563.0,15.93,18.4,3.4352,3.4716,0,urban,Strada Elena Cuza,residential,14.8
RUTA_A,11-13,2026-04-02 12:04:16,11:47,979,39.0,-0.601,6430.1,1130.0,4.818,5.6,1.039,1.05,0,urban,Strada Elena Cuza,residential,9.7
RUTA_A,11-13,2026-04-02 12:04:17,11:47,980,34.68,-1.379,6439.7,1005.0,2.963,3.2,0.639,0.6458,0,urban,Strada Elena Cuza,residential,8.2
RUTA_A,11-13,2026-04-02 12:04:18,11:47,981,29.07,-2.179,6447.8,939.0,2.867,2.8,0.6183,0.6248,0,urban,Strada George Coșbuc,residential,14.2
RUTA_A,11-13,2026-04-02 12:04:19,11:47,982,18.99,-2.626,6453.0,874.0,2.727,2.8,0.5881,0.5943,0,urban,Strada George Coșbuc,residential,10.7
RUTA_A,11-13,2026-04-02 12:04:20,11:47,983,10.17,-2.054,6455.9,823.0,2.637,3.0,0.5687,0.5748,0,urban,Strada George Coșbuc,residential,8.6
RUTA_A,11-13,2026-04-02 12:04:21,11:47,984,4.2,-0.589,6457.0,803.0,2.661,3.7,0.5739,0.58,0,urban,Strada George Coșbuc,residential,8.2
RUTA_A,11-13,2026-04-02 12:04:22,11:47,985,5.93,1.103,6458.7,1014.0,6.988,8.8,1.5069,1.5229,0,urban,Strada George Coșbuc,residential,7.2
RUTA_A,11-13,2026-04-02 12:04:23,11:47,986,12.14,1.557,6462.1,1358.0,13.82,16.6,2.9803,3.0119,0,urban,Strada George Coșbuc,residential,5.9
RUTA_A,11-13,2026-04-02 12:04:24,11:47,987,17.14,1.361,6466.8,1876.0,11.568,12.1,2.4945,2.521,0,urban,Strada George Coșbuc,residential,5.9
RUTA_A,11-13,2026-04-02 12:04:25,11:47,988,21.94,0.75,6472.9,2421.0,7.848,5.6,1.6925,1.7104,0,urban,Strada George Coșbuc,residential,9.1
RUTA_A,11-13,2026-04-02 12:04:26,11:47,989,22.53,0.117,6479.2,1998.0,7.326,4.9,1.5799,1.5966,0,urban,Strada George Coșbuc,residential,6.3
RUTA_A,11-13,2026-04-02 12:04:27,11:47,990,22.78,-0.198,6485.5,1602.0,6.763,4.6,1.4584,1.4739,0,urban,Strada George Coșbuc,residential,2.6
RUTA_A,11-13,2026-04-02 12:04:28,11:47,991,21.1,-0.386,6491.4,1470.0,5.659,6.5,1.2203,1.2332,0,urban,Strada George Coșbuc,residential,7.2
RUTA_A,11-13,2026-04-02 12:04:29,11:47,992,20.0,-0.153,6496.9,1402.0,4.928,7.0,1.0627,1.074,0,urban,Strada George Coșbuc,residential,8.3
RUTA_A,11-13,2026-04-02 12:04:30,11:47,993,20.0,-0.21,6502.5,1457.0,4.923,4.6,1.0615,1.0728,0,urban,Strada George Coșbuc,residential,4.0
RUTA_A,11-13,2026-04-02 12:04:31,11:47,994,18.49,-0.604,6507.6,1349.0,4.291,3.3,0.9254,0.9352,0,urban,Strada George Coșbuc,residential,5.0
RUTA_A,11-13,2026-04-02 12:04:32,11:47,995,15.65,-0.912,6511.9,1099.0,3.111,2.9,0.671,0.6781,0,urban,Strada George Coșbuc,residential,7.6
RUTA_A,11-13,2026-04-02 12:04:33,11:47,996,11.92,-1.071,6515.3,957.0,2.699,2.8,0.5821,0.5882,0,urban,Strada George Coșbuc,residential,11.0
RUTA_A,11-13,2026-04-02 12:04:34,11:47,997,7.94,-0.961,6517.5,849.0,2.52,2.8,0.5435,0.5492,0,urban,Strada George Coșbuc,residential,10.0
RUTA_A,11-13,2026-04-02 12:04:35,11:47,998,5.0,-0.765,6518.9,816.0,2.532,2.8,0.546,0.5518,0,urban,Strada George Coșbuc,residential,9.1
RUTA_A,11-13,2026-04-02 12:04:36,11:47,999,2.43,-0.601,6519.5,763.0,2.504,2.9,0.54,0.5457,0,urban,Strada George Coșbuc,residential,8.6
RUTA_A,11-13,2026-04-02 12:04:37,11:47,1000,0.67,-0.338,6519.7,668.0,2.393,3.4,0.516,0.5214,1,urban,Strada George Coșbuc,residential,8.4
RUTA_A,11-13,2026-04-02 12:04:38,11:47,1001,0.0,-0.094,6519.7,701.0,2.572,2.9,0.5546,0.5605,1,urban,Strada George Coșbuc,residential,8.4
RUTA_A,11-13,2026-04-02 12:04:39,11:47,1002,0.0,0.0,6519.7,812.0,2.932,2.0,0.6322,0.6389,1,urban,Strada George Coșbuc,residential,8.7
RUTA_A,11-13,2026-04-02 12:04:40,11:47,1003,0.0,0.0,6519.7,357.0,2.097,1.7,0.4523,0.4571,1,urban,Strada George Coșbuc,residential,8.7
RUTA_A,11-13,2026-04-02 12:04:41,11:47,1004,0.0,0.0,6519.7,0.0,1.44,1.6,0.3105,0.3138,1,urban,Strada George Coșbuc,residential,8.7
RUTA_A,11-13,2026-04-02 12:04:42,11:47,1005,0.0,0.0,6519.7,0.0,1.44,1.6,0.3105,0.3138,1,urban,Strada George Coșbuc,residential,8.7
RUTA_A,11-13,2026-04-02 12:04:43,11:47,1006,0.0,0.0,6519.7,0.0,1.44,1.6,0.3105,0.3138,1,urban,Strada George Coșbuc,residential,8.7
RUTA_A,11-13,2026-04-02 12:04:44,11:47,1007,0.0,0.0,6519.7,0.0,1.44,1.6,0.3105,0.3138,1,urban,Strada George Coșbuc,residential,8.7
RUTA_A,11-13,2026-04-02 12:04:45,11:47,1008,0.0,0.0,6519.7,0.0,1.44,1.6,0.3105,0.3138,1,urban,Strada George Coșbuc,residential,8.7
RUTA_A,11-13,2026-04-02 12:04:46,11:47,1009,0.0,0.0,6519.7,0.0,1.44,1.6,0.3105,0.3138,1,urban,Strada George Coșbuc,residential,8.7
RUTA_A,11-13,2026-04-02 12:04:47,11:47,1010,0.0,0.0,6519.7,0.0,1.44,1.6,0.3105,0.3138,1,urban,Strada George Coșbuc,residential,8.7
RUTA_A,11-13,2026-04-02 12:47:57,12:47,1011,0.0,0.0,6519.7,0.0,2.93,1.6,0.6318,0.6385,1,urban,Strada George Coșbuc,residential,8.7
RUTA_A,11-13,2026-04-02 12:47:58,12:47,1012,0.0,0.0,6519.7,452.0,2.93,2.1,0.6318,0.6385,1,urban,Strada George Coșbuc,residential,8.7
RUTA_A,11-13,2026-04-02 12:47:59,12:47,1013,0.0,0.0,6519.7,903.0,2.93,2.7,0.6318,0.6385,1,urban,Strada George Coșbuc,residential,8.7
RUTA_A,11-13,2026-04-02 12:48:00,12:47,1014,0.0,0.0,6519.7,925.0,2.927,2.9,0.6312,0.6379,1,urban,Strada George Coșbuc,residential,8.7
RUTA_A,11-13,2026-04-02 12:48:01,12:47,1015,0.0,0.0,6519.7,864.0,2.923,3.0,0.6304,0.6371,1,urban,Strada George Coșbuc,residential,8.7
RUTA_A,11-13,2026-04-02 12:48:02,12:47,1016,0.0,0.0,6519.7,804.0,2.92,3.1,0.6297,0.6363,1,urban,Strada George Coșbuc,residential,8.7
RUTA_A,11-13,2026-04-02 12:48:03,12:47,1017,0.0,0.0,6519.7,798.0,2.913,3.1,0.6282,0.6348,1,urban,Strada George Coșbuc,residential,8.7
RUTA_A,11-13,2026-04-02 12:48:04,12:47,1018,0.0,0.0,6519.7,792.0,2.906,3.1,0.6267,0.6333,1,urban,Strada George Coșbuc,residential,8.7
RUTA_A,11-13,2026-04-02 12:48:05,12:47,1019,0.0,0.0,6519.7,788.0,2.901,3.1,0.6256,0.6323,1,urban,Strada George Coșbuc,residential,8.7
RUTA_A,11-13,2026-04-02 12:48:06,12:47,1020,0.0,0.0,6519.7,800.0,2.912,3.1,0.628,0.6346,1,urban,Strada George Coșbuc,residential,8.7
RUTA_A,11-13,2026-04-02 12:48:07,12:47,1021,0.0,0.0,6519.7,813.0,2.923,3.1,0.6303,0.637,1,urban,Strada George Coșbuc,residential,8.7
RUTA_A,11-13,2026-04-02 12:48:08,12:47,1022,0.0,0.0,6519.7,824.0,2.931,3.1,0.6321,0.6388,1,urban,Strada George Coșbuc,residential,8.7
RUTA_A,11-13,2026-04-02 12:48:09,12:47,1023,0.0,0.0,6519.7,832.0,2.935,3.1,0.633,0.6397,1,urban,Strada George Coșbuc,residential,8.7
RUTA_A,11-13,2026-04-02 12:48:10,12:47,1024,0.0,0.0,6519.7,840.0,2.939,3.1,0.6338,0.6406,1,urban,Strada George Coșbuc,residential,8.7
RUTA_A,11-13,2026-04-02 12:48:11,12:47,1025,0.0,0.0,6519.7,1058.0,4.621,3.3,0.9964,1.007,1,urban,Strada George Coșbuc,residential,8.7
RUTA_A,11-13,2026-04-02 12:48:12,12:47,1026,0.0,0.0,6519.7,1324.0,6.688,3.4,1.4422,1.4575,1,urban,Strada George Coșbuc,residential,8.7
RUTA_A,11-13,2026-04-02 12:48:13,12:47,1027,0.0,0.0,6519.7,1400.0,7.143,3.6,1.5405,1.5568,1,urban,Strada George Coșbuc,residential,8.7
RUTA_A,11-13,2026-04-02 12:48:14,12:47,1028,0.0,0.0,6519.7,1116.0,4.552,3.8,0.9817,0.9921,1,urban,Strada George Coșbuc,residential,8.7
RUTA_A,11-13,2026-04-02 12:48:15,12:47,1029,0.0,0.0,6519.7,982.0,3.308,3.7,0.7133,0.7209,1,urban,Strada George Coșbuc,residential,8.7
RUTA_A,11-13,2026-04-02 12:48:16,12:47,1030,0.0,0.0,6519.7,965.0,3.109,3.3,0.6703,0.6774,1,urban,Strada George Coșbuc,residential,8.7
RUTA_A,11-13,2026-04-02 12:48:17,12:47,1031,0.0,0.0,6519.7,938.0,2.966,3.1,0.6397,0.6464,1,urban,Strada George Coșbuc,residential,8.7
RUTA_A,11-13,2026-04-02 12:48:18,12:47,1032,0.0,0.0,6519.7,905.0,2.861,3.1,0.617,0.6235,1,urban,Strada George Coșbuc,residential,8.7
RUTA_A,11-13,2026-04-02 12:48:19,12:47,1033,0.0,0.0,6519.7,906.0,2.84,2.9,0.6124,0.6189,1,urban,Strada George Coșbuc,residential,8.7
RUTA_A,11-13,2026-04-02 12:48:20,12:47,1034,0.0,0.0,6519.7,906.0,2.821,2.8,0.6084,0.6149,1,urban,Strada George Coșbuc,residential,8.7
RUTA_A,11-13,2026-04-02 12:48:21,12:47,1035,0.0,0.0,6519.7,877.0,2.742,2.8,0.5913,0.5976,1,urban,Strada George Coșbuc,residential,8.7
RUTA_A,11-13,2026-04-02 12:48:22,12:47,1036,0.0,0.0,6519.7,855.0,2.701,2.8,0.5825,0.5887,1,urban,Strada George Coșbuc,residential,8.7
RUTA_A,11-13,2026-04-02 12:48:23,12:47,1037,0.0,0.0,6519.7,848.0,2.735,2.8,0.5897,0.5959,1,urban,Strada George Coșbuc,residential,8.7
RUTA_A,11-13,2026-04-02 12:48:24,12:47,1038,0.0,0.0,6519.7,847.0,2.744,2.8,0.5918,0.598,1,urban,Strada George Coșbuc,residential,8.7
RUTA_A,11-13,2026-04-02 12:48:25,12:47,1039,0.0,0.0,6519.7,852.0,2.733,2.8,0.5894,0.5956,1,urban,Strada George Coșbuc,residential,8.7
RUTA_A,11-13,2026-04-02 12:48:26,12:47,1040,0.0,0.0,6519.7,854.0,2.704,2.8,0.5831,0.5893,1,urban,Strada George Coșbuc,residential,8.7
RUTA_A,11-13,2026-04-02 12:48:27,12:47,1041,0.0,0.0,6519.7,854.0,2.67,2.8,0.5757,0.5818,1,urban,Strada George Coșbuc,residential,8.7
RUTA_A,11-13,2026-04-02 12:48:28,12:47,1042,0.0,0.0,6519.7,847.0,2.664,2.8,0.5746,0.5806,1,urban,Strada George Coșbuc,residential,8.7
RUTA_A,11-13,2026-04-02 12:48:29,12:47,1043,0.0,0.0,6519.7,843.0,2.651,2.8,0.5716,0.5777,1,urban,Strada George Coșbuc,residential,8.7
RUTA_A,11-13,2026-04-02 12:48:30,12:47,1044,0.0,0.0,6519.7,848.0,2.602,2.8,0.5611,0.567,1,urban,Strada George Coșbuc,residential,8.7
RUTA_A,11-13,2026-04-02 12:48:31,12:47,1045,0.0,0.0,6519.7,849.0,2.58,2.8,0.5563,0.5622,1,urban,Strada George Coșbuc,residential,8.7
RUTA_A,11-13,2026-04-02 12:48:32,12:47,1046,0.0,0.0,6519.7,841.0,2.608,2.8,0.5623,0.5683,1,urban,Strada George Coșbuc,residential,8.7
RUTA_A,11-13,2026-04-02 12:48:33,12:47,1047,0.0,0.0,6519.7,840.0,2.607,2.8,0.5622,0.5681,1,urban,Strada George Coșbuc,residential,8.7
RUTA_A,11-13,2026-04-02 12:48:34,12:47,1048,0.0,0.0,6519.7,843.0,2.584,2.8,0.5571,0.563,1,urban,Strada George Coșbuc,residential,8.7
RUTA_A,11-13,2026-04-02 12:48:35,12:47,1049,0.0,0.0,6519.7,841.0,2.625,2.8,0.5662,0.5722,1,urban,Strada George Coșbuc,residential,8.7
RUTA_A,11-13,2026-04-02 12:48:36,12:47,1050,0.0,0.0,6519.7,836.0,2.672,2.8,0.5762,0.5823,1,urban,Strada George Coșbuc,residential,8.7
RUTA_A,11-13,2026-04-02 12:48:37,12:47,1051,0.0,0.0,6519.7,827.0,2.683,3.0,0.5786,0.5848,1,urban,Strada George Coșbuc,residential,8.7
RUTA_A,11-13,2026-04-02 12:48:38,12:47,1052,0.0,0.0,6519.7,929.0,3.214,3.4,0.6931,0.7005,1,urban,Strada George Coșbuc,residential,8.7
RUTA_A,11-13,2026-04-02 12:48:39,12:47,1053,0.0,0.199,6519.7,1199.0,4.538,4.1,0.9786,0.9889,1,urban,Strada George Coșbuc,residential,8.7
RUTA_A,11-13,2026-04-02 12:48:40,12:47,1054,1.43,0.497,6520.1,1234.0,5.184,5.0,1.1179,1.1297,0,urban,Strada George Coșbuc,residential,8.7
RUTA_A,11-13,2026-04-02 12:48:41,12:47,1055,3.58,0.742,6521.1,1151.0,5.49,6.1,1.1839,1.1964,0,urban,Strada George Coșbuc,residential,8.7
RUTA_A,11-13,2026-04-02 12:48:42,12:47,1056,6.78,0.881,6523.0,1183.0,6.036,5.7,1.3016,1.3154,0,urban,Strada George Coșbuc,residential,6.7
RUTA_A,11-13,2026-04-02 12:48:43,12:47,1057,9.92,0.275,6525.7,1224.0,6.459,5.0,1.3929,1.4077,0,urban,Strada George Coșbuc,residential,5.5
RUTA_A,11-13,2026-04-02 12:48:44,12:47,1058,8.76,-0.43,6528.2,996.0,4.328,4.1,0.9332,0.9431,0,urban,Strada George Coșbuc,residential,5.6
RUTA_A,11-13,2026-04-02 12:48:45,12:47,1059,6.83,-0.736,6530.1,865.0,2.946,3.4,0.6353,0.642,0,urban,Strada George Coșbuc,residential,5.9
RUTA_A,11-13,2026-04-02 12:48:46,12:47,1060,3.46,-0.762,6531.0,915.0,2.963,2.9,0.6389,0.6457,0,urban,Strada George Coșbuc,residential,6.5
RUTA_A,11-13,2026-04-02 12:48:47,12:47,1061,1.34,-0.456,6531.4,936.0,2.973,4.0,0.6412,0.648,0,urban,Strada George Coșbuc,residential,7.0
RUTA_A,11-13,2026-04-02 12:48:48,12:47,1062,0.17,-0.056,6531.5,935.0,2.979,6.3,0.6424,0.6492,1,urban,Strada George Coșbuc,residential,7.1
RUTA_A,11-13,2026-04-02 12:48:49,12:47,1063,0.94,0.256,6531.7,838.0,4.309,7.6,0.9293,0.9391,1,urban,Strada George Coșbuc,residential,7.1
RUTA_A,11-13,2026-04-02 12:48:50,12:47,1064,2.02,0.23,6532.3,731.0,5.787,8.6,1.2479,1.2612,0,urban,Strada George Coșbuc,residential,7.1
RUTA_A,11-13,2026-04-02 12:48:51,12:47,1065,2.59,0.114,6533.0,868.0,4.816,9.1,1.0385,1.0495,0,urban,Strada George Coșbuc,residential,7.1
RUTA_A,11-13,2026-04-02 12:48:52,12:47,1066,2.84,-0.042,6533.8,946.0,3.98,8.7,0.8582,0.8673,0,urban,Strada George Coșbuc,residential,7.1
RUTA_A,11-13,2026-04-02 12:48:53,12:47,1067,2.29,-0.194,6534.4,878.0,3.485,6.3,0.7516,0.7596,0,urban,Strada George Coșbuc,residential,7.1
RUTA_A,11-13,2026-04-02 12:48:54,12:47,1068,1.45,-0.275,6534.8,832.0,3.233,4.8,0.6971,0.7045,0,urban,Strada George Coșbuc,residential,7.1
RUTA_A,11-13,2026-04-02 12:48:55,12:47,1069,0.31,-0.025,6534.9,810.0,3.238,4.1,0.6984,0.7058,1,urban,Strada George Coșbuc,residential,7.1
RUTA_A,11-13,2026-04-02 12:48:56,12:47,1070,1.27,0.376,6535.3,1051.0,5.414,5.9,1.1674,1.1798,0,urban,Strada George Coșbuc,residential,7.1
RUTA_A,11-13,2026-04-02 12:48:57,12:47,1071,3.01,0.779,6536.1,1388.0,8.372,8.6,1.8054,1.8245,0,urban,Strada George Coșbuc,residential,7.1
RUTA_A,11-13,2026-04-02 12:48:58,12:47,1072,6.88,1.081,6538.0,1434.0,9.024,9.5,1.946,1.9666,0,urban,Strada George Coșbuc,residential,3.8
RUTA_A,11-13,2026-04-02 12:48:59,12:47,1073,10.79,1.115,6541.0,1541.0,9.902,10.6,2.1352,2.1579,0,urban,Strada George Coșbuc,residential,2.0
RUTA_A,11-13,2026-04-02 12:49:00,12:47,1074,14.91,0.942,6545.1,1902.0,11.723,12.9,2.528,2.5548,0,urban,Strada George Coșbuc,residential,3.3
RUTA_A,11-13,2026-04-02 12:49:01,12:47,1075,17.58,0.534,6550.0,1902.0,11.073,13.2,2.3879,2.4132,0,urban,Strada George Coșbuc,residential,7.3
RUTA_A,11-13,2026-04-02 12:49:02,12:47,1076,18.75,0.451,6555.2,1529.0,7.861,11.4,1.6953,1.7132,0,urban,Strada George Coșbuc,residential,7.3
RUTA_A,11-13,2026-04-02 12:49:03,12:47,1077,20.83,0.612,6561.0,1550.0,8.719,12.1,1.8802,1.9002,0,urban,Strada George Coșbuc,residential,2.8
RUTA_A,11-13,2026-04-02 12:49:04,12:47,1078,23.16,0.714,6567.5,1678.0,10.63,13.1,2.2923,2.3166,0,urban,Strada George Coșbuc,residential,7.6
RUTA_A,11-13,2026-04-02 12:49:05,12:47,1079,25.96,0.513,6574.7,1858.0,12.182,9.6,2.627,2.6548,0,urban,Strada George Coșbuc,residential,4.6
RUTA_A,11-13,2026-04-02 12:49:06,12:47,1080,26.86,-0.459,6582.1,1839.0,11.692,6.5,2.5214,2.5481,0,urban,Strada George Coșbuc,residential,3.6
RUTA_A,11-13,2026-04-02 12:49:07,12:47,1081,22.66,-1.509,6588.4,1292.0,5.767,4.4,1.2435,1.2567,0,urban,Strada George Coșbuc,residential,7.5
RUTA_A,11-13,2026-04-02 12:49:08,12:47,1082,15.99,-2.078,6592.9,1012.0,3.212,3.4,0.6928,0.7001,0,urban,Strada George Coșbuc,residential,8.2
RUTA_A,11-13,2026-04-02 12:49:09,12:47,1083,7.7,-1.532,6595.0,907.0,2.869,3.2,0.6187,0.6252,0,urban,Strada George Coșbuc,residential,3.8
RUTA_A,11-13,2026-04-02 12:49:10,12:47,1084,4.96,-0.567,6596.4,875.0,2.871,4.7,0.619,0.6256,0,urban,Strada George Coșbuc,residential,2.3
RUTA_A,11-13,2026-04-02 12:49:11,12:47,1085,3.61,0.509,6597.4,894.0,3.434,6.6,0.7404,0.7483,0,urban,Strada George Coșbuc,residential,1.4
RUTA_A,11-13,2026-04-02 12:49:12,12:47,1086,8.62,1.244,6599.8,1235.0,7.808,9.0,1.6837,1.7015,0,urban,Strada George Coșbuc,residential,2.7
RUTA_A,11-13,2026-04-02 12:49:13,12:47,1087,12.57,0.79,6603.3,1466.0,9.723,11.6,2.0966,2.1188,0,urban,Strada George Coșbuc,residential,5.0
RUTA_A,11-13,2026-04-02 12:49:14,12:47,1088,14.31,0.745,6607.2,1468.0,6.53,14.5,1.4083,1.4232,0,urban,Strada George Coșbuc,residential,7.4
RUTA_A,11-13,2026-04-02 12:49:15,12:47,1089,17.93,1.178,6612.2,1551.0,8.769,16.6,1.8911,1.9111,0,urban,Strada George Coșbuc,residential,12.0
RUTA_A,11-13,2026-04-02 12:49:16,12:47,1090,22.79,1.183,6618.6,1687.0,14.599,18.1,3.1481,3.1815,0,urban,Strada George Coșbuc,residential,8.4
RUTA_A,11-13,2026-04-02 12:49:17,12:47,1091,26.44,0.959,6625.9,1789.0,12.002,12.5,2.5881,2.6156,0,urban,Strada George Coșbuc,residential,4.0
RUTA_A,11-13,2026-04-02 12:49:18,12:47,1092,29.7,0.346,6634.2,1880.0,6.611,4.7,1.4257,1.4408,0,urban,Strada George Coșbuc,residential,9.8
RUTA_A,11-13,2026-04-02 12:49:19,12:47,1093,28.94,-0.364,6642.2,1597.0,4.545,3.5,0.9801,0.9905,0,urban,Strada George Coșbuc,residential,9.2
RUTA_A,11-13,2026-04-02 12:49:20,12:47,1094,27.07,-0.893,6649.7,1302.0,3.124,3.1,0.6736,0.6807,0,urban,Strada George Coșbuc,residential,5.6
RUTA_A,11-13,2026-04-02 12:49:21,12:47,1095,22.51,-1.418,6656.0,1108.0,2.895,2.9,0.6244,0.631,0,urban,Strada George Coșbuc,residential,6.5
RUTA_A,11-13,2026-04-02 12:49:22,12:47,1096,16.86,-1.751,6660.6,957.0,2.786,2.9,0.6007,0.6071,0,urban,Strada George Coșbuc,residential,6.7
RUTA_A,11-13,2026-04-02 12:49:23,12:47,1097,9.9,-1.057,6663.4,861.0,2.82,3.1,0.6082,0.6147,0,urban,Strada George Coșbuc,residential,9.8
RUTA_A,11-13,2026-04-02 12:49:24,12:47,1098,9.25,0.149,6666.0,926.0,4.314,5.8,0.9303,0.9402,0,urban,Strada George Coșbuc,residential,9.1
RUTA_A,11-13,2026-04-02 12:49:25,12:47,1099,10.97,0.9,6669.0,1052.0,6.355,9.3,1.3705,1.385,0,urban,Strada George Coșbuc,residential,6.1
RUTA_A,11-13,2026-04-02 12:49:26,12:47,1100,15.73,1.343,6673.4,1203.0,11.0,14.2,2.3721,2.3973,0,urban,Strada Elena Cuza,residential,2.0
RUTA_A,11-13,2026-04-02 12:49:27,12:47,1101,20.64,1.467,6679.1,1388.0,15.541,18.3,3.3513,3.3869,0,urban,Strada Elena Cuza,residential,4.9
RUTA_A,11-13,2026-04-02 12:49:28,12:47,1102,26.3,1.327,6686.4,1847.0,18.912,17.4,4.0783,4.1215,0,urban,Strada Elena Cuza,residential,8.6
RUTA_A,11-13,2026-04-02 12:49:29,12:47,1103,30.19,0.619,6694.8,2032.0,17.973,15.0,3.8758,3.9169,0,urban,Strada Elena Cuza,residential,6.4
RUTA_A,11-13,2026-04-02 12:49:30,12:47,1104,30.75,0.249,6703.3,1699.0,8.851,9.8,1.9087,1.9289,0,urban,Strada Elena Cuza,residential,5.5
RUTA_A,11-13,2026-04-02 12:49:31,12:47,1105,31.98,0.416,6712.2,1574.0,6.604,6.8,1.4242,1.4393,0,urban,Strada Elena Cuza,residential,6.6
RUTA_A,11-13,2026-04-02 12:49:32,12:47,1106,33.75,0.009,6721.6,1616.0,9.826,5.7,2.1189,2.1413,0,urban,Strada Elena Cuza,residential,6.0
RUTA_A,11-13,2026-04-02 12:49:33,12:47,1107,32.05,-0.634,6730.5,1377.0,6.77,4.3,1.4599,1.4754,0,urban,Strada Elena Cuza,residential,5.8
RUTA_A,11-13,2026-04-02 12:49:34,12:47,1108,29.19,-1.564,6738.6,1111.0,3.075,3.1,0.663,0.67,0,urban,Strada Elena Cuza,residential,5.5
RUTA_A,11-13,2026-04-02 12:49:35,12:47,1109,20.79,-2.275,6744.4,1019.0,3.019,2.9,0.651,0.6578,0,urban,Strada Elena Cuza,residential,10.2
RUTA_A,11-13,2026-04-02 12:49:36,12:47,1110,12.8,-2.094,6747.9,935.0,2.967,2.8,0.6399,0.6466,0,urban,Strada Elena Cuza,residential,7.3
RUTA_A,11-13,2026-04-02 12:49:37,12:47,1111,5.71,-1.459,6749.5,869.0,2.926,3.1,0.6309,0.6376,0,urban,Strada Elena Cuza,residential,6.7
RUTA_A,11-13,2026-04-02 12:49:38,12:47,1112,2.3,-0.633,6750.2,833.0,2.91,3.6,0.6275,0.6342,0,urban,Strada Elena Cuza,residential,6.2
RUTA_A,11-13,2026-04-02 12:49:39,12:47,1113,1.16,0.085,6750.5,816.0,2.91,4.2,0.6275,0.6342,0,urban,Strada Elena Cuza,residential,5.8
RUTA_A,11-13,2026-04-02 12:49:40,12:47,1114,2.91,0.585,6751.3,1031.0,6.653,7.7,1.4346,1.4498,0,urban,Strada Elena Cuza,residential,5.7
RUTA_A,11-13,2026-04-02 12:49:41,12:47,1115,5.37,1.288,6752.8,1292.0,11.077,11.8,2.3888,2.4141,0,urban,Strada Elena Cuza,residential,5.4
RUTA_A,11-13,2026-04-02 12:49:42,12:47,1116,12.18,1.778,6756.2,1717.0,16.951,19.6,3.6555,3.6942,0,urban,Strada Elena Cuza,residential,1.5
RUTA_A,11-13,2026-04-02 12:49:43,12:47,1117,18.17,1.39,6761.2,1980.0,21.211,24.9,4.574,4.6224,0,urban,Strada Elena Cuza,residential,2.9
RUTA_A,11-13,2026-04-02 12:49:44,12:47,1118,22.19,1.301,6767.4,1850.0,21.555,24.2,4.6482,4.6974,0,urban,Strada Elena Cuza,residential,1.8
RUTA_A,11-13,2026-04-02 12:49:45,12:47,1119,27.54,1.638,6775.0,2016.0,24.412,20.1,5.2643,5.32,0,urban,Strada Elena Cuza,residential,8.0
RUTA_A,11-13,2026-04-02 12:49:46,12:47,1120,33.98,1.291,6784.5,2425.0,29.332,13.2,6.3254,6.3925,0,urban,Bulevardul I. C. Brătianu,primary,5.5
RUTA_A,11-13,2026-04-02 12:49:47,12:47,1121,36.83,0.697,6794.7,2196.0,26.582,12.0,5.7323,5.793,0,urban,Bulevardul I. C. Brătianu,primary,9.2
RUTA_A,11-13,2026-04-02 12:49:48,12:47,1122,39.0,0.141,6805.5,1847.0,22.378,11.8,4.8258,4.8769,0,urban,Bulevardul I. C. Brătianu,primary,5.5
RUTA_A,11-13,2026-04-02 12:49:49,12:47,1123,37.84,-0.319,6816.1,1826.0,11.512,7.2,2.4825,2.5088,0,urban,Bulevardul I. C. Brătianu,residential,4.0
RUTA_A,11-13,2026-04-02 12:49:50,12:47,1124,36.7,-0.312,6826.2,1707.0,3.534,3.9,0.7622,0.7703,0,urban,Bulevardul I. C. Brătianu,residential,11.8
RUTA_A,11-13,2026-04-02 12:49:51,12:47,1125,35.59,-0.662,6836.1,1325.0,3.33,3.6,0.718,0.7256,0,urban,Bulevardul I. C. Brătianu,primary,9.5
RUTA_A,11-13,2026-04-02 12:49:52,12:47,1126,31.93,-1.425,6845.0,1071.0,3.159,3.4,0.6811,0.6884,0,urban,Bulevardul I. C. Brătianu,primary,5.7
RUTA_A,11-13,2026-04-02 12:49:53,12:47,1127,25.33,-1.559,6852.0,966.0,3.027,3.2,0.6527,0.6596,0,urban,Bulevardul I. C. Brătianu,primary,10.9
RUTA_A,11-13,2026-04-02 12:49:54,12:47,1128,20.7,-1.135,6857.8,903.0,2.93,3.6,0.6319,0.6386,0,urban,Bulevardul I. C. Brătianu,residential,8.6
RUTA_A,11-13,2026-04-02 12:49:55,12:47,1129,17.16,-0.357,6862.6,863.0,2.853,4.3,0.6153,0.6218,0,urban,Bulevardul I. C. Brătianu,residential,3.3
RUTA_A,11-13,2026-04-02 12:49:56,12:47,1130,18.14,0.432,6867.6,1153.0,5.999,7.7,1.2936,1.3073,0,urban,Bulevardul I. C. Brătianu,residential,3.9
RUTA_A,11-13,2026-04-02 12:49:57,12:47,1131,20.26,0.936,6873.2,1458.0,10.605,13.0,2.287,2.3112,0,urban,Bulevardul I. C. Brătianu,residential,9.0
RUTA_A,11-13,2026-04-02 12:49:58,12:47,1132,24.88,1.013,6880.1,1762.0,18.691,23.2,4.0306,4.0733,0,urban,Bulevardul I. C. Brătianu,primary,9.5
RUTA_A,11-13,2026-04-02 12:49:59,12:47,1133,27.56,0.516,6887.8,1829.0,18.693,25.3,4.0312,4.0739,0,urban,Bulevardul I. C. Brătianu,primary,8.7
RUTA_A,11-13,2026-04-02 12:50:00,12:47,1134,28.6,0.58,6895.7,1695.0,11.811,20.6,2.547,2.574,0,urban,Bulevardul I. C. Brătianu,primary,13.3
RUTA_A,11-13,2026-04-02 12:50:01,12:47,1135,31.74,1.06,6904.5,1684.0,13.227,20.4,2.8523,2.8825,0,urban,Bulevardul I. C. Brătianu,primary,8.6
RUTA_A,11-13,2026-04-02 12:50:02,12:47,1136,36.23,1.041,6914.6,1753.0,19.97,23.1,4.3065,4.3521,0,urban,Bulevardul I. C. Brătianu,primary,12.0
RUTA_A,11-13,2026-04-02 12:50:03,12:47,1137,39.23,0.792,6925.5,1871.0,17.962,20.4,3.8734,3.9145,0,urban,Bulevardul I. C. Brătianu,residential,0.4
RUTA_A,11-13,2026-04-02 12:50:04,12:47,1138,41.93,0.598,6937.2,1999.0,14.136,16.6,3.0483,3.0806,0,urban,Bulevardul I. C. Brătianu,residential,11.9
RUTA_A,11-13,2026-04-02 12:50:05,12:47,1139,43.54,0.414,6949.3,2075.0,12.606,12.8,2.7184,2.7472,0,urban,Bulevardul I. C. Brătianu,primary,7.9
RUTA_A,11-13,2026-04-02 12:50:06,12:47,1140,44.91,0.035,6961.7,2140.0,10.926,9.2,2.3562,2.3812,0,urban,Bulevardul I. C. Brătianu,residential,11.5
RUTA_A,11-13,2026-04-02 12:50:07,12:47,1141,43.79,-0.29,6973.9,2097.0,6.776,6.1,1.4612,1.4767,0,urban,Bulevardul I. C. Brătianu,residential,1.6
RUTA_A,11-13,2026-04-02 12:50:08,12:47,1142,42.83,-0.216,6985.8,2070.0,4.503,4.8,0.9711,0.9814,0,urban,Bulevardul I. C. Brătianu,primary,7.9
RUTA_A,11-13,2026-04-02 12:50:09,12:47,1143,42.24,-0.024,6997.5,2080.0,6.718,7.8,1.4488,1.4642,0,urban,Bulevardul I. C. Brătianu,primary,7.7
RUTA_A,11-13,2026-04-02 12:50:10,12:47,1144,42.66,0.21,7009.4,2080.0,8.567,10.8,1.8475,1.8671,0,urban,Bulevardul I. C. Brătianu,primary,10.3
RUTA_A,11-13,2026-04-02 12:50:11,12:47,1145,43.75,0.187,7021.5,2074.0,10.174,13.8,2.194,2.2172,0,urban,Bulevardul I. C. Brătianu,primary,8.9
RUTA_A,11-13,2026-04-02 12:50:12,12:47,1146,44.0,0.035,7033.7,1911.0,10.604,11.9,2.2866,2.3108,0,urban,Bulevardul I. C. Brătianu,residential,5.1
RUTA_A,11-13,2026-04-02 12:50:13,12:47,1147,44.0,0.0,7046.0,1710.0,10.507,8.5,2.2657,2.2898,0,urban,Bulevardul I. C. Brătianu,tertiary,8.2
RUTA_A,11-13,2026-04-02 12:50:14,12:47,1148,44.0,-0.012,7058.2,1722.0,7.106,6.0,1.5325,1.5487,0,urban,Bulevardul I. C. Brătianu,primary,7.6
RUTA_A,11-13,2026-04-02 12:50:15,12:47,1149,43.91,-0.09,7070.4,1723.0,4.178,3.9,0.9009,0.9104,0,urban,Bulevardul I. C. Brătianu,primary,6.0
RUTA_A,11-13,2026-04-02 12:50:16,12:47,1150,43.35,-0.183,7082.4,1660.0,3.725,3.7,0.8034,0.8119,0,urban,Bulevardul I. C. Brătianu,primary,6.9
RUTA_A,11-13,2026-04-02 12:50:17,12:47,1151,42.59,-0.259,7094.3,1606.0,3.469,3.5,0.748,0.7559,0,urban,Bulevardul I. C. Brătianu,residential,3.9
RUTA_A,11-13,2026-04-02 12:50:18,12:47,1152,41.49,-0.31,7105.8,1567.0,3.546,3.5,0.7647,0.7728,0,urban,Bulevardul I. C. Brătianu,residential,11.5
RUTA_A,11-13,2026-04-02 12:50:19,12:47,1153,40.36,-0.314,7117.0,1508.0,3.599,3.4,0.7761,0.7844,0,urban,Bulevardul I. C. Brătianu,primary,5.3
RUTA_A,11-13,2026-04-02 12:50:20,12:47,1154,39.22,-0.189,7127.9,1435.0,3.633,3.2,0.7835,0.7918,0,urban,Bulevardul I. C. Brătianu,primary,13.4
RUTA_A,11-13,2026-04-02 12:50:21,12:47,1155,39.0,0.006,7138.7,1633.0,7.224,7.1,1.5578,1.5743,0,urban,Bulevardul I. C. Brătianu,residential,5.0
RUTA_A,11-13,2026-04-02 12:50:22,12:47,1156,39.27,0.354,7149.6,1874.0,10.992,10.9,2.3705,2.3956,0,urban,Bulevardul I. C. Brătianu,residential,6.1
RUTA_A,11-13,2026-04-02 12:50:23,12:47,1157,41.55,0.49,7161.2,1938.0,9.572,7.1,2.0642,2.086,0,urban,Bulevardul I. C. Brătianu,residential,12.6
RUTA_A,11-13,2026-04-02 12:50:24,12:47,1158,42.79,0.095,7173.1,1898.0,7.726,4.5,1.666,1.6837,0,urban,Bulevardul I. C. Brătianu,primary,7.8
RUTA_A,11-13,2026-04-02 12:50:25,12:47,1159,42.23,-0.355,7184.8,1676.0,5.139,4.1,1.1081,1.1198,0,urban,Bulevardul I. C. Brătianu,primary,9.3
RUTA_A,11-13,2026-04-02 12:50:26,12:47,1160,40.24,-0.693,7196.0,1519.0,3.95,3.9,0.8519,0.8609,0,urban,Bulevardul I. C. Brătianu,residential,8.3
RUTA_A,11-13,2026-04-02 12:50:27,12:47,1161,37.24,-0.729,7206.3,1408.0,3.747,3.9,0.8079,0.8165,0,urban,Bulevardul I. C. Brătianu,residential,7.1
RUTA_A,11-13,2026-04-02 12:50:28,12:47,1162,34.99,-0.642,7216.0,1269.0,3.62,3.5,0.7806,0.7888,0,urban,Bulevardul I. C. Brătianu,primary,6.5
RUTA_A,11-13,2026-04-02 12:50:29,12:47,1163,32.62,-0.935,7225.1,1128.0,3.484,3.1,0.7514,0.7594,0,urban,Bulevardul I. C. Brătianu,primary,6.2
RUTA_A,11-13,2026-04-02 12:50:30,12:47,1164,28.26,-1.058,7232.9,999.0,3.19,2.9,0.688,0.6953,0,urban,Bulevardul I. C. Brătianu,primary,8.4
RUTA_A,11-13,2026-04-02 12:50:31,12:47,1165,25.0,-0.453,7239.9,1053.0,4.237,3.9,0.9136,0.9233,0,urban,Bulevardul I. C. Brătianu,primary,7.0
RUTA_A,11-13,2026-04-02 12:50:32,12:47,1166,25.0,0.29,7246.8,1652.0,9.283,8.7,2.0018,2.023,0,urban,Bulevardul I. C. Brătianu,primary,5.0
RUTA_A,11-13,2026-04-02 12:50:33,12:47,1167,27.09,0.851,7254.4,2045.0,15.735,16.2,3.3933,3.4292,0,urban,Bulevardul I. C. Brătianu,primary,7.0
RUTA_A,11-13,2026-04-02 12:50:34,12:47,1168,31.13,0.867,7263.0,2244.0,23.502,26.4,5.0682,5.1219,0,urban,Bulevardul I. C. Brătianu,primary,5.9
RUTA_A,11-13,2026-04-02 12:50:35,12:47,1169,33.33,0.545,7272.3,2033.0,17.878,22.4,3.8553,3.8961,0,urban,Bulevardul I. C. Brătianu,primary,4.1
RUTA_A,11-13,2026-04-02 12:50:36,12:47,1170,35.05,0.575,7282.0,1718.0,8.825,14.5,1.9031,1.9233,0,urban,Bulevardul I. C. Brătianu,primary,5.9
RUTA_A,11-13,2026-04-02 12:50:37,12:47,1171,37.47,0.549,7292.4,1795.0,12.591,12.3,2.7153,2.744,0,urban,Bulevardul I. C. Brătianu,primary,11.7
RUTA_A,11-13,2026-04-02 12:50:38,12:47,1172,39.0,0.212,7303.2,1859.0,14.195,11.7,3.0612,3.0936,0,urban,Bulevardul I. C. Brătianu,primary,7.8
RUTA_A,11-13,2026-04-02 12:50:39,12:47,1173,39.0,0.159,7314.1,1900.0,12.134,13.6,2.6167,2.6444,0,urban,Bulevardul I. C. Brătianu,primary,7.4
RUTA_A,11-13,2026-04-02 12:50:40,12:47,1174,40.15,0.472,7325.2,1957.0,12.125,14.4,2.6147,2.6424,0,urban,Bulevardul I. C. Brătianu,primary,10.0
RUTA_A,11-13,2026-04-02 12:50:41,12:47,1175,42.4,0.452,7337.0,2031.0,14.104,14.2,3.0414,3.0736,0,urban,Bulevardul I. C. Brătianu,primary,6.7
RUTA_A,11-13,2026-04-02 12:50:42,12:47,1176,43.4,0.215,7349.1,2077.0,12.748,13.2,2.749,2.7782,0,urban,Bulevardul I. C. Brătianu,primary,8.3
RUTA_A,11-13,2026-04-02 12:50:43,12:47,1177,43.95,0.231,7361.3,2115.0,10.184,11.9,2.1961,2.2194,0,urban,Bulevardul I. C. Brătianu,primary,8.9
RUTA_A,11-13,2026-04-02 12:50:44,12:47,1178,45.06,0.269,7373.8,2150.0,10.901,11.6,2.3508,2.3757,0,urban,Bulevardul I. C. Brătianu,primary,7.0
RUTA_A,11-13,2026-04-02 12:50:45,12:47,1179,45.88,0.033,7386.5,2177.0,10.901,10.5,2.3508,2.3757,0,urban,Bulevardul I. C. Brătianu,primary,8.7
RUTA_A,11-13,2026-04-02 12:50:46,12:47,1180,45.3,-0.203,7399.1,2170.0,6.672,6.4,1.4387,1.454,0,urban,Bulevardul I. C. Brătianu,primary,13.1
RUTA_A,11-13,2026-04-02 12:50:47,12:47,1181,44.42,-0.284,7411.5,2138.0,4.685,4.8,1.0103,1.021,0,urban,Bulevardul I. C. Brătianu,primary,5.4
RUTA_A,11-13,2026-04-02 12:50:48,12:47,1182,43.25,-0.256,7423.5,2083.0,4.977,5.7,1.0733,1.0846,0,urban,Bulevardul I. C. Brătianu,primary,12.7
RUTA_A,11-13,2026-04-02 12:50:49,12:47,1183,42.58,-0.169,7435.3,1888.0,6.102,7.4,1.3158,1.3298,0,urban,Bulevardul I. C. Brătianu,primary,5.7
RUTA_A,11-13,2026-04-02 12:50:50,12:47,1184,42.03,0.068,7447.0,1654.0,7.456,9.3,1.6079,1.6249,0,urban,Bulevardul I. C. Brătianu,primary,11.2
RUTA_A,11-13,2026-04-02 12:50:51,12:47,1185,43.06,0.301,7458.9,1656.0,10.486,12.3,2.2613,2.2853,0,urban,Bulevardul I. C. Brătianu,residential,6.6
RUTA_A,11-13,2026-04-02 12:50:52,12:47,1186,44.2,0.323,7471.2,1677.0,12.534,14.3,2.7029,2.7315,0,urban,Bulevardul I. C. Brătianu,residential,11.7
RUTA_A,11-13,2026-04-02 12:50:53,12:47,1187,45.39,0.326,7483.8,1716.0,9.282,11.1,2.0016,2.0228,0,urban,Bulevardul I. C. Brătianu,primary,7.2
RUTA_A,11-13,2026-04-02 12:50:54,12:47,1188,46.55,0.317,7496.7,1755.0,9.226,10.7,1.9896,2.0107,0,urban,Bulevardul I. C. Brătianu,primary,10.3
RUTA_A,11-13,2026-04-02 12:50:55,12:47,1189,47.68,0.202,7510.0,1793.0,12.552,13.4,2.7068,2.7355,0,urban,Bulevardul I. C. Brătianu,primary,7.0
RUTA_A,11-13,2026-04-02 12:50:56,12:47,1190,48.0,0.045,7523.3,1804.0,9.648,9.9,2.0805,2.1026,0,urban,Bulevardul I. C. Brătianu,primary,7.9
RUTA_A,11-13,2026-04-02 12:50:57,12:47,1191,48.0,-0.152,7536.7,1805.0,4.239,3.9,0.914,0.9237,0,urban,Bulevardul I. C. Brătianu,residential,8.5
RUTA_A,11-13,2026-04-02 12:50:58,12:47,1192,46.91,-0.29,7549.7,1766.0,3.787,3.7,0.8166,0.8252,0,urban,Bulevardul I. C. Brătianu,residential,6.1
RUTA_A,11-13,2026-04-02 12:50:59,12:47,1193,45.91,-0.215,7562.4,1728.0,3.86,4.0,0.8325,0.8413,0,urban,Bulevardul I. C. Brătianu,residential,18.5
RUTA_A,11-13,2026-04-02 12:51:00,12:47,1194,45.36,-0.072,7575.0,1690.0,6.557,7.0,1.4139,1.4289,0,urban,Bulevardul I. C. Brătianu,tertiary,16.3
RUTA_A,11-13,2026-04-02 12:51:01,12:47,1195,45.39,0.161,7587.6,1686.0,8.766,9.6,1.8904,1.9104,0,urban,Bulevardul I. C. Brătianu,tertiary,9.8
RUTA_A,11-13,2026-04-02 12:51:02,12:47,1196,46.52,0.18,7600.6,1743.0,10.056,11.1,2.1684,2.1914,0,urban,Bulevardul I. C. Brătianu,tertiary,13.3
RUTA_A,11-13,2026-04-02 12:51:03,12:47,1197,46.68,-0.053,7613.5,1764.0,8.408,9.2,1.8132,1.8324,0,urban,Bulevardul I. C. Brătianu,primary,15.8
RUTA_A,11-13,2026-04-02 12:51:04,12:47,1198,46.13,-0.209,7626.4,1758.0,4.545,4.6,0.9802,0.9906,0,urban,Bulevardul I. C. Brătianu,primary,8.0
RUTA_A,11-13,2026-04-02 12:51:05,12:47,1199,45.18,-0.283,7638.9,1501.0,3.609,3.4,0.7784,0.7866,0,urban,Bulevardul I. C. Brătianu,primary,12.9
RUTA_A,11-13,2026-04-02 12:51:06,12:47,1200,44.1,-0.459,7651.1,1165.0,3.582,3.2,0.7725,0.7807,0,urban,Bulevardul I. C. Brătianu,primary,12.8
RUTA_A,11-13,2026-04-02 12:51:07,12:47,1201,41.87,-0.6,7662.8,1010.0,3.25,3.1,0.7009,0.7084,0,urban,Bulevardul I. C. Brătianu,primary,3.1
RUTA_A,11-13,2026-04-02 12:51:08,12:47,1202,39.78,-0.448,7673.8,896.0,2.938,3.1,0.6335,0.6402,0,urban,Bulevardul I. C. Brătianu,primary,13.2
RUTA_A,11-13,2026-04-02 12:51:09,12:47,1203,38.64,-0.452,7684.6,874.0,2.824,2.9,0.6091,0.6155,0,urban,Bulevardul I. C. Brătianu,primary,15.6
RUTA_A,11-13,2026-04-02 12:51:10,12:47,1204,36.52,-0.774,7694.7,853.0,2.758,2.8,0.5947,0.601,0,urban,Bulevardul I. C. Brătianu,primary,10.9
RUTA_A,11-13,2026-04-02 12:51:11,12:47,1205,33.07,-1.211,7703.9,836.0,2.752,2.8,0.5934,0.5997,0,urban,Bulevardul I. C. Brătianu,primary,2.0
RUTA_A,11-13,2026-04-02 12:51:12,12:47,1206,27.8,-1.591,7711.6,874.0,2.679,2.6,0.5776,0.5837,0,urban,Bulevardul I. C. Brătianu,primary,9.2
RUTA_A,11-13,2026-04-02 12:51:13,12:47,1207,21.62,-1.891,7717.6,930.0,2.585,2.4,0.5574,0.5633,0,urban,Bulevardul I. C. Brătianu,primary,13.1
RUTA_A,11-13,2026-04-02 12:51:14,12:47,1208,14.18,-1.943,7721.6,856.0,2.682,2.6,0.5784,0.5845,0,urban,Bulevardul I. C. Brătianu,primary,9.6
RUTA_A,11-13,2026-04-02 12:51:15,12:47,1209,7.63,-1.539,7723.7,801.0,2.736,2.8,0.5901,0.5963,0,urban,Bulevardul I. C. Brătianu,primary,7.4
RUTA_A,11-13,2026-04-02 12:51:16,12:47,1210,3.1,-0.964,7724.5,787.0,2.691,2.8,0.5803,0.5865,0,urban,Bulevardul I. C. Brătianu,primary,7.4
RUTA_A,11-13,2026-04-02 12:51:17,12:47,1211,0.69,-0.416,7724.7,785.0,2.682,2.8,0.5785,0.5846,1,urban,Bulevardul I. C. Brătianu,primary,7.3
RUTA_A,11-13,2026-04-02 12:51:18,12:47,1212,0.11,0.027,7724.8,792.0,2.706,2.8,0.5835,0.5896,1,urban,Bulevardul I. C. Brătianu,primary,7.1
RUTA_A,11-13,2026-04-02 12:51:19,12:47,1213,0.88,0.258,7725.0,1363.0,5.787,5.5,1.2479,1.2611,1,urban,Bulevardul I. C. Brătianu,primary,7.0
RUTA_A,11-13,2026-04-02 12:51:20,12:47,1214,1.96,0.773,7725.6,2063.0,9.571,8.9,2.064,2.0859,0,urban,Bulevardul I. C. Brătianu,primary,7.0
RUTA_A,11-13,2026-04-02 12:51:21,12:47,1215,6.44,1.323,7727.3,1698.0,10.083,11.2,2.1744,2.1975,0,urban,Bulevardul I. C. Brătianu,primary,7.4
RUTA_A,11-13,2026-04-02 12:51:22,12:47,1216,11.49,1.61,7730.5,1560.0,12.716,13.2,2.7421,2.7712,0,urban,Bulevardul I. C. Brătianu,primary,9.3
RUTA_A,11-13,2026-04-02 12:51:23,12:47,1217,18.04,1.559,7735.5,2320.0,22.961,14.3,4.9515,5.004,0,urban,Bulevardul I. C. Brătianu,primary,8.5
RUTA_A,11-13,2026-04-02 12:51:24,12:47,1218,22.71,0.899,7741.9,2563.0,25.08,17.0,5.4083,5.4656,0,urban,Bulevardul I. C. Brătianu,secondary,6.8
RUTA_A,11-13,2026-04-02 12:51:25,12:47,1219,24.51,0.932,7748.7,2014.0,14.75,22.4,3.1807,3.2144,0,urban,Bulevardul I. C. Brătianu,primary,5.7
RUTA_A,11-13,2026-04-02 12:51:26,12:47,1220,29.42,1.463,7756.8,2135.0,16.696,24.6,3.6004,3.6386,0,urban,Bulevardul I. C. Brătianu,secondary,1.9
RUTA_A,11-13,2026-04-02 12:51:27,12:47,1221,35.05,0.861,7766.6,2449.0,22.057,25.1,4.7565,4.8069,0,urban,Bulevardul I. C. Brătianu,primary,7.4
RUTA_A,11-13,2026-04-02 12:51:28,12:47,1222,35.62,0.318,7776.5,2111.0,14.115,19.6,3.0439,3.0762,0,urban,Bulevardul I. C. Brătianu,primary,8.8
RUTA_A,11-13,2026-04-02 12:51:29,12:47,1223,37.34,0.781,7786.8,1911.0,11.753,18.0,2.5344,2.5613,0,urban,Bulevardul I. C. Brătianu,primary,5.8
RUTA_A,11-13,2026-04-02 12:51:30,12:47,1224,41.24,0.87,7798.3,1973.0,20.123,23.7,4.3395,4.3855,0,urban,Bulevardul I. C. Brătianu,primary,14.3
RUTA_A,11-13,2026-04-02 12:51:31,12:47,1225,43.6,0.478,7810.4,1935.0,18.184,23.5,3.9213,3.9628,0,urban,Bulevardul I. C. Brătianu,primary,8.8
RUTA_A,11-13,2026-04-02 12:51:32,12:47,1226,44.68,0.461,7822.8,1814.0,7.809,18.3,1.684,1.7018,0,urban,Bulevardul I. C. Brătianu,primary,8.2
RUTA_A,11-13,2026-04-02 12:51:33,12:47,1227,46.92,0.686,7835.8,1814.0,9.441,15.1,2.036,2.0575,0,urban,Bulevardul I. C. Brătianu,primary,4.5
RUTA_A,11-13,2026-04-02 12:51:34,12:47,1228,49.62,0.497,7849.6,1863.0,16.002,12.5,3.4507,3.4872,0,urban,Bulevardul I. C. Brătianu,primary,8.6
RUTA_A,11-13,2026-04-02 12:51:35,12:47,1229,50.49,0.21,7863.7,1898.0,13.955,12.0,3.0093,3.0412,0,urban,Bulevardul I. C. Brătianu,primary,5.5
RUTA_A,11-13,2026-04-02 12:51:36,12:47,1230,51.13,0.249,7877.9,1931.0,11.034,11.9,2.3794,2.4046,0,urban,Bulevardul I. C. Brătianu,primary,10.8
RUTA_A,11-13,2026-04-02 12:51:37,12:47,1231,52.29,0.318,7892.4,1965.0,12.093,13.3,2.6079,2.6355,0,urban,Bulevardul I. C. Brătianu,primary,6.5
RUTA_A,11-13,2026-04-02 12:51:38,12:47,1232,53.42,0.312,7907.2,2002.0,12.351,13.7,2.6635,2.6917,0,urban,Bulevardul I. C. Brătianu,primary,12.8
RUTA_A,11-13,2026-04-02 12:51:39,12:47,1233,54.53,0.219,7922.4,2044.0,11.302,12.6,2.4372,2.463,0,urban,Bulevardul I. C. Brătianu,primary,12.9
RUTA_A,11-13,2026-04-02 12:51:40,12:47,1234,55.0,0.065,7937.7,2049.0,9.662,9.9,2.0836,2.1057,0,urban,Bulevardul I. C. Brătianu,primary,10.8
RUTA_A,11-13,2026-04-02 12:51:41,12:47,1235,55.0,-0.193,7952.9,2027.0,7.593,6.0,1.6375,1.6548,0,urban,Bulevardul I. C. Brătianu,primary,10.5
RUTA_A,11-13,2026-04-02 12:51:42,12:47,1236,53.61,-0.408,7967.8,2004.0,5.533,5.5,1.1933,1.2059,0,urban,Bulevardul I. C. Brătianu,primary,11.4
RUTA_A,11-13,2026-04-02 12:51:43,12:47,1237,52.06,-0.132,7982.3,1985.0,4.164,6.3,0.8979,0.9074,0,urban,Bulevardul I. C. Brătianu,primary,12.6
RUTA_A,11-13,2026-04-02 12:51:44,12:47,1238,52.66,0.164,7996.9,2001.0,8.718,10.0,1.8799,1.8999,0,urban,Bulevardul I. C. Brătianu,primary,8.4
RUTA_A,11-13,2026-04-02 12:51:45,12:47,1239,53.24,0.16,8011.7,2023.0,11.48,12.3,2.4756,2.5018,0,urban,Bulevardul I. C. Brătianu,primary,12.0
RUTA_A,11-13,2026-04-02 12:51:46,12:47,1240,53.81,0.155,8026.6,2052.0,11.787,12.8,2.5418,2.5688,0,urban,Bulevardul I. C. Brătianu,primary,9.3
RUTA_A,11-13,2026-04-02 12:51:47,12:47,1241,54.36,0.151,8041.7,2070.0,12.202,13.4,2.6312,2.6591,0,urban,Bulevardul I. C. Brătianu,primary,7.7
RUTA_A,11-13,2026-04-02 12:51:48,12:47,1242,54.9,0.213,8057.0,2082.0,12.67,14.0,2.7322,2.7612,0,urban,Bulevardul I. C. Brătianu,primary,8.2
RUTA_A,11-13,2026-04-02 12:51:49,12:47,1243,55.89,0.292,8072.5,2107.0,13.695,14.6,2.9532,2.9845,0,urban,Bulevardul I. C. Brătianu,primary,10.1
RUTA_A,11-13,2026-04-02 12:51:50,12:47,1244,57.0,0.154,8088.4,2135.0,14.846,15.3,3.2015,3.2354,0,urban,Bulevardul I. C. Brătianu,primary,12.6
RUTA_A,11-13,2026-04-02 12:51:51,12:47,1245,57.0,-0.047,8104.2,2093.0,10.796,9.8,2.328,2.3527,0,urban,Bulevardul I. C. Brătianu,primary,10.0
RUTA_A,11-13,2026-04-02 12:51:52,12:47,1246,56.66,-0.271,8119.9,2062.0,7.315,5.5,1.5775,1.5943,0,urban,Bulevardul I. C. Brătianu,primary,14.2
RUTA_A,11-13,2026-04-02 12:51:53,12:47,1247,55.05,-0.398,8135.2,2071.0,5.967,5.5,1.2867,1.3003,0,urban,Bulevardul I. C. Brătianu,primary,10.9
RUTA_A,11-13,2026-04-02 12:51:54,12:47,1248,53.8,-0.255,8150.2,2059.0,5.902,6.4,1.2727,1.2862,0,urban,Bulevardul I. C. Brătianu,primary,9.9
RUTA_A,11-13,2026-04-02 12:51:55,12:47,1249,53.22,-0.111,8164.9,2006.0,8.222,8.9,1.773,1.7918,0,urban,Bulevardul I. C. Brătianu,primary,11.9
RUTA_A,11-13,2026-04-02 12:51:56,12:47,1250,53.0,-0.03,8179.7,1997.0,11.332,12.6,2.4436,2.4695,0,urban,Bulevardul I. C. Brătianu,primary,12.1
RUTA_A,11-13,2026-04-02 12:51:57,12:47,1251,53.0,0.236,8194.4,2013.0,14.906,16.9,3.2143,3.2484,0,urban,Bulevardul I. C. Brătianu,primary,7.6
RUTA_A,11-13,2026-04-02 12:51:58,12:47,1252,54.7,0.438,8209.6,2059.0,17.3,19.2,3.7306,3.7701,0,urban,Bulevardul I. C. Brătianu,primary,6.8
RUTA_A,11-13,2026-04-02 12:51:59,12:47,1253,56.15,0.275,8225.2,2105.0,17.908,19.6,3.8617,3.9027,0,urban,Bulevardul I. C. Brătianu,primary,9.6
RUTA_A,11-13,2026-04-02 12:52:00,12:47,1254,56.68,0.118,8240.9,2143.0,14.395,15.7,3.1042,3.1371,0,urban,Bulevardul I. C. Brătianu,primary,6.1
RUTA_A,11-13,2026-04-02 12:52:01,12:47,1255,57.0,0.044,8256.8,2161.0,10.951,11.4,2.3616,2.3866,0,urban,Bulevardul I. C. Brătianu,primary,12.6
RUTA_A,11-13,2026-04-02 12:52:02,12:47,1256,57.0,-0.145,8272.6,2148.0,7.612,6.5,1.6415,1.6589,0,urban,Bulevardul I. C. Brătianu,primary,9.7
RUTA_A,11-13,2026-04-02 12:52:03,12:47,1257,55.96,-0.373,8288.1,2124.0,5.932,5.5,1.2792,1.2928,0,urban,Bulevardul I. C. Brătianu,primary,7.4
RUTA_A,11-13,2026-04-02 12:52:04,12:47,1258,54.32,-0.272,8303.2,2094.0,5.209,6.8,1.1234,1.1353,0,urban,Bulevardul I. C. Brătianu,primary,14.3
RUTA_A,11-13,2026-04-02 12:52:05,12:47,1259,54.0,-0.042,8318.2,2066.0,7.547,9.0,1.6274,1.6447,0,urban,Bulevardul I. C. Brătianu,primary,8.7
RUTA_A,11-13,2026-04-02 12:52:06,12:47,1260,54.02,0.081,8333.2,2040.0,10.579,11.5,2.2812,2.3054,0,urban,Bulevardul I. C. Brătianu,primary,11.6
RUTA_A,11-13,2026-04-02 12:52:07,12:47,1261,54.59,0.137,8348.4,2059.0,12.314,14.4,2.6554,2.6835,0,urban,Bulevardul I. C. Brătianu,primary,9.4
RUTA_A,11-13,2026-04-02 12:52:08,12:47,1262,55.0,0.057,8363.7,2066.0,12.473,14.7,2.6896,2.7181,0,urban,Bulevardul I. C. Brătianu,primary,10.2
RUTA_A,11-13,2026-04-02 12:52:09,12:47,1263,55.0,-0.074,8378.9,2043.0,8.496,8.3,1.8321,1.8516,0,urban,Bulevardul I. C. Brătianu,primary,7.2
RUTA_A,11-13,2026-04-02 12:52:10,12:47,1264,54.46,-0.225,8394.1,2024.0,7.016,6.4,1.5129,1.5289,0,urban,Bulevardul I. C. Brătianu,primary,9.5
RUTA_A,11-13,2026-04-02 12:52:11,12:47,1265,53.38,-0.203,8408.9,2009.0,8.102,8.9,1.7472,1.7657,0,urban,Bulevardul I. C. Brătianu,primary,5.8
RUTA_A,11-13,2026-04-02 12:52:12,12:47,1266,53.0,-0.053,8423.6,1996.0,9.187,10.5,1.9812,2.0022,0,urban,Bulevardul I. C. Brătianu,primary,5.9
RUTA_A,11-13,2026-04-02 12:52:13,12:47,1267,53.0,0.0,8438.3,1983.0,10.273,11.6,2.2152,2.2387,0,urban,Bulevardul I. C. Brătianu,primary,8.1
RUTA_A,11-13,2026-04-02 12:52:14,12:47,1268,53.0,0.0,8453.1,1997.0,11.569,11.8,2.4948,2.5212,0,urban,Bulevardul I. C. Brătianu,primary,11.7
RUTA_A,11-13,2026-04-02 12:52:15,12:47,1269,53.0,0.0,8467.8,2010.0,12.334,11.7,2.6599,2.688,0,urban,Bulevardul I. C. Brătianu,primary,8.1
RUTA_A,11-13,2026-04-02 12:52:16,12:47,1270,53.0,0.045,8482.5,2006.0,10.452,11.0,2.254,2.2778,0,urban,Bulevardul I. C. Brătianu,primary,5.7
RUTA_A,11-13,2026-04-02 12:52:17,12:47,1271,53.32,0.2,8497.3,2012.0,10.377,11.8,2.2378,2.2615,0,urban,Bulevardul I. C. Brătianu,primary,10.4
RUTA_A,11-13,2026-04-02 12:52:18,12:47,1272,54.44,0.424,8512.4,2044.0,14.792,16.0,3.1899,3.2237,0,urban,Bulevardul I. C. Brătianu,primary,5.4
RUTA_A,11-13,2026-04-02 12:52:19,12:47,1273,56.37,0.65,8528.1,2110.0,20.09,21.7,4.3322,4.3781,0,urban,Bulevardul I. C. Brătianu,primary,10.6
RUTA_A,11-13,2026-04-02 12:52:20,12:47,1274,59.12,0.786,8544.5,2210.0,26.269,29.0,5.6648,5.7248,0,urban,Bulevardul I. C. Brătianu,primary,8.5
RUTA_A,11-13,2026-04-02 12:52:21,12:47,1275,62.03,0.815,8561.8,2321.0,29.229,32.8,6.303,6.3698,0,rural,Bulevardul I. C. Brătianu,primary,6.0
RUTA_A,11-13,2026-04-02 12:52:22,12:47,1276,64.99,0.249,8579.8,2436.0,30.564,34.8,6.591,6.6608,0,rural,Bulevardul I. C. Brătianu,primary,4.5
RUTA_A,11-13,2026-04-02 12:52:23,12:47,1277,63.82,-0.395,8597.5,2405.0,15.421,16.9,3.3255,3.3607,0,rural,Bulevardul I. C. Brătianu,primary,3.3
RUTA_A,11-13,2026-04-02 12:52:24,12:47,1278,62.15,-0.635,8614.8,2362.0,5.156,6.1,1.1118,1.1236,0,rural,Bulevardul I. C. Brătianu,primary,1.1
RUTA_A,11-13,2026-04-02 12:52:25,12:47,1279,59.25,-0.486,8631.3,2286.0,6.603,12.2,1.424,1.439,0,urban,Bulevardul I. C. Brătianu,primary,8.3
RUTA_A,11-13,2026-04-02 12:52:26,12:47,1280,58.65,0.075,8647.6,2257.0,11.613,17.7,2.5042,2.5307,0,urban,Bulevardul I. C. Brătianu,primary,5.5
RUTA_A,11-13,2026-04-02 12:52:27,12:47,1281,59.8,0.405,8664.2,2263.0,19.342,22.7,4.171,4.2152,0,urban,Bulevardul I. C. Brătianu,primary,4.2
RUTA_A,11-13,2026-04-02 12:52:28,12:47,1282,61.57,0.51,8681.3,2315.0,21.375,24.0,4.6095,4.6583,0,rural,Bulevardul I. C. Brătianu,primary,8.8
RUTA_A,11-13,2026-04-02 12:52:29,12:47,1283,63.47,0.377,8698.9,2377.0,22.184,24.6,4.7838,4.8345,0,rural,Bulevardul I. C. Brătianu,primary,7.8
RUTA_A,11-13,2026-04-02 12:52:30,12:47,1284,64.28,0.167,8716.8,2323.0,18.179,19.8,3.9203,3.9619,0,rural,Bulevardul I. C. Brătianu,primary,6.2
RUTA_A,11-13,2026-04-02 12:52:31,12:47,1285,64.67,0.092,8734.7,2224.0,12.304,12.9,2.6533,2.6814,0,rural,Bulevardul I. C. Brătianu,primary,5.9
RUTA_A,11-13,2026-04-02 12:52:32,12:47,1286,64.94,-0.019,8752.8,2126.0,7.316,7.2,1.5777,1.5944,0,rural,Bulevardul I. C. Brătianu,primary,4.9
RUTA_A,11-13,2026-04-02 12:52:33,12:47,1287,64.53,-0.113,8770.7,2037.0,7.565,7.8,1.6313,1.6486,0,rural,Bulevardul I. C. Brătianu,primary,2.8
RUTA_A,11-13,2026-04-02 12:52:34,12:47,1288,64.13,-0.111,8788.5,1947.0,7.814,8.4,1.685,1.7028,0,rural,Bulevardul I. C. Brătianu,primary,9.8
RUTA_A,11-13,2026-04-02 12:52:35,12:47,1289,63.73,-0.108,8806.2,1912.0,8.172,8.9,1.7622,1.7808,0,rural,Bulevardul I. C. Brătianu,primary,8.1
RUTA_A,11-13,2026-04-02 12:52:36,12:47,1290,63.35,-0.15,8823.8,1901.0,8.578,9.4,1.8498,1.8694,0,rural,Bulevardul I. C. Brătianu,primary,6.1
RUTA_A,11-13,2026-04-02 12:52:37,12:47,1291,62.66,-0.666,8841.2,1866.0,8.769,9.6,1.891,1.911,0,rural,Bulevardul I. C. Brătianu,primary,3.4
RUTA_A,11-13,2026-04-02 12:52:38,12:47,1292,58.55,-1.139,8857.5,1569.0,6.614,7.6,1.4263,1.4414,0,urban,Bulevardul I. C. Brătianu,primary,6.3
RUTA_A,11-13,2026-04-02 12:52:39,12:47,1293,54.45,-1.232,8872.6,1271.0,4.459,5.5,0.9615,0.9717,0,urban,Bulevardul I. C. Brătianu,primary,5.4
RUTA_A,11-13,2026-04-02 12:52:40,12:47,1294,49.69,-1.461,8886.4,1164.0,3.177,4.2,0.6851,0.6924,0,urban,Bulevardul I. C. Brătianu,primary,3.0
RUTA_A,11-13,2026-04-02 12:52:41,12:47,1295,43.93,-1.63,8898.6,1338.0,3.195,3.8,0.689,0.6963,0,urban,Bulevardul I. C. Brătianu,primary,9.4
RUTA_A,11-13,2026-04-02 12:52:42,12:47,1296,37.95,-1.85,8909.1,1452.0,3.17,3.5,0.6835,0.6908,0,urban,Bulevardul I. C. Brătianu,primary,4.2
RUTA_A,11-13,2026-04-02 12:52:43,12:47,1297,30.61,-1.834,8917.6,1198.0,2.887,3.0,0.6226,0.6292,0,urban,Bulevardul I. C. Brătianu,primary,9.0
RUTA_A,11-13,2026-04-02 12:52:44,12:47,1298,24.75,-1.281,8924.5,986.0,2.71,2.8,0.5844,0.5906,0,urban,Bulevardul I. C. Brătianu,primary,6.8
RUTA_A,11-13,2026-04-02 12:52:45,12:47,1299,21.39,-1.214,8930.5,843.0,2.71,2.8,0.5844,0.5906,0,urban,Bulevardul I. C. Brătianu,primary,1.7
RUTA_A,11-13,2026-04-02 12:52:46,12:47,1300,16.01,-1.69,8934.9,786.0,2.73,2.9,0.5887,0.5949,0,urban,Bulevardul I. C. Brătianu,primary,5.7
RUTA_A,11-13,2026-04-02 12:52:47,12:47,1301,9.22,-0.846,8937.5,789.0,2.764,3.1,0.596,0.6023,0,urban,Bulevardul I. C. Brătianu,primary,9.1
RUTA_A,11-13,2026-04-02 12:52:48,12:47,1302,9.91,0.46,8940.2,804.0,5.618,7.5,1.2116,1.2244,0,urban,Bulevardul I. C. Brătianu,primary,9.5
RUTA_A,11-13,2026-04-02 12:52:49,12:47,1303,12.53,1.058,8943.7,860.0,9.222,12.7,1.9888,2.0098,0,urban,Bulevardul I. C. Brătianu,primary,6.2
RUTA_A,11-13,2026-04-02 12:52:50,12:47,1304,17.53,1.459,8948.6,1233.0,13.961,17.9,3.0107,3.0426,0,urban,Bulevardul I. C. Brătianu,primary,1.4
RUTA_A,11-13,2026-04-02 12:52:51,12:47,1305,23.04,1.689,8955.0,1633.0,19.118,23.4,4.1226,4.1663,0,urban,Bulevardul I. C. Brătianu,primary,4.5
RUTA_A,11-13,2026-04-02 12:52:52,12:47,1306,29.69,1.583,8963.2,2096.0,25.221,29.2,5.4387,5.4964,0,urban,Bulevardul I. C. Brătianu,primary,1.6
RUTA_A,11-13,2026-04-02 12:52:53,12:47,1307,34.44,1.056,8972.8,2240.0,21.739,29.9,4.6879,4.7376,0,urban,Bulevardul I. C. Brătianu,primary,9.2
RUTA_A,11-13,2026-04-02 12:52:54,12:47,1308,37.29,0.958,8983.1,2070.0,8.749,25.4,1.8866,1.9066,0,urban,Bulevardul I. C. Brătianu,primary,3.9
RUTA_A,11-13,2026-04-02 12:52:55,12:47,1309,41.33,1.176,8994.6,2084.0,14.52,27.1,3.1312,3.1644,0,urban,Bulevardul I. C. Brătianu,primary,9.3
RUTA_A,11-13,2026-04-02 12:52:56,12:47,1310,45.76,1.192,9007.3,2158.0,26.446,30.8,5.703,5.7634,0,urban,Bulevardul I. C. Brătianu,primary,6.7
RUTA_A,11-13,2026-04-02 12:52:57,12:47,1311,49.92,1.149,9021.2,2351.0,29.708,34.1,6.4064,6.4743,0,urban,Bulevardul I. C. Brătianu,primary,10.0
RUTA_A,11-13,2026-04-02 12:52:58,12:47,1312,54.03,1.134,9036.2,2550.0,32.719,33.0,7.0557,7.1305,0,urban,Bulevardul I. C. Brătianu,primary,5.0
RUTA_A,11-13,2026-04-02 12:52:59,12:47,1313,58.08,0.954,9052.3,2744.0,36.44,19.4,7.8581,7.9414,0,urban,Bulevardul I. C. Brătianu,primary,6.5
RUTA_A,11-13,2026-04-02 12:53:00,12:47,1314,60.9,0.628,9069.3,2690.0,35.707,19.1,7.7002,7.7818,0,rural,Bulevardul I. C. Brătianu,primary,7.6
RUTA_A,11-13,2026-04-02 12:53:01,12:47,1315,62.61,0.59,9086.6,2411.0,30.978,30.7,6.6803,6.751,0,rural,Bulevardul I. C. Brătianu,primary,5.8
RUTA_A,11-13,2026-04-02 12:53:02,12:47,1316,65.15,0.74,9104.7,2425.0,31.213,24.2,6.7311,6.8024,0,rural,Bulevardul I. C. Brătianu,primary,5.4
RUTA_A,11-13,2026-04-02 12:53:03,12:47,1317,67.94,0.099,9123.6,2526.0,32.932,12.4,7.1017,7.1769,0,rural,Bulevardul I. C. Brătianu,primary,5.4
RUTA_A,11-13,2026-04-02 12:53:04,12:47,1318,65.86,-0.558,9141.9,2493.0,18.233,10.9,3.9319,3.9736,0,rural,Bulevardul I. C. Brătianu,residential,6.2
RUTA_A,11-13,2026-04-02 12:53:05,12:47,1319,63.92,-0.345,9159.7,2456.0,5.854,10.0,1.2625,1.2758,0,rural,Bulevardul I. C. Brătianu,primary,5.0
RUTA_A,11-13,2026-04-02 12:53:06,12:47,1320,63.38,-0.151,9177.3,2416.0,8.837,11.3,1.9056,1.9258,0,rural,Bulevardul I. C. Brătianu,primary,5.4
RUTA_A,11-13,2026-04-02 12:53:07,12:47,1321,62.83,-0.153,9194.7,2382.0,11.0,12.2,2.372,2.3972,0,rural,Bulevardul I. C. Brătianu,primary,5.1
RUTA_A,11-13,2026-04-02 12:53:08,12:47,1322,62.28,-0.116,9212.0,2360.0,11.234,12.4,2.4225,2.4482,0,rural,Bulevardul I. C. Brătianu,primary,7.3
RUTA_A,11-13,2026-04-02 12:53:09,12:47,1323,62.0,-0.038,9229.2,2342.0,11.386,12.6,2.4553,2.4813,0,rural,Bulevardul I. C. Brătianu,primary,6.3
RUTA_A,11-13,2026-04-02 12:53:10,12:47,1324,62.0,-0.107,9246.5,2328.0,11.457,12.6,2.4707,2.4969,0,rural,Bulevardul I. C. Brătianu,primary,12.2
RUTA_A,11-13,2026-04-02 12:53:11,12:47,1325,61.23,-0.263,9263.5,2300.0,9.8,10.6,2.1134,2.1358,0,rural,Bulevardul I. C. Brătianu,primary,7.3
RUTA_A,11-13,2026-04-02 12:53:12,12:47,1326,60.1,-0.387,9280.2,2266.0,7.33,7.7,1.5806,1.5974,0,rural,Bulevardul I. C. Brătianu,primary,3.6
RUTA_A,11-13,2026-04-02 12:53:13,12:47,1327,58.44,-0.457,9296.4,2235.0,7.344,8.1,1.5837,1.6005,0,urban,Bulevardul I. C. Brătianu,primary,6.9
RUTA_A,11-13,2026-04-02 12:53:14,12:47,1328,56.82,-0.385,9312.2,2170.0,7.395,8.2,1.5948,1.6117,0,urban,Bulevardul I. C. Brătianu,primary,10.4
RUTA_A,11-13,2026-04-02 12:53:15,12:47,1329,55.67,-0.316,9327.7,1932.0,6.298,5.2,1.3581,1.3725,0,urban,Bulevardul I. C. Brătianu,primary,7.0
RUTA_A,11-13,2026-04-02 12:53:16,12:47,1330,54.54,-0.31,9342.8,1619.0,5.056,3.4,1.0903,1.1018,0,urban,Bulevardul I. C. Brătianu,primary,5.3
RUTA_A,11-13,2026-04-02 12:53:17,12:47,1331,53.44,-0.662,9357.6,1200.0,3.614,3.2,0.7793,0.7876,0,urban,Bulevardul I. C. Brătianu,primary,5.8
RUTA_A,11-13,2026-04-02 12:53:18,12:47,1332,49.77,-1.253,9371.5,986.0,3.008,3.1,0.6486,0.6555,0,urban,Bulevardul I. C. Brătianu,primary,13.3
RUTA_A,11-13,2026-04-02 12:53:19,12:47,1333,44.41,-1.437,9383.8,908.0,2.954,3.1,0.6371,0.6438,0,urban,Bulevardul I. C. Brătianu,primary,9.6
RUTA_A,11-13,2026-04-02 12:53:20,12:47,1334,39.43,-1.361,9394.8,866.0,2.886,3.0,0.6225,0.629,0,urban,Bulevardul I. C. Brătianu,residential,10.7
RUTA_A,11-13,2026-04-02 12:53:21,12:47,1335,34.62,-1.277,9404.4,837.0,2.818,2.8,0.6077,0.6141,0,urban,Bulevardul I. C. Brătianu,residential,10.2
RUTA_A,11-13,2026-04-02 12:53:22,12:47,1336,30.23,-1.26,9412.8,819.0,2.796,2.8,0.603,0.6094,0,urban,Bulevardul I. C. Brătianu,residential,10.1
RUTA_A,11-13,2026-04-02 12:53:23,12:47,1337,25.55,-1.418,9419.9,805.0,2.783,2.8,0.6001,0.6065,0,urban,Bulevardul I. C. Brătianu,primary,8.5
RUTA_A,11-13,2026-04-02 12:53:24,12:47,1338,20.02,-1.187,9425.4,800.0,2.794,2.8,0.6025,0.6089,0,urban,Bulevardul I. C. Brătianu,primary,8.9
RUTA_A,11-13,2026-04-02 12:53:25,12:47,1339,17.0,-0.42,9430.2,794.0,2.792,2.8,0.602,0.6084,0,urban,Bulevardul I. C. Brătianu,primary,10.1
RUTA_A,11-13,2026-04-02 12:53:26,12:47,1340,17.0,-0.986,9434.9,786.0,2.773,2.8,0.598,0.6043,0,urban,Bulevardul I. C. Brătianu,primary,11.9
RUTA_A,11-13,2026-04-02 12:53:27,12:47,1341,9.9,-2.093,9437.6,782.0,2.751,2.8,0.5933,0.5995,0,urban,Bulevardul I. C. Brătianu,primary,12.5
RUTA_A,11-13,2026-04-02 12:53:28,12:47,1342,1.93,-1.26,9438.2,779.0,2.732,2.8,0.5892,0.5954,0,urban,Bulevardul I. C. Brătianu,primary,12.8
RUTA_A,11-13,2026-04-02 12:53:29,12:47,1343,0.83,-0.268,9438.4,782.0,2.765,2.8,0.5963,0.6026,1,urban,Bulevardul I. C. Brătianu,primary,12.8
RUTA_A,11-13,2026-04-02 12:53:30,12:47,1344,0.0,-0.115,9438.4,786.0,2.793,2.8,0.6023,0.6087,1,urban,Bulevardul I. C. Brătianu,primary,12.7
RUTA_A,11-13,2026-04-02 12:53:31,12:47,1345,0.0,0.0,9438.4,794.0,2.805,3.0,0.6048,0.6112,1,urban,Bulevardul I. C. Brătianu,primary,12.7
RUTA_A,11-13,2026-04-02 12:53:32,12:47,1346,0.0,0.0,9438.4,796.0,2.807,3.0,0.6053,0.6117,1,urban,Bulevardul I. C. Brătianu,primary,12.7
RUTA_A,11-13,2026-04-02 12:53:33,12:47,1347,0.0,0.0,9438.4,791.0,2.801,2.8,0.6041,0.6105,1,urban,Bulevardul I. C. Brătianu,primary,12.7
RUTA_A,11-13,2026-04-02 12:53:34,12:47,1348,0.0,0.0,9438.4,792.0,2.796,2.8,0.6028,0.6092,1,urban,Bulevardul I. C. Brătianu,primary,12.7
RUTA_A,11-13,2026-04-02 12:53:35,12:47,1349,0.0,0.0,9438.4,793.0,2.789,2.8,0.6015,0.6079,1,urban,Bulevardul I. C. Brătianu,primary,12.7
RUTA_A,11-13,2026-04-02 12:53:36,12:47,1350,0.0,0.0,9438.4,787.0,2.747,2.8,0.5924,0.5987,1,urban,Bulevardul I. C. Brătianu,primary,12.7
RUTA_A,11-13,2026-04-02 12:53:37,12:47,1351,0.0,0.0,9438.4,783.0,2.726,2.8,0.5879,0.5941,1,urban,Bulevardul I. C. Brătianu,primary,12.7
RUTA_A,11-13,2026-04-02 12:53:38,12:47,1352,0.0,0.0,9438.4,784.0,2.744,2.8,0.5917,0.5979,1,urban,Bulevardul I. C. Brătianu,primary,12.7
RUTA_A,11-13,2026-04-02 12:53:39,12:47,1353,0.0,0.0,9438.4,786.0,2.729,2.8,0.5884,0.5946,1,urban,Bulevardul I. C. Brătianu,primary,12.7
RUTA_A,11-13,2026-04-02 12:53:40,12:47,1354,0.0,0.0,9438.4,789.0,2.695,2.8,0.5812,0.5873,1,urban,Bulevardul I. C. Brătianu,primary,12.7
RUTA_A,11-13,2026-04-02 12:53:41,12:47,1355,0.0,0.0,9438.4,789.0,2.709,2.8,0.5842,0.5904,1,urban,Bulevardul I. C. Brătianu,primary,12.7
RUTA_A,11-13,2026-04-02 12:53:42,12:47,1356,0.0,0.0,9438.4,789.0,2.728,2.8,0.5883,0.5946,1,urban,Bulevardul I. C. Brătianu,primary,12.7
RUTA_A,11-13,2026-04-02 12:53:43,12:47,1357,0.0,0.0,9438.4,789.0,2.694,2.8,0.581,0.5872,1,urban,Bulevardul I. C. Brătianu,primary,12.7
RUTA_A,11-13,2026-04-02 12:53:44,12:47,1358,0.0,0.0,9438.4,787.0,2.677,2.8,0.5772,0.5833,1,urban,Bulevardul I. C. Brătianu,primary,12.7
RUTA_A,11-13,2026-04-02 12:53:45,12:47,1359,0.0,0.0,9438.4,782.0,2.7,2.8,0.5823,0.5884,1,urban,Bulevardul I. C. Brătianu,primary,12.7
RUTA_A,11-13,2026-04-02 12:53:46,12:47,1360,0.0,0.0,9438.4,782.0,2.71,2.8,0.5844,0.5906,1,urban,Bulevardul I. C. Brătianu,primary,12.7
RUTA_A,11-13,2026-04-02 12:53:47,12:47,1361,0.0,0.0,9438.4,786.0,2.71,2.8,0.5844,0.5906,1,urban,Bulevardul I. C. Brătianu,primary,12.7
RUTA_A,11-13,2026-04-02 12:53:48,12:47,1362,0.0,0.0,9438.4,794.0,2.741,2.8,0.591,0.5973,1,urban,Bulevardul I. C. Brătianu,primary,12.7
RUTA_A,11-13,2026-04-02 12:53:49,12:47,1363,0.0,0.0,9438.4,802.0,2.779,2.8,0.5993,0.6057,1,urban,Bulevardul I. C. Brătianu,primary,12.7
RUTA_A,11-13,2026-04-02 12:53:50,12:47,1364,0.0,0.0,9438.4,792.0,2.723,2.8,0.5871,0.5933,1,urban,Bulevardul I. C. Brătianu,primary,12.7
RUTA_A,11-13,2026-04-02 12:53:51,12:47,1365,0.0,0.0,9438.4,864.0,3.279,3.5,0.707,0.7145,1,urban,Bulevardul I. C. Brătianu,primary,12.7
RUTA_A,11-13,2026-04-02 12:53:52,12:47,1366,0.0,0.0,9438.4,1183.0,5.673,6.3,1.2233,1.2363,1,urban,Bulevardul I. C. Brătianu,primary,12.7
RUTA_A,11-13,2026-04-02 12:53:53,12:47,1367,0.0,0.0,9438.4,1382.0,6.823,7.3,1.4715,1.487,1,urban,Bulevardul I. C. Brătianu,primary,12.7
RUTA_A,11-13,2026-04-02 12:53:54,12:47,1368,0.0,0.0,9438.4,1436.0,6.479,6.0,1.3971,1.4119,1,urban,Bulevardul I. C. Brătianu,primary,12.7
RUTA_A,11-13,2026-04-02 12:53:55,12:47,1369,0.0,0.0,9438.4,1300.0,5.24,4.7,1.13,1.142,1,urban,Bulevardul I. C. Brătianu,primary,12.7
RUTA_A,11-13,2026-04-02 12:53:56,12:47,1370,0.0,0.0,9438.4,1052.0,3.47,3.4,0.7483,0.7562,1,urban,Bulevardul I. C. Brătianu,primary,12.7
RUTA_A,11-13,2026-04-02 12:53:57,12:47,1371,0.0,0.0,9438.4,1061.0,3.35,3.3,0.7224,0.7301,1,urban,Bulevardul I. C. Brătianu,primary,12.7
RUTA_A,11-13,2026-04-02 12:53:58,12:47,1372,0.0,0.0,9438.4,1154.0,3.76,3.5,0.8107,0.8193,1,urban,Bulevardul I. C. Brătianu,primary,12.7
RUTA_A,11-13,2026-04-02 12:53:59,12:47,1373,0.0,0.0,9438.4,1046.0,3.24,3.1,0.6988,0.7062,1,urban,Bulevardul I. C. Brătianu,primary,12.7
RUTA_A,11-13,2026-04-02 12:54:00,12:47,1374,0.0,0.0,9438.4,949.0,2.826,2.8,0.6094,0.6159,1,urban,Bulevardul I. C. Brătianu,primary,12.7
RUTA_A,11-13,2026-04-02 12:54:01,12:47,1375,0.0,0.0,9438.4,896.0,2.723,2.8,0.5872,0.5934,1,urban,Bulevardul I. C. Brătianu,primary,12.7
RUTA_A,11-13,2026-04-02 12:54:02,12:47,1376,0.0,0.0,9438.4,861.0,2.689,2.8,0.5799,0.5861,1,urban,Bulevardul I. C. Brătianu,primary,12.7
RUTA_A,11-13,2026-04-02 12:54:03,12:47,1377,0.0,0.0,9438.4,845.0,2.729,2.8,0.5884,0.5947,1,urban,Bulevardul I. C. Brătianu,primary,12.7
RUTA_A,11-13,2026-04-02 12:54:04,12:47,1378,0.0,0.0,9438.4,1031.0,4.513,5.2,0.9732,0.9835,1,urban,Bulevardul I. C. Brătianu,primary,12.7
RUTA_A,11-13,2026-04-02 12:54:05,12:47,1379,0.0,0.276,9438.4,1297.0,6.99,8.7,1.5073,1.5232,1,urban,Bulevardul I. C. Brătianu,primary,12.7
RUTA_A,11-13,2026-04-02 12:54:06,12:47,1380,1.99,0.611,9438.9,1211.0,6.528,10.0,1.4078,1.4227,0,urban,Bulevardul I. C. Brătianu,primary,12.7
RUTA_A,11-13,2026-04-02 12:54:07,12:47,1381,4.4,1.063,9440.2,1124.0,6.132,10.9,1.3223,1.3363,0,urban,Bulevardul I. C. Brătianu,primary,12.4
RUTA_A,11-13,2026-04-02 12:54:08,12:47,1382,9.64,1.224,9442.8,1417.0,9.838,10.2,2.1215,2.144,0,urban,Bulevardul I. C. Brătianu,primary,9.6
RUTA_A,11-13,2026-04-02 12:54:09,12:47,1383,13.21,0.577,9446.5,1519.0,11.05,9.1,2.3829,2.4082,0,urban,Bulevardul I. C. Brătianu,primary,6.7
RUTA_A,11-13,2026-04-02 12:54:10,12:47,1384,13.8,0.329,9450.4,1283.0,7.829,7.0,1.6882,1.7061,0,urban,Bulevardul I. C. Brătianu,primary,4.8
RUTA_A,11-13,2026-04-02 12:54:11,12:47,1385,15.58,0.581,9454.7,1244.0,6.955,6.7,1.4999,1.5158,0,urban,Bulevardul I. C. Brătianu,primary,6.5
RUTA_A,11-13,2026-04-02 12:54:12,12:47,1386,17.98,0.49,9459.7,1308.0,7.297,7.4,1.5736,1.5903,0,urban,Bulevardul I. C. Brătianu,primary,10.9
RUTA_A,11-13,2026-04-02 12:54:13,12:47,1387,19.11,0.343,9465.0,1373.0,8.155,9.2,1.7586,1.7772,0,urban,Bulevardul I. C. Brătianu,primary,7.3
RUTA_A,11-13,2026-04-02 12:54:14,12:47,1388,20.45,0.492,9470.7,1461.0,9.036,10.6,1.9486,1.9693,0,urban,Bulevardul I. C. Brătianu,primary,4.4
RUTA_A,11-13,2026-04-02 12:54:15,12:47,1389,22.65,0.373,9477.0,1631.0,9.994,10.8,2.1552,2.178,0,urban,Bulevardul I. C. Brătianu,primary,5.7
RUTA_A,11-13,2026-04-02 12:54:16,12:47,1390,23.14,-0.24,9483.4,1610.0,9.077,9.3,1.9575,1.9783,0,urban,Bulevardul I. C. Brătianu,primary,9.7
RUTA_A,11-13,2026-04-02 12:54:17,12:47,1391,20.92,-0.8,9489.2,1284.0,5.205,5.0,1.1224,1.1343,0,urban,Bulevardul I. C. Brătianu,primary,8.6
RUTA_A,11-13,2026-04-02 12:54:18,12:47,1392,17.38,-1.116,9494.0,1076.0,3.344,3.0,0.7212,0.7289,0,urban,Bulevardul I. C. Brătianu,primary,5.7
RUTA_A,11-13,2026-04-02 12:54:19,12:47,1393,12.89,-0.99,9497.6,952.0,2.923,2.8,0.6304,0.6371,0,urban,Bulevardul I. C. Brătianu,primary,5.9
RUTA_A,11-13,2026-04-02 12:54:20,12:47,1394,10.25,-0.669,9500.5,892.0,2.788,2.8,0.6011,0.6075,0,urban,Bulevardul I. C. Brătianu,primary,7.7
RUTA_A,11-13,2026-04-02 12:54:21,12:47,1395,8.07,-0.69,9502.7,848.0,2.722,2.8,0.587,0.5932,0,urban,Bulevardul I. C. Brătianu,primary,9.9
RUTA_A,11-13,2026-04-02 12:54:22,12:47,1396,5.28,-0.72,9504.2,819.0,2.671,2.8,0.576,0.5821,0,urban,Bulevardul I. C. Brătianu,primary,11.1
RUTA_A,11-13,2026-04-02 12:54:23,12:47,1397,2.89,-0.412,9505.0,795.0,2.634,2.8,0.5681,0.5741,0,urban,Bulevardul I. C. Brătianu,primary,11.4
RUTA_A,11-13,2026-04-02 12:54:24,12:47,1398,2.31,-0.196,9505.6,788.0,2.657,2.8,0.5731,0.5791,0,urban,Bulevardul I. C. Brătianu,primary,11.3
RUTA_A,11-13,2026-04-02 12:54:25,12:47,1399,1.48,-0.276,9506.0,786.0,2.68,2.8,0.578,0.5842,0,urban,Bulevardul I. C. Brătianu,primary,11.0
RUTA_A,11-13,2026-04-02 12:54:26,12:47,1400,0.33,-0.205,9506.1,787.0,2.703,2.8,0.583,0.5892,1,urban,Bulevardul I. C. Brătianu,primary,10.8
RUTA_A,11-13,2026-04-02 12:54:27,12:47,1401,0.0,-0.046,9506.1,789.0,2.702,2.8,0.5827,0.5888,1,urban,Bulevardul I. C. Brătianu,primary,10.7
RUTA_A,11-13,2026-04-02 12:54:28,12:47,1402,0.0,0.0,9506.1,792.0,2.691,2.8,0.5802,0.5864,1,urban,Bulevardul I. C. Brătianu,primary,10.7
RUTA_A,11-13,2026-04-02 12:54:29,12:47,1403,0.0,0.0,9506.1,794.0,2.7,2.8,0.5823,0.5885,1,urban,Bulevardul I. C. Brătianu,primary,10.7
RUTA_A,11-13,2026-04-02 12:54:30,12:47,1404,0.0,0.0,9506.1,796.0,2.704,2.8,0.5831,0.5893,1,urban,Bulevardul I. C. Brătianu,primary,10.7
RUTA_A,11-13,2026-04-02 12:54:31,12:47,1405,0.0,0.0,9506.1,789.0,2.653,2.8,0.572,0.5781,1,urban,Bulevardul I. C. Brătianu,primary,10.7
RUTA_A,11-13,2026-04-02 12:54:32,12:47,1406,0.0,0.0,9506.1,784.0,2.61,2.8,0.5628,0.5688,1,urban,Bulevardul I. C. Brătianu,primary,10.7
RUTA_A,11-13,2026-04-02 12:54:33,12:47,1407,0.0,0.0,9506.1,782.0,2.582,2.8,0.5568,0.5627,1,urban,Bulevardul I. C. Brătianu,primary,10.7
RUTA_A,11-13,2026-04-02 12:54:34,12:47,1408,0.0,0.0,9506.1,783.0,2.58,2.8,0.5563,0.5622,1,urban,Bulevardul I. C. Brătianu,primary,10.7
RUTA_A,11-13,2026-04-02 12:54:35,12:47,1409,0.0,0.0,9506.1,787.0,2.597,2.8,0.5601,0.566,1,urban,Bulevardul I. C. Brătianu,primary,10.7
RUTA_A,11-13,2026-04-02 12:54:36,12:47,1410,0.0,0.0,9506.1,790.0,2.586,2.8,0.5577,0.5636,1,urban,Bulevardul I. C. Brătianu,primary,10.7
RUTA_A,11-13,2026-04-02 12:54:37,12:47,1411,0.0,0.0,9506.1,793.0,2.571,2.8,0.5543,0.5602,1,urban,Bulevardul I. C. Brătianu,primary,10.7
RUTA_A,11-13,2026-04-02 12:54:38,12:47,1412,0.0,0.0,9506.1,792.0,2.587,2.8,0.5579,0.5639,1,urban,Bulevardul I. C. Brătianu,primary,10.7
RUTA_A,11-13,2026-04-02 12:54:39,12:47,1413,0.0,0.0,9506.1,791.0,2.604,2.8,0.5615,0.5675,1,urban,Bulevardul I. C. Brătianu,primary,10.7
RUTA_A,11-13,2026-04-02 12:54:40,12:47,1414,0.0,0.0,9506.1,788.0,2.621,2.8,0.5651,0.5711,1,urban,Bulevardul I. C. Brătianu,primary,10.7
RUTA_A,11-13,2026-04-02 12:54:41,12:47,1415,0.0,0.0,9506.1,790.0,2.622,2.8,0.5655,0.5715,1,urban,Bulevardul I. C. Brătianu,primary,10.7
RUTA_A,11-13,2026-04-02 12:54:42,12:47,1416,0.0,0.0,9506.1,799.0,2.604,2.8,0.5616,0.5676,1,urban,Bulevardul I. C. Brătianu,primary,10.7
RUTA_A,11-13,2026-04-02 12:54:43,12:47,1417,0.0,0.0,9506.1,796.0,2.609,2.8,0.5625,0.5685,1,urban,Bulevardul I. C. Brătianu,primary,10.7
RUTA_A,11-13,2026-04-02 12:54:44,12:47,1418,0.0,0.0,9506.1,789.0,2.62,2.8,0.565,0.571,1,urban,Bulevardul I. C. Brătianu,primary,10.7
RUTA_A,11-13,2026-04-02 12:54:45,12:47,1419,0.0,0.0,9506.1,785.0,2.614,2.8,0.5637,0.5697,1,urban,Bulevardul I. C. Brătianu,primary,10.7
RUTA_A,11-13,2026-04-02 12:54:46,12:47,1420,0.0,0.0,9506.1,785.0,2.631,2.8,0.5674,0.5734,1,urban,Bulevardul I. C. Brătianu,primary,10.7
RUTA_A,11-13,2026-04-02 12:54:47,12:47,1421,0.0,0.0,9506.1,796.0,2.694,2.8,0.5809,0.587,1,urban,Bulevardul I. C. Brătianu,primary,10.7
RUTA_A,11-13,2026-04-02 12:54:48,12:47,1422,0.0,0.0,9506.1,800.0,2.68,2.8,0.5779,0.5841,1,urban,Bulevardul I. C. Brătianu,primary,10.7
RUTA_A,11-13,2026-04-02 12:54:49,12:47,1423,0.0,0.0,9506.1,801.0,2.611,2.8,0.5631,0.5691,1,urban,Bulevardul I. C. Brătianu,primary,10.7
RUTA_A,11-13,2026-04-02 12:54:50,12:47,1424,0.0,0.0,9506.1,798.0,2.593,2.8,0.5592,0.5651,1,urban,Bulevardul I. C. Brătianu,primary,10.7
RUTA_A,11-13,2026-04-02 12:54:51,12:47,1425,0.0,0.0,9506.1,793.0,2.579,2.8,0.5561,0.5619,1,urban,Bulevardul I. C. Brătianu,primary,10.7
RUTA_A,11-13,2026-04-02 12:54:52,12:47,1426,0.0,0.0,9506.1,785.0,2.573,2.8,0.5548,0.5607,1,urban,Bulevardul I. C. Brătianu,primary,10.7
RUTA_A,11-13,2026-04-02 12:54:53,12:47,1427,0.0,0.0,9506.1,784.0,2.576,2.8,0.5555,0.5614,1,urban,Bulevardul I. C. Brătianu,primary,10.7
RUTA_A,11-13,2026-04-02 12:54:54,12:47,1428,0.0,0.0,9506.1,789.0,2.587,2.8,0.5578,0.5638,1,urban,Bulevardul I. C. Brătianu,primary,10.7
RUTA_A,11-13,2026-04-02 12:54:55,12:47,1429,0.0,0.0,9506.1,790.0,2.553,2.8,0.5504,0.5563,1,urban,Bulevardul I. C. Brătianu,primary,10.7
RUTA_A,11-13,2026-04-02 12:54:56,12:47,1430,0.0,0.0,9506.1,791.0,2.5,2.8,0.5391,0.5449,1,urban,Bulevardul I. C. Brătianu,primary,10.7
RUTA_A,11-13,2026-04-02 12:54:57,12:47,1431,0.0,0.0,9506.1,797.0,2.53,2.8,0.5456,0.5514,1,urban,Bulevardul I. C. Brătianu,primary,10.7
RUTA_A,11-13,2026-04-02 12:54:58,12:47,1432,0.0,0.0,9506.1,802.0,2.554,2.8,0.5507,0.5565,1,urban,Bulevardul I. C. Brătianu,primary,10.7
RUTA_A,11-13,2026-04-02 12:54:59,12:47,1433,0.0,0.0,9506.1,803.0,2.565,2.8,0.5532,0.5591,1,urban,Bulevardul I. C. Brătianu,primary,10.7
RUTA_A,11-13,2026-04-02 12:55:00,12:47,1434,0.0,0.0,9506.1,803.0,2.594,2.8,0.5594,0.5653,1,urban,Bulevardul I. C. Brătianu,primary,10.7
RUTA_A,11-13,2026-04-02 12:55:01,12:47,1435,0.0,0.0,9506.1,802.0,2.635,2.8,0.5681,0.5741,1,urban,Bulevardul I. C. Brătianu,primary,10.7
RUTA_A,11-13,2026-04-02 12:55:02,12:47,1436,0.0,0.0,9506.1,800.0,2.605,2.8,0.5618,0.5678,1,urban,Bulevardul I. C. Brătianu,primary,10.7
RUTA_A,11-13,2026-04-02 12:55:03,12:47,1437,0.0,0.0,9506.1,799.0,2.569,2.8,0.5541,0.5599,1,urban,Bulevardul I. C. Brătianu,primary,10.7
RUTA_A,11-13,2026-04-02 12:55:04,12:47,1438,0.0,0.0,9506.1,801.0,2.563,2.8,0.5527,0.5586,1,urban,Bulevardul I. C. Brătianu,primary,10.7
RUTA_A,11-13,2026-04-02 12:55:05,12:47,1439,0.0,0.0,9506.1,803.0,2.573,2.8,0.5549,0.5608,1,urban,Bulevardul I. C. Brătianu,primary,10.7
RUTA_A,11-13,2026-04-02 12:55:06,12:47,1440,0.0,0.0,9506.1,805.0,2.601,2.8,0.5609,0.5669,1,urban,Bulevardul I. C. Brătianu,primary,10.7
RUTA_A,11-13,2026-04-02 12:55:07,12:47,1441,0.0,0.0,9506.1,799.0,2.602,2.8,0.5612,0.5672,1,urban,Bulevardul I. C. Brătianu,primary,10.7
RUTA_A,11-13,2026-04-02 12:55:08,12:47,1442,0.0,0.0,9506.1,790.0,2.592,2.8,0.5589,0.5648,1,urban,Bulevardul I. C. Brătianu,primary,10.7
RUTA_A,11-13,2026-04-02 12:55:09,12:47,1443,0.0,0.0,9506.1,790.0,2.558,2.8,0.5517,0.5575,1,urban,Bulevardul I. C. Brătianu,primary,10.7
RUTA_A,11-13,2026-04-02 12:55:10,12:47,1444,0.0,0.0,9506.1,793.0,2.542,2.8,0.5481,0.5539,1,urban,Bulevardul I. C. Brătianu,primary,10.7
RUTA_A,11-13,2026-04-02 12:55:11,12:47,1445,0.0,0.0,9506.1,801.0,2.593,2.8,0.5592,0.5651,1,urban,Bulevardul I. C. Brătianu,primary,10.7
RUTA_A,11-13,2026-04-02 12:55:12,12:47,1446,0.0,0.0,9506.1,805.0,2.609,2.8,0.5626,0.5686,1,urban,Bulevardul I. C. Brătianu,primary,10.7
RUTA_A,11-13,2026-04-02 12:55:13,12:47,1447,0.0,0.0,9506.1,805.0,2.586,2.8,0.5576,0.5635,1,urban,Bulevardul I. C. Brătianu,primary,10.7
RUTA_A,11-13,2026-04-02 12:55:14,12:47,1448,0.0,0.0,9506.1,803.0,2.562,2.8,0.5525,0.5583,1,urban,Bulevardul I. C. Brătianu,primary,10.7
RUTA_A,11-13,2026-04-02 12:55:15,12:47,1449,0.0,0.0,9506.1,802.0,2.54,2.8,0.5477,0.5535,1,urban,Bulevardul I. C. Brătianu,primary,10.7
RUTA_A,11-13,2026-04-02 12:55:16,12:47,1450,0.0,0.0,9506.1,797.0,2.534,2.8,0.5464,0.5522,1,urban,Bulevardul I. C. Brătianu,primary,10.7
RUTA_A,11-13,2026-04-02 12:55:17,12:47,1451,0.0,0.0,9506.1,795.0,2.536,2.8,0.5469,0.5527,1,urban,Bulevardul I. C. Brătianu,primary,10.7
RUTA_A,11-13,2026-04-02 12:55:18,12:47,1452,0.0,0.0,9506.1,797.0,2.553,2.8,0.5505,0.5564,1,urban,Bulevardul I. C. Brătianu,primary,10.7
RUTA_A,11-13,2026-04-02 12:55:19,12:47,1453,0.0,0.0,9506.1,798.0,2.563,2.8,0.5528,0.5586,1,urban,Bulevardul I. C. Brătianu,primary,10.7
RUTA_A,11-13,2026-04-02 12:55:20,12:47,1454,0.0,0.0,9506.1,797.0,2.569,2.8,0.554,0.5599,1,urban,Bulevardul I. C. Brătianu,primary,10.7
RUTA_A,11-13,2026-04-02 12:55:21,12:47,1455,0.0,0.0,9506.1,794.0,2.555,2.8,0.551,0.5568,1,urban,Bulevardul I. C. Brătianu,primary,10.7
RUTA_A,11-13,2026-04-02 12:55:22,12:47,1456,0.0,0.0,9506.1,792.0,2.537,2.8,0.547,0.5528,1,urban,Bulevardul I. C. Brătianu,primary,10.7
RUTA_A,11-13,2026-04-02 12:55:23,12:47,1457,0.0,0.0,9506.1,789.0,2.514,2.8,0.542,0.5478,1,urban,Bulevardul I. C. Brătianu,primary,10.7
RUTA_A,11-13,2026-04-02 12:55:24,12:47,1458,0.0,0.0,9506.1,790.0,2.509,2.8,0.5412,0.5469,1,urban,Bulevardul I. C. Brătianu,primary,10.7
RUTA_A,11-13,2026-04-02 12:55:25,12:47,1459,0.0,0.0,9506.1,798.0,2.533,2.8,0.5462,0.5519,1,urban,Bulevardul I. C. Brătianu,primary,10.7
RUTA_A,11-13,2026-04-02 12:55:26,12:47,1460,0.0,0.0,9506.1,801.0,2.529,2.8,0.5454,0.5511,1,urban,Bulevardul I. C. Brătianu,primary,10.7
RUTA_A,11-13,2026-04-02 12:55:27,12:47,1461,0.0,0.0,9506.1,802.0,2.513,2.8,0.5419,0.5476,1,urban,Bulevardul I. C. Brătianu,primary,10.7
RUTA_A,11-13,2026-04-02 12:55:28,12:47,1462,0.0,0.0,9506.1,797.0,2.51,2.8,0.5413,0.547,1,urban,Bulevardul I. C. Brătianu,primary,10.7
RUTA_A,11-13,2026-04-02 12:55:29,12:47,1463,0.0,0.0,9506.1,790.0,2.51,2.8,0.5413,0.547,1,urban,Bulevardul I. C. Brătianu,primary,10.7
RUTA_A,11-13,2026-04-02 12:55:30,12:47,1464,0.0,0.0,9506.1,792.0,2.516,2.8,0.5426,0.5483,1,urban,Bulevardul I. C. Brătianu,primary,10.7
RUTA_A,11-13,2026-04-02 12:55:31,12:47,1465,0.0,0.0,9506.1,795.0,2.52,2.8,0.5434,0.5492,1,urban,Bulevardul I. C. Brătianu,primary,10.7
RUTA_A,11-13,2026-04-02 12:55:32,12:47,1466,0.0,0.0,9506.1,798.0,2.52,2.8,0.5434,0.5492,1,urban,Bulevardul I. C. Brătianu,primary,10.7
RUTA_A,11-13,2026-04-02 12:55:33,12:47,1467,0.0,0.0,9506.1,800.0,2.515,2.8,0.5423,0.5481,1,urban,Bulevardul I. C. Brătianu,primary,10.7
RUTA_A,11-13,2026-04-02 12:55:34,12:47,1468,0.0,0.0,9506.1,799.0,2.503,2.8,0.5397,0.5454,1,urban,Bulevardul I. C. Brătianu,primary,10.7
RUTA_A,11-13,2026-04-02 12:55:35,12:47,1469,0.0,0.0,9506.1,798.0,2.522,2.8,0.5438,0.5496,1,urban,Bulevardul I. C. Brătianu,primary,10.7
RUTA_A,11-13,2026-04-02 12:55:36,12:47,1470,0.0,0.0,9506.1,796.0,2.549,2.8,0.5498,0.5556,1,urban,Bulevardul I. C. Brătianu,primary,10.7
RUTA_A,11-13,2026-04-02 12:55:37,12:47,1471,0.0,0.0,9506.1,789.0,2.522,2.8,0.5439,0.5497,1,urban,Bulevardul I. C. Brătianu,primary,10.7
RUTA_A,11-13,2026-04-02 12:55:38,12:47,1472,0.0,0.0,9506.1,785.0,2.5,2.8,0.5391,0.5448,1,urban,Bulevardul I. C. Brătianu,primary,10.7
RUTA_A,11-13,2026-04-02 12:55:39,12:47,1473,0.0,0.0,9506.1,791.0,2.5,2.8,0.5391,0.5448,1,urban,Bulevardul I. C. Brătianu,primary,10.7
RUTA_A,11-13,2026-04-02 12:55:40,12:47,1474,0.0,0.0,9506.1,792.0,2.503,2.8,0.5397,0.5455,1,urban,Bulevardul I. C. Brătianu,primary,10.7
RUTA_A,11-13,2026-04-02 12:55:41,12:47,1475,0.0,0.0,9506.1,787.0,2.508,2.8,0.5409,0.5467,1,urban,Bulevardul I. C. Brătianu,primary,10.7
RUTA_A,11-13,2026-04-02 12:55:42,12:47,1476,0.0,0.0,9506.1,786.0,2.518,2.8,0.543,0.5488,1,urban,Bulevardul I. C. Brătianu,primary,10.7
RUTA_A,11-13,2026-04-02 12:55:43,12:47,1477,0.0,0.0,9506.1,787.0,2.53,2.8,0.5455,0.5513,1,urban,Bulevardul I. C. Brătianu,primary,10.7
RUTA_A,11-13,2026-04-02 12:55:44,12:47,1478,0.0,0.0,9506.1,790.0,2.519,2.8,0.5432,0.5489,1,urban,Bulevardul I. C. Brătianu,primary,10.7
RUTA_A,11-13,2026-04-02 12:55:45,12:47,1479,0.0,0.0,9506.1,792.0,2.515,2.8,0.5424,0.5481,1,urban,Bulevardul I. C. Brătianu,primary,10.7
RUTA_A,11-13,2026-04-02 12:55:46,12:47,1480,0.0,0.0,9506.1,793.0,2.538,2.8,0.5473,0.5531,1,urban,Bulevardul I. C. Brătianu,primary,10.7
RUTA_A,11-13,2026-04-02 12:55:47,12:47,1481,0.0,0.0,9506.1,790.0,2.536,2.6,0.5469,0.5527,1,urban,Bulevardul I. C. Brătianu,primary,10.7
RUTA_A,11-13,2026-04-02 12:55:48,12:47,1482,0.0,0.0,9506.1,782.0,2.507,2.4,0.5406,0.5464,1,urban,Bulevardul I. C. Brătianu,primary,10.7
RUTA_A,11-13,2026-04-02 12:55:49,12:47,1483,0.0,0.0,9506.1,785.0,2.491,2.5,0.5373,0.543,1,urban,Bulevardul I. C. Brătianu,primary,10.7
RUTA_A,11-13,2026-04-02 12:55:50,12:47,1484,0.0,0.0,9506.1,790.0,2.48,2.7,0.5348,0.5405,1,urban,Bulevardul I. C. Brătianu,primary,10.7
RUTA_A,11-13,2026-04-02 12:55:51,12:47,1485,0.0,0.0,9506.1,789.0,2.502,2.8,0.5397,0.5454,1,urban,Bulevardul I. C. Brătianu,primary,10.7
RUTA_A,11-13,2026-04-02 12:55:52,12:47,1486,0.0,0.0,9506.1,790.0,2.53,2.8,0.5457,0.5514,1,urban,Bulevardul I. C. Brătianu,primary,10.7
RUTA_A,11-13,2026-04-02 12:55:53,12:47,1487,0.0,0.0,9506.1,799.0,2.576,2.8,0.5555,0.5614,1,urban,Bulevardul I. C. Brătianu,primary,10.7
RUTA_A,11-13,2026-04-02 12:55:54,12:47,1488,0.0,0.0,9506.1,938.0,3.169,2.9,0.6835,0.6907,1,urban,Bulevardul I. C. Brătianu,primary,10.7
RUTA_A,11-13,2026-04-02 12:55:55,12:47,1489,0.0,0.0,9506.1,1219.0,4.366,3.1,0.9414,0.9514,1,urban,Bulevardul I. C. Brătianu,primary,10.7
RUTA_A,11-13,2026-04-02 12:55:56,12:47,1490,0.0,0.0,9506.1,1183.0,3.99,3.0,0.8604,0.8695,1,urban,Bulevardul I. C. Brătianu,primary,10.7
RUTA_A,11-13,2026-04-02 12:55:57,12:47,1491,0.0,0.0,9506.1,984.0,2.811,2.8,0.6063,0.6127,1,urban,Bulevardul I. C. Brătianu,primary,10.7
RUTA_A,11-13,2026-04-02 12:55:58,12:47,1492,0.0,0.0,9506.1,889.0,2.518,2.5,0.543,0.5488,1,urban,Bulevardul I. C. Brătianu,primary,10.7
RUTA_A,11-13,2026-04-02 12:55:59,12:47,1493,0.0,0.0,9506.1,821.0,2.388,2.4,0.515,0.5205,1,urban,Bulevardul I. C. Brătianu,primary,10.7
RUTA_A,11-13,2026-04-02 12:56:00,12:47,1494,0.0,0.03,9506.1,800.0,2.377,2.4,0.5126,0.518,1,urban,Bulevardul I. C. Brătianu,primary,10.7
RUTA_A,11-13,2026-04-02 12:56:01,12:47,1495,0.21,0.11,9506.2,859.0,2.64,3.1,0.5693,0.5753,1,urban,Bulevardul I. C. Brătianu,primary,10.7
RUTA_A,11-13,2026-04-02 12:56:02,12:47,1496,0.79,0.161,9506.4,1051.0,3.37,5.2,0.7266,0.7343,1,urban,Bulevardul I. C. Brătianu,primary,10.7
RUTA_A,11-13,2026-04-02 12:56:03,12:47,1497,1.37,0.161,9506.8,1098.0,3.381,4.9,0.7291,0.7368,0,urban,Bulevardul I. C. Brătianu,primary,10.7
RUTA_A,11-13,2026-04-02 12:56:04,12:47,1498,1.95,0.36,9507.3,1063.0,2.993,3.3,0.6455,0.6523,0,urban,Bulevardul I. C. Brătianu,primary,10.7
RUTA_A,11-13,2026-04-02 12:56:05,12:47,1499,3.96,0.592,9508.4,1161.0,5.42,5.8,1.1688,1.1812,0,urban,Bulevardul I. C. Brătianu,primary,10.7
RUTA_A,11-13,2026-04-02 12:56:06,12:47,1500,6.21,0.907,9510.1,1277.0,8.088,8.8,1.7442,1.7627,0,urban,Bulevardul I. C. Brătianu,primary,10.4
RUTA_A,11-13,2026-04-02 12:56:07,12:47,1501,10.49,1.166,9513.0,1524.0,10.297,11.3,2.2205,2.244,0,urban,Bulevardul I. C. Brătianu,primary,5.8
RUTA_A,11-13,2026-04-02 12:56:08,12:47,1502,14.6,1.04,9517.1,1805.0,12.068,13.4,2.6024,2.6299,0,urban,Bulevardul I. C. Brătianu,primary,5.3
RUTA_A,11-13,2026-04-02 12:56:09,12:47,1503,17.97,0.873,9522.1,2241.0,11.832,13.6,2.5515,2.5785,0,urban,Bulevardul I. C. Brătianu,primary,7.4
RUTA_A,11-13,2026-04-02 12:56:10,12:47,1504,20.89,0.713,9527.9,2523.0,10.693,16.3,2.3059,2.3303,0,urban,Bulevardul I. C. Brătianu,primary,11.6
RUTA_A,11-13,2026-04-02 12:56:11,12:47,1505,23.11,0.235,9534.3,2573.0,8.194,22.9,1.7671,1.7858,0,urban,Bulevardul I. C. Brătianu,primary,6.6
RUTA_A,11-13,2026-04-02 12:56:12,12:47,1506,22.58,-0.403,9540.6,2025.0,5.62,17.7,1.212,1.2249,0,urban,Bulevardul I. C. Brătianu,primary,7.4
RUTA_A,11-13,2026-04-02 12:56:13,12:47,1507,20.2,-1.436,9546.2,1075.0,2.996,4.7,0.646,0.6529,0,urban,Bulevardul I. C. Brătianu,primary,11.4
RUTA_A,11-13,2026-04-02 12:56:14,12:47,1508,12.24,-2.172,9549.6,959.0,2.749,3.1,0.5929,0.5992,0,urban,Bulevardul I. C. Brătianu,primary,9.2
RUTA_A,11-13,2026-04-02 12:56:15,12:47,1509,4.57,-1.477,9550.9,916.0,2.715,2.8,0.5855,0.5917,0,urban,Bulevardul I. C. Brătianu,primary,7.8
RUTA_A,11-13,2026-04-02 12:56:16,12:47,1510,1.61,-0.634,9551.3,849.0,2.615,2.8,0.5638,0.5698,0,urban,Bulevardul I. C. Brătianu,primary,7.9
RUTA_A,11-13,2026-04-02 12:56:17,12:47,1511,0.0,-0.223,9551.3,810.0,2.591,2.8,0.5587,0.5646,1,urban,Bulevardul I. C. Brătianu,primary,8.1
RUTA_A,11-13,2026-04-02 12:56:18,12:47,1512,0.0,0.0,9551.3,804.0,2.658,2.8,0.5731,0.5792,1,urban,Bulevardul I. C. Brătianu,primary,8.4
RUTA_A,11-13,2026-04-02 12:56:19,12:47,1513,0.0,0.0,9551.3,790.0,2.636,2.8,0.5684,0.5744,1,urban,Bulevardul I. C. Brătianu,primary,8.5
RUTA_A,11-13,2026-04-02 12:56:20,12:47,1514,0.0,0.0,9551.3,774.0,2.569,2.8,0.554,0.5599,1,urban,Bulevardul I. C. Brătianu,primary,8.5
RUTA_A,11-13,2026-04-02 12:56:21,12:47,1515,0.0,0.0,9551.3,772.0,2.565,2.8,0.5531,0.559,1,urban,Bulevardul I. C. Brătianu,primary,8.5
RUTA_A,11-13,2026-04-02 12:56:22,12:47,1516,0.0,0.0,9551.3,772.0,2.568,2.8,0.5539,0.5597,1,urban,Bulevardul I. C. Brătianu,primary,8.5
RUTA_A,11-13,2026-04-02 12:56:23,12:47,1517,0.0,0.0,9551.3,772.0,2.557,2.8,0.5513,0.5572,1,urban,Bulevardul I. C. Brătianu,primary,8.5
RUTA_A,11-13,2026-04-02 12:56:24,12:47,1518,0.0,0.0,9551.3,777.0,2.555,2.8,0.551,0.5568,1,urban,Bulevardul I. C. Brătianu,primary,8.5
RUTA_A,11-13,2026-04-02 12:56:25,12:47,1519,0.0,0.0,9551.3,790.0,2.567,2.8,0.5536,0.5595,1,urban,Bulevardul I. C. Brătianu,primary,8.5
RUTA_A,11-13,2026-04-02 12:56:26,12:47,1520,0.0,0.0,9551.3,788.0,2.593,2.8,0.5592,0.5651,1,urban,Bulevardul I. C. Brătianu,primary,8.5
RUTA_A,11-13,2026-04-02 12:56:27,12:47,1521,0.0,0.0,9551.3,782.0,2.62,2.8,0.565,0.571,1,urban,Bulevardul I. C. Brătianu,primary,8.5
RUTA_A,11-13,2026-04-02 12:56:28,12:47,1522,0.0,0.0,9551.3,784.0,2.62,2.8,0.565,0.571,1,urban,Bulevardul I. C. Brătianu,primary,8.5
RUTA_A,11-13,2026-04-02 12:56:29,12:47,1523,0.0,0.0,9551.3,786.0,2.624,2.8,0.5658,0.5718,1,urban,Bulevardul I. C. Brătianu,primary,8.5
RUTA_A,11-13,2026-04-02 12:56:30,12:47,1524,0.0,0.0,9551.3,786.0,2.635,2.8,0.5683,0.5743,1,urban,Bulevardul I. C. Brătianu,primary,8.5
RUTA_A,11-13,2026-04-02 12:56:31,12:47,1525,0.0,0.0,9551.3,788.0,2.62,2.8,0.5651,0.5711,1,urban,Bulevardul I. C. Brătianu,primary,8.5
RUTA_A,11-13,2026-04-02 12:56:32,12:47,1526,0.0,0.0,9551.3,791.0,2.588,2.8,0.5581,0.564,1,urban,Bulevardul I. C. Brătianu,primary,8.5
RUTA_A,11-13,2026-04-02 12:56:33,12:47,1527,0.0,0.0,9551.3,790.0,2.576,2.8,0.5554,0.5613,1,urban,Bulevardul I. C. Brătianu,primary,8.5
RUTA_A,11-13,2026-04-02 12:56:34,12:47,1528,0.0,0.0,9551.3,787.0,2.57,2.8,0.5542,0.5601,1,urban,Bulevardul I. C. Brătianu,primary,8.5
RUTA_A,11-13,2026-04-02 12:56:35,12:47,1529,0.0,0.0,9551.3,788.0,2.57,2.8,0.5542,0.5601,1,urban,Bulevardul I. C. Brătianu,primary,8.5
RUTA_A,11-13,2026-04-02 12:56:36,12:47,1530,0.0,0.0,9551.3,789.0,2.571,2.8,0.5544,0.5603,1,urban,Bulevardul I. C. Brătianu,primary,8.5
RUTA_A,11-13,2026-04-02 12:56:37,12:47,1531,0.0,0.0,9551.3,789.0,2.577,2.8,0.5556,0.5615,1,urban,Bulevardul I. C. Brătianu,primary,8.5
RUTA_A,11-13,2026-04-02 12:56:38,12:47,1532,0.0,0.0,9551.3,789.0,2.58,2.8,0.5564,0.5623,1,urban,Bulevardul I. C. Brătianu,primary,8.5
RUTA_A,11-13,2026-04-02 12:56:39,12:47,1533,0.0,0.0,9551.3,789.0,2.58,2.8,0.5564,0.5623,1,urban,Bulevardul I. C. Brătianu,primary,8.5
RUTA_A,11-13,2026-04-02 12:56:40,12:47,1534,0.0,0.0,9551.3,789.0,2.561,2.8,0.5523,0.5582,1,urban,Bulevardul I. C. Brătianu,primary,8.5
RUTA_A,11-13,2026-04-02 12:56:41,12:47,1535,0.0,0.0,9551.3,788.0,2.534,2.8,0.5464,0.5522,1,urban,Bulevardul I. C. Brătianu,primary,8.5
RUTA_A,11-13,2026-04-02 12:56:42,12:47,1536,0.0,0.0,9551.3,788.0,2.54,2.8,0.5477,0.5535,1,urban,Bulevardul I. C. Brătianu,primary,8.5
RUTA_A,11-13,2026-04-02 12:56:43,12:47,1537,0.0,0.0,9551.3,787.0,2.55,2.8,0.55,0.5558,1,urban,Bulevardul I. C. Brătianu,primary,8.5
RUTA_A,11-13,2026-04-02 12:56:44,12:47,1538,0.0,0.0,9551.3,789.0,2.556,2.8,0.5512,0.5571,1,urban,Bulevardul I. C. Brătianu,primary,8.5
RUTA_A,11-13,2026-04-02 12:56:45,12:47,1539,0.0,0.0,9551.3,791.0,2.558,2.8,0.5516,0.5575,1,urban,Bulevardul I. C. Brătianu,primary,8.5
RUTA_A,11-13,2026-04-02 12:56:46,12:47,1540,0.0,0.0,9551.3,792.0,2.552,2.8,0.5504,0.5562,1,urban,Bulevardul I. C. Brătianu,primary,8.5
RUTA_A,11-13,2026-04-02 12:56:47,12:47,1541,0.0,0.0,9551.3,794.0,2.543,2.8,0.5485,0.5543,1,urban,Bulevardul I. C. Brătianu,primary,8.5
RUTA_A,11-13,2026-04-02 12:56:48,12:47,1542,0.0,0.0,9551.3,797.0,2.532,2.8,0.5461,0.5519,1,urban,Bulevardul I. C. Brătianu,primary,8.5
RUTA_A,11-13,2026-04-02 12:56:49,12:47,1543,0.0,0.0,9551.3,795.0,2.526,2.8,0.5446,0.5504,1,urban,Bulevardul I. C. Brătianu,primary,8.5
RUTA_A,11-13,2026-04-02 12:56:50,12:47,1544,0.0,0.0,9551.3,792.0,2.52,2.8,0.5434,0.5492,1,urban,Bulevardul I. C. Brătianu,primary,8.5
RUTA_A,11-13,2026-04-02 12:56:51,12:47,1545,0.0,0.0,9551.3,788.0,2.508,2.8,0.5409,0.5466,1,urban,Bulevardul I. C. Brătianu,primary,8.5
RUTA_A,11-13,2026-04-02 12:56:52,12:47,1546,0.0,0.0,9551.3,786.0,2.498,2.8,0.5388,0.5445,1,urban,Bulevardul I. C. Brătianu,primary,8.5
RUTA_A,11-13,2026-04-02 12:56:53,12:47,1547,0.0,0.0,9551.3,789.0,2.493,2.8,0.5376,0.5433,1,urban,Bulevardul I. C. Brătianu,primary,8.5
RUTA_A,11-13,2026-04-02 12:56:54,12:47,1548,0.0,0.0,9551.3,792.0,2.501,2.8,0.5393,0.545,1,urban,Bulevardul I. C. Brătianu,primary,8.5
RUTA_A,11-13,2026-04-02 12:56:55,12:47,1549,0.0,0.0,9551.3,796.0,2.523,2.8,0.5441,0.5498,1,urban,Bulevardul I. C. Brătianu,primary,8.5
RUTA_A,11-13,2026-04-02 12:56:56,12:47,1550,0.0,0.0,9551.3,793.0,2.507,2.8,0.5407,0.5464,1,urban,Bulevardul I. C. Brătianu,primary,8.5
RUTA_A,11-13,2026-04-02 12:56:57,12:47,1551,0.0,0.0,9551.3,787.0,2.474,2.8,0.5336,0.5393,1,urban,Bulevardul I. C. Brătianu,primary,8.5
RUTA_A,11-13,2026-04-02 12:56:58,12:47,1552,0.0,0.0,9551.3,785.0,2.486,2.8,0.5361,0.5418,1,urban,Bulevardul I. C. Brătianu,primary,8.5
RUTA_A,11-13,2026-04-02 12:56:59,12:47,1553,0.0,0.0,9551.3,783.0,2.504,2.8,0.54,0.5458,1,urban,Bulevardul I. C. Brătianu,primary,8.5
RUTA_A,11-13,2026-04-02 12:57:00,12:47,1554,0.0,0.0,9551.3,783.0,2.519,2.8,0.5432,0.5489,1,urban,Bulevardul I. C. Brătianu,primary,8.5
RUTA_A,11-13,2026-04-02 12:57:01,12:47,1555,0.0,0.0,9551.3,787.0,2.511,2.8,0.5416,0.5473,1,urban,Bulevardul I. C. Brătianu,primary,8.5
RUTA_A,11-13,2026-04-02 12:57:02,12:47,1556,0.0,0.0,9551.3,792.0,2.504,2.8,0.54,0.5457,1,urban,Bulevardul I. C. Brătianu,primary,8.5
RUTA_A,11-13,2026-04-02 12:57:03,12:47,1557,0.0,0.0,9551.3,794.0,2.502,2.8,0.5395,0.5452,1,urban,Bulevardul I. C. Brătianu,primary,8.5
RUTA_A,11-13,2026-04-02 12:57:04,12:47,1558,0.0,0.0,9551.3,795.0,2.506,2.8,0.5403,0.546,1,urban,Bulevardul I. C. Brătianu,primary,8.5
RUTA_A,11-13,2026-04-02 12:57:05,12:47,1559,0.0,0.0,9551.3,796.0,2.509,2.8,0.5411,0.5469,1,urban,Bulevardul I. C. Brătianu,primary,8.5
RUTA_A,11-13,2026-04-02 12:57:06,12:47,1560,0.0,0.0,9551.3,796.0,2.522,2.8,0.5439,0.5497,1,urban,Bulevardul I. C. Brătianu,primary,8.5
RUTA_A,11-13,2026-04-02 12:57:07,12:47,1561,0.0,0.0,9551.3,796.0,2.537,2.8,0.5472,0.553,1,urban,Bulevardul I. C. Brătianu,primary,8.5
RUTA_A,11-13,2026-04-02 12:57:08,12:47,1562,0.0,0.0,9551.3,795.0,2.545,2.8,0.5489,0.5547,1,urban,Bulevardul I. C. Brătianu,primary,8.5
RUTA_A,11-13,2026-04-02 12:57:09,12:47,1563,0.0,0.0,9551.3,792.0,2.517,2.8,0.5429,0.5486,1,urban,Bulevardul I. C. Brătianu,primary,8.5
RUTA_A,11-13,2026-04-02 12:57:10,12:47,1564,0.0,0.0,9551.3,789.0,2.489,2.8,0.5368,0.5425,1,urban,Bulevardul I. C. Brătianu,primary,8.5
RUTA_A,11-13,2026-04-02 12:57:11,12:47,1565,0.0,0.0,9551.3,791.0,2.476,2.8,0.534,0.5397,1,urban,Bulevardul I. C. Brătianu,primary,8.5
RUTA_A,11-13,2026-04-02 12:57:12,12:47,1566,0.0,0.0,9551.3,797.0,2.471,2.8,0.5328,0.5384,1,urban,Bulevardul I. C. Brătianu,primary,8.5
RUTA_A,11-13,2026-04-02 12:57:13,12:47,1567,0.0,0.0,9551.3,797.0,2.49,2.8,0.5369,0.5426,1,urban,Bulevardul I. C. Brătianu,primary,8.5
RUTA_A,11-13,2026-04-02 12:57:14,12:47,1568,0.0,0.0,9551.3,797.0,2.51,2.7,0.5412,0.5469,1,urban,Bulevardul I. C. Brătianu,primary,8.5
RUTA_A,11-13,2026-04-02 12:57:15,12:47,1569,0.0,0.0,9551.3,798.0,2.504,2.5,0.5399,0.5456,1,urban,Bulevardul I. C. Brătianu,primary,8.5
RUTA_A,11-13,2026-04-02 12:57:16,12:47,1570,0.0,0.0,9551.3,797.0,2.5,2.4,0.5391,0.5448,1,urban,Bulevardul I. C. Brătianu,primary,8.5
RUTA_A,11-13,2026-04-02 12:57:17,12:47,1571,0.0,0.0,9551.3,790.0,2.5,2.6,0.5391,0.5448,1,urban,Bulevardul I. C. Brătianu,primary,8.5
RUTA_A,11-13,2026-04-02 12:57:18,12:47,1572,0.0,0.0,9551.3,790.0,2.503,2.8,0.5398,0.5455,1,urban,Bulevardul I. C. Brătianu,primary,8.5
RUTA_A,11-13,2026-04-02 12:57:19,12:47,1573,0.0,0.0,9551.3,795.0,2.509,2.8,0.541,0.5468,1,urban,Bulevardul I. C. Brătianu,primary,8.5
RUTA_A,11-13,2026-04-02 12:57:20,12:47,1574,0.0,0.0,9551.3,790.0,2.492,2.6,0.5374,0.5431,1,urban,Bulevardul I. C. Brătianu,primary,8.5
RUTA_A,11-13,2026-04-02 12:57:21,12:47,1575,0.0,0.0,9551.3,782.0,2.47,2.4,0.5326,0.5383,1,urban,Bulevardul I. C. Brătianu,primary,8.5
RUTA_A,11-13,2026-04-02 12:57:22,12:47,1576,0.0,0.0,9551.3,779.0,2.465,2.4,0.5315,0.5371,1,urban,Bulevardul I. C. Brătianu,primary,8.5
RUTA_A,11-13,2026-04-02 12:57:23,12:47,1577,0.0,0.0,9551.3,777.0,2.461,2.4,0.5308,0.5364,1,urban,Bulevardul I. C. Brătianu,primary,8.5
RUTA_A,11-13,2026-04-02 12:57:24,12:47,1578,0.0,0.0,9551.3,786.0,2.473,2.6,0.5333,0.5389,1,urban,Bulevardul I. C. Brătianu,primary,8.5
RUTA_A,11-13,2026-04-02 12:57:25,12:47,1579,0.0,0.0,9551.3,793.0,2.488,2.8,0.5366,0.5423,1,urban,Bulevardul I. C. Brătianu,primary,8.5
RUTA_A,11-13,2026-04-02 12:57:26,12:47,1580,0.0,0.0,9551.3,795.0,2.511,2.8,0.5415,0.5472,1,urban,Bulevardul I. C. Brătianu,primary,8.5
RUTA_A,11-13,2026-04-02 12:57:27,12:47,1581,0.0,0.0,9551.3,794.0,2.499,2.8,0.5388,0.5445,1,urban,Bulevardul I. C. Brătianu,primary,8.5
RUTA_A,11-13,2026-04-02 12:57:28,12:47,1582,0.0,0.0,9551.3,792.0,2.463,2.8,0.5311,0.5367,1,urban,Bulevardul I. C. Brătianu,primary,8.5
RUTA_A,11-13,2026-04-02 12:57:29,12:47,1583,0.0,0.0,9551.3,795.0,2.471,2.8,0.5328,0.5384,1,urban,Bulevardul I. C. Brătianu,primary,8.5
RUTA_A,11-13,2026-04-02 12:57:30,12:47,1584,0.0,0.0,9551.3,796.0,2.479,2.8,0.5346,0.5402,1,urban,Bulevardul I. C. Brătianu,primary,8.5
RUTA_A,11-13,2026-04-02 12:57:31,12:47,1585,0.0,0.0,9551.3,792.0,2.473,2.8,0.5333,0.539,1,urban,Bulevardul I. C. Brătianu,primary,8.5
RUTA_A,11-13,2026-04-02 12:57:32,12:47,1586,0.0,0.0,9551.3,791.0,2.478,2.8,0.5343,0.54,1,urban,Bulevardul I. C. Brătianu,primary,8.5
RUTA_A,11-13,2026-04-02 12:57:33,12:47,1587,0.0,0.0,9551.3,794.0,2.494,2.8,0.5378,0.5435,1,urban,Bulevardul I. C. Brătianu,primary,8.5
RUTA_A,11-13,2026-04-02 12:57:34,12:47,1588,0.0,0.0,9551.3,799.0,2.55,2.8,0.5499,0.5557,1,urban,Bulevardul I. C. Brătianu,primary,8.5
RUTA_A,11-13,2026-04-02 12:57:35,12:47,1589,0.0,0.0,9551.3,806.0,2.63,2.8,0.5671,0.5731,1,urban,Bulevardul I. C. Brătianu,primary,8.5
RUTA_A,11-13,2026-04-02 12:57:36,12:47,1590,0.0,0.0,9551.3,805.0,2.624,2.8,0.5659,0.5719,1,urban,Bulevardul I. C. Brătianu,primary,8.5
RUTA_A,11-13,2026-04-02 12:57:37,12:47,1591,0.0,0.0,9551.3,800.0,2.598,2.8,0.5603,0.5663,1,urban,Bulevardul I. C. Brătianu,primary,8.5
RUTA_A,11-13,2026-04-02 12:57:38,12:47,1592,0.0,0.0,9551.3,788.0,2.506,2.8,0.5403,0.546,1,urban,Bulevardul I. C. Brătianu,primary,8.5
RUTA_A,11-13,2026-04-02 12:57:39,12:47,1593,0.0,0.0,9551.3,783.0,2.472,2.8,0.533,0.5387,1,urban,Bulevardul I. C. Brătianu,primary,8.5
RUTA_A,11-13,2026-04-02 12:57:40,12:47,1594,0.0,0.0,9551.3,786.0,2.495,2.8,0.538,0.5437,1,urban,Bulevardul I. C. Brătianu,primary,8.5
RUTA_A,11-13,2026-04-02 12:57:41,12:47,1595,0.0,0.0,9551.3,786.0,2.491,2.6,0.5372,0.5429,1,urban,Bulevardul I. C. Brătianu,primary,8.5
RUTA_A,11-13,2026-04-02 12:57:42,12:47,1596,0.0,0.0,9551.3,786.0,2.48,2.4,0.5348,0.5405,1,urban,Bulevardul I. C. Brătianu,primary,8.5
RUTA_A,11-13,2026-04-02 12:57:43,12:47,1597,0.0,0.0,9551.3,787.0,2.469,2.4,0.5324,0.5381,1,urban,Bulevardul I. C. Brătianu,primary,8.5
RUTA_A,11-13,2026-04-02 12:57:44,12:47,1598,0.0,0.0,9551.3,787.0,2.46,2.4,0.5305,0.5361,1,urban,Bulevardul I. C. Brătianu,primary,8.5
RUTA_A,11-13,2026-04-02 12:57:45,12:47,1599,0.0,0.0,9551.3,784.0,2.46,2.4,0.5305,0.5361,1,urban,Bulevardul I. C. Brătianu,primary,8.5
RUTA_A,11-13,2026-04-02 12:57:46,12:47,1600,0.0,0.0,9551.3,784.0,2.465,2.4,0.5315,0.5371,1,urban,Bulevardul I. C. Brătianu,primary,8.5
RUTA_A,11-13,2026-04-02 12:57:47,12:47,1601,0.0,0.0,9551.3,790.0,2.476,2.4,0.5339,0.5395,1,urban,Bulevardul I. C. Brătianu,primary,8.5
RUTA_A,11-13,2026-04-02 12:57:48,12:47,1602,0.0,0.0,9551.3,789.0,2.477,2.5,0.5341,0.5398,1,urban,Bulevardul I. C. Brătianu,primary,8.5
RUTA_A,11-13,2026-04-02 12:57:49,12:47,1603,0.0,0.0,9551.3,784.0,2.471,2.7,0.533,0.5386,1,urban,Bulevardul I. C. Brătianu,primary,8.5
RUTA_A,11-13,2026-04-02 12:57:50,12:47,1604,0.0,0.0,9551.3,782.0,2.466,2.6,0.5317,0.5374,1,urban,Bulevardul I. C. Brătianu,primary,8.5
RUTA_A,11-13,2026-04-02 12:57:51,12:47,1605,0.0,0.0,9551.3,781.0,2.46,2.4,0.5305,0.5361,1,urban,Bulevardul I. C. Brătianu,primary,8.5
RUTA_A,11-13,2026-04-02 12:57:52,12:47,1606,0.0,0.0,9551.3,787.0,2.499,2.4,0.5389,0.5446,1,urban,Bulevardul I. C. Brătianu,primary,8.5
RUTA_A,11-13,2026-04-02 12:57:53,12:47,1607,0.0,0.0,9551.3,793.0,2.528,2.4,0.5451,0.5508,1,urban,Bulevardul I. C. Brătianu,primary,8.5
RUTA_A,11-13,2026-04-02 12:57:54,12:47,1608,0.0,0.0,9551.3,797.0,2.516,2.6,0.5426,0.5484,1,urban,Bulevardul I. C. Brătianu,primary,8.5
RUTA_A,11-13,2026-04-02 12:57:55,12:47,1609,0.0,0.0,9551.3,804.0,2.545,2.8,0.5488,0.5546,1,urban,Bulevardul I. C. Brătianu,primary,8.5
RUTA_A,11-13,2026-04-02 12:57:56,12:47,1610,0.0,0.0,9551.3,813.0,2.623,2.8,0.5657,0.5717,1,urban,Bulevardul I. C. Brătianu,primary,8.5
RUTA_A,11-13,2026-04-02 12:57:57,12:47,1611,0.0,0.0,9551.3,808.0,2.591,2.6,0.5587,0.5647,1,urban,Bulevardul I. C. Brătianu,primary,8.5
RUTA_A,11-13,2026-04-02 12:57:58,12:47,1612,0.0,0.0,9551.3,794.0,2.502,2.4,0.5396,0.5453,1,urban,Bulevardul I. C. Brătianu,primary,8.5
RUTA_A,11-13,2026-04-02 12:57:59,12:47,1613,0.0,0.0,9551.3,787.0,2.469,2.6,0.5324,0.538,1,urban,Bulevardul I. C. Brătianu,primary,8.5
RUTA_A,11-13,2026-04-02 12:58:00,12:47,1614,0.0,0.0,9551.3,783.0,2.456,2.8,0.5296,0.5352,1,urban,Bulevardul I. C. Brătianu,primary,8.5
RUTA_A,11-13,2026-04-02 12:58:01,12:47,1615,0.0,0.364,9551.3,786.0,2.48,3.0,0.5348,0.5405,1,urban,Bulevardul I. C. Brătianu,primary,8.5
RUTA_A,11-13,2026-04-02 12:58:02,12:47,1616,2.62,0.99,9552.0,768.0,4.205,7.6,0.9068,0.9164,0,urban,Bulevardul I. C. Brătianu,primary,8.5
RUTA_A,11-13,2026-04-02 12:58:03,12:47,1617,7.13,1.403,9554.0,735.0,7.151,15.4,1.5422,1.5585,0,urban,Bulevardul I. C. Brătianu,primary,8.5
RUTA_A,11-13,2026-04-02 12:58:04,12:47,1618,12.73,1.557,9557.6,1489.0,9.805,12.6,2.1144,2.1368,0,urban,Bulevardul I. C. Brătianu,primary,6.7
RUTA_A,11-13,2026-04-02 12:58:05,12:47,1619,18.34,1.257,9562.7,2301.0,12.581,8.8,2.713,2.7417,0,urban,Bulevardul I. C. Brătianu,primary,6.9
RUTA_A,11-13,2026-04-02 12:58:06,12:47,1620,21.78,1.118,9568.7,1934.0,17.088,18.5,3.685,3.724,0,urban,Bulevardul I. C. Brătianu,primary,9.1
RUTA_A,11-13,2026-04-02 12:58:07,12:47,1621,26.39,1.58,9576.0,1874.0,22.393,27.5,4.8289,4.88,0,urban,Bulevardul I. C. Brătianu,tertiary,9.6
RUTA_A,11-13,2026-04-02 12:58:08,12:47,1622,33.16,1.559,9585.3,2374.0,29.151,35.5,6.2864,6.353,0,urban,Bulevardul I. C. Brătianu,tertiary,4.9
RUTA_A,11-13,2026-04-02 12:58:09,12:47,1623,37.62,1.009,9595.7,2365.0,29.137,34.7,6.2833,6.3499,0,urban,Bulevardul I. C. Brătianu,primary,4.2
RUTA_A,11-13,2026-04-02 12:58:10,12:47,1624,40.42,0.666,9606.9,1987.0,24.218,27.7,5.2226,5.2779,0,urban,Bulevardul I. C. Brătianu,primary,8.0
RUTA_A,11-13,2026-04-02 12:58:11,12:47,1625,42.42,0.536,9618.7,2007.0,17.571,20.3,3.7891,3.8292,0,urban,Bulevardul I. C. Brătianu,primary,7.6
RUTA_A,11-13,2026-04-02 12:58:12,12:47,1626,44.28,0.586,9631.0,2127.0,11.93,14.4,2.5726,2.5998,0,urban,Bulevardul I. C. Brătianu,primary,3.5
RUTA_A,11-13,2026-04-02 12:58:13,12:47,1627,46.64,0.551,9644.0,2219.0,17.181,20.2,3.7049,3.7442,0,urban,Bulevardul I. C. Brătianu,primary,7.9
RUTA_A,11-13,2026-04-02 12:58:14,12:47,1628,48.24,0.303,9657.4,2165.0,19.529,20.4,4.2114,4.256,0,urban,Bulevardul I. C. Brătianu,primary,4.0
RUTA_A,11-13,2026-04-02 12:58:15,12:47,1629,48.82,0.213,9670.9,1914.0,17.951,12.9,3.871,3.9121,0,urban,Bulevardul I. C. Brătianu,primary,8.8
RUTA_A,11-13,2026-04-02 12:58:16,12:47,1630,49.78,0.289,9684.8,1866.0,16.206,15.6,3.4948,3.5318,0,urban,Bulevardul I. C. Brătianu,primary,7.4
RUTA_A,11-13,2026-04-02 12:58:17,12:47,1631,50.9,0.244,9698.9,1910.0,14.386,22.9,3.1024,3.1353,0,urban,Bulevardul I. C. Brătianu,residential,3.8
RUTA_A,11-13,2026-04-02 12:58:18,12:47,1632,51.54,0.137,9713.2,1963.0,8.963,13.0,1.9328,1.9533,0,urban,Bulevardul I. C. Brătianu,primary,6.6
RUTA_A,11-13,2026-04-02 12:58:19,12:47,1633,51.89,-0.027,9727.6,1997.0,5.081,4.8,1.0958,1.1074,0,urban,Bulevardul I. C. Brătianu,primary,10.6
RUTA_A,11-13,2026-04-02 12:58:20,12:47,1634,51.34,-0.095,9741.9,1957.0,8.279,8.8,1.7854,1.8043,0,urban,Bulevardul I. C. Brătianu,primary,7.7
RUTA_A,11-13,2026-04-02 12:58:21,12:47,1635,51.2,0.055,9756.1,1936.0,10.346,10.6,2.231,2.2547,0,urban,Bulevardul I. C. Brătianu,primary,6.4
RUTA_A,11-13,2026-04-02 12:58:22,12:47,1636,51.74,-0.01,9770.5,1948.0,10.47,8.5,2.2578,2.2817,0,urban,Bulevardul I. C. Brătianu,primary,8.9
RUTA_A,11-13,2026-04-02 12:58:23,12:47,1637,51.13,-0.32,9784.7,1930.0,8.396,6.2,1.8106,1.8298,0,urban,Bulevardul I. C. Brătianu,primary,9.9
RUTA_A,11-13,2026-04-02 12:58:24,12:47,1638,49.44,-0.481,9798.4,1885.0,4.269,3.8,0.9206,0.9303,0,urban,Bulevardul I. C. Brătianu,primary,5.8
RUTA_A,11-13,2026-04-02 12:58:25,12:47,1639,47.66,-0.53,9811.7,1506.0,3.07,3.0,0.6621,0.6692,0,urban,Bulevardul I. C. Brătianu,primary,13.5
RUTA_A,11-13,2026-04-02 12:58:26,12:47,1640,45.62,-0.922,9824.3,1044.0,2.895,2.8,0.6244,0.631,0,urban,Bulevardul I. C. Brătianu,primary,5.6
RUTA_A,11-13,2026-04-02 12:58:27,12:47,1641,41.02,-1.351,9835.7,952.0,2.717,2.8,0.5859,0.5921,0,urban,Bulevardul I. C. Brătianu,primary,6.3
RUTA_A,11-13,2026-04-02 12:58:28,12:47,1642,35.89,-1.563,9845.7,875.0,2.583,2.8,0.557,0.5629,0,urban,Bulevardul I. C. Brătianu,primary,12.5
RUTA_A,11-13,2026-04-02 12:58:29,12:47,1643,29.77,-1.536,9854.0,829.0,2.533,2.8,0.5462,0.5519,0,urban,Bulevardul I. C. Brătianu,primary_link,9.2
RUTA_A,11-13,2026-04-02 12:58:30,12:47,1644,24.84,-1.234,9860.9,808.0,2.553,2.8,0.5506,0.5564,0,urban,Bulevardul I. C. Brătianu,primary_link,4.1
RUTA_A,11-13,2026-04-02 12:58:31,12:47,1645,20.88,-1.261,9866.7,807.0,2.632,2.8,0.5676,0.5737,0,urban,Bulevardul I. C. Brătianu,primary_link,8.7
RUTA_A,11-13,2026-04-02 12:58:32,12:47,1646,15.76,-1.471,9871.0,787.0,2.612,2.8,0.5632,0.5692,0,urban,Bulevardul I. C. Brătianu,primary_link,12.9
RUTA_A,11-13,2026-04-02 12:58:33,12:47,1647,10.3,-1.244,9873.9,762.0,2.563,2.8,0.5526,0.5585,0,urban,Bulevardul I. C. Brătianu,primary_link,15.2
RUTA_A,11-13,2026-04-02 12:58:34,12:47,1648,6.8,-0.889,9875.8,764.0,2.571,2.8,0.5544,0.5602,0,urban,Bulevardul I. C. Brătianu,primary_link,14.7
RUTA_A,11-13,2026-04-02 12:58:35,12:47,1649,3.9,-0.487,9876.9,766.0,2.572,2.8,0.5546,0.5605,0,urban,Bulevardul I. C. Brătianu,primary,14.0
RUTA_A,11-13,2026-04-02 12:58:36,12:47,1650,3.3,-0.166,9877.8,764.0,2.524,2.8,0.5442,0.55,0,urban,Bulevardul I. C. Brătianu,primary,13.5
RUTA_A,11-13,2026-04-02 12:58:37,12:47,1651,2.7,-0.164,9878.5,763.0,2.53,2.8,0.5456,0.5514,0,urban,Bulevardul I. C. Brătianu,primary,12.9
RUTA_A,11-13,2026-04-02 12:58:38,12:47,1652,2.11,-0.223,9879.1,762.0,2.589,2.8,0.5583,0.5642,0,urban,Bulevardul I. C. Brătianu,primary,12.0
RUTA_A,11-13,2026-04-02 12:58:39,12:47,1653,1.09,-0.293,9879.4,774.0,2.654,2.8,0.5724,0.5785,0,urban,Bulevardul I. C. Brătianu,primary,11.9
RUTA_A,11-13,2026-04-02 12:58:40,12:47,1654,0.0,-0.152,9879.4,790.0,2.72,2.8,0.5866,0.5928,1,urban,Bulevardul I. C. Brătianu,primary,11.9
RUTA_A,11-13,2026-04-02 12:58:41,12:47,1655,0.0,0.0,9879.4,790.0,2.731,2.8,0.589,0.5952,1,urban,Bulevardul I. C. Brătianu,primary,11.9
RUTA_A,11-13,2026-04-02 12:58:42,12:47,1656,0.0,0.0,9879.4,791.0,2.739,2.8,0.5906,0.5968,1,urban,Bulevardul I. C. Brătianu,primary,11.9
RUTA_A,11-13,2026-04-02 12:58:43,12:47,1657,0.0,0.0,9879.4,791.0,2.733,2.8,0.5893,0.5956,1,urban,Bulevardul I. C. Brătianu,primary,11.9
RUTA_A,11-13,2026-04-02 12:58:44,12:47,1658,0.0,0.0,9879.4,790.0,2.718,2.8,0.5862,0.5924,1,urban,Bulevardul I. C. Brătianu,primary,11.9
RUTA_A,11-13,2026-04-02 12:58:45,12:47,1659,0.0,0.0,9879.4,788.0,2.695,2.8,0.5812,0.5873,1,urban,Bulevardul I. C. Brătianu,primary,11.9
RUTA_A,11-13,2026-04-02 12:58:46,12:47,1660,0.0,0.0,9879.4,790.0,2.712,2.8,0.5849,0.5911,1,urban,Bulevardul I. C. Brătianu,primary,11.9
RUTA_A,11-13,2026-04-02 12:58:47,12:47,1661,0.0,0.0,9879.4,793.0,2.739,2.8,0.5907,0.597,1,urban,Bulevardul I. C. Brătianu,primary,11.9
RUTA_A,11-13,2026-04-02 12:58:48,12:47,1662,0.0,0.0,9879.4,792.0,2.722,2.8,0.5869,0.5931,1,urban,Bulevardul I. C. Brătianu,primary,11.9
RUTA_A,11-13,2026-04-02 12:58:49,12:47,1663,0.0,0.0,9879.4,791.0,2.706,2.8,0.5836,0.5898,1,urban,Bulevardul I. C. Brătianu,primary,11.9
RUTA_A,11-13,2026-04-02 12:58:50,12:47,1664,0.0,0.0,9879.4,791.0,2.695,2.8,0.5812,0.5874,1,urban,Bulevardul I. C. Brătianu,primary,11.9
RUTA_A,11-13,2026-04-02 12:58:51,12:47,1665,0.0,0.0,9879.4,792.0,2.693,2.8,0.5807,0.5869,1,urban,Bulevardul I. C. Brătianu,primary,11.9
RUTA_A,11-13,2026-04-02 12:58:52,12:47,1666,0.0,0.0,9879.4,794.0,2.699,2.8,0.582,0.5881,1,urban,Bulevardul I. C. Brătianu,primary,11.9
RUTA_A,11-13,2026-04-02 12:58:53,12:47,1667,0.0,0.0,9879.4,791.0,2.682,2.8,0.5784,0.5845,1,urban,Bulevardul I. C. Brătianu,primary,11.9
RUTA_A,11-13,2026-04-02 12:58:54,12:47,1668,0.0,0.0,9879.4,786.0,2.66,2.8,0.5736,0.5797,1,urban,Bulevardul I. C. Brătianu,primary,11.9
RUTA_A,11-13,2026-04-02 12:58:55,12:47,1669,0.0,0.0,9879.4,787.0,2.666,2.8,0.5749,0.581,1,urban,Bulevardul I. C. Brătianu,primary,11.9
RUTA_A,11-13,2026-04-02 12:58:56,12:47,1670,0.0,0.0,9879.4,789.0,2.676,2.8,0.577,0.5831,1,urban,Bulevardul I. C. Brătianu,primary,11.9
RUTA_A,11-13,2026-04-02 12:58:57,12:47,1671,0.0,0.0,9879.4,795.0,2.693,2.8,0.5807,0.5868,1,urban,Bulevardul I. C. Brătianu,primary,11.9
RUTA_A,11-13,2026-04-02 12:58:58,12:47,1672,0.0,0.0,9879.4,796.0,2.693,2.8,0.5808,0.587,1,urban,Bulevardul I. C. Brătianu,primary,11.9
RUTA_A,11-13,2026-04-02 12:58:59,12:47,1673,0.0,0.0,9879.4,792.0,2.682,2.8,0.5784,0.5845,1,urban,Bulevardul I. C. Brătianu,primary,11.9
RUTA_A,11-13,2026-04-02 12:59:00,12:47,1674,0.0,0.0,9879.4,792.0,2.685,2.8,0.579,0.5851,1,urban,Bulevardul I. C. Brătianu,primary,11.9
RUTA_A,11-13,2026-04-02 12:59:01,12:47,1675,0.0,0.0,9879.4,791.0,2.686,2.8,0.5793,0.5854,1,urban,Bulevardul I. C. Brătianu,primary,11.9
RUTA_A,11-13,2026-04-02 12:59:02,12:47,1676,0.0,0.0,9879.4,786.0,2.657,2.8,0.5731,0.5791,1,urban,Bulevardul I. C. Brătianu,primary,11.9
RUTA_A,11-13,2026-04-02 12:59:03,12:47,1677,0.0,0.0,9879.4,784.0,2.638,2.8,0.5688,0.5749,1,urban,Bulevardul I. C. Brătianu,primary,11.9
RUTA_A,11-13,2026-04-02 12:59:04,12:47,1678,0.0,0.0,9879.4,785.0,2.632,2.8,0.5677,0.5737,1,urban,Bulevardul I. C. Brătianu,primary,11.9
RUTA_A,11-13,2026-04-02 12:59:05,12:47,1679,0.0,0.0,9879.4,787.0,2.65,2.8,0.5715,0.5775,1,urban,Bulevardul I. C. Brătianu,primary,11.9
RUTA_A,11-13,2026-04-02 12:59:06,12:47,1680,0.0,0.0,9879.4,789.0,2.685,2.8,0.579,0.5851,1,urban,Bulevardul I. C. Brătianu,primary,11.9
RUTA_A,11-13,2026-04-02 12:59:07,12:47,1681,0.0,0.0,9879.4,784.0,2.666,2.8,0.5749,0.581,1,urban,Bulevardul I. C. Brătianu,primary,11.9
RUTA_A,11-13,2026-04-02 12:59:08,12:47,1682,0.0,0.0,9879.4,779.0,2.641,2.8,0.5695,0.5755,1,urban,Bulevardul I. C. Brătianu,primary,11.9
RUTA_A,11-13,2026-04-02 12:59:09,12:47,1683,0.0,0.0,9879.4,788.0,2.652,2.8,0.5719,0.578,1,urban,Bulevardul I. C. Brătianu,primary,11.9
RUTA_A,11-13,2026-04-02 12:59:10,12:47,1684,0.0,0.0,9879.4,790.0,2.645,2.8,0.5704,0.5765,1,urban,Bulevardul I. C. Brătianu,primary,11.9
RUTA_A,11-13,2026-04-02 12:59:11,12:47,1685,0.0,0.0,9879.4,780.0,2.598,2.8,0.5602,0.5661,1,urban,Bulevardul I. C. Brătianu,primary,11.9
RUTA_A,11-13,2026-04-02 12:59:12,12:47,1686,0.0,0.0,9879.4,780.0,2.601,2.8,0.5609,0.5668,1,urban,Bulevardul I. C. Brătianu,primary,11.9
RUTA_A,11-13,2026-04-02 12:59:13,12:47,1687,0.0,0.0,9879.4,786.0,2.635,2.8,0.5681,0.5741,1,urban,Bulevardul I. C. Brătianu,primary,11.9
RUTA_A,11-13,2026-04-02 12:59:14,12:47,1688,0.0,0.0,9879.4,792.0,2.65,2.8,0.5714,0.5775,1,urban,Bulevardul I. C. Brătianu,primary,11.9
RUTA_A,11-13,2026-04-02 12:59:15,12:47,1689,0.0,0.0,9879.4,797.0,2.659,2.8,0.5733,0.5794,1,urban,Bulevardul I. C. Brătianu,primary,11.9
RUTA_A,11-13,2026-04-02 12:59:16,12:47,1690,0.0,0.0,9879.4,795.0,2.647,2.8,0.5708,0.5769,1,urban,Bulevardul I. C. Brătianu,primary,11.9
RUTA_A,11-13,2026-04-02 12:59:17,12:47,1691,0.0,0.0,9879.4,795.0,2.64,2.8,0.5693,0.5753,1,urban,Bulevardul I. C. Brătianu,primary,11.9
RUTA_A,11-13,2026-04-02 12:59:18,12:47,1692,0.0,0.0,9879.4,797.0,2.64,2.8,0.5693,0.5753,1,urban,Bulevardul I. C. Brătianu,primary,11.9
RUTA_A,11-13,2026-04-02 12:59:19,12:47,1693,0.0,0.0,9879.4,797.0,2.647,2.8,0.5709,0.5769,1,urban,Bulevardul I. C. Brătianu,primary,11.9
RUTA_A,11-13,2026-04-02 12:59:20,12:47,1694,0.0,0.0,9879.4,797.0,2.659,2.8,0.5733,0.5794,1,urban,Bulevardul I. C. Brătianu,primary,11.9
RUTA_A,11-13,2026-04-02 12:59:21,12:47,1695,0.0,0.0,9879.4,797.0,2.655,2.8,0.5725,0.5786,1,urban,Bulevardul I. C. Brătianu,primary,11.9
RUTA_A,11-13,2026-04-02 12:59:22,12:47,1696,0.0,0.0,9879.4,795.0,2.645,2.8,0.5703,0.5763,1,urban,Bulevardul I. C. Brătianu,primary,11.9
RUTA_A,11-13,2026-04-02 12:59:23,12:47,1697,0.0,0.0,9879.4,783.0,2.608,2.8,0.5625,0.5684,1,urban,Bulevardul I. C. Brătianu,primary,11.9
RUTA_A,11-13,2026-04-02 12:59:24,12:47,1698,0.0,0.0,9879.4,820.0,2.693,3.3,0.5807,0.5869,1,urban,Bulevardul I. C. Brătianu,primary,11.9
RUTA_A,11-13,2026-04-02 12:59:25,12:47,1699,0.0,0.0,9879.4,906.0,2.902,4.4,0.6258,0.6324,1,urban,Bulevardul I. C. Brătianu,primary,11.9
RUTA_A,11-13,2026-04-02 12:59:26,12:47,1700,0.0,0.0,9879.4,1015.0,3.097,4.0,0.6679,0.6749,1,urban,Bulevardul I. C. Brătianu,primary,11.9
RUTA_A,11-13,2026-04-02 12:59:27,12:47,1701,0.0,0.0,9879.4,1121.0,3.269,3.1,0.7048,0.7123,1,urban,Bulevardul I. C. Brătianu,primary,11.9
RUTA_A,11-13,2026-04-02 12:59:28,12:47,1702,0.0,0.0,9879.4,1016.0,3.002,2.9,0.6473,0.6542,1,urban,Bulevardul I. C. Brătianu,primary,11.9
RUTA_A,11-13,2026-04-02 12:59:29,12:47,1703,0.0,0.0,9879.4,925.0,2.77,2.8,0.5973,0.6036,1,urban,Bulevardul I. C. Brătianu,primary,11.9
RUTA_A,11-13,2026-04-02 12:59:30,12:47,1704,0.0,0.0,9879.4,877.0,2.645,2.8,0.5703,0.5763,1,urban,Bulevardul I. C. Brătianu,primary,11.9
RUTA_A,11-13,2026-04-02 12:59:31,12:47,1705,0.0,0.0,9879.4,837.0,2.574,2.8,0.5551,0.561,1,urban,Bulevardul I. C. Brătianu,primary,11.9
RUTA_A,11-13,2026-04-02 12:59:32,12:47,1706,0.0,0.0,9879.4,805.0,2.562,2.8,0.5526,0.5584,1,urban,Bulevardul I. C. Brătianu,primary,11.9
RUTA_A,11-13,2026-04-02 12:59:33,12:47,1707,0.0,0.0,9879.4,792.0,2.583,2.8,0.557,0.5629,1,urban,Bulevardul I. C. Brătianu,primary,11.9
RUTA_A,11-13,2026-04-02 12:59:34,12:47,1708,0.0,0.0,9879.4,785.0,2.613,2.8,0.5636,0.5695,1,urban,Bulevardul I. C. Brătianu,primary,11.9
RUTA_A,11-13,2026-04-02 12:59:35,12:47,1709,0.0,0.0,9879.4,793.0,2.662,2.8,0.574,0.58,1,urban,Bulevardul I. C. Brătianu,primary,11.9
RUTA_A,11-13,2026-04-02 12:59:36,12:47,1710,0.0,0.0,9879.4,795.0,2.674,2.8,0.5766,0.5827,1,urban,Bulevardul I. C. Brătianu,primary,11.9
RUTA_A,11-13,2026-04-02 12:59:37,12:47,1711,0.0,0.0,9879.4,788.0,2.634,2.8,0.5681,0.5741,1,urban,Bulevardul I. C. Brătianu,primary,11.9
RUTA_A,11-13,2026-04-02 12:59:38,12:47,1712,0.0,0.0,9879.4,791.0,2.628,2.8,0.5667,0.5727,1,urban,Bulevardul I. C. Brătianu,primary,11.9
RUTA_A,11-13,2026-04-02 12:59:39,12:47,1713,0.0,0.0,9879.4,798.0,2.64,2.8,0.5693,0.5753,1,urban,Bulevardul I. C. Brătianu,primary,11.9
RUTA_A,11-13,2026-04-02 12:59:40,12:47,1714,0.0,0.0,9879.4,795.0,2.601,2.8,0.561,0.5669,1,urban,Bulevardul I. C. Brătianu,primary,11.9
RUTA_A,11-13,2026-04-02 12:59:41,12:47,1715,0.0,0.0,9879.4,793.0,2.577,2.8,0.5557,0.5615,1,urban,Bulevardul I. C. Brătianu,primary,11.9
RUTA_A,11-13,2026-04-02 12:59:42,12:47,1716,0.0,0.0,9879.4,791.0,2.61,2.8,0.5628,0.5687,1,urban,Bulevardul I. C. Brătianu,primary,11.9
RUTA_A,11-13,2026-04-02 12:59:43,12:47,1717,0.0,0.0,9879.4,789.0,2.616,2.8,0.5642,0.5702,1,urban,Bulevardul I. C. Brătianu,primary,11.9
RUTA_A,11-13,2026-04-02 12:59:44,12:47,1718,0.0,0.0,9879.4,784.0,2.58,2.8,0.5564,0.5623,1,urban,Bulevardul I. C. Brătianu,primary,11.9
RUTA_A,11-13,2026-04-02 12:59:45,12:47,1719,0.0,0.0,9879.4,785.0,2.57,2.8,0.5542,0.5601,1,urban,Bulevardul I. C. Brătianu,primary,11.9
RUTA_A,11-13,2026-04-02 12:59:46,12:47,1720,0.0,0.0,9879.4,789.0,2.57,2.8,0.5542,0.5601,1,urban,Bulevardul I. C. Brătianu,primary,11.9
RUTA_A,11-13,2026-04-02 12:59:47,12:47,1721,0.0,0.0,9879.4,785.0,2.57,2.8,0.5542,0.5601,1,urban,Bulevardul I. C. Brătianu,primary,11.9
RUTA_A,11-13,2026-04-02 12:59:48,12:47,1722,0.0,0.0,9879.4,787.0,2.577,2.8,0.5558,0.5616,1,urban,Bulevardul I. C. Brătianu,primary,11.9
RUTA_A,11-13,2026-04-02 12:59:49,12:47,1723,0.0,0.0,9879.4,796.0,2.594,2.8,0.5595,0.5654,1,urban,Bulevardul I. C. Brătianu,primary,11.9
RUTA_A,11-13,2026-04-02 12:59:50,12:47,1724,0.0,0.0,9879.4,795.0,2.584,2.8,0.5572,0.5631,1,urban,Bulevardul I. C. Brătianu,primary,11.9
RUTA_A,11-13,2026-04-02 12:59:51,12:47,1725,0.0,0.0,9879.4,789.0,2.56,2.8,0.5521,0.5579,1,urban,Bulevardul I. C. Brătianu,primary,11.9
RUTA_A,11-13,2026-04-02 12:59:52,12:47,1726,0.0,0.0,9879.4,792.0,2.571,2.8,0.5544,0.5603,1,urban,Bulevardul I. C. Brătianu,primary,11.9
RUTA_A,11-13,2026-04-02 12:59:53,12:47,1727,0.0,0.0,9879.4,793.0,2.577,2.8,0.5556,0.5615,1,urban,Bulevardul I. C. Brătianu,primary,11.9
RUTA_A,11-13,2026-04-02 12:59:54,12:47,1728,0.0,0.0,9879.4,783.0,2.56,2.8,0.552,0.5578,1,urban,Bulevardul I. C. Brătianu,primary,11.9
RUTA_A,11-13,2026-04-02 12:59:55,12:47,1729,0.0,0.0,9879.4,779.0,2.545,2.8,0.5488,0.5546,1,urban,Bulevardul I. C. Brătianu,primary,11.9
RUTA_A,11-13,2026-04-02 12:59:56,12:47,1730,0.0,0.0,9879.4,784.0,2.533,2.8,0.5463,0.5521,1,urban,Bulevardul I. C. Brătianu,primary,11.9
RUTA_A,11-13,2026-04-02 12:59:57,12:47,1731,0.0,0.0,9879.4,785.0,2.534,2.8,0.5464,0.5522,1,urban,Bulevardul I. C. Brătianu,primary,11.9
RUTA_A,11-13,2026-04-02 12:59:58,12:47,1732,0.0,0.0,9879.4,785.0,2.54,2.8,0.5476,0.5534,1,urban,Bulevardul I. C. Brătianu,primary,11.9
RUTA_A,11-13,2026-04-02 12:59:59,12:47,1733,0.0,0.0,9879.4,847.0,2.709,4.6,0.5842,0.5904,1,urban,Bulevardul I. C. Brătianu,primary,11.9
RUTA_A,11-13,2026-04-02 13:00:00,12:47,1734,0.0,0.0,9879.4,924.0,2.893,5.9,0.6239,0.6305,1,urban,Bulevardul I. C. Brătianu,primary,11.9
RUTA_A,11-13,2026-04-02 13:00:01,12:47,1735,0.0,0.0,9879.4,1044.0,3.075,4.1,0.6632,0.6702,1,urban,Bulevardul I. C. Brătianu,primary,11.9
RUTA_A,11-13,2026-04-02 13:00:02,12:47,1736,0.0,0.0,9879.4,1057.0,3.018,3.0,0.6508,0.6577,1,urban,Bulevardul I. C. Brătianu,primary,11.9
RUTA_A,11-13,2026-04-02 13:00:03,12:47,1737,0.0,0.121,9879.4,954.0,2.701,2.8,0.5825,0.5887,1,urban,Bulevardul I. C. Brătianu,primary,11.9
RUTA_A,11-13,2026-04-02 13:00:04,12:47,1738,0.87,0.306,9879.7,1038.0,4.191,4.5,0.9038,0.9134,1,urban,Bulevardul I. C. Brătianu,primary,11.9
RUTA_A,11-13,2026-04-02 13:00:05,12:47,1739,2.2,0.968,9880.3,1186.0,6.363,6.9,1.3721,1.3867,0,urban,Bulevardul I. C. Brătianu,primary,11.8
RUTA_A,11-13,2026-04-02 13:00:06,12:47,1740,7.84,1.458,9882.5,1334.0,10.053,14.7,2.1679,2.1909,0,urban,Bulevardul I. C. Brătianu,primary,8.7
RUTA_A,11-13,2026-04-02 13:00:07,12:47,1741,12.7,1.047,9886.0,1422.0,11.568,19.6,2.4946,2.521,0,urban,Bulevardul I. C. Brătianu,primary,6.4
RUTA_A,11-13,2026-04-02 13:00:08,12:47,1742,15.38,0.929,9890.3,1341.0,6.924,16.7,1.4932,1.509,0,urban,Bulevardul I. C. Brătianu,primary,5.3
RUTA_A,11-13,2026-04-02 13:00:09,12:47,1743,19.39,1.399,9895.6,1437.0,7.887,15.2,1.7008,1.7188,0,urban,Bulevardul I. C. Brătianu,primary,6.2
RUTA_A,11-13,2026-04-02 13:00:10,12:47,1744,25.45,1.29,9902.7,1805.0,17.474,15.8,3.7681,3.8081,0,urban,Bulevardul I. C. Brătianu,primary,7.3
RUTA_A,11-13,2026-04-02 13:00:11,12:47,1745,28.68,0.611,9910.7,2050.0,16.762,14.2,3.6147,3.653,0,urban,Bulevardul I. C. Brătianu,primary,5.3
RUTA_A,11-13,2026-04-02 13:00:12,12:47,1746,29.85,0.461,9919.0,2205.0,8.594,11.0,1.8532,1.8728,0,urban,Bulevardul I. C. Brătianu,primary,9.1
RUTA_A,11-13,2026-04-02 13:00:13,12:47,1747,32.0,0.62,9927.9,2323.0,13.563,16.3,2.9249,2.9559,0,urban,Bulevardul I. C. Brătianu,secondary,3.8
RUTA_A,11-13,2026-04-02 13:00:14,12:47,1748,34.31,0.651,9937.4,2411.0,18.552,20.7,4.0006,4.043,0,urban,Bulevardul I. C. Brătianu,secondary,10.2
RUTA_A,11-13,2026-04-02 13:00:15,12:47,1749,36.69,0.513,9947.6,2340.0,10.641,10.6,2.2947,2.319,0,urban,Bulevardul I. C. Brătianu,primary_link,13.1
RUTA_A,11-13,2026-04-02 13:00:16,12:47,1750,38.0,0.182,9958.1,2151.0,6.004,4.8,1.2946,1.3084,0,urban,Bulevardul I. C. Brătianu,secondary,10.2
RUTA_A,11-13,2026-04-02 13:00:17,12:47,1751,38.0,-0.208,9968.7,1819.0,5.367,4.1,1.1574,1.1696,0,urban,Bulevardul I. C. Brătianu,secondary,4.1
RUTA_A,11-13,2026-04-02 13:00:18,12:47,1752,36.5,-0.516,9978.8,1691.0,4.422,3.6,0.9537,0.9638,0,urban,Bulevardul I. C. Brătianu,secondary,6.3
RUTA_A,11-13,2026-04-02 13:00:19,12:47,1753,34.28,-0.608,9988.4,1662.0,3.33,3.2,0.7181,0.7257,0,urban,Bulevardul I. C. Brătianu,secondary,8.3
RUTA_A,11-13,2026-04-02 13:00:20,12:47,1754,32.12,-0.598,9997.3,1547.0,3.218,3.3,0.694,0.7013,0,urban,Bulevardul I. C. Brătianu,secondary,10.5
RUTA_A,11-13,2026-04-02 13:00:21,12:47,1755,29.98,-0.542,10005.6,1422.0,3.252,3.6,0.7014,0.7088,0,urban,Bulevardul I. C. Brătianu,secondary,6.5
RUTA_A,11-13,2026-04-02 13:00:22,12:47,1756,28.22,-0.341,10013.4,1386.0,3.434,5.2,0.7405,0.7483,0,urban,Bulevardul I. C. Brătianu,secondary,11.5
RUTA_A,11-13,2026-04-02 13:00:23,12:47,1757,27.52,0.141,10021.1,1370.0,4.7,6.6,1.0136,1.0243,0,urban,Bulevardul I. C. Brătianu,secondary,11.3
RUTA_A,11-13,2026-04-02 13:00:24,12:47,1758,29.24,0.344,10029.2,1398.0,8.463,7.7,1.825,1.8444,0,urban,Bulevardul I. C. Brătianu,secondary,8.7
RUTA_A,11-13,2026-04-02 13:00:25,12:47,1759,30.0,0.106,10037.5,1423.0,8.953,8.0,1.9307,1.9511,0,urban,Bulevardul I. C. Brătianu,secondary,8.8
RUTA_A,11-13,2026-04-02 13:00:26,12:47,1760,30.0,-0.072,10045.9,1448.0,6.84,7.5,1.475,1.4906,0,urban,Bulevardul I. C. Brătianu,secondary,14.3
RUTA_A,11-13,2026-04-02 13:00:27,12:47,1761,29.48,-0.154,10054.1,1433.0,4.86,5.2,1.0481,1.0592,0,urban,Bulevardul I. C. Brătianu,secondary,8.6
RUTA_A,11-13,2026-04-02 13:00:28,12:47,1762,28.89,-0.16,10062.1,1418.0,3.822,4.0,0.8241,0.8328,0,urban,Bulevardul I. C. Brătianu,secondary,10.4
RUTA_A,11-13,2026-04-02 13:00:29,12:47,1763,28.32,0.07,10070.0,1427.0,6.613,8.7,1.4261,1.4412,0,urban,Bulevardul I. C. Brătianu,secondary,13.7
RUTA_A,11-13,2026-04-02 13:00:30,12:47,1764,29.39,0.601,10078.1,1471.0,9.938,13.1,2.143,2.1658,0,urban,Bulevardul I. C. Brătianu,secondary,10.8
RUTA_A,11-13,2026-04-02 13:00:31,12:47,1765,32.65,0.817,10087.2,1561.0,13.975,17.1,3.0136,3.0455,0,urban,Bulevardul I. C. Brătianu,secondary,7.6
RUTA_A,11-13,2026-04-02 13:00:32,12:47,1766,35.28,0.669,10097.0,1660.0,13.33,15.4,2.8747,2.9051,0,urban,Bulevardul I. C. Brătianu,secondary,5.7
RUTA_A,11-13,2026-04-02 13:00:33,12:47,1767,37.46,0.617,10107.4,1765.0,9.365,9.7,2.0196,2.041,0,urban,Bulevardul I. C. Brătianu,secondary,8.8
RUTA_A,11-13,2026-04-02 13:00:34,12:47,1768,39.72,0.63,10118.4,1877.0,13.805,9.3,2.977,3.0086,0,urban,Bulevardul I. C. Brătianu,residential,17.3
RUTA_A,11-13,2026-04-02 13:00:35,12:47,1769,42.0,0.317,10130.1,1991.0,20.969,10.6,4.522,4.5699,0,urban,Bulevardul I. C. Brătianu,residential,4.9
RUTA_A,11-13,2026-04-02 13:00:36,12:47,1770,42.0,-0.077,10141.8,1461.0,10.434,6.2,2.2501,2.2739,0,urban,Bulevardul I. C. Brătianu,residential,8.9
RUTA_A,11-13,2026-04-02 13:00:37,12:47,1771,41.44,-0.319,10153.3,1068.0,3.181,3.1,0.6859,0.6932,0,urban,Bulevardul I. C. Brătianu,secondary,1.3
RUTA_A,11-13,2026-04-02 13:00:38,12:47,1772,39.7,-0.679,10164.3,963.0,2.902,2.8,0.6259,0.6325,0,urban,Bulevardul I. C. Brătianu,secondary,5.5
RUTA_A,11-13,2026-04-02 13:00:39,12:47,1773,36.56,-1.005,10174.5,885.0,2.731,2.8,0.5889,0.5951,0,urban,Bulevardul I. C. Brătianu,secondary,6.2
RUTA_A,11-13,2026-04-02 13:00:40,12:47,1774,32.46,-1.148,10183.5,825.0,2.631,2.8,0.5674,0.5734,0,urban,Bulevardul I. C. Brătianu,secondary,6.1
RUTA_A,11-13,2026-04-02 13:00:41,12:47,1775,28.29,-1.25,10191.3,808.0,2.731,2.8,0.589,0.5952,0,urban,Bulevardul I. C. Brătianu,secondary,5.4
RUTA_A,11-13,2026-04-02 13:00:42,12:47,1776,23.46,-1.67,10197.9,795.0,2.806,2.8,0.6052,0.6116,0,urban,Bulevardul I. C. Brătianu,secondary,5.6
RUTA_A,11-13,2026-04-02 13:00:43,12:47,1777,16.27,-1.943,10202.4,778.0,2.696,2.8,0.5813,0.5875,0,urban,Bulevardul I. C. Brătianu,secondary,5.3
RUTA_A,11-13,2026-04-02 13:00:44,12:47,1778,9.47,-1.806,10205.0,771.0,2.651,2.8,0.5716,0.5777,0,urban,Bulevardul I. C. Brătianu,secondary,2.1
RUTA_A,11-13,2026-04-02 13:00:45,12:47,1779,3.26,-1.226,10205.9,778.0,2.702,2.8,0.5826,0.5887,0,urban,Bulevardul I. C. Brătianu,secondary,0.9
RUTA_A,11-13,2026-04-02 13:00:46,12:47,1780,0.65,-0.441,10206.1,777.0,2.678,2.8,0.5774,0.5835,1,urban,Bulevardul I. C. Brătianu,secondary,1.5
RUTA_A,11-13,2026-04-02 13:00:47,12:47,1781,0.09,-0.09,10206.1,770.0,2.611,2.8,0.563,0.569,1,urban,Bulevardul I. C. Brătianu,secondary,1.2
RUTA_A,11-13,2026-04-02 13:00:48,12:47,1782,0.0,-0.012,10206.1,772.0,2.655,2.8,0.5726,0.5786,1,urban,Bulevardul I. C. Brătianu,secondary,1.2
RUTA_A,11-13,2026-04-02 13:00:49,12:47,1783,0.0,0.0,10206.1,777.0,2.725,2.8,0.5877,0.594,1,urban,Bulevardul I. C. Brătianu,secondary,1.2
RUTA_A,11-13,2026-04-02 13:00:50,12:47,1784,0.0,0.0,10206.1,785.0,2.819,2.8,0.608,0.6144,1,urban,Bulevardul I. C. Brătianu,secondary,1.2
RUTA_A,11-13,2026-04-02 13:00:51,12:47,1785,0.0,0.0,10206.1,788.0,2.831,2.8,0.6105,0.617,1,urban,Bulevardul I. C. Brătianu,secondary,1.2
RUTA_A,11-13,2026-04-02 13:00:52,12:47,1786,0.0,0.0,10206.1,783.0,2.747,2.8,0.5923,0.5986,1,urban,Bulevardul I. C. Brătianu,secondary,1.2
RUTA_A,11-13,2026-04-02 13:00:53,12:47,1787,0.0,0.0,10206.1,779.0,2.72,2.8,0.5866,0.5928,1,urban,Bulevardul I. C. Brătianu,secondary,1.2
RUTA_A,11-13,2026-04-02 13:00:54,12:47,1788,0.0,0.0,10206.1,776.0,2.72,2.8,0.5866,0.5928,1,urban,Bulevardul I. C. Brătianu,secondary,1.2
RUTA_A,11-13,2026-04-02 13:00:55,12:47,1789,0.0,0.0,10206.1,784.0,2.691,2.8,0.5804,0.5865,1,urban,Bulevardul I. C. Brătianu,secondary,1.2
RUTA_A,11-13,2026-04-02 13:00:56,12:47,1790,0.0,0.0,10206.1,790.0,2.679,2.8,0.5778,0.5839,1,urban,Bulevardul I. C. Brătianu,secondary,1.2
RUTA_A,11-13,2026-04-02 13:00:57,12:47,1791,0.0,0.0,10206.1,791.0,2.713,2.8,0.5851,0.5913,1,urban,Bulevardul I. C. Brătianu,secondary,1.2
RUTA_A,11-13,2026-04-02 13:00:58,12:47,1792,0.0,0.0,10206.1,791.0,2.724,2.8,0.5875,0.5937,1,urban,Bulevardul I. C. Brătianu,secondary,1.2
RUTA_A,11-13,2026-04-02 13:00:59,12:47,1793,0.0,0.0,10206.1,790.0,2.713,2.8,0.585,0.5912,1,urban,Bulevardul I. C. Brătianu,secondary,1.2
RUTA_A,11-13,2026-04-02 13:01:00,12:47,1794,0.0,0.0,10206.1,789.0,2.738,2.8,0.5904,0.5966,1,urban,Bulevardul I. C. Brătianu,secondary,1.2
RUTA_A,11-13,2026-04-02 13:01:01,12:47,1795,0.0,0.0,10206.1,788.0,2.764,2.8,0.596,0.6023,1,urban,Bulevardul I. C. Brătianu,secondary,1.2
RUTA_A,11-13,2026-04-02 13:01:02,12:47,1796,0.0,0.0,10206.1,788.0,2.705,2.8,0.5833,0.5895,1,urban,Bulevardul I. C. Brătianu,secondary,1.2
RUTA_A,11-13,2026-04-02 13:01:03,12:47,1797,0.0,0.0,10206.1,789.0,2.691,2.8,0.5803,0.5864,1,urban,Bulevardul I. C. Brătianu,secondary,1.2
RUTA_A,11-13,2026-04-02 13:01:04,12:47,1798,0.0,0.0,10206.1,791.0,2.742,2.8,0.5913,0.5976,1,urban,Bulevardul I. C. Brătianu,secondary,1.2
RUTA_A,11-13,2026-04-02 13:01:05,12:47,1799,0.0,0.0,10206.1,793.0,2.729,2.8,0.5885,0.5947,1,urban,Bulevardul I. C. Brătianu,secondary,1.2
RUTA_A,11-13,2026-04-02 13:01:06,12:47,1800,0.0,0.0,10206.1,794.0,2.681,2.8,0.5781,0.5842,1,urban,Bulevardul I. C. Brătianu,secondary,1.2
RUTA_A,11-13,2026-04-02 13:01:07,12:47,1801,0.0,0.0,10206.1,788.0,2.664,2.8,0.5744,0.5805,1,urban,Bulevardul I. C. Brătianu,secondary,1.2
RUTA_A,11-13,2026-04-02 13:01:08,12:47,1802,0.0,0.0,10206.1,798.0,3.274,3.7,0.7059,0.7134,1,urban,Bulevardul I. C. Brătianu,secondary,1.2
RUTA_A,11-13,2026-04-02 13:01:09,12:47,1803,0.0,0.313,10206.1,882.0,6.7,9.2,1.4448,1.4601,1,urban,Bulevardul I. C. Brătianu,secondary,1.2
RUTA_A,11-13,2026-04-02 13:01:10,12:47,1804,2.25,1.29,10206.7,1040.0,9.071,14.9,1.9562,1.9769,0,urban,Bulevardul I. C. Brătianu,secondary,1.8
RUTA_A,11-13,2026-04-02 13:01:11,12:47,1805,9.29,1.555,10209.3,1356.0,9.2,20.8,1.984,2.005,0,urban,Bulevardul I. C. Brătianu,secondary,3.9
RUTA_A,11-13,2026-04-02 13:01:12,12:47,1806,13.45,0.904,10213.1,1420.0,8.357,20.4,1.8023,1.8214,0,urban,Bulevardul I. C. Brătianu,secondary,3.7
RUTA_A,11-13,2026-04-02 13:01:13,12:47,1807,15.8,0.991,10217.4,1327.0,6.906,16.1,1.4893,1.5051,0,urban,Bulevardul I. C. Brătianu,secondary,3.4
RUTA_A,11-13,2026-04-02 13:01:14,12:47,1808,20.58,1.393,10223.2,1596.0,14.602,21.7,3.1489,3.1822,0,urban,Bulevardul Ferdinand,secondary,8.9
RUTA_A,11-13,2026-04-02 13:01:15,12:47,1809,25.83,1.694,10230.3,1911.0,22.727,26.1,4.9009,4.9529,0,urban,Bulevardul Ferdinand,secondary,7.0
RUTA_A,11-13,2026-04-02 13:01:16,12:47,1810,32.78,1.684,10239.4,2313.0,27.573,15.0,5.9461,6.0091,0,urban,Bulevardul Ferdinand,secondary,3.0
RUTA_A,11-13,2026-04-02 13:01:17,12:47,1811,37.95,1.055,10250.0,2413.0,28.54,12.1,6.1545,6.2197,0,urban,Bulevardul Ferdinand,secondary,6.6
RUTA_A,11-13,2026-04-02 13:01:18,12:47,1812,40.37,0.778,10261.2,2045.0,23.488,21.8,5.0652,5.1189,0,urban,Bulevardul Ferdinand,secondary,4.5
RUTA_A,11-13,2026-04-02 13:01:19,12:47,1813,43.55,0.92,10273.3,2062.0,19.385,17.8,4.1804,4.2247,0,urban,Bulevardul Ferdinand,secondary,12.0
RUTA_A,11-13,2026-04-02 13:01:20,12:47,1814,46.99,0.329,10286.3,2214.0,15.618,9.0,3.3679,3.4035,0,urban,Bulevardul Ferdinand,secondary,4.3
RUTA_A,11-13,2026-04-02 13:01:21,12:47,1815,45.91,-0.264,10299.1,2197.0,9.574,8.6,2.0646,2.0865,0,urban,Bulevardul Ferdinand,secondary,12.0
RUTA_A,11-13,2026-04-02 13:01:22,12:47,1816,45.09,-0.035,10311.6,2182.0,5.084,8.6,1.0964,1.108,0,urban,Bulevardul Ferdinand,secondary,5.2
RUTA_A,11-13,2026-04-02 13:01:23,12:47,1817,45.66,0.126,10324.3,2181.0,8.713,11.1,1.8789,1.8988,0,urban,Bulevardul Ferdinand,secondary,4.2
RUTA_A,11-13,2026-04-02 13:01:24,12:47,1818,46.0,0.047,10337.1,2063.0,9.355,10.4,2.0173,2.0387,0,urban,Bulevardul Ferdinand,secondary,11.6
RUTA_A,11-13,2026-04-02 13:01:25,12:47,1819,46.0,-0.121,10349.9,1777.0,5.717,5.1,1.2328,1.2459,0,urban,Bulevardul Ferdinand,secondary,4.2
RUTA_A,11-13,2026-04-02 13:01:26,12:47,1820,45.13,-0.297,10362.4,1495.0,4.128,3.4,0.8902,0.8996,0,urban,Bulevardul Ferdinand,secondary,6.7
RUTA_A,11-13,2026-04-02 13:01:27,12:47,1821,43.87,-0.41,10374.6,1215.0,3.447,3.3,0.7434,0.7512,0,urban,Bulevardul Ferdinand,secondary,2.5
RUTA_A,11-13,2026-04-02 13:01:28,12:47,1822,42.17,-0.601,10386.3,1152.0,3.683,4.2,0.7941,0.8025,0,urban,Bulevardul Ferdinand,secondary,14.8
RUTA_A,11-13,2026-04-02 13:01:29,12:47,1823,39.54,-0.732,10397.3,1564.0,5.92,7.6,1.2766,1.2901,0,urban,Bulevardul Ferdinand,secondary,10.8
RUTA_A,11-13,2026-04-02 13:01:30,12:47,1824,36.9,-0.271,10407.5,1976.0,8.157,11.0,1.759,1.7777,0,urban,Bulevardul Ferdinand,secondary,3.4
RUTA_A,11-13,2026-04-02 13:01:31,12:47,1825,37.58,0.429,10418.0,2339.0,12.794,15.5,2.759,2.7883,0,urban,Bulevardul Ferdinand,residential,7.1
RUTA_A,11-13,2026-04-02 13:01:32,12:47,1826,39.99,0.639,10429.1,2676.0,18.673,20.5,4.0268,4.0695,0,urban,Bulevardul Ferdinand,residential,6.4
RUTA_A,11-13,2026-04-02 13:01:33,12:47,1827,42.18,0.462,10440.8,2908.0,22.878,23.5,4.9335,4.9858,0,urban,Bulevardul Ferdinand,secondary,18.2
RUTA_A,11-13,2026-04-02 13:01:34,12:47,1828,43.31,0.313,10452.8,2591.0,18.421,16.3,3.9724,4.0145,0,urban,Bulevardul Ferdinand,secondary,9.3
RUTA_A,11-13,2026-04-02 13:01:35,12:47,1829,44.44,-0.134,10465.2,2273.0,13.964,9.1,3.0113,3.0432,0,urban,Bulevardul Ferdinand,secondary,0.7
RUTA_A,11-13,2026-04-02 13:01:36,12:47,1830,42.35,-1.027,10476.9,1928.0,10.174,5.0,2.1939,2.2172,0,urban,Bulevardul Ferdinand,secondary,9.7
RUTA_A,11-13,2026-04-02 13:01:37,12:47,1831,37.05,-1.472,10487.2,1556.0,7.047,4.2,1.5197,1.5358,0,urban,Bulevardul Ferdinand,secondary,0.3
RUTA_A,11-13,2026-04-02 13:01:38,12:47,1832,31.75,-2.189,10496.0,1184.0,3.921,3.3,0.8455,0.8545,0,urban,Bulevardul Ferdinand,secondary,9.5
RUTA_A,11-13,2026-04-02 13:01:39,12:47,1833,21.28,-3.024,10502.0,1007.0,3.149,3.0,0.679,0.6862,0,urban,Bulevardul Ferdinand,secondary,4.7
RUTA_A,11-13,2026-04-02 13:01:40,12:47,1834,9.97,-2.281,10504.7,861.0,2.763,2.8,0.5959,0.6022,0,urban,Bulevardul Ferdinand,secondary,3.2
RUTA_A,11-13,2026-04-02 13:01:41,12:47,1835,4.86,-1.258,10506.1,823.0,2.74,2.8,0.5909,0.5972,0,urban,Bulevardul Ferdinand,secondary,3.2
RUTA_A,11-13,2026-04-02 13:01:42,12:47,1836,0.92,-0.626,10506.3,797.0,2.743,2.8,0.5916,0.5979,1,urban,Bulevardul Ferdinand,secondary,3.3
RUTA_A,11-13,2026-04-02 13:01:43,12:47,1837,0.35,-0.127,10506.4,783.0,2.698,2.8,0.5819,0.588,1,urban,Bulevardul Ferdinand,secondary,3.3
RUTA_A,11-13,2026-04-02 13:01:44,12:47,1838,0.0,-0.049,10506.4,777.0,2.691,2.8,0.5803,0.5864,1,urban,Bulevardul Ferdinand,secondary,3.3
RUTA_A,11-13,2026-04-02 13:01:45,12:47,1839,0.0,0.0,10506.4,785.0,2.747,2.8,0.5923,0.5986,1,urban,Bulevardul Ferdinand,secondary,3.4
RUTA_A,11-13,2026-04-02 13:01:46,12:47,1840,0.0,0.0,10506.4,790.0,2.754,2.8,0.594,0.6003,1,urban,Bulevardul Ferdinand,secondary,3.4
RUTA_A,11-13,2026-04-02 13:01:47,12:47,1841,0.0,0.0,10506.4,794.0,2.727,2.8,0.5882,0.5944,1,urban,Bulevardul Ferdinand,secondary,3.4
RUTA_A,11-13,2026-04-02 13:01:48,12:47,1842,0.0,0.0,10506.4,791.0,2.716,3.4,0.5857,0.5919,1,urban,Bulevardul Ferdinand,secondary,3.4
RUTA_A,11-13,2026-04-02 13:01:49,12:47,1843,0.0,0.36,10506.4,785.0,2.71,4.3,0.5844,0.5906,1,urban,Bulevardul Ferdinand,secondary,3.4
RUTA_A,11-13,2026-04-02 13:01:50,12:47,1844,2.59,0.763,10507.1,914.0,3.674,5.9,0.7923,0.8007,0,urban,Bulevardul Ferdinand,secondary,3.4
RUTA_A,11-13,2026-04-02 13:01:51,12:47,1845,5.5,1.047,10508.7,1070.0,4.99,8.1,1.0761,1.0875,0,urban,Bulevardul Ferdinand,secondary,3.6
RUTA_A,11-13,2026-04-02 13:01:52,12:47,1846,10.13,1.387,10511.5,1396.0,8.918,14.0,1.9232,1.9436,0,urban,Bulevardul Ferdinand,secondary,5.6
RUTA_A,11-13,2026-04-02 13:01:53,12:47,1847,15.48,1.649,10515.8,1852.0,11.311,15.4,2.4391,2.4649,0,urban,Bulevardul Ferdinand,secondary,9.3
RUTA_A,11-13,2026-04-02 13:01:54,12:47,1848,22.01,1.669,10521.9,2519.0,11.207,9.4,2.4168,2.4424,0,urban,Bulevardul Ferdinand,secondary,7.1
RUTA_A,11-13,2026-04-02 13:01:55,12:47,1849,27.5,1.406,10529.5,2662.0,16.501,15.3,3.5584,3.5961,0,urban,Bulevardul Ferdinand,secondary,4.1
RUTA_A,11-13,2026-04-02 13:01:56,12:47,1850,32.13,0.892,10538.5,2360.0,26.374,31.1,5.6874,5.7477,0,urban,Bulevardul Ferdinand,secondary,10.2
RUTA_A,11-13,2026-04-02 13:01:57,12:47,1851,33.92,0.42,10547.9,1839.0,16.798,20.0,3.6225,3.6609,0,urban,Bulevardul Ferdinand,secondary,2.7
RUTA_A,11-13,2026-04-02 13:01:58,12:47,1852,35.15,0.563,10557.7,1315.0,4.088,3.6,0.8815,0.8908,0,urban,Bulevardul Ferdinand,secondary,8.6
RUTA_A,11-13,2026-04-02 13:01:59,12:47,1853,37.98,0.58,10568.2,1642.0,15.341,5.6,3.3083,3.3433,0,urban,Bulevardul Ferdinand,secondary,3.6
RUTA_A,11-13,2026-04-02 13:02:00,12:47,1854,39.33,-0.142,10579.1,1831.0,20.106,6.5,4.3358,4.3817,0,urban,Bulevardul Ferdinand,secondary,7.0
RUTA_A,11-13,2026-04-02 13:02:01,12:47,1855,36.95,-0.841,10589.4,1673.0,8.432,4.7,1.8182,1.8375,0,urban,Bulevardul Ferdinand,secondary,0.5
RUTA_A,11-13,2026-04-02 13:02:02,12:47,1856,33.28,-1.142,10598.6,1791.0,3.627,3.8,0.7822,0.7905,0,urban,Bulevardul Ferdinand,secondary,7.8
RUTA_A,11-13,2026-04-02 13:02:03,12:47,1857,28.73,-0.94,10606.6,2095.0,3.423,3.6,0.7381,0.7459,0,urban,Bulevardul Ferdinand,secondary,7.9
RUTA_A,11-13,2026-04-02 13:02:04,12:47,1858,26.51,-0.469,10614.0,2043.0,3.997,5.5,0.862,0.8711,0,urban,Strada I. Gh. Duca,secondary,2.5
RUTA_A,11-13,2026-04-02 13:02:05,12:47,1859,25.35,0.156,10621.0,1945.0,4.807,7.2,1.0366,1.0476,0,urban,Strada I. Gh. Duca,secondary,5.9
RUTA_A,11-13,2026-04-02 13:02:06,12:47,1860,27.63,0.415,10628.7,1964.0,6.104,5.6,1.3164,1.3303,0,urban,Strada I. Gh. Duca,secondary,10.1
RUTA_A,11-13,2026-04-02 13:02:07,12:47,1861,28.33,-0.133,10636.6,1939.0,7.419,6.8,1.5999,1.6169,0,urban,Strada I. Gh. Duca,secondary,16.3
RUTA_A,11-13,2026-04-02 13:02:08,12:47,1862,26.68,0.114,10644.0,1847.0,8.76,12.0,1.8891,1.9091,0,urban,Strada I. Gh. Duca,secondary,14.9
RUTA_A,11-13,2026-04-02 13:02:09,12:47,1863,29.16,1.088,10652.1,2029.0,15.068,19.4,3.2493,3.2838,0,urban,Strada I. Gh. Duca,secondary,6.2
RUTA_A,11-13,2026-04-02 13:02:10,12:47,1864,34.51,1.235,10661.7,2400.0,24.827,28.5,5.3538,5.4106,0,urban,Strada I. Gh. Duca,secondary,4.1
RUTA_A,11-13,2026-04-02 13:02:11,12:47,1865,38.05,0.885,10672.2,2685.0,24.692,23.4,5.3248,5.3812,0,urban,Strada I. Gh. Duca,secondary,7.8
RUTA_A,11-13,2026-04-02 13:02:12,12:47,1866,40.89,0.173,10683.6,2938.0,20.748,13.0,4.4742,4.5216,0,urban,Strada I. Gh. Duca,secondary,5.4
RUTA_A,11-13,2026-04-02 13:02:13,12:47,1867,39.29,-0.572,10694.5,2003.0,10.757,7.4,2.3197,2.3443,0,urban,Strada I. Gh. Duca,secondary,4.0
RUTA_A,11-13,2026-04-02 13:02:14,12:47,1868,36.77,-0.984,10704.7,1242.0,3.233,3.5,0.6972,0.7045,0,urban,Strada I. Gh. Duca,secondary,7.2
RUTA_A,11-13,2026-04-02 13:02:15,12:47,1869,32.21,-0.85,10713.7,1083.0,3.022,3.2,0.6517,0.6586,0,urban,Strada I. Gh. Duca,secondary,9.7
RUTA_A,11-13,2026-04-02 13:02:16,12:47,1870,30.64,-0.044,10722.2,1190.0,7.429,8.7,1.6021,1.6191,0,urban,Strada I. Gh. Duca,secondary,1.9
RUTA_A,11-13,2026-04-02 13:02:17,12:47,1871,31.89,0.619,10731.0,1550.0,16.186,19.5,3.4904,3.5274,0,urban,Strada I. Gh. Duca,secondary,9.1
RUTA_A,11-13,2026-04-02 13:02:18,12:47,1872,35.1,0.892,10740.8,1695.0,19.713,23.0,4.2511,4.2961,0,urban,Strada I. Gh. Duca,secondary,0.7
RUTA_A,11-13,2026-04-02 13:02:19,12:47,1873,38.31,0.75,10751.4,1811.0,21.226,23.9,4.5772,4.6257,0,urban,Strada I. Gh. Duca,secondary,10.1
RUTA_A,11-13,2026-04-02 13:02:20,12:47,1874,40.5,0.345,10762.7,1875.0,13.572,12.5,2.9268,2.9579,0,urban,Strada I. Gh. Duca,secondary,2.4
RUTA_A,11-13,2026-04-02 13:02:21,12:47,1875,40.8,-0.49,10774.0,1884.0,7.508,4.5,1.619,1.6362,0,urban,Strada I. Gh. Duca,secondary,8.7
RUTA_A,11-13,2026-04-02 13:02:22,12:47,1876,36.97,-0.996,10784.3,1775.0,4.897,3.9,1.056,1.0672,0,urban,Strada I. Gh. Duca,secondary,3.4
RUTA_A,11-13,2026-04-02 13:02:23,12:47,1877,33.63,-0.858,10793.6,1532.0,3.421,3.6,0.7377,0.7456,0,urban,Strada I. Gh. Duca,secondary,5.0
RUTA_A,11-13,2026-04-02 13:02:24,12:47,1878,30.79,-0.447,10802.2,1147.0,3.155,3.9,0.6803,0.6875,0,urban,Strada I. Gh. Duca,residential,4.1
RUTA_A,11-13,2026-04-02 13:02:25,12:47,1879,30.41,0.026,10810.6,1501.0,8.838,10.7,1.9058,1.926,0,urban,Strada I. Gh. Duca,residential,6.1
RUTA_A,11-13,2026-04-02 13:02:26,12:47,1880,30.98,0.307,10819.2,2142.0,16.834,20.1,3.6302,3.6687,0,urban,Strada I. Gh. Duca,secondary,6.0
RUTA_A,11-13,2026-04-02 13:02:27,12:47,1881,32.62,0.346,10828.3,2354.0,11.369,12.1,2.4516,2.4776,0,urban,Strada I. Gh. Duca,secondary,4.6
RUTA_A,11-13,2026-04-02 13:02:28,12:47,1882,33.47,-0.292,10837.6,2476.0,6.217,5.0,1.3406,1.3548,0,urban,Strada I. Gh. Duca,secondary,8.1
RUTA_A,11-13,2026-04-02 13:02:29,12:47,1883,30.52,-0.738,10846.1,2251.0,4.57,4.3,0.9855,0.9959,0,urban,Strada I. Gh. Duca,secondary,3.6
RUTA_A,11-13,2026-04-02 13:02:30,12:47,1884,28.16,-0.569,10853.9,2068.0,4.019,4.8,0.8668,0.8759,0,urban,Strada I. Gh. Duca,secondary,4.1
RUTA_A,11-13,2026-04-02 13:02:31,12:47,1885,26.43,-0.3,10861.2,1932.0,4.638,6.6,1.0001,1.0107,0,urban,Strada I. Gh. Duca,secondary,8.2
RUTA_A,11-13,2026-04-02 13:02:32,12:47,1886,26.0,-0.059,10868.5,1907.0,6.684,8.7,1.4413,1.4565,0,urban,Strada I. Gh. Duca,secondary,1.1
RUTA_A,11-13,2026-04-02 13:02:33,12:47,1887,26.0,0.077,10875.7,1919.0,9.195,10.9,1.9828,2.0038,0,urban,Strada I. Gh. Duca,secondary,5.5
RUTA_A,11-13,2026-04-02 13:02:34,12:47,1888,26.56,0.108,10883.1,1950.0,8.347,9.5,1.7999,1.819,0,urban,Strada I. Gh. Duca,secondary,2.6
RUTA_A,11-13,2026-04-02 13:02:35,12:47,1889,26.78,-0.116,10890.5,1957.0,7.244,7.7,1.5621,1.5787,0,urban,Strada I. Gh. Duca,secondary,7.4
RUTA_A,11-13,2026-04-02 13:02:36,12:47,1890,25.72,-0.451,10897.6,1868.0,5.367,5.2,1.1575,1.1697,0,urban,Strada I. Gh. Duca,secondary,1.1
RUTA_A,11-13,2026-04-02 13:02:37,12:47,1891,23.53,-0.954,10904.2,1686.0,3.946,3.5,0.8509,0.8599,0,urban,Strada I. Gh. Duca,secondary,4.6
RUTA_A,11-13,2026-04-02 13:02:38,12:47,1892,18.85,-1.198,10909.4,1303.0,3.519,3.2,0.7589,0.7669,0,urban,Strada I. Gh. Duca,secondary,2.2
RUTA_A,11-13,2026-04-02 13:02:39,12:47,1893,14.91,-1.029,10913.5,1072.0,3.165,3.0,0.6826,0.6898,0,urban,Strada I. Gh. Duca,secondary,2.4
RUTA_A,11-13,2026-04-02 13:02:40,12:47,1894,11.45,-0.881,10916.7,942.0,2.859,2.8,0.6166,0.6232,0,urban,Strada I. Gh. Duca,secondary,4.0
RUTA_A,11-13,2026-04-02 13:02:41,12:47,1895,8.56,-0.784,10919.1,886.0,2.825,2.8,0.6092,0.6156,0,urban,Strada I. Gh. Duca,secondary,6.1
RUTA_A,11-13,2026-04-02 13:02:42,12:47,1896,5.81,-0.705,10920.7,844.0,2.827,2.8,0.6096,0.6161,0,urban,Strada I. Gh. Duca,secondary,6.2
RUTA_A,11-13,2026-04-02 13:02:43,12:47,1897,3.49,-0.583,10921.7,828.0,2.792,2.8,0.6022,0.6085,0,urban,Strada I. Gh. Duca,secondary,5.7
RUTA_A,11-13,2026-04-02 13:02:44,12:47,1898,1.61,-0.413,10922.1,814.0,2.772,2.8,0.5978,0.6041,0,urban,Strada I. Gh. Duca,secondary,5.2
RUTA_A,11-13,2026-04-02 13:02:45,12:47,1899,0.52,-0.223,10922.3,805.0,2.777,2.8,0.5989,0.6053,1,urban,Strada I. Gh. Duca,secondary,4.9
RUTA_A,11-13,2026-04-02 13:02:46,12:47,1900,0.0,-0.072,10922.3,843.0,3.008,3.9,0.6488,0.6556,1,urban,Strada I. Gh. Duca,secondary,4.8
RUTA_A,11-13,2026-04-02 13:02:47,12:47,1901,0.0,0.0,10922.3,926.0,3.441,6.1,0.742,0.7499,1,urban,Strada I. Gh. Duca,secondary,4.8
RUTA_A,11-13,2026-04-02 13:02:48,12:47,1902,0.0,0.0,10922.3,1018.0,3.499,5.2,0.7545,0.7625,1,urban,Strada I. Gh. Duca,secondary,4.8
RUTA_A,11-13,2026-04-02 13:02:49,12:47,1903,0.0,0.0,10922.3,1114.0,3.414,3.2,0.7363,0.7441,1,urban,Strada I. Gh. Duca,secondary,4.8
RUTA_A,11-13,2026-04-02 13:02:50,12:47,1904,0.0,0.0,10922.3,1003.0,3.051,2.9,0.658,0.665,1,urban,Strada I. Gh. Duca,secondary,4.8
RUTA_A,11-13,2026-04-02 13:02:51,12:47,1905,0.0,0.0,10922.3,905.0,2.762,2.8,0.5956,0.6019,1,urban,Strada I. Gh. Duca,secondary,4.8
RUTA_A,11-13,2026-04-02 13:02:52,12:47,1906,0.0,0.043,10922.3,860.0,2.671,2.8,0.576,0.5821,1,urban,Strada I. Gh. Duca,secondary,4.8
RUTA_A,11-13,2026-04-02 13:02:53,12:47,1907,0.31,0.121,10922.4,1179.0,5.088,4.9,1.0973,1.1089,1,urban,Strada I. Gh. Duca,secondary,4.8
RUTA_A,11-13,2026-04-02 13:02:54,12:47,1908,0.87,0.28,10922.6,1797.0,9.574,8.9,2.0646,2.0865,1,urban,Strada I. Gh. Duca,secondary,4.8
RUTA_A,11-13,2026-04-02 13:02:55,12:47,1909,2.33,0.429,10923.3,1563.0,7.408,7.0,1.5976,1.6145,0,urban,Strada I. Gh. Duca,secondary,4.8
RUTA_A,11-13,2026-04-02 13:02:56,12:47,1910,3.96,-0.007,10924.4,1093.0,3.423,3.5,0.7382,0.746,0,urban,Strada I. Gh. Duca,secondary,4.8
RUTA_A,11-13,2026-04-02 13:02:57,12:47,1911,2.28,-0.263,10925.0,999.0,3.103,3.3,0.6691,0.6762,0,urban,Strada I. Gh. Duca,secondary,4.8
RUTA_A,11-13,2026-04-02 13:02:58,12:47,1912,2.07,0.583,10925.6,1015.0,4.218,5.0,0.9096,0.9193,0,urban,Strada I. Gh. Duca,secondary,4.8
RUTA_A,11-13,2026-04-02 13:02:59,12:47,1913,6.48,1.416,10927.4,1373.0,9.807,12.5,2.1149,2.1373,0,urban,Strada I. Gh. Duca,secondary,4.8
RUTA_A,11-13,2026-04-02 13:03:00,12:47,1914,12.26,1.865,10930.8,1858.0,16.286,14.9,3.512,3.5492,0,urban,Strada I. Gh. Duca,secondary,1.2
RUTA_A,11-13,2026-04-02 13:03:01,12:47,1915,19.91,1.573,10936.3,2516.0,23.958,10.3,5.1664,5.2212,0,urban,Strada I. Gh. Duca,secondary,2.9
RUTA_A,11-13,2026-04-02 13:03:02,12:47,1916,23.59,0.815,10942.8,2358.0,24.571,16.5,5.2987,5.3549,0,urban,Bulevardul Mamaia,secondary,4.6
RUTA_A,11-13,2026-04-02 13:03:03,12:47,1917,25.77,1.18,10950.0,1893.0,22.521,26.8,4.8566,4.9081,0,urban,Bulevardul Mamaia,secondary,2.3
RUTA_A,11-13,2026-04-02 13:03:04,12:47,1918,32.08,1.718,10958.9,2265.0,28.405,20.7,6.1254,6.1903,0,urban,Bulevardul Mamaia,secondary,4.2
RUTA_A,11-13,2026-04-02 13:03:05,12:47,1919,38.14,0.997,10969.5,2619.0,33.563,14.7,7.2377,7.3144,0,urban,Bulevardul Mamaia,secondary,6.2
RUTA_A,11-13,2026-04-02 13:03:06,12:47,1920,39.26,0.46,10980.4,2201.0,27.57,22.4,5.9453,6.0083,0,urban,Bulevardul Mamaia,secondary,11.1
RUTA_A,11-13,2026-04-02 13:03:07,12:47,1921,41.46,0.898,10991.9,1990.0,24.144,27.7,5.2066,5.2618,0,urban,Bulevardul Mamaia,secondary,8.1
RUTA_A,11-13,2026-04-02 13:03:08,12:47,1922,45.73,0.944,11004.6,2178.0,25.682,28.3,5.5382,5.5969,0,urban,Bulevardul Mamaia,secondary,5.7
RUTA_A,11-13,2026-04-02 13:03:09,12:47,1923,48.26,0.427,11018.0,2148.0,21.136,23.5,4.5578,4.6061,0,urban,Bulevardul Mamaia,secondary,2.8
RUTA_A,11-13,2026-04-02 13:03:10,12:47,1924,48.8,0.202,11031.6,1870.0,9.673,12.6,2.086,2.1081,0,urban,Bulevardul Mamaia,secondary,3.4
RUTA_A,11-13,2026-04-02 13:03:11,12:47,1925,49.71,0.281,11045.4,1828.0,10.73,13.7,2.3139,2.3385,0,urban,Bulevardul Mamaia,secondary,4.7
RUTA_A,11-13,2026-04-02 13:03:12,12:47,1926,50.83,0.317,11059.5,1917.0,18.768,21.5,4.0473,4.0901,0,urban,Bulevardul Mamaia,secondary,5.9
RUTA_A,11-13,2026-04-02 13:03:13,12:47,1927,52.0,0.327,11074.0,1974.0,16.861,19.8,3.6359,3.6745,0,urban,Bulevardul Mamaia,secondary,10.1
RUTA_A,11-13,2026-04-02 13:03:14,12:47,1928,53.18,0.327,11088.7,2022.0,13.93,16.4,3.004,3.0359,0,urban,Bulevardul Mamaia,secondary,8.7
RUTA_A,11-13,2026-04-02 13:03:15,12:47,1929,54.35,0.178,11103.8,2058.0,15.556,13.1,3.3546,3.3901,0,urban,Bulevardul Mamaia,secondary,8.6
RUTA_A,11-13,2026-04-02 13:03:16,12:47,1930,54.47,-0.15,11119.0,2064.0,13.315,10.6,2.8714,2.9019,0,urban,Bulevardul Mamaia,secondary,7.7
RUTA_A,11-13,2026-04-02 13:03:17,12:47,1931,53.28,-0.265,11133.8,2035.0,6.35,9.0,1.3693,1.3838,0,urban,Bulevardul Mamaia,secondary,5.1
RUTA_A,11-13,2026-04-02 13:03:18,12:47,1932,52.56,-0.176,11148.4,2001.0,6.96,9.7,1.5009,1.5168,0,urban,Bulevardul Mamaia,secondary,10.6
RUTA_A,11-13,2026-04-02 13:03:19,12:47,1933,52.01,-0.001,11162.8,1968.0,9.907,11.1,2.1364,2.1591,0,urban,Bulevardul Mamaia,secondary,4.8
RUTA_A,11-13,2026-04-02 13:03:20,12:47,1934,52.55,0.189,11177.4,1983.0,13.869,16.4,2.9909,3.0226,0,urban,Bulevardul Mamaia,secondary,10.0
RUTA_A,11-13,2026-04-02 13:03:21,12:47,1935,53.37,0.412,11192.2,2009.0,17.698,21.2,3.8165,3.8569,0,urban,Bulevardul Mamaia,secondary,5.8
RUTA_A,11-13,2026-04-02 13:03:22,12:47,1936,55.52,0.528,11207.7,2086.0,20.883,23.7,4.5032,4.551,0,urban,Bulevardul Mamaia,secondary,6.4
RUTA_A,11-13,2026-04-02 13:03:23,12:47,1937,57.17,0.308,11223.5,2146.0,21.239,23.4,4.5801,4.6286,0,urban,Bulevardul Mamaia,residential,11.3
RUTA_A,11-13,2026-04-02 13:03:24,12:47,1938,57.73,0.115,11239.6,2170.0,15.299,16.6,3.2992,3.3342,0,urban,Bulevardul Mamaia,residential,6.7
RUTA_A,11-13,2026-04-02 13:03:25,12:47,1939,58.0,0.037,11255.7,2179.0,12.366,13.3,2.6667,2.695,0,urban,Bulevardul Mamaia,secondary,6.3
RUTA_A,11-13,2026-04-02 13:03:26,12:47,1940,58.0,-0.2,11271.8,2176.0,12.186,13.3,2.628,2.6558,0,urban,Bulevardul Mamaia,secondary,5.5
RUTA_A,11-13,2026-04-02 13:03:27,12:47,1941,56.56,-0.452,11287.5,2145.0,8.339,9.0,1.7983,1.8173,0,urban,Bulevardul Mamaia,secondary,10.0
RUTA_A,11-13,2026-04-02 13:03:28,12:47,1942,54.75,-0.714,11302.7,2070.0,4.149,4.3,0.8948,0.9043,0,urban,Bulevardul Mamaia,secondary,10.1
RUTA_A,11-13,2026-04-02 13:03:29,12:47,1943,51.42,-1.013,11317.0,1512.0,3.484,3.8,0.7514,0.7593,0,urban,Bulevardul Mamaia,secondary,6.1
RUTA_A,11-13,2026-04-02 13:03:30,12:47,1944,47.45,-1.343,11330.2,1082.0,3.002,3.5,0.6473,0.6541,0,urban,Bulevardul Mamaia,secondary,12.4
RUTA_A,11-13,2026-04-02 13:03:31,12:47,1945,41.75,-1.458,11341.8,992.0,3.007,3.2,0.6485,0.6554,0,urban,Bulevardul Mamaia,secondary,9.5
RUTA_A,11-13,2026-04-02 13:03:32,12:47,1946,36.95,-1.216,11352.1,924.0,2.96,3.0,0.6384,0.6451,0,urban,Bulevardul Mamaia,secondary,5.8
RUTA_A,11-13,2026-04-02 13:03:33,12:47,1947,33.0,-1.256,11361.2,875.0,2.864,2.8,0.6177,0.6242,0,urban,Bulevardul Mamaia,secondary,8.7
RUTA_A,11-13,2026-04-02 13:03:34,12:47,1948,27.91,-1.467,11369.0,843.0,2.799,2.8,0.6036,0.61,0,urban,Bulevardul Mamaia,residential,8.3
RUTA_A,11-13,2026-04-02 13:03:35,12:47,1949,22.44,-1.456,11375.2,817.0,2.744,2.8,0.5918,0.5981,0,urban,Bulevardul Mamaia,residential,12.0
RUTA_A,11-13,2026-04-02 13:03:36,12:47,1950,17.43,-1.388,11380.0,801.0,2.73,2.8,0.5887,0.5949,0,urban,Bulevardul Mamaia,secondary,11.6
RUTA_A,11-13,2026-04-02 13:03:37,12:47,1951,12.44,-1.4,11383.5,788.0,2.722,2.8,0.5871,0.5933,0,urban,Bulevardul Mamaia,secondary,9.0
RUTA_A,11-13,2026-04-02 13:03:38,12:47,1952,7.35,-1.284,11385.5,789.0,2.745,2.8,0.592,0.5982,0,urban,Bulevardul Mamaia,secondary,8.8
RUTA_A,11-13,2026-04-02 13:03:39,12:47,1953,3.2,-0.901,11386.4,788.0,2.758,2.8,0.5948,0.6011,0,urban,Bulevardul Mamaia,secondary,8.7
RUTA_A,11-13,2026-04-02 13:03:40,12:47,1954,0.86,-0.444,11386.7,782.0,2.752,2.8,0.5935,0.5998,1,urban,Bulevardul Mamaia,secondary,8.4
RUTA_A,11-13,2026-04-02 13:03:41,12:47,1955,0.0,-0.119,11386.7,786.0,2.768,2.8,0.5968,0.6031,1,urban,Bulevardul Mamaia,secondary,8.2
RUTA_A,11-13,2026-04-02 13:03:42,12:47,1956,0.0,0.0,11386.7,795.0,2.795,2.8,0.6028,0.6092,1,urban,Bulevardul Mamaia,secondary,8.1
RUTA_A,11-13,2026-04-02 13:03:43,12:47,1957,0.0,0.0,11386.7,791.0,2.764,2.8,0.596,0.6023,1,urban,Bulevardul Mamaia,secondary,8.0
RUTA_A,11-13,2026-04-02 13:03:44,12:47,1958,0.0,0.0,11386.7,785.0,2.72,2.8,0.5866,0.5928,1,urban,Bulevardul Mamaia,secondary,8.0
RUTA_A,11-13,2026-04-02 13:03:45,12:47,1959,0.0,0.0,11386.7,783.0,2.714,2.8,0.5853,0.5915,1,urban,Bulevardul Mamaia,secondary,8.0
RUTA_A,11-13,2026-04-02 13:03:46,12:47,1960,0.0,0.0,11386.7,783.0,2.715,2.8,0.5854,0.5917,1,urban,Bulevardul Mamaia,secondary,8.0
RUTA_A,11-13,2026-04-02 13:03:47,12:47,1961,0.0,0.0,11386.7,789.0,2.736,2.8,0.5901,0.5963,1,urban,Bulevardul Mamaia,secondary,8.0
RUTA_A,11-13,2026-04-02 13:03:48,12:47,1962,0.0,0.0,11386.7,794.0,2.742,2.8,0.5913,0.5975,1,urban,Bulevardul Mamaia,secondary,8.0
RUTA_A,11-13,2026-04-02 13:03:49,12:47,1963,0.0,0.0,11386.7,799.0,2.72,2.8,0.5865,0.5927,1,urban,Bulevardul Mamaia,secondary,8.0
RUTA_A,11-13,2026-04-02 13:03:50,12:47,1964,0.0,0.0,11386.7,794.0,2.703,2.8,0.5829,0.5891,1,urban,Bulevardul Mamaia,secondary,8.0
RUTA_A,11-13,2026-04-02 13:03:51,12:47,1965,0.0,0.0,11386.7,781.0,2.69,2.8,0.5802,0.5863,1,urban,Bulevardul Mamaia,secondary,8.0
RUTA_A,11-13,2026-04-02 13:03:52,12:47,1966,0.0,0.0,11386.7,785.0,2.702,2.8,0.5826,0.5888,1,urban,Bulevardul Mamaia,secondary,8.0
RUTA_A,11-13,2026-04-02 13:03:53,12:47,1967,0.0,0.0,11386.7,788.0,2.703,2.8,0.5828,0.589,1,urban,Bulevardul Mamaia,secondary,8.0
RUTA_A,11-13,2026-04-02 13:03:54,12:47,1968,0.0,0.0,11386.7,788.0,2.68,2.8,0.5779,0.584,1,urban,Bulevardul Mamaia,secondary,8.0
RUTA_A,11-13,2026-04-02 13:03:55,12:47,1969,0.0,0.0,11386.7,1016.0,3.756,4.5,0.81,0.8186,1,urban,Bulevardul Mamaia,secondary,8.0
RUTA_A,11-13,2026-04-02 13:03:56,12:47,1970,0.0,0.0,11386.7,1414.0,5.659,7.7,1.2203,1.2332,1,urban,Bulevardul Mamaia,secondary,8.0
RUTA_A,11-13,2026-04-02 13:03:57,12:47,1971,0.0,0.0,11386.7,1341.0,5.018,6.4,1.082,1.0935,1,urban,Bulevardul Mamaia,secondary,8.0
RUTA_A,11-13,2026-04-02 13:03:58,12:47,1972,0.0,0.557,11386.7,1072.0,3.312,3.3,0.7142,0.7218,1,urban,Bulevardul Mamaia,secondary,8.0
RUTA_A,11-13,2026-04-02 13:03:59,12:47,1973,4.01,1.182,11387.8,1221.0,7.032,8.6,1.5164,1.5325,0,urban,Bulevardul Mamaia,secondary,8.0
RUTA_A,11-13,2026-04-02 13:04:00,12:47,1974,8.51,1.809,11390.1,1431.0,11.35,14.0,2.4477,2.4736,0,urban,Bulevardul Mamaia,secondary,7.8
RUTA_A,11-13,2026-04-02 13:04:01,12:47,1975,17.03,2.125,11394.9,2238.0,20.191,11.3,4.3542,4.4003,0,urban,Bulevardul Mamaia,secondary,8.8
RUTA_A,11-13,2026-04-02 13:04:02,12:47,1976,23.81,1.317,11401.5,2664.0,25.974,12.6,5.6012,5.6606,0,urban,Bulevardul Mamaia,secondary,9.8
RUTA_A,11-13,2026-04-02 13:04:03,12:47,1977,26.52,0.862,11408.9,2201.0,24.621,23.2,5.3095,5.3658,0,urban,Bulevardul Mamaia,secondary,8.0
RUTA_A,11-13,2026-04-02 13:04:04,12:47,1978,30.02,1.107,11417.2,2065.0,19.976,23.1,4.3077,4.3533,0,urban,Bulevardul Mamaia,secondary,6.3
RUTA_A,11-13,2026-04-02 13:04:05,12:47,1979,34.49,0.778,11426.8,2327.0,11.338,9.9,2.445,2.4709,0,urban,Bulevardul Mamaia,secondary,11.6
RUTA_A,11-13,2026-04-02 13:04:06,12:47,1980,35.62,0.078,11436.7,2146.0,10.212,9.4,2.2022,2.2255,0,urban,Bulevardul Mamaia,secondary,5.4
RUTA_A,11-13,2026-04-02 13:04:07,12:47,1981,35.05,-0.014,11446.4,1738.0,12.938,15.2,2.7901,2.8197,0,urban,Bulevardul Mamaia,secondary,8.7
RUTA_A,11-13,2026-04-02 13:04:08,12:47,1982,35.52,0.182,11456.3,1690.0,8.475,10.4,1.8275,1.8469,0,urban,Bulevardul Mamaia,secondary,7.0
RUTA_A,11-13,2026-04-02 13:04:09,12:47,1983,36.36,0.419,11466.4,1693.0,5.804,7.1,1.2516,1.2649,0,urban,Bulevardul Mamaia,secondary,5.7
RUTA_A,11-13,2026-04-02 13:04:10,12:47,1984,38.54,0.455,11477.1,1790.0,15.586,16.9,3.3611,3.3967,0,urban,Bulevardul Mamaia,secondary,6.3
RUTA_A,11-13,2026-04-02 13:04:11,12:47,1985,39.63,-0.002,11488.1,1762.0,18.745,19.9,4.0423,4.0851,0,urban,Bulevardul Mamaia,secondary,11.2
RUTA_A,11-13,2026-04-02 13:04:12,12:47,1986,38.53,-0.665,11498.8,1484.0,8.457,8.8,1.8236,1.843,0,urban,Bulevardul Mamaia,secondary,8.7
RUTA_A,11-13,2026-04-02 13:04:13,12:47,1987,34.85,-1.344,11508.5,1269.0,3.347,3.3,0.7217,0.7293,0,urban,Bulevardul Mamaia,secondary,5.7
RUTA_A,11-13,2026-04-02 13:04:14,12:47,1988,28.85,-1.017,11516.5,1111.0,2.903,2.8,0.626,0.6327,0,urban,Bulevardul Mamaia,secondary,4.9
RUTA_A,11-13,2026-04-02 13:04:15,12:47,1989,27.52,-0.241,11524.1,1187.0,6.198,7.6,1.3366,1.3508,0,urban,Bulevardul Mamaia,secondary,6.2
RUTA_A,11-13,2026-04-02 13:04:16,12:47,1990,27.11,0.179,11531.7,1287.0,9.945,12.7,2.1446,2.1674,0,urban,Bulevardul Mamaia,secondary,7.8
RUTA_A,11-13,2026-04-02 13:04:17,12:47,1991,28.81,0.401,11539.7,1184.0,11.365,9.9,2.4508,2.4767,0,urban,Bulevardul Mamaia,secondary,3.0
RUTA_A,11-13,2026-04-02 13:04:18,12:47,1992,30.0,0.165,11548.0,1115.0,10.868,7.1,2.3435,2.3684,0,urban,Bulevardul Mamaia,secondary,9.7
RUTA_A,11-13,2026-04-02 13:04:19,12:47,1993,30.0,-0.12,11556.3,1123.0,5.876,4.7,1.2671,1.2806,0,urban,Bulevardul Mamaia,secondary,14.3
RUTA_A,11-13,2026-04-02 13:04:20,12:47,1994,29.14,-0.351,11564.4,1103.0,3.313,3.3,0.7144,0.722,0,urban,Bulevardul Mamaia,residential,9.2
RUTA_A,11-13,2026-04-02 13:04:21,12:47,1995,27.48,-0.351,11572.1,1058.0,2.992,2.9,0.6452,0.652,0,urban,Bulevardul Mamaia,residential,0.8
RUTA_A,11-13,2026-04-02 13:04:22,12:47,1996,26.61,-0.197,11579.4,991.0,2.9,5.7,0.6254,0.632,0,urban,Bulevardul Mamaia,residential,7.6
RUTA_A,11-13,2026-04-02 13:04:23,12:47,1997,26.06,0.131,11586.7,915.0,2.9,9.8,0.6254,0.632,0,urban,Bulevardul Mamaia,secondary,13.1
RUTA_A,11-13,2026-04-02 13:04:24,12:47,1998,27.55,0.463,11594.3,1163.0,8.847,14.2,1.9078,1.928,0,urban,Bulevardul Mamaia,secondary,14.0
RUTA_A,11-13,2026-04-02 13:04:25,12:47,1999,29.4,0.591,11602.5,1419.0,14.044,17.5,3.0284,3.0605,0,urban,Bulevardul Mamaia,secondary,5.3
RUTA_A,11-13,2026-04-02 13:04:26,12:47,2000,31.8,0.626,11611.3,1522.0,11.748,13.9,2.5335,2.5603,0,urban,Bulevardul Mamaia,secondary,2.0
RUTA_A,11-13,2026-04-02 13:04:27,12:47,2001,33.9,0.541,11620.8,1613.0,11.084,11.8,2.3901,2.4154,0,urban,Bulevardul Mamaia,secondary,4.5
RUTA_A,11-13,2026-04-02 13:04:28,12:47,2002,35.7,0.291,11630.7,1693.0,12.023,11.1,2.5927,2.6202,0,urban,Bulevardul Mamaia,secondary,6.9
RUTA_A,11-13,2026-04-02 13:04:29,12:47,2003,36.0,0.005,11640.7,1728.0,8.171,7.5,1.7619,1.7806,0,urban,Bulevardul Mamaia,secondary,7.2
RUTA_A,11-13,2026-04-02 13:04:30,12:47,2004,35.73,-0.348,11650.6,1705.0,3.871,3.9,0.8347,0.8436,0,urban,Bulevardul Mamaia,secondary,6.6
RUTA_A,11-13,2026-04-02 13:04:31,12:47,2005,33.5,-0.823,11659.9,1325.0,3.373,3.4,0.7274,0.7351,0,urban,Bulevardul Mamaia,secondary,5.7
RUTA_A,11-13,2026-04-02 13:04:32,12:47,2006,29.81,-1.432,11668.2,1034.0,2.989,3.1,0.6445,0.6514,0,urban,Bulevardul Mamaia,secondary,9.6
RUTA_A,11-13,2026-04-02 13:04:33,12:47,2007,23.19,-1.695,11674.6,923.0,2.834,2.9,0.6112,0.6177,0,urban,Bulevardul Mamaia,secondary,16.7
RUTA_A,11-13,2026-04-02 13:04:34,12:47,2008,17.6,-1.416,11679.5,853.0,2.739,2.8,0.5907,0.5969,0,urban,Strada General Manu,residential,14.5
RUTA_A,11-13,2026-04-02 13:04:35,12:47,2009,12.99,-1.295,11683.1,821.0,2.699,2.8,0.582,0.5881,0,urban,Strada General Manu,residential,10.6
RUTA_A,11-13,2026-04-02 13:04:36,12:47,2010,8.28,-1.256,11685.4,810.0,2.699,2.8,0.5821,0.5883,0,urban,Strada General Manu,residential,8.5
RUTA_A,11-13,2026-04-02 13:04:37,12:47,2011,3.94,-0.684,11686.5,803.0,2.706,2.8,0.5836,0.5897,0,urban,Strada General Manu,residential,7.1
RUTA_A,11-13,2026-04-02 13:04:38,12:47,2012,3.36,-0.194,11687.5,789.0,2.665,2.8,0.5747,0.5808,0,urban,Strada General Manu,residential,6.9
RUTA_A,11-13,2026-04-02 13:04:39,12:47,2013,2.55,-0.271,11688.2,781.0,2.647,2.8,0.5708,0.5768,0,urban,Strada General Manu,residential,6.6
RUTA_A,11-13,2026-04-02 13:04:40,12:47,2014,1.41,-0.264,11688.6,784.0,2.664,2.8,0.5745,0.5805,0,urban,Strada General Manu,residential,6.3
RUTA_A,11-13,2026-04-02 13:04:41,12:47,2015,0.65,-0.182,11688.7,785.0,2.659,2.8,0.5735,0.5796,1,urban,Strada General Manu,residential,6.2
RUTA_A,11-13,2026-04-02 13:04:42,12:47,2016,0.09,-0.09,11688.8,785.0,2.643,2.8,0.5699,0.576,1,urban,Strada General Manu,residential,6.2
RUTA_A,11-13,2026-04-02 13:04:43,12:47,2017,0.0,-0.013,11688.8,794.0,2.748,2.8,0.5926,0.5988,1,urban,Strada General Manu,residential,6.2
RUTA_A,11-13,2026-04-02 13:04:44,12:47,2018,0.0,0.384,11688.8,804.0,2.878,2.8,0.6206,0.6271,1,urban,Strada General Manu,residential,6.2
RUTA_A,11-13,2026-04-02 13:04:45,12:47,2019,2.76,0.843,11689.5,1097.0,5.664,5.3,1.2213,1.2343,0,urban,Strada General Manu,residential,6.2
RUTA_A,11-13,2026-04-02 13:04:46,12:47,2020,6.07,1.187,11691.2,1382.0,8.665,8.5,1.8685,1.8883,0,urban,Strada General Manu,residential,5.8
RUTA_A,11-13,2026-04-02 13:04:47,12:47,2021,11.31,1.337,11694.3,1621.0,12.314,13.5,2.6555,2.6836,0,urban,Strada General Manu,residential,5.0
RUTA_A,11-13,2026-04-02 13:04:48,12:47,2022,15.7,1.094,11698.7,1808.0,11.783,13.2,2.5409,2.5678,0,urban,Strada General Manu,residential,7.8
RUTA_A,11-13,2026-04-02 13:04:49,12:47,2023,19.18,0.725,11704.0,1940.0,6.829,7.3,1.4727,1.4883,0,urban,Bulevardul Mamaia,secondary,8.0
RUTA_A,11-13,2026-04-02 13:04:50,12:47,2024,20.91,0.398,11709.8,1787.0,6.29,6.6,1.3564,1.3708,0,urban,Bulevardul Mamaia,secondary,5.0
RUTA_A,11-13,2026-04-02 13:04:51,12:47,2025,22.05,0.239,11716.0,1572.0,7.132,7.6,1.5379,1.5542,0,urban,Bulevardul Mamaia,secondary,7.9
RUTA_A,11-13,2026-04-02 13:04:52,12:47,2026,22.64,0.102,11722.3,1631.0,8.314,8.9,1.793,1.812,0,urban,Bulevardul Mamaia,secondary,8.2
RUTA_A,11-13,2026-04-02 13:04:53,12:47,2027,22.79,-0.057,11728.6,1651.0,8.249,9.7,1.779,1.7978,0,urban,Bulevardul Mamaia,secondary,10.6
RUTA_A,11-13,2026-04-02 13:04:54,12:47,2028,22.23,0.031,11734.8,1605.0,6.131,9.5,1.3222,1.3362,0,urban,Bulevardul Mamaia,secondary,6.6
RUTA_A,11-13,2026-04-02 13:04:55,12:47,2029,23.01,0.344,11741.2,1655.0,6.565,8.6,1.4157,1.4307,0,urban,Bulevardul Mamaia,secondary,5.4
RUTA_A,11-13,2026-04-02 13:04:56,12:47,2030,24.7,0.141,11748.0,1768.0,8.714,7.3,1.8791,1.899,0,urban,Bulevardul Mamaia,secondary,10.3
RUTA_A,11-13,2026-04-02 13:04:57,12:47,2031,24.03,-0.297,11754.7,1471.0,6.317,5.1,1.3623,1.3767,0,urban,Bulevardul Mamaia,secondary,13.0
RUTA_A,11-13,2026-04-02 13:04:58,12:47,2032,22.57,-0.656,11761.0,1122.0,3.363,3.1,0.7251,0.7328,0,urban,Bulevardul Mamaia,secondary,6.4
RUTA_A,11-13,2026-04-02 13:04:59,12:47,2033,19.3,-0.895,11766.3,1011.0,3.079,2.9,0.6641,0.6711,0,urban,Bulevardul Mamaia,secondary,4.3
RUTA_A,11-13,2026-04-02 13:05:00,12:47,2034,16.13,-0.851,11770.8,919.0,2.854,2.8,0.6154,0.6219,0,urban,Bulevardul Mamaia,secondary,6.0
RUTA_A,11-13,2026-04-02 13:05:01,12:47,2035,13.17,-0.671,11774.5,868.0,2.765,2.8,0.5963,0.6026,0,urban,Bulevardul Mamaia,secondary,7.4
RUTA_A,11-13,2026-04-02 13:05:02,12:47,2036,11.3,-0.422,11777.6,833.0,2.709,2.8,0.5842,0.5904,0,urban,Bulevardul Mamaia,secondary,9.6
RUTA_A,11-13,2026-04-02 13:05:03,12:47,2037,10.13,-0.321,11780.4,808.0,2.674,2.8,0.5766,0.5828,0,urban,Bulevardul Mamaia,secondary,9.9
RUTA_A,11-13,2026-04-02 13:05:04,12:47,2038,8.99,-0.338,11782.9,808.0,2.68,2.8,0.578,0.5841,0,urban,Bulevardul Mamaia,secondary,7.3
RUTA_A,11-13,2026-04-02 13:05:05,12:47,2039,7.7,-0.487,11785.0,809.0,2.688,2.8,0.5796,0.5857,0,urban,Bulevardul Mamaia,secondary,5.2
RUTA_A,11-13,2026-04-02 13:05:06,12:47,2040,5.48,-0.54,11786.6,799.0,2.671,2.8,0.576,0.5821,0,urban,Bulevardul Mamaia,secondary,4.6
RUTA_A,11-13,2026-04-02 13:05:07,12:47,2041,3.82,-0.308,11787.6,792.0,2.66,2.8,0.5736,0.5797,0,urban,Bulevardul Mamaia,secondary,4.1
RUTA_A,11-13,2026-04-02 13:05:08,12:47,2042,3.26,-0.24,11788.5,792.0,2.66,2.8,0.5736,0.5797,0,urban,Bulevardul Mamaia,secondary,3.8
RUTA_A,11-13,2026-04-02 13:05:09,12:47,2043,2.09,-0.403,11789.1,793.0,2.663,2.8,0.5743,0.5804,0,urban,Bulevardul Mamaia,secondary,4.0
RUTA_A,11-13,2026-04-02 13:05:10,12:47,2044,0.36,-0.29,11789.2,793.0,2.669,2.8,0.5755,0.5816,1,urban,Bulevardul Mamaia,secondary,4.3
RUTA_A,11-13,2026-04-02 13:05:11,12:47,2045,0.0,-0.05,11789.2,794.0,2.679,2.8,0.5777,0.5838,1,urban,Bulevardul Mamaia,secondary,4.4
RUTA_A,11-13,2026-04-02 13:05:12,12:47,2046,0.0,0.0,11789.2,795.0,2.69,2.8,0.5801,0.5862,1,urban,Bulevardul Mamaia,secondary,4.4
RUTA_A,11-13,2026-04-02 13:05:13,12:47,2047,0.0,0.0,11789.2,796.0,2.662,2.8,0.574,0.5801,1,urban,Bulevardul Mamaia,secondary,4.4
RUTA_A,11-13,2026-04-02 13:05:14,12:47,2048,0.0,0.0,11789.2,796.0,2.633,2.8,0.5678,0.5738,1,urban,Bulevardul Mamaia,secondary,4.4
RUTA_A,11-13,2026-04-02 13:05:15,12:47,2049,0.0,0.0,11789.2,792.0,2.603,2.8,0.5614,0.5674,1,urban,Bulevardul Mamaia,secondary,4.4
RUTA_A,11-13,2026-04-02 13:05:16,12:47,2050,0.0,0.0,11789.2,790.0,2.578,2.8,0.5559,0.5618,1,urban,Bulevardul Mamaia,secondary,4.4
RUTA_A,11-13,2026-04-02 13:05:17,12:47,2051,0.0,0.0,11789.2,788.0,2.556,2.8,0.5511,0.5569,1,urban,Bulevardul Mamaia,secondary,4.4
RUTA_A,11-13,2026-04-02 13:05:18,12:47,2052,0.0,0.0,11789.2,790.0,2.563,2.8,0.5528,0.5586,1,urban,Bulevardul Mamaia,secondary,4.4
RUTA_A,11-13,2026-04-02 13:05:19,12:47,2053,0.0,0.0,11789.2,794.0,2.58,2.8,0.5564,0.5623,1,urban,Bulevardul Mamaia,secondary,4.4
RUTA_A,11-13,2026-04-02 13:05:20,12:47,2054,0.0,0.0,11789.2,789.0,2.586,2.8,0.5576,0.5635,1,urban,Bulevardul Mamaia,secondary,4.4
RUTA_A,11-13,2026-04-02 13:05:21,12:47,2055,0.0,0.0,11789.2,783.0,2.603,2.7,0.5613,0.5672,1,urban,Bulevardul Mamaia,secondary,4.4
RUTA_A,11-13,2026-04-02 13:05:22,12:47,2056,0.0,0.0,11789.2,777.0,2.654,2.5,0.5724,0.5785,1,urban,Bulevardul Mamaia,secondary,4.4
RUTA_A,11-13,2026-04-02 13:05:23,12:47,2057,0.0,0.0,11789.2,868.0,3.019,2.7,0.6511,0.658,1,urban,Bulevardul Mamaia,secondary,4.4
RUTA_A,11-13,2026-04-02 13:05:24,12:47,2058,0.0,0.0,11789.2,1056.0,3.696,3.4,0.797,0.8055,1,urban,Bulevardul Mamaia,secondary,4.4
RUTA_A,11-13,2026-04-02 13:05:25,12:47,2059,0.0,0.0,11789.2,1028.0,3.494,3.9,0.7534,0.7614,1,urban,Bulevardul Mamaia,secondary,4.4
RUTA_A,11-13,2026-04-02 13:05:26,12:47,2060,0.0,0.0,11789.2,936.0,3.041,4.3,0.6558,0.6628,1,urban,Bulevardul Mamaia,secondary,4.4
RUTA_A,11-13,2026-04-02 13:05:27,12:47,2061,0.0,0.0,11789.2,1002.0,3.371,4.1,0.727,0.7347,1,urban,Bulevardul Mamaia,secondary,4.4
RUTA_A,11-13,2026-04-02 13:05:28,12:47,2062,0.0,0.0,11789.2,1024.0,3.494,3.8,0.7536,0.7616,1,urban,Bulevardul Mamaia,secondary,4.4
RUTA_A,11-13,2026-04-02 13:05:29,12:47,2063,0.0,0.0,11789.2,948.0,3.151,3.3,0.6795,0.6867,1,urban,Bulevardul Mamaia,secondary,4.4
RUTA_A,11-13,2026-04-02 13:05:30,12:47,2064,0.0,0.0,11789.2,898.0,2.923,3.0,0.6303,0.637,1,urban,Bulevardul Mamaia,secondary,4.4
RUTA_A,11-13,2026-04-02 13:05:31,12:47,2065,0.0,0.0,11789.2,872.0,2.797,2.8,0.6032,0.6096,1,urban,Bulevardul Mamaia,secondary,4.4
RUTA_A,11-13,2026-04-02 13:05:32,12:47,2066,0.0,0.0,11789.2,856.0,2.766,2.8,0.5964,0.6028,1,urban,Bulevardul Mamaia,secondary,4.4
RUTA_A,11-13,2026-04-02 13:05:33,12:47,2067,0.0,0.0,11789.2,843.0,2.761,2.8,0.5953,0.6016,1,urban,Bulevardul Mamaia,secondary,4.4
RUTA_A,11-13,2026-04-02 13:05:34,12:47,2068,0.0,0.0,11789.2,827.0,2.726,2.8,0.5878,0.594,1,urban,Bulevardul Mamaia,secondary,4.4
RUTA_A,11-13,2026-04-02 13:05:35,12:47,2069,0.0,0.0,11789.2,813.0,2.693,2.8,0.5807,0.5869,1,urban,Bulevardul Mamaia,secondary,4.4
RUTA_A,11-13,2026-04-02 13:05:36,12:47,2070,0.0,0.0,11789.2,813.0,2.734,2.8,0.5895,0.5958,1,urban,Bulevardul Mamaia,secondary,4.4
RUTA_A,11-13,2026-04-02 13:05:37,12:47,2071,0.0,0.0,11789.2,810.0,2.745,2.8,0.5919,0.5982,1,urban,Bulevardul Mamaia,secondary,4.4
RUTA_A,11-13,2026-04-02 13:05:38,12:47,2072,0.0,0.0,11789.2,801.0,2.702,2.8,0.5827,0.5889,1,urban,Bulevardul Mamaia,secondary,4.4
RUTA_A,11-13,2026-04-02 13:05:39,12:47,2073,0.0,0.0,11789.2,799.0,2.686,2.8,0.5792,0.5853,1,urban,Bulevardul Mamaia,secondary,4.4
RUTA_A,11-13,2026-04-02 13:05:40,12:47,2074,0.0,0.0,11789.2,800.0,2.68,2.8,0.578,0.5841,1,urban,Bulevardul Mamaia,secondary,4.4
RUTA_A,11-13,2026-04-02 13:05:41,12:47,2075,0.0,0.0,11789.2,806.0,2.692,2.8,0.5804,0.5866,1,urban,Bulevardul Mamaia,secondary,4.4
RUTA_A,11-13,2026-04-02 13:05:42,12:47,2076,0.0,0.0,11789.2,808.0,2.7,2.8,0.5822,0.5884,1,urban,Bulevardul Mamaia,secondary,4.4
RUTA_A,11-13,2026-04-02 13:05:43,12:47,2077,0.0,0.0,11789.2,803.0,2.7,2.8,0.5822,0.5884,1,urban,Bulevardul Mamaia,secondary,4.4
RUTA_A,11-13,2026-04-02 13:05:44,12:47,2078,0.0,0.0,11789.2,799.0,2.688,2.8,0.5796,0.5857,1,urban,Bulevardul Mamaia,secondary,4.4
RUTA_A,11-13,2026-04-02 13:05:45,12:47,2079,0.0,0.0,11789.2,797.0,2.665,2.8,0.5746,0.5807,1,urban,Bulevardul Mamaia,secondary,4.4
RUTA_A,11-13,2026-04-02 13:05:46,12:47,2080,0.0,0.0,11789.2,797.0,2.656,2.8,0.5727,0.5787,1,urban,Bulevardul Mamaia,secondary,4.4
RUTA_A,11-13,2026-04-02 13:05:47,12:47,2081,0.0,0.0,11789.2,799.0,2.65,2.8,0.5715,0.5776,1,urban,Bulevardul Mamaia,secondary,4.4
RUTA_A,11-13,2026-04-02 13:05:48,12:47,2082,0.0,0.0,11789.2,803.0,2.639,2.8,0.5692,0.5752,1,urban,Bulevardul Mamaia,secondary,4.4
RUTA_A,11-13,2026-04-02 13:05:49,12:47,2083,0.0,0.0,11789.2,805.0,2.633,2.8,0.5679,0.5739,1,urban,Bulevardul Mamaia,secondary,4.4
RUTA_A,11-13,2026-04-02 13:05:50,12:47,2084,0.0,0.0,11789.2,801.0,2.656,2.8,0.5728,0.5789,1,urban,Bulevardul Mamaia,secondary,4.4
RUTA_A,11-13,2026-04-02 13:05:51,12:47,2085,0.0,0.0,11789.2,800.0,2.665,2.8,0.5748,0.5809,1,urban,Bulevardul Mamaia,secondary,4.4
RUTA_A,11-13,2026-04-02 13:05:52,12:47,2086,0.0,0.0,11789.2,804.0,2.654,2.8,0.5722,0.5783,1,urban,Bulevardul Mamaia,secondary,4.4
RUTA_A,11-13,2026-04-02 13:05:53,12:47,2087,0.0,0.0,11789.2,803.0,2.646,2.8,0.5706,0.5766,1,urban,Bulevardul Mamaia,secondary,4.4
RUTA_A,11-13,2026-04-02 13:05:54,12:47,2088,0.0,0.0,11789.2,799.0,2.64,2.8,0.5694,0.5754,1,urban,Bulevardul Mamaia,secondary,4.4
RUTA_A,11-13,2026-04-02 13:05:55,12:47,2089,0.0,0.0,11789.2,794.0,2.644,2.8,0.5703,0.5763,1,urban,Bulevardul Mamaia,secondary,4.4
RUTA_A,11-13,2026-04-02 13:05:56,12:47,2090,0.0,0.0,11789.2,789.0,2.649,2.8,0.5712,0.5773,1,urban,Bulevardul Mamaia,secondary,4.4
RUTA_A,11-13,2026-04-02 13:05:57,12:47,2091,0.0,0.0,11789.2,786.0,2.634,2.8,0.5681,0.5741,1,urban,Bulevardul Mamaia,secondary,4.4
RUTA_A,11-13,2026-04-02 13:05:58,12:47,2092,0.0,0.0,11789.2,785.0,2.615,2.8,0.5638,0.5698,1,urban,Bulevardul Mamaia,secondary,4.4
RUTA_A,11-13,2026-04-02 13:05:59,12:47,2093,0.0,0.0,11789.2,785.0,2.598,2.8,0.5602,0.5662,1,urban,Bulevardul Mamaia,secondary,4.4
RUTA_A,11-13,2026-04-02 13:06:00,12:47,2094,0.0,0.0,11789.2,790.0,2.59,2.8,0.5585,0.5645,1,urban,Bulevardul Mamaia,secondary,4.4
RUTA_A,11-13,2026-04-02 13:06:01,12:47,2095,0.0,0.0,11789.2,794.0,2.582,2.8,0.5568,0.5627,1,urban,Bulevardul Mamaia,secondary,4.4
RUTA_A,11-13,2026-04-02 13:06:02,12:47,2096,0.0,0.0,11789.2,796.0,2.588,2.8,0.5582,0.5641,1,urban,Bulevardul Mamaia,secondary,4.4
RUTA_A,11-13,2026-04-02 13:06:03,12:47,2097,0.0,0.071,11789.2,798.0,2.6,2.8,0.5607,0.5666,1,urban,Bulevardul Mamaia,secondary,4.4
RUTA_A,11-13,2026-04-02 13:06:04,12:47,2098,0.51,0.538,11789.4,829.0,3.026,3.2,0.6526,0.6596,1,urban,Bulevardul Mamaia,secondary,4.4
RUTA_A,11-13,2026-04-02 13:06:05,12:47,2099,3.87,0.934,11790.4,1029.0,5.784,6.0,1.2474,1.2606,0,urban,Bulevardul Mamaia,secondary,5.2
RUTA_A,11-13,2026-04-02 13:06:06,12:47,2100,7.23,0.99,11792.4,1229.0,8.542,8.7,1.8421,1.8616,0,urban,Bulevardul Mamaia,secondary,6.4
RUTA_A,11-13,2026-04-02 13:06:07,12:47,2101,11.0,1.107,11795.5,1314.0,10.516,10.5,2.2677,2.2918,0,urban,Bulevardul Mamaia,secondary,5.9
RUTA_A,11-13,2026-04-02 13:06:08,12:47,2102,15.2,1.103,11799.7,1272.0,11.624,11.0,2.5066,2.5331,0,urban,Bulevardul Mamaia,secondary,7.1
RUTA_A,11-13,2026-04-02 13:06:09,12:47,2103,18.94,0.907,11805.0,1319.0,12.289,12.2,2.65,2.6781,0,urban,Bulevardul Mamaia,secondary,7.2
RUTA_A,11-13,2026-04-02 13:06:10,12:47,2104,21.73,0.733,11811.0,1545.0,12.076,14.6,2.6042,2.6318,0,urban,Bulevardul Mamaia,secondary,4.4
RUTA_A,11-13,2026-04-02 13:06:11,12:47,2105,24.22,0.654,11817.7,1574.0,9.438,11.8,2.0353,2.0569,0,urban,Bulevardul Mamaia,secondary,7.4
RUTA_A,11-13,2026-04-02 13:06:12,12:47,2106,26.44,0.386,11825.1,1442.0,4.792,4.6,1.0333,1.0443,0,urban,Bulevardul Mamaia,secondary,6.8
RUTA_A,11-13,2026-04-02 13:06:13,12:47,2107,27.0,0.077,11832.6,1374.0,4.279,3.1,0.9227,0.9325,0,urban,Bulevardul Mamaia,secondary,6.0
RUTA_A,11-13,2026-04-02 13:06:14,12:47,2108,27.0,-1.92,11840.1,1327.0,5.144,3.5,1.1093,1.121,0,urban,Bulevardul Mamaia,secondary,8.3
RUTA_A,11-13,2026-04-02 13:06:15,12:47,2109,13.17,-3.275,11843.8,1179.0,3.852,3.3,0.8306,0.8394,0,urban,Bulevardul Mamaia,secondary,7.5
RUTA_A,11-13,2026-04-02 13:06:16,12:47,2110,3.42,-1.591,11844.7,1041.0,2.926,3.1,0.631,0.6377,0,urban,Bulevardul Mamaia,secondary,5.9
RUTA_A,11-13,2026-04-02 13:06:17,12:47,2111,1.72,-0.382,11845.2,925.0,2.739,2.8,0.5907,0.597,0,urban,Bulevardul Mamaia,secondary,5.1
RUTA_A,11-13,2026-04-02 13:06:18,12:47,2112,0.67,-0.226,11845.4,859.0,2.683,2.8,0.5786,0.5848,1,urban,Bulevardul Mamaia,secondary,4.6
RUTA_A,11-13,2026-04-02 13:06:19,12:47,2113,0.09,-0.093,11845.4,830.0,2.724,2.8,0.5873,0.5935,1,urban,Bulevardul Mamaia,secondary,4.2
RUTA_A,11-13,2026-04-02 13:06:20,12:47,2114,0.0,-0.013,11845.4,813.0,2.697,2.8,0.5815,0.5877,1,urban,Bulevardul Mamaia,secondary,4.2
RUTA_A,11-13,2026-04-02 13:06:21,12:47,2115,0.0,0.0,11845.4,799.0,2.659,2.8,0.5734,0.5795,1,urban,Bulevardul Mamaia,secondary,4.2
RUTA_A,11-13,2026-04-02 13:06:22,12:47,2116,0.0,0.037,11845.4,791.0,2.648,2.8,0.5711,0.5771,1,urban,Bulevardul Mamaia,secondary,4.2
RUTA_A,11-13,2026-04-02 13:06:23,12:47,2117,0.27,0.191,11845.5,883.0,3.268,3.0,0.7047,0.7122,1,urban,Bulevardul Mamaia,secondary,4.2
RUTA_A,11-13,2026-04-02 13:06:24,12:47,2118,1.38,0.24,11845.8,1285.0,5.852,4.1,1.262,1.2754,0,urban,Bulevardul Mamaia,secondary,4.2
RUTA_A,11-13,2026-04-02 13:06:25,12:47,2119,2.0,0.087,11846.4,1396.0,6.219,4.3,1.3412,1.3554,0,urban,Bulevardul Mamaia,secondary,4.2
RUTA_A,11-13,2026-04-02 13:06:26,12:47,2120,2.0,0.0,11847.0,1128.0,3.718,3.4,0.8018,0.8102,0,urban,Bulevardul Mamaia,secondary,4.2
RUTA_A,11-13,2026-04-02 13:06:27,12:47,2121,2.0,0.0,11847.5,988.0,2.897,3.0,0.6248,0.6314,0,urban,Bulevardul Mamaia,secondary,4.2
RUTA_A,11-13,2026-04-02 13:06:28,12:47,2122,2.0,-0.076,11848.1,898.0,2.727,2.8,0.5881,0.5944,0,urban,Bulevardul Mamaia,secondary,4.2
RUTA_A,11-13,2026-04-02 13:06:29,12:47,2123,1.45,-0.139,11848.5,863.0,2.638,2.8,0.5689,0.5749,0,urban,Bulevardul Mamaia,secondary,4.2
RUTA_A,11-13,2026-04-02 13:06:30,12:47,2124,1.0,-0.063,11848.8,833.0,2.572,2.8,0.5547,0.5606,0,urban,Bulevardul Mamaia,secondary,4.2
RUTA_A,11-13,2026-04-02 13:06:31,12:47,2125,1.0,-0.037,11849.0,816.0,2.584,2.8,0.5572,0.5631,0,urban,Bulevardul Mamaia,secondary,4.2
RUTA_A,11-13,2026-04-02 13:06:32,12:47,2126,0.73,-0.118,11849.2,805.0,2.585,2.8,0.5574,0.5633,1,urban,Bulevardul Mamaia,secondary,4.2
RUTA_A,11-13,2026-04-02 13:06:33,12:47,2127,0.15,-0.102,11849.3,802.0,2.573,2.8,0.5548,0.5607,1,urban,Bulevardul Mamaia,secondary,4.2
RUTA_A,11-13,2026-04-02 13:06:34,12:47,2128,0.0,-0.021,11849.3,799.0,2.591,2.8,0.5587,0.5646,1,urban,Bulevardul Mamaia,secondary,4.2
RUTA_A,11-13,2026-04-02 13:06:35,12:47,2129,0.0,0.0,11849.3,796.0,2.618,2.8,0.5646,0.5706,1,urban,Bulevardul Mamaia,secondary,4.2
RUTA_A,11-13,2026-04-02 13:06:36,12:47,2130,0.0,0.0,11849.3,797.0,2.625,2.8,0.5661,0.5721,1,urban,Bulevardul Mamaia,secondary,4.2
RUTA_A,11-13,2026-04-02 13:06:37,12:47,2131,0.0,0.0,11849.3,798.0,2.629,2.8,0.5669,0.5729,1,urban,Bulevardul Mamaia,secondary,4.2
RUTA_A,11-13,2026-04-02 13:06:38,12:47,2132,0.0,0.0,11849.3,802.0,2.617,2.8,0.5644,0.5704,1,urban,Bulevardul Mamaia,secondary,4.2
RUTA_A,11-13,2026-04-02 13:06:39,12:47,2133,0.0,0.0,11849.3,800.0,2.602,2.8,0.5611,0.5671,1,urban,Bulevardul Mamaia,secondary,4.2
RUTA_A,11-13,2026-04-02 13:06:40,12:47,2134,0.0,0.0,11849.3,787.0,2.58,2.8,0.5563,0.5622,1,urban,Bulevardul Mamaia,secondary,4.2
RUTA_A,11-13,2026-04-02 13:06:41,12:47,2135,0.0,0.0,11849.3,782.0,2.573,2.8,0.5549,0.5608,1,urban,Bulevardul Mamaia,secondary,4.2
RUTA_A,11-13,2026-04-02 13:06:42,12:47,2136,0.0,0.0,11849.3,783.0,2.579,2.8,0.5561,0.562,1,urban,Bulevardul Mamaia,secondary,4.2
RUTA_A,11-13,2026-04-02 13:06:43,12:47,2137,0.0,0.0,11849.3,790.0,2.571,2.8,0.5544,0.5602,1,urban,Bulevardul Mamaia,secondary,4.2
RUTA_A,11-13,2026-04-02 13:06:44,12:47,2138,0.0,0.0,11849.3,798.0,2.56,2.8,0.5521,0.558,1,urban,Bulevardul Mamaia,secondary,4.2
RUTA_A,11-13,2026-04-02 13:06:45,12:47,2139,0.0,0.0,11849.3,798.0,2.566,2.8,0.5533,0.5592,1,urban,Bulevardul Mamaia,secondary,4.2
RUTA_A,11-13,2026-04-02 13:06:46,12:47,2140,0.0,0.0,11849.3,797.0,2.57,2.8,0.5542,0.5601,1,urban,Bulevardul Mamaia,secondary,4.2
RUTA_A,11-13,2026-04-02 13:06:47,12:47,2141,0.0,0.0,11849.3,791.0,2.57,2.8,0.5542,0.5601,1,urban,Bulevardul Mamaia,secondary,4.2
RUTA_A,11-13,2026-04-02 13:06:48,12:47,2142,0.0,0.0,11849.3,792.0,2.575,2.8,0.5554,0.5613,1,urban,Bulevardul Mamaia,secondary,4.2
RUTA_A,11-13,2026-04-02 13:06:49,12:47,2143,0.0,0.0,11849.3,799.0,2.586,2.8,0.5577,0.5636,1,urban,Bulevardul Mamaia,secondary,4.2
RUTA_A,11-13,2026-04-02 13:06:50,12:47,2144,0.0,0.0,11849.3,798.0,2.579,2.8,0.556,0.5619,1,urban,Bulevardul Mamaia,secondary,4.2
RUTA_A,11-13,2026-04-02 13:06:51,12:47,2145,0.0,0.0,11849.3,793.0,2.561,2.8,0.5523,0.5581,1,urban,Bulevardul Mamaia,secondary,4.2
RUTA_A,11-13,2026-04-02 13:06:52,12:47,2146,0.0,0.0,11849.3,791.0,2.533,2.8,0.5462,0.552,1,urban,Bulevardul Mamaia,secondary,4.2
RUTA_A,11-13,2026-04-02 13:06:53,12:47,2147,0.0,0.0,11849.3,790.0,2.517,2.8,0.5427,0.5484,1,urban,Bulevardul Mamaia,secondary,4.2
RUTA_A,11-13,2026-04-02 13:06:54,12:47,2148,0.0,0.0,11849.3,794.0,2.549,2.8,0.5497,0.5555,1,urban,Bulevardul Mamaia,secondary,4.2
RUTA_A,11-13,2026-04-02 13:06:55,12:47,2149,0.0,0.0,11849.3,797.0,2.562,2.8,0.5525,0.5584,1,urban,Bulevardul Mamaia,secondary,4.2
RUTA_A,11-13,2026-04-02 13:06:56,12:47,2150,0.0,0.0,11849.3,798.0,2.54,2.8,0.5478,0.5536,1,urban,Bulevardul Mamaia,secondary,4.2
RUTA_A,11-13,2026-04-02 13:06:57,12:47,2151,0.0,0.0,11849.3,798.0,2.536,2.8,0.5469,0.5527,1,urban,Bulevardul Mamaia,secondary,4.2
RUTA_A,11-13,2026-04-02 13:06:58,12:47,2152,0.0,0.0,11849.3,795.0,2.548,2.8,0.5494,0.5552,1,urban,Bulevardul Mamaia,secondary,4.2
RUTA_A,11-13,2026-04-02 13:06:59,12:47,2153,0.0,0.0,11849.3,789.0,2.522,2.8,0.5439,0.5496,1,urban,Bulevardul Mamaia,secondary,4.2
RUTA_A,11-13,2026-04-02 13:07:00,12:47,2154,0.0,0.0,11849.3,783.0,2.494,2.8,0.5378,0.5435,1,urban,Bulevardul Mamaia,secondary,4.2
RUTA_A,11-13,2026-04-02 13:07:01,12:47,2155,0.0,0.0,11849.3,791.0,2.535,2.8,0.5466,0.5524,1,urban,Bulevardul Mamaia,secondary,4.2
RUTA_A,11-13,2026-04-02 13:07:02,12:47,2156,0.0,0.0,11849.3,795.0,2.556,2.8,0.5511,0.557,1,urban,Bulevardul Mamaia,secondary,4.2
RUTA_A,11-13,2026-04-02 13:07:03,12:47,2157,0.0,0.0,11849.3,792.0,2.544,2.8,0.5487,0.5545,1,urban,Bulevardul Mamaia,secondary,4.2
RUTA_A,11-13,2026-04-02 13:07:04,12:47,2158,0.0,0.0,11849.3,791.0,2.508,2.8,0.5407,0.5465,1,urban,Bulevardul Mamaia,secondary,4.2
RUTA_A,11-13,2026-04-02 13:07:05,12:47,2159,0.0,0.0,11849.3,791.0,2.456,2.8,0.5296,0.5352,1,urban,Bulevardul Mamaia,secondary,4.2
RUTA_A,11-13,2026-04-02 13:07:06,12:47,2160,0.0,0.0,11849.3,793.0,2.497,2.8,0.5384,0.5441,1,urban,Bulevardul Mamaia,secondary,4.2
RUTA_A,11-13,2026-04-02 13:07:07,12:47,2161,0.0,0.0,11849.3,796.0,2.534,2.8,0.5464,0.5522,1,urban,Bulevardul Mamaia,secondary,4.2
RUTA_A,11-13,2026-04-02 13:07:08,12:47,2162,0.0,0.0,11849.3,799.0,2.502,2.8,0.5395,0.5452,1,urban,Bulevardul Mamaia,secondary,4.2
RUTA_A,11-13,2026-04-02 13:07:09,12:47,2163,0.0,0.0,11849.3,800.0,2.478,2.8,0.5344,0.5401,1,urban,Bulevardul Mamaia,secondary,4.2
RUTA_A,11-13,2026-04-02 13:07:10,12:47,2164,0.0,0.0,11849.3,793.0,2.473,2.8,0.5332,0.5388,1,urban,Bulevardul Mamaia,secondary,4.2
RUTA_A,11-13,2026-04-02 13:07:11,12:47,2165,0.0,0.0,11849.3,792.0,2.464,2.8,0.5313,0.5369,1,urban,Bulevardul Mamaia,secondary,4.2
RUTA_A,11-13,2026-04-02 13:07:12,12:47,2166,0.0,0.0,11849.3,796.0,2.453,2.8,0.5289,0.5345,1,urban,Bulevardul Mamaia,secondary,4.2
RUTA_A,11-13,2026-04-02 13:07:13,12:47,2167,0.0,0.0,11849.3,794.0,2.458,2.8,0.5302,0.5358,1,urban,Bulevardul Mamaia,secondary,4.2
RUTA_A,11-13,2026-04-02 13:07:14,12:47,2168,0.0,0.0,11849.3,790.0,2.47,2.8,0.5326,0.5382,1,urban,Bulevardul Mamaia,secondary,4.2
RUTA_A,11-13,2026-04-02 13:07:15,12:47,2169,0.0,0.0,11849.3,789.0,2.493,2.5,0.5376,0.5433,1,urban,Bulevardul Mamaia,secondary,4.2
RUTA_A,11-13,2026-04-02 13:07:16,12:47,2170,0.0,0.0,11849.3,789.0,2.498,2.4,0.5386,0.5443,1,urban,Bulevardul Mamaia,secondary,4.2
RUTA_A,11-13,2026-04-02 13:07:17,12:47,2171,0.0,0.0,11849.3,789.0,2.455,2.4,0.5293,0.5349,1,urban,Bulevardul Mamaia,secondary,4.2
RUTA_A,11-13,2026-04-02 13:07:18,12:47,2172,0.0,0.0,11849.3,792.0,2.462,2.5,0.5309,0.5365,1,urban,Bulevardul Mamaia,secondary,4.2
RUTA_A,11-13,2026-04-02 13:07:19,12:47,2173,0.0,0.0,11849.3,798.0,2.494,2.7,0.5379,0.5436,1,urban,Bulevardul Mamaia,secondary,4.2
RUTA_A,11-13,2026-04-02 13:07:20,12:47,2174,0.0,0.0,11849.3,799.0,2.491,2.6,0.5371,0.5428,1,urban,Bulevardul Mamaia,secondary,4.2
RUTA_A,11-13,2026-04-02 13:07:21,12:47,2175,0.0,0.0,11849.3,798.0,2.48,2.4,0.5347,0.5404,1,urban,Bulevardul Mamaia,secondary,4.2
RUTA_A,11-13,2026-04-02 13:07:22,12:47,2176,0.0,0.0,11849.3,793.0,2.462,2.4,0.531,0.5366,1,urban,Bulevardul Mamaia,secondary,4.2
RUTA_A,11-13,2026-04-02 13:07:23,12:47,2177,0.0,0.0,11849.3,788.0,2.448,2.4,0.528,0.5336,1,urban,Bulevardul Mamaia,secondary,4.2
RUTA_A,11-13,2026-04-02 13:07:24,12:47,2178,0.0,0.0,11849.3,786.0,2.443,2.6,0.5267,0.5323,1,urban,Bulevardul Mamaia,secondary,4.2
RUTA_A,11-13,2026-04-02 13:07:25,12:47,2179,0.0,0.0,11849.3,790.0,2.453,2.6,0.529,0.5346,1,urban,Bulevardul Mamaia,secondary,4.2
RUTA_A,11-13,2026-04-02 13:07:26,12:47,2180,0.0,0.0,11849.3,797.0,2.476,2.4,0.534,0.5396,1,urban,Bulevardul Mamaia,secondary,4.2
RUTA_A,11-13,2026-04-02 13:07:27,12:47,2181,0.0,0.0,11849.3,797.0,2.461,2.4,0.5307,0.5363,1,urban,Bulevardul Mamaia,secondary,4.2
RUTA_A,11-13,2026-04-02 13:07:28,12:47,2182,0.0,0.0,11849.3,795.0,2.44,2.4,0.5261,0.5317,1,urban,Bulevardul Mamaia,secondary,4.2
RUTA_A,11-13,2026-04-02 13:07:29,12:47,2183,0.0,0.0,11849.3,788.0,2.434,2.4,0.5249,0.5304,1,urban,Bulevardul Mamaia,secondary,4.2
RUTA_A,11-13,2026-04-02 13:07:30,12:47,2184,0.0,0.0,11849.3,785.0,2.428,2.4,0.5236,0.5292,1,urban,Bulevardul Mamaia,secondary,4.2
RUTA_A,11-13,2026-04-02 13:07:31,12:47,2185,0.0,0.0,11849.3,787.0,2.423,2.4,0.5224,0.5279,1,urban,Bulevardul Mamaia,secondary,4.2
RUTA_A,11-13,2026-04-02 13:07:32,12:47,2186,0.0,0.0,11849.3,1167.0,5.693,4.8,1.2276,1.2406,1,urban,Bulevardul Mamaia,secondary,4.2
RUTA_A,11-13,2026-04-02 13:07:33,12:47,2187,0.0,0.677,11849.3,1855.0,11.622,9.2,2.5062,2.5328,1,urban,Bulevardul Mamaia,secondary,4.2
RUTA_A,11-13,2026-04-02 13:07:34,12:47,2188,4.88,1.469,11850.6,1576.0,11.323,9.6,2.4419,2.4677,0,urban,Bulevardul Mamaia,secondary,4.3
RUTA_A,11-13,2026-04-02 13:07:35,12:47,2189,10.57,1.641,11853.6,1252.0,10.618,10.0,2.2897,2.3139,0,urban,Bulevardul Mamaia,secondary,9.5
RUTA_A,11-13,2026-04-02 13:07:36,12:47,2190,16.69,1.472,11858.2,1989.0,15.593,16.8,3.3625,3.3981,0,urban,Bulevardul Mamaia,secondary,6.5
RUTA_A,11-13,2026-04-02 13:07:37,12:47,2191,21.17,0.705,11864.1,2351.0,16.559,18.5,3.5709,3.6087,0,urban,Bulevardul Mamaia,secondary,3.7
RUTA_A,11-13,2026-04-02 13:07:38,12:47,2192,21.76,0.115,11870.1,1817.0,7.945,8.1,1.7134,1.7316,0,urban,Bulevardul Mamaia,secondary,5.0
RUTA_A,11-13,2026-04-02 13:07:39,12:47,2193,22.0,0.033,11876.2,1592.0,6.324,6.3,1.3637,1.3782,0,urban,Bulevardul Mamaia,secondary,3.1
RUTA_A,11-13,2026-04-02 13:07:40,12:47,2194,22.0,0.19,11882.4,1573.0,9.364,10.3,2.0192,2.0406,0,urban,Bulevardul Mamaia,secondary,7.1
RUTA_A,11-13,2026-04-02 13:07:41,12:47,2195,23.37,0.416,11888.8,1678.0,9.868,11.5,2.128,2.1506,0,urban,Bulevardul Mamaia,secondary,5.1
RUTA_A,11-13,2026-04-02 13:07:42,12:47,2196,24.99,-0.261,11895.8,1807.0,9.89,12.2,2.1327,2.1553,0,urban,Bulevardul Mamaia,secondary,2.1
RUTA_A,11-13,2026-04-02 13:07:43,12:47,2197,21.48,-0.985,11901.8,1597.0,5.853,6.9,1.2621,1.2755,0,urban,Bulevardul Mamaia,secondary,7.5
RUTA_A,11-13,2026-04-02 13:07:44,12:47,2198,17.9,-1.012,11906.7,1369.0,2.969,3.1,0.6402,0.6469,0,urban,Bulevardul Mamaia,secondary,2.4
RUTA_A,11-13,2026-04-02 13:07:45,12:47,2199,14.2,-0.668,11910.7,1101.0,2.863,2.9,0.6174,0.6239,0,urban,Bulevardul Mamaia,secondary,0.6
RUTA_A,11-13,2026-04-02 13:07:46,12:47,2200,13.09,0.218,11914.3,994.0,3.839,3.9,0.8279,0.8366,0,urban,Bulevardul Mamaia,secondary,1.0
RUTA_A,11-13,2026-04-02 13:07:47,12:47,2201,15.77,0.624,11918.7,1120.0,6.398,6.9,1.3797,1.3943,0,urban,Bulevardul Mamaia,secondary,5.1
RUTA_A,11-13,2026-04-02 13:07:48,12:47,2202,17.58,0.4,11923.6,1252.0,7.315,8.5,1.5774,1.5942,0,urban,Bulevardul Mamaia,secondary,5.9
RUTA_A,11-13,2026-04-02 13:07:49,12:47,2203,18.65,0.535,11928.8,1387.0,6.844,8.9,1.476,1.4916,0,urban,Bulevardul Mamaia,secondary,1.7
RUTA_A,11-13,2026-04-02 13:07:50,12:47,2204,21.43,0.885,11934.7,1580.0,9.263,9.5,1.9975,2.0186,0,urban,Bulevardul Mamaia,secondary,6.9
RUTA_A,11-13,2026-04-02 13:07:51,12:47,2205,25.02,0.667,11941.7,1798.0,12.983,10.2,2.7997,2.8294,0,urban,Bulevardul Mamaia,secondary,12.7
RUTA_A,11-13,2026-04-02 13:07:52,12:47,2206,26.24,0.275,11948.9,1910.0,10.049,9.5,2.1671,2.1901,0,urban,Bulevardul Mamaia,secondary,11.5
RUTA_A,11-13,2026-04-02 13:07:53,12:47,2207,27.0,0.106,11956.4,1989.0,7.244,7.8,1.562,1.5786,0,urban,Bulevardul Mamaia,secondary,11.3
RUTA_A,11-13,2026-04-02 13:07:54,12:47,2208,27.0,0.157,11963.9,2010.0,4.652,4.7,1.0033,1.0139,0,urban,Bulevardul Mamaia,secondary,4.9
RUTA_A,11-13,2026-04-02 13:07:55,12:47,2209,28.13,0.4,11971.8,2048.0,7.228,8.0,1.5588,1.5753,0,urban,Bulevardul Mamaia,secondary,9.4
RUTA_A,11-13,2026-04-02 13:07:56,12:47,2210,29.88,0.638,11980.1,2095.0,12.661,14.8,2.7302,2.7591,0,urban,Bulevardul Mamaia,secondary,14.7
RUTA_A,11-13,2026-04-02 13:07:57,12:47,2211,32.72,0.778,11989.1,2261.0,11.42,10.0,2.4626,2.4887,0,urban,Bulevardul Mamaia,secondary,5.2
RUTA_A,11-13,2026-04-02 13:07:58,12:47,2212,35.48,0.688,11999.0,2331.0,11.351,7.6,2.4477,2.4736,0,urban,Bulevardul Mamaia,secondary,6.1
RUTA_A,11-13,2026-04-02 13:07:59,12:47,2213,37.67,0.549,12009.5,2028.0,17.198,17.0,3.7087,3.748,0,urban,Bulevardul Mamaia,secondary,11.2
RUTA_A,11-13,2026-04-02 13:08:00,12:47,2214,39.44,0.398,12020.4,1879.0,17.071,18.6,3.6814,3.7204,0,urban,Bulevardul Mamaia,secondary,4.9
RUTA_A,11-13,2026-04-02 13:08:01,12:47,2215,40.54,-0.118,12031.7,1963.0,7.832,8.0,1.6889,1.7068,0,urban,Bulevardul Mamaia,secondary,5.0
RUTA_A,11-13,2026-04-02 13:08:02,12:47,2216,38.59,-0.848,12042.4,1882.0,3.656,3.4,0.7884,0.7968,0,urban,Bulevardul Mamaia,secondary,3.3
RUTA_A,11-13,2026-04-02 13:08:03,12:47,2217,34.44,-0.713,12052.0,1681.0,3.117,3.2,0.6721,0.6792,0,urban,Bulevardul Mamaia,secondary,8.9
RUTA_A,11-13,2026-04-02 13:08:04,12:47,2218,33.45,-0.179,12061.3,1648.0,3.378,4.0,0.7284,0.7361,0,urban,Bulevardul Mamaia,secondary,1.2
RUTA_A,11-13,2026-04-02 13:08:05,12:47,2219,33.15,0.036,12070.5,1639.0,4.068,5.2,0.8772,0.8865,0,urban,Bulevardul Mamaia,secondary,8.7
RUTA_A,11-13,2026-04-02 13:08:06,12:47,2220,33.71,0.118,12079.8,1639.0,5.701,7.2,1.2294,1.2424,0,urban,Bulevardul Mamaia,secondary,7.3
RUTA_A,11-13,2026-04-02 13:08:07,12:47,2221,34.0,0.041,12089.3,1677.0,7.85,9.4,1.6929,1.7108,0,urban,Bulevardul Mamaia,secondary,3.5
RUTA_A,11-13,2026-04-02 13:08:08,12:47,2222,34.0,0.228,12098.7,1756.0,10.56,11.9,2.2771,2.3013,0,urban,Bulevardul Mamaia,secondary,10.9
RUTA_A,11-13,2026-04-02 13:08:09,12:47,2223,35.64,0.544,12108.6,1806.0,8.001,10.0,1.7254,1.7436,0,urban,Bulevardul Mamaia,secondary,4.4
RUTA_A,11-13,2026-04-02 13:08:10,12:47,2224,37.91,0.399,12119.1,1846.0,3.424,6.4,0.7384,0.7462,0,urban,Bulevardul Mamaia,secondary,12.2
RUTA_A,11-13,2026-04-02 13:08:11,12:47,2225,38.51,0.144,12129.8,1822.0,4.205,4.9,0.9068,0.9164,0,urban,Bulevardul Mamaia,secondary,3.2
RUTA_A,11-13,2026-04-02 13:08:12,12:47,2226,38.95,-0.017,12140.7,1798.0,5.006,3.5,1.0795,1.091,0,urban,Bulevardul Mamaia,secondary,10.3
RUTA_A,11-13,2026-04-02 13:08:13,12:47,2227,38.39,-0.157,12151.3,1808.0,3.824,3.3,0.8247,0.8334,0,urban,Bulevardul Mamaia,secondary,2.0
RUTA_A,11-13,2026-04-02 13:08:14,12:47,2228,37.82,-0.158,12161.8,1800.0,3.363,3.9,0.7252,0.7329,0,urban,Bulevardul Mamaia,secondary,8.1
RUTA_A,11-13,2026-04-02 13:08:15,12:47,2229,37.25,-0.02,12172.2,1752.0,4.498,6.4,0.97,0.9803,0,urban,Bulevardul Mamaia,secondary,9.5
RUTA_A,11-13,2026-04-02 13:08:16,12:47,2230,37.68,0.228,12182.7,1774.0,6.478,8.4,1.397,1.4118,0,urban,Bulevardul Mamaia,secondary,0.7
RUTA_A,11-13,2026-04-02 13:08:17,12:47,2231,38.89,0.337,12193.5,1850.0,9.127,10.1,1.9682,1.989,0,urban,Bulevardul Mamaia,secondary,9.7
RUTA_A,11-13,2026-04-02 13:08:18,12:47,2232,40.11,0.314,12204.6,1917.0,8.359,9.1,1.8026,1.8217,0,urban,Bulevardul Mamaia,secondary,4.3
RUTA_A,11-13,2026-04-02 13:08:19,12:47,2233,41.15,0.225,12216.0,1973.0,7.495,8.2,1.6164,1.6335,0,urban,Bulevardul Mamaia,secondary,7.0
RUTA_A,11-13,2026-04-02 13:08:20,12:47,2234,41.73,0.159,12227.6,2001.0,7.288,7.9,1.5716,1.5882,0,urban,Bulevardul Mamaia,secondary,1.0
RUTA_A,11-13,2026-04-02 13:08:21,12:47,2235,42.3,0.156,12239.4,2024.0,7.465,8.2,1.6098,1.6269,0,urban,Bulevardul Mamaia,secondary,10.3
RUTA_A,11-13,2026-04-02 13:08:22,12:47,2236,42.85,0.209,12251.3,2045.0,7.985,8.8,1.7219,1.7401,0,urban,Bulevardul Mamaia,secondary,4.2
RUTA_A,11-13,2026-04-02 13:08:23,12:47,2237,43.8,0.281,12263.4,2090.0,9.556,10.6,2.0607,2.0825,0,urban,Bulevardul Mamaia,secondary,9.3
RUTA_A,11-13,2026-04-02 13:08:24,12:47,2238,44.88,0.445,12275.9,2144.0,11.497,12.7,2.4792,2.5055,0,urban,Bulevardul Mamaia,secondary,8.6
RUTA_A,11-13,2026-04-02 13:08:25,12:47,2239,47.0,0.598,12289.0,2245.0,13.781,15.1,2.9719,3.0033,0,urban,Bulevardul Mamaia,secondary,7.3
RUTA_A,11-13,2026-04-02 13:08:26,12:47,2240,49.18,0.533,12302.6,2338.0,15.325,16.6,3.3048,3.3398,0,urban,Bulevardul Mamaia,secondary,5.0
RUTA_A,11-13,2026-04-02 13:08:27,12:47,2241,50.84,0.365,12316.7,2330.0,10.595,10.5,2.2849,2.3091,0,urban,Bulevardul Mamaia,secondary,12.4
RUTA_A,11-13,2026-04-02 13:08:28,12:47,2242,51.81,0.049,12331.1,2253.0,6.551,5.7,1.4126,1.4276,0,urban,Bulevardul Mamaia,secondary,7.7
RUTA_A,11-13,2026-04-02 13:08:29,12:47,2243,51.19,-0.17,12345.4,2012.0,4.112,3.7,0.8866,0.896,0,urban,Bulevardul Mamaia,secondary,2.3
RUTA_A,11-13,2026-04-02 13:08:30,12:47,2244,50.59,-0.165,12359.4,1919.0,3.267,3.1,0.7046,0.712,0,urban,Bulevardul Mamaia,secondary,7.1
RUTA_A,11-13,2026-04-02 13:08:31,12:47,2245,50.0,-0.082,12373.3,1891.0,3.124,3.1,0.6737,0.6808,0,urban,Bulevardul Mamaia,secondary,11.7
RUTA_A,11-13,2026-04-02 13:08:32,12:47,2246,50.0,-0.02,12387.2,1900.0,5.097,5.4,1.0992,1.1109,0,urban,Bulevardul Mamaia,secondary,5.7
RUTA_A,11-13,2026-04-02 13:08:33,12:47,2247,49.85,-0.097,12401.0,1901.0,6.055,6.8,1.3058,1.3196,0,urban,Bulevardul Mamaia,secondary,10.7
RUTA_A,11-13,2026-04-02 13:08:34,12:47,2248,49.3,-0.084,12414.7,1878.0,4.252,5.7,0.917,0.9267,0,urban,Bulevardul Mamaia,secondary,8.2
RUTA_A,11-13,2026-04-02 13:08:35,12:47,2249,49.25,0.071,12428.4,1870.0,4.63,6.4,0.9984,1.009,0,urban,Bulevardul Mamaia,secondary,5.2
RUTA_A,11-13,2026-04-02 13:08:36,12:47,2250,49.81,0.204,12442.2,1881.0,7.738,9.3,1.6686,1.6863,0,urban,Bulevardul Mamaia,secondary,7.3
RUTA_A,11-13,2026-04-02 13:08:37,12:47,2251,50.72,0.274,12456.3,1910.0,9.448,11.3,2.0375,2.0591,0,urban,Bulevardul Mamaia,secondary,10.8
RUTA_A,11-13,2026-04-02 13:08:38,12:47,2252,51.79,0.307,12470.7,1947.0,10.474,13.0,2.2586,2.2826,0,urban,Bulevardul Mamaia,secondary,6.3
RUTA_A,11-13,2026-04-02 13:08:39,12:47,2253,52.92,0.318,12485.4,2000.0,10.902,12.8,2.3509,2.3758,0,urban,Bulevardul Mamaia,secondary,7.6
RUTA_A,11-13,2026-04-02 13:08:40,12:47,2254,54.08,0.314,12500.4,2057.0,11.133,12.1,2.4008,2.4262,0,urban,Bulevardul Mamaia,secondary,11.0
RUTA_A,11-13,2026-04-02 13:08:41,12:47,2255,55.18,0.267,12515.8,2092.0,10.74,11.9,2.3161,2.3407,0,urban,Bulevardul Mamaia,secondary,9.7
RUTA_A,11-13,2026-04-02 13:08:42,12:47,2256,56.0,0.114,12531.3,2130.0,9.773,10.6,2.1074,2.1298,0,urban,Bulevardul Mamaia,secondary,6.4
RUTA_A,11-13,2026-04-02 13:08:43,12:47,2257,56.0,-0.089,12546.9,2175.0,7.167,6.3,1.5456,1.5619,0,urban,Bulevardul Mamaia,secondary,10.5
RUTA_A,11-13,2026-04-02 13:08:44,12:47,2258,55.36,-0.256,12562.3,2153.0,5.113,4.1,1.1025,1.1142,0,urban,Bulevardul Mamaia,secondary,6.9
RUTA_A,11-13,2026-04-02 13:08:45,12:47,2259,54.15,-0.332,12577.3,2073.0,3.549,3.6,0.7652,0.7734,0,urban,Bulevardul Mamaia,secondary,7.6
RUTA_A,11-13,2026-04-02 13:08:46,12:47,2260,52.97,-0.328,12592.0,2013.0,3.267,3.3,0.7046,0.7121,0,urban,Bulevardul Mamaia,secondary,5.7
RUTA_A,11-13,2026-04-02 13:08:47,12:47,2261,51.8,-0.319,12606.4,1969.0,3.563,3.6,0.7684,0.7765,0,urban,Bulevardul Mamaia,secondary,8.9
RUTA_A,11-13,2026-04-02 13:08:48,12:47,2262,50.67,-0.249,12620.5,1981.0,5.613,6.3,1.2103,1.2232,0,urban,Bulevardul Mamaia,secondary,3.2
RUTA_A,11-13,2026-04-02 13:08:49,12:47,2263,50.0,-0.093,12634.4,1970.0,7.095,8.2,1.53,1.5462,0,urban,Bulevardul Mamaia,secondary,11.4
RUTA_A,11-13,2026-04-02 13:08:50,12:47,2264,50.0,0.056,12648.3,1925.0,7.748,9.1,1.6708,1.6885,0,urban,Bulevardul Mamaia,secondary,4.2
RUTA_A,11-13,2026-04-02 13:08:51,12:47,2265,50.4,0.139,12662.3,1916.0,7.819,8.8,1.6861,1.7039,0,urban,Bulevardul Mamaia,secondary,5.5
RUTA_A,11-13,2026-04-02 13:08:52,12:47,2266,51.0,0.004,12676.4,1926.0,7.604,7.8,1.6398,1.6572,0,urban,Bulevardul Mamaia,secondary,13.1
RUTA_A,11-13,2026-04-02 13:08:53,12:47,2267,50.44,-0.261,12690.4,1883.0,5.663,5.6,1.2211,1.2341,0,urban,Bulevardul Mamaia,secondary,5.2
RUTA_A,11-13,2026-04-02 13:08:54,12:47,2268,49.12,-0.724,12704.1,1828.0,4.009,3.8,0.8645,0.8737,0,urban,Bulevardul Mamaia,secondary,11.7
RUTA_A,11-13,2026-04-02 13:08:55,12:47,2269,45.22,-0.981,12716.6,1729.0,3.341,3.4,0.7204,0.7281,0,urban,Bulevardul Mamaia,secondary,8.7
RUTA_A,11-13,2026-04-02 13:08:56,12:47,2270,42.06,-0.744,12728.3,1623.0,4.658,5.5,1.0045,1.0152,0,urban,Bulevardul Mamaia,secondary,7.3
RUTA_A,11-13,2026-04-02 13:08:57,12:47,2271,39.86,-0.185,12739.4,1507.0,8.608,11.1,1.8562,1.8759,0,urban,Bulevardul Mamaia,secondary,12.8
RUTA_A,11-13,2026-04-02 13:08:58,12:47,2272,40.72,0.514,12750.7,1524.0,13.481,16.7,2.9072,2.938,0,urban,Bulevardul Mamaia,secondary,6.7
RUTA_A,11-13,2026-04-02 13:08:59,12:47,2273,43.57,0.862,12762.8,1626.0,18.953,22.3,4.0871,4.1304,0,urban,Bulevardul Mamaia,secondary,10.6
RUTA_A,11-13,2026-04-02 13:09:00,12:47,2274,46.93,0.919,12775.8,1752.0,20.932,23.7,4.5138,4.5617,0,urban,Bulevardul Mamaia,secondary,10.4
RUTA_A,11-13,2026-04-02 13:09:01,12:47,2275,50.19,0.684,12789.8,1876.0,21.372,23.5,4.6089,4.6577,0,urban,Bulevardul Mamaia,secondary,6.9
RUTA_A,11-13,2026-04-02 13:09:02,12:47,2276,51.86,0.415,12804.2,1959.0,14.546,15.8,3.1368,3.17,0,urban,Bulevardul Mamaia,secondary,7.2
RUTA_A,11-13,2026-04-02 13:09:03,12:47,2277,53.17,0.259,12819.0,2019.0,10.613,11.1,2.2887,2.3129,0,urban,Bulevardul Mamaia,secondary,11.0
RUTA_A,11-13,2026-04-02 13:09:04,12:47,2278,53.72,0.155,12833.9,2033.0,12.972,12.9,2.7973,2.8269,0,urban,Bulevardul Mamaia,secondary,8.3
RUTA_A,11-13,2026-04-02 13:09:05,12:47,2279,54.29,0.159,12849.0,2054.0,13.585,13.6,2.9296,2.9607,0,urban,Bulevardul Mamaia,secondary,7.5
RUTA_A,11-13,2026-04-02 13:09:06,12:47,2280,54.86,0.219,12864.2,2082.0,12.397,13.4,2.6733,2.7017,0,urban,Bulevardul Mamaia,secondary,5.6
RUTA_A,11-13,2026-04-02 13:09:07,12:47,2281,55.86,0.294,12879.7,2114.0,12.146,13.8,2.6192,2.6469,0,urban,Bulevardul Mamaia,residential,10.4
RUTA_A,11-13,2026-04-02 13:09:08,12:47,2282,56.98,0.233,12895.5,2146.0,12.179,14.5,2.6264,2.6543,0,urban,Bulevardul Mamaia,secondary,4.6
RUTA_A,11-13,2026-04-02 13:09:09,12:47,2283,57.53,0.164,12911.5,2175.0,12.886,14.7,2.7788,2.8083,0,urban,Bulevardul Mamaia,secondary,7.4
RUTA_A,11-13,2026-04-02 13:09:10,12:47,2284,58.16,0.239,12927.7,2207.0,13.424,14.9,2.8948,2.9255,0,urban,Bulevardul Mamaia,secondary,12.2
RUTA_A,11-13,2026-04-02 13:09:11,12:47,2285,59.25,0.231,12944.1,2248.0,12.905,14.9,2.783,2.8124,0,urban,Bulevardul Mamaia,secondary,14.6
RUTA_A,11-13,2026-04-02 13:09:12,12:47,2286,59.83,0.003,12960.8,2266.0,11.071,13.0,2.3873,2.4126,0,urban,Bulevardul Mamaia,tertiary,8.7
RUTA_A,11-13,2026-04-02 13:09:13,12:47,2287,59.28,-0.233,12977.2,2234.0,6.374,6.9,1.3745,1.389,0,urban,Bulevardul Mamaia,tertiary,13.8
RUTA_A,11-13,2026-04-02 13:09:14,12:47,2288,58.15,-0.393,12993.4,2190.0,3.868,3.8,0.8341,0.8429,0,urban,Bulevardul Mamaia,secondary,8.1
RUTA_A,11-13,2026-04-02 13:09:15,12:47,2289,56.44,-0.412,13009.1,2136.0,3.544,3.6,0.7643,0.7724,0,urban,Bulevardul Mamaia,secondary,5.5
RUTA_A,11-13,2026-04-02 13:09:16,12:47,2290,55.18,-0.328,13024.4,2089.0,3.391,3.5,0.7312,0.7389,0,urban,Bulevardul Mamaia,secondary,11.2
RUTA_A,11-13,2026-04-02 13:09:17,12:47,2291,54.08,-0.473,13039.4,2044.0,3.297,3.5,0.7109,0.7185,0,urban,Bulevardul Mamaia,secondary,7.7
RUTA_A,11-13,2026-04-02 13:09:18,12:47,2292,51.78,-0.789,13053.8,1562.0,3.006,3.3,0.6483,0.6552,0,urban,Bulevardul Mamaia,secondary,5.4
RUTA_A,11-13,2026-04-02 13:09:19,12:47,2293,48.4,-1.327,13067.2,1145.0,2.767,3.1,0.5967,0.603,0,urban,Bulevardul Mamaia,secondary,6.3
RUTA_A,11-13,2026-04-02 13:09:20,12:47,2294,42.22,-1.918,13079.0,1013.0,2.716,2.9,0.5858,0.592,0,urban,Bulevardul Mamaia,secondary,6.5
RUTA_A,11-13,2026-04-02 13:09:21,12:47,2295,34.59,-2.339,13088.6,911.0,2.638,2.8,0.5689,0.5749,0,urban,Bulevardul Mamaia,secondary,12.5
RUTA_A,11-13,2026-04-02 13:09:22,12:47,2296,25.38,-1.985,13095.6,841.0,2.53,2.8,0.5455,0.5513,0,urban,Bulevardul Mamaia,secondary,9.4
RUTA_A,11-13,2026-04-02 13:09:23,12:47,2297,20.3,-1.08,13101.3,757.0,2.449,2.9,0.5281,0.5337,0,urban,Bulevardul Mamaia,secondary,4.7
RUTA_A,11-13,2026-04-02 13:09:24,12:47,2298,17.61,-1.122,13106.1,663.0,2.385,3.1,0.5142,0.5197,0,urban,Bulevardul Mamaia,secondary,2.8
RUTA_A,11-13,2026-04-02 13:09:25,12:47,2299,12.22,-1.605,13109.5,797.0,3.444,5.4,0.7426,0.7505,0,urban,Bulevardul Mamaia,secondary,3.4
RUTA_A,11-13,2026-04-02 13:09:26,12:47,2300,6.05,-0.221,13111.2,996.0,4.829,8.2,1.0413,1.0524,0,urban,Bulevardul Mamaia,secondary,4.5
RUTA_A,11-13,2026-04-02 13:09:27,12:47,2301,10.63,1.238,13114.2,1429.0,9.288,13.2,2.0029,2.0242,0,urban,Bulevardul Mamaia,secondary,8.4
RUTA_A,11-13,2026-04-02 13:09:28,12:47,2302,14.96,1.085,13118.3,1713.0,11.547,16.6,2.49,2.5164,0,urban,Bulevardul Mamaia,secondary,12.1
RUTA_A,11-13,2026-04-02 13:09:29,12:47,2303,18.44,1.051,13123.4,1601.0,7.997,15.7,1.7246,1.7429,0,urban,Bulevardul Mamaia,secondary,15.0
RUTA_A,11-13,2026-04-02 13:09:30,12:47,2304,22.53,1.209,13129.7,1689.0,9.547,16.0,2.0589,2.0807,0,urban,Bulevardul Mamaia,secondary,20.8
RUTA_A,11-13,2026-04-02 13:09:31,12:47,2305,27.14,0.821,13137.2,1941.0,15.27,17.4,3.2929,3.3278,0,urban,Bulevardul Mamaia,secondary,29.1
RUTA_A,11-13,2026-04-02 13:09:32,12:47,2306,28.44,0.257,13145.1,1731.0,10.826,14.0,2.3345,2.3592,0,urban,(neidentificat),,36.9
RUTA_A,11-13,2026-04-02 13:09:33,12:47,2307,28.99,0.307,13153.2,1415.0,4.043,9.5,0.8718,0.881,0,urban,(neidentificat),,38.4
RUTA_A,11-13,2026-04-02 13:09:34,12:47,2308,30.65,0.403,13161.7,1480.0,7.383,9.4,1.592,1.6089,0,urban,(neidentificat),,40.6
RUTA_A,11-13,2026-04-02 13:09:35,12:47,2309,31.89,0.093,13170.6,1522.0,9.47,8.7,2.0421,2.0637,0,urban,(neidentificat),,41.6
RUTA_A,11-13,2026-04-02 13:09:36,12:47,2310,31.32,-0.519,13179.3,1430.0,5.587,5.4,1.2049,1.2177,0,urban,(neidentificat),,42.2
RUTA_A,11-13,2026-04-02 13:09:37,12:47,2311,28.15,-1.351,13187.1,1290.0,3.25,3.4,0.7009,0.7083,0,urban,(neidentificat),,43.4
RUTA_A,11-13,2026-04-02 13:09:38,12:47,2312,21.59,-1.603,13193.1,1088.0,2.927,3.2,0.6313,0.638,0,urban,(neidentificat),,43.3
RUTA_A,11-13,2026-04-02 13:09:39,12:47,2313,16.61,-1.241,13197.7,908.0,2.81,3.5,0.606,0.6124,0,urban,(neidentificat),,43.6
RUTA_A,11-13,2026-04-02 13:09:40,12:47,2314,12.66,-0.376,13201.2,741.0,2.827,4.2,0.6097,0.6161,0,urban,(neidentificat),,44.8
RUTA_A,11-13,2026-04-02 13:09:41,12:47,2315,13.9,0.513,13205.1,941.0,5.808,8.6,1.2525,1.2657,0,urban,(neidentificat),,48.8
RUTA_A,11-13,2026-04-02 13:09:42,12:47,2316,16.35,0.967,13209.6,1215.0,9.328,13.3,2.0115,2.0328,0,urban,(neidentificat),,53.5
RUTA_A,11-13,2026-04-02 13:09:43,12:47,2317,20.86,1.017,13215.4,1513.0,12.246,13.1,2.6408,2.6688,0,urban,(neidentificat),,59.6
RUTA_A,11-13,2026-04-02 13:09:44,12:47,2318,23.67,0.242,13222.0,1629.0,12.549,11.4,2.7061,2.7347,0,urban,(neidentificat),,64.9
RUTA_A,11-13,2026-04-02 13:09:45,12:47,2319,22.6,-0.574,13228.3,1327.0,6.834,6.4,1.4738,1.4894,0,urban,(neidentificat),,68.2
RUTA_A,11-13,2026-04-02 13:09:46,12:47,2320,19.54,-1.2,13233.7,1101.0,3.456,3.4,0.7452,0.7531,0,urban,(neidentificat),,72.1
RUTA_A,11-13,2026-04-02 13:09:47,12:47,2321,13.96,-1.152,13237.6,973.0,3.037,3.2,0.655,0.6619,0,urban,(neidentificat),,76.8
RUTA_A,11-13,2026-04-02 13:09:48,12:47,2322,11.25,-0.538,13240.7,959.0,3.24,5.1,0.6986,0.706,0,urban,(neidentificat),,80.4
RUTA_A,11-13,2026-04-02 13:09:49,12:47,2323,10.09,-0.027,13243.5,1008.0,3.78,8.0,0.815,0.8237,0,urban,(neidentificat),,83.5
RUTA_A,11-13,2026-04-02 13:09:50,12:47,2324,11.05,0.279,13246.6,1053.0,5.232,7.0,1.1283,1.1403,0,urban,(neidentificat),,86.4
RUTA_A,11-13,2026-04-02 13:09:51,12:47,2325,12.09,0.225,13249.9,1087.0,6.196,5.6,1.3362,1.3504,0,urban,(neidentificat),,89.1
RUTA_A,11-13,2026-04-02 13:09:52,12:47,2326,12.67,0.126,13253.5,1073.0,4.273,4.0,0.9214,0.9312,0,urban,(neidentificat),,90.6
RUTA_A,11-13,2026-04-02 13:09:53,12:47,2327,13.0,0.046,13257.1,1027.0,3.098,3.0,0.6681,0.6752,0,urban,(neidentificat),,88.8
RUTA_A,11-13,2026-04-02 13:09:54,12:47,2328,13.0,-0.055,13260.7,940.0,2.909,2.8,0.6272,0.6339,0,urban,(neidentificat),,84.9
RUTA_A,11-13,2026-04-02 13:09:55,12:47,2329,12.6,-0.136,13264.2,917.0,3.025,4.3,0.6524,0.6593,0,urban,(neidentificat),,81.2
RUTA_A,11-13,2026-04-02 13:09:56,12:47,2330,12.02,0.214,13267.5,922.0,3.279,6.6,0.7072,0.7147,0,urban,(neidentificat),,77.5
RUTA_A,11-13,2026-04-02 13:09:57,12:47,2331,14.14,0.552,13271.4,1037.0,5.265,6.9,1.1353,1.1474,0,urban,(neidentificat),,74.8
RUTA_A,11-13,2026-04-02 13:09:58,12:47,2332,16.0,0.258,13275.9,1161.0,6.744,6.8,1.4544,1.4698,0,urban,(neidentificat),,71.9
RUTA_A,11-13,2026-04-02 13:09:59,12:47,2333,16.0,0.131,13280.3,1306.0,5.342,5.5,1.152,1.1642,0,urban,(neidentificat),,68.0
RUTA_A,11-13,2026-04-02 13:10:00,12:47,2334,16.94,0.441,13285.0,1389.0,6.072,5.3,1.3094,1.3233,0,urban,(neidentificat),,64.4
RUTA_A,11-13,2026-04-02 13:10:01,12:47,2335,19.17,0.326,13290.4,1389.0,9.735,6.6,2.0993,2.1215,0,urban,(neidentificat),,61.4
RUTA_A,11-13,2026-04-02 13:10:02,12:47,2336,19.29,-0.142,13295.7,1370.0,8.649,6.2,1.865,1.8848,0,urban,(neidentificat),,57.5
RUTA_A,11-13,2026-04-02 13:10:03,12:47,2337,18.15,-0.111,13300.8,1341.0,4.773,4.9,1.0293,1.0402,0,urban,(neidentificat),,53.7
RUTA_A,11-13,2026-04-02 13:10:04,12:47,2338,18.49,0.125,13305.9,1316.0,4.221,4.7,0.9102,0.9198,0,urban,(neidentificat),,50.5
RUTA_A,11-13,2026-04-02 13:10:05,12:47,2339,19.05,0.157,13311.2,1303.0,4.493,5.1,0.9689,0.9792,0,urban,(neidentificat),,46.4
RUTA_A,11-13,2026-04-02 13:10:06,12:47,2340,19.62,0.256,13316.6,1387.0,7.682,9.1,1.6566,1.6741,0,urban,(neidentificat),,47.1
RUTA_A,11-13,2026-04-02 13:10:07,12:47,2341,20.89,0.57,13322.4,1514.0,10.211,12.0,2.2019,2.2253,0,urban,(neidentificat),,48.6
RUTA_A,11-13,2026-04-02 13:10:08,12:47,2342,23.72,0.57,13329.0,1730.0,11.318,12.6,2.4406,2.4664,0,urban,(neidentificat),,49.9
RUTA_A,11-13,2026-04-02 13:10:09,12:47,2343,25.0,0.178,13336.0,1599.0,9.14,10.0,1.971,1.9918,0,urban,(neidentificat),,50.0
RUTA_A,11-13,2026-04-02 13:10:10,12:47,2344,25.0,-0.49,13342.9,1176.0,4.231,4.7,0.9124,0.922,0,urban,(neidentificat),,51.1
RUTA_A,11-13,2026-04-02 13:10:11,12:47,2345,21.47,-1.11,13348.9,1021.0,3.072,3.4,0.6625,0.6695,0,urban,(neidentificat),,52.6
RUTA_A,11-13,2026-04-02 13:10:12,12:47,2346,17.01,-0.861,13353.6,936.0,2.91,3.1,0.6276,0.6342,0,urban,(neidentificat),,50.9
RUTA_A,11-13,2026-04-02 13:10:13,12:47,2347,15.27,-0.501,13357.9,815.0,2.691,2.9,0.5804,0.5865,0,urban,(neidentificat),,47.9
RUTA_A,11-13,2026-04-02 13:10:14,12:47,2348,13.4,-0.578,13361.6,745.0,2.616,2.8,0.5641,0.57,0,urban,(neidentificat),,45.3
RUTA_A,11-13,2026-04-02 13:10:15,12:47,2349,11.11,-0.513,13364.7,820.0,2.942,3.0,0.6343,0.6411,0,urban,(neidentificat),,44.8
RUTA_A,11-13,2026-04-02 13:10:16,12:47,2350,9.7,-0.276,13367.4,964.0,4.544,5.5,0.9799,0.9903,0,urban,(neidentificat),,43.2
RUTA_A,11-13,2026-04-02 13:10:17,12:47,2351,9.12,-0.402,13369.9,1174.0,7.353,10.0,1.5857,1.6025,0,urban,(neidentificat),,40.8
RUTA_A,11-13,2026-04-02 13:10:18,12:47,2352,6.81,-0.71,13371.8,1230.0,5.908,7.5,1.274,1.2875,0,urban,(neidentificat),,39.8
RUTA_A,11-13,2026-04-02 13:10:19,12:47,2353,4.01,-0.545,13372.9,1244.0,3.29,3.2,0.7096,0.7171,0,urban,(neidentificat),,39.1
RUTA_A,11-13,2026-04-02 13:10:20,12:47,2354,2.89,-0.313,13373.7,1389.0,8.071,5.3,1.7404,1.7589,0,urban,(neidentificat),,39.3
RUTA_A,11-13,2026-04-02 13:10:21,12:47,2355,1.76,-0.32,13374.2,1494.0,11.342,7.5,2.4458,2.4717,0,urban,(neidentificat),,39.4
RUTA_A,11-13,2026-04-02 13:10:22,12:47,2356,0.59,0.114,13374.4,1445.0,8.681,9.8,1.8719,1.8918,1,urban,(neidentificat),,39.4
RUTA_A,11-13,2026-04-02 13:10:23,12:47,2357,2.58,0.994,13375.1,1366.0,8.615,11.0,1.8578,1.8775,0,urban,(neidentificat),,39.5
RUTA_A,11-13,2026-04-02 13:10:24,12:47,2358,7.75,1.433,13377.2,1256.0,11.145,11.0,2.4034,2.4289,0,urban,(neidentificat),,39.7
RUTA_A,11-13,2026-04-02 13:10:25,12:47,2359,12.9,1.418,13380.8,1504.0,9.471,7.9,2.0423,2.064,0,urban,(neidentificat),,40.4
RUTA_A,11-13,2026-04-02 13:10:26,12:47,2360,17.96,0.143,13385.8,1856.0,6.457,3.9,1.3925,1.4073,0,urban,(neidentificat),,41.9
RUTA_A,11-13,2026-04-02 13:10:27,12:47,2361,13.93,-1.119,13389.7,1270.0,4.41,3.5,0.9511,0.9611,0,urban,(neidentificat),,41.7
RUTA_A,11-13,2026-04-02 13:10:28,12:47,2362,9.9,-1.123,13392.4,841.0,2.893,3.1,0.6239,0.6305,0,urban,(neidentificat),,40.6
RUTA_A,11-13,2026-04-02 13:10:29,12:47,2363,5.85,-0.999,13394.0,830.0,2.795,3.1,0.6027,0.6091,0,urban,(neidentificat),,39.9
RUTA_A,11-13,2026-04-02 13:10:30,12:47,2364,2.7,-0.767,13394.8,831.0,2.892,3.1,0.6238,0.6304,0,urban,(neidentificat),,39.4
RUTA_A,11-13,2026-04-02 13:10:31,12:47,2365,0.32,-0.376,13394.9,840.0,3.154,3.1,0.6802,0.6874,1,urban,(neidentificat),,38.9
RUTA_A,11-13,2026-04-02 13:10:32,12:47,2366,0.0,-0.045,13394.9,835.0,3.121,3.1,0.6731,0.6802,1,urban,(neidentificat),,38.8
RUTA_A,11-13,2026-04-02 13:10:33,12:47,2367,0.0,0.0,13394.9,829.0,3.042,3.1,0.6559,0.6629,1,urban,(neidentificat),,38.6
RUTA_A,11-13,2026-04-02 13:10:34,12:47,2368,0.0,0.0,13394.9,451.0,2.33,2.4,0.5024,0.5077,1,urban,(neidentificat),,38.6
RUTA_A,11-13,2026-04-02 13:10:35,12:47,2369,0.0,0.0,13394.9,66.0,1.603,1.7,0.3458,0.3494,1,urban,(neidentificat),,38.6
RUTA_A,11-13,2026-04-02 13:10:36,12:47,2370,0.0,0.0,13394.9,0.0,1.48,1.6,0.3192,0.3225,1,urban,(neidentificat),,38.6
RUTA_A,11-13,2026-04-02 13:10:37,12:47,2371,0.0,0.0,13394.9,0.0,1.48,1.6,0.3192,0.3225,1,urban,(neidentificat),,38.6
RUTA_A,11-13,2026-04-02 13:10:38,12:47,2372,0.0,0.0,13394.9,0.0,1.48,1.6,0.3192,0.3225,1,urban,(neidentificat),,38.6
RUTA_A,11-13,2026-04-02 13:10:39,12:47,2373,0.0,0.0,13394.9,0.0,1.48,1.6,0.3192,0.3225,1,urban,(neidentificat),,38.6
RUTA_A,11-13,2026-04-02 13:10:40,12:47,2374,0.0,0.0,13394.9,0.0,1.48,1.6,0.3192,0.3225,1,urban,(neidentificat),,38.6
RUTA_A,11-13,2026-04-02 13:10:41,12:47,2375,0.0,0.0,13394.9,0.0,1.48,1.6,0.3192,0.3225,1,urban,(neidentificat),,38.6
RUTA_A,11-13,2026-04-02 13:10:42,12:47,2376,0.0,0.0,13394.9,0.0,1.48,1.6,0.3192,0.3225,1,urban,(neidentificat),,38.6
RUTA_A,11-13,2026-04-02 13:10:43,12:47,2377,0.0,0.0,13394.9,0.0,1.48,1.6,0.3192,0.3225,1,urban,(neidentificat),,38.6
