ruta,fereastra_orara,timestamp_local,segment,t_rel_s,v_kmh,a_ms2,dist_cum_m,rpm,maf_g_s,sarcina_motor_pct,CO2_g_s_benzina,CO2_g_s_diesel,stationare,clasa_RDE,strada,tip_drum_OSM,dist_map_match_m
RUTA_B,15-17,2026-04-02 15:28:27,15:28,0,0.0,0.0,0.0,0.0,4.9,1.6,1.0567,1.0679,1,urban,coridor litoral Mamaia–Năvodari (în afara extractului OSM),,38.6
RUTA_B,15-17,2026-04-02 15:28:28,15:28,1,0.0,0.0,0.0,196.0,4.9,2.2,1.0567,1.0679,1,urban,coridor litoral Mamaia–Năvodari (în afara extractului OSM),,38.6
RUTA_B,15-17,2026-04-02 15:28:29,15:28,2,0.0,0.0,0.0,839.0,4.9,4.3,1.0567,1.0679,1,urban,coridor litoral Mamaia–Năvodari (în afara extractului OSM),,38.6
RUTA_B,15-17,2026-04-02 15:28:30,15:28,3,0.0,0.0,0.0,1094.0,4.894,5.1,1.0553,1.0665,1,urban,coridor litoral Mamaia–Năvodari (în afara extractului OSM),,38.6
RUTA_B,15-17,2026-04-02 15:28:31,15:28,4,0.0,0.0,0.0,1090.0,4.884,5.1,1.0531,1.0643,1,urban,coridor litoral Mamaia–Năvodari (în afara extractului OSM),,38.6
RUTA_B,15-17,2026-04-02 15:28:32,15:28,5,0.0,0.0,0.0,1091.0,4.848,5.1,1.0454,1.0564,1,urban,coridor litoral Mamaia–Năvodari (în afara extractului OSM),,38.6
RUTA_B,15-17,2026-04-02 15:28:33,15:28,6,0.0,0.0,0.0,1094.0,4.798,5.1,1.0346,1.0456,1,urban,coridor litoral Mamaia–Năvodari (în afara extractului OSM),,38.6
RUTA_B,15-17,2026-04-02 15:28:34,15:28,7,0.0,0.0,0.0,1089.0,4.788,5.1,1.0325,1.0434,1,urban,coridor litoral Mamaia–Năvodari (în afara extractului OSM),,38.6
RUTA_B,15-17,2026-04-02 15:28:35,15:28,8,0.0,0.0,0.0,1079.0,4.799,5.1,1.035,1.0459,1,urban,coridor litoral Mamaia–Năvodari (în afara extractului OSM),,38.6
RUTA_B,15-17,2026-04-02 15:28:36,15:28,9,0.0,0.0,0.0,1092.0,4.757,5.1,1.0258,1.0367,1,urban,coridor litoral Mamaia–Năvodari (în afara extractului OSM),,38.6
RUTA_B,15-17,2026-04-02 15:28:37,15:28,10,0.0,0.0,0.0,1099.0,4.742,5.1,1.0226,1.0335,1,urban,coridor litoral Mamaia–Năvodari (în afara extractului OSM),,38.6
RUTA_B,15-17,2026-04-02 15:28:38,15:28,11,0.0,0.0,0.0,1094.0,4.776,5.1,1.0298,1.0408,1,urban,coridor litoral Mamaia–Năvodari (în afara extractului OSM),,38.6
RUTA_B,15-17,2026-04-02 15:28:39,15:28,12,0.0,0.0,0.0,1091.0,4.777,5.1,1.0302,1.0412,1,urban,coridor litoral Mamaia–Năvodari (în afara extractului OSM),,39.9
RUTA_B,15-17,2026-04-02 15:28:40,15:28,13,0.0,0.0,0.0,1088.0,4.756,5.1,1.0255,1.0364,1,urban,coridor litoral Mamaia–Năvodari (în afara extractului OSM),,41.5
RUTA_B,15-17,2026-04-02 15:28:41,15:28,14,0.0,0.0,0.0,1087.0,4.754,5.1,1.0253,1.0361,1,urban,coridor litoral Mamaia–Năvodari (în afara extractului OSM),,43.1
RUTA_B,15-17,2026-04-02 15:28:42,15:28,15,0.0,0.0,0.0,1088.0,4.759,5.1,1.0262,1.0371,1,urban,coridor litoral Mamaia–Năvodari (în afara extractului OSM),,45.3
RUTA_B,15-17,2026-04-02 15:28:43,15:28,16,0.0,0.0,0.0,1094.0,4.706,5.1,1.0149,1.0257,1,urban,coridor litoral Mamaia–Năvodari (în afara extractului OSM),,48.1
RUTA_B,15-17,2026-04-02 15:28:44,15:28,17,0.0,0.0,0.0,1095.0,4.679,5.1,1.0089,1.0196,1,urban,coridor litoral Mamaia–Năvodari (în afara extractului OSM),,50.1
RUTA_B,15-17,2026-04-02 15:28:45,15:28,18,0.0,0.0,0.0,1081.0,4.707,5.1,1.015,1.0257,1,urban,coridor litoral Mamaia–Năvodari (în afara extractului OSM),,50.4
RUTA_B,15-17,2026-04-02 15:28:46,15:28,19,0.0,0.0,0.0,1070.0,4.695,5.1,1.0124,1.0232,1,urban,coridor litoral Mamaia–Năvodari (în afara extractului OSM),,50.4
RUTA_B,15-17,2026-04-02 15:28:47,15:28,20,0.0,0.0,0.0,1062.0,4.647,5.1,1.002,1.0127,1,urban,coridor litoral Mamaia–Năvodari (în afara extractului OSM),,50.0
RUTA_B,15-17,2026-04-02 15:28:48,15:28,21,0.0,0.0,0.0,1066.0,4.665,5.1,1.006,1.0167,1,urban,coridor litoral Mamaia–Năvodari (în afara extractului OSM),,52.3
RUTA_B,15-17,2026-04-02 15:28:49,15:28,22,0.0,0.0,0.0,1072.0,4.692,5.1,1.0117,1.0224,1,urban,coridor litoral Mamaia–Năvodari (în afara extractului OSM),,54.1
RUTA_B,15-17,2026-04-02 15:28:50,15:28,23,0.0,0.0,0.0,1067.0,4.703,5.1,1.0141,1.0248,1,urban,coridor litoral Mamaia–Năvodari (în afara extractului OSM),,54.1
RUTA_B,15-17,2026-04-02 15:28:51,15:28,24,0.0,0.0,0.0,1065.0,4.701,5.1,1.0138,1.0246,1,urban,coridor litoral Mamaia–Năvodari (în afara extractului OSM),,53.3
RUTA_B,15-17,2026-04-02 15:28:52,15:28,25,0.0,0.0,0.0,1067.0,4.675,5.1,1.0081,1.0188,1,urban,coridor litoral Mamaia–Năvodari (în afara extractului OSM),,51.0
RUTA_B,15-17,2026-04-02 15:28:53,15:28,26,0.0,0.0,0.0,1068.0,4.648,5.1,1.0024,1.013,1,urban,coridor litoral Mamaia–Năvodari (în afara extractului OSM),,48.6
RUTA_B,15-17,2026-04-02 15:28:54,15:28,27,0.0,0.0,0.0,1067.0,4.642,5.0,1.0011,1.0117,1,urban,coridor litoral Mamaia–Năvodari (în afara extractului OSM),,47.8
RUTA_B,15-17,2026-04-02 15:28:55,15:28,28,0.0,0.0,0.0,1063.0,4.645,4.9,1.0018,1.0124,1,urban,coridor litoral Mamaia–Năvodari (în afara extractului OSM),,47.8
RUTA_B,15-17,2026-04-02 15:28:56,15:28,29,0.0,0.0,0.0,1060.0,4.649,4.8,1.0024,1.0131,1,urban,coridor litoral Mamaia–Năvodari (în afara extractului OSM),,47.8
RUTA_B,15-17,2026-04-02 15:28:57,15:28,30,0.0,0.0,0.0,1055.0,4.636,4.7,0.9996,1.0102,1,urban,coridor litoral Mamaia–Năvodari (în afara extractului OSM),,47.8
RUTA_B,15-17,2026-04-02 15:28:58,15:28,31,0.0,0.0,0.0,1048.0,4.61,4.7,0.994,1.0046,1,urban,coridor litoral Mamaia–Năvodari (în afara extractului OSM),,47.8
RUTA_B,15-17,2026-04-02 15:28:59,15:28,32,0.0,0.0,0.0,1042.0,4.584,4.7,0.9884,0.9989,1,urban,coridor litoral Mamaia–Năvodari (în afara extractului OSM),,47.8
RUTA_B,15-17,2026-04-02 15:29:00,15:28,33,0.0,0.0,0.0,1043.0,4.553,4.6,0.9818,0.9922,1,urban,coridor litoral Mamaia–Năvodari (în afara extractului OSM),,47.8
RUTA_B,15-17,2026-04-02 15:29:01,15:28,34,0.0,0.0,0.0,1053.0,4.517,4.5,0.9741,0.9845,1,urban,coridor litoral Mamaia–Năvodari (în afara extractului OSM),,47.8
RUTA_B,15-17,2026-04-02 15:29:02,15:28,35,0.0,0.0,0.0,1063.0,4.482,4.4,0.9665,0.9767,1,urban,coridor litoral Mamaia–Năvodari (în afara extractului OSM),,47.8
RUTA_B,15-17,2026-04-02 15:29:03,15:28,36,0.0,0.0,0.0,1064.0,4.378,4.3,0.9442,0.9542,1,urban,coridor litoral Mamaia–Năvodari (în afara extractului OSM),,46.6
RUTA_B,15-17,2026-04-02 15:29:04,15:28,37,0.0,0.0,0.0,1052.0,4.17,4.3,0.8993,0.9088,1,urban,coridor litoral Mamaia–Năvodari (în afara extractului OSM),,43.5
RUTA_B,15-17,2026-04-02 15:29:05,15:28,38,0.0,0.0,0.0,1039.0,4.007,4.3,0.8642,0.8734,1,urban,coridor litoral Mamaia–Năvodari (în afara extractului OSM),,40.7
RUTA_B,15-17,2026-04-02 15:29:06,15:28,39,0.0,0.0,0.0,1030.0,4.049,4.3,0.8731,0.8823,1,urban,coridor litoral Mamaia–Năvodari (în afara extractului OSM),,40.6
RUTA_B,15-17,2026-04-02 15:29:07,15:28,40,0.0,0.0,0.0,1025.0,4.067,4.3,0.8771,0.8864,1,urban,coridor litoral Mamaia–Năvodari (în afara extractului OSM),,40.6
RUTA_B,15-17,2026-04-02 15:29:08,15:28,41,0.0,0.0,0.0,1022.0,4.062,4.3,0.8759,0.8852,1,urban,coridor litoral Mamaia–Năvodari (în afara extractului OSM),,40.6
RUTA_B,15-17,2026-04-02 15:29:09,15:28,42,0.0,0.0,0.0,1016.0,4.037,4.3,0.8705,0.8798,1,urban,coridor litoral Mamaia–Năvodari (în afara extractului OSM),,40.6
RUTA_B,15-17,2026-04-02 15:29:10,15:28,43,0.0,0.0,0.0,1009.0,4.003,4.3,0.8633,0.8725,1,urban,coridor litoral Mamaia–Năvodari (în afara extractului OSM),,40.6
RUTA_B,15-17,2026-04-02 15:29:11,15:28,44,0.0,0.006,0.0,1003.0,4.094,5.3,0.8828,0.8921,1,urban,coridor litoral Mamaia–Năvodari (în afara extractului OSM),,40.5
RUTA_B,15-17,2026-04-02 15:29:12,15:28,45,0.05,0.088,0.0,995.0,4.185,6.2,0.9024,0.9119,1,urban,coridor litoral Mamaia–Năvodari (în afara extractului OSM),,40.5
RUTA_B,15-17,2026-04-02 15:29:13,15:28,46,0.63,0.162,0.2,984.0,4.114,5.5,0.8873,0.8967,1,urban,coridor litoral Mamaia–Năvodari (în afara extractului OSM),,41.0
RUTA_B,15-17,2026-04-02 15:29:14,15:28,47,1.21,0.16,0.5,1001.0,4.443,5.2,0.9581,0.9683,0,urban,coridor litoral Mamaia–Năvodari (în afara extractului OSM),,41.5
RUTA_B,15-17,2026-04-02 15:29:15,15:28,48,1.79,0.11,1.0,1066.0,5.46,5.4,1.1774,1.1899,0,urban,coridor litoral Mamaia–Năvodari (în afara extractului OSM),,41.9
RUTA_B,15-17,2026-04-02 15:29:16,15:28,49,2.0,0.03,1.6,1138.0,5.884,5.5,1.2688,1.2823,0,urban,coridor litoral Mamaia–Năvodari (în afara extractului OSM),,42.2
RUTA_B,15-17,2026-04-02 15:29:17,15:28,50,2.0,0.0,2.1,1215.0,5.954,5.5,1.2839,1.2975,0,urban,coridor litoral Mamaia–Năvodari (în afara extractului OSM),,42.5
RUTA_B,15-17,2026-04-02 15:29:18,15:28,51,2.0,0.015,2.7,1281.0,6.715,7.1,1.4481,1.4635,0,urban,coridor litoral Mamaia–Năvodari (în afara extractului OSM),,42.9
RUTA_B,15-17,2026-04-02 15:29:19,15:28,52,2.11,0.095,3.3,1306.0,7.066,8.2,1.5238,1.54,0,urban,coridor litoral Mamaia–Năvodari (în afara extractului OSM),,43.2
RUTA_B,15-17,2026-04-02 15:29:20,15:28,53,2.68,0.196,4.0,1164.0,5.327,6.0,1.1487,1.1609,0,urban,coridor litoral Mamaia–Năvodari (în afara extractului OSM),,42.6
RUTA_B,15-17,2026-04-02 15:29:21,15:28,54,3.52,0.276,5.0,1106.0,4.604,4.7,0.9927,1.0033,0,urban,coridor litoral Mamaia–Năvodari (în afara extractului OSM),,42.1
RUTA_B,15-17,2026-04-02 15:29:22,15:28,55,4.67,0.149,6.3,1153.0,5.123,4.7,1.1047,1.1164,0,urban,coridor litoral Mamaia–Năvodari (în afara extractului OSM),,41.8
RUTA_B,15-17,2026-04-02 15:29:23,15:28,56,4.59,-0.09,7.6,1151.0,5.071,4.7,1.0934,1.105,0,urban,coridor litoral Mamaia–Năvodari (în afara extractului OSM),,41.5
RUTA_B,15-17,2026-04-02 15:29:24,15:28,57,4.02,-0.156,8.7,1129.0,4.792,4.7,1.0334,1.0443,0,urban,coridor litoral Mamaia–Năvodari (în afara extractului OSM),,41.3
RUTA_B,15-17,2026-04-02 15:29:25,15:28,58,3.47,-0.155,9.6,1056.0,4.493,4.7,0.9689,0.9792,0,urban,coridor litoral Mamaia–Năvodari (în afara extractului OSM),,41.1
RUTA_B,15-17,2026-04-02 15:29:26,15:28,59,2.91,-0.159,10.5,996.0,4.245,4.7,0.9155,0.9252,0,urban,coridor litoral Mamaia–Năvodari (în afara extractului OSM),,40.9
RUTA_B,15-17,2026-04-02 15:29:27,15:28,60,2.32,-0.163,11.1,1013.0,4.281,4.4,0.9231,0.9329,0,urban,coridor litoral Mamaia–Năvodari (în afara extractului OSM),,40.6
RUTA_B,15-17,2026-04-02 15:29:28,15:28,61,1.74,-0.162,11.6,1045.0,4.66,4.8,1.005,1.0157,0,urban,coridor litoral Mamaia–Năvodari (în afara extractului OSM),,40.4
RUTA_B,15-17,2026-04-02 15:29:29,15:28,62,1.15,-0.046,11.9,1094.0,5.458,6.0,1.177,1.1894,0,urban,coridor litoral Mamaia–Năvodari (în afara extractului OSM),,40.3
RUTA_B,15-17,2026-04-02 15:29:30,15:28,63,1.41,0.112,12.3,1100.0,5.304,5.6,1.1437,1.1558,0,urban,coridor litoral Mamaia–Năvodari (în afara extractului OSM),,40.2
RUTA_B,15-17,2026-04-02 15:29:31,15:28,64,1.96,0.082,12.8,1091.0,4.804,4.8,1.0361,1.047,0,urban,coridor litoral Mamaia–Năvodari (în afara extractului OSM),,40.2
RUTA_B,15-17,2026-04-02 15:29:32,15:28,65,2.0,0.02,13.4,1252.0,5.946,6.2,1.2822,1.2958,0,urban,coridor litoral Mamaia–Năvodari (în afara extractului OSM),,40.2
RUTA_B,15-17,2026-04-02 15:29:33,15:28,66,2.1,0.094,14.0,1391.0,7.144,7.3,1.5405,1.5568,0,urban,coridor litoral Mamaia–Năvodari (în afara extractului OSM),,40.1
RUTA_B,15-17,2026-04-02 15:29:34,15:28,67,2.68,0.09,14.7,1374.0,8.048,6.6,1.7355,1.7539,0,urban,coridor litoral Mamaia–Năvodari (în afara extractului OSM),,39.9
RUTA_B,15-17,2026-04-02 15:29:35,15:28,68,2.75,-0.067,15.5,1279.0,7.494,5.8,1.616,1.6331,0,urban,coridor litoral Mamaia–Năvodari (în afara extractului OSM),,39.7
RUTA_B,15-17,2026-04-02 15:29:36,15:28,69,2.2,-0.105,16.1,1086.0,5.12,4.7,1.1042,1.1159,0,urban,coridor litoral Mamaia–Năvodari (în afara extractului OSM),,39.7
RUTA_B,15-17,2026-04-02 15:29:37,15:28,70,2.0,-0.027,16.7,1228.0,5.593,5.5,1.2061,1.2189,0,urban,coridor litoral Mamaia–Năvodari (în afara extractului OSM),,39.6
RUTA_B,15-17,2026-04-02 15:29:38,15:28,71,2.0,-0.072,17.2,1554.0,7.625,7.3,1.6444,1.6618,0,urban,coridor litoral Mamaia–Năvodari (în afara extractului OSM),,39.6
RUTA_B,15-17,2026-04-02 15:29:39,15:28,72,1.48,-0.151,17.6,1283.0,5.981,5.8,1.2898,1.3035,0,urban,coridor litoral Mamaia–Năvodari (în afara extractului OSM),,40.7
RUTA_B,15-17,2026-04-02 15:29:40,15:28,73,0.91,-0.16,17.9,1050.0,4.658,4.6,1.0044,1.015,1,urban,coridor litoral Mamaia–Năvodari (în afara extractului OSM),,41.7
RUTA_B,15-17,2026-04-02 15:29:41,15:28,74,0.33,0.105,18.0,1298.0,6.821,6.7,1.4709,1.4865,1,urban,coridor litoral Mamaia–Năvodari (în afara extractului OSM),,42.3
RUTA_B,15-17,2026-04-02 15:29:42,15:28,75,1.67,0.721,18.4,1349.0,8.145,7.6,1.7565,1.7751,0,urban,coridor litoral Mamaia–Năvodari (în afara extractului OSM),,42.5
RUTA_B,15-17,2026-04-02 15:29:43,15:28,76,5.52,0.648,20.0,1140.0,8.366,6.9,1.804,1.8231,0,urban,coridor litoral Mamaia–Năvodari (în afara extractului OSM),,42.1
RUTA_B,15-17,2026-04-02 15:29:44,15:28,77,6.33,-0.038,21.7,1047.0,7.012,5.9,1.5121,1.5281,0,urban,coridor litoral Mamaia–Năvodari (în afara extractului OSM),,42.5
RUTA_B,15-17,2026-04-02 15:29:45,15:28,78,5.25,-0.496,23.2,1025.0,4.681,4.6,1.0095,1.0202,0,urban,coridor litoral Mamaia–Năvodari (în afara extractului OSM),,43.3
RUTA_B,15-17,2026-04-02 15:29:46,15:28,79,2.76,-0.717,23.9,865.0,6.198,8.2,1.3365,1.3507,0,urban,coridor litoral Mamaia–Năvodari (în afara extractului OSM),,43.7
RUTA_B,15-17,2026-04-02 15:29:47,15:28,80,0.08,-0.137,24.0,676.0,8.634,12.8,1.8619,1.8817,1,urban,coridor litoral Mamaia–Năvodari (în afara extractului OSM),,44.0
RUTA_B,15-17,2026-04-02 15:29:48,15:28,81,1.77,0.427,24.5,722.0,6.883,9.5,1.4843,1.5,0,urban,coridor litoral Mamaia–Năvodari (în afara extractului OSM),,44.4
RUTA_B,15-17,2026-04-02 15:29:49,15:28,82,3.15,0.271,25.3,742.0,5.424,7.0,1.1697,1.1821,0,urban,coridor litoral Mamaia–Năvodari (în afara extractului OSM),,44.8
RUTA_B,15-17,2026-04-02 15:29:50,15:28,83,3.72,-0.047,26.4,695.0,4.744,6.8,1.0229,1.0338,0,urban,coridor litoral Mamaia–Năvodari (în afara extractului OSM),,45.2
RUTA_B,15-17,2026-04-02 15:29:51,15:28,84,2.81,-0.449,27.2,860.0,5.095,7.3,1.0988,1.1104,0,urban,coridor litoral Mamaia–Năvodari (în afara extractului OSM),,45.3
RUTA_B,15-17,2026-04-02 15:29:52,15:28,85,0.49,-0.15,27.3,1228.0,6.439,8.4,1.3886,1.4033,1,urban,coridor litoral Mamaia–Năvodari (în afara extractului OSM),,45.3
RUTA_B,15-17,2026-04-02 15:29:53,15:28,86,1.73,0.476,27.8,1185.0,6.292,7.4,1.3568,1.3712,0,urban,coridor litoral Mamaia–Năvodari (în afara extractului OSM),,45.3
RUTA_B,15-17,2026-04-02 15:29:54,15:28,87,3.92,0.629,28.9,1032.0,5.751,5.9,1.2401,1.2532,0,urban,coridor litoral Mamaia–Năvodari (în afara extractului OSM),,45.4
RUTA_B,15-17,2026-04-02 15:29:55,15:28,88,6.26,0.628,30.6,1116.0,6.505,6.8,1.4027,1.4176,0,urban,coridor litoral Mamaia–Năvodari (în afara extractului OSM),,45.7
RUTA_B,15-17,2026-04-02 15:29:56,15:28,89,8.44,0.534,32.9,1220.0,6.937,7.4,1.496,1.5118,0,urban,coridor litoral Mamaia–Năvodari (în afara extractului OSM),,46.7
RUTA_B,15-17,2026-04-02 15:29:57,15:28,90,10.11,0.469,35.7,1353.0,6.313,7.2,1.3613,1.3757,0,urban,coridor litoral Mamaia–Năvodari (în afara extractului OSM),,49.7
RUTA_B,15-17,2026-04-02 15:29:58,15:28,91,11.81,0.479,39.0,1525.0,6.512,6.5,1.4043,1.4192,0,urban,coridor litoral Mamaia–Năvodari (în afara extractului OSM),,53.1
RUTA_B,15-17,2026-04-02 15:29:59,15:28,92,13.56,0.362,42.8,1741.0,7.652,5.4,1.6501,1.6675,0,urban,coridor litoral Mamaia–Năvodari (în afara extractului OSM),,54.1
RUTA_B,15-17,2026-04-02 15:30:00,15:28,93,14.42,0.198,46.8,1475.0,7.474,5.4,1.6118,1.6289,0,urban,coridor litoral Mamaia–Năvodari (în afara extractului OSM),,53.6
RUTA_B,15-17,2026-04-02 15:30:01,15:28,94,14.98,0.157,51.0,1047.0,6.851,5.9,1.4773,1.493,0,urban,coridor litoral Mamaia–Năvodari (în afara extractului OSM),,53.3
RUTA_B,15-17,2026-04-02 15:30:02,15:28,95,15.55,0.125,55.3,1103.0,5.723,5.2,1.2341,1.2472,0,urban,coridor litoral Mamaia–Năvodari (în afara extractului OSM),,52.6
RUTA_B,15-17,2026-04-02 15:30:03,15:28,96,15.88,-0.032,59.7,1155.0,4.693,4.6,1.0121,1.0228,0,urban,coridor litoral Mamaia–Năvodari (în afara extractului OSM),,52.2
RUTA_B,15-17,2026-04-02 15:30:04,15:28,97,15.32,-0.155,64.0,1126.0,4.073,4.2,0.8782,0.8875,0,urban,coridor litoral Mamaia–Năvodari (în afara extractului OSM),,52.3
RUTA_B,15-17,2026-04-02 15:30:05,15:28,98,14.76,-0.158,68.1,1095.0,3.672,3.9,0.7918,0.8002,0,urban,coridor litoral Mamaia–Năvodari (în afara extractului OSM),,50.2
RUTA_B,15-17,2026-04-02 15:30:06,15:28,99,14.18,-0.157,72.0,1060.0,3.579,3.9,0.7719,0.7801,0,urban,coridor litoral Mamaia–Năvodari (în afara extractului OSM),,47.7
RUTA_B,15-17,2026-04-02 15:30:07,15:28,100,13.63,-0.152,75.8,1012.0,3.502,3.8,0.7552,0.7632,0,urban,coridor litoral Mamaia–Năvodari (în afara extractului OSM),,46.8
RUTA_B,15-17,2026-04-02 15:30:08,15:28,101,13.09,-0.152,79.4,959.0,3.431,3.6,0.7399,0.7478,0,urban,coridor litoral Mamaia–Năvodari (în afara extractului OSM),,46.4
RUTA_B,15-17,2026-04-02 15:30:09,15:28,102,12.54,-0.151,82.9,940.0,3.81,3.9,0.8216,0.8303,0,urban,coridor litoral Mamaia–Năvodari (în afara extractului OSM),,46.0
RUTA_B,15-17,2026-04-02 15:30:10,15:28,103,12.0,-0.074,86.2,929.0,4.266,4.3,0.92,0.9297,0,urban,coridor litoral Mamaia–Năvodari (în afara extractului OSM),,45.8
RUTA_B,15-17,2026-04-02 15:30:11,15:28,104,12.0,0.08,89.6,925.0,4.468,5.4,0.9635,0.9737,0,urban,coridor litoral Mamaia–Năvodari (în afara extractului OSM),,44.5
RUTA_B,15-17,2026-04-02 15:30:12,15:28,105,12.58,0.407,93.1,954.0,4.917,6.4,1.0603,1.0715,0,urban,coridor litoral Mamaia–Năvodari (în afara extractului OSM),,43.8
RUTA_B,15-17,2026-04-02 15:30:13,15:28,106,14.93,0.52,97.2,1084.0,6.123,7.1,1.3203,1.3343,0,urban,coridor litoral Mamaia–Năvodari (în afara extractului OSM),,45.6
RUTA_B,15-17,2026-04-02 15:30:14,15:28,107,16.32,0.275,101.7,1197.0,6.285,6.9,1.3552,1.3696,0,urban,coridor litoral Mamaia–Năvodari (în afara extractului OSM),,47.2
RUTA_B,15-17,2026-04-02 15:30:15,15:28,108,16.91,0.161,106.4,1296.0,5.579,6.0,1.203,1.2158,0,urban,coridor litoral Mamaia–Năvodari (în afara extractului OSM),,48.4
RUTA_B,15-17,2026-04-02 15:30:16,15:28,109,17.48,0.14,111.3,1336.0,5.676,6.1,1.2239,1.2369,0,urban,coridor litoral Mamaia–Năvodari (în afara extractului OSM),,52.2
RUTA_B,15-17,2026-04-02 15:30:17,15:28,110,17.92,-0.09,116.3,1356.0,5.805,6.2,1.2518,1.2651,0,urban,coridor litoral Mamaia–Năvodari (în afara extractului OSM),,56.1
RUTA_B,15-17,2026-04-02 15:30:18,15:28,111,16.83,-0.304,120.9,1274.0,4.569,4.7,0.9853,0.9958,0,urban,coridor litoral Mamaia–Năvodari (în afara extractului OSM),,60.6
RUTA_B,15-17,2026-04-02 15:30:19,15:28,112,15.72,-0.313,125.3,1187.0,3.576,3.5,0.7712,0.7794,0,urban,coridor litoral Mamaia–Năvodari (în afara extractului OSM),,65.3
RUTA_B,15-17,2026-04-02 15:30:20,15:28,113,14.58,-0.32,129.4,1085.0,3.353,3.5,0.723,0.7306,0,urban,coridor litoral Mamaia–Năvodari (în afara extractului OSM),,70.0
RUTA_B,15-17,2026-04-02 15:30:21,15:28,114,13.42,-0.322,133.1,1000.0,3.278,3.5,0.7068,0.7143,0,urban,coridor litoral Mamaia–Năvodari (în afara extractului OSM),,75.2
RUTA_B,15-17,2026-04-02 15:30:22,15:28,115,12.26,-0.262,136.5,931.0,3.353,3.5,0.7232,0.7308,0,urban,coridor litoral Mamaia–Năvodari (în afara extractului OSM),,80.8
RUTA_B,15-17,2026-04-02 15:30:23,15:28,116,11.54,-0.174,139.7,858.0,3.347,3.5,0.7217,0.7294,0,urban,coridor litoral Mamaia–Năvodari (în afara extractului OSM),,83.9
RUTA_B,15-17,2026-04-02 15:30:24,15:28,117,11.0,-0.074,142.7,793.0,3.338,3.5,0.7197,0.7274,0,urban,coridor litoral Mamaia–Năvodari (în afara extractului OSM),,83.9
RUTA_B,15-17,2026-04-02 15:30:25,15:28,118,11.0,0.0,145.8,796.0,3.512,3.5,0.7574,0.7654,0,urban,coridor litoral Mamaia–Năvodari (în afara extractului OSM),,84.5
RUTA_B,15-17,2026-04-02 15:30:26,15:28,119,11.0,0.0,148.9,804.0,3.949,4.0,0.8517,0.8607,0,urban,coridor litoral Mamaia–Năvodari (în afara extractului OSM),,85.7
RUTA_B,15-17,2026-04-02 15:30:27,15:28,120,11.0,0.129,151.9,821.0,4.932,5.6,1.0636,1.0749,0,urban,coridor litoral Mamaia–Năvodari (în afara extractului OSM),,82.4
RUTA_B,15-17,2026-04-02 15:30:28,15:28,121,11.93,0.353,155.2,886.0,5.835,6.5,1.2584,1.2717,0,urban,coridor litoral Mamaia–Năvodari (în afara extractului OSM),,78.2
RUTA_B,15-17,2026-04-02 15:30:29,15:28,122,13.54,0.451,159.0,985.0,6.679,6.9,1.4404,1.4557,0,urban,coridor litoral Mamaia–Năvodari (în afara extractului OSM),,74.4
RUTA_B,15-17,2026-04-02 15:30:30,15:28,123,15.17,0.455,163.2,1089.0,6.638,6.4,1.4315,1.4467,0,urban,coridor litoral Mamaia–Năvodari (în afara extractului OSM),,71.6
RUTA_B,15-17,2026-04-02 15:30:31,15:28,124,16.81,0.185,167.9,1195.0,6.245,5.6,1.3466,1.3609,0,urban,coridor litoral Mamaia–Năvodari (în afara extractului OSM),,69.0
RUTA_B,15-17,2026-04-02 15:30:32,15:28,125,16.51,-0.142,172.5,1199.0,4.947,4.5,1.0668,1.0781,0,urban,coridor litoral Mamaia–Năvodari (în afara extractului OSM),,64.2
RUTA_B,15-17,2026-04-02 15:30:33,15:28,126,15.79,-0.421,176.8,1183.0,3.645,3.5,0.786,0.7944,0,urban,coridor litoral Mamaia–Năvodari (în afara extractului OSM),,59.1
RUTA_B,15-17,2026-04-02 15:30:34,15:28,127,13.47,-0.527,180.6,1087.0,3.477,3.5,0.7498,0.7577,0,urban,coridor litoral Mamaia–Năvodari (în afara extractului OSM),,54.0
RUTA_B,15-17,2026-04-02 15:30:35,15:28,128,12.0,-0.205,183.9,1037.0,4.052,4.7,0.8737,0.883,0,urban,coridor litoral Mamaia–Năvodari (în afara extractului OSM),,49.0
RUTA_B,15-17,2026-04-02 15:30:36,15:28,129,12.0,0.18,187.3,1069.0,5.924,7.8,1.2775,1.291,0,urban,coridor litoral Mamaia–Năvodari (în afara extractului OSM),,44.2
RUTA_B,15-17,2026-04-02 15:30:37,15:28,130,13.3,0.433,191.0,1045.0,7.825,9.3,1.6874,1.7053,0,urban,coridor litoral Mamaia–Năvodari (în afara extractului OSM),,42.3
RUTA_B,15-17,2026-04-02 15:30:38,15:28,131,15.12,0.554,195.2,1014.0,9.714,10.3,2.0948,2.117,0,urban,coridor litoral Mamaia–Năvodari (în afara extractului OSM),,41.6
RUTA_B,15-17,2026-04-02 15:30:39,15:28,132,17.28,0.622,200.0,1216.0,11.217,12.4,2.4189,2.4445,0,urban,coridor litoral Mamaia–Năvodari (în afara extractului OSM),,41.4
RUTA_B,15-17,2026-04-02 15:30:40,15:28,133,19.6,0.726,205.4,1420.0,11.584,12.9,2.4981,2.5246,0,urban,coridor litoral Mamaia–Năvodari (în afara extractului OSM),,41.5
RUTA_B,15-17,2026-04-02 15:30:41,15:28,134,22.51,0.538,211.6,1637.0,7.576,7.0,1.6338,1.6511,0,urban,coridor litoral Mamaia–Năvodari (în afara extractului OSM),,39.0
RUTA_B,15-17,2026-04-02 15:30:42,15:28,135,23.47,-0.017,218.2,1575.0,4.952,3.8,1.068,1.0793,0,urban,coridor litoral Mamaia–Năvodari (în afara extractului OSM),,38.0
RUTA_B,15-17,2026-04-02 15:30:43,15:28,136,22.39,-0.358,224.4,1220.0,3.787,3.6,0.8167,0.8253,0,urban,coridor litoral Mamaia–Năvodari (în afara extractului OSM),,38.7
RUTA_B,15-17,2026-04-02 15:30:44,15:28,137,20.89,-0.448,230.2,1026.0,3.363,3.5,0.7251,0.7328,0,urban,coridor litoral Mamaia–Năvodari (în afara extractului OSM),,37.8
RUTA_B,15-17,2026-04-02 15:30:45,15:28,138,19.16,-0.407,235.5,921.0,3.351,3.5,0.7227,0.7303,0,urban,coridor litoral Mamaia–Năvodari (în afara extractului OSM),,37.5
RUTA_B,15-17,2026-04-02 15:30:46,15:28,139,17.96,-0.328,240.5,871.0,3.36,3.7,0.7247,0.7323,0,urban,coridor litoral Mamaia–Năvodari (în afara extractului OSM),,37.1
RUTA_B,15-17,2026-04-02 15:30:47,15:28,140,16.8,-0.324,245.2,862.0,3.645,4.2,0.786,0.7943,0,urban,coridor litoral Mamaia–Năvodari (în afara extractului OSM),,37.5
RUTA_B,15-17,2026-04-02 15:30:48,15:28,141,15.62,-0.133,249.5,1027.0,5.271,6.1,1.1367,1.1488,0,urban,coridor litoral Mamaia–Năvodari (în afara extractului OSM),,37.6
RUTA_B,15-17,2026-04-02 15:30:49,15:28,142,15.84,0.279,253.9,1157.0,6.6,7.0,1.4232,1.4383,0,urban,Bulevardul Mamaia,secondary,33.8
RUTA_B,15-17,2026-04-02 15:30:50,15:28,143,17.63,0.165,258.8,1247.0,7.595,6.7,1.6378,1.6552,0,urban,Bulevardul Mamaia,secondary,31.4
RUTA_B,15-17,2026-04-02 15:30:51,15:28,144,17.03,-0.325,263.5,1286.0,5.983,5.3,1.2903,1.304,0,urban,Bulevardul Mamaia,secondary,26.1
RUTA_B,15-17,2026-04-02 15:30:52,15:28,145,15.29,-0.879,267.8,1283.0,3.986,3.9,0.8596,0.8687,0,urban,Bulevardul Mamaia,secondary,20.4
RUTA_B,15-17,2026-04-02 15:30:53,15:28,146,10.7,-1.076,270.8,1122.0,3.573,3.7,0.7705,0.7787,0,urban,Bulevardul Mamaia,secondary,15.6
RUTA_B,15-17,2026-04-02 15:30:54,15:28,147,7.54,-0.594,272.9,1099.0,3.47,3.5,0.7483,0.7562,0,urban,Bulevardul Mamaia,secondary,11.9
RUTA_B,15-17,2026-04-02 15:30:55,15:28,148,6.43,-0.262,274.6,1275.0,3.81,3.5,0.8216,0.8303,0,urban,Bulevardul Mamaia,secondary,9.8
RUTA_B,15-17,2026-04-02 15:30:56,15:28,149,5.65,-0.186,276.2,1264.0,5.079,5.2,1.0954,1.107,0,urban,Bulevardul Mamaia,secondary,8.5
RUTA_B,15-17,2026-04-02 15:30:57,15:28,150,5.09,-0.231,277.6,1136.0,6.923,7.8,1.493,1.5088,0,urban,Bulevardul Mamaia,secondary,7.8
RUTA_B,15-17,2026-04-02 15:30:58,15:28,151,3.99,-0.334,278.7,1416.0,7.083,6.1,1.5275,1.5437,0,urban,Bulevardul Mamaia,secondary,6.5
RUTA_B,15-17,2026-04-02 15:30:59,15:28,152,2.69,-0.421,279.5,1629.0,6.594,3.9,1.4219,1.437,0,urban,Bulevardul Mamaia,secondary,5.7
RUTA_B,15-17,2026-04-02 15:31:00,15:28,153,0.96,-0.373,279.7,1187.0,4.615,3.7,0.9951,1.0056,1,urban,Bulevardul Mamaia,secondary,5.6
RUTA_B,15-17,2026-04-02 15:31:01,15:28,154,0.0,-0.133,279.7,925.0,3.435,3.5,0.7407,0.7486,1,urban,Bulevardul Mamaia,secondary,5.6
RUTA_B,15-17,2026-04-02 15:31:02,15:28,155,0.0,0.0,279.7,886.0,3.245,3.5,0.6997,0.7071,1,urban,Bulevardul Mamaia,secondary,5.6
RUTA_B,15-17,2026-04-02 15:31:03,15:28,156,0.0,0.0,279.7,873.0,3.21,3.4,0.6922,0.6996,1,urban,Bulevardul Mamaia,secondary,4.9
RUTA_B,15-17,2026-04-02 15:31:04,15:28,157,0.0,0.0,279.7,865.0,3.209,3.1,0.6919,0.6992,1,urban,Bulevardul Mamaia,secondary,4.2
RUTA_B,15-17,2026-04-02 15:31:05,15:28,158,0.0,0.0,279.7,853.0,3.175,3.1,0.6847,0.6919,1,urban,Bulevardul Mamaia,secondary,3.6
RUTA_B,15-17,2026-04-02 15:31:06,15:28,159,0.0,0.0,279.7,842.0,3.154,3.1,0.6802,0.6874,1,urban,Bulevardul Mamaia,secondary,3.2
RUTA_B,15-17,2026-04-02 15:31:07,15:28,160,0.0,0.0,279.7,836.0,3.17,3.1,0.6837,0.6909,1,urban,Bulevardul Mamaia,secondary,3.1
RUTA_B,15-17,2026-04-02 15:31:08,15:28,161,0.0,0.0,279.7,833.0,3.173,3.1,0.6842,0.6915,1,urban,Bulevardul Mamaia,secondary,3.0
RUTA_B,15-17,2026-04-02 15:31:09,15:28,162,0.0,0.0,279.7,834.0,3.156,3.1,0.6806,0.6878,1,urban,Bulevardul Mamaia,secondary,2.9
RUTA_B,15-17,2026-04-02 15:31:10,15:28,163,0.0,0.0,279.7,834.0,3.15,3.1,0.6793,0.6865,1,urban,Bulevardul Mamaia,secondary,2.8
RUTA_B,15-17,2026-04-02 15:31:11,15:28,164,0.0,0.0,279.7,834.0,3.15,3.1,0.6793,0.6865,1,urban,Bulevardul Mamaia,secondary,2.8
RUTA_B,15-17,2026-04-02 15:31:12,15:28,165,0.0,0.0,279.7,841.0,3.15,3.1,0.6793,0.6865,1,urban,Bulevardul Mamaia,secondary,2.8
RUTA_B,15-17,2026-04-02 15:31:13,15:28,166,0.0,0.0,279.7,843.0,3.139,3.1,0.6769,0.6841,1,urban,Bulevardul Mamaia,secondary,2.8
RUTA_B,15-17,2026-04-02 15:31:14,15:28,167,0.0,0.0,279.7,830.0,3.103,3.1,0.6691,0.6762,1,urban,Bulevardul Mamaia,secondary,2.8
RUTA_B,15-17,2026-04-02 15:31:15,15:28,168,0.0,0.0,279.7,831.0,3.149,3.1,0.679,0.6862,1,urban,Bulevardul Mamaia,secondary,2.8
RUTA_B,15-17,2026-04-02 15:31:16,15:28,169,0.0,0.0,279.7,841.0,3.239,3.1,0.6984,0.7058,1,urban,Bulevardul Mamaia,secondary,2.8
RUTA_B,15-17,2026-04-02 15:31:17,15:28,170,0.0,0.0,279.7,920.0,3.439,3.3,0.7415,0.7494,1,urban,Bulevardul Mamaia,secondary,2.8
RUTA_B,15-17,2026-04-02 15:31:18,15:28,171,0.0,0.0,279.7,1000.0,3.622,3.5,0.7811,0.7893,1,urban,Bulevardul Mamaia,secondary,2.8
RUTA_B,15-17,2026-04-02 15:31:19,15:28,172,0.0,0.0,279.7,934.0,3.344,3.3,0.721,0.7287,1,urban,Bulevardul Mamaia,secondary,2.8
RUTA_B,15-17,2026-04-02 15:31:20,15:28,173,0.0,0.0,279.7,884.0,3.152,3.1,0.6796,0.6868,1,urban,Bulevardul Mamaia,secondary,2.8
RUTA_B,15-17,2026-04-02 15:31:21,15:28,174,0.0,0.0,279.7,859.0,3.103,3.1,0.6691,0.6762,1,urban,Bulevardul Mamaia,secondary,2.8
RUTA_B,15-17,2026-04-02 15:31:22,15:28,175,0.0,0.0,279.7,840.0,3.077,3.1,0.6635,0.6706,1,urban,Bulevardul Mamaia,secondary,2.8
RUTA_B,15-17,2026-04-02 15:31:23,15:28,176,0.0,0.0,279.7,827.0,3.071,3.1,0.6623,0.6693,1,urban,Bulevardul Mamaia,secondary,2.8
RUTA_B,15-17,2026-04-02 15:31:24,15:28,177,0.0,0.0,279.7,827.0,3.079,3.3,0.6639,0.6709,1,urban,Bulevardul Mamaia,secondary,2.8
RUTA_B,15-17,2026-04-02 15:31:25,15:28,178,0.0,0.649,279.7,831.0,3.09,3.5,0.6663,0.6734,1,urban,Bulevardul Mamaia,secondary,2.8
RUTA_B,15-17,2026-04-02 15:31:26,15:28,179,4.67,1.307,281.0,1351.0,8.02,9.3,1.7295,1.7478,0,urban,Bulevardul Mamaia,secondary,3.5
RUTA_B,15-17,2026-04-02 15:31:27,15:28,180,9.41,1.306,283.7,1749.0,12.124,14.2,2.6144,2.6421,0,urban,Bulevardul Mamaia,secondary,4.7
RUTA_B,15-17,2026-04-02 15:31:28,15:28,181,14.08,1.094,287.6,1840.0,14.083,16.9,3.0369,3.0691,0,urban,Bulevardul Mamaia,secondary,7.2
RUTA_B,15-17,2026-04-02 15:31:29,15:28,182,17.29,0.751,292.4,1732.0,15.071,18.7,3.2499,3.2844,0,urban,Bulevardul Mamaia,secondary,6.6
RUTA_B,15-17,2026-04-02 15:31:30,15:28,183,19.48,1.021,297.8,1485.0,15.378,19.7,3.3162,3.3513,0,urban,Bulevardul Mamaia,secondary,5.6
RUTA_B,15-17,2026-04-02 15:31:31,15:28,184,24.64,1.559,304.6,1750.0,17.653,22.3,3.8067,3.847,0,urban,Bulevardul Mamaia,secondary,8.5
RUTA_B,15-17,2026-04-02 15:31:32,15:28,185,30.71,1.17,313.2,2172.0,20.532,25.3,4.4276,4.4745,0,urban,Bulevardul Mamaia,secondary,12.0
RUTA_B,15-17,2026-04-02 15:31:33,15:28,186,33.07,0.658,322.3,1926.0,20.407,24.3,4.4006,4.4472,0,urban,Bulevardul Mamaia,secondary,8.9
RUTA_B,15-17,2026-04-02 15:31:34,15:28,187,35.45,0.904,332.2,1697.0,20.384,23.5,4.3956,4.4422,0,urban,Bulevardul Mamaia,secondary,9.1
RUTA_B,15-17,2026-04-02 15:31:35,15:28,188,39.57,1.015,343.2,1893.0,22.434,27.0,4.8379,4.8891,0,urban,Bulevardul Mamaia,secondary,8.3
RUTA_B,15-17,2026-04-02 15:31:36,15:28,189,42.76,0.698,355.1,1926.0,19.994,26.4,4.3115,4.3572,0,urban,Bulevardul Mamaia,secondary,13.2
RUTA_B,15-17,2026-04-02 15:31:37,15:28,190,44.6,0.557,367.4,1727.0,11.143,20.2,2.4029,2.4284,0,urban,Bulevardul Mamaia,secondary,5.8
RUTA_B,15-17,2026-04-02 15:31:38,15:28,191,46.77,0.613,380.4,1761.0,9.081,15.7,1.9583,1.979,0,urban,Bulevardul Mamaia,secondary,11.5
RUTA_B,15-17,2026-04-02 15:31:39,15:28,192,49.01,0.552,394.1,1857.0,8.946,11.8,1.9291,1.9496,0,urban,Bulevardul Mamaia,secondary,4.6
RUTA_B,15-17,2026-04-02 15:31:40,15:28,193,50.74,0.435,408.1,1917.0,17.162,20.4,3.7009,3.7401,0,urban,Bulevardul Mamaia,secondary,11.5
RUTA_B,15-17,2026-04-02 15:31:41,15:28,194,52.15,0.272,422.6,1836.0,20.165,23.2,4.3484,4.3945,0,urban,Bulevardul Mamaia,secondary,3.9
RUTA_B,15-17,2026-04-02 15:31:42,15:28,195,52.7,0.083,437.3,1373.0,9.071,10.4,1.9561,1.9768,0,urban,Bulevardul Mamaia,secondary,10.8
RUTA_B,15-17,2026-04-02 15:31:43,15:28,196,52.75,-0.07,451.9,1094.0,3.123,3.5,0.6735,0.6806,0,urban,Bulevardul Mamaia,secondary,6.3
RUTA_B,15-17,2026-04-02 15:31:44,15:28,197,52.2,-0.511,466.4,1032.0,3.217,3.5,0.6937,0.701,0,urban,Bulevardul Mamaia,residential,5.0
RUTA_B,15-17,2026-04-02 15:31:45,15:28,198,49.07,-1.065,480.1,975.0,3.243,3.4,0.6993,0.7067,0,urban,Bulevardul Mamaia,residential,10.9
RUTA_B,15-17,2026-04-02 15:31:46,15:28,199,44.53,-1.266,492.4,921.0,3.231,3.2,0.6968,0.7042,0,urban,Bulevardul Mamaia,secondary,10.5
RUTA_B,15-17,2026-04-02 15:31:47,15:28,200,39.95,-1.228,503.5,892.0,3.205,3.1,0.6911,0.6984,0,urban,Bulevardul Mamaia,secondary,5.5
RUTA_B,15-17,2026-04-02 15:31:48,15:28,201,35.68,-0.914,513.4,868.0,3.178,3.2,0.6852,0.6925,0,urban,Bulevardul Mamaia,secondary,11.9
RUTA_B,15-17,2026-04-02 15:31:49,15:28,202,33.37,-0.71,522.7,855.0,3.16,3.4,0.6815,0.6887,0,urban,Bulevardul Mamaia,secondary,4.3
RUTA_B,15-17,2026-04-02 15:31:50,15:28,203,30.57,-0.876,531.2,848.0,3.155,3.4,0.6803,0.6875,0,urban,Bulevardul Mamaia,secondary,10.6
RUTA_B,15-17,2026-04-02 15:31:51,15:28,204,27.06,-1.056,538.7,850.0,3.166,3.2,0.6828,0.6901,0,urban,Bulevardul Mamaia,secondary,10.2
RUTA_B,15-17,2026-04-02 15:31:52,15:28,205,22.97,-1.172,545.1,843.0,3.143,3.1,0.6779,0.6851,0,urban,Bulevardul Mamaia,secondary,7.3
RUTA_B,15-17,2026-04-02 15:31:53,15:28,206,18.62,-1.252,550.3,833.0,3.105,3.1,0.6697,0.6768,0,urban,Bulevardul Mamaia,secondary,6.4
RUTA_B,15-17,2026-04-02 15:31:54,15:28,207,13.96,-1.238,554.1,824.0,3.12,3.1,0.6729,0.68,0,urban,Bulevardul Mamaia,secondary,7.6
RUTA_B,15-17,2026-04-02 15:31:55,15:28,208,9.71,-0.839,556.8,818.0,3.138,3.1,0.6767,0.6839,0,urban,Bulevardul Mamaia,secondary,10.0
RUTA_B,15-17,2026-04-02 15:31:56,15:28,209,7.91,-0.564,559.0,830.0,3.126,3.1,0.6741,0.6813,0,urban,Bulevardul Mamaia,secondary,12.0
RUTA_B,15-17,2026-04-02 15:31:57,15:28,210,5.65,-0.697,560.6,825.0,3.109,3.2,0.6705,0.6776,0,urban,Bulevardul Mamaia,secondary,13.3
RUTA_B,15-17,2026-04-02 15:31:58,15:28,211,2.9,-0.614,561.4,802.0,3.087,3.5,0.6657,0.6728,0,urban,Bulevardul Mamaia,secondary,13.9
RUTA_B,15-17,2026-04-02 15:31:59,15:28,212,1.22,-0.392,561.7,804.0,3.107,3.4,0.67,0.6771,0,urban,Bulevardul Mamaia,secondary,14.1
RUTA_B,15-17,2026-04-02 15:32:00,15:28,213,0.07,-0.17,561.8,818.0,3.147,3.2,0.6787,0.6859,1,urban,Bulevardul Mamaia,secondary,14.0
RUTA_B,15-17,2026-04-02 15:32:01,15:28,214,0.0,-0.01,561.8,815.0,3.145,3.1,0.6782,0.6853,1,urban,Bulevardul Mamaia,secondary,14.0
RUTA_B,15-17,2026-04-02 15:32:02,15:28,215,0.0,0.0,561.8,812.0,3.137,3.1,0.6766,0.6837,1,urban,Bulevardul Mamaia,secondary,14.0
RUTA_B,15-17,2026-04-02 15:32:03,15:28,216,0.0,0.0,561.8,812.0,3.121,3.1,0.673,0.6801,1,urban,Bulevardul Mamaia,secondary,14.0
RUTA_B,15-17,2026-04-02 15:32:04,15:28,217,0.0,0.0,561.8,814.0,3.112,3.1,0.6711,0.6782,1,urban,Bulevardul Mamaia,secondary,14.0
RUTA_B,15-17,2026-04-02 15:32:05,15:28,218,0.0,0.0,561.8,820.0,3.118,3.1,0.6723,0.6795,1,urban,Bulevardul Mamaia,secondary,14.0
RUTA_B,15-17,2026-04-02 15:32:06,15:28,219,0.0,0.0,561.8,814.0,3.113,3.3,0.6713,0.6784,1,urban,Bulevardul Mamaia,secondary,14.0
RUTA_B,15-17,2026-04-02 15:32:07,15:28,220,0.0,0.141,561.8,800.0,3.101,3.5,0.6687,0.6758,1,urban,Bulevardul Mamaia,secondary,14.0
RUTA_B,15-17,2026-04-02 15:32:08,15:28,221,1.01,0.259,562.1,984.0,4.604,3.7,0.9928,1.0034,0,urban,Bulevardul Mamaia,secondary,14.0
RUTA_B,15-17,2026-04-02 15:32:09,15:28,222,1.87,-0.047,562.6,1148.0,5.878,3.9,1.2675,1.2809,0,urban,Bulevardul Mamaia,secondary,14.0
RUTA_B,15-17,2026-04-02 15:32:10,15:28,223,0.68,-0.259,562.8,998.0,4.176,3.7,0.9006,0.9102,1,urban,Bulevardul Mamaia,secondary,14.0
RUTA_B,15-17,2026-04-02 15:32:11,15:28,224,0.0,-0.094,562.8,898.0,3.169,3.4,0.6834,0.6907,1,urban,Bulevardul Mamaia,secondary,14.0
RUTA_B,15-17,2026-04-02 15:32:12,15:28,225,0.0,0.0,562.8,863.0,3.075,3.2,0.663,0.67,1,urban,Bulevardul Mamaia,secondary,14.0
RUTA_B,15-17,2026-04-02 15:32:13,15:28,226,0.0,0.0,562.8,851.0,3.046,3.1,0.6568,0.6637,1,urban,Bulevardul Mamaia,secondary,14.0
RUTA_B,15-17,2026-04-02 15:32:14,15:28,227,0.0,0.0,562.8,846.0,3.04,3.1,0.6555,0.6625,1,urban,Bulevardul Mamaia,secondary,14.0
RUTA_B,15-17,2026-04-02 15:32:15,15:28,228,0.0,0.041,562.8,834.0,3.034,3.1,0.6543,0.6613,1,urban,Bulevardul Mamaia,secondary,14.0
RUTA_B,15-17,2026-04-02 15:32:16,15:28,229,0.3,0.205,562.8,902.0,3.625,3.9,0.7817,0.79,1,urban,Bulevardul Mamaia,secondary,14.0
RUTA_B,15-17,2026-04-02 15:32:17,15:28,230,1.48,0.584,563.2,1211.0,5.986,6.9,1.2909,1.3046,0,urban,Bulevardul Mamaia,secondary,14.0
RUTA_B,15-17,2026-04-02 15:32:18,15:28,231,4.5,1.042,564.5,1280.0,7.164,8.6,1.545,1.5613,0,urban,Bulevardul Mamaia,secondary,13.3
RUTA_B,15-17,2026-04-02 15:32:19,15:28,232,8.98,1.064,567.0,1159.0,7.405,9.3,1.5969,1.6138,0,urban,Bulevardul Mamaia,secondary,10.6
RUTA_B,15-17,2026-04-02 15:32:20,15:28,233,12.16,0.831,570.4,1459.0,8.424,10.3,1.8166,1.8358,0,urban,Bulevardul Mamaia,secondary,8.6
RUTA_B,15-17,2026-04-02 15:32:21,15:28,234,14.96,0.801,574.5,1883.0,9.673,11.4,2.0858,2.1079,0,urban,Bulevardul Mamaia,secondary,7.1
RUTA_B,15-17,2026-04-02 15:32:22,15:28,235,17.93,0.8,579.5,2244.0,12.238,9.3,2.6392,2.6671,0,urban,Bulevardul Mamaia,secondary,6.1
RUTA_B,15-17,2026-04-02 15:32:23,15:28,236,20.72,0.719,585.3,2349.0,14.107,9.3,3.0421,3.0743,0,urban,Bulevardul Mamaia,secondary,10.4
RUTA_B,15-17,2026-04-02 15:32:24,15:28,237,23.11,0.755,591.7,1866.0,14.327,13.9,3.0896,3.1224,0,urban,Bulevardul Mamaia,secondary,11.6
RUTA_B,15-17,2026-04-02 15:32:25,15:28,238,26.16,0.902,598.9,1852.0,14.899,16.4,3.2128,3.2468,0,urban,Bulevardul Mamaia,secondary,7.0
RUTA_B,15-17,2026-04-02 15:32:26,15:28,239,29.6,0.757,607.2,2119.0,15.68,17.5,3.3814,3.4172,0,urban,Bulevardul Mamaia,secondary,5.7
RUTA_B,15-17,2026-04-02 15:32:27,15:28,240,31.61,0.489,616.0,2029.0,10.443,10.3,2.252,2.2758,0,urban,Bulevardul Mamaia,secondary,12.7
RUTA_B,15-17,2026-04-02 15:32:28,15:28,241,33.12,0.285,625.2,1891.0,6.984,5.9,1.5061,1.5221,0,urban,Bulevardul Mamaia,secondary,7.3
RUTA_B,15-17,2026-04-02 15:32:29,15:28,242,33.66,0.287,634.5,1748.0,12.003,14.2,2.5884,2.6158,0,urban,Bulevardul Mamaia,secondary,6.4
RUTA_B,15-17,2026-04-02 15:32:30,15:28,243,35.19,0.673,644.3,1629.0,13.08,20.0,2.8207,2.8506,0,urban,Bulevardul Mamaia,secondary,6.3
RUTA_B,15-17,2026-04-02 15:32:31,15:28,244,38.5,0.936,655.0,1553.0,7.12,21.1,1.5354,1.5517,0,urban,Bulevardul Mamaia,secondary,8.7
RUTA_B,15-17,2026-04-02 15:32:32,15:28,245,41.93,0.965,666.6,1578.0,9.771,19.6,2.1071,2.1294,0,urban,Bulevardul Mamaia,secondary,9.2
RUTA_B,15-17,2026-04-02 15:32:33,15:28,246,45.45,0.826,679.2,1688.0,19.554,15.9,4.2167,4.2614,0,urban,Bulevardul Mamaia,secondary,7.3
RUTA_B,15-17,2026-04-02 15:32:34,15:28,247,47.88,0.652,692.5,1787.0,19.728,17.7,4.2543,4.2994,0,urban,Bulevardul Mamaia,secondary,7.7
RUTA_B,15-17,2026-04-02 15:32:35,15:28,248,50.14,0.742,706.5,1883.0,18.116,20.1,3.9066,3.948,0,urban,Bulevardul Mamaia,residential,9.0
RUTA_B,15-17,2026-04-02 15:32:36,15:28,249,53.22,0.608,721.3,1988.0,16.286,12.8,3.512,3.5492,0,urban,Bulevardul Mamaia,secondary,6.5
RUTA_B,15-17,2026-04-02 15:32:37,15:28,250,54.52,0.021,736.4,2037.0,12.46,7.5,2.6869,2.7154,0,urban,Bulevardul Mamaia,secondary,13.4
RUTA_B,15-17,2026-04-02 15:32:38,15:28,251,53.38,-0.316,751.2,2009.0,5.911,4.8,1.2747,1.2882,0,urban,Bulevardul Mamaia,secondary,7.3
RUTA_B,15-17,2026-04-02 15:32:39,15:28,252,52.24,-0.316,765.7,1972.0,3.678,3.8,0.7931,0.8015,0,urban,Bulevardul Mamaia,secondary,14.8
RUTA_B,15-17,2026-04-02 15:32:40,15:28,253,51.1,-0.245,779.9,1931.0,3.57,3.6,0.7698,0.778,0,urban,Bulevardul Mamaia,secondary,8.1
RUTA_B,15-17,2026-04-02 15:32:41,15:28,254,50.48,-0.139,794.0,1932.0,5.292,5.8,1.1412,1.1533,0,urban,Bulevardul Mamaia,secondary,11.1
RUTA_B,15-17,2026-04-02 15:32:42,15:28,255,50.1,0.029,807.9,1935.0,7.147,8.2,1.5412,1.5576,0,urban,Bulevardul Mamaia,secondary,5.6
RUTA_B,15-17,2026-04-02 15:32:43,15:28,256,50.68,0.125,821.9,1927.0,8.76,10.0,1.889,1.909,0,urban,Bulevardul Mamaia,secondary,7.8
RUTA_B,15-17,2026-04-02 15:32:44,15:28,257,51.0,0.044,836.1,1916.0,8.503,9.2,1.8337,1.8531,0,urban,Bulevardul Mamaia,secondary,10.2
RUTA_B,15-17,2026-04-02 15:32:45,15:28,258,51.0,-0.102,850.3,1902.0,5.999,5.3,1.2937,1.3074,0,urban,Bulevardul Mamaia,secondary,5.7
RUTA_B,15-17,2026-04-02 15:32:46,15:28,259,50.26,-0.262,864.2,1892.0,4.462,4.5,0.9622,0.9724,0,urban,Bulevardul Mamaia,secondary,4.5
RUTA_B,15-17,2026-04-02 15:32:47,15:28,260,49.11,-0.175,877.9,1885.0,3.467,5.4,0.7475,0.7555,0,urban,Bulevardul Mamaia,secondary,4.9
RUTA_B,15-17,2026-04-02 15:32:48,15:28,261,49.0,-0.042,891.5,1878.0,5.299,5.7,1.1426,1.1547,0,urban,Bulevardul Mamaia,secondary,3.5
RUTA_B,15-17,2026-04-02 15:32:49,15:28,262,48.81,-0.185,905.1,1864.0,6.724,5.6,1.45,1.4654,0,urban,Bulevardul Mamaia,secondary,8.4
RUTA_B,15-17,2026-04-02 15:32:50,15:28,263,47.67,-0.314,918.3,1816.0,4.58,4.1,0.9878,0.9982,0,urban,Bulevardul Mamaia,secondary,8.2
RUTA_B,15-17,2026-04-02 15:32:51,15:28,264,46.55,-0.309,931.2,1882.0,3.445,3.8,0.7428,0.7507,0,urban,Bulevardul Mamaia,secondary,4.7
RUTA_B,15-17,2026-04-02 15:32:52,15:28,265,45.45,-0.442,943.8,2110.0,3.747,5.3,0.8081,0.8167,0,urban,Bulevardul Mamaia,secondary,7.4
RUTA_B,15-17,2026-04-02 15:32:53,15:28,266,43.36,-0.671,955.9,2114.0,3.782,5.1,0.8155,0.8241,0,urban,Bulevardul Mamaia,secondary,4.4
RUTA_B,15-17,2026-04-02 15:32:54,15:28,267,40.61,-1.735,967.2,1964.0,3.633,3.8,0.7835,0.7918,0,urban,Bulevardul Mamaia,secondary,12.2
RUTA_B,15-17,2026-04-02 15:32:55,15:28,268,30.87,-2.931,975.8,1517.0,3.29,3.4,0.7094,0.7169,0,urban,Bulevardul Mamaia,secondary,9.2
RUTA_B,15-17,2026-04-02 15:32:56,15:28,269,19.51,-2.491,981.2,1028.0,2.991,3.2,0.6451,0.6519,0,urban,Bulevardul Mamaia,secondary,6.2
RUTA_B,15-17,2026-04-02 15:32:57,15:28,270,12.94,-1.755,984.8,1066.0,3.955,3.4,0.8529,0.862,0,urban,Bulevardul Mamaia,secondary,4.7
RUTA_B,15-17,2026-04-02 15:32:58,15:28,271,6.88,-1.472,986.7,1060.0,4.45,3.5,0.9595,0.9697,0,urban,Bulevardul Mamaia,secondary,5.0
RUTA_B,15-17,2026-04-02 15:32:59,15:28,272,2.34,-0.955,987.3,919.0,3.52,3.3,0.7592,0.7672,0,urban,Bulevardul Mamaia,secondary,4.8
RUTA_B,15-17,2026-04-02 15:33:00,15:28,273,0.0,-0.325,987.3,1137.0,5.161,5.0,1.1129,1.1247,1,urban,Bulevardul Mamaia,secondary,4.7
RUTA_B,15-17,2026-04-02 15:33:01,15:28,274,0.0,0.409,987.3,1740.0,9.551,8.8,2.0597,2.0815,1,urban,Bulevardul Mamaia,secondary,4.9
RUTA_B,15-17,2026-04-02 15:33:02,15:28,275,2.94,0.952,988.1,1535.0,9.778,9.3,2.1087,2.131,0,urban,Bulevardul Mamaia,secondary,4.9
RUTA_B,15-17,2026-04-02 15:33:03,15:28,276,6.86,1.105,990.1,1065.0,8.632,8.7,1.8615,1.8813,0,urban,Bulevardul Mamaia,secondary,4.9
RUTA_B,15-17,2026-04-02 15:33:04,15:28,277,10.9,1.047,993.1,1738.0,16.243,8.4,3.5027,3.5398,0,urban,Bulevardul Mamaia,secondary,7.1
RUTA_B,15-17,2026-04-02 15:33:05,15:28,278,14.39,0.718,997.1,2210.0,20.877,8.6,4.5021,4.5498,0,urban,Bulevardul Mamaia,secondary,3.2
RUTA_B,15-17,2026-04-02 15:33:06,15:28,279,16.07,0.647,1001.5,1880.0,14.669,10.4,3.1634,3.1969,0,urban,Bulevardul Mamaia,secondary,3.5
RUTA_B,15-17,2026-04-02 15:33:07,15:28,280,19.05,1.054,1006.8,1706.0,13.282,12.7,2.8641,2.8945,0,urban,Bulevardul Mamaia,secondary,0.9
RUTA_B,15-17,2026-04-02 15:33:08,15:28,281,23.66,0.938,1013.4,1725.0,17.881,15.6,3.8561,3.8969,0,urban,Bulevardul Mamaia,secondary,1.7
RUTA_B,15-17,2026-04-02 15:33:09,15:28,282,25.81,0.457,1020.6,1781.0,18.759,16.6,4.0453,4.0882,0,urban,Bulevardul Mamaia,secondary,4.0
RUTA_B,15-17,2026-04-02 15:33:10,15:28,283,26.95,0.777,1028.1,1853.0,18.109,16.8,3.9052,3.9466,0,urban,Bulevardul Mamaia,secondary,7.9
RUTA_B,15-17,2026-04-02 15:33:11,15:28,284,31.4,1.19,1036.8,1729.0,18.113,18.4,3.906,3.9474,0,urban,Bulevardul Mamaia,secondary,1.5
RUTA_B,15-17,2026-04-02 15:33:12,15:28,285,35.51,0.897,1046.6,1658.0,17.175,18.6,3.7038,3.743,0,urban,Bulevardul Mamaia,secondary,9.8
RUTA_B,15-17,2026-04-02 15:33:13,15:28,286,37.86,0.614,1057.2,1805.0,12.77,13.7,2.7538,2.7829,0,urban,Bulevardul Mamaia,secondary,4.1
RUTA_B,15-17,2026-04-02 15:33:14,15:28,287,39.93,0.541,1068.3,1900.0,10.12,9.3,2.1824,2.2056,0,urban,Bulevardul Mamaia,secondary,6.8
RUTA_B,15-17,2026-04-02 15:33:15,15:28,288,41.75,0.287,1079.9,1947.0,9.145,5.3,1.972,1.9929,0,urban,Bulevardul Mamaia,secondary,13.0
RUTA_B,15-17,2026-04-02 15:33:16,15:28,289,42.0,0.035,1091.5,1781.0,7.253,4.3,1.5641,1.5807,0,urban,Bulevardul Mamaia,secondary,3.3
RUTA_B,15-17,2026-04-02 15:33:17,15:28,290,42.0,0.0,1103.2,1588.0,5.26,3.9,1.1343,1.1463,0,urban,Bulevardul Mamaia,secondary,12.8
RUTA_B,15-17,2026-04-02 15:33:18,15:28,291,42.0,-0.111,1114.9,1571.0,4.632,3.9,0.999,1.0096,0,urban,Bulevardul Mamaia,secondary,3.3
RUTA_B,15-17,2026-04-02 15:33:19,15:28,292,41.2,-0.562,1126.3,1534.0,4.074,3.9,0.8786,0.8879,0,urban,Bulevardul Mamaia,secondary,4.1
RUTA_B,15-17,2026-04-02 15:33:20,15:28,293,37.95,-0.856,1136.8,1430.0,3.726,3.7,0.8035,0.8121,0,urban,Bulevardul Mamaia,secondary,6.1
RUTA_B,15-17,2026-04-02 15:33:21,15:28,294,35.03,-0.354,1146.6,1337.0,3.599,3.8,0.7762,0.7844,0,urban,Bulevardul Mamaia,secondary,15.0
RUTA_B,15-17,2026-04-02 15:33:22,15:28,295,35.4,0.102,1156.4,1347.0,5.678,6.8,1.2245,1.2375,0,urban,Bulevardul Mamaia,secondary,25.6
RUTA_B,15-17,2026-04-02 15:33:23,15:28,296,35.77,0.217,1166.3,1356.0,7.758,9.8,1.6729,1.6906,0,urban,coridor litoral Mamaia–Năvodari (în afara extractului OSM),,36.3
RUTA_B,15-17,2026-04-02 15:33:24,15:28,297,36.96,0.533,1176.6,1391.0,10.047,13.1,2.1665,2.1895,0,urban,coridor litoral Mamaia–Năvodari (în afara extractului OSM),,47.8
RUTA_B,15-17,2026-04-02 15:33:25,15:28,298,39.6,0.733,1187.6,1472.0,12.702,16.8,2.7392,2.7682,0,urban,coridor litoral Mamaia–Năvodari (în afara extractului OSM),,60.5
RUTA_B,15-17,2026-04-02 15:33:26,15:28,299,42.24,0.649,1199.3,1554.0,15.358,20.5,3.3119,3.347,0,urban,coridor litoral Mamaia–Năvodari (în afara extractului OSM),,73.3
RUTA_B,15-17,2026-04-02 15:33:27,15:28,300,44.27,0.53,1211.6,1635.0,16.678,20.0,3.5965,3.6346,0,urban,coridor litoral Mamaia–Năvodari (în afara extractului OSM),,83.6
RUTA_B,15-17,2026-04-02 15:33:28,15:28,301,46.06,0.496,1224.4,1717.0,17.46,17.7,3.7652,3.8051,0,urban,coridor litoral Mamaia–Năvodari (în afara extractului OSM),,93.1
RUTA_B,15-17,2026-04-02 15:33:29,15:28,302,47.85,0.269,1237.7,1799.0,18.243,15.5,3.934,3.9757,0,urban,coridor litoral Mamaia–Năvodari (în afara extractului OSM),,102.5
RUTA_B,15-17,2026-04-02 15:33:30,15:28,303,48.0,0.021,1251.1,1716.0,13.453,13.0,2.9011,2.9318,0,urban,coridor litoral Mamaia–Năvodari (în afara extractului OSM),,116.8
RUTA_B,15-17,2026-04-02 15:33:31,15:28,304,48.0,-0.029,1264.4,1617.0,8.139,10.6,1.7551,1.7737,0,urban,coridor litoral Mamaia–Năvodari (în afara extractului OSM),,131.5
RUTA_B,15-17,2026-04-02 15:33:32,15:28,305,47.79,-0.167,1277.7,1561.0,4.369,8.9,0.9422,0.9522,0,urban,coridor litoral Mamaia–Năvodari (în afara extractului OSM),,145.8
RUTA_B,15-17,2026-04-02 15:33:33,15:28,306,46.8,-0.217,1290.7,1664.0,6.482,10.3,1.3978,1.4126,0,urban,coridor litoral Mamaia–Năvodari (în afara extractului OSM),,158.2
RUTA_B,15-17,2026-04-02 15:33:34,15:28,307,46.23,0.083,1303.5,1754.0,9.146,12.3,1.9724,1.9933,0,urban,coridor litoral Mamaia–Năvodari (în afara extractului OSM),,171.2
RUTA_B,15-17,2026-04-02 15:33:35,15:28,308,47.4,0.356,1316.7,1791.0,14.076,17.1,3.0355,3.0676,0,urban,coridor litoral Mamaia–Năvodari (în afara extractului OSM),,186.7
RUTA_B,15-17,2026-04-02 15:33:36,15:28,309,48.79,0.419,1330.2,1841.0,15.728,16.9,3.3917,3.4276,0,urban,coridor litoral Mamaia–Năvodari (în afara extractului OSM),,202.0
RUTA_B,15-17,2026-04-02 15:33:37,15:28,310,50.41,0.211,1344.2,1906.0,13.913,11.4,3.0004,3.0321,0,urban,coridor litoral Mamaia–Năvodari (în afara extractului OSM),,217.2
RUTA_B,15-17,2026-04-02 15:33:38,15:28,311,50.31,-0.165,1358.2,1913.0,9.891,8.5,2.1329,2.1555,0,urban,coridor litoral Mamaia–Năvodari (în afara extractului OSM),,232.0
RUTA_B,15-17,2026-04-02 15:33:39,15:28,312,49.23,-0.245,1371.9,1888.0,4.626,7.0,0.9976,1.0082,0,urban,coridor litoral Mamaia–Năvodari (în afara extractului OSM),,243.0
RUTA_B,15-17,2026-04-02 15:33:40,15:28,313,48.55,-0.179,1385.4,1854.0,5.487,6.0,1.1832,1.1957,0,urban,coridor litoral Mamaia–Năvodari (în afara extractului OSM),,242.3
RUTA_B,15-17,2026-04-02 15:33:41,15:28,314,47.94,-0.24,1398.7,1818.0,7.725,5.1,1.6658,1.6835,0,urban,coridor litoral Mamaia–Năvodari (în afara extractului OSM),,241.5
RUTA_B,15-17,2026-04-02 15:33:42,15:28,315,46.82,-0.331,1411.7,1765.0,5.219,4.2,1.1255,1.1374,0,urban,coridor litoral Mamaia–Năvodari (în afara extractului OSM),,239.8
RUTA_B,15-17,2026-04-02 15:33:43,15:28,316,45.56,-0.406,1424.3,1710.0,3.381,3.5,0.7292,0.7369,0,urban,coridor litoral Mamaia–Năvodari (în afara extractului OSM),,238.9
RUTA_B,15-17,2026-04-02 15:33:44,15:28,317,43.89,-0.462,1436.5,1650.0,3.387,3.5,0.7304,0.7381,0,urban,coridor litoral Mamaia–Năvodari (în afara extractului OSM),,237.5
RUTA_B,15-17,2026-04-02 15:33:45,15:28,318,42.23,-0.462,1448.3,1591.0,3.413,3.5,0.736,0.7438,0,urban,coridor litoral Mamaia–Năvodari (în afara extractului OSM),,236.3
RUTA_B,15-17,2026-04-02 15:33:46,15:28,319,40.57,-0.527,1459.5,1533.0,3.463,3.5,0.7468,0.7547,0,urban,coridor litoral Mamaia–Năvodari (în afara extractului OSM),,235.2
RUTA_B,15-17,2026-04-02 15:33:47,15:28,320,38.43,-0.626,1470.2,1356.0,3.445,3.4,0.7429,0.7507,0,urban,coridor litoral Mamaia–Năvodari (în afara extractului OSM),,234.6
RUTA_B,15-17,2026-04-02 15:33:48,15:28,321,36.06,-0.413,1480.2,1118.0,3.391,3.1,0.7313,0.7391,0,urban,coridor litoral Mamaia–Năvodari (în afara extractului OSM),,233.9
RUTA_B,15-17,2026-04-02 15:33:49,15:28,322,35.46,-0.189,1490.1,1020.0,3.233,3.1,0.6971,0.7045,0,urban,coridor litoral Mamaia–Năvodari (în afara extractului OSM),,232.8
RUTA_B,15-17,2026-04-02 15:33:50,15:28,323,34.7,-0.336,1499.7,935.0,3.083,3.1,0.6649,0.6719,0,urban,coridor litoral Mamaia–Năvodari (în afara extractului OSM),,232.5
RUTA_B,15-17,2026-04-02 15:33:51,15:28,324,33.04,-0.526,1508.9,892.0,2.989,3.1,0.6445,0.6513,0,urban,coridor litoral Mamaia–Năvodari (în afara extractului OSM),,233.7
RUTA_B,15-17,2026-04-02 15:33:52,15:28,325,30.91,-0.693,1517.5,866.0,2.954,3.1,0.637,0.6437,0,urban,coridor litoral Mamaia–Năvodari (în afara extractului OSM),,235.0
RUTA_B,15-17,2026-04-02 15:33:53,15:28,326,28.05,-0.798,1525.3,865.0,3.017,3.1,0.6506,0.6575,0,urban,coridor litoral Mamaia–Năvodari (în afara extractului OSM),,236.3
RUTA_B,15-17,2026-04-02 15:33:54,15:28,327,25.17,-0.801,1532.3,856.0,2.992,3.1,0.6453,0.6521,0,urban,coridor litoral Mamaia–Năvodari (în afara extractului OSM),,237.1
RUTA_B,15-17,2026-04-02 15:33:55,15:28,328,22.28,-0.573,1538.5,843.0,2.917,3.1,0.6291,0.6358,0,urban,coridor litoral Mamaia–Năvodari (în afara extractului OSM),,237.7
RUTA_B,15-17,2026-04-02 15:33:56,15:28,329,21.04,-0.326,1544.3,831.0,2.881,3.1,0.6213,0.6279,0,urban,coridor litoral Mamaia–Năvodari (în afara extractului OSM),,238.6
RUTA_B,15-17,2026-04-02 15:33:57,15:28,330,19.94,-0.773,1549.8,819.0,2.85,3.1,0.6145,0.621,0,urban,coridor litoral Mamaia–Năvodari (în afara extractului OSM),,239.6
RUTA_B,15-17,2026-04-02 15:33:58,15:28,331,15.48,-1.173,1554.1,790.0,2.822,3.1,0.6085,0.6149,0,urban,coridor litoral Mamaia–Năvodari (în afara extractului OSM),,240.0
RUTA_B,15-17,2026-04-02 15:33:59,15:28,332,11.5,-0.872,1557.3,770.0,2.81,3.1,0.606,0.6124,0,urban,coridor litoral Mamaia–Năvodari (în afara extractului OSM),,240.4
RUTA_B,15-17,2026-04-02 15:34:00,15:28,333,9.2,-0.601,1559.9,784.0,2.856,3.1,0.6159,0.6224,0,urban,coridor litoral Mamaia–Năvodari (în afara extractului OSM),,240.8
RUTA_B,15-17,2026-04-02 15:34:01,15:28,334,7.17,-0.525,1561.9,791.0,2.877,3.1,0.6205,0.627,0,urban,coridor litoral Mamaia–Năvodari (în afara extractului OSM),,241.3
RUTA_B,15-17,2026-04-02 15:34:02,15:28,335,5.42,-0.545,1563.4,789.0,2.871,3.1,0.6192,0.6258,0,urban,coridor litoral Mamaia–Năvodari (în afara extractului OSM),,242.0
RUTA_B,15-17,2026-04-02 15:34:03,15:28,336,3.24,-0.616,1564.3,789.0,2.839,3.0,0.6123,0.6188,0,urban,coridor litoral Mamaia–Năvodari (în afara extractului OSM),,242.3
RUTA_B,15-17,2026-04-02 15:34:04,15:28,337,0.98,-0.393,1564.6,790.0,2.802,2.8,0.6042,0.6106,1,urban,coridor litoral Mamaia–Năvodari (în afara extractului OSM),,242.5
RUTA_B,15-17,2026-04-02 15:34:05,15:28,338,0.41,-0.136,1564.7,791.0,2.859,3.0,0.6164,0.623,1,urban,coridor litoral Mamaia–Năvodari (în afara extractului OSM),,243.3
RUTA_B,15-17,2026-04-02 15:34:06,15:28,339,0.0,-0.058,1564.7,794.0,2.905,3.1,0.6264,0.633,1,urban,coridor litoral Mamaia–Năvodari (în afara extractului OSM),,243.8
RUTA_B,15-17,2026-04-02 15:34:07,15:28,340,0.0,0.0,1564.7,799.0,2.922,2.9,0.6301,0.6367,1,urban,coridor litoral Mamaia–Năvodari (în afara extractului OSM),,243.8
RUTA_B,15-17,2026-04-02 15:34:08,15:28,341,0.0,0.0,1564.7,800.0,2.927,2.8,0.6312,0.6379,1,urban,coridor litoral Mamaia–Năvodari (în afara extractului OSM),,243.8
RUTA_B,15-17,2026-04-02 15:34:09,15:28,342,0.0,0.0,1564.7,799.0,2.921,2.8,0.63,0.6367,1,urban,coridor litoral Mamaia–Năvodari (în afara extractului OSM),,243.8
RUTA_B,15-17,2026-04-02 15:34:10,15:28,343,0.0,0.0,1564.7,790.0,2.869,2.8,0.6186,0.6251,1,urban,coridor litoral Mamaia–Năvodari (în afara extractului OSM),,243.8
RUTA_B,15-17,2026-04-02 15:34:11,15:28,344,0.0,0.0,1564.7,779.0,2.799,2.8,0.6036,0.61,1,urban,coridor litoral Mamaia–Năvodari (în afara extractului OSM),,243.8
RUTA_B,15-17,2026-04-02 15:34:12,15:28,345,0.0,0.0,1564.7,779.0,2.82,2.9,0.6081,0.6145,1,urban,coridor litoral Mamaia–Năvodari (în afara extractului OSM),,243.8
RUTA_B,15-17,2026-04-02 15:34:13,15:28,346,0.0,0.0,1564.7,782.0,2.85,3.1,0.6146,0.6211,1,urban,coridor litoral Mamaia–Năvodari (în afara extractului OSM),,243.8
RUTA_B,15-17,2026-04-02 15:34:14,15:28,347,0.0,0.0,1564.7,790.0,2.85,3.1,0.6146,0.6211,1,urban,coridor litoral Mamaia–Năvodari (în afara extractului OSM),,243.8
RUTA_B,15-17,2026-04-02 15:34:15,15:28,348,0.0,0.0,1564.7,793.0,2.853,3.1,0.6151,0.6217,1,urban,coridor litoral Mamaia–Năvodari (în afara extractului OSM),,243.8
RUTA_B,15-17,2026-04-02 15:34:16,15:28,349,0.0,0.0,1564.7,788.0,2.858,3.1,0.6164,0.6229,1,urban,coridor litoral Mamaia–Năvodari (în afara extractului OSM),,243.8
RUTA_B,15-17,2026-04-02 15:34:17,15:28,350,0.0,0.0,1564.7,787.0,2.856,3.0,0.6158,0.6223,1,urban,coridor litoral Mamaia–Năvodari (în afara extractului OSM),,243.8
RUTA_B,15-17,2026-04-02 15:34:18,15:28,351,0.0,0.0,1564.7,786.0,2.85,2.8,0.6146,0.6211,1,urban,coridor litoral Mamaia–Năvodari (în afara extractului OSM),,243.8
RUTA_B,15-17,2026-04-02 15:34:19,15:28,352,0.0,0.0,1564.7,789.0,2.844,2.8,0.6134,0.6199,1,urban,coridor litoral Mamaia–Năvodari (în afara extractului OSM),,243.8
RUTA_B,15-17,2026-04-02 15:34:20,15:28,353,0.0,0.0,1564.7,791.0,2.833,2.8,0.6109,0.6174,1,urban,coridor litoral Mamaia–Năvodari (în afara extractului OSM),,243.8
RUTA_B,15-17,2026-04-02 15:34:21,15:28,354,0.0,0.0,1564.7,788.0,2.799,2.8,0.6036,0.61,1,urban,coridor litoral Mamaia–Năvodari (în afara extractului OSM),,243.8
RUTA_B,15-17,2026-04-02 15:34:22,15:28,355,0.0,0.0,1564.7,787.0,2.792,2.8,0.6021,0.6085,1,urban,coridor litoral Mamaia–Năvodari (în afara extractului OSM),,243.8
RUTA_B,15-17,2026-04-02 15:34:23,15:28,356,0.0,0.0,1564.7,791.0,2.82,2.8,0.6082,0.6146,1,urban,coridor litoral Mamaia–Năvodari (în afara extractului OSM),,243.8
RUTA_B,15-17,2026-04-02 15:34:24,15:28,357,0.0,0.0,1564.7,794.0,2.845,2.9,0.6136,0.6201,1,urban,coridor litoral Mamaia–Năvodari (în afara extractului OSM),,243.8
RUTA_B,15-17,2026-04-02 15:34:25,15:28,358,0.0,0.0,1564.7,796.0,2.869,3.1,0.6187,0.6253,1,urban,coridor litoral Mamaia–Năvodari (în afara extractului OSM),,243.8
RUTA_B,15-17,2026-04-02 15:34:26,15:28,359,0.0,0.0,1564.7,804.0,2.87,2.9,0.6189,0.6255,1,urban,coridor litoral Mamaia–Năvodari (în afara extractului OSM),,243.8
RUTA_B,15-17,2026-04-02 15:34:27,15:28,360,0.0,0.0,1564.7,806.0,2.866,2.8,0.6179,0.6245,1,urban,coridor litoral Mamaia–Năvodari (în afara extractului OSM),,243.8
RUTA_B,15-17,2026-04-02 15:34:28,15:28,361,0.0,0.0,1564.7,783.0,2.842,3.0,0.6128,0.6193,1,urban,coridor litoral Mamaia–Năvodari (în afara extractului OSM),,243.8
RUTA_B,15-17,2026-04-02 15:34:29,15:28,362,0.0,0.0,1564.7,777.0,2.835,3.1,0.6114,0.6179,1,urban,coridor litoral Mamaia–Năvodari (în afara extractului OSM),,243.8
RUTA_B,15-17,2026-04-02 15:34:30,15:28,363,0.0,0.0,1564.7,787.0,2.846,3.1,0.6136,0.6201,1,urban,coridor litoral Mamaia–Năvodari (în afara extractului OSM),,243.8
RUTA_B,15-17,2026-04-02 15:34:31,15:28,364,0.0,0.0,1564.7,791.0,2.847,3.0,0.6139,0.6204,1,urban,coridor litoral Mamaia–Năvodari (în afara extractului OSM),,243.8
RUTA_B,15-17,2026-04-02 15:34:32,15:28,365,0.0,0.0,1564.7,791.0,2.842,2.8,0.6128,0.6193,1,urban,coridor litoral Mamaia–Năvodari (în afara extractului OSM),,243.8
RUTA_B,15-17,2026-04-02 15:34:33,15:28,366,0.0,0.0,1564.7,790.0,2.84,2.8,0.6124,0.6189,1,urban,coridor litoral Mamaia–Năvodari (în afara extractului OSM),,243.8
RUTA_B,15-17,2026-04-02 15:34:34,15:28,367,0.0,0.0,1564.7,789.0,2.842,2.8,0.6129,0.6194,1,urban,coridor litoral Mamaia–Năvodari (în afara extractului OSM),,243.8
RUTA_B,15-17,2026-04-02 15:34:35,15:28,368,0.0,0.0,1564.7,784.0,2.871,2.8,0.6191,0.6256,1,urban,coridor litoral Mamaia–Năvodari (în afara extractului OSM),,243.8
RUTA_B,15-17,2026-04-02 15:34:36,15:28,369,0.0,0.0,1564.7,784.0,2.865,2.8,0.6178,0.6243,1,urban,coridor litoral Mamaia–Năvodari (în afara extractului OSM),,243.8
RUTA_B,15-17,2026-04-02 15:34:37,15:28,370,0.0,0.0,1564.7,793.0,2.787,2.8,0.601,0.6074,1,urban,coridor litoral Mamaia–Năvodari (în afara extractului OSM),,243.8
RUTA_B,15-17,2026-04-02 15:34:38,15:28,371,0.0,0.0,1564.7,795.0,2.785,2.9,0.6006,0.607,1,urban,coridor litoral Mamaia–Năvodari (în afara extractului OSM),,243.8
RUTA_B,15-17,2026-04-02 15:34:39,15:28,372,0.0,0.0,1564.7,793.0,2.824,3.1,0.6089,0.6154,1,urban,coridor litoral Mamaia–Năvodari (în afara extractului OSM),,243.8
RUTA_B,15-17,2026-04-02 15:34:40,15:28,373,0.0,0.0,1564.7,795.0,2.84,3.0,0.6124,0.6189,1,urban,coridor litoral Mamaia–Năvodari (în afara extractului OSM),,243.8
RUTA_B,15-17,2026-04-02 15:34:41,15:28,374,0.0,0.0,1564.7,797.0,2.848,2.8,0.6142,0.6207,1,urban,coridor litoral Mamaia–Năvodari (în afara extractului OSM),,243.8
RUTA_B,15-17,2026-04-02 15:34:42,15:28,375,0.0,0.0,1564.7,788.0,2.832,2.8,0.6107,0.6172,1,urban,coridor litoral Mamaia–Năvodari (în afara extractului OSM),,243.8
RUTA_B,15-17,2026-04-02 15:34:43,15:28,376,0.0,0.0,1564.7,781.0,2.816,2.8,0.6072,0.6137,1,urban,coridor litoral Mamaia–Năvodari (în afara extractului OSM),,243.8
RUTA_B,15-17,2026-04-02 15:34:44,15:28,377,0.0,0.0,1564.7,779.0,2.799,2.8,0.6036,0.61,1,urban,coridor litoral Mamaia–Năvodari (în afara extractului OSM),,243.8
RUTA_B,15-17,2026-04-02 15:34:45,15:28,378,0.0,0.0,1564.7,783.0,2.803,2.9,0.6044,0.6108,1,urban,coridor litoral Mamaia–Năvodari (în afara extractului OSM),,243.8
RUTA_B,15-17,2026-04-02 15:34:46,15:28,379,0.0,0.0,1564.7,793.0,2.831,3.1,0.6104,0.6169,1,urban,coridor litoral Mamaia–Năvodari (în afara extractului OSM),,243.8
RUTA_B,15-17,2026-04-02 15:34:47,15:28,380,0.0,0.0,1564.7,790.0,2.801,3.1,0.604,0.6104,1,urban,coridor litoral Mamaia–Năvodari (în afara extractului OSM),,243.8
RUTA_B,15-17,2026-04-02 15:34:48,15:28,381,0.0,0.0,1564.7,782.0,2.743,3.1,0.5915,0.5978,1,urban,coridor litoral Mamaia–Năvodari (în afara extractului OSM),,243.8
RUTA_B,15-17,2026-04-02 15:34:49,15:28,382,0.0,0.0,1564.7,785.0,2.745,2.9,0.592,0.5983,1,urban,coridor litoral Mamaia–Năvodari (în afara extractului OSM),,243.8
RUTA_B,15-17,2026-04-02 15:34:50,15:28,383,0.0,0.0,1564.7,788.0,2.753,2.8,0.5937,0.6,1,urban,coridor litoral Mamaia–Năvodari (în afara extractului OSM),,243.8
RUTA_B,15-17,2026-04-02 15:34:51,15:28,384,0.0,0.0,1564.7,788.0,2.777,2.8,0.5988,0.6051,1,urban,coridor litoral Mamaia–Năvodari (în afara extractului OSM),,243.8
RUTA_B,15-17,2026-04-02 15:34:52,15:28,385,0.0,0.0,1564.7,790.0,2.792,2.8,0.6022,0.6086,1,urban,coridor litoral Mamaia–Năvodari (în afara extractului OSM),,243.8
RUTA_B,15-17,2026-04-02 15:34:53,15:28,386,0.0,0.0,1564.7,794.0,2.798,2.8,0.6034,0.6098,1,urban,coridor litoral Mamaia–Năvodari (în afara extractului OSM),,243.8
RUTA_B,15-17,2026-04-02 15:34:54,15:28,387,0.0,0.0,1564.7,794.0,2.774,2.8,0.5983,0.6046,1,urban,coridor litoral Mamaia–Năvodari (în afara extractului OSM),,243.8
RUTA_B,15-17,2026-04-02 15:34:55,15:28,388,0.0,0.0,1564.7,791.0,2.736,2.8,0.59,0.5963,1,urban,coridor litoral Mamaia–Năvodari (în afara extractului OSM),,243.8
RUTA_B,15-17,2026-04-02 15:34:56,15:28,389,0.0,0.0,1564.7,793.0,2.762,2.8,0.5956,0.6019,1,urban,coridor litoral Mamaia–Năvodari (în afara extractului OSM),,243.8
RUTA_B,15-17,2026-04-02 15:34:57,15:28,390,0.0,0.0,1564.7,795.0,2.8,2.8,0.6037,0.6101,1,urban,coridor litoral Mamaia–Năvodari (în afara extractului OSM),,243.8
RUTA_B,15-17,2026-04-02 15:34:58,15:28,391,0.0,0.0,1564.7,802.0,2.821,2.8,0.6083,0.6148,1,urban,coridor litoral Mamaia–Năvodari (în afara extractului OSM),,243.8
RUTA_B,15-17,2026-04-02 15:34:59,15:28,392,0.0,0.0,1564.7,807.0,2.838,2.8,0.612,0.6185,1,urban,coridor litoral Mamaia–Năvodari (în afara extractului OSM),,243.8
RUTA_B,15-17,2026-04-02 15:35:00,15:28,393,0.0,0.0,1564.7,797.0,2.819,2.8,0.6079,0.6143,1,urban,coridor litoral Mamaia–Năvodari (în afara extractului OSM),,243.8
RUTA_B,15-17,2026-04-02 15:35:01,15:28,394,0.0,0.0,1564.7,787.0,2.79,2.8,0.6016,0.608,1,urban,coridor litoral Mamaia–Năvodari (în afara extractului OSM),,243.8
RUTA_B,15-17,2026-04-02 15:35:02,15:28,395,0.0,0.0,1564.7,774.0,2.752,2.8,0.5935,0.5998,1,urban,coridor litoral Mamaia–Năvodari (în afara extractului OSM),,243.8
RUTA_B,15-17,2026-04-02 15:35:03,15:28,396,0.0,0.0,1564.7,784.0,2.773,2.8,0.5981,0.6044,1,urban,coridor litoral Mamaia–Năvodari (în afara extractului OSM),,243.8
RUTA_B,15-17,2026-04-02 15:35:04,15:28,397,0.0,0.0,1564.7,792.0,2.79,2.8,0.6017,0.608,1,urban,coridor litoral Mamaia–Năvodari (în afara extractului OSM),,243.8
RUTA_B,15-17,2026-04-02 15:35:05,15:28,398,0.0,0.096,1564.7,797.0,2.79,2.8,0.6017,0.608,1,urban,coridor litoral Mamaia–Năvodari (în afara extractului OSM),,243.8
RUTA_B,15-17,2026-04-02 15:35:06,15:28,399,0.69,0.259,1564.9,1242.0,7.533,6.9,1.6245,1.6417,1,urban,coridor litoral Mamaia–Năvodari (în afara extractului OSM),,243.8
RUTA_B,15-17,2026-04-02 15:35:07,15:28,400,1.87,1.155,1565.4,1999.0,15.627,14.1,3.37,3.4057,0,urban,coridor litoral Mamaia–Năvodari (în afara extractului OSM),,243.8
RUTA_B,15-17,2026-04-02 15:35:08,15:28,401,9.01,2.09,1567.9,2068.0,17.54,20.2,3.7825,3.8225,0,urban,coridor litoral Mamaia–Năvodari (în afara extractului OSM),,243.8
RUTA_B,15-17,2026-04-02 15:35:09,15:28,402,16.91,1.757,1572.6,2049.0,18.658,26.2,4.0235,4.0661,0,urban,coridor litoral Mamaia–Năvodari (în afara extractului OSM),,243.8
RUTA_B,15-17,2026-04-02 15:35:10,15:28,403,21.66,1.371,1578.6,1920.0,19.537,24.0,4.2132,4.2578,0,urban,coridor litoral Mamaia–Năvodari (în afara extractului OSM),,246.3
RUTA_B,15-17,2026-04-02 15:35:11,15:28,404,26.78,1.565,1586.0,1946.0,22.005,20.7,4.7454,4.7956,0,urban,coridor litoral Mamaia–Năvodari (în afara extractului OSM),,249.1
RUTA_B,15-17,2026-04-02 15:35:12,15:28,405,32.93,1.368,1595.2,2355.0,28.368,15.0,6.1175,6.1824,0,urban,coridor litoral Mamaia–Năvodari (în afara extractului OSM),,252.5
RUTA_B,15-17,2026-04-02 15:35:13,15:28,406,36.63,0.689,1605.4,2316.0,27.399,15.1,5.9085,5.9711,0,urban,coridor litoral Mamaia–Năvodari (în afara extractului OSM),,255.6
RUTA_B,15-17,2026-04-02 15:35:14,15:28,407,37.89,0.677,1615.9,1829.0,19.097,21.0,4.1182,4.1619,0,urban,coridor litoral Mamaia–Năvodari (în afara extractului OSM),,258.1
RUTA_B,15-17,2026-04-02 15:35:15,15:28,408,41.5,1.03,1627.4,1956.0,22.675,26.3,4.8897,4.9415,0,urban,coridor litoral Mamaia–Năvodari (în afara extractului OSM),,264.1
RUTA_B,15-17,2026-04-02 15:35:16,15:28,409,45.3,0.986,1640.0,2141.0,26.758,30.2,5.7703,5.8314,0,urban,coridor litoral Mamaia–Năvodari (în afara extractului OSM),,271.0
RUTA_B,15-17,2026-04-02 15:35:17,15:28,410,48.6,0.859,1653.5,2293.0,24.239,22.0,5.227,5.2824,0,urban,coridor litoral Mamaia–Năvodari (în afara extractului OSM),,278.9
RUTA_B,15-17,2026-04-02 15:35:18,15:28,411,51.49,0.647,1667.8,2427.0,21.897,14.8,4.722,4.772,0,urban,coridor litoral Mamaia–Năvodari (în afara extractului OSM),,287.8
RUTA_B,15-17,2026-04-02 15:35:19,15:28,412,53.26,0.349,1682.6,2512.0,20.025,10.2,4.3183,4.3641,0,urban,coridor litoral Mamaia–Năvodari (în afara extractului OSM),,298.8
RUTA_B,15-17,2026-04-02 15:35:20,15:28,413,54.0,0.102,1697.6,2388.0,19.509,12.6,4.207,4.2516,0,urban,coridor litoral Mamaia–Năvodari (în afara extractului OSM),,310.1
RUTA_B,15-17,2026-04-02 15:35:21,15:28,414,54.0,0.051,1712.6,2117.0,19.95,20.0,4.3022,4.3478,0,urban,coridor litoral Mamaia–Năvodari (în afara extractului OSM),,321.5
RUTA_B,15-17,2026-04-02 15:35:22,15:28,415,54.37,0.125,1727.7,2041.0,14.852,15.9,3.2028,3.2367,0,urban,coridor litoral Mamaia–Năvodari (în afara extractului OSM),,329.7
RUTA_B,15-17,2026-04-02 15:35:23,15:28,416,54.9,-0.045,1742.9,2055.0,7.194,6.5,1.5514,1.5679,0,urban,coridor litoral Mamaia–Năvodari (în afara extractului OSM),,336.3
RUTA_B,15-17,2026-04-02 15:35:24,15:28,417,54.04,-0.245,1758.0,2026.0,7.403,7.9,1.5964,1.6133,0,urban,coridor litoral Mamaia–Năvodari (în afara extractului OSM),,348.9
RUTA_B,15-17,2026-04-02 15:35:25,15:28,418,53.14,0.035,1772.7,1996.0,9.646,11.9,2.0801,2.1021,0,urban,coridor litoral Mamaia–Năvodari (în afara extractului OSM),,363.2
RUTA_B,15-17,2026-04-02 15:35:26,15:28,419,54.29,0.321,1787.8,2031.0,13.643,16.2,2.9422,2.9733,0,urban,coridor litoral Mamaia–Năvodari (în afara extractului OSM),,377.7
RUTA_B,15-17,2026-04-02 15:35:27,15:28,420,55.45,0.325,1803.2,2074.0,16.054,18.2,3.4619,3.4986,0,urban,coridor litoral Mamaia–Năvodari (în afara extractului OSM),,392.8
RUTA_B,15-17,2026-04-02 15:35:28,15:28,421,56.63,0.215,1818.9,2128.0,15.907,16.6,3.4302,3.4665,0,urban,coridor litoral Mamaia–Năvodari (în afara extractului OSM),,408.5
RUTA_B,15-17,2026-04-02 15:35:29,15:28,422,57.0,0.052,1834.8,2151.0,13.397,13.7,2.8891,2.9197,0,urban,coridor litoral Mamaia–Năvodari (în afara extractului OSM),,419.0
RUTA_B,15-17,2026-04-02 15:35:30,15:28,423,57.0,0.0,1850.6,2159.0,9.791,10.2,2.1115,2.1338,0,urban,coridor litoral Mamaia–Năvodari (în afara extractului OSM),,427.0
RUTA_B,15-17,2026-04-02 15:35:31,15:28,424,57.0,0.0,1866.4,2151.0,9.991,10.7,2.1545,2.1773,0,urban,coridor litoral Mamaia–Năvodari (în afara extractului OSM),,441.3
RUTA_B,15-17,2026-04-02 15:35:32,15:28,425,57.0,0.0,1882.3,2142.0,10.653,11.8,2.2973,2.3216,0,urban,coridor litoral Mamaia–Năvodari (în afara extractului OSM),,456.5
RUTA_B,15-17,2026-04-02 15:35:33,15:28,426,57.0,0.044,1898.1,2147.0,12.247,15.1,2.641,2.669,0,urban,coridor litoral Mamaia–Năvodari (în afara extractului OSM),,471.6
RUTA_B,15-17,2026-04-02 15:35:34,15:28,427,57.32,0.269,1914.0,2162.0,14.137,18.1,3.0485,3.0808,0,urban,coridor litoral Mamaia–Năvodari (în afara extractului OSM),,487.0
RUTA_B,15-17,2026-04-02 15:35:35,15:28,428,58.94,0.428,1930.4,2218.0,17.248,20.4,3.7195,3.7589,0,urban,coridor litoral Mamaia–Năvodari (în afara extractului OSM),,503.0
RUTA_B,15-17,2026-04-02 15:35:36,15:28,429,60.4,0.361,1947.2,2273.0,19.653,21.0,4.2381,4.283,0,rural,coridor litoral Mamaia–Năvodari (în afara extractului OSM),,520.2
RUTA_B,15-17,2026-04-02 15:35:37,15:28,430,61.54,0.174,1964.3,2325.0,20.729,18.3,4.4701,4.5174,0,rural,coridor litoral Mamaia–Năvodari (în afara extractului OSM),,539.3
RUTA_B,15-17,2026-04-02 15:35:38,15:28,431,61.65,-0.067,1981.4,2334.0,15.227,12.7,3.2835,3.3183,0,rural,coridor litoral Mamaia–Năvodari (în afara extractului OSM),,552.7
RUTA_B,15-17,2026-04-02 15:35:39,15:28,432,61.06,-0.299,1998.3,2314.0,5.321,5.1,1.1474,1.1596,0,rural,coridor litoral Mamaia–Năvodari (în afara extractului OSM),,562.3
RUTA_B,15-17,2026-04-02 15:35:40,15:28,433,59.5,-0.455,2014.9,2248.0,4.034,4.1,0.87,0.8792,0,urban,coridor litoral Mamaia–Năvodari (în afara extractului OSM),,578.2
RUTA_B,15-17,2026-04-02 15:35:41,15:28,434,57.78,-0.544,2030.9,2180.0,3.71,4.1,0.8,0.8085,0,urban,coridor litoral Mamaia–Năvodari (în afara extractului OSM),,594.8
RUTA_B,15-17,2026-04-02 15:35:42,15:28,435,55.58,-0.503,2046.4,2130.0,3.71,5.3,0.8,0.8085,0,urban,coridor litoral Mamaia–Năvodari (în afara extractului OSM),,611.7
RUTA_B,15-17,2026-04-02 15:35:43,15:28,436,54.15,-0.122,2061.4,2091.0,4.924,7.4,1.0618,1.0731,0,urban,coridor litoral Mamaia–Năvodari (în afara extractului OSM),,628.3
RUTA_B,15-17,2026-04-02 15:35:44,15:28,437,54.71,0.156,2076.6,2079.0,9.259,11.5,1.9967,2.0179,0,urban,coridor litoral Mamaia–Năvodari (în afara extractului OSM),,644.3
RUTA_B,15-17,2026-04-02 15:35:45,15:28,438,55.28,0.161,2092.0,2084.0,13.091,12.4,2.823,2.8529,0,urban,coridor litoral Mamaia–Năvodari (în afara extractului OSM),,660.8
RUTA_B,15-17,2026-04-02 15:35:46,15:28,439,55.87,-0.254,2107.5,2107.0,16.347,9.6,3.5252,3.5625,0,urban,coridor litoral Mamaia–Năvodari (în afara extractului OSM),,677.8
RUTA_B,15-17,2026-04-02 15:35:47,15:28,440,53.44,-0.793,2122.3,1817.0,11.155,6.4,2.4056,2.4311,0,urban,coridor litoral Mamaia–Năvodari (în afara extractului OSM),,687.8
RUTA_B,15-17,2026-04-02 15:35:48,15:28,441,50.16,-1.166,2136.3,1436.0,3.553,2.9,0.7661,0.7742,0,urban,coridor litoral Mamaia–Năvodari (în afara extractului OSM),,695.8
RUTA_B,15-17,2026-04-02 15:35:49,15:28,442,45.05,-1.4,2148.8,1171.0,3.158,3.0,0.681,0.6882,0,urban,coridor litoral Mamaia–Năvodari (în afara extractului OSM),,708.3
RUTA_B,15-17,2026-04-02 15:35:50,15:28,443,40.08,-1.261,2159.9,955.0,3.101,3.1,0.6686,0.6757,0,urban,coridor litoral Mamaia–Năvodari (în afara extractului OSM),,720.7
RUTA_B,15-17,2026-04-02 15:35:51,15:28,444,35.96,-1.632,2169.9,890.0,2.924,2.9,0.6306,0.6373,0,urban,coridor litoral Mamaia–Năvodari (în afara extractului OSM),,731.9
RUTA_B,15-17,2026-04-02 15:35:52,15:28,445,28.33,-2.567,2177.8,838.0,2.828,2.9,0.6099,0.6163,0,urban,coridor litoral Mamaia–Năvodari (în afara extractului OSM),,740.3
RUTA_B,15-17,2026-04-02 15:35:53,15:28,446,17.48,-2.406,2182.6,800.0,2.805,3.1,0.6049,0.6113,0,urban,coridor litoral Mamaia–Năvodari (în afara extractului OSM),,746.1
RUTA_B,15-17,2026-04-02 15:35:54,15:28,447,11.01,-1.6,2185.7,782.0,2.809,3.0,0.6057,0.6121,0,urban,coridor litoral Mamaia–Năvodari (în afara extractului OSM),,748.1
RUTA_B,15-17,2026-04-02 15:35:55,15:28,448,5.96,-0.861,2187.3,773.0,2.824,2.9,0.6091,0.6155,0,urban,coridor litoral Mamaia–Năvodari (în afara extractului OSM),,748.9
RUTA_B,15-17,2026-04-02 15:35:56,15:28,449,4.81,-0.129,2188.7,804.0,2.951,6.7,0.6364,0.6432,0,urban,coridor litoral Mamaia–Năvodari (în afara extractului OSM),,750.3
RUTA_B,15-17,2026-04-02 15:35:57,15:28,450,5.03,0.504,2190.1,913.0,4.204,9.9,0.9067,0.9163,0,urban,coridor litoral Mamaia–Năvodari (în afara extractului OSM),,751.9
RUTA_B,15-17,2026-04-02 15:35:58,15:28,451,8.44,1.235,2192.4,1203.0,8.06,11.7,1.7382,1.7566,0,urban,coridor litoral Mamaia–Năvodari (în afara extractului OSM),,754.2
RUTA_B,15-17,2026-04-02 15:35:59,15:28,452,13.92,1.768,2196.3,1797.0,14.806,11.4,3.1928,3.2266,0,urban,coridor litoral Mamaia–Năvodari (în afara extractului OSM),,756.7
RUTA_B,15-17,2026-04-02 15:36:00,15:28,453,21.17,1.556,2202.1,2649.0,24.002,9.3,5.176,5.2309,0,urban,coridor litoral Mamaia–Năvodari (în afara extractului OSM),,759.3
RUTA_B,15-17,2026-04-02 15:36:01,15:28,454,25.13,1.074,2209.1,2347.0,24.654,19.6,5.3165,5.3728,0,urban,coridor litoral Mamaia–Năvodari (în afara extractului OSM),,766.2
RUTA_B,15-17,2026-04-02 15:36:02,15:28,455,28.9,1.197,2217.2,2029.0,22.973,27.1,4.9541,5.0066,0,urban,coridor litoral Mamaia–Năvodari (în afara extractului OSM),,774.2
RUTA_B,15-17,2026-04-02 15:36:03,15:28,456,33.74,1.226,2226.5,2301.0,15.948,14.4,3.4391,3.4756,0,urban,coridor litoral Mamaia–Năvodari (în afara extractului OSM),,784.6
RUTA_B,15-17,2026-04-02 15:36:04,15:28,457,37.72,0.861,2237.0,2389.0,12.115,7.0,2.6125,2.6402,0,urban,coridor litoral Mamaia–Năvodari (în afara extractului OSM),,795.6
RUTA_B,15-17,2026-04-02 15:36:05,15:28,458,39.94,0.539,2248.1,2099.0,14.852,10.5,3.2027,3.2367,0,urban,coridor litoral Mamaia–Năvodari (în afara extractului OSM),,807.5
RUTA_B,15-17,2026-04-02 15:36:06,15:28,459,41.61,0.393,2259.7,1984.0,14.622,12.2,3.1531,3.1865,0,urban,coridor litoral Mamaia–Năvodari (în afara extractului OSM),,816.6
RUTA_B,15-17,2026-04-02 15:36:07,15:28,460,42.77,0.319,2271.5,2027.0,11.675,12.2,2.5176,2.5443,0,urban,coridor litoral Mamaia–Năvodari (în afara extractului OSM),,823.2
RUTA_B,15-17,2026-04-02 15:36:08,15:28,461,43.9,0.308,2283.7,2078.0,11.618,12.7,2.5055,2.532,0,urban,coridor litoral Mamaia–Năvodari (în afara extractului OSM),,835.0
RUTA_B,15-17,2026-04-02 15:36:09,15:28,462,44.99,0.075,2296.2,2130.0,12.166,13.2,2.6235,2.6513,0,urban,coridor litoral Mamaia–Năvodari (în afara extractului OSM),,848.1
RUTA_B,15-17,2026-04-02 15:36:10,15:28,463,44.44,-0.188,2308.6,2100.0,7.741,8.1,1.6693,1.687,0,urban,coridor litoral Mamaia–Năvodari (în afara extractului OSM),,860.9
RUTA_B,15-17,2026-04-02 15:36:11,15:28,464,43.64,-0.361,2320.7,2062.0,4.135,3.9,0.8917,0.9011,0,urban,coridor litoral Mamaia–Năvodari (în afara extractului OSM),,873.8
RUTA_B,15-17,2026-04-02 15:36:12,15:28,465,41.84,-0.499,2332.3,1994.0,3.764,3.6,0.8116,0.8202,0,urban,coridor litoral Mamaia–Năvodari (în afara extractului OSM),,887.5
RUTA_B,15-17,2026-04-02 15:36:13,15:28,466,40.05,-0.499,2343.4,1925.0,3.514,3.5,0.7577,0.7657,0,urban,coridor litoral Mamaia–Năvodari (în afara extractului OSM),,897.3
RUTA_B,15-17,2026-04-02 15:36:14,15:28,467,38.25,-0.284,2354.1,1855.0,3.37,3.5,0.7267,0.7344,0,urban,coridor litoral Mamaia–Năvodari (în afara extractului OSM),,903.8
RUTA_B,15-17,2026-04-02 15:36:15,15:28,468,38.0,-0.02,2364.6,1806.0,6.69,7.0,1.4427,1.458,0,urban,coridor litoral Mamaia–Năvodari (în afara extractului OSM),,915.4
RUTA_B,15-17,2026-04-02 15:36:16,15:28,469,38.11,0.095,2375.2,1781.0,9.589,10.0,2.0678,2.0897,0,urban,coridor litoral Mamaia–Năvodari (în afara extractului OSM),,927.7
RUTA_B,15-17,2026-04-02 15:36:17,15:28,470,38.68,0.087,2386.0,1842.0,8.261,8.9,1.7814,1.8002,0,urban,coridor litoral Mamaia–Năvodari (în afara extractului OSM),,940.0
RUTA_B,15-17,2026-04-02 15:36:18,15:28,471,38.73,-0.076,2396.7,1861.0,6.408,7.0,1.3818,1.3964,0,urban,coridor litoral Mamaia–Năvodari (în afara extractului OSM),,952.1
RUTA_B,15-17,2026-04-02 15:36:19,15:28,472,38.14,-0.102,2407.3,1829.0,3.914,4.2,0.844,0.8529,0,urban,coridor litoral Mamaia–Năvodari (în afara extractului OSM),,964.2
RUTA_B,15-17,2026-04-02 15:36:20,15:28,473,38.0,-0.019,2417.9,1826.0,6.049,6.5,1.3044,1.3182,0,urban,coridor litoral Mamaia–Năvodari (în afara extractului OSM),,971.4
RUTA_B,15-17,2026-04-02 15:36:21,15:28,474,38.0,0.377,2428.4,1832.0,9.598,10.4,2.0698,2.0918,0,urban,coridor litoral Mamaia–Năvodari (în afara extractului OSM),,977.1
RUTA_B,15-17,2026-04-02 15:36:22,15:28,475,40.71,0.806,2439.7,1941.0,16.147,18.2,3.4821,3.519,0,urban,coridor litoral Mamaia–Năvodari (în afara extractului OSM),,989.3
RUTA_B,15-17,2026-04-02 15:36:23,15:28,476,43.81,0.984,2451.9,2069.0,22.376,25.7,4.8252,4.8763,0,urban,coridor litoral Mamaia–Năvodari (în afara extractului OSM),,1002.3
RUTA_B,15-17,2026-04-02 15:36:24,15:28,477,47.79,0.937,2465.2,2253.0,26.66,30.3,5.7492,5.8101,0,urban,coridor litoral Mamaia–Năvodari (în afara extractului OSM),,1017.0
RUTA_B,15-17,2026-04-02 15:36:25,15:28,478,50.55,0.554,2479.2,2212.0,22.424,26.1,4.8357,4.8869,0,urban,coridor litoral Mamaia–Năvodari (în afara extractului OSM),,1029.0
RUTA_B,15-17,2026-04-02 15:36:26,15:28,479,51.78,0.068,2493.6,1891.0,7.646,10.9,1.6488,1.6662,0,urban,coridor litoral Mamaia–Năvodari (în afara extractului OSM),,1037.6
RUTA_B,15-17,2026-04-02 15:36:27,15:28,480,51.04,-0.225,2507.8,1868.0,4.388,7.5,0.9462,0.9562,0,urban,coridor litoral Mamaia–Năvodari (în afara extractului OSM),,1052.6
RUTA_B,15-17,2026-04-02 15:36:28,15:28,481,50.16,0.086,2521.7,1908.0,4.774,7.7,1.0295,1.0404,0,urban,coridor litoral Mamaia–Năvodari (în afara extractului OSM),,1068.8
RUTA_B,15-17,2026-04-02 15:36:29,15:28,482,51.66,0.435,2536.1,1954.0,14.999,17.7,3.2345,3.2687,0,urban,coridor litoral Mamaia–Năvodari (în afara extractului OSM),,1083.2
RUTA_B,15-17,2026-04-02 15:36:30,15:28,483,53.29,0.607,2550.9,2006.0,24.07,26.1,5.1905,5.2455,0,urban,coridor litoral Mamaia–Năvodari (în afara extractului OSM),,1097.7
RUTA_B,15-17,2026-04-02 15:36:31,15:28,484,56.03,0.61,2566.4,2111.0,23.506,20.5,5.069,5.1227,0,urban,coridor litoral Mamaia–Năvodari (în afara extractului OSM),,1113.4
RUTA_B,15-17,2026-04-02 15:36:32,15:28,485,57.68,0.073,2582.5,2174.0,20.069,14.5,4.3278,4.3736,0,urban,coridor litoral Mamaia–Năvodari (în afara extractului OSM),,1129.5
RUTA_B,15-17,2026-04-02 15:36:33,15:28,486,56.55,-0.399,2598.2,2125.0,9.243,7.4,1.9932,2.0143,0,urban,coridor litoral Mamaia–Năvodari (în afara extractului OSM),,1146.7
RUTA_B,15-17,2026-04-02 15:36:34,15:28,487,54.81,-0.565,2613.4,2061.0,3.862,3.9,0.8328,0.8416,0,urban,coridor litoral Mamaia–Năvodari (în afara extractului OSM),,1164.0
RUTA_B,15-17,2026-04-02 15:36:35,15:28,488,52.48,-0.711,2628.0,1984.0,3.67,3.9,0.7914,0.7997,0,urban,coridor litoral Mamaia–Năvodari (în afara extractului OSM),,1181.3
RUTA_B,15-17,2026-04-02 15:36:36,15:28,489,49.69,-0.768,2641.8,1888.0,3.524,3.7,0.7599,0.7679,0,urban,coridor litoral Mamaia–Năvodari (în afara extractului OSM),,1191.0
RUTA_B,15-17,2026-04-02 15:36:37,15:28,490,46.95,-0.464,2654.8,1790.0,3.683,3.7,0.7941,0.8026,0,urban,coridor litoral Mamaia–Năvodari (în afara extractului OSM),,1199.2
RUTA_B,15-17,2026-04-02 15:36:38,15:28,491,46.35,-0.237,2667.7,1744.0,7.353,5.3,1.5857,1.6025,0,urban,coridor litoral Mamaia–Năvodari (în afara extractului OSM),,1213.9
RUTA_B,15-17,2026-04-02 15:36:39,15:28,492,45.25,-0.399,2680.3,1695.0,7.898,5.6,1.7032,1.7213,0,urban,coridor litoral Mamaia–Năvodari (în afara extractului OSM),,1227.9
RUTA_B,15-17,2026-04-02 15:36:40,15:28,493,43.47,-0.492,2692.3,1645.0,4.232,4.0,0.9127,0.9224,0,urban,coridor litoral Mamaia–Năvodari (în afara extractului OSM),,1241.1
RUTA_B,15-17,2026-04-02 15:36:41,15:28,494,41.7,-0.49,2703.9,1588.0,3.328,3.5,0.7177,0.7253,0,urban,coridor litoral Mamaia–Năvodari (în afara extractului OSM),,1249.1
RUTA_B,15-17,2026-04-02 15:36:42,15:28,495,39.95,-0.405,2715.0,1521.0,3.424,3.6,0.7383,0.7461,0,urban,coridor litoral Mamaia–Năvodari (în afara extractului OSM),,1255.5
RUTA_B,15-17,2026-04-02 15:36:43,15:28,496,38.79,-0.297,2725.8,1281.0,3.278,4.2,0.707,0.7144,0,urban,coridor litoral Mamaia–Năvodari (în afara extractului OSM),,1268.3
RUTA_B,15-17,2026-04-02 15:36:44,15:28,497,37.81,-0.215,2736.3,1234.0,3.908,5.1,0.8428,0.8517,0,urban,coridor litoral Mamaia–Năvodari (în afara extractului OSM),,1280.9
RUTA_B,15-17,2026-04-02 15:36:45,15:28,498,37.24,-0.248,2746.6,1591.0,6.156,6.2,1.3275,1.3416,0,urban,coridor litoral Mamaia–Năvodari (în afara extractului OSM),,1293.1
RUTA_B,15-17,2026-04-02 15:36:46,15:28,499,36.03,-0.401,2756.6,1724.0,6.088,6.2,1.313,1.3269,0,urban,coridor litoral Mamaia–Năvodari (în afara extractului OSM),,1301.3
RUTA_B,15-17,2026-04-02 15:36:47,15:28,500,34.35,-0.218,2766.2,1694.0,4.344,5.3,0.9369,0.9468,0,urban,coridor litoral Mamaia–Năvodari (în afara extractului OSM),,1306.6
RUTA_B,15-17,2026-04-02 15:36:48,15:28,501,34.46,0.08,2775.8,1681.0,6.861,8.2,1.4795,1.4952,0,urban,coridor litoral Mamaia–Năvodari (în afara extractului OSM),,1314.8
RUTA_B,15-17,2026-04-02 15:36:49,15:28,502,34.93,-0.093,2785.5,1658.0,10.012,11.4,2.159,2.1819,0,urban,coridor litoral Mamaia–Năvodari (în afara extractului OSM),,1323.8
RUTA_B,15-17,2026-04-02 15:36:50,15:28,503,33.79,-0.368,2794.8,1410.0,5.978,6.5,1.2891,1.3027,0,urban,coridor litoral Mamaia–Năvodari (în afara extractului OSM),,1333.5
RUTA_B,15-17,2026-04-02 15:36:51,15:28,504,32.28,-0.539,2803.8,1263.0,3.775,4.8,0.814,0.8226,0,urban,coridor litoral Mamaia–Năvodari (în afara extractului OSM),,1343.0
RUTA_B,15-17,2026-04-02 15:36:52,15:28,505,29.91,-0.408,2812.1,1348.0,5.764,10.4,1.243,1.2562,0,urban,coridor litoral Mamaia–Năvodari (în afara extractului OSM),,1352.1
RUTA_B,15-17,2026-04-02 15:36:53,15:28,506,29.35,-0.0,2820.3,1665.0,9.242,14.0,1.993,2.0141,0,urban,coridor litoral Mamaia–Năvodari (în afara extractului OSM),,1357.8
RUTA_B,15-17,2026-04-02 15:36:54,15:28,507,29.91,0.277,2828.6,2126.0,13.651,16.5,2.9438,2.975,0,urban,coridor litoral Mamaia–Năvodari (în afara extractului OSM),,1361.4
RUTA_B,15-17,2026-04-02 15:36:55,15:28,508,31.34,0.421,2837.3,2299.0,16.533,12.5,3.5652,3.603,0,urban,coridor litoral Mamaia–Năvodari (în afara extractului OSM),,1369.0
RUTA_B,15-17,2026-04-02 15:36:56,15:28,509,32.94,0.598,2846.4,2416.0,19.117,7.3,4.1224,4.1661,0,urban,coridor litoral Mamaia–Năvodari (în afara extractului OSM),,1377.4
RUTA_B,15-17,2026-04-02 15:36:57,15:28,510,35.64,0.792,2856.3,2092.0,20.704,17.0,4.4647,4.512,0,urban,coridor litoral Mamaia–Năvodari (în afara extractului OSM),,1385.3
RUTA_B,15-17,2026-04-02 15:36:58,15:28,511,38.64,1.043,2867.1,1828.0,22.497,26.3,4.8515,4.9029,0,urban,coridor litoral Mamaia–Năvodari (în afara extractului OSM),,1393.6
RUTA_B,15-17,2026-04-02 15:36:59,15:28,512,43.15,1.141,2879.0,2042.0,25.789,29.2,5.5614,5.6203,0,urban,coridor litoral Mamaia–Năvodari (în afara extractului OSM),,1403.8
RUTA_B,15-17,2026-04-02 15:37:00,15:28,513,46.85,0.836,2892.1,2174.0,23.482,26.1,5.0637,5.1174,0,urban,coridor litoral Mamaia–Năvodari (în afara extractului OSM),,1414.7
RUTA_B,15-17,2026-04-02 15:37:01,15:28,514,49.17,0.535,2905.7,2163.0,11.557,12.9,2.4922,2.5186,0,urban,coridor litoral Mamaia–Năvodari (în afara extractului OSM),,1426.8
RUTA_B,15-17,2026-04-02 15:37:02,15:28,515,50.7,0.364,2919.8,2091.0,10.585,11.1,2.2827,2.3069,0,urban,coridor litoral Mamaia–Năvodari (în afara extractului OSM),,1434.8
RUTA_B,15-17,2026-04-02 15:37:03,15:28,516,51.8,0.18,2934.2,1985.0,15.695,15.6,3.3845,3.4203,0,urban,coridor litoral Mamaia–Năvodari (în afara extractului OSM),,1440.6
RUTA_B,15-17,2026-04-02 15:37:04,15:28,517,52.0,0.011,2948.6,1960.0,11.605,10.9,2.5026,2.5291,0,urban,coridor litoral Mamaia–Năvodari (în afara extractului OSM),,1450.5
RUTA_B,15-17,2026-04-02 15:37:05,15:28,518,51.88,-0.176,2963.0,1957.0,6.016,4.6,1.2972,1.311,0,urban,coridor litoral Mamaia–Năvodari (în afara extractului OSM),,1461.3
RUTA_B,15-17,2026-04-02 15:37:06,15:28,519,50.73,-0.429,2977.1,1973.0,5.511,3.7,1.1884,1.201,0,urban,coridor litoral Mamaia–Năvodari (în afara extractului OSM),,1471.2
RUTA_B,15-17,2026-04-02 15:37:07,15:28,520,48.79,-0.731,2990.7,1919.0,4.874,3.2,1.051,1.0621,0,urban,coridor litoral Mamaia–Năvodari (în afara extractului OSM),,1480.2
RUTA_B,15-17,2026-04-02 15:37:08,15:28,521,45.47,-0.971,3003.3,1742.0,4.004,3.4,0.8635,0.8726,0,urban,coridor litoral Mamaia–Năvodari (în afara extractului OSM),,1487.6
RUTA_B,15-17,2026-04-02 15:37:09,15:28,522,41.8,-1.057,3014.9,1583.0,3.582,3.8,0.7725,0.7807,0,urban,coridor litoral Mamaia–Năvodari (în afara extractului OSM),,1494.5
RUTA_B,15-17,2026-04-02 15:37:10,15:28,523,37.86,-0.727,3025.4,1438.0,3.515,4.2,0.7579,0.766,0,urban,coridor litoral Mamaia–Năvodari (în afara extractului OSM),,1500.8
RUTA_B,15-17,2026-04-02 15:37:11,15:28,524,36.56,-0.257,3035.6,1385.0,3.956,4.0,0.853,0.8621,0,urban,coridor litoral Mamaia–Năvodari (în afara extractului OSM),,1504.5
RUTA_B,15-17,2026-04-02 15:37:12,15:28,525,36.0,-0.335,3045.6,1357.0,4.538,3.5,0.9785,0.9889,0,urban,coridor litoral Mamaia–Năvodari (în afara extractului OSM),,1507.4
RUTA_B,15-17,2026-04-02 15:37:13,15:28,526,34.15,-0.448,3055.1,1299.0,3.566,3.3,0.7689,0.7771,0,urban,coridor litoral Mamaia–Năvodari (în afara extractului OSM),,1512.9
RUTA_B,15-17,2026-04-02 15:37:14,15:28,527,32.78,-0.271,3064.2,1250.0,3.359,3.6,0.7243,0.732,0,urban,coridor litoral Mamaia–Năvodari (în afara extractului OSM),,1518.1
RUTA_B,15-17,2026-04-02 15:37:15,15:28,528,32.2,-0.161,3073.1,1214.0,4.405,4.7,0.95,0.96,0,urban,coridor litoral Mamaia–Năvodari (în afara extractului OSM),,1523.0
RUTA_B,15-17,2026-04-02 15:37:16,15:28,529,31.62,-0.16,3081.9,1172.0,5.255,4.7,1.1332,1.1452,0,urban,coridor litoral Mamaia–Năvodari (în afara extractului OSM),,1526.2
RUTA_B,15-17,2026-04-02 15:37:17,15:28,530,31.04,-0.013,3090.5,1126.0,6.004,4.0,1.2947,1.3084,0,urban,coridor litoral Mamaia–Năvodari (în afara extractului OSM),,1528.5
RUTA_B,15-17,2026-04-02 15:37:18,15:28,531,31.52,0.158,3099.3,1176.0,7.47,7.0,1.6108,1.6279,0,urban,coridor litoral Mamaia–Năvodari (în afara extractului OSM),,1533.3
RUTA_B,15-17,2026-04-02 15:37:19,15:28,532,32.18,0.247,3108.2,1231.0,8.816,9.8,1.9012,1.9214,0,urban,coridor litoral Mamaia–Năvodari (în afara extractului OSM),,1538.3
RUTA_B,15-17,2026-04-02 15:37:20,15:28,533,33.3,0.195,3117.5,1275.0,9.231,10.1,1.9907,2.0118,0,urban,coridor litoral Mamaia–Năvodari (în afara extractului OSM),,1543.4
RUTA_B,15-17,2026-04-02 15:37:21,15:28,534,33.59,-0.113,3126.8,1287.0,8.244,8.7,1.7778,1.7967,0,urban,coridor litoral Mamaia–Năvodari (în afara extractului OSM),,1548.5
RUTA_B,15-17,2026-04-02 15:37:22,15:28,535,32.49,-0.449,3135.8,1246.0,4.931,4.9,1.0634,1.0746,0,urban,coridor litoral Mamaia–Năvodari (în afara extractului OSM),,1553.5
RUTA_B,15-17,2026-04-02 15:37:23,15:28,536,30.36,-0.704,3144.3,1145.0,3.325,4.2,0.7171,0.7247,0,urban,coridor litoral Mamaia–Năvodari (în afara extractului OSM),,1557.4
RUTA_B,15-17,2026-04-02 15:37:24,15:28,537,27.41,-0.33,3151.9,997.0,3.066,6.0,0.6613,0.6683,0,urban,coridor litoral Mamaia–Năvodari (în afara extractului OSM),,1560.4
RUTA_B,15-17,2026-04-02 15:37:25,15:28,538,27.98,0.277,3159.7,1170.0,6.571,12.2,1.4169,1.4319,0,urban,coridor litoral Mamaia–Năvodari (în afara extractului OSM),,1564.5
RUTA_B,15-17,2026-04-02 15:37:26,15:28,539,29.41,0.766,3167.8,1391.0,10.881,18.7,2.3465,2.3714,0,urban,coridor litoral Mamaia–Năvodari (în afara extractului OSM),,1569.1
RUTA_B,15-17,2026-04-02 15:37:27,15:28,540,33.5,1.104,3177.1,1566.0,16.894,21.7,3.6432,3.6818,0,urban,coridor litoral Mamaia–Năvodari (în afara extractului OSM),,1575.9
RUTA_B,15-17,2026-04-02 15:37:28,15:28,541,37.36,1.025,3187.5,1745.0,21.729,24.9,4.6859,4.7355,0,urban,coridor litoral Mamaia–Năvodari (în afara extractului OSM),,1582.8
RUTA_B,15-17,2026-04-02 15:37:29,15:28,542,40.88,0.969,3198.9,1928.0,24.7,28.3,5.3264,5.3828,0,urban,coridor litoral Mamaia–Năvodari (în afara extractului OSM),,1589.9
RUTA_B,15-17,2026-04-02 15:37:30,15:28,543,44.34,0.959,3211.2,2109.0,22.069,22.7,4.7591,4.8095,0,urban,coridor litoral Mamaia–Năvodari (în afara extractului OSM),,1594.6
RUTA_B,15-17,2026-04-02 15:37:31,15:28,544,47.78,0.586,3224.5,2289.0,16.802,12.8,3.6234,3.6617,0,urban,coridor litoral Mamaia–Năvodari (în afara extractului OSM),,1598.1
RUTA_B,15-17,2026-04-02 15:37:32,15:28,545,48.56,0.093,3237.9,2304.0,14.548,9.1,3.1372,3.1704,0,urban,coridor litoral Mamaia–Năvodari (în afara extractului OSM),,1605.6
RUTA_B,15-17,2026-04-02 15:37:33,15:28,546,48.45,-0.32,3251.4,2287.0,11.745,6.3,2.5328,2.5597,0,urban,coridor litoral Mamaia–Năvodari (în afara extractului OSM),,1613.3
RUTA_B,15-17,2026-04-02 15:37:34,15:28,547,46.26,-0.61,3264.3,2213.0,6.707,4.8,1.4463,1.4617,0,urban,coridor litoral Mamaia–Năvodari (în afara extractului OSM),,1620.6
RUTA_B,15-17,2026-04-02 15:37:35,15:28,548,44.06,-0.612,3276.5,2103.0,3.747,3.7,0.808,0.8166,0,urban,coridor litoral Mamaia–Năvodari (în afara extractului OSM),,1627.6
RUTA_B,15-17,2026-04-02 15:37:36,15:28,549,41.85,-0.933,3288.1,1945.0,3.576,3.3,0.7711,0.7792,0,urban,coridor litoral Mamaia–Năvodari (în afara extractului OSM),,1634.3
RUTA_B,15-17,2026-04-02 15:37:37,15:28,550,37.34,-1.45,3298.5,1548.0,3.316,3.1,0.7151,0.7226,0,urban,coridor litoral Mamaia–Năvodari (în afara extractului OSM),,1638.8
RUTA_B,15-17,2026-04-02 15:37:38,15:28,551,31.4,-1.245,3307.2,1004.0,3.001,3.1,0.6472,0.6541,0,urban,coridor litoral Mamaia–Năvodari (în afara extractului OSM),,1641.9
RUTA_B,15-17,2026-04-02 15:37:39,15:28,552,28.38,-0.91,3315.1,902.0,2.865,2.9,0.6177,0.6243,0,urban,coridor litoral Mamaia–Năvodari (în afara extractului OSM),,1646.8
RUTA_B,15-17,2026-04-02 15:37:40,15:28,553,24.85,-1.516,3322.0,836.0,2.759,2.8,0.595,0.6013,0,urban,coridor litoral Mamaia–Năvodari (în afara extractului OSM),,1651.6
RUTA_B,15-17,2026-04-02 15:37:41,15:28,554,17.46,-1.615,3326.8,796.0,2.753,3.0,0.5938,0.6001,0,urban,coridor litoral Mamaia–Năvodari (în afara extractului OSM),,1654.7
RUTA_B,15-17,2026-04-02 15:37:42,15:28,555,13.22,-0.51,3330.5,833.0,3.886,5.3,0.8381,0.8469,0,urban,coridor litoral Mamaia–Năvodari (în afara extractului OSM),,1657.2
RUTA_B,15-17,2026-04-02 15:37:43,15:28,556,13.79,0.599,3334.4,988.0,6.756,10.6,1.4568,1.4722,0,urban,coridor litoral Mamaia–Năvodari (în afara extractului OSM),,1659.0
RUTA_B,15-17,2026-04-02 15:37:44,15:28,557,17.54,1.294,3339.2,1275.0,12.219,17.0,2.6351,2.663,0,urban,coridor litoral Mamaia–Năvodari (în afara extractului OSM),,1660.6
RUTA_B,15-17,2026-04-02 15:37:45,15:28,558,23.11,1.738,3345.6,1636.0,19.168,24.0,4.1335,4.1773,0,urban,coridor litoral Mamaia–Năvodari (în afara extractului OSM),,1662.1
RUTA_B,15-17,2026-04-02 15:37:46,15:28,559,30.06,1.817,3354.0,2122.0,26.277,17.6,5.6666,5.7266,0,urban,coridor litoral Mamaia–Năvodari (în afara extractului OSM),,1666.4
RUTA_B,15-17,2026-04-02 15:37:47,15:28,560,36.19,1.004,3364.0,2473.0,31.261,11.7,6.7414,6.8128,0,urban,coridor litoral Mamaia–Năvodari (în afara extractului OSM),,1671.5
RUTA_B,15-17,2026-04-02 15:37:48,15:28,561,37.29,0.362,3374.4,2084.0,26.155,20.0,5.6401,5.6999,0,urban,coridor litoral Mamaia–Năvodari (în afara extractului OSM),,1678.1
RUTA_B,15-17,2026-04-02 15:37:49,15:28,562,38.8,0.529,3385.2,1861.0,21.776,24.1,4.696,4.7457,0,urban,coridor litoral Mamaia–Năvodari (în afara extractului OSM),,1684.9
RUTA_B,15-17,2026-04-02 15:37:50,15:28,563,41.1,0.639,3396.6,1954.0,18.769,20.0,4.0474,4.0903,0,urban,coridor litoral Mamaia–Năvodari (în afara extractului OSM),,1692.1
RUTA_B,15-17,2026-04-02 15:37:51,15:28,564,43.4,0.324,3408.6,2046.0,15.761,16.0,3.3988,3.4348,0,urban,coridor litoral Mamaia–Năvodari (în afara extractului OSM),,1699.4
RUTA_B,15-17,2026-04-02 15:37:52,15:28,565,43.43,-0.104,3420.7,2061.0,11.836,11.8,2.5525,2.5795,0,urban,coridor litoral Mamaia–Năvodari (în afara extractului OSM),,1705.4
RUTA_B,15-17,2026-04-02 15:37:53,15:28,566,42.65,-0.225,3432.6,2048.0,7.585,7.5,1.6356,1.6529,0,urban,coridor litoral Mamaia–Năvodari (în afara extractului OSM),,1710.9
RUTA_B,15-17,2026-04-02 15:37:54,15:28,567,41.81,-0.277,3444.2,2031.0,4.251,4.2,0.9167,0.9264,0,urban,coridor litoral Mamaia–Năvodari (în afara extractului OSM),,1716.8
RUTA_B,15-17,2026-04-02 15:37:55,15:28,568,40.66,-0.321,3455.5,1996.0,5.598,6.0,1.2071,1.2199,0,urban,coridor litoral Mamaia–Năvodari (în afara extractului OSM),,1724.7
RUTA_B,15-17,2026-04-02 15:37:56,15:28,569,39.5,-0.112,3466.4,1961.0,6.944,7.8,1.4975,1.5134,0,urban,coridor litoral Mamaia–Năvodari (în afara extractului OSM),,1732.6
RUTA_B,15-17,2026-04-02 15:37:57,15:28,570,39.85,0.257,3477.5,1968.0,9.735,11.3,2.0993,2.1215,0,urban,coridor litoral Mamaia–Năvodari (în afara extractului OSM),,1739.1
RUTA_B,15-17,2026-04-02 15:37:58,15:28,571,41.35,0.417,3489.0,2006.0,13.637,16.0,2.9408,2.972,0,urban,coridor litoral Mamaia–Năvodari (în afara extractului OSM),,1744.6
RUTA_B,15-17,2026-04-02 15:37:59,15:28,572,42.85,0.424,3500.9,2045.0,17.54,20.7,3.7824,3.8225,0,urban,coridor litoral Mamaia–Năvodari (în afara extractului OSM),,1750.0
RUTA_B,15-17,2026-04-02 15:38:00,15:28,573,44.4,0.432,3513.2,2117.0,15.872,16.6,3.4227,3.459,0,urban,coridor litoral Mamaia–Năvodari (în afara extractului OSM),,1758.2
RUTA_B,15-17,2026-04-02 15:38:01,15:28,574,45.96,0.282,3526.0,2192.0,13.585,11.6,2.9296,2.9606,0,urban,coridor litoral Mamaia–Năvodari (în afara extractului OSM),,1766.8
RUTA_B,15-17,2026-04-02 15:38:02,15:28,575,46.43,-0.172,3538.9,2210.0,11.133,8.8,2.4008,2.4263,0,urban,coridor litoral Mamaia–Năvodari (în afara extractului OSM),,1775.4
RUTA_B,15-17,2026-04-02 15:38:03,15:28,576,44.72,-0.246,3551.3,2111.0,8.35,10.6,1.8007,1.8197,0,urban,coridor litoral Mamaia–Năvodari (în afara extractului OSM),,1783.7
RUTA_B,15-17,2026-04-02 15:38:04,15:28,577,44.66,0.149,3563.7,2109.0,9.467,16.7,2.0415,2.0631,0,urban,coridor litoral Mamaia–Năvodari (în afara extractului OSM),,1789.8
RUTA_B,15-17,2026-04-02 15:38:05,15:28,578,45.8,0.585,3576.4,2178.0,13.454,25.8,2.9014,2.9321,0,urban,coridor litoral Mamaia–Năvodari (în afara extractului OSM),,1794.2
RUTA_B,15-17,2026-04-02 15:38:06,15:28,579,48.87,0.901,3590.0,2324.0,21.179,29.7,4.5673,4.6157,0,urban,coridor litoral Mamaia–Năvodari (în afara extractului OSM),,1803.1
RUTA_B,15-17,2026-04-02 15:38:07,15:28,580,52.28,0.858,3604.5,2483.0,28.018,31.1,6.0419,6.1059,0,urban,coridor litoral Mamaia–Năvodari (în afara extractului OSM),,1813.2
RUTA_B,15-17,2026-04-02 15:38:08,15:28,581,55.05,0.655,3619.8,2603.0,20.129,21.2,4.3408,4.3868,0,urban,coridor litoral Mamaia–Năvodari (în afara extractului OSM),,1825.2
RUTA_B,15-17,2026-04-02 15:38:09,15:28,582,57.0,0.271,3635.7,2601.0,16.209,14.9,3.4954,3.5324,0,urban,coridor litoral Mamaia–Năvodari (în afara extractului OSM),,1837.2
RUTA_B,15-17,2026-04-02 15:38:10,15:28,583,57.0,-0.112,3651.5,2304.0,21.817,17.5,4.7048,4.7547,0,urban,coridor litoral Mamaia–Năvodari (în afara extractului OSM),,1848.7
RUTA_B,15-17,2026-04-02 15:38:11,15:28,584,56.19,-0.344,3667.1,2129.0,19.038,14.8,4.1055,4.149,0,urban,coridor litoral Mamaia–Năvodari (în afara extractului OSM),,1860.2
RUTA_B,15-17,2026-04-02 15:38:12,15:28,585,54.52,-0.795,3682.3,2083.0,7.388,6.5,1.5932,1.6101,0,urban,coridor litoral Mamaia–Năvodari (în afara extractului OSM),,1871.7
RUTA_B,15-17,2026-04-02 15:38:13,15:28,586,50.47,-1.278,3696.3,1932.0,3.569,3.8,0.7697,0.7778,0,urban,coridor litoral Mamaia–Năvodari (în afara extractului OSM),,1876.9
RUTA_B,15-17,2026-04-02 15:38:14,15:28,587,45.32,-1.062,3708.9,1734.0,3.335,3.5,0.7191,0.7267,0,urban,coridor litoral Mamaia–Năvodari (în afara extractului OSM),,1880.5
RUTA_B,15-17,2026-04-02 15:38:15,15:28,588,42.82,-0.566,3720.8,1625.0,3.88,4.0,0.8367,0.8456,0,urban,coridor litoral Mamaia–Năvodari (în afara extractului OSM),,1886.6
RUTA_B,15-17,2026-04-02 15:38:16,15:28,589,41.24,-0.062,3732.2,1552.0,6.049,6.4,1.3045,1.3184,0,urban,coridor litoral Mamaia–Năvodari (în afara extractului OSM),,1892.9
RUTA_B,15-17,2026-04-02 15:38:17,15:28,590,42.38,0.423,3744.0,1594.0,14.028,16.2,3.025,3.0571,0,urban,coridor litoral Mamaia–Năvodari (în afara extractului OSM),,1899.5
RUTA_B,15-17,2026-04-02 15:38:18,15:28,591,44.29,0.66,3756.3,1669.0,19.531,22.7,4.2118,4.2565,0,urban,coridor litoral Mamaia–Năvodari (în afara extractului OSM),,1907.3
RUTA_B,15-17,2026-04-02 15:38:19,15:28,592,47.13,0.84,3769.4,1785.0,22.034,25.1,4.7516,4.8019,0,urban,coridor litoral Mamaia–Năvodari (în afara extractului OSM),,1916.5
RUTA_B,15-17,2026-04-02 15:38:20,15:28,593,50.34,0.913,3783.4,1902.0,23.816,26.8,5.1359,5.1903,0,urban,coridor litoral Mamaia–Năvodari (în afara extractului OSM),,1923.0
RUTA_B,15-17,2026-04-02 15:38:21,15:28,594,53.7,0.725,3798.3,2019.0,25.281,28.1,5.4518,5.5095,0,urban,coridor litoral Mamaia–Năvodari (în afara extractului OSM),,1928.5
RUTA_B,15-17,2026-04-02 15:38:22,15:28,595,55.56,0.481,3813.7,2088.0,21.467,23.8,4.6294,4.6784,0,urban,coridor litoral Mamaia–Năvodari (în afara extractului OSM),,1940.5
RUTA_B,15-17,2026-04-02 15:38:23,15:28,596,57.16,0.372,3829.6,2148.0,17.489,19.0,3.7714,3.8114,0,urban,coridor litoral Mamaia–Năvodari (în afara extractului OSM),,1953.5
RUTA_B,15-17,2026-04-02 15:38:24,15:28,597,58.23,0.255,3845.8,2179.0,15.403,15.3,3.3217,3.3568,0,urban,coridor litoral Mamaia–Năvodari (în afara extractului OSM),,1967.7
RUTA_B,15-17,2026-04-02 15:38:25,15:28,598,59.0,0.106,3862.2,2202.0,13.58,12.6,2.9284,2.9595,0,urban,coridor litoral Mamaia–Năvodari (în afara extractului OSM),,1982.4
RUTA_B,15-17,2026-04-02 15:38:26,15:28,599,59.0,0.0,3878.5,2204.0,12.417,12.8,2.6777,2.7061,0,urban,coridor litoral Mamaia–Năvodari (în afara extractului OSM),,1998.3
RUTA_B,15-17,2026-04-02 15:38:27,15:28,600,59.0,0.0,3894.9,2211.0,12.12,13.3,2.6137,2.6414,0,urban,coridor litoral Mamaia–Năvodari (în afara extractului OSM),,2010.2
RUTA_B,15-17,2026-04-02 15:38:28,15:28,601,59.0,0.0,3911.3,2223.0,12.648,14.0,2.7275,2.7564,0,urban,coridor litoral Mamaia–Năvodari (în afara extractului OSM),,2018.2
RUTA_B,15-17,2026-04-02 15:38:29,15:28,602,59.0,0.0,3927.7,2225.0,12.951,14.3,2.7928,2.8224,0,urban,coridor litoral Mamaia–Năvodari (în afara extractului OSM),,2031.8
RUTA_B,15-17,2026-04-02 15:38:30,15:28,603,59.0,-0.195,3944.1,2225.0,13.2,14.5,2.8466,2.8767,0,urban,coridor litoral Mamaia–Năvodari (în afara extractului OSM),,2046.7
RUTA_B,15-17,2026-04-02 15:38:31,15:28,604,57.6,-0.438,3960.1,2175.0,8.976,9.6,1.9357,1.9562,0,urban,coridor litoral Mamaia–Năvodari (în afara extractului OSM),,2063.5
RUTA_B,15-17,2026-04-02 15:38:32,15:28,605,55.85,-0.473,3975.6,2112.0,4.089,3.9,0.8818,0.8912,0,urban,coridor litoral Mamaia–Năvodari (în afara extractului OSM),,2080.7
RUTA_B,15-17,2026-04-02 15:38:33,15:28,606,54.19,-0.481,3990.7,2045.0,3.752,3.7,0.809,0.8176,0,urban,coridor litoral Mamaia–Năvodari (în afara extractului OSM),,2096.7
RUTA_B,15-17,2026-04-02 15:38:34,15:28,607,52.38,-0.552,4005.2,1977.0,3.481,3.5,0.7506,0.7586,0,urban,coridor litoral Mamaia–Năvodari (în afara extractului OSM),,2111.4
RUTA_B,15-17,2026-04-02 15:38:35,15:28,608,50.21,-0.539,4019.2,1909.0,3.378,3.5,0.7284,0.7361,0,urban,coridor litoral Mamaia–Năvodari (în afara extractului OSM),,2124.9
RUTA_B,15-17,2026-04-02 15:38:36,15:28,609,48.5,-0.396,4032.6,1885.0,3.53,4.8,0.7612,0.7692,0,urban,coridor litoral Mamaia–Năvodari (în afara extractului OSM),,2138.8
RUTA_B,15-17,2026-04-02 15:38:37,15:28,610,47.37,-0.154,4045.8,1918.0,4.006,7.7,0.8639,0.8731,0,urban,coridor litoral Mamaia–Năvodari (în afara extractului OSM),,2153.0
RUTA_B,15-17,2026-04-02 15:38:38,15:28,611,47.39,0.083,4059.0,1875.0,6.378,9.5,1.3753,1.3899,0,urban,coridor litoral Mamaia–Năvodari (în afara extractului OSM),,2162.1
RUTA_B,15-17,2026-04-02 15:38:39,15:28,612,47.96,0.159,4072.3,1796.0,9.654,10.9,2.0818,2.1038,0,urban,coridor litoral Mamaia–Năvodari (în afara extractului OSM),,2168.6
RUTA_B,15-17,2026-04-02 15:38:40,15:28,613,48.53,0.172,4085.8,1816.0,10.656,12.9,2.298,2.3224,0,urban,coridor litoral Mamaia–Năvodari (în afara extractului OSM),,2181.7
RUTA_B,15-17,2026-04-02 15:38:41,15:28,614,49.2,0.243,4099.4,1846.0,11.585,14.3,2.4983,2.5248,0,urban,coridor litoral Mamaia–Năvodari (în afara extractului OSM),,2195.4
RUTA_B,15-17,2026-04-02 15:38:42,15:28,615,50.28,0.193,4113.4,1890.0,12.864,13.3,2.7742,2.8036,0,urban,coridor litoral Mamaia–Năvodari (în afara extractului OSM),,2210.0
RUTA_B,15-17,2026-04-02 15:38:43,15:28,616,50.59,-0.127,4127.5,1909.0,11.597,10.7,2.5009,2.5274,0,urban,coridor litoral Mamaia–Năvodari (în afara extractului OSM),,2225.1
RUTA_B,15-17,2026-04-02 15:38:44,15:28,617,49.37,-0.331,4141.2,1877.0,5.365,5.2,1.1569,1.1691,0,urban,coridor litoral Mamaia–Năvodari (în afara extractului OSM),,2241.1
RUTA_B,15-17,2026-04-02 15:38:45,15:28,618,48.21,-0.32,4154.6,1830.0,3.363,3.4,0.7252,0.7329,0,urban,coridor litoral Mamaia–Năvodari (în afara extractului OSM),,2251.0
RUTA_B,15-17,2026-04-02 15:38:46,15:28,619,47.07,-0.929,4167.6,1777.0,3.209,3.2,0.692,0.6994,0,urban,coridor litoral Mamaia–Năvodari (în afara extractului OSM),,2258.2
RUTA_B,15-17,2026-04-02 15:38:47,15:28,620,41.52,-1.616,4179.2,1405.0,2.909,3.1,0.6274,0.634,0,urban,coridor litoral Mamaia–Năvodari (în afara extractului OSM),,2272.4
RUTA_B,15-17,2026-04-02 15:38:48,15:28,621,35.43,-1.815,4189.0,1078.0,2.691,3.1,0.5803,0.5864,0,urban,coridor litoral Mamaia–Năvodari (în afara extractului OSM),,2285.8
RUTA_B,15-17,2026-04-02 15:38:49,15:28,622,28.45,-1.953,4196.9,974.0,2.784,2.9,0.6004,0.6067,0,urban,coridor litoral Mamaia–Năvodari (în afara extractului OSM),,2295.1
RUTA_B,15-17,2026-04-02 15:38:50,15:28,623,21.37,-1.98,4202.8,892.0,2.791,2.8,0.6018,0.6082,0,urban,coridor litoral Mamaia–Năvodari (în afara extractului OSM),,2301.3
RUTA_B,15-17,2026-04-02 15:38:51,15:28,624,14.19,-1.162,4206.8,832.0,2.713,2.8,0.585,0.5912,0,urban,coridor litoral Mamaia–Năvodari (în afara extractului OSM),,2304.2
RUTA_B,15-17,2026-04-02 15:38:52,15:28,625,13.0,-0.116,4210.4,874.0,4.687,7.0,1.0107,1.0215,0,urban,coridor litoral Mamaia–Năvodari (în afara extractului OSM),,2307.9
RUTA_B,15-17,2026-04-02 15:38:53,15:28,626,13.35,0.782,4214.1,957.0,7.347,12.2,1.5843,1.6011,0,urban,coridor litoral Mamaia–Năvodari (în afara extractului OSM),,2311.8
RUTA_B,15-17,2026-04-02 15:38:54,15:28,627,18.63,1.367,4219.3,1323.0,13.869,18.6,2.9908,3.0225,0,urban,coridor litoral Mamaia–Năvodari (în afara extractului OSM),,2317.4
RUTA_B,15-17,2026-04-02 15:38:55,15:28,628,23.2,1.094,4225.7,1532.0,15.196,21.9,3.2769,3.3116,0,urban,coridor litoral Mamaia–Năvodari (în afara extractului OSM),,2323.9
RUTA_B,15-17,2026-04-02 15:38:56,15:28,629,26.51,0.935,4233.1,1467.0,7.366,19.5,1.5884,1.6052,0,urban,coridor litoral Mamaia–Năvodari (în afara extractului OSM),,2332.0
RUTA_B,15-17,2026-04-02 15:38:57,15:28,630,29.93,0.962,4241.4,1496.0,9.07,19.8,1.956,1.9767,0,urban,coridor litoral Mamaia–Năvodari (în afara extractului OSM),,2338.4
RUTA_B,15-17,2026-04-02 15:38:58,15:28,631,33.44,1.076,4250.7,1601.0,18.545,22.3,3.9991,4.0415,0,urban,coridor litoral Mamaia–Năvodari (în afara extractului OSM),,2343.4
RUTA_B,15-17,2026-04-02 15:38:59,15:28,632,37.68,1.198,4261.2,1787.0,22.464,25.6,4.8442,4.8956,0,urban,coridor litoral Mamaia–Năvodari (în afara extractului OSM),,2353.7
RUTA_B,15-17,2026-04-02 15:39:00,15:28,633,42.06,1.227,4272.8,1988.0,25.316,29.1,5.4593,5.5171,0,urban,coridor litoral Mamaia–Năvodari (în afara extractului OSM),,2365.1
RUTA_B,15-17,2026-04-02 15:39:01,15:28,634,46.51,1.155,4285.8,2200.0,28.08,32.1,6.0554,6.1195,0,urban,coridor litoral Mamaia–Năvodari (în afara extractului OSM),,2379.6
RUTA_B,15-17,2026-04-02 15:39:02,15:28,635,50.37,0.776,4299.7,2317.0,29.519,33.8,6.3656,6.4331,0,urban,coridor litoral Mamaia–Năvodari (în afara extractului OSM),,2394.5
RUTA_B,15-17,2026-04-02 15:39:03,15:28,636,52.09,0.557,4314.2,2086.0,26.119,30.4,5.6324,5.692,0,urban,coridor litoral Mamaia–Năvodari (în afara extractului OSM),,2411.6
RUTA_B,15-17,2026-04-02 15:39:04,15:28,637,54.38,0.723,4329.3,2024.0,23.824,27.5,5.1376,5.192,0,urban,coridor litoral Mamaia–Năvodari (în afara extractului OSM),,2429.0
RUTA_B,15-17,2026-04-02 15:39:05,15:28,638,57.3,0.561,4345.2,2149.0,22.757,25.3,4.9075,4.9595,0,urban,coridor litoral Mamaia–Năvodari (în afara extractului OSM),,2447.0
RUTA_B,15-17,2026-04-02 15:39:06,15:28,639,58.42,0.233,4361.5,2202.0,19.147,20.9,4.129,4.1728,0,urban,coridor litoral Mamaia–Năvodari (în afara extractului OSM),,2457.9
RUTA_B,15-17,2026-04-02 15:39:07,15:28,640,58.98,-0.074,4377.9,2232.0,14.73,15.9,3.1765,3.2101,0,urban,coridor litoral Mamaia–Năvodari (în afara extractului OSM),,2466.5
RUTA_B,15-17,2026-04-02 15:39:08,15:28,641,57.89,-0.331,4393.9,2192.0,8.745,9.2,1.8858,1.9057,0,urban,coridor litoral Mamaia–Năvodari (în afara extractului OSM),,2484.7
RUTA_B,15-17,2026-04-02 15:39:09,15:28,642,56.59,-0.423,4409.7,2145.0,4.031,3.9,0.8692,0.8784,0,urban,coridor litoral Mamaia–Năvodari (în afara extractului OSM),,2503.0
RUTA_B,15-17,2026-04-02 15:39:10,15:28,643,54.84,-0.484,4424.9,2080.0,3.734,3.6,0.8051,0.8137,0,urban,coridor litoral Mamaia–Năvodari (în afara extractului OSM),,2520.2
RUTA_B,15-17,2026-04-02 15:39:11,15:28,644,53.11,-0.48,4439.6,2016.0,3.537,3.5,0.7626,0.7707,0,urban,coridor litoral Mamaia–Năvodari (în afara extractului OSM),,2537.0
RUTA_B,15-17,2026-04-02 15:39:12,15:28,645,51.39,-0.487,4453.9,1952.0,3.433,3.5,0.7404,0.7482,0,urban,coridor litoral Mamaia–Năvodari (în afara extractului OSM),,2553.4
RUTA_B,15-17,2026-04-02 15:39:13,15:28,646,49.6,-0.489,4467.7,1885.0,3.307,3.3,0.7132,0.7208,0,urban,coridor litoral Mamaia–Năvodari (în afara extractului OSM),,2563.0
RUTA_B,15-17,2026-04-02 15:39:14,15:28,647,47.87,-0.4,4481.0,1821.0,3.519,3.6,0.7589,0.767,0,urban,coridor litoral Mamaia–Năvodari (în afara extractului OSM),,2571.5
RUTA_B,15-17,2026-04-02 15:39:15,15:28,648,46.72,-0.231,4494.0,1787.0,6.408,7.2,1.3818,1.3964,0,urban,coridor litoral Mamaia–Năvodari (în afara extractului OSM),,2585.8
RUTA_B,15-17,2026-04-02 15:39:16,15:28,649,46.2,0.004,4506.8,1769.0,9.254,10.6,1.9957,2.0168,0,urban,coridor litoral Mamaia–Năvodari (în afara extractului OSM),,2600.1
RUTA_B,15-17,2026-04-02 15:39:17,15:28,650,46.74,0.275,4519.8,1780.0,12.032,13.8,2.5946,2.6221,0,urban,coridor litoral Mamaia–Năvodari (în afara extractului OSM),,2614.3
RUTA_B,15-17,2026-04-02 15:39:18,15:28,651,48.18,0.51,4533.2,1830.0,13.237,15.8,2.8544,2.8846,0,urban,coridor litoral Mamaia–Năvodari (în afara extractului OSM),,2628.5
RUTA_B,15-17,2026-04-02 15:39:19,15:28,652,50.42,0.501,4547.2,1915.0,13.041,16.6,2.8122,2.842,0,urban,coridor litoral Mamaia–Năvodari (în afara extractului OSM),,2642.8
RUTA_B,15-17,2026-04-02 15:39:20,15:28,653,51.79,0.34,4561.6,1960.0,13.149,15.9,2.8355,2.8655,0,urban,coridor litoral Mamaia–Năvodari (în afara extractului OSM),,2651.8
RUTA_B,15-17,2026-04-02 15:39:21,15:28,654,52.87,0.24,4576.2,1992.0,13.363,14.7,2.8817,2.9123,0,urban,coridor litoral Mamaia–Năvodari (în afara extractului OSM),,2659.1
RUTA_B,15-17,2026-04-02 15:39:22,15:28,655,53.52,0.158,4591.1,2019.0,11.53,12.3,2.4865,2.5128,0,urban,coridor litoral Mamaia–Năvodari (în afara extractului OSM),,2674.3
RUTA_B,15-17,2026-04-02 15:39:23,15:28,656,54.0,0.066,4606.1,2042.0,9.865,10.3,2.1274,2.15,0,urban,coridor litoral Mamaia–Năvodari (în afara extractului OSM),,2690.6
RUTA_B,15-17,2026-04-02 15:39:24,15:28,657,54.0,0.0,4621.1,2044.0,10.042,11.0,2.1655,2.1884,0,urban,coridor litoral Mamaia–Năvodari (în afara extractului OSM),,2706.8
RUTA_B,15-17,2026-04-02 15:39:25,15:28,658,54.0,0.0,4636.1,2044.0,10.394,11.6,2.2414,2.2651,0,urban,coridor litoral Mamaia–Năvodari (în afara extractului OSM),,2723.5
RUTA_B,15-17,2026-04-02 15:39:26,15:28,659,54.0,0.0,4651.1,2041.0,10.921,12.0,2.3551,2.3801,0,urban,coridor litoral Mamaia–Năvodari (în afara extractului OSM),,2740.7
RUTA_B,15-17,2026-04-02 15:39:27,15:28,660,54.0,0.009,4666.1,2048.0,11.427,14.9,2.4641,2.4902,0,urban,coridor litoral Mamaia–Năvodari (în afara extractului OSM),,2751.1
RUTA_B,15-17,2026-04-02 15:39:28,15:28,661,54.07,0.32,4681.1,2060.0,12.065,18.5,2.6017,2.6293,0,urban,coridor litoral Mamaia–Năvodari (în afara extractului OSM),,2759.6
RUTA_B,15-17,2026-04-02 15:39:29,15:28,662,56.31,0.603,4696.8,2119.0,17.221,21.1,3.7137,3.7531,0,urban,coridor litoral Mamaia–Năvodari (în afara extractului OSM),,2776.0
RUTA_B,15-17,2026-04-02 15:39:30,15:28,663,58.41,0.522,4713.0,2181.0,21.331,23.4,4.5999,4.6487,0,urban,coridor litoral Mamaia–Năvodari (în afara extractului OSM),,2792.4
RUTA_B,15-17,2026-04-02 15:39:31,15:28,664,60.07,0.461,4729.7,2253.0,22.195,24.2,4.7863,4.837,0,rural,coridor litoral Mamaia–Năvodari (în afara extractului OSM),,2808.6
RUTA_B,15-17,2026-04-02 15:39:32,15:28,665,61.73,0.46,4746.8,2318.0,21.95,20.5,4.7334,4.7836,0,rural,coridor litoral Mamaia–Năvodari (în afara extractului OSM),,2825.9
RUTA_B,15-17,2026-04-02 15:39:33,15:28,666,63.38,0.22,4764.4,2374.0,20.287,11.0,4.3748,4.4212,0,rural,coridor litoral Mamaia–Năvodari (în afara extractului OSM),,2844.6
RUTA_B,15-17,2026-04-02 15:39:34,15:28,667,63.31,-0.165,4782.0,2382.0,18.459,11.5,3.9806,4.0228,0,rural,coridor litoral Mamaia–Năvodari (în afara extractului OSM),,2857.5
RUTA_B,15-17,2026-04-02 15:39:35,15:28,668,62.19,0.012,4799.3,2363.0,16.532,18.1,3.565,3.6027,0,rural,coridor litoral Mamaia–Năvodari (în afara extractului OSM),,2866.9
RUTA_B,15-17,2026-04-02 15:39:36,15:28,669,63.4,0.39,4816.9,2393.0,17.251,20.3,3.7202,3.7596,0,rural,coridor litoral Mamaia–Năvodari (în afara extractului OSM),,2884.5
RUTA_B,15-17,2026-04-02 15:39:37,15:28,670,65.0,0.223,4835.0,2431.0,18.237,21.3,3.9328,3.9745,0,rural,coridor litoral Mamaia–Năvodari (în afara extractului OSM),,2903.8
RUTA_B,15-17,2026-04-02 15:39:38,15:28,671,65.0,0.0,4853.0,2447.0,13.6,15.3,2.9327,2.9638,0,rural,coridor litoral Mamaia–Năvodari (în afara extractului OSM),,2923.9
RUTA_B,15-17,2026-04-02 15:39:39,15:28,672,65.0,0.0,4871.1,2455.0,10.813,12.0,2.3318,2.3565,0,rural,coridor litoral Mamaia–Năvodari (în afara extractului OSM),,2944.3
RUTA_B,15-17,2026-04-02 15:39:40,15:28,673,65.0,0.0,4889.1,2449.0,11.685,13.8,2.5199,2.5466,0,rural,coridor litoral Mamaia–Năvodari (în afara extractului OSM),,2965.1
RUTA_B,15-17,2026-04-02 15:39:41,15:28,674,65.0,0.0,4907.2,2443.0,12.096,11.8,2.6084,2.636,0,rural,coridor litoral Mamaia–Năvodari (în afara extractului OSM),,2984.4
RUTA_B,15-17,2026-04-02 15:39:42,15:28,675,65.0,0.116,4925.2,2439.0,12.204,7.3,2.6317,2.6596,0,rural,coridor litoral Mamaia–Năvodari (în afara extractului OSM),,3002.9
RUTA_B,15-17,2026-04-02 15:39:43,15:28,676,65.84,0.27,4943.5,2261.0,17.168,13.5,3.7022,3.7415,0,rural,coridor litoral Mamaia–Năvodari (în afara extractului OSM),,3015.1
RUTA_B,15-17,2026-04-02 15:39:44,15:28,677,66.94,0.018,4962.1,2027.0,23.666,23.0,5.1034,5.1575,0,rural,coridor litoral Mamaia–Năvodari (în afara extractului OSM),,3025.2
RUTA_B,15-17,2026-04-02 15:39:45,15:28,678,65.97,-0.296,4980.4,1991.0,13.584,13.4,2.9294,2.9604,0,rural,coridor litoral Mamaia–Năvodari (în afara extractului OSM),,3043.6
RUTA_B,15-17,2026-04-02 15:39:46,15:28,679,64.81,-0.394,4998.4,1963.0,3.803,3.9,0.82,0.8287,0,rural,coridor litoral Mamaia–Năvodari (în afara extractului OSM),,3062.7
RUTA_B,15-17,2026-04-02 15:39:47,15:28,680,63.13,-0.467,5016.0,1913.0,3.561,3.7,0.768,0.7762,0,rural,coridor litoral Mamaia–Năvodari (în afara extractului OSM),,3083.5
RUTA_B,15-17,2026-04-02 15:39:48,15:28,681,61.44,-0.468,5033.0,1863.0,3.37,3.5,0.7268,0.7345,0,rural,coridor litoral Mamaia–Năvodari (în afara extractului OSM),,3103.7
RUTA_B,15-17,2026-04-02 15:39:49,15:28,682,59.76,-0.479,5049.6,1809.0,3.28,3.5,0.7074,0.7149,0,urban,coridor litoral Mamaia–Năvodari (în afara extractului OSM),,3122.5
RUTA_B,15-17,2026-04-02 15:39:50,15:28,683,58.0,-0.497,5065.8,1754.0,3.213,3.5,0.6929,0.7003,0,urban,coridor litoral Mamaia–Năvodari (în afara extractului OSM),,3136.2
RUTA_B,15-17,2026-04-02 15:39:51,15:28,684,56.18,-0.9,5081.4,1698.0,3.165,3.5,0.6825,0.6897,0,urban,coridor litoral Mamaia–Năvodari (în afara extractului OSM),,3145.8
RUTA_B,15-17,2026-04-02 15:39:52,15:28,685,51.51,-1.377,5095.7,1404.0,3.065,3.7,0.661,0.668,0,urban,coridor litoral Mamaia–Năvodari (în afara extractului OSM),,3160.9
RUTA_B,15-17,2026-04-02 15:39:53,15:28,686,46.26,-1.854,5108.5,1121.0,2.972,3.9,0.6409,0.6477,0,urban,coridor litoral Mamaia–Năvodari (în afara extractului OSM),,3176.4
RUTA_B,15-17,2026-04-02 15:39:54,15:28,687,38.17,-2.39,5119.1,1213.0,2.995,3.2,0.6459,0.6528,0,urban,coridor litoral Mamaia–Năvodari (în afara extractului OSM),,3188.2
RUTA_B,15-17,2026-04-02 15:39:55,15:28,688,29.06,-2.777,5127.2,1198.0,3.016,2.8,0.6504,0.6573,0,urban,coridor litoral Mamaia–Năvodari (în afara extractului OSM),,3197.9
RUTA_B,15-17,2026-04-02 15:39:56,15:28,689,18.17,-2.091,5132.2,997.0,3.033,2.8,0.6541,0.6611,0,urban,coridor litoral Mamaia–Năvodari (în afara extractului OSM),,3203.7
RUTA_B,15-17,2026-04-02 15:39:57,15:28,690,14.0,-0.579,5136.1,836.0,4.582,4.9,0.9882,0.9987,0,urban,coridor litoral Mamaia–Năvodari (în afara extractului OSM),,3208.1
RUTA_B,15-17,2026-04-02 15:39:58,15:28,691,14.0,0.11,5140.0,702.0,7.082,8.5,1.5273,1.5435,0,urban,coridor litoral Mamaia–Năvodari (în afara extractului OSM),,3211.5
RUTA_B,15-17,2026-04-02 15:39:59,15:28,692,14.79,0.259,5144.1,1037.0,6.843,8.6,1.4756,1.4912,0,urban,coridor litoral Mamaia–Năvodari (în afara extractului OSM),,3214.0
RUTA_B,15-17,2026-04-02 15:40:00,15:28,693,15.87,0.707,5148.5,1543.0,5.605,7.6,1.2086,1.2214,0,urban,coridor litoral Mamaia–Năvodari (în afara extractului OSM),,3216.1
RUTA_B,15-17,2026-04-02 15:40:01,15:28,694,19.88,1.18,5154.1,1664.0,11.53,13.7,2.4865,2.5128,0,urban,coridor litoral Mamaia–Năvodari (în afara extractului OSM),,3221.6
RUTA_B,15-17,2026-04-02 15:40:02,15:28,695,24.36,1.358,5160.8,1752.0,18.296,20.7,3.9455,3.9873,0,urban,coridor litoral Mamaia–Năvodari (în afara extractului OSM),,3227.8
RUTA_B,15-17,2026-04-02 15:40:03,15:28,696,29.65,1.229,5169.1,2129.0,22.585,25.8,4.8704,4.922,0,urban,coridor litoral Mamaia–Năvodari (în afara extractului OSM),,3236.9
RUTA_B,15-17,2026-04-02 15:40:04,15:28,697,33.21,0.575,5178.3,2226.0,21.131,27.4,4.5569,4.6051,0,urban,coridor litoral Mamaia–Năvodari (în afara extractului OSM),,3246.6
RUTA_B,15-17,2026-04-02 15:40:05,15:28,698,33.79,0.6,5187.7,1842.0,9.772,23.1,2.1073,2.1296,0,urban,coridor litoral Mamaia–Năvodari (în afara extractului OSM),,3257.4
RUTA_B,15-17,2026-04-02 15:40:06,15:28,699,37.53,1.285,5198.1,1827.0,13.559,24.6,2.924,2.955,0,urban,coridor litoral Mamaia–Năvodari (în afara extractului OSM),,3265.4
RUTA_B,15-17,2026-04-02 15:40:07,15:28,700,43.04,1.239,5210.1,2021.0,25.692,29.2,5.5405,5.5992,0,urban,coridor litoral Mamaia–Năvodari (în afara extractului OSM),,3272.0
RUTA_B,15-17,2026-04-02 15:40:08,15:28,701,46.45,0.827,5223.0,2152.0,18.948,15.9,4.0861,4.1294,0,urban,coridor litoral Mamaia–Năvodari (în afara extractului OSM),,3286.4
RUTA_B,15-17,2026-04-02 15:40:09,15:28,702,49.0,0.354,5236.6,2192.0,14.107,6.6,3.0422,3.0744,0,urban,coridor litoral Mamaia–Năvodari (în afara extractului OSM),,3301.0
RUTA_B,15-17,2026-04-02 15:40:10,15:28,703,49.0,-0.074,5250.2,1959.0,14.887,9.2,3.2104,3.2444,0,urban,coridor litoral Mamaia–Năvodari (în afara extractului OSM),,3316.5
RUTA_B,15-17,2026-04-02 15:40:11,15:28,704,48.46,-0.228,5263.6,1823.0,12.099,8.7,2.6091,2.6368,0,urban,coridor litoral Mamaia–Năvodari (în afara extractului OSM),,3331.4
RUTA_B,15-17,2026-04-02 15:40:12,15:28,705,47.36,-0.364,5276.8,1790.0,5.506,4.8,1.1874,1.2,0,urban,coridor litoral Mamaia–Năvodari (în afara extractului OSM),,3345.6
RUTA_B,15-17,2026-04-02 15:40:13,15:28,706,45.84,-0.447,5289.5,1737.0,3.309,3.4,0.7136,0.7211,0,urban,coridor litoral Mamaia–Năvodari (în afara extractului OSM),,3355.1
RUTA_B,15-17,2026-04-02 15:40:14,15:28,707,44.14,-0.48,5301.8,1674.0,3.19,3.2,0.6878,0.6951,0,urban,coridor litoral Mamaia–Năvodari (în afara extractului OSM),,3362.4
RUTA_B,15-17,2026-04-02 15:40:15,15:28,708,42.39,-0.567,5313.6,1611.0,3.185,3.3,0.6869,0.6942,0,urban,coridor litoral Mamaia–Năvodari (în afara extractului OSM),,3375.6
RUTA_B,15-17,2026-04-02 15:40:16,15:28,709,40.05,-0.953,5324.7,1504.0,3.189,3.5,0.6877,0.6949,0,urban,coridor litoral Mamaia–Năvodari (în afara extractului OSM),,3388.7
RUTA_B,15-17,2026-04-02 15:40:17,15:28,710,35.53,-1.502,5334.6,1233.0,3.183,3.3,0.6864,0.6937,0,urban,coridor litoral Mamaia–Năvodari (în afara extractului OSM),,3399.0
RUTA_B,15-17,2026-04-02 15:40:18,15:28,711,29.24,-2.054,5342.7,1038.0,3.085,3.1,0.6652,0.6723,0,urban,coridor litoral Mamaia–Năvodari (în afara extractului OSM),,3407.4
RUTA_B,15-17,2026-04-02 15:40:19,15:28,712,20.74,-1.893,5348.4,937.0,2.869,3.1,0.6188,0.6253,0,urban,coridor litoral Mamaia–Năvodari (în afara extractului OSM),,3413.5
RUTA_B,15-17,2026-04-02 15:40:20,15:28,713,15.61,-1.2,5352.8,898.0,2.74,3.6,0.5909,0.5972,0,urban,coridor litoral Mamaia–Năvodari (în afara extractului OSM),,3416.7
RUTA_B,15-17,2026-04-02 15:40:21,15:28,714,12.1,-0.11,5356.1,888.0,2.652,4.3,0.572,0.578,0,urban,coridor litoral Mamaia–Năvodari (în afara extractului OSM),,3418.6
RUTA_B,15-17,2026-04-02 15:40:22,15:28,715,14.82,0.89,5360.3,1053.0,8.603,11.4,1.8552,1.8749,0,urban,coridor litoral Mamaia–Năvodari (în afara extractului OSM),,3422.7
RUTA_B,15-17,2026-04-02 15:40:23,15:28,716,18.5,1.358,5365.4,1293.0,14.768,18.5,3.1846,3.2184,0,urban,coridor litoral Mamaia–Năvodari (în afara extractului OSM),,3427.5
RUTA_B,15-17,2026-04-02 15:40:24,15:28,717,24.6,1.39,5372.2,1743.0,21.075,25.0,4.5446,4.5928,0,urban,coridor litoral Mamaia–Năvodari (în afara extractului OSM),,3434.7
RUTA_B,15-17,2026-04-02 15:40:25,15:28,718,28.51,0.704,5380.2,1906.0,20.07,26.7,4.3281,4.3739,0,urban,coridor litoral Mamaia–Năvodari (în afara extractului OSM),,3443.0
RUTA_B,15-17,2026-04-02 15:40:26,15:28,719,29.67,0.66,5388.4,1703.0,9.799,22.4,2.113,2.1354,0,urban,coridor litoral Mamaia–Năvodari (în afara extractului OSM),,3452.7
RUTA_B,15-17,2026-04-02 15:40:27,15:28,720,33.27,1.138,5397.6,1703.0,13.148,22.9,2.8354,2.8654,0,urban,coridor litoral Mamaia–Năvodari (în afara extractului OSM),,3459.4
RUTA_B,15-17,2026-04-02 15:40:28,15:28,721,37.86,1.19,5408.1,1787.0,22.035,25.4,4.7517,4.802,0,urban,coridor litoral Mamaia–Năvodari (în afara extractului OSM),,3464.8
RUTA_B,15-17,2026-04-02 15:40:29,15:28,722,41.83,0.992,5419.8,1976.0,23.126,26.1,4.9871,5.0399,0,urban,coridor litoral Mamaia–Năvodari (în afara extractului OSM),,3477.2
RUTA_B,15-17,2026-04-02 15:40:30,15:28,723,45.0,0.44,5432.3,2087.0,22.417,25.6,4.8342,4.8854,0,urban,coridor litoral Mamaia–Năvodari (în afara extractului OSM),,3490.0
RUTA_B,15-17,2026-04-02 15:40:31,15:28,724,45.0,0.122,5444.8,1873.0,15.504,20.0,3.3434,3.3788,0,urban,coridor litoral Mamaia–Năvodari (în afara extractului OSM),,3503.5
RUTA_B,15-17,2026-04-02 15:40:32,15:28,725,45.88,0.447,5457.5,1763.0,12.288,16.9,2.6499,2.678,0,urban,coridor litoral Mamaia–Năvodari (în afara extractului OSM),,3516.8
RUTA_B,15-17,2026-04-02 15:40:33,15:28,726,48.21,0.539,5470.9,1825.0,15.209,18.0,3.2797,3.3144,0,urban,coridor litoral Mamaia–Năvodari (în afara extractului OSM),,3529.2
RUTA_B,15-17,2026-04-02 15:40:34,15:28,727,49.76,0.373,5484.7,1878.0,15.655,19.0,3.3759,3.4117,0,urban,coridor litoral Mamaia–Năvodari (în afara extractului OSM),,3537.8
RUTA_B,15-17,2026-04-02 15:40:35,15:28,728,50.9,0.371,5498.9,1927.0,14.849,19.9,3.2022,3.2361,0,urban,coridor litoral Mamaia–Năvodari (în afara extractului OSM),,3544.4
RUTA_B,15-17,2026-04-02 15:40:36,15:28,729,52.43,0.43,5513.4,1983.0,16.625,18.3,3.5852,3.6231,0,urban,coridor litoral Mamaia–Năvodari (în afara extractului OSM),,3556.4
RUTA_B,15-17,2026-04-02 15:40:37,15:28,730,54.0,0.296,5528.4,2040.0,18.644,16.5,4.0205,4.0631,0,urban,coridor litoral Mamaia–Năvodari (în afara extractului OSM),,3568.9
RUTA_B,15-17,2026-04-02 15:40:38,15:28,731,54.56,0.175,5543.6,2065.0,15.134,15.2,3.2637,3.2983,0,urban,coridor litoral Mamaia–Năvodari (în afara extractului OSM),,3581.9
RUTA_B,15-17,2026-04-02 15:40:39,15:28,732,55.26,0.262,5558.9,2093.0,12.726,14.4,2.7444,2.7735,0,urban,coridor litoral Mamaia–Năvodari (în afara extractului OSM),,3595.3
RUTA_B,15-17,2026-04-02 15:40:40,15:28,733,56.45,0.285,5574.6,2128.0,14.376,15.8,3.1002,3.133,0,urban,coridor litoral Mamaia–Năvodari (în afara extractului OSM),,3609.9
RUTA_B,15-17,2026-04-02 15:40:41,15:28,734,57.31,0.199,5590.5,2158.0,15.013,16.3,3.2376,3.2719,0,urban,coridor litoral Mamaia–Năvodari (în afara extractului OSM),,3624.7
RUTA_B,15-17,2026-04-02 15:40:42,15:28,735,57.88,0.162,5606.6,2184.0,14.777,16.1,3.1866,3.2204,0,urban,coridor litoral Mamaia–Năvodari (în afara extractului OSM),,3639.7
RUTA_B,15-17,2026-04-02 15:40:43,15:28,736,58.47,0.163,5622.9,2215.0,15.114,16.4,3.2593,3.2938,0,urban,coridor litoral Mamaia–Năvodari (în afara extractului OSM),,3648.5
RUTA_B,15-17,2026-04-02 15:40:44,15:28,737,59.06,0.158,5639.3,2246.0,15.469,16.8,3.3358,3.3712,0,urban,coridor litoral Mamaia–Năvodari (în afara extractului OSM),,3656.5
RUTA_B,15-17,2026-04-02 15:40:45,15:28,738,59.61,0.153,5655.8,2260.0,14.834,16.6,3.199,3.2328,0,urban,coridor litoral Mamaia–Năvodari (în afara extractului OSM),,3669.9
RUTA_B,15-17,2026-04-02 15:40:46,15:28,739,60.16,0.153,5672.5,2269.0,13.499,14.7,2.911,2.9419,0,rural,coridor litoral Mamaia–Năvodari (în afara extractului OSM),,3683.4
RUTA_B,15-17,2026-04-02 15:40:47,15:28,740,60.71,-0.025,5689.4,2267.0,10.529,8.6,2.2706,2.2946,0,rural,coridor litoral Mamaia–Năvodari (în afara extractului OSM),,3696.8
RUTA_B,15-17,2026-04-02 15:40:48,15:28,741,59.99,-0.397,5706.1,2239.0,7.629,5.1,1.6452,1.6626,0,urban,coridor litoral Mamaia–Năvodari (în afara extractului OSM),,3709.8
RUTA_B,15-17,2026-04-02 15:40:49,15:28,742,57.85,-0.509,5722.1,2183.0,4.806,4.3,1.0365,1.0474,0,urban,coridor litoral Mamaia–Năvodari (în afara extractului OSM),,3722.1
RUTA_B,15-17,2026-04-02 15:40:50,15:28,743,56.32,-0.369,5737.8,2114.0,4.445,5.0,0.9585,0.9687,0,urban,coridor litoral Mamaia–Năvodari (în afara extractului OSM),,3730.8
RUTA_B,15-17,2026-04-02 15:40:51,15:28,744,55.2,-0.315,5753.1,2035.0,5.717,6.8,1.2329,1.246,0,urban,coridor litoral Mamaia–Năvodari (în afara extractului OSM),,3737.1
RUTA_B,15-17,2026-04-02 15:40:52,15:28,745,54.05,-0.326,5768.1,2015.0,5.031,5.6,1.0849,1.0963,0,urban,coridor litoral Mamaia–Năvodari (în afara extractului OSM),,3748.6
RUTA_B,15-17,2026-04-02 15:40:53,15:28,746,52.85,-0.412,5782.8,2003.0,3.985,3.9,0.8594,0.8685,0,urban,coridor litoral Mamaia–Năvodari (în afara extractului OSM),,3761.4
RUTA_B,15-17,2026-04-02 15:40:54,15:28,747,51.08,-0.482,5797.0,1939.0,3.566,3.7,0.7691,0.7772,0,urban,coridor litoral Mamaia–Năvodari (în afara extractului OSM),,3777.1
RUTA_B,15-17,2026-04-02 15:40:55,15:28,748,49.38,-0.456,5810.7,1860.0,3.511,4.2,0.7572,0.7652,0,urban,coridor litoral Mamaia–Năvodari (în afara extractului OSM),,3791.5
RUTA_B,15-17,2026-04-02 15:40:56,15:28,749,47.8,-0.293,5824.0,1755.0,4.03,5.8,0.869,0.8782,0,urban,coridor litoral Mamaia–Năvodari (în afara extractului OSM),,3803.8
RUTA_B,15-17,2026-04-02 15:40:57,15:28,750,47.27,0.004,5837.1,1730.0,6.497,9.1,1.401,1.4159,0,urban,coridor litoral Mamaia–Năvodari (în afara extractului OSM),,3814.0
RUTA_B,15-17,2026-04-02 15:40:58,15:28,751,47.83,0.259,5850.4,1785.0,10.928,14.1,2.3567,2.3817,0,urban,coridor litoral Mamaia–Năvodari (în afara extractului OSM),,3822.1
RUTA_B,15-17,2026-04-02 15:40:59,15:28,752,49.14,0.412,5864.1,1841.0,13.863,16.6,2.9894,3.0211,0,urban,coridor litoral Mamaia–Năvodari (în afara extractului OSM),,3827.7
RUTA_B,15-17,2026-04-02 15:41:00,15:28,753,50.79,0.396,5878.2,1897.0,16.111,17.9,3.4743,3.5111,0,urban,coridor litoral Mamaia–Năvodari (în afara extractului OSM),,3832.1
RUTA_B,15-17,2026-04-02 15:41:01,15:28,754,51.99,0.323,5892.6,1954.0,17.022,19.0,3.6708,3.7097,0,urban,coridor litoral Mamaia–Năvodari (în afara extractului OSM),,3840.2
RUTA_B,15-17,2026-04-02 15:41:02,15:28,755,53.12,0.318,5907.4,2010.0,17.553,19.8,3.7852,3.8253,0,urban,coridor litoral Mamaia–Năvodari (în afara extractului OSM),,3849.4
RUTA_B,15-17,2026-04-02 15:41:03,15:28,756,54.27,0.292,5922.4,2053.0,16.415,18.2,3.5398,3.5773,0,urban,coridor litoral Mamaia–Năvodari (în afara extractului OSM),,3863.3
RUTA_B,15-17,2026-04-02 15:41:04,15:28,757,55.22,0.214,5937.8,2088.0,15.039,16.0,3.2431,3.2774,0,urban,coridor litoral Mamaia–Năvodari (în afara extractului OSM),,3877.2
RUTA_B,15-17,2026-04-02 15:41:05,15:28,758,55.81,0.108,5953.3,2112.0,13.262,12.8,2.8598,2.8901,0,urban,coridor litoral Mamaia–Năvodari (în afara extractului OSM),,3891.1
RUTA_B,15-17,2026-04-02 15:41:06,15:28,759,56.0,0.026,5968.8,2115.0,11.84,9.5,2.5533,2.5804,0,urban,coridor litoral Mamaia–Năvodari (în afara extractului OSM),,3899.9
RUTA_B,15-17,2026-04-02 15:41:07,15:28,760,56.0,-0.237,5984.4,2108.0,10.584,6.3,2.2824,2.3065,0,urban,coridor litoral Mamaia–Năvodari (în afara extractului OSM),,3906.2
RUTA_B,15-17,2026-04-02 15:41:08,15:28,761,54.3,-0.473,5999.5,2055.0,6.535,4.7,1.4093,1.4242,0,urban,coridor litoral Mamaia–Năvodari (în afara extractului OSM),,3920.1
RUTA_B,15-17,2026-04-02 15:41:09,15:28,762,52.6,-0.467,6014.1,2001.0,3.441,3.5,0.7421,0.7499,0,urban,coridor litoral Mamaia–Năvodari (în afara extractului OSM),,3934.0
RUTA_B,15-17,2026-04-02 15:41:10,15:28,763,50.93,-0.361,6028.2,1943.0,3.363,3.5,0.7253,0.733,0,urban,coridor litoral Mamaia–Năvodari (în afara extractului OSM),,3947.9
RUTA_B,15-17,2026-04-02 15:41:11,15:28,764,50.0,-0.129,6042.1,1906.0,4.676,4.7,1.0083,1.019,0,urban,coridor litoral Mamaia–Năvodari (în afara extractului OSM),,3962.2
RUTA_B,15-17,2026-04-02 15:41:12,15:28,765,50.0,-0.265,6056.0,1895.0,7.749,7.4,1.6711,1.6888,0,urban,coridor litoral Mamaia–Năvodari (în afara extractului OSM),,3977.1
RUTA_B,15-17,2026-04-02 15:41:13,15:28,766,48.09,-0.663,6069.4,1834.0,6.618,6.3,1.4273,1.4424,0,urban,coridor litoral Mamaia–Năvodari (în afara extractului OSM),,3986.3
RUTA_B,15-17,2026-04-02 15:41:14,15:28,767,45.23,-0.73,6081.9,1748.0,3.398,3.4,0.7327,0.7405,0,urban,coridor litoral Mamaia–Năvodari (în afara extractului OSM),,3992.8
RUTA_B,15-17,2026-04-02 15:41:15,15:28,768,42.84,-0.64,6093.8,1645.0,3.108,3.1,0.6701,0.6772,0,urban,coridor litoral Mamaia–Năvodari (în afara extractului OSM),,4004.9
RUTA_B,15-17,2026-04-02 15:41:16,15:28,769,40.62,-0.549,6105.1,1549.0,3.089,3.1,0.6661,0.6732,0,urban,coridor litoral Mamaia–Năvodari (în afara extractului OSM),,4017.1
RUTA_B,15-17,2026-04-02 15:41:17,15:28,770,38.88,-0.401,6115.9,1482.0,3.129,3.1,0.6748,0.682,0,urban,coridor litoral Mamaia–Năvodari (în afara extractului OSM),,4028.0
RUTA_B,15-17,2026-04-02 15:41:18,15:28,771,37.73,-0.235,6126.4,1442.0,4.094,4.3,0.8828,0.8922,0,urban,coridor litoral Mamaia–Năvodari (în afara extractului OSM),,4038.9
RUTA_B,15-17,2026-04-02 15:41:19,15:28,772,37.19,-0.156,6136.7,1431.0,6.02,6.6,1.2983,1.312,0,urban,coridor litoral Mamaia–Năvodari (în afara extractului OSM),,4049.7
RUTA_B,15-17,2026-04-02 15:41:20,15:28,773,36.61,-0.165,6146.9,1392.0,5.507,5.9,1.1875,1.2001,0,urban,coridor litoral Mamaia–Năvodari (în afara extractului OSM),,4057.0
RUTA_B,15-17,2026-04-02 15:41:21,15:28,774,36.01,-0.467,6156.9,1338.0,3.632,3.6,0.7833,0.7916,0,urban,coridor litoral Mamaia–Năvodari (în afara extractului OSM),,4062.2
RUTA_B,15-17,2026-04-02 15:41:22,15:28,775,33.25,-0.74,6166.1,1247.0,3.11,3.1,0.6706,0.6777,0,urban,coridor litoral Mamaia–Năvodari (în afara extractului OSM),,4070.9
RUTA_B,15-17,2026-04-02 15:41:23,15:28,776,30.68,-0.588,6174.7,1163.0,2.672,2.7,0.5763,0.5824,0,urban,coridor litoral Mamaia–Năvodari (în afara extractului OSM),,4079.6
RUTA_B,15-17,2026-04-02 15:41:24,15:28,777,29.01,-0.435,6182.7,1111.0,2.528,2.5,0.5451,0.5509,0,urban,coridor litoral Mamaia–Năvodari (în afara extractului OSM),,4087.2
RUTA_B,15-17,2026-04-02 15:41:25,15:28,778,27.55,-0.362,6190.4,1062.0,2.44,2.4,0.5262,0.5318,0,urban,coridor litoral Mamaia–Năvodari (în afara extractului OSM),,4094.9
RUTA_B,15-17,2026-04-02 15:41:26,15:28,779,26.41,-0.574,6197.7,1016.0,2.44,2.4,0.5262,0.5318,0,urban,coridor litoral Mamaia–Năvodari (în afara extractului OSM),,4102.5
RUTA_B,15-17,2026-04-02 15:41:27,15:28,780,23.42,-0.974,6204.2,904.0,2.433,2.5,0.5246,0.5301,0,urban,coridor litoral Mamaia–Năvodari (în afara extractului OSM),,4106.9
RUTA_B,15-17,2026-04-02 15:41:28,15:28,781,19.4,-0.915,6209.6,756.0,2.421,2.7,0.5221,0.5276,0,urban,coridor litoral Mamaia–Năvodari (în afara extractului OSM),,4109.5
RUTA_B,15-17,2026-04-02 15:41:29,15:28,782,16.83,-0.648,6214.3,773.0,2.561,2.8,0.5522,0.5581,0,urban,coridor litoral Mamaia–Năvodari (în afara extractului OSM),,4113.0
RUTA_B,15-17,2026-04-02 15:41:30,15:28,783,14.73,-0.45,6218.4,798.0,2.675,2.8,0.5768,0.5829,0,urban,coridor litoral Mamaia–Năvodari (în afara extractului OSM),,4116.6
RUTA_B,15-17,2026-04-02 15:41:31,15:28,784,13.6,-0.315,6222.1,790.0,2.652,2.8,0.5719,0.5779,0,urban,coridor litoral Mamaia–Năvodari (în afara extractului OSM),,4120.0
RUTA_B,15-17,2026-04-02 15:41:32,15:28,785,12.46,-0.314,6225.6,789.0,2.643,3.2,0.5699,0.5759,0,urban,coridor litoral Mamaia–Năvodari (în afara extractului OSM),,4123.4
RUTA_B,15-17,2026-04-02 15:41:33,15:28,786,11.33,-0.147,6228.8,796.0,2.648,4.0,0.5711,0.5772,0,urban,coridor litoral Mamaia–Năvodari (în afara extractului OSM),,4126.9
RUTA_B,15-17,2026-04-02 15:41:34,15:28,787,11.41,0.09,6231.9,1018.0,3.673,4.9,0.792,0.8004,0,urban,coridor litoral Mamaia–Năvodari (în afara extractului OSM),,4129.0
RUTA_B,15-17,2026-04-02 15:41:35,15:28,788,11.98,0.158,6235.3,1331.0,5.124,5.9,1.1049,1.1166,0,urban,coridor litoral Mamaia–Năvodari (în afara extractului OSM),,4130.6
RUTA_B,15-17,2026-04-02 15:41:36,15:28,789,12.54,0.233,6238.7,1109.0,4.723,6.1,1.0186,1.0294,0,urban,coridor litoral Mamaia–Năvodari (în afara extractului OSM),,4133.3
RUTA_B,15-17,2026-04-02 15:41:37,15:28,790,13.66,0.632,6242.5,965.0,5.598,7.7,1.2072,1.22,0,urban,coridor litoral Mamaia–Năvodari (în afara extractului OSM),,4136.5
RUTA_B,15-17,2026-04-02 15:41:38,15:28,791,17.09,1.001,6247.3,1230.0,12.133,15.4,2.6165,2.6442,0,urban,coridor litoral Mamaia–Năvodari (în afara extractului OSM),,4141.7
RUTA_B,15-17,2026-04-02 15:41:39,15:28,792,20.86,1.105,6253.1,1388.0,12.641,18.3,2.7259,2.7548,0,urban,coridor litoral Mamaia–Năvodari (în afara extractului OSM),,4148.2
RUTA_B,15-17,2026-04-02 15:41:40,15:28,793,25.05,1.005,6260.0,1414.0,5.631,15.2,1.2143,1.2272,0,urban,coridor litoral Mamaia–Năvodari (în afara extractului OSM),,4156.4
RUTA_B,15-17,2026-04-02 15:41:41,15:28,794,28.1,0.801,6267.8,1432.0,9.766,17.1,2.106,2.1283,0,urban,coridor litoral Mamaia–Năvodari (în afara extractului OSM),,4161.3
RUTA_B,15-17,2026-04-02 15:41:42,15:28,795,30.82,0.962,6276.4,1448.0,17.174,20.6,3.7034,3.7427,0,urban,coridor litoral Mamaia–Năvodari (în afara extractului OSM),,4165.2
RUTA_B,15-17,2026-04-02 15:41:43,15:28,796,35.02,1.191,6286.1,1653.0,20.411,23.9,4.4016,4.4482,0,urban,coridor litoral Mamaia–Năvodari (în afara extractului OSM),,4174.6
RUTA_B,15-17,2026-04-02 15:41:44,15:28,797,39.39,1.305,6297.1,1872.0,23.372,27.3,5.04,5.0934,0,urban,coridor litoral Mamaia–Năvodari (în afara extractului OSM),,4184.6
RUTA_B,15-17,2026-04-02 15:41:45,15:28,798,44.42,1.38,6309.4,2100.0,26.597,30.6,5.7355,5.7963,0,urban,coridor litoral Mamaia–Năvodari (în afara extractului OSM),,4197.6
RUTA_B,15-17,2026-04-02 15:41:46,15:28,799,49.33,1.319,6323.1,2319.0,29.139,28.7,6.2837,6.3503,0,urban,coridor litoral Mamaia–Năvodari (în afara extractului OSM),,4211.9
RUTA_B,15-17,2026-04-02 15:41:47,15:28,800,53.92,0.97,6338.1,2516.0,30.001,14.1,6.4695,6.5381,0,urban,coridor litoral Mamaia–Năvodari (în afara extractului OSM),,4229.4
RUTA_B,15-17,2026-04-02 15:41:48,15:28,801,56.31,0.41,6353.7,2465.0,26.007,8.8,5.6084,5.6678,0,urban,coridor litoral Mamaia–Năvodari (în afara extractului OSM),,4247.0
RUTA_B,15-17,2026-04-02 15:41:49,15:28,802,56.88,-0.029,6369.5,2209.0,18.01,11.2,3.8837,3.9248,0,urban,coridor litoral Mamaia–Năvodari (în afara extractului OSM),,4264.6
RUTA_B,15-17,2026-04-02 15:41:50,15:28,803,56.1,-0.267,6385.1,2121.0,10.74,8.2,2.3161,2.3406,0,urban,coridor litoral Mamaia–Năvodari (în afara extractului OSM),,4274.7
RUTA_B,15-17,2026-04-02 15:41:51,15:28,804,54.95,-0.317,6400.4,2082.0,4.07,4.0,0.8777,0.887,0,urban,coridor litoral Mamaia–Năvodari (în afara extractului OSM),,4282.9
RUTA_B,15-17,2026-04-02 15:41:52,15:28,805,53.82,-0.271,6415.3,2069.0,6.165,6.9,1.3294,1.3435,0,urban,coridor litoral Mamaia–Năvodari (în afara extractului OSM),,4298.0
RUTA_B,15-17,2026-04-02 15:41:53,15:28,806,53.0,-0.114,6430.1,2049.0,7.743,8.4,1.6697,1.6874,0,urban,coridor litoral Mamaia–Năvodari (în afara extractului OSM),,4313.2
RUTA_B,15-17,2026-04-02 15:41:54,15:28,807,53.0,-0.111,6444.8,2013.0,7.938,6.2,1.7117,1.7299,0,urban,coridor litoral Mamaia–Năvodari (în afara extractului OSM),,4328.7
RUTA_B,15-17,2026-04-02 15:41:55,15:28,808,52.2,-0.346,6459.3,1965.0,6.785,4.7,1.4631,1.4786,0,urban,coridor litoral Mamaia–Năvodari (în afara extractului OSM),,4343.4
RUTA_B,15-17,2026-04-02 15:41:56,15:28,809,50.51,-0.418,6473.3,1905.0,4.137,3.8,0.8921,0.9016,0,urban,coridor litoral Mamaia–Năvodari (în afara extractului OSM),,4357.2
RUTA_B,15-17,2026-04-02 15:41:57,15:28,810,49.19,-0.344,6487.0,1886.0,5.553,6.4,1.1974,1.2101,0,urban,coridor litoral Mamaia–Năvodari (în afara extractului OSM),,4366.0
RUTA_B,15-17,2026-04-02 15:41:58,15:28,811,48.03,-0.006,6500.3,1884.0,8.718,10.5,1.88,1.9,0,urban,coridor litoral Mamaia–Năvodari (în afara extractului OSM),,4372.7
RUTA_B,15-17,2026-04-02 15:41:59,15:28,812,49.15,0.337,6514.0,1886.0,12.211,14.4,2.6333,2.6612,0,urban,coridor litoral Mamaia–Năvodari (în afara extractului OSM),,4387.9
RUTA_B,15-17,2026-04-02 15:42:00,15:28,813,50.46,0.41,6528.0,1905.0,15.21,17.6,3.2801,3.3148,0,urban,coridor litoral Mamaia–Năvodari (în afara extractului OSM),,4403.0
RUTA_B,15-17,2026-04-02 15:42:01,15:28,814,52.1,0.532,6542.5,1968.0,16.903,18.9,3.645,3.6836,0,urban,coridor litoral Mamaia–Năvodari (în afara extractului OSM),,4417.5
RUTA_B,15-17,2026-04-02 15:42:02,15:28,815,54.29,0.7,6557.5,2047.0,20.424,22.6,4.4043,4.451,0,urban,coridor litoral Mamaia–Năvodari (în afara extractului OSM),,4432.9
RUTA_B,15-17,2026-04-02 15:42:03,15:28,816,57.14,0.68,6573.4,2147.0,26.163,29.4,5.6419,5.7017,0,urban,coridor litoral Mamaia–Năvodari (în afara extractului OSM),,4449.3
RUTA_B,15-17,2026-04-02 15:42:04,15:28,817,59.19,0.519,6589.8,2175.0,19.999,20.8,4.3127,4.3584,0,urban,coridor litoral Mamaia–Năvodari (în afara extractului OSM),,4460.2
RUTA_B,15-17,2026-04-02 15:42:05,15:28,818,60.88,0.471,6606.8,2171.0,8.71,5.8,1.8783,1.8982,0,rural,coridor litoral Mamaia–Năvodari (în afara extractului OSM),,4468.9
RUTA_B,15-17,2026-04-02 15:42:06,15:28,819,62.58,0.472,6624.1,2039.0,16.778,16.7,3.6181,3.6564,0,rural,coridor litoral Mamaia–Năvodari (în afara extractului OSM),,4485.8
RUTA_B,15-17,2026-04-02 15:42:07,15:28,820,64.28,0.476,6642.0,1928.0,23.56,26.1,5.0806,5.1345,0,rural,coridor litoral Mamaia–Năvodari (în afara extractului OSM),,4503.7
RUTA_B,15-17,2026-04-02 15:42:08,15:28,821,66.01,0.378,6660.3,1979.0,16.26,17.7,3.5064,3.5436,0,rural,coridor litoral Mamaia–Năvodari (în afara extractului OSM),,4522.9
RUTA_B,15-17,2026-04-02 15:42:09,15:28,822,67.0,0.138,6678.9,2008.0,12.013,12.9,2.5906,2.6181,0,rural,coridor litoral Mamaia–Năvodari (în afara extractului OSM),,4541.8
RUTA_B,15-17,2026-04-02 15:42:10,15:28,823,67.0,-0.099,6697.6,2006.0,11.88,12.9,2.5619,2.5891,0,rural,coridor litoral Mamaia–Năvodari (în afara extractului OSM),,4560.1
RUTA_B,15-17,2026-04-02 15:42:11,15:28,824,66.29,-0.258,6716.0,1997.0,9.511,11.4,2.051,2.0728,0,rural,coridor litoral Mamaia–Năvodari (în afara extractului OSM),,4573.4
RUTA_B,15-17,2026-04-02 15:42:12,15:28,825,65.14,-0.179,6734.1,1985.0,5.789,8.9,1.2484,1.2616,0,rural,coridor litoral Mamaia–Năvodari (în afara extractului OSM),,4583.6
RUTA_B,15-17,2026-04-02 15:42:13,15:28,826,65.0,-0.037,6752.1,1971.0,9.349,11.5,2.0161,2.0374,0,rural,coridor litoral Mamaia–Năvodari (în afara extractului OSM),,4601.7
RUTA_B,15-17,2026-04-02 15:42:14,15:28,827,64.88,-0.1,6770.1,1951.0,12.014,12.9,2.5908,2.6182,0,rural,coridor litoral Mamaia–Năvodari (în afara extractului OSM),,4621.0
RUTA_B,15-17,2026-04-02 15:42:15,15:28,828,64.28,-0.204,6788.0,1904.0,7.273,7.1,1.5685,1.5851,0,rural,coridor litoral Mamaia–Năvodari (în afara extractului OSM),,4640.4
RUTA_B,15-17,2026-04-02 15:42:16,15:28,829,63.41,-0.276,6805.6,1904.0,5.345,6.3,1.1527,1.1649,0,rural,coridor litoral Mamaia–Năvodari (în afara extractului OSM),,4659.2
RUTA_B,15-17,2026-04-02 15:42:17,15:28,830,62.3,-0.154,6822.9,1947.0,5.902,10.0,1.2727,1.2862,0,rural,coridor litoral Mamaia–Năvodari (în afara extractului OSM),,4677.2
RUTA_B,15-17,2026-04-02 15:42:18,15:28,831,62.3,0.057,6840.2,1936.0,8.084,11.1,1.7434,1.7618,0,rural,coridor litoral Mamaia–Năvodari (în afara extractului OSM),,4691.9
RUTA_B,15-17,2026-04-02 15:42:19,15:28,832,62.71,0.097,6857.6,1907.0,10.856,11.3,2.3411,2.3659,0,rural,coridor litoral Mamaia–Năvodari (în afara extractului OSM),,4705.5
RUTA_B,15-17,2026-04-02 15:42:20,15:28,833,63.0,0.041,6875.1,1887.0,12.654,11.4,2.7289,2.7578,0,rural,coridor litoral Mamaia–Năvodari (în afara extractului OSM),,4720.2
RUTA_B,15-17,2026-04-02 15:42:21,15:28,834,63.0,0.0,6892.6,1892.0,11.913,11.6,2.5689,2.5961,0,rural,coridor litoral Mamaia–Năvodari (în afara extractului OSM),,4738.2
RUTA_B,15-17,2026-04-02 15:42:22,15:28,835,63.0,-0.062,6910.1,1898.0,11.171,11.7,2.4089,2.4344,0,rural,coridor litoral Mamaia–Năvodari (în afara extractului OSM),,4756.1
RUTA_B,15-17,2026-04-02 15:42:23,15:28,836,62.55,-0.172,6927.5,1886.0,9.159,9.9,1.9751,1.996,0,rural,coridor litoral Mamaia–Năvodari (în afara extractului OSM),,4771.2
RUTA_B,15-17,2026-04-02 15:42:24,15:28,837,61.76,-0.22,6944.7,1862.0,6.182,6.7,1.3331,1.3473,0,rural,coridor litoral Mamaia–Năvodari (în afara extractului OSM),,4784.0
RUTA_B,15-17,2026-04-02 15:42:25,15:28,838,60.97,-0.215,6961.6,1837.0,3.411,3.5,0.7357,0.7435,0,rural,coridor litoral Mamaia–Năvodari (în afara extractului OSM),,4797.0
RUTA_B,15-17,2026-04-02 15:42:26,15:28,839,60.21,-0.21,6978.3,1805.0,5.35,3.7,1.1538,1.166,0,rural,coridor litoral Mamaia–Năvodari (în afara extractului OSM),,4814.4
RUTA_B,15-17,2026-04-02 15:42:27,15:28,840,59.46,-0.25,6994.8,1774.0,7.289,3.8,1.5718,1.5885,0,urban,coridor litoral Mamaia–Năvodari (în afara extractului OSM),,4831.7
RUTA_B,15-17,2026-04-02 15:42:28,15:28,841,58.41,-0.351,7011.1,1704.0,7.677,3.8,1.6554,1.6729,0,urban,coridor litoral Mamaia–Năvodari (în afara extractului OSM),,4848.7
RUTA_B,15-17,2026-04-02 15:42:29,15:28,842,56.93,-0.412,7026.9,1578.0,5.698,3.5,1.2288,1.2418,0,urban,coridor litoral Mamaia–Năvodari (în afara extractului OSM),,4864.9
RUTA_B,15-17,2026-04-02 15:42:30,15:28,843,55.45,-0.368,7042.3,1451.0,3.719,3.2,0.8021,0.8106,0,urban,coridor litoral Mamaia–Năvodari (în afara extractului OSM),,4881.1
RUTA_B,15-17,2026-04-02 15:42:31,15:28,844,54.28,-0.305,7057.4,1630.0,5.386,6.7,1.1614,1.1738,0,urban,coridor litoral Mamaia–Năvodari (în afara extractului OSM),,4896.1
RUTA_B,15-17,2026-04-02 15:42:32,15:28,845,53.25,-0.12,7072.2,1941.0,8.637,11.7,1.8625,1.8822,0,urban,coridor litoral Mamaia–Năvodari (în afara extractului OSM),,4910.6
RUTA_B,15-17,2026-04-02 15:42:33,15:28,846,53.42,0.099,7087.0,2030.0,11.076,10.0,2.3885,2.4138,0,urban,coridor litoral Mamaia–Năvodari (în afara extractului OSM),,4920.6
RUTA_B,15-17,2026-04-02 15:42:34,15:28,847,53.97,-0.137,7102.0,2047.0,13.253,6.1,2.8579,2.8882,0,urban,coridor litoral Mamaia–Năvodari (în afara extractului OSM),,4929.2
RUTA_B,15-17,2026-04-02 15:42:35,15:28,848,52.43,-0.445,7116.5,1991.0,8.146,4.7,1.7566,1.7752,0,urban,coridor litoral Mamaia–Năvodari (în afara extractului OSM),,4945.0
RUTA_B,15-17,2026-04-02 15:42:36,15:28,849,50.76,-0.464,7130.6,1930.0,3.345,3.5,0.7213,0.7289,0,urban,coridor litoral Mamaia–Năvodari (în afara extractului OSM),,4961.1
RUTA_B,15-17,2026-04-02 15:42:37,15:28,850,49.09,-0.439,7144.3,1873.0,3.239,3.3,0.6985,0.7059,0,urban,coridor litoral Mamaia–Năvodari (în afara extractului OSM),,4976.5
RUTA_B,15-17,2026-04-02 15:42:38,15:28,851,47.6,-0.369,7157.5,1687.0,3.109,3.1,0.6705,0.6776,0,urban,coridor litoral Mamaia–Năvodari (în afara extractului OSM),,4991.7
RUTA_B,15-17,2026-04-02 15:42:39,15:28,852,46.43,-0.624,7170.4,1257.0,2.935,3.1,0.6329,0.6396,0,urban,coridor litoral Mamaia–Năvodari (în afara extractului OSM),,5006.9
RUTA_B,15-17,2026-04-02 15:42:40,15:28,853,43.1,-1.103,7182.4,1038.0,2.841,3.0,0.6127,0.6191,0,urban,coridor litoral Mamaia–Năvodari (în afara extractului OSM),,5016.3
RUTA_B,15-17,2026-04-02 15:42:41,15:28,854,38.49,-1.212,7193.1,942.0,2.795,2.8,0.6027,0.6091,0,urban,coridor litoral Mamaia–Năvodari (în afara extractului OSM),,5022.5
RUTA_B,15-17,2026-04-02 15:42:42,15:28,855,34.37,-1.12,7202.6,896.0,2.712,2.8,0.5849,0.5911,0,urban,coridor litoral Mamaia–Năvodari (în afara extractului OSM),,5032.3
RUTA_B,15-17,2026-04-02 15:42:43,15:28,856,30.43,-1.023,7211.1,856.0,2.636,2.8,0.5685,0.5745,0,urban,coridor litoral Mamaia–Năvodari (în afara extractului OSM),,5042.1
RUTA_B,15-17,2026-04-02 15:42:44,15:28,857,27.01,-1.06,7218.6,825.0,2.613,2.8,0.5636,0.5695,0,urban,coridor litoral Mamaia–Năvodari (în afara extractului OSM),,5050.2
RUTA_B,15-17,2026-04-02 15:42:45,15:28,858,22.79,-1.329,7224.9,800.0,2.593,2.8,0.5591,0.565,0,urban,coridor litoral Mamaia–Năvodari (în afara extractului OSM),,5057.5
RUTA_B,15-17,2026-04-02 15:42:46,15:28,859,17.44,-1.0,7229.7,786.0,2.575,2.8,0.5552,0.5611,0,urban,coridor litoral Mamaia–Năvodari (în afara extractului OSM),,5063.5
RUTA_B,15-17,2026-04-02 15:42:47,15:28,860,15.59,-0.335,7234.1,987.0,5.146,9.5,1.1097,1.1215,0,urban,coridor litoral Mamaia–Năvodari (în afara extractului OSM),,5066.6
RUTA_B,15-17,2026-04-02 15:42:48,15:28,861,15.03,0.471,7238.2,1268.0,8.67,18.7,1.8697,1.8895,0,urban,coridor litoral Mamaia–Năvodari (în afara extractului OSM),,5068.6
RUTA_B,15-17,2026-04-02 15:42:49,15:28,862,18.98,1.127,7243.5,1457.0,11.227,19.2,2.4212,2.4468,0,urban,coridor litoral Mamaia–Năvodari (în afara extractului OSM),,5073.3
RUTA_B,15-17,2026-04-02 15:42:50,15:28,863,23.14,1.06,7249.9,1641.0,13.471,18.9,2.905,2.9358,0,urban,coridor litoral Mamaia–Năvodari (în afara extractului OSM),,5078.3
RUTA_B,15-17,2026-04-02 15:42:51,15:28,864,26.61,0.935,7257.3,1811.0,9.601,10.3,2.0704,2.0923,0,urban,coridor litoral Mamaia–Năvodari (în afara extractului OSM),,5086.2
RUTA_B,15-17,2026-04-02 15:42:52,15:28,865,29.87,0.843,7265.6,1875.0,9.157,7.7,1.9748,1.9957,0,urban,coridor litoral Mamaia–Năvodari (în afara extractului OSM),,5094.8
RUTA_B,15-17,2026-04-02 15:42:53,15:28,866,32.68,0.937,7274.7,1707.0,16.343,18.5,3.5243,3.5616,0,urban,coridor litoral Mamaia–Năvodari (în afara extractului OSM),,5105.0
RUTA_B,15-17,2026-04-02 15:42:54,15:28,867,36.62,1.233,7284.9,1742.0,21.512,25.2,4.639,4.6881,0,urban,coridor litoral Mamaia–Năvodari (în afara extractului OSM),,5115.6
RUTA_B,15-17,2026-04-02 15:42:55,15:28,868,41.56,0.997,7296.4,1958.0,24.893,28.5,5.368,5.4249,0,urban,coridor litoral Mamaia–Năvodari (în afara extractului OSM),,5126.8
RUTA_B,15-17,2026-04-02 15:42:56,15:28,869,43.79,0.466,7308.6,1967.0,18.3,26.9,3.9464,3.9882,0,urban,coridor litoral Mamaia–Năvodari (în afara extractului OSM),,5134.9
RUTA_B,15-17,2026-04-02 15:42:57,15:28,870,44.91,0.711,7321.1,1890.0,7.594,23.4,1.6377,1.655,0,urban,coridor litoral Mamaia–Năvodari (în afara extractului OSM),,5141.7
RUTA_B,15-17,2026-04-02 15:42:58,15:28,871,48.92,1.087,7334.7,1915.0,16.817,25.8,3.6265,3.6649,0,urban,coridor litoral Mamaia–Năvodari (în afara extractului OSM),,5157.1
RUTA_B,15-17,2026-04-02 15:42:59,15:28,872,52.74,0.908,7349.3,1965.0,24.208,25.9,5.2203,5.2756,0,urban,coridor litoral Mamaia–Năvodari (în afara extractului OSM),,5173.3
RUTA_B,15-17,2026-04-02 15:43:00,15:28,873,55.45,0.625,7364.7,2063.0,22.294,18.9,4.8077,4.8586,0,urban,coridor litoral Mamaia–Năvodari (în afara extractului OSM),,5189.4
RUTA_B,15-17,2026-04-02 15:43:01,15:28,874,57.24,0.327,7380.6,2132.0,19.564,15.1,4.219,4.2637,0,urban,coridor litoral Mamaia–Năvodari (în afara extractului OSM),,5206.1
RUTA_B,15-17,2026-04-02 15:43:02,15:28,875,57.8,-0.004,7396.7,2161.0,15.742,15.5,3.3948,3.4308,0,urban,coridor litoral Mamaia–Năvodari (în afara extractului OSM),,5223.7
RUTA_B,15-17,2026-04-02 15:43:03,15:28,876,57.21,-0.249,7412.6,2154.0,10.359,11.1,2.2339,2.2576,0,urban,coridor litoral Mamaia–Năvodari (în afara extractului OSM),,5236.2
RUTA_B,15-17,2026-04-02 15:43:04,15:28,877,56.01,-0.416,7428.1,2127.0,4.15,4.0,0.8949,0.9043,0,urban,coridor litoral Mamaia–Năvodari (în afara extractului OSM),,5246.0
RUTA_B,15-17,2026-04-02 15:43:05,15:28,878,54.22,-0.393,7443.2,2086.0,3.768,4.9,0.8125,0.8211,0,urban,coridor litoral Mamaia–Năvodari (în afara extractului OSM),,5262.9
RUTA_B,15-17,2026-04-02 15:43:06,15:28,879,53.18,-0.067,7457.9,2053.0,4.97,6.9,1.0717,1.083,0,urban,coridor litoral Mamaia–Năvodari (în afara extractului OSM),,5279.5
RUTA_B,15-17,2026-04-02 15:43:07,15:28,880,53.74,0.195,7472.9,2038.0,9.437,11.3,2.035,2.0566,0,urban,coridor litoral Mamaia–Năvodari (în afara extractului OSM),,5295.6
RUTA_B,15-17,2026-04-02 15:43:08,15:28,881,54.58,0.271,7488.0,2053.0,12.667,12.2,2.7317,2.7606,0,urban,coridor litoral Mamaia–Năvodari (în afara extractului OSM),,5311.9
RUTA_B,15-17,2026-04-02 15:43:09,15:28,882,55.69,0.016,7503.5,2096.0,14.788,10.0,3.1889,3.2227,0,urban,coridor litoral Mamaia–Năvodari (în afara extractului OSM),,5328.6
RUTA_B,15-17,2026-04-02 15:43:10,15:28,883,54.7,-0.373,7518.7,2086.0,10.8,9.1,2.3291,2.3538,0,urban,coridor litoral Mamaia–Năvodari (în afara extractului OSM),,5339.7
RUTA_B,15-17,2026-04-02 15:43:11,15:28,884,53.0,-0.236,7533.4,2055.0,5.013,8.6,1.081,1.0925,0,urban,coridor litoral Mamaia–Năvodari (în afara extractului OSM),,5349.1
RUTA_B,15-17,2026-04-02 15:43:12,15:28,885,53.0,0.0,7548.1,2032.0,7.892,8.6,1.7018,1.7199,0,urban,coridor litoral Mamaia–Năvodari (în afara extractului OSM),,5364.6
RUTA_B,15-17,2026-04-02 15:43:13,15:28,886,53.0,0.0,7562.9,2016.0,10.081,9.4,2.174,2.197,0,urban,coridor litoral Mamaia–Năvodari (în afara extractului OSM),,5379.9
RUTA_B,15-17,2026-04-02 15:43:14,15:28,887,53.0,0.067,7577.6,2014.0,10.6,11.9,2.2858,2.31,0,urban,coridor litoral Mamaia–Năvodari (în afara extractului OSM),,5394.9
RUTA_B,15-17,2026-04-02 15:43:15,15:28,888,53.48,0.225,7592.4,2028.0,12.356,15.0,2.6646,2.6928,0,urban,coridor litoral Mamaia–Năvodari (în afara extractului OSM),,5410.7
RUTA_B,15-17,2026-04-02 15:43:16,15:28,889,54.62,0.366,7607.6,2062.0,15.815,19.1,3.4105,3.4466,0,urban,coridor litoral Mamaia–Năvodari (în afara extractului OSM),,5427.9
RUTA_B,15-17,2026-04-02 15:43:17,15:28,890,56.11,0.438,7623.2,2119.0,18.645,22.0,4.0208,4.0634,0,urban,coridor litoral Mamaia–Năvodari (în afara extractului OSM),,5439.1
RUTA_B,15-17,2026-04-02 15:43:18,15:28,891,57.78,0.529,7639.3,2187.0,21.165,24.4,4.5641,4.6125,0,urban,coridor litoral Mamaia–Năvodari (în afara extractului OSM),,5447.4
RUTA_B,15-17,2026-04-02 15:43:19,15:28,892,59.92,0.582,7655.9,2257.0,19.43,21.9,4.19,4.2343,0,urban,coridor litoral Mamaia–Năvodari (în afara extractului OSM),,5463.5
RUTA_B,15-17,2026-04-02 15:43:20,15:28,893,61.97,0.207,7673.1,2322.0,16.77,18.3,3.6163,3.6546,0,rural,coridor litoral Mamaia–Năvodari (în afara extractului OSM),,5480.9
RUTA_B,15-17,2026-04-02 15:43:21,15:28,894,61.41,-0.198,7690.2,2304.0,9.988,10.3,2.1539,2.1767,0,rural,coridor litoral Mamaia–Năvodari (în afara extractului OSM),,5498.8
RUTA_B,15-17,2026-04-02 15:43:22,15:28,895,60.54,-0.364,7707.0,2280.0,5.012,4.7,1.0807,1.0922,0,rural,coridor litoral Mamaia–Năvodari (în afara extractului OSM),,5516.8
RUTA_B,15-17,2026-04-02 15:43:23,15:28,896,58.79,-0.481,7723.3,2242.0,5.093,6.1,1.0984,1.11,0,urban,coridor litoral Mamaia–Năvodari (în afara extractului OSM),,5534.7
RUTA_B,15-17,2026-04-02 15:43:24,15:28,897,57.07,-0.471,7739.2,2183.0,4.633,5.7,0.9991,1.0097,0,urban,coridor litoral Mamaia–Năvodari (în afara extractului OSM),,5552.4
RUTA_B,15-17,2026-04-02 15:43:25,15:28,898,55.4,-0.464,7754.6,2108.0,3.733,3.9,0.8049,0.8134,0,urban,coridor litoral Mamaia–Năvodari (în afara extractului OSM),,5569.7
RUTA_B,15-17,2026-04-02 15:43:26,15:28,899,53.73,-0.461,7769.5,2047.0,3.457,3.5,0.7454,0.7533,0,urban,coridor litoral Mamaia–Năvodari (în afara extractului OSM),,5580.0
RUTA_B,15-17,2026-04-02 15:43:27,15:28,900,52.08,-0.402,7783.9,1991.0,3.374,3.5,0.7276,0.7353,0,urban,coridor litoral Mamaia–Năvodari (în afara extractului OSM),,5588.1
RUTA_B,15-17,2026-04-02 15:43:28,15:28,901,50.84,-0.359,7798.1,1925.0,3.289,3.5,0.7092,0.7167,0,urban,coridor litoral Mamaia–Năvodari (în afara extractului OSM),,5604.6
RUTA_B,15-17,2026-04-02 15:43:29,15:28,902,49.49,-0.414,7811.8,1864.0,3.21,3.5,0.6921,0.6995,0,urban,coridor litoral Mamaia–Năvodari (în afara extractului OSM),,5620.7
RUTA_B,15-17,2026-04-02 15:43:30,15:28,903,47.86,-0.39,7825.1,1814.0,3.144,3.3,0.678,0.6852,0,urban,coridor litoral Mamaia–Năvodari (în afara extractului OSM),,5635.0
RUTA_B,15-17,2026-04-02 15:43:31,15:28,904,46.68,-0.255,7838.1,1770.0,4.985,5.7,1.075,1.0864,0,urban,coridor litoral Mamaia–Năvodari (în afara extractului OSM),,5646.6
RUTA_B,15-17,2026-04-02 15:43:32,15:28,905,46.02,0.136,7850.9,1733.0,8.916,11.2,1.9227,1.9431,0,urban,coridor litoral Mamaia–Năvodari (în afara extractului OSM),,5655.2
RUTA_B,15-17,2026-04-02 15:43:33,15:28,906,47.66,0.463,7864.1,1787.0,11.704,13.5,2.524,2.5508,0,urban,coridor litoral Mamaia–Năvodari (în afara extractului OSM),,5669.4
RUTA_B,15-17,2026-04-02 15:43:34,15:28,907,49.35,0.455,7877.8,1846.0,14.582,16.2,3.1446,3.178,0,urban,coridor litoral Mamaia–Năvodari (în afara extractului OSM),,5683.7
RUTA_B,15-17,2026-04-02 15:43:35,15:28,908,50.94,0.496,7892.0,1908.0,17.896,20.4,3.8593,3.9002,0,urban,coridor litoral Mamaia–Năvodari (în afara extractului OSM),,5697.7
RUTA_B,15-17,2026-04-02 15:43:36,15:28,909,52.93,0.659,7906.7,1985.0,21.148,24.2,4.5604,4.6087,0,urban,coridor litoral Mamaia–Năvodari (în afara extractului OSM),,5712.6
RUTA_B,15-17,2026-04-02 15:43:37,15:28,910,55.69,0.772,7922.1,2089.0,24.275,27.5,5.2347,5.2902,0,urban,coridor litoral Mamaia–Năvodari (în afara extractului OSM),,5729.4
RUTA_B,15-17,2026-04-02 15:43:38,15:28,911,58.48,0.78,7938.4,2195.0,25.736,24.4,5.5499,5.6087,0,urban,coridor litoral Mamaia–Năvodari (în afara extractului OSM),,5747.0
RUTA_B,15-17,2026-04-02 15:43:39,15:28,912,61.3,0.372,7955.4,2301.0,25.691,15.5,5.5402,5.5989,0,rural,coridor litoral Mamaia–Năvodari (în afara extractului OSM),,5765.2
RUTA_B,15-17,2026-04-02 15:43:40,15:28,913,61.16,-0.176,7972.4,2298.0,16.442,9.4,3.5458,3.5833,0,rural,coridor litoral Mamaia–Năvodari (în afara extractului OSM),,5776.5
RUTA_B,15-17,2026-04-02 15:43:41,15:28,914,60.03,-0.397,7989.1,2260.0,4.159,4.1,0.8968,0.9063,0,rural,coridor litoral Mamaia–Năvodari (în afara extractului OSM),,5785.5
RUTA_B,15-17,2026-04-02 15:43:42,15:28,915,58.3,-0.485,8005.3,2193.0,3.676,3.7,0.7928,0.8012,0,urban,coridor litoral Mamaia–Năvodari (în afara extractului OSM),,5802.5
RUTA_B,15-17,2026-04-02 15:43:43,15:28,916,56.54,-0.485,8021.0,2126.0,4.034,4.5,0.8698,0.8791,0,urban,coridor litoral Mamaia–Năvodari (în afara extractului OSM),,5819.8
RUTA_B,15-17,2026-04-02 15:43:44,15:28,917,54.8,-0.353,8036.2,2061.0,5.721,8.4,1.2336,1.2467,0,urban,coridor litoral Mamaia–Năvodari (în afara extractului OSM),,5836.9
RUTA_B,15-17,2026-04-02 15:43:45,15:28,918,54.0,-0.112,8051.2,2040.0,7.651,10.7,1.6498,1.6673,0,urban,coridor litoral Mamaia–Năvodari (în afara extractului OSM),,5853.4
RUTA_B,15-17,2026-04-02 15:43:46,15:28,919,54.0,0.057,8066.2,2057.0,9.79,11.5,2.1111,2.1335,0,urban,coridor litoral Mamaia–Năvodari (în afara extractului OSM),,5869.6
RUTA_B,15-17,2026-04-02 15:43:47,15:28,920,54.41,0.135,8081.3,2066.0,10.725,11.4,2.3128,2.3374,0,urban,coridor litoral Mamaia–Năvodari (în afara extractului OSM),,5879.8
RUTA_B,15-17,2026-04-02 15:43:48,15:28,921,54.97,-0.071,8096.6,2072.0,11.234,11.0,2.4225,2.4481,0,urban,coridor litoral Mamaia–Năvodari (în afara extractului OSM),,5887.9
RUTA_B,15-17,2026-04-02 15:43:49,15:28,922,53.9,-0.328,8111.5,2035.0,7.168,6.9,1.5458,1.5622,0,urban,coridor litoral Mamaia–Năvodari (în afara extractului OSM),,5904.4
RUTA_B,15-17,2026-04-02 15:43:50,15:28,923,52.61,-0.426,8126.2,1992.0,3.738,3.5,0.8061,0.8146,0,urban,coridor litoral Mamaia–Năvodari (în afara extractului OSM),,5921.2
RUTA_B,15-17,2026-04-02 15:43:51,15:28,924,50.83,-0.362,8140.3,1936.0,3.413,3.5,0.736,0.7438,0,urban,coridor litoral Mamaia–Năvodari (în afara extractului OSM),,5937.3
RUTA_B,15-17,2026-04-02 15:43:52,15:28,925,50.0,-0.116,8154.2,1909.0,4.775,5.5,1.0296,1.0405,0,urban,coridor litoral Mamaia–Năvodari (în afara extractului OSM),,5949.0
RUTA_B,15-17,2026-04-02 15:43:53,15:28,926,50.0,0.0,8168.1,1907.0,7.638,9.2,1.647,1.6645,0,urban,coridor litoral Mamaia–Năvodari (în afara extractului OSM),,5956.9
RUTA_B,15-17,2026-04-02 15:43:54,15:28,927,50.0,0.014,8181.9,1903.0,9.156,10.4,1.9744,1.9953,0,urban,coridor litoral Mamaia–Năvodari (în afara extractului OSM),,5972.6
RUTA_B,15-17,2026-04-02 15:43:55,15:28,928,50.1,0.094,8195.9,1902.0,9.95,10.4,2.1457,2.1684,0,urban,coridor litoral Mamaia–Năvodari (în afara extractului OSM),,5989.5
RUTA_B,15-17,2026-04-02 15:43:56,15:28,929,50.68,0.019,8209.9,1914.0,8.521,7.0,1.8376,1.8571,0,urban,coridor litoral Mamaia–Năvodari (în afara extractului OSM),,6005.3
RUTA_B,15-17,2026-04-02 15:43:57,15:28,930,50.23,-0.304,8223.9,1895.0,6.556,4.6,1.4138,1.4288,0,urban,coridor litoral Mamaia–Năvodari (în afara extractului OSM),,6020.8
RUTA_B,15-17,2026-04-02 15:43:58,15:28,931,48.49,-0.476,8237.4,1839.0,3.905,3.5,0.8421,0.851,0,urban,coridor litoral Mamaia–Năvodari (în afara extractului OSM),,6035.8
RUTA_B,15-17,2026-04-02 15:43:59,15:28,932,46.81,-0.465,8250.4,1780.0,3.112,3.1,0.6711,0.6783,0,urban,coridor litoral Mamaia–Năvodari (în afara extractului OSM),,6045.0
RUTA_B,15-17,2026-04-02 15:44:00,15:28,933,45.14,-0.465,8262.9,1720.0,3.046,3.1,0.6568,0.6638,0,urban,coridor litoral Mamaia–Năvodari (în afara extractului OSM),,6052.0
RUTA_B,15-17,2026-04-02 15:44:01,15:28,934,43.46,-0.521,8275.0,1387.0,2.845,3.1,0.6135,0.62,0,urban,coridor litoral Mamaia–Năvodari (în afara extractului OSM),,6064.5
RUTA_B,15-17,2026-04-02 15:44:02,15:28,935,41.39,-0.921,8286.5,1065.0,2.668,3.1,0.5754,0.5815,0,urban,coridor litoral Mamaia–Năvodari (în afara extractului OSM),,6077.3
RUTA_B,15-17,2026-04-02 15:44:03,15:28,936,36.83,-1.33,8296.7,979.0,2.731,2.9,0.589,0.5952,0,urban,coridor litoral Mamaia–Năvodari (în afara extractului OSM),,6088.5
RUTA_B,15-17,2026-04-02 15:44:04,15:28,937,31.81,-1.493,8305.5,902.0,2.72,2.8,0.5865,0.5927,0,urban,coridor litoral Mamaia–Năvodari (în afara extractului OSM),,6099.0
RUTA_B,15-17,2026-04-02 15:44:05,15:28,938,26.08,-1.428,8312.8,843.0,2.588,2.8,0.558,0.564,0,urban,coridor litoral Mamaia–Năvodari (în afara extractului OSM),,6108.4
RUTA_B,15-17,2026-04-02 15:44:06,15:28,939,21.53,-1.169,8318.8,815.0,2.575,2.8,0.5553,0.5612,0,urban,coridor litoral Mamaia–Năvodari (în afara extractului OSM),,6113.9
RUTA_B,15-17,2026-04-02 15:44:07,15:28,940,17.66,-0.757,8323.7,805.0,2.631,2.8,0.5673,0.5733,0,urban,coridor litoral Mamaia–Năvodari (în afara extractului OSM),,6117.4
RUTA_B,15-17,2026-04-02 15:44:08,15:28,941,16.08,-0.37,8328.1,802.0,2.649,2.8,0.5713,0.5773,0,urban,coridor litoral Mamaia–Năvodari (în afara extractului OSM),,6121.4
RUTA_B,15-17,2026-04-02 15:44:09,15:28,942,15.0,-0.151,8332.3,806.0,2.718,2.8,0.5862,0.5924,0,urban,coridor litoral Mamaia–Năvodari (în afara extractului OSM),,6125.6
RUTA_B,15-17,2026-04-02 15:44:10,15:28,943,15.0,0.059,8336.5,1130.0,5.786,5.2,1.2477,1.261,0,urban,coridor litoral Mamaia–Năvodari (în afara extractului OSM),,6130.1
RUTA_B,15-17,2026-04-02 15:44:11,15:28,944,15.43,0.285,8340.8,1392.0,9.366,8.6,2.0198,2.0412,0,urban,coridor litoral Mamaia–Năvodari (în afara extractului OSM),,6134.6
RUTA_B,15-17,2026-04-02 15:44:12,15:28,945,17.05,0.593,8345.5,1476.0,14.391,14.3,3.1033,3.1362,0,urban,coridor litoral Mamaia–Năvodari (în afara extractului OSM),,6139.3
RUTA_B,15-17,2026-04-02 15:44:13,15:28,946,19.69,0.93,8351.0,1457.0,13.948,16.9,3.0078,3.0396,0,urban,coridor litoral Mamaia–Năvodari (în afara extractului OSM),,6145.4
RUTA_B,15-17,2026-04-02 15:44:14,15:28,947,23.75,0.905,8357.6,1291.0,5.861,15.1,1.2639,1.2772,0,urban,coridor litoral Mamaia–Năvodari (în afara extractului OSM),,6153.2
RUTA_B,15-17,2026-04-02 15:44:15,15:28,948,26.21,0.583,8364.8,1273.0,5.168,11.2,1.1145,1.1264,0,urban,coridor litoral Mamaia–Năvodari (în afara extractului OSM),,6158.8
RUTA_B,15-17,2026-04-02 15:44:16,15:28,949,27.95,0.165,8372.6,1321.0,7.767,6.4,1.675,1.6927,0,urban,coridor litoral Mamaia–Năvodari (în afara extractului OSM),,6163.3
RUTA_B,15-17,2026-04-02 15:44:17,15:28,950,27.4,-0.132,8380.2,1284.0,5.077,5.1,1.0949,1.1065,0,urban,coridor litoral Mamaia–Năvodari (în afara extractului OSM),,6173.1
RUTA_B,15-17,2026-04-02 15:44:18,15:28,951,27.0,-0.055,8387.7,1264.0,4.083,5.0,0.8805,0.8898,0,urban,coridor litoral Mamaia–Năvodari (în afara extractului OSM),,6182.5
RUTA_B,15-17,2026-04-02 15:44:19,15:28,952,27.0,0.099,8395.2,1279.0,6.416,7.1,1.3836,1.3983,0,urban,coridor litoral Mamaia–Năvodari (în afara extractului OSM),,6191.0
RUTA_B,15-17,2026-04-02 15:44:20,15:28,953,27.71,0.255,8402.9,1322.0,7.42,8.0,1.6,1.617,0,urban,coridor litoral Mamaia–Năvodari (în afara extractului OSM),,6196.7
RUTA_B,15-17,2026-04-02 15:44:21,15:28,954,28.84,0.247,8410.9,1380.0,7.656,8.2,1.6509,1.6684,0,urban,coridor litoral Mamaia–Năvodari (în afara extractului OSM),,6200.7
RUTA_B,15-17,2026-04-02 15:44:22,15:28,955,29.49,0.171,8419.1,1425.0,8.733,10.2,1.8832,1.9032,0,urban,coridor litoral Mamaia–Năvodari (în afara extractului OSM),,6208.8
RUTA_B,15-17,2026-04-02 15:44:23,15:28,956,30.07,0.158,8427.5,1441.0,9.373,11.6,2.0212,2.0426,0,urban,coridor litoral Mamaia–Năvodari (în afara extractului OSM),,6217.8
RUTA_B,15-17,2026-04-02 15:44:24,15:28,957,30.63,-0.096,8436.0,1256.0,5.637,6.5,1.2156,1.2285,0,urban,coridor litoral Mamaia–Năvodari (în afara extractului OSM),,6227.7
RUTA_B,15-17,2026-04-02 15:44:25,15:28,958,29.37,-0.83,8444.1,1093.0,3.109,3.1,0.6704,0.6775,0,urban,coridor litoral Mamaia–Năvodari (în afara extractului OSM),,6236.7
RUTA_B,15-17,2026-04-02 15:44:26,15:28,959,24.66,-1.49,8451.0,971.0,2.873,2.8,0.6195,0.6261,0,urban,coridor litoral Mamaia–Năvodari (în afara extractului OSM),,6243.7
RUTA_B,15-17,2026-04-02 15:44:27,15:28,960,18.64,-1.768,8456.2,888.0,2.728,2.8,0.5883,0.5946,0,urban,coridor litoral Mamaia–Năvodari (în afara extractului OSM),,6247.6
RUTA_B,15-17,2026-04-02 15:44:28,15:28,961,11.93,-1.196,8459.5,825.0,2.633,2.8,0.5678,0.5738,0,urban,coridor litoral Mamaia–Năvodari (în afara extractului OSM),,6249.8
RUTA_B,15-17,2026-04-02 15:44:29,15:28,962,10.03,-0.381,8462.3,826.0,2.635,5.4,0.5681,0.5742,0,urban,coridor litoral Mamaia–Năvodari (în afara extractului OSM),,6252.6
RUTA_B,15-17,2026-04-02 15:44:30,15:28,963,9.18,0.179,8464.8,849.0,2.924,8.2,0.6306,0.6373,0,urban,coridor litoral Mamaia–Năvodari (în afara extractului OSM),,6255.5
RUTA_B,15-17,2026-04-02 15:44:31,15:28,964,11.32,0.599,8468.0,1005.0,6.151,8.0,1.3264,1.3404,0,urban,coridor litoral Mamaia–Năvodari (în afara extractului OSM),,6258.5
RUTA_B,15-17,2026-04-02 15:44:32,15:28,965,13.5,0.625,8471.7,1137.0,8.789,8.4,1.8953,1.9154,0,urban,coridor litoral Mamaia–Năvodari (în afara extractului OSM),,6261.7
RUTA_B,15-17,2026-04-02 15:44:33,15:28,966,15.82,0.865,8476.1,1180.0,9.254,10.9,1.9956,2.0167,0,urban,coridor litoral Mamaia–Năvodari (în afara extractului OSM),,6265.8
RUTA_B,15-17,2026-04-02 15:44:34,15:28,967,19.72,1.311,8481.6,1394.0,13.065,16.8,2.8174,2.8473,0,urban,coridor litoral Mamaia–Năvodari (în afara extractului OSM),,6271.2
RUTA_B,15-17,2026-04-02 15:44:35,15:28,968,25.26,1.446,8488.6,1783.0,20.331,26.1,4.3843,4.4308,0,urban,coridor litoral Mamaia–Năvodari (în afara extractului OSM),,6277.9
RUTA_B,15-17,2026-04-02 15:44:36,15:28,969,30.14,1.314,8497.0,2085.0,16.989,19.6,3.6637,3.7025,0,urban,coridor litoral Mamaia–Năvodari (în afara extractului OSM),,6283.4
RUTA_B,15-17,2026-04-02 15:44:37,15:28,970,34.72,1.039,8506.6,2345.0,8.77,5.9,1.8911,1.9112,0,urban,coridor litoral Mamaia–Năvodari (în afara extractului OSM),,6288.3
RUTA_B,15-17,2026-04-02 15:44:38,15:28,971,37.62,0.829,8517.1,2103.0,16.306,16.6,3.5163,3.5536,0,urban,coridor litoral Mamaia–Năvodari (în afara extractului OSM),,6299.1
RUTA_B,15-17,2026-04-02 15:44:39,15:28,972,40.69,1.086,8528.4,1902.0,24.098,27.6,5.1965,5.2516,0,urban,coridor litoral Mamaia–Năvodari (în afara extractului OSM),,6310.9
RUTA_B,15-17,2026-04-02 15:44:40,15:28,973,45.43,1.265,8541.0,2137.0,27.253,31.1,5.877,5.9393,0,urban,coridor litoral Mamaia–Năvodari (în afara extractului OSM),,6325.4
RUTA_B,15-17,2026-04-02 15:44:41,15:28,974,49.8,1.15,8554.8,2347.0,30.254,34.4,6.5241,6.5932,0,urban,coridor litoral Mamaia–Năvodari (în afara extractului OSM),,6341.1
RUTA_B,15-17,2026-04-02 15:44:42,15:28,975,53.71,0.879,8569.7,2528.0,33.073,37.7,7.132,7.2075,0,urban,coridor litoral Mamaia–Năvodari (în afara extractului OSM),,6358.0
RUTA_B,15-17,2026-04-02 15:44:43,15:28,976,56.13,0.569,8585.3,2474.0,23.199,35.7,5.0028,5.0558,0,urban,coridor litoral Mamaia–Năvodari (în afara extractului OSM),,6369.8
RUTA_B,15-17,2026-04-02 15:44:44,15:28,977,57.81,0.74,8601.4,2305.0,7.103,31.1,1.5317,1.5479,0,urban,coridor litoral Mamaia–Năvodari (în afara extractului OSM),,6379.0
RUTA_B,15-17,2026-04-02 15:44:45,15:28,978,61.46,1.033,8618.5,2354.0,18.057,32.9,3.8939,3.9352,0,rural,coridor litoral Mamaia–Năvodari (în afara extractului OSM),,6397.3
RUTA_B,15-17,2026-04-02 15:44:46,15:28,979,65.25,0.905,8636.6,2433.0,31.31,35.5,6.7518,6.8234,0,rural,coridor litoral Mamaia–Năvodari (în afara extractului OSM),,6416.8
RUTA_B,15-17,2026-04-02 15:44:47,15:28,980,67.97,0.786,8655.5,2547.0,33.308,37.6,7.1827,7.2588,0,rural,coridor litoral Mamaia–Năvodari (în afara extractului OSM),,6436.9
RUTA_B,15-17,2026-04-02 15:44:48,15:28,981,70.9,0.894,8675.2,2663.0,34.121,38.4,7.358,7.436,0,rural,coridor litoral Mamaia–Năvodari (în afara extractului OSM),,6457.9
RUTA_B,15-17,2026-04-02 15:44:49,15:28,982,74.41,0.624,8695.8,2785.0,31.527,35.2,6.7988,6.8708,0,rural,coridor litoral Mamaia–Năvodari (în afara extractului OSM),,6481.9
RUTA_B,15-17,2026-04-02 15:44:50,15:28,983,75.4,-0.015,8716.8,2824.0,22.897,25.1,4.9376,4.9899,0,rural,coridor litoral Mamaia–Năvodari (în afara extractului OSM),,6504.5
RUTA_B,15-17,2026-04-02 15:44:51,15:28,984,74.3,-0.436,8737.4,2794.0,9.246,9.4,1.9938,2.0149,0,rural,coridor litoral Mamaia–Năvodari (în afara extractului OSM),,6525.8
RUTA_B,15-17,2026-04-02 15:44:52,15:28,985,72.26,-0.61,8757.5,2733.0,4.712,4.4,1.0161,1.0268,0,rural,coridor litoral Mamaia–Năvodari (în afara extractului OSM),,6540.0
RUTA_B,15-17,2026-04-02 15:44:53,15:28,986,69.91,-0.57,8776.9,2661.0,3.605,3.5,0.7774,0.7856,0,rural,coridor litoral Mamaia–Năvodari (în afara extractului OSM),,6552.0
RUTA_B,15-17,2026-04-02 15:44:54,15:28,987,68.16,-0.484,8795.8,2585.0,3.506,3.5,0.756,0.764,0,rural,coridor litoral Mamaia–Năvodari (în afara extractului OSM),,6574.1
RUTA_B,15-17,2026-04-02 15:44:55,15:28,988,66.43,-0.476,8814.3,2518.0,3.815,4.7,0.8227,0.8314,0,rural,coridor litoral Mamaia–Năvodari (în afara extractului OSM),,6595.2
RUTA_B,15-17,2026-04-02 15:44:56,15:28,989,64.73,-0.382,8832.3,2465.0,4.921,8.0,1.0612,1.0725,0,rural,coridor litoral Mamaia–Năvodari (în afara extractului OSM),,6614.2
RUTA_B,15-17,2026-04-02 15:44:57,15:28,990,63.67,-0.227,8850.0,2404.0,6.195,8.1,1.3359,1.3501,0,rural,coridor litoral Mamaia–Năvodari (în afara extractului OSM),,6627.8
RUTA_B,15-17,2026-04-02 15:44:58,15:28,991,63.1,-0.369,8867.5,2334.0,7.597,5.9,1.6383,1.6557,0,rural,coridor litoral Mamaia–Năvodari (în afara extractului OSM),,6637.4
RUTA_B,15-17,2026-04-02 15:44:59,15:28,992,61.01,-0.605,8884.4,2283.0,5.699,4.5,1.229,1.242,0,rural,coridor litoral Mamaia–Năvodari (în afara extractului OSM),,6655.3
RUTA_B,15-17,2026-04-02 15:45:00,15:28,993,58.74,-0.55,8900.7,2232.0,3.533,3.5,0.7619,0.77,0,urban,coridor litoral Mamaia–Năvodari (în afara extractului OSM),,6674.4
RUTA_B,15-17,2026-04-02 15:45:01,15:28,994,57.06,-0.469,8916.6,2164.0,3.488,3.5,0.7522,0.7602,0,urban,coridor litoral Mamaia–Năvodari (în afara extractului OSM),,6691.1
RUTA_B,15-17,2026-04-02 15:45:02,15:28,995,55.36,-0.473,8932.0,2105.0,3.939,5.3,0.8494,0.8584,0,urban,coridor litoral Mamaia–Năvodari (în afara extractului OSM),,6708.3
RUTA_B,15-17,2026-04-02 15:45:03,15:28,996,53.65,-0.28,8946.9,2064.0,5.222,10.0,1.1262,1.1381,0,urban,coridor litoral Mamaia–Năvodari (în afara extractului OSM),,6726.2
RUTA_B,15-17,2026-04-02 15:45:04,15:28,997,53.35,0.036,8961.7,2052.0,7.799,12.0,1.6818,1.6996,0,urban,coridor litoral Mamaia–Năvodari (în afara extractului OSM),,6738.0
RUTA_B,15-17,2026-04-02 15:45:05,15:28,998,53.91,0.024,8976.7,2059.0,11.168,12.5,2.4083,2.4338,0,urban,coridor litoral Mamaia–Năvodari (în afara extractului OSM),,6746.2
RUTA_B,15-17,2026-04-02 15:45:06,15:28,999,53.52,-0.173,8991.5,2036.0,7.83,8.0,1.6885,1.7064,0,urban,coridor litoral Mamaia–Năvodari (în afara extractului OSM),,6761.8
RUTA_B,15-17,2026-04-02 15:45:07,15:28,1000,52.67,-0.667,9006.2,2019.0,3.608,3.2,0.778,0.7862,0,urban,coridor litoral Mamaia–Năvodari (în afara extractului OSM),,6778.7
RUTA_B,15-17,2026-04-02 15:45:08,15:28,1001,48.72,-1.057,9019.7,2119.0,3.461,3.4,0.7464,0.7543,0,urban,coridor litoral Mamaia–Năvodari (în afara extractului OSM),,6794.1
RUTA_B,15-17,2026-04-02 15:45:09,15:28,1002,45.06,-0.927,9032.2,2141.0,3.307,3.5,0.7132,0.7208,0,urban,coridor litoral Mamaia–Năvodari (în afara extractului OSM),,6809.0
RUTA_B,15-17,2026-04-02 15:45:10,15:28,1003,42.04,-0.825,9043.9,1992.0,3.138,3.2,0.6768,0.684,0,urban,coridor litoral Mamaia–Năvodari (în afara extractului OSM),,6822.5
RUTA_B,15-17,2026-04-02 15:45:11,15:28,1004,39.13,-0.804,9054.8,1872.0,2.975,3.6,0.6415,0.6483,0,urban,coridor litoral Mamaia–Năvodari (în afara extractului OSM),,6830.8
RUTA_B,15-17,2026-04-02 15:45:12,15:28,1005,36.26,-0.366,9064.8,1766.0,2.814,4.2,0.6069,0.6134,0,urban,coridor litoral Mamaia–Năvodari (în afara extractului OSM),,6836.5
RUTA_B,15-17,2026-04-02 15:45:13,15:28,1006,36.49,0.12,9075.0,1777.0,8.523,11.0,1.838,1.8574,0,urban,coridor litoral Mamaia–Năvodari (în afara extractului OSM),,6847.2
RUTA_B,15-17,2026-04-02 15:45:14,15:28,1007,37.13,0.399,9085.3,1803.0,14.378,17.8,3.1006,3.1334,0,urban,coridor litoral Mamaia–Năvodari (în afara extractului OSM),,6858.5
RUTA_B,15-17,2026-04-02 15:45:15,15:28,1008,39.36,0.538,9096.2,1882.0,12.913,13.9,2.7847,2.8142,0,urban,coridor litoral Mamaia–Năvodari (în afara extractului OSM),,6870.5
RUTA_B,15-17,2026-04-02 15:45:16,15:28,1009,41.0,0.228,9107.6,1944.0,11.189,10.6,2.4129,2.4385,0,urban,coridor litoral Mamaia–Năvodari (în afara extractului OSM),,6882.1
RUTA_B,15-17,2026-04-02 15:45:17,15:28,1010,41.0,0.0,9119.0,1959.0,8.753,9.3,1.8875,1.9074,0,urban,coridor litoral Mamaia–Năvodari (în afara extractului OSM),,6892.7
RUTA_B,15-17,2026-04-02 15:45:18,15:28,1011,41.0,0.0,9130.4,1968.0,8.099,9.2,1.7466,1.7651,0,urban,coridor litoral Mamaia–Năvodari (în afara extractului OSM),,6904.0
RUTA_B,15-17,2026-04-02 15:45:19,15:28,1012,41.0,-0.058,9141.8,1970.0,9.332,10.3,2.0125,2.0338,0,urban,coridor litoral Mamaia–Năvodari (în afara extractului OSM),,6915.9
RUTA_B,15-17,2026-04-02 15:45:20,15:28,1013,40.58,-0.139,9153.0,1942.0,7.204,7.6,1.5536,1.57,0,urban,coridor litoral Mamaia–Năvodari (în afara extractului OSM),,6924.0
RUTA_B,15-17,2026-04-02 15:45:21,15:28,1014,40.0,-0.161,9164.2,1902.0,3.788,3.6,0.817,0.8256,0,urban,coridor litoral Mamaia–Năvodari (în afara extractului OSM),,6930.5
RUTA_B,15-17,2026-04-02 15:45:22,15:28,1015,39.42,-0.097,9175.1,1819.0,8.401,9.4,1.8117,1.8309,0,urban,coridor litoral Mamaia–Năvodari (în afara extractului OSM),,6943.8
RUTA_B,15-17,2026-04-02 15:45:23,15:28,1016,39.3,0.137,9186.0,1793.0,12.111,14.0,2.6117,2.6394,0,urban,coridor litoral Mamaia–Năvodari (în afara extractului OSM),,6956.9
RUTA_B,15-17,2026-04-02 15:45:24,15:28,1017,40.41,0.425,9197.2,1921.0,13.429,15.1,2.896,2.9267,0,urban,coridor litoral Mamaia–Năvodari (în afara extractului OSM),,6969.5
RUTA_B,15-17,2026-04-02 15:45:25,15:28,1018,42.36,0.683,9209.0,2034.0,14.456,16.1,3.1175,3.1505,0,urban,coridor litoral Mamaia–Năvodari (în afara extractului OSM),,6982.2
RUTA_B,15-17,2026-04-02 15:45:26,15:28,1019,45.32,0.564,9221.6,2131.0,15.143,17.0,3.2655,3.3001,0,urban,coridor litoral Mamaia–Năvodari (în afara extractului OSM),,6995.2
RUTA_B,15-17,2026-04-02 15:45:27,15:28,1020,46.43,0.23,9234.5,2195.0,14.416,16.4,3.1087,3.1417,0,urban,coridor litoral Mamaia–Năvodari (în afara extractului OSM),,7003.9
RUTA_B,15-17,2026-04-02 15:45:28,15:28,1021,46.98,0.314,9247.6,2248.0,13.269,15.3,2.8615,2.8918,0,urban,coridor litoral Mamaia–Năvodari (în afara extractului OSM),,7011.5
RUTA_B,15-17,2026-04-02 15:45:29,15:28,1022,48.69,0.461,9261.1,2316.0,13.316,13.8,2.8714,2.9019,0,urban,coridor litoral Mamaia–Năvodari (în afara extractului OSM),,7027.6
RUTA_B,15-17,2026-04-02 15:45:30,15:28,1023,50.3,0.386,9275.0,2378.0,13.34,11.6,2.8766,2.9071,0,urban,coridor litoral Mamaia–Năvodari (în afara extractului OSM),,7044.1
RUTA_B,15-17,2026-04-02 15:45:31,15:28,1024,51.46,0.237,9289.3,2418.0,13.141,8.0,2.8339,2.8639,0,urban,coridor litoral Mamaia–Năvodari (în afara extractului OSM),,7060.4
RUTA_B,15-17,2026-04-02 15:45:32,15:28,1025,52.0,0.075,9303.8,2302.0,13.709,9.4,2.9564,2.9877,0,urban,coridor litoral Mamaia–Năvodari (în afara extractului OSM),,7076.3
RUTA_B,15-17,2026-04-02 15:45:33,15:28,1026,52.0,0.059,9318.2,2053.0,14.93,15.3,3.2197,3.2538,0,urban,coridor litoral Mamaia–Năvodari (în afara extractului OSM),,7092.0
RUTA_B,15-17,2026-04-02 15:45:34,15:28,1027,52.42,0.136,9332.8,2001.0,11.024,11.5,2.3773,2.4025,0,urban,coridor litoral Mamaia–Năvodari (în afara extractului OSM),,7102.0
RUTA_B,15-17,2026-04-02 15:45:35,15:28,1028,52.98,-0.167,9347.5,2020.0,5.268,4.3,1.1361,1.1481,0,urban,coridor litoral Mamaia–Năvodari (în afara extractului OSM),,7109.9
RUTA_B,15-17,2026-04-02 15:45:36,15:28,1029,51.22,-0.439,9361.7,1952.0,4.088,3.8,0.8815,0.8909,0,urban,coridor litoral Mamaia–Năvodari (în afara extractului OSM),,7125.1
RUTA_B,15-17,2026-04-02 15:45:37,15:28,1030,49.82,-0.276,9375.6,1893.0,3.864,4.4,0.8332,0.842,0,urban,coridor litoral Mamaia–Năvodari (în afara extractului OSM),,7140.3
RUTA_B,15-17,2026-04-02 15:45:38,15:28,1031,49.23,-0.114,9389.3,1854.0,5.798,7.1,1.2503,1.2636,0,urban,coridor litoral Mamaia–Năvodari (în afara extractului OSM),,7155.4
RUTA_B,15-17,2026-04-02 15:45:39,15:28,1032,49.0,-0.032,9402.9,1842.0,7.021,8.4,1.514,1.53,0,urban,coridor litoral Mamaia–Năvodari (în afara extractului OSM),,7170.0
RUTA_B,15-17,2026-04-02 15:45:40,15:28,1033,49.0,0.063,9416.5,1848.0,7.781,8.6,1.6779,1.6956,0,urban,coridor litoral Mamaia–Năvodari (în afara extractului OSM),,7184.2
RUTA_B,15-17,2026-04-02 15:45:41,15:28,1034,49.45,0.151,9430.2,1860.0,9.211,10.6,1.9862,2.0073,0,urban,coridor litoral Mamaia–Năvodari (în afara extractului OSM),,7193.7
RUTA_B,15-17,2026-04-02 15:45:42,15:28,1035,50.09,0.246,9444.1,1877.0,10.914,12.9,2.3535,2.3785,0,urban,coridor litoral Mamaia–Năvodari (în afara extractului OSM),,7202.4
RUTA_B,15-17,2026-04-02 15:45:43,15:28,1036,51.22,0.215,9458.4,1920.0,13.398,12.7,2.8893,2.9199,0,urban,coridor litoral Mamaia–Năvodari (în afara extractului OSM),,7218.3
RUTA_B,15-17,2026-04-02 15:45:44,15:28,1037,51.64,-0.103,9472.7,1938.0,12.957,10.9,2.7941,2.8237,0,urban,coridor litoral Mamaia–Năvodari (în afara extractului OSM),,7233.8
RUTA_B,15-17,2026-04-02 15:45:45,15:28,1038,50.48,-0.271,9486.7,1902.0,6.154,5.7,1.327,1.3411,0,urban,coridor litoral Mamaia–Năvodari (în afara extractului OSM),,7248.9
RUTA_B,15-17,2026-04-02 15:45:46,15:28,1039,49.69,-0.186,9500.5,1875.0,5.445,6.4,1.1742,1.1866,0,urban,coridor litoral Mamaia–Năvodari (în afara extractului OSM),,7263.4
RUTA_B,15-17,2026-04-02 15:45:47,15:28,1040,49.15,0.016,9514.2,1855.0,9.113,11.2,1.9652,1.9861,0,urban,coridor litoral Mamaia–Năvodari (în afara extractului OSM),,7277.5
RUTA_B,15-17,2026-04-02 15:45:48,15:28,1041,49.8,0.244,9528.0,1881.0,11.869,14.0,2.5595,2.5867,0,urban,coridor litoral Mamaia–Năvodari (în afara extractului OSM),,7286.8
RUTA_B,15-17,2026-04-02 15:45:49,15:28,1042,50.9,0.308,9542.1,1925.0,14.289,15.9,3.0815,3.1141,0,urban,coridor litoral Mamaia–Năvodari (în afara extractului OSM),,7294.3
RUTA_B,15-17,2026-04-02 15:45:50,15:28,1043,52.02,0.291,9556.6,1978.0,13.168,14.5,2.8396,2.8697,0,urban,coridor litoral Mamaia–Năvodari (în afara extractului OSM),,7309.3
RUTA_B,15-17,2026-04-02 15:45:51,15:28,1044,53.0,0.135,9571.3,2017.0,11.468,12.3,2.473,2.4992,0,urban,coridor litoral Mamaia–Năvodari (în afara extractului OSM),,7325.2
RUTA_B,15-17,2026-04-02 15:45:52,15:28,1045,53.0,-0.099,9586.0,1957.0,8.168,7.2,1.7613,1.78,0,urban,coridor litoral Mamaia–Năvodari (în afara extractului OSM),,7341.8
RUTA_B,15-17,2026-04-02 15:45:53,15:28,1046,52.28,-0.332,9600.6,1918.0,5.559,4.1,1.1988,1.2115,0,urban,coridor litoral Mamaia–Năvodari (în afara extractului OSM),,7357.7
RUTA_B,15-17,2026-04-02 15:45:54,15:28,1047,50.61,-0.415,9614.6,1905.0,3.875,3.7,0.8356,0.8444,0,urban,coridor litoral Mamaia–Năvodari (în afara extractului OSM),,7372.8
RUTA_B,15-17,2026-04-02 15:45:55,15:28,1048,49.3,-0.337,9628.3,1871.0,3.743,4.9,0.8071,0.8156,0,urban,coridor litoral Mamaia–Năvodari (în afara extractului OSM),,7382.7
RUTA_B,15-17,2026-04-02 15:45:56,15:28,1049,48.19,-0.312,9641.7,1825.0,4.502,7.1,0.9709,0.9812,0,urban,coridor litoral Mamaia–Năvodari (în afara extractului OSM),,7389.7
RUTA_B,15-17,2026-04-02 15:45:57,15:28,1050,47.05,-0.329,9654.8,1623.0,3.883,5.2,0.8374,0.8463,0,urban,coridor litoral Mamaia–Năvodari (în afara extractului OSM),,7403.1
RUTA_B,15-17,2026-04-02 15:45:58,15:28,1051,45.82,-0.477,9667.5,1389.0,3.045,2.8,0.6567,0.6637,0,urban,coridor litoral Mamaia–Năvodari (în afara extractului OSM),,7417.6
RUTA_B,15-17,2026-04-02 15:45:59,15:28,1052,43.61,-0.596,9679.6,1142.0,2.869,2.8,0.6187,0.6253,0,urban,coridor litoral Mamaia–Năvodari (în afara extractului OSM),,7431.0
RUTA_B,15-17,2026-04-02 15:46:00,15:28,1053,41.53,-0.536,9691.1,945.0,2.713,2.8,0.5851,0.5913,0,urban,coridor litoral Mamaia–Năvodari (în afara extractului OSM),,7444.3
RUTA_B,15-17,2026-04-02 15:46:01,15:28,1054,39.76,-0.436,9702.2,885.0,2.613,2.8,0.5635,0.5694,0,urban,coridor litoral Mamaia–Năvodari (în afara extractului OSM),,7457.3
RUTA_B,15-17,2026-04-02 15:46:02,15:28,1055,38.39,-0.339,9712.9,848.0,2.567,2.8,0.5535,0.5594,0,urban,coridor litoral Mamaia–Năvodari (în afara extractului OSM),,7469.0
RUTA_B,15-17,2026-04-02 15:46:03,15:28,1056,37.31,-0.365,9723.2,830.0,2.562,2.8,0.5524,0.5582,0,urban,coridor litoral Mamaia–Năvodari (în afara extractului OSM),,7479.6
RUTA_B,15-17,2026-04-02 15:46:04,15:28,1057,35.76,-0.46,9733.2,811.0,2.552,2.8,0.5503,0.5561,0,urban,coridor litoral Mamaia–Năvodari (în afara extractului OSM),,7486.4
RUTA_B,15-17,2026-04-02 15:46:05,15:28,1058,34.01,-0.74,9742.6,793.0,2.54,2.8,0.5477,0.5536,0,urban,coridor litoral Mamaia–Năvodari (în afara extractului OSM),,7491.5
RUTA_B,15-17,2026-04-02 15:46:06,15:28,1059,30.44,-0.883,9751.1,785.0,2.522,2.5,0.5439,0.5497,0,urban,coridor litoral Mamaia–Năvodari (în afara extractului OSM),,7501.9
RUTA_B,15-17,2026-04-02 15:46:07,15:28,1060,27.65,-0.541,9758.7,887.0,3.506,3.5,0.7561,0.7641,0,urban,coridor litoral Mamaia–Năvodari (în afara extractului OSM),,7511.8
RUTA_B,15-17,2026-04-02 15:46:08,15:28,1061,26.54,-0.149,9766.1,1223.0,6.629,7.2,1.4294,1.4446,0,urban,coridor litoral Mamaia–Năvodari (în afara extractului OSM),,7520.7
RUTA_B,15-17,2026-04-02 15:46:09,15:28,1062,26.57,0.16,9773.5,1558.0,8.605,9.9,1.8556,1.8753,0,urban,coridor litoral Mamaia–Năvodari (în afara extractului OSM),,7529.3
RUTA_B,15-17,2026-04-02 15:46:10,15:28,1063,27.69,0.363,9781.2,1894.0,9.506,11.7,2.0499,2.0716,0,urban,coridor litoral Mamaia–Năvodari (în afara extractului OSM),,7537.6
RUTA_B,15-17,2026-04-02 15:46:11,15:28,1064,29.19,0.438,9789.3,2095.0,11.689,13.6,2.5208,2.5475,0,urban,coridor litoral Mamaia–Năvodari (în afara extractului OSM),,7543.1
RUTA_B,15-17,2026-04-02 15:46:12,15:28,1065,30.84,0.252,9797.9,2243.0,14.377,15.5,3.1003,3.1331,0,urban,coridor litoral Mamaia–Năvodari (în afara extractului OSM),,7547.4
RUTA_B,15-17,2026-04-02 15:46:13,15:28,1066,31.0,0.049,9806.5,1892.0,9.294,12.6,2.0041,2.0254,0,urban,coridor litoral Mamaia–Năvodari (în afara extractului OSM),,7556.6
RUTA_B,15-17,2026-04-02 15:46:14,15:28,1067,31.19,0.182,9815.1,1556.0,4.71,9.7,1.0158,1.0265,0,urban,coridor litoral Mamaia–Năvodari (în afara extractului OSM),,7566.4
RUTA_B,15-17,2026-04-02 15:46:15,15:28,1068,32.31,0.221,9824.1,1552.0,6.642,9.0,1.4323,1.4475,0,urban,coridor litoral Mamaia–Năvodari (în afara extractului OSM),,7576.6
RUTA_B,15-17,2026-04-02 15:46:16,15:28,1069,32.79,-0.011,9833.2,1552.0,7.519,8.2,1.6215,1.6387,0,urban,coridor litoral Mamaia–Năvodari (în afara extractului OSM),,7586.9
RUTA_B,15-17,2026-04-02 15:46:17,15:28,1070,32.23,-0.061,9842.2,1561.0,6.712,7.1,1.4474,1.4627,0,urban,coridor litoral Mamaia–Năvodari (în afara extractului OSM),,7597.3
RUTA_B,15-17,2026-04-02 15:46:18,15:28,1071,32.35,0.098,9851.1,1573.0,7.183,7.9,1.5491,1.5655,0,urban,coridor litoral Mamaia–Năvodari (în afara extractului OSM),,7604.8
RUTA_B,15-17,2026-04-02 15:46:19,15:28,1072,32.93,0.299,9860.3,1587.0,8.547,10.0,1.8432,1.8627,0,urban,coridor litoral Mamaia–Năvodari (în afara extractului OSM),,7610.3
RUTA_B,15-17,2026-04-02 15:46:20,15:28,1073,34.5,0.398,9869.9,1646.0,9.541,8.8,2.0576,2.0794,0,urban,coridor litoral Mamaia–Năvodari (în afara extractului OSM),,7620.6
RUTA_B,15-17,2026-04-02 15:46:21,15:28,1074,35.8,-0.063,9879.8,1697.0,9.89,7.2,2.1327,2.1553,0,urban,coridor litoral Mamaia–Năvodari (în afara extractului OSM),,7631.6
RUTA_B,15-17,2026-04-02 15:46:22,15:28,1075,34.05,-0.45,9889.3,1637.0,5.627,4.6,1.2135,1.2264,0,urban,coridor litoral Mamaia–Năvodari (în afara extractului OSM),,7642.0
RUTA_B,15-17,2026-04-02 15:46:23,15:28,1076,32.56,-0.361,9898.3,1555.0,3.07,3.1,0.662,0.669,0,urban,coridor litoral Mamaia–Năvodari (în afara extractului OSM),,7651.8
RUTA_B,15-17,2026-04-02 15:46:24,15:28,1077,31.45,-0.705,9907.1,1442.0,3.07,2.8,0.662,0.669,0,urban,coridor litoral Mamaia–Năvodari (în afara extractului OSM),,7660.8
RUTA_B,15-17,2026-04-02 15:46:25,15:28,1078,27.48,-1.379,9914.7,1249.0,2.942,2.8,0.6345,0.6412,0,urban,coridor litoral Mamaia–Năvodari (în afara extractului OSM),,7668.3
RUTA_B,15-17,2026-04-02 15:46:26,15:28,1079,21.53,-1.452,9920.7,1000.0,2.725,2.8,0.5877,0.594,0,urban,coridor litoral Mamaia–Năvodari (în afara extractului OSM),,7674.8
RUTA_B,15-17,2026-04-02 15:46:27,15:28,1080,17.03,-1.179,9925.4,874.0,2.598,2.8,0.5602,0.5662,0,urban,coridor litoral Mamaia–Năvodari (în afara extractului OSM),,7678.2
RUTA_B,15-17,2026-04-02 15:46:28,15:28,1081,13.04,-0.875,9929.0,789.0,2.501,2.8,0.5393,0.545,0,urban,coridor litoral Mamaia–Năvodari (în afara extractului OSM),,7680.6
RUTA_B,15-17,2026-04-02 15:46:29,15:28,1082,10.73,-0.524,9932.0,781.0,2.545,2.8,0.5489,0.5547,0,urban,coridor litoral Mamaia–Năvodari (în afara extractului OSM),,7684.4
RUTA_B,15-17,2026-04-02 15:46:30,15:28,1083,9.27,-0.052,9934.6,879.0,4.067,3.8,0.8771,0.8864,0,urban,coridor litoral Mamaia–Năvodari (în afara extractului OSM),,7688.1
RUTA_B,15-17,2026-04-02 15:46:31,15:28,1084,10.36,0.394,9937.5,1306.0,10.162,8.3,2.1914,2.2146,0,urban,coridor litoral Mamaia–Năvodari (în afara extractului OSM),,7691.2
RUTA_B,15-17,2026-04-02 15:46:32,15:28,1085,12.1,0.618,9940.8,1475.0,11.671,9.3,2.5167,2.5434,0,urban,coridor litoral Mamaia–Năvodari (în afara extractului OSM),,7694.6
RUTA_B,15-17,2026-04-02 15:46:33,15:28,1086,14.8,0.541,9944.9,1271.0,6.525,5.3,1.407,1.4219,0,urban,coridor litoral Mamaia–Năvodari (în afara extractului OSM),,7698.3
RUTA_B,15-17,2026-04-02 15:46:34,15:28,1087,16.0,0.166,9949.4,1194.0,5.24,4.9,1.1299,1.1419,0,urban,coridor litoral Mamaia–Năvodari (în afara extractului OSM),,7701.2
RUTA_B,15-17,2026-04-02 15:46:35,15:28,1088,16.0,0.336,9953.8,1218.0,7.038,7.5,1.5176,1.5337,0,urban,coridor litoral Mamaia–Năvodari (în afara extractului OSM),,7703.3
RUTA_B,15-17,2026-04-02 15:46:36,15:28,1089,18.42,0.679,9958.9,1365.0,7.126,5.9,1.5366,1.5529,0,urban,coridor litoral Mamaia–Năvodari (în afara extractului OSM),,7708.6
RUTA_B,15-17,2026-04-02 15:46:37,15:28,1090,20.89,0.177,9964.7,1491.0,6.72,3.9,1.4491,1.4645,0,urban,coridor litoral Mamaia–Năvodari (în afara extractului OSM),,7714.4
RUTA_B,15-17,2026-04-02 15:46:38,15:28,1091,19.69,-0.526,9970.2,1202.0,4.301,3.4,0.9274,0.9373,0,urban,coridor litoral Mamaia–Năvodari (în afara extractului OSM),,7721.0
RUTA_B,15-17,2026-04-02 15:46:39,15:28,1092,17.11,-0.984,9975.0,1005.0,2.876,3.0,0.6203,0.6268,0,urban,coridor litoral Mamaia–Năvodari (în afara extractului OSM),,7726.5
RUTA_B,15-17,2026-04-02 15:46:40,15:28,1093,12.61,-0.957,9978.5,934.0,2.82,2.8,0.6081,0.6146,0,urban,coridor litoral Mamaia–Năvodari (în afara extractului OSM),,7730.5
RUTA_B,15-17,2026-04-02 15:46:41,15:28,1094,10.22,-0.501,9981.3,874.0,2.718,2.8,0.5861,0.5923,0,urban,coridor litoral Mamaia–Năvodari (în afara extractului OSM),,7732.9
RUTA_B,15-17,2026-04-02 15:46:42,15:28,1095,9.0,-0.252,9983.8,820.0,2.59,2.8,0.5586,0.5645,0,urban,coridor litoral Mamaia–Năvodari (în afara extractului OSM),,7734.5
RUTA_B,15-17,2026-04-02 15:46:43,15:28,1096,8.4,-0.164,9986.1,827.0,2.638,2.8,0.5688,0.5748,0,urban,coridor litoral Mamaia–Năvodari (în afara extractului OSM),,7737.2
RUTA_B,15-17,2026-04-02 15:46:44,15:28,1097,7.82,-0.159,9988.3,839.0,2.713,4.4,0.5851,0.5913,0,urban,coridor litoral Mamaia–Năvodari (în afara extractului OSM),,7739.8
RUTA_B,15-17,2026-04-02 15:46:45,15:28,1098,7.26,-0.045,9990.3,860.0,2.848,9.4,0.6141,0.6206,0,urban,coridor litoral Mamaia–Năvodari (în afara extractului OSM),,7742.3
RUTA_B,15-17,2026-04-02 15:46:46,15:28,1099,7.49,0.161,9992.4,892.0,3.604,10.4,0.7772,0.7854,0,urban,coridor litoral Mamaia–Năvodari (în afara extractului OSM),,7744.8
RUTA_B,15-17,2026-04-02 15:46:47,15:28,1100,8.42,0.209,9994.7,933.0,4.901,7.9,1.057,1.0682,0,urban,coridor litoral Mamaia–Năvodari (în afara extractului OSM),,7747.2
RUTA_B,15-17,2026-04-02 15:46:48,15:28,1101,9.0,0.081,9997.2,968.0,5.343,5.8,1.1522,1.1644,0,urban,coridor litoral Mamaia–Năvodari (în afara extractului OSM),,7749.6
RUTA_B,15-17,2026-04-02 15:46:49,15:28,1102,9.0,0.0,9999.7,994.0,4.321,4.6,0.9319,0.9418,0,urban,coridor litoral Mamaia–Năvodari (în afara extractului OSM),,7751.7
RUTA_B,15-17,2026-04-02 15:46:50,15:28,1103,9.0,-0.041,10002.2,1020.0,3.3,3.4,0.7116,0.7191,0,urban,coridor litoral Mamaia–Năvodari (în afara extractului OSM),,7753.8
RUTA_B,15-17,2026-04-02 15:46:51,15:28,1104,8.7,-0.094,10004.7,984.0,2.944,5.3,0.6348,0.6415,0,urban,coridor litoral Mamaia–Năvodari (în afara extractului OSM),,7755.1
RUTA_B,15-17,2026-04-02 15:46:52,15:28,1105,8.33,-0.055,10007.0,931.0,2.77,8.2,0.5974,0.6037,0,urban,coridor litoral Mamaia–Năvodari (în afara extractului OSM),,7756.2
RUTA_B,15-17,2026-04-02 15:46:53,15:28,1106,8.3,0.311,10009.3,893.0,2.763,10.3,0.5959,0.6022,0,urban,coridor litoral Mamaia–Năvodari (în afara extractului OSM),,7757.5
RUTA_B,15-17,2026-04-02 15:46:54,15:28,1107,10.56,0.627,10012.2,953.0,3.825,7.7,0.8248,0.8335,0,urban,coridor litoral Mamaia–Năvodari (în afara extractului OSM),,7760.5
RUTA_B,15-17,2026-04-02 15:46:55,15:28,1108,12.82,0.4,10015.8,1012.0,4.886,5.2,1.0536,1.0648,0,urban,coridor litoral Mamaia–Năvodari (în afara extractului OSM),,7763.4
RUTA_B,15-17,2026-04-02 15:46:56,15:28,1109,13.44,-0.076,10019.5,1023.0,4.971,3.7,1.072,1.0833,0,urban,coridor litoral Mamaia–Năvodari (în afara extractului OSM),,7766.4
RUTA_B,15-17,2026-04-02 15:46:57,15:28,1110,12.27,-0.325,10022.9,982.0,3.99,3.2,0.8603,0.8695,0,urban,coridor litoral Mamaia–Năvodari (în afara extractului OSM),,7769.4
RUTA_B,15-17,2026-04-02 15:46:58,15:28,1111,11.11,-0.236,10026.0,941.0,3.008,2.8,0.6487,0.6556,0,urban,coridor litoral Mamaia–Năvodari (în afara extractului OSM),,7772.4
RUTA_B,15-17,2026-04-02 15:46:59,15:28,1112,10.57,-0.139,10028.9,900.0,3.245,3.8,0.6997,0.7071,0,urban,coridor litoral Mamaia–Năvodari (în afara extractului OSM),,7777.2
RUTA_B,15-17,2026-04-02 15:47:00,15:28,1113,10.1,-0.08,10031.8,859.0,3.602,4.9,0.7767,0.7849,0,urban,coridor litoral Mamaia–Năvodari (în afara extractului OSM),,7782.2
RUTA_B,15-17,2026-04-02 15:47:01,15:28,1114,10.0,-0.02,10034.5,914.0,3.525,4.2,0.7601,0.7681,0,urban,coridor litoral Mamaia–Năvodari (în afara extractului OSM),,7784.9
RUTA_B,15-17,2026-04-02 15:47:02,15:28,1115,9.96,-0.247,10037.3,992.0,3.322,3.1,0.7163,0.7239,0,urban,coridor litoral Mamaia–Năvodari (în afara extractului OSM),,7787.0
RUTA_B,15-17,2026-04-02 15:47:03,15:28,1116,8.22,-0.46,10039.6,905.0,2.98,2.9,0.6426,0.6494,0,urban,coridor litoral Mamaia–Năvodari (în afara extractului OSM),,7790.5
RUTA_B,15-17,2026-04-02 15:47:04,15:28,1117,6.65,-0.382,10041.4,841.0,2.712,2.8,0.5848,0.591,0,urban,coridor litoral Mamaia–Năvodari (în afara extractului OSM),,7793.5
RUTA_B,15-17,2026-04-02 15:47:05,15:28,1118,5.47,-0.129,10042.9,828.0,2.618,2.8,0.5645,0.5705,0,urban,coridor litoral Mamaia–Năvodari (în afara extractului OSM),,7795.7
RUTA_B,15-17,2026-04-02 15:47:06,15:28,1119,5.72,0.201,10044.5,1018.0,3.048,2.9,0.6573,0.6642,0,urban,coridor litoral Mamaia–Năvodari (în afara extractului OSM),,7797.3
RUTA_B,15-17,2026-04-02 15:47:07,15:28,1120,6.92,0.329,10046.5,1342.0,3.828,3.1,0.8254,0.8342,0,urban,coridor litoral Mamaia–Năvodari (în afara extractului OSM),,7798.4
RUTA_B,15-17,2026-04-02 15:47:08,15:28,1121,8.09,0.467,10048.7,1232.0,6.142,5.3,1.3244,1.3385,0,urban,coridor litoral Mamaia–Năvodari (în afara extractului OSM),,7801.3
RUTA_B,15-17,2026-04-02 15:47:09,15:28,1122,10.28,1.108,10051.6,1273.0,10.388,10.1,2.2402,2.2639,0,urban,coridor litoral Mamaia–Năvodari (în afara extractului OSM),,7804.7
RUTA_B,15-17,2026-04-02 15:47:10,15:28,1123,16.07,1.443,10056.0,1954.0,21.06,24.0,4.5414,4.5896,0,urban,coridor litoral Mamaia–Năvodari (în afara extractului OSM),,7809.4
RUTA_B,15-17,2026-04-02 15:47:11,15:28,1124,20.67,1.108,10061.8,2170.0,24.927,29.9,5.3753,5.4323,0,urban,coridor litoral Mamaia–Năvodari (în afara extractului OSM),,7815.7
RUTA_B,15-17,2026-04-02 15:47:12,15:28,1125,24.04,1.311,10068.4,1907.0,21.796,27.7,4.7002,4.75,0,urban,coridor litoral Mamaia–Năvodari (în afara extractului OSM),,7823.5
RUTA_B,15-17,2026-04-02 15:47:13,15:28,1126,30.11,1.831,10076.8,2163.0,26.387,33.2,5.6902,5.7505,0,urban,coridor litoral Mamaia–Năvodari (în afara extractului OSM),,7829.3
RUTA_B,15-17,2026-04-02 15:47:14,15:28,1127,37.23,1.432,10087.1,2625.0,34.025,41.8,7.3374,7.4151,0,urban,coridor litoral Mamaia–Năvodari (în afara extractului OSM),,7834.2
RUTA_B,15-17,2026-04-02 15:47:15,15:28,1128,40.42,0.836,10098.4,2552.0,20.897,34.2,4.5064,4.5541,0,urban,coridor litoral Mamaia–Năvodari (în afara extractului OSM),,7846.1
RUTA_B,15-17,2026-04-02 15:47:16,15:28,1129,43.25,1.122,10110.4,2421.0,6.675,25.4,1.4395,1.4547,0,urban,coridor litoral Mamaia–Năvodari (în afara extractului OSM),,7859.0
RUTA_B,15-17,2026-04-02 15:47:17,15:28,1130,48.5,1.299,10123.9,2431.0,21.255,31.6,4.5836,4.6322,0,urban,coridor litoral Mamaia–Năvodari (în afara extractului OSM),,7875.1
RUTA_B,15-17,2026-04-02 15:47:18,15:28,1131,52.6,0.819,10138.5,2376.0,25.839,33.7,5.5722,5.6312,0,urban,coridor litoral Mamaia–Năvodari (în afara extractului OSM),,7892.0
RUTA_B,15-17,2026-04-02 15:47:19,15:28,1132,54.39,0.599,10153.6,2191.0,10.402,27.9,2.2432,2.267,0,urban,coridor litoral Mamaia–Năvodari (în afara extractului OSM),,7910.7
RUTA_B,15-17,2026-04-02 15:47:20,15:28,1133,56.91,0.75,10169.4,2180.0,14.306,28.4,3.0851,3.1178,0,urban,coridor litoral Mamaia–Năvodari (în afara extractului OSM),,7922.9
RUTA_B,15-17,2026-04-02 15:47:21,15:28,1134,59.79,0.429,10186.0,2257.0,28.041,32.3,6.047,6.111,0,urban,coridor litoral Mamaia–Năvodari (în afara extractului OSM),,7931.9
RUTA_B,15-17,2026-04-02 15:47:22,15:28,1135,60.0,-0.039,10202.7,2265.0,15.127,16.6,3.2621,3.2966,0,urban,coridor litoral Mamaia–Năvodari (în afara extractului OSM),,7950.7
RUTA_B,15-17,2026-04-02 15:47:23,15:28,1136,59.51,-0.302,10219.2,2252.0,4.324,4.8,0.9324,0.9423,0,urban,coridor litoral Mamaia–Năvodari (în afara extractului OSM),,7969.6
RUTA_B,15-17,2026-04-02 15:47:24,15:28,1137,57.82,-0.349,10235.3,2198.0,3.851,6.6,0.8304,0.8392,0,urban,coridor litoral Mamaia–Năvodari (în afara extractului OSM),,7987.2
RUTA_B,15-17,2026-04-02 15:47:25,15:28,1138,57.0,-0.114,10251.1,2168.0,5.841,8.9,1.2597,1.273,0,urban,coridor litoral Mamaia–Năvodari (în afara extractului OSM),,8004.0
RUTA_B,15-17,2026-04-02 15:47:26,15:28,1139,57.0,-0.1,10266.9,2158.0,10.18,11.6,2.1953,2.2186,0,urban,coridor litoral Mamaia–Năvodari (în afara extractului OSM),,8020.2
RUTA_B,15-17,2026-04-02 15:47:27,15:28,1140,56.28,-0.252,10282.6,2130.0,8.805,9.3,1.8987,1.9188,0,urban,coridor litoral Mamaia–Năvodari (în afara extractului OSM),,8031.1
RUTA_B,15-17,2026-04-02 15:47:28,15:28,1141,55.18,-0.392,10297.9,2092.0,4.379,4.4,0.9443,0.9543,0,urban,coridor litoral Mamaia–Năvodari (în afara extractului OSM),,8039.1
RUTA_B,15-17,2026-04-02 15:47:29,15:28,1142,53.46,-0.489,10312.7,2031.0,3.502,3.5,0.7551,0.7631,0,urban,coridor litoral Mamaia–Năvodari (în afara extractului OSM),,8055.0
RUTA_B,15-17,2026-04-02 15:47:30,15:28,1143,51.66,-0.476,10327.1,1968.0,3.353,3.5,0.7231,0.7308,0,urban,coridor litoral Mamaia–Năvodari (în afara extractului OSM),,8071.9
RUTA_B,15-17,2026-04-02 15:47:31,15:28,1144,50.04,-0.764,10341.0,1911.0,3.272,3.3,0.7056,0.713,0,urban,coridor litoral Mamaia–Năvodari (în afara extractului OSM),,8086.1
RUTA_B,15-17,2026-04-02 15:47:32,15:28,1145,46.17,-1.625,10353.8,1709.0,3.153,3.1,0.68,0.6872,0,urban,coridor litoral Mamaia–Năvodari (în afara extractului OSM),,8099.4
RUTA_B,15-17,2026-04-02 15:47:33,15:28,1146,38.34,-1.917,10364.5,1249.0,2.969,2.8,0.6402,0.647,0,urban,coridor litoral Mamaia–Năvodari (în afara extractului OSM),,8110.9
RUTA_B,15-17,2026-04-02 15:47:34,15:28,1147,32.36,-1.47,10373.5,993.0,2.811,2.8,0.6062,0.6126,0,urban,coridor litoral Mamaia–Năvodari (în afara extractului OSM),,8118.7
RUTA_B,15-17,2026-04-02 15:47:35,15:28,1148,27.76,-1.663,10381.2,886.0,2.673,2.8,0.5764,0.5825,0,urban,coridor litoral Mamaia–Năvodari (în afara extractului OSM),,8123.6
RUTA_B,15-17,2026-04-02 15:47:36,15:28,1149,20.39,-2.065,10386.8,831.0,2.626,2.8,0.5664,0.5724,0,urban,coridor litoral Mamaia–Năvodari (în afara extractului OSM),,8130.0
RUTA_B,15-17,2026-04-02 15:47:37,15:28,1150,12.89,-1.268,10390.4,791.0,2.607,2.8,0.5622,0.5682,0,urban,coridor litoral Mamaia–Năvodari (în afara extractului OSM),,8136.5
RUTA_B,15-17,2026-04-02 15:47:38,15:28,1151,11.26,-0.42,10393.5,820.0,2.716,3.9,0.5857,0.5919,0,urban,coridor litoral Mamaia–Năvodari (în afara extractului OSM),,8139.7
RUTA_B,15-17,2026-04-02 15:47:39,15:28,1152,9.87,-0.275,10396.3,813.0,3.238,5.5,0.6983,0.7057,0,urban,coridor litoral Mamaia–Năvodari (în afara extractului OSM),,8143.0
RUTA_B,15-17,2026-04-02 15:47:40,15:28,1153,9.28,-0.164,10398.9,686.0,5.152,8.7,1.1111,1.1229,0,urban,coridor litoral Mamaia–Năvodari (în afara extractului OSM),,8146.6
RUTA_B,15-17,2026-04-02 15:47:41,15:28,1154,8.69,-0.164,10401.3,766.0,5.194,8.1,1.1201,1.132,0,urban,coridor litoral Mamaia–Năvodari (în afara extractului OSM),,8149.6
RUTA_B,15-17,2026-04-02 15:47:42,15:28,1155,8.09,-0.228,10403.5,1029.0,3.583,4.2,0.7727,0.7808,0,urban,coridor litoral Mamaia–Năvodari (în afara extractului OSM),,8152.0
RUTA_B,15-17,2026-04-02 15:47:43,15:28,1156,7.04,-0.271,10405.5,1047.0,3.268,4.5,0.7047,0.7122,0,urban,coridor litoral Mamaia–Năvodari (în afara extractului OSM),,8154.2
RUTA_B,15-17,2026-04-02 15:47:44,15:28,1157,6.14,0.117,10407.2,1009.0,3.292,5.6,0.71,0.7175,0,urban,coridor litoral Mamaia–Năvodari (în afara extractului OSM),,8156.3
RUTA_B,15-17,2026-04-02 15:47:45,15:28,1158,7.89,0.483,10409.4,844.0,4.432,6.7,0.9557,0.9658,0,urban,coridor litoral Mamaia–Năvodari (în afara extractului OSM),,8158.6
RUTA_B,15-17,2026-04-02 15:47:46,15:28,1159,9.62,0.477,10412.0,769.0,4.942,6.8,1.0658,1.0771,0,urban,coridor litoral Mamaia–Năvodari (în afara extractului OSM),,8161.2
RUTA_B,15-17,2026-04-02 15:47:47,15:28,1160,11.32,0.285,10415.2,852.0,4.339,5.0,0.9358,0.9457,0,urban,coridor litoral Mamaia–Năvodari (în afara extractului OSM),,8164.4
RUTA_B,15-17,2026-04-02 15:47:48,15:28,1161,11.67,-0.029,10418.4,873.0,3.769,4.3,0.8128,0.8214,0,urban,coridor litoral Mamaia–Năvodari (în afara extractului OSM),,8167.5
RUTA_B,15-17,2026-04-02 15:47:49,15:28,1162,11.11,0.091,10421.5,852.0,3.221,4.3,0.6946,0.7019,0,urban,coridor litoral Mamaia–Năvodari (în afara extractului OSM),,8170.5
RUTA_B,15-17,2026-04-02 15:47:50,15:28,1163,12.32,0.398,10424.9,897.0,4.317,5.7,0.9309,0.9407,0,urban,coridor litoral Mamaia–Năvodari (în afara extractului OSM),,8172.3
RUTA_B,15-17,2026-04-02 15:47:51,15:28,1164,13.98,0.86,10428.8,958.0,5.829,7.4,1.257,1.2703,0,urban,coridor litoral Mamaia–Năvodari (în afara extractului OSM),,8173.9
RUTA_B,15-17,2026-04-02 15:47:52,15:28,1165,18.51,1.326,10434.0,1267.0,12.564,15.6,2.7094,2.7381,0,urban,coridor litoral Mamaia–Năvodari (în afara extractului OSM),,8177.7
RUTA_B,15-17,2026-04-02 15:47:53,15:28,1166,23.53,1.592,10440.5,1617.0,19.139,23.1,4.1272,4.1709,0,urban,coridor litoral Mamaia–Năvodari (în afara extractului OSM),,8182.0
RUTA_B,15-17,2026-04-02 15:47:54,15:28,1167,29.97,1.651,10448.8,2087.0,24.956,27.9,5.3816,5.4387,0,urban,coridor litoral Mamaia–Năvodari (în afara extractului OSM),,8188.0
RUTA_B,15-17,2026-04-02 15:47:55,15:28,1168,35.41,1.388,10458.7,2503.0,28.707,24.2,6.1905,6.2561,0,urban,coridor litoral Mamaia–Năvodari (în afara extractului OSM),,8197.0
RUTA_B,15-17,2026-04-02 15:47:56,15:28,1169,39.97,1.031,10469.8,2871.0,30.625,12.8,6.6041,6.6741,0,urban,coridor litoral Mamaia–Năvodari (în afara extractului OSM),,8208.7
RUTA_B,15-17,2026-04-02 15:47:57,15:28,1170,42.84,0.752,10481.7,2562.0,28.765,19.6,6.2031,6.2689,0,urban,coridor litoral Mamaia–Năvodari (în afara extractului OSM),,8216.6
RUTA_B,15-17,2026-04-02 15:47:58,15:28,1171,45.38,0.926,10494.3,2120.0,26.365,30.9,5.6855,5.7458,0,urban,coridor litoral Mamaia–Năvodari (în afara extractului OSM),,8224.2
RUTA_B,15-17,2026-04-02 15:47:59,15:28,1172,49.51,1.114,10508.0,2334.0,29.573,34.1,6.3772,6.4448,0,urban,coridor litoral Mamaia–Năvodari (în afara extractului OSM),,8240.8
RUTA_B,15-17,2026-04-02 15:48:00,15:28,1173,53.4,1.031,10522.8,2519.0,27.715,29.1,5.9767,6.0401,0,urban,coridor litoral Mamaia–Năvodari (în afara extractului OSM),,8257.9
RUTA_B,15-17,2026-04-02 15:48:01,15:28,1174,56.93,0.852,10538.7,2657.0,18.133,11.6,3.9104,3.9518,0,urban,coridor litoral Mamaia–Năvodari (în afara extractului OSM),,8275.8
RUTA_B,15-17,2026-04-02 15:48:02,15:28,1175,59.53,0.667,10555.2,2552.0,20.758,16.7,4.4763,4.5237,0,urban,coridor litoral Mamaia–Năvodari (în afara extractului OSM),,8287.8
RUTA_B,15-17,2026-04-02 15:48:03,15:28,1176,61.74,0.738,10572.3,2341.0,28.688,31.5,6.1865,6.2521,0,rural,coridor litoral Mamaia–Năvodari (în afara extractului OSM),,8297.3
RUTA_B,15-17,2026-04-02 15:48:04,15:28,1177,64.85,0.87,10590.4,2421.0,29.93,30.4,6.4542,6.5226,0,rural,coridor litoral Mamaia–Năvodari (în afara extractului OSM),,8315.9
RUTA_B,15-17,2026-04-02 15:48:05,15:28,1178,68.0,0.438,10609.2,2538.0,29.893,26.7,6.4464,6.5147,0,rural,coridor litoral Mamaia–Năvodari (în afara extractului OSM),,8335.8
RUTA_B,15-17,2026-04-02 15:48:06,15:28,1179,68.0,-0.061,10628.1,2571.0,16.17,14.3,3.487,3.524,0,rural,coridor litoral Mamaia–Năvodari (în afara extractului OSM),,8358.0
RUTA_B,15-17,2026-04-02 15:48:07,15:28,1180,67.56,-0.301,10646.9,2576.0,5.609,4.9,1.2095,1.2223,0,rural,coridor litoral Mamaia–Năvodari (în afara extractului OSM),,8380.2
RUTA_B,15-17,2026-04-02 15:48:08,15:28,1181,65.84,-0.474,10665.2,2504.0,4.236,4.0,0.9134,0.9231,0,rural,coridor litoral Mamaia–Năvodari (în afara extractului OSM),,8402.5
RUTA_B,15-17,2026-04-02 15:48:09,15:28,1182,64.15,-0.464,10683.0,2436.0,3.527,3.5,0.7607,0.7687,0,rural,coridor litoral Mamaia–Năvodari (în afara extractului OSM),,8423.7
RUTA_B,15-17,2026-04-02 15:48:10,15:28,1183,62.5,-0.463,10700.4,2373.0,3.445,3.5,0.7429,0.7507,0,rural,coridor litoral Mamaia–Năvodari (în afara extractului OSM),,8443.9
RUTA_B,15-17,2026-04-02 15:48:11,15:28,1184,60.81,-0.469,10717.3,2317.0,3.432,5.4,0.7401,0.7479,0,rural,coridor litoral Mamaia–Năvodari (în afara extractului OSM),,8456.0
RUTA_B,15-17,2026-04-02 15:48:12,15:28,1185,59.12,-0.11,10733.7,2264.0,3.449,8.1,0.7437,0.7516,0,urban,coridor litoral Mamaia–Năvodari (în afara extractului OSM),,8464.7
RUTA_B,15-17,2026-04-02 15:48:13,15:28,1186,60.02,0.27,10750.4,2268.0,9.711,13.1,2.0942,2.1164,0,rural,coridor litoral Mamaia–Năvodari (în afara extractului OSM),,8481.7
RUTA_B,15-17,2026-04-02 15:48:14,15:28,1187,61.06,0.219,10767.3,2279.0,15.517,17.1,3.3461,3.3815,0,rural,coridor litoral Mamaia–Năvodari (în afara extractului OSM),,8499.4
RUTA_B,15-17,2026-04-02 15:48:15,15:28,1188,61.6,0.065,10784.4,2307.0,14.183,12.7,3.0584,3.0908,0,rural,coridor litoral Mamaia–Năvodari (în afara extractului OSM),,8516.8
RUTA_B,15-17,2026-04-02 15:48:16,15:28,1189,61.53,-0.249,10801.5,2312.0,11.72,8.5,2.5273,2.5541,0,rural,coridor litoral Mamaia–Năvodari (în afara extractului OSM),,8534.3
RUTA_B,15-17,2026-04-02 15:48:17,15:28,1190,59.81,-0.394,10818.1,2254.0,6.221,5.1,1.3415,1.3557,0,urban,coridor litoral Mamaia–Năvodari (în afara extractului OSM),,8552.6
RUTA_B,15-17,2026-04-02 15:48:18,15:28,1191,58.7,-0.234,10834.4,2220.0,6.018,6.6,1.2978,1.3115,0,urban,coridor litoral Mamaia–Năvodari (în afara extractului OSM),,8570.2
RUTA_B,15-17,2026-04-02 15:48:19,15:28,1192,58.13,-0.039,10850.6,2206.0,10.569,12.4,2.2791,2.3033,0,urban,coridor litoral Mamaia–Năvodari (în afara extractului OSM),,8587.3
RUTA_B,15-17,2026-04-02 15:48:20,15:28,1193,58.42,0.117,10866.8,2220.0,13.506,15.7,2.9124,2.9433,0,urban,coridor litoral Mamaia–Năvodari (în afara extractului OSM),,8597.8
RUTA_B,15-17,2026-04-02 15:48:21,15:28,1194,58.97,0.301,10883.2,2242.0,15.958,18.3,3.4412,3.4777,0,urban,coridor litoral Mamaia–Năvodari (în afara extractului OSM),,8606.2
RUTA_B,15-17,2026-04-02 15:48:22,15:28,1195,60.59,0.458,10900.0,2286.0,17.713,20.1,3.8198,3.8603,0,rural,coridor litoral Mamaia–Năvodari (în afara extractului OSM),,8624.0
RUTA_B,15-17,2026-04-02 15:48:23,15:28,1196,62.27,0.473,10917.3,2337.0,19.773,22.2,4.264,4.3092,0,rural,coridor litoral Mamaia–Năvodari (în afara extractului OSM),,8642.8
RUTA_B,15-17,2026-04-02 15:48:24,15:28,1197,63.99,0.517,10935.1,2414.0,23.678,26.3,5.106,5.1601,0,rural,coridor litoral Mamaia–Năvodari (în afara extractului OSM),,8663.2
RUTA_B,15-17,2026-04-02 15:48:25,15:28,1198,65.99,0.613,10953.4,2494.0,25.06,25.1,5.4041,5.4613,0,rural,coridor litoral Mamaia–Năvodari (în afara extractului OSM),,8684.6
RUTA_B,15-17,2026-04-02 15:48:26,15:28,1199,68.4,0.358,10972.4,2581.0,22.856,16.6,4.9289,4.9811,0,rural,coridor litoral Mamaia–Năvodari (în afara extractului OSM),,8707.3
RUTA_B,15-17,2026-04-02 15:48:27,15:28,1200,68.58,-0.054,10991.5,2571.0,15.219,10.4,3.2818,3.3166,0,rural,coridor litoral Mamaia–Năvodari (în afara extractului OSM),,8720.9
RUTA_B,15-17,2026-04-02 15:48:28,15:28,1201,68.01,-0.318,11010.4,2529.0,5.789,4.8,1.2483,1.2615,0,rural,coridor litoral Mamaia–Năvodari (în afara extractului OSM),,8731.4
RUTA_B,15-17,2026-04-02 15:48:29,15:28,1202,66.28,-0.459,11028.8,2479.0,4.346,4.0,0.9373,0.9472,0,rural,coridor litoral Mamaia–Năvodari (în afara extractului OSM),,8751.7
RUTA_B,15-17,2026-04-02 15:48:30,15:28,1203,64.71,-0.372,11046.8,2431.0,4.656,5.1,1.004,1.0146,0,rural,coridor litoral Mamaia–Năvodari (în afara extractului OSM),,8771.6
RUTA_B,15-17,2026-04-02 15:48:31,15:28,1204,63.61,-0.237,11064.4,2391.0,9.304,10.9,2.0064,2.0277,0,rural,coridor litoral Mamaia–Năvodari (în afara extractului OSM),,8790.1
RUTA_B,15-17,2026-04-02 15:48:32,15:28,1205,63.0,-0.084,11081.9,2368.0,11.143,12.0,2.403,2.4284,0,rural,coridor litoral Mamaia–Năvodari (în afara extractului OSM),,8809.7
RUTA_B,15-17,2026-04-02 15:48:33,15:28,1206,63.0,-0.19,11099.4,2365.0,9.521,7.2,2.0531,2.0748,0,rural,coridor litoral Mamaia–Năvodari (în afara extractului OSM),,8830.6
RUTA_B,15-17,2026-04-02 15:48:34,15:28,1207,61.63,-0.488,11116.6,2330.0,7.05,4.8,1.5204,1.5365,0,rural,coridor litoral Mamaia–Năvodari (în afara extractului OSM),,8849.0
RUTA_B,15-17,2026-04-02 15:48:35,15:28,1208,59.48,-0.548,11133.1,2275.0,4.095,3.8,0.8831,0.8924,0,urban,coridor litoral Mamaia–Năvodari (în afara extractului OSM),,8865.8
RUTA_B,15-17,2026-04-02 15:48:36,15:28,1209,57.69,-0.485,11149.1,2209.0,3.443,3.5,0.7425,0.7504,0,urban,coridor litoral Mamaia–Năvodari (în afara extractului OSM),,8876.1
RUTA_B,15-17,2026-04-02 15:48:37,15:28,1210,56.0,-0.465,11164.7,2140.0,3.46,3.5,0.7461,0.754,0,urban,coridor litoral Mamaia–Năvodari (în afara extractului OSM),,8884.4
RUTA_B,15-17,2026-04-02 15:48:38,15:28,1211,54.34,-0.416,11179.7,2079.0,3.394,3.5,0.7318,0.7396,0,urban,coridor litoral Mamaia–Năvodari (în afara extractului OSM),,8900.3
RUTA_B,15-17,2026-04-02 15:48:39,15:28,1212,53.0,-0.186,11194.5,2029.0,4.194,4.6,0.9044,0.914,0,urban,coridor litoral Mamaia–Năvodari (în afara extractului OSM),,8916.3
RUTA_B,15-17,2026-04-02 15:48:40,15:28,1213,53.0,0.109,11209.2,2023.0,8.712,10.5,1.8786,1.8985,0,urban,coridor litoral Mamaia–Năvodari (în afara extractului OSM),,8932.7
RUTA_B,15-17,2026-04-02 15:48:41,15:28,1214,53.78,0.352,11224.1,2046.0,13.321,15.5,2.8726,2.9031,0,urban,coridor litoral Mamaia–Năvodari (în afara extractului OSM),,8950.1
RUTA_B,15-17,2026-04-02 15:48:42,15:28,1215,55.53,0.481,11239.6,2104.0,18.044,19.4,3.8911,3.9323,0,urban,coridor litoral Mamaia–Năvodari (în afara extractului OSM),,8968.5
RUTA_B,15-17,2026-04-02 15:48:43,15:28,1216,57.25,0.474,11255.5,2160.0,18.079,19.4,3.8986,3.9399,0,urban,coridor litoral Mamaia–Năvodari (în afara extractului OSM),,8980.2
RUTA_B,15-17,2026-04-02 15:48:44,15:28,1217,58.94,0.396,11271.8,2216.0,16.415,18.1,3.5398,3.5773,0,urban,coridor litoral Mamaia–Năvodari (în afara extractului OSM),,8989.4
RUTA_B,15-17,2026-04-02 15:48:45,15:28,1218,60.1,0.335,11288.5,2267.0,18.108,20.0,3.905,3.9463,0,rural,coridor litoral Mamaia–Năvodari (în afara extractului OSM),,9006.8
RUTA_B,15-17,2026-04-02 15:48:46,15:28,1219,61.36,0.413,11305.6,2320.0,19.926,20.9,4.2969,4.3424,0,rural,coridor litoral Mamaia–Năvodari (în afara extractului OSM),,9024.3
RUTA_B,15-17,2026-04-02 15:48:47,15:28,1220,63.07,0.293,11323.1,2379.0,21.779,17.5,4.6966,4.7463,0,rural,coridor litoral Mamaia–Năvodari (în afara extractului OSM),,9041.1
RUTA_B,15-17,2026-04-02 15:48:48,15:28,1221,63.47,-0.106,11340.7,2398.0,17.887,14.6,3.8573,3.8981,0,rural,coridor litoral Mamaia–Năvodari (în afara extractului OSM),,9057.8
RUTA_B,15-17,2026-04-02 15:48:49,15:28,1222,62.31,-0.021,11358.0,2368.0,7.25,12.4,1.5634,1.58,0,rural,coridor litoral Mamaia–Năvodari (în afara extractului OSM),,9074.5
RUTA_B,15-17,2026-04-02 15:48:50,15:28,1223,63.31,0.369,11375.6,2387.0,11.727,17.3,2.5289,2.5556,0,rural,coridor litoral Mamaia–Năvodari (în afara extractului OSM),,9085.7
RUTA_B,15-17,2026-04-02 15:48:51,15:28,1224,64.97,0.154,11393.7,2422.0,20.611,23.7,4.4447,4.4918,0,rural,coridor litoral Mamaia–Năvodari (în afara extractului OSM),,9095.2
RUTA_B,15-17,2026-04-02 15:48:52,15:28,1225,64.42,-0.187,11411.6,2425.0,11.662,12.8,2.5148,2.5414,0,rural,coridor litoral Mamaia–Năvodari (în afara extractului OSM),,9111.2
RUTA_B,15-17,2026-04-02 15:48:53,15:28,1226,63.62,-0.349,11429.2,2410.0,4.532,4.2,0.9774,0.9877,0,rural,coridor litoral Mamaia–Năvodari (în afara extractului OSM),,9127.3
RUTA_B,15-17,2026-04-02 15:48:54,15:28,1227,61.91,-0.482,11446.4,2334.0,3.818,3.8,0.8234,0.8321,0,rural,coridor litoral Mamaia–Năvodari (în afara extractului OSM),,9143.9
RUTA_B,15-17,2026-04-02 15:48:55,15:28,1228,60.15,-0.496,11463.1,2263.0,3.451,3.5,0.7443,0.7522,0,rural,coridor litoral Mamaia–Năvodari (în afara extractului OSM),,9156.7
RUTA_B,15-17,2026-04-02 15:48:56,15:28,1229,58.34,-0.492,11479.3,2197.0,3.476,3.5,0.7495,0.7574,0,urban,coridor litoral Mamaia–Năvodari (în afara extractului OSM),,9165.2
RUTA_B,15-17,2026-04-02 15:48:57,15:28,1230,56.61,-0.473,11495.1,2142.0,3.452,3.5,0.7444,0.7523,0,urban,coridor litoral Mamaia–Năvodari (în afara extractului OSM),,9178.6
RUTA_B,15-17,2026-04-02 15:48:58,15:28,1231,54.93,-0.402,11510.3,2089.0,3.416,3.5,0.7367,0.7445,0,urban,coridor litoral Mamaia–Năvodari (în afara extractului OSM),,9193.2
RUTA_B,15-17,2026-04-02 15:48:59,15:28,1232,53.72,-0.329,11525.2,2028.0,3.349,3.5,0.7223,0.7299,0,urban,coridor litoral Mamaia–Năvodari (în afara extractului OSM),,9208.1
RUTA_B,15-17,2026-04-02 15:49:00,15:28,1233,52.56,-0.311,11539.8,1964.0,3.849,4.8,0.8301,0.8388,0,urban,coridor litoral Mamaia–Năvodari (în afara extractului OSM),,9222.6
RUTA_B,15-17,2026-04-02 15:49:01,15:28,1234,51.48,-0.131,11554.1,1898.0,5.167,8.0,1.1143,1.1261,0,urban,coridor litoral Mamaia–Năvodari (în afara extractului OSM),,9236.3
RUTA_B,15-17,2026-04-02 15:49:02,15:28,1235,51.62,0.172,11568.5,1900.0,8.155,10.0,1.7587,1.7773,0,urban,coridor litoral Mamaia–Năvodari (în afara extractului OSM),,9250.3
RUTA_B,15-17,2026-04-02 15:49:03,15:28,1236,52.72,0.074,11583.1,1956.0,12.466,11.1,2.6883,2.7168,0,urban,coridor litoral Mamaia–Năvodari (în afara extractului OSM),,9264.5
RUTA_B,15-17,2026-04-02 15:49:04,15:28,1237,52.15,-0.239,11597.6,1952.0,9.301,8.0,2.0057,2.0269,0,urban,coridor litoral Mamaia–Năvodari (în afara extractului OSM),,9273.7
RUTA_B,15-17,2026-04-02 15:49:05,15:28,1238,51.0,-0.159,11611.8,1928.0,3.595,3.5,0.7753,0.7835,0,urban,coridor litoral Mamaia–Năvodari (în afara extractului OSM),,9281.2
RUTA_B,15-17,2026-04-02 15:49:06,15:28,1239,51.0,-0.026,11625.9,1905.0,8.679,9.7,1.8717,1.8915,0,urban,coridor litoral Mamaia–Năvodari (în afara extractului OSM),,9295.8
RUTA_B,15-17,2026-04-02 15:49:07,15:28,1240,50.82,-0.101,11640.1,1901.0,10.724,11.9,2.3127,2.3372,0,urban,coridor litoral Mamaia–Năvodari (în afara extractului OSM),,9310.5
RUTA_B,15-17,2026-04-02 15:49:08,15:28,1241,50.27,-0.232,11654.0,1932.0,6.791,6.6,1.4645,1.48,0,urban,coridor litoral Mamaia–Năvodari (în afara extractului OSM),,9325.2
RUTA_B,15-17,2026-04-02 15:49:09,15:28,1242,49.15,-0.39,11667.7,1908.0,4.341,4.5,0.936,0.9459,0,urban,coridor litoral Mamaia–Năvodari (în afara extractului OSM),,9340.4
RUTA_B,15-17,2026-04-02 15:49:10,15:28,1243,47.46,-0.298,11680.9,1828.0,3.35,5.6,0.7223,0.73,0,urban,coridor litoral Mamaia–Năvodari (în afara extractului OSM),,9355.8
RUTA_B,15-17,2026-04-02 15:49:11,15:28,1244,47.0,-0.059,11693.9,1790.0,5.912,8.2,1.2749,1.2884,0,urban,coridor litoral Mamaia–Năvodari (în afara extractului OSM),,9365.3
RUTA_B,15-17,2026-04-02 15:49:12,15:28,1245,47.04,0.161,11707.0,1769.0,9.742,11.5,2.1008,2.123,0,urban,coridor litoral Mamaia–Năvodari (în afara extractului OSM),,9372.7
RUTA_B,15-17,2026-04-02 15:49:13,15:28,1246,48.16,0.312,11720.4,1808.0,11.854,14.1,2.5563,2.5834,0,urban,coridor litoral Mamaia–Năvodari (în afara extractului OSM),,9386.8
RUTA_B,15-17,2026-04-02 15:49:14,15:28,1247,49.28,0.312,11734.0,1841.0,12.574,14.4,2.7115,2.7402,0,urban,coridor litoral Mamaia–Năvodari (în afara extractului OSM),,9401.1
RUTA_B,15-17,2026-04-02 15:49:15,15:28,1248,50.41,0.125,11748.0,1861.0,9.203,7.8,1.9846,2.0056,0,urban,coridor litoral Mamaia–Năvodari (în afara extractului OSM),,9416.4
RUTA_B,15-17,2026-04-02 15:49:16,15:28,1249,50.18,-0.272,11762.0,1853.0,6.248,4.4,1.3473,1.3616,0,urban,coridor litoral Mamaia–Năvodari (în afara extractului OSM),,9431.4
RUTA_B,15-17,2026-04-02 15:49:17,15:28,1250,48.45,-0.421,11775.4,1816.0,3.76,4.7,0.8107,0.8193,0,urban,coridor litoral Mamaia–Năvodari (în afara extractului OSM),,9446.0
RUTA_B,15-17,2026-04-02 15:49:18,15:28,1251,47.15,-0.339,11788.5,1764.0,4.891,5.9,1.0548,1.066,0,urban,coridor litoral Mamaia–Năvodari (în afara extractului OSM),,9455.1
RUTA_B,15-17,2026-04-02 15:49:19,15:28,1252,46.01,-0.327,11801.3,1706.0,7.276,7.4,1.569,1.5856,0,urban,coridor litoral Mamaia–Năvodari (în afara extractului OSM),,9462.3
RUTA_B,15-17,2026-04-02 15:49:20,15:28,1253,44.8,-0.33,11813.8,1676.0,4.874,4.9,1.0511,1.0622,0,urban,coridor litoral Mamaia–Năvodari (în afara extractului OSM),,9475.5
RUTA_B,15-17,2026-04-02 15:49:21,15:28,1254,43.63,-0.312,11825.9,1640.0,3.23,3.1,0.6965,0.7038,0,urban,coridor litoral Mamaia–Năvodari (în afara extractului OSM),,9487.7
RUTA_B,15-17,2026-04-02 15:49:22,15:28,1255,42.55,-0.537,11837.7,1592.0,3.111,3.1,0.6708,0.6779,0,urban,coridor litoral Mamaia–Năvodari (în afara extractului OSM),,9497.9
RUTA_B,15-17,2026-04-02 15:49:23,15:28,1256,39.77,-1.023,11848.8,1586.0,3.084,3.0,0.6649,0.672,0,urban,coridor litoral Mamaia–Năvodari (în afara extractului OSM),,9507.5
RUTA_B,15-17,2026-04-02 15:49:24,15:28,1257,35.19,-1.039,11858.5,1623.0,3.152,2.8,0.6797,0.687,0,urban,coridor litoral Mamaia–Năvodari (în afara extractului OSM),,9516.7
RUTA_B,15-17,2026-04-02 15:49:25,15:28,1258,32.28,-0.726,11867.5,1377.0,2.878,2.8,0.6207,0.6273,0,urban,coridor litoral Mamaia–Năvodari (în afara extractului OSM),,9521.7
RUTA_B,15-17,2026-04-02 15:49:26,15:28,1259,29.96,-0.696,11875.8,1037.0,2.491,2.8,0.5372,0.5429,0,urban,coridor litoral Mamaia–Năvodari (în afara extractului OSM),,9525.3
RUTA_B,15-17,2026-04-02 15:49:27,15:28,1260,27.28,-0.701,11883.4,961.0,2.572,2.8,0.5546,0.5605,0,urban,coridor litoral Mamaia–Năvodari (în afara extractului OSM),,9531.7
RUTA_B,15-17,2026-04-02 15:49:28,15:28,1261,24.91,-0.407,11890.3,965.0,2.758,2.8,0.5948,0.6011,0,urban,coridor litoral Mamaia–Năvodari (în afara extractului OSM),,9538.1
RUTA_B,15-17,2026-04-02 15:49:29,15:28,1262,24.35,-0.227,11897.1,1416.0,3.537,3.3,0.7627,0.7708,0,urban,coridor litoral Mamaia–Năvodari (în afara extractului OSM),,9544.1
RUTA_B,15-17,2026-04-02 15:49:30,15:28,1263,23.28,-0.402,11903.5,1708.0,5.024,4.1,1.0834,1.0949,0,urban,coridor litoral Mamaia–Năvodari (în afara extractului OSM),,9550.1
RUTA_B,15-17,2026-04-02 15:49:31,15:28,1264,21.45,-0.317,11909.5,1751.0,7.611,5.5,1.6413,1.6587,0,urban,coridor litoral Mamaia–Năvodari (în afara extractului OSM),,9556.1
RUTA_B,15-17,2026-04-02 15:49:32,15:28,1265,21.0,-0.007,11915.3,1666.0,7.558,8.2,1.6298,1.6471,0,urban,coridor litoral Mamaia–Năvodari (în afara extractului OSM),,9559.8
RUTA_B,15-17,2026-04-02 15:49:33,15:28,1266,21.4,0.518,11921.3,1577.0,7.546,11.7,1.6274,1.6446,0,urban,coridor litoral Mamaia–Năvodari (în afara extractului OSM),,9563.1
RUTA_B,15-17,2026-04-02 15:49:34,15:28,1267,24.73,0.926,11928.2,1777.0,14.128,17.8,3.0467,3.079,0,urban,coridor litoral Mamaia–Năvodari (în afara extractului OSM),,9569.0
RUTA_B,15-17,2026-04-02 15:49:35,15:28,1268,28.07,0.935,11935.9,1962.0,16.524,18.9,3.5633,3.6011,0,urban,coridor litoral Mamaia–Năvodari (în afara extractului OSM),,9575.5
RUTA_B,15-17,2026-04-02 15:49:36,15:28,1269,31.46,0.938,11944.7,2115.0,9.859,9.1,2.1261,2.1486,0,urban,coridor litoral Mamaia–Năvodari (în afara extractului OSM),,9583.2
RUTA_B,15-17,2026-04-02 15:49:37,15:28,1270,34.82,0.933,11954.4,2077.0,11.652,11.4,2.5127,2.5394,0,urban,coridor litoral Mamaia–Năvodari (în afara extractului OSM),,9591.8
RUTA_B,15-17,2026-04-02 15:49:38,15:28,1271,38.18,1.069,11965.0,1880.0,20.535,23.7,4.4283,4.4752,0,urban,coridor litoral Mamaia–Năvodari (în afara extractului OSM),,9601.2
RUTA_B,15-17,2026-04-02 15:49:39,15:28,1272,42.52,1.248,11976.8,1999.0,25.211,29.1,5.4367,5.4943,0,urban,coridor litoral Mamaia–Năvodari (în afara extractului OSM),,9608.0
RUTA_B,15-17,2026-04-02 15:49:40,15:28,1273,47.16,1.192,11989.9,2221.0,28.458,32.2,6.1369,6.2019,0,urban,coridor litoral Mamaia–Năvodari (în afara extractului OSM),,9614.3
RUTA_B,15-17,2026-04-02 15:49:41,15:28,1274,51.1,0.971,12004.1,2422.0,30.36,34.2,6.547,6.6164,0,urban,coridor litoral Mamaia–Năvodari (în afara extractului OSM),,9627.3
RUTA_B,15-17,2026-04-02 15:49:42,15:28,1275,54.16,0.506,12019.1,2494.0,28.917,32.6,6.2359,6.3019,0,urban,coridor litoral Mamaia–Năvodari (în afara extractului OSM),,9641.0
RUTA_B,15-17,2026-04-02 15:49:43,15:28,1276,54.75,0.163,12034.3,2204.0,18.148,20.7,3.9136,3.9551,0,urban,coridor litoral Mamaia–Năvodari (în afara extractului OSM),,9656.6
RUTA_B,15-17,2026-04-02 15:49:44,15:28,1277,55.33,0.16,12049.7,2095.0,12.655,14.4,2.729,2.7579,0,urban,coridor litoral Mamaia–Năvodari (în afara extractului OSM),,9667.9
RUTA_B,15-17,2026-04-02 15:49:45,15:28,1278,55.9,-0.102,12065.2,2119.0,11.093,12.2,2.3921,2.4175,0,urban,coridor litoral Mamaia–Năvodari (în afara extractului OSM),,9676.0
RUTA_B,15-17,2026-04-02 15:49:46,15:28,1279,54.59,-0.421,12080.4,2078.0,7.437,7.9,1.6038,1.6208,0,urban,coridor litoral Mamaia–Năvodari (în afara extractului OSM),,9691.5
RUTA_B,15-17,2026-04-02 15:49:47,15:28,1280,52.86,-0.48,12095.1,2023.0,3.625,3.5,0.7817,0.7899,0,urban,coridor litoral Mamaia–Năvodari (în afara extractului OSM),,9708.5
RUTA_B,15-17,2026-04-02 15:49:48,15:28,1281,51.13,-0.452,12109.3,1957.0,3.428,3.5,0.7393,0.7472,0,urban,coridor litoral Mamaia–Năvodari (în afara extractului OSM),,9723.6
RUTA_B,15-17,2026-04-02 15:49:49,15:28,1282,49.61,-0.368,12123.0,1885.0,4.514,5.2,0.9733,0.9837,0,urban,coridor litoral Mamaia–Năvodari (în afara extractului OSM),,9738.3
RUTA_B,15-17,2026-04-02 15:49:50,15:28,1283,48.49,-0.047,12136.5,1801.0,8.021,10.1,1.7297,1.7481,0,urban,coridor litoral Mamaia–Năvodari (în afara extractului OSM),,9752.6
RUTA_B,15-17,2026-04-02 15:49:51,15:28,1284,49.27,0.421,12150.2,1817.0,10.507,9.8,2.2657,2.2897,0,urban,coridor litoral Mamaia–Năvodari (în afara extractului OSM),,9766.8
RUTA_B,15-17,2026-04-02 15:49:52,15:28,1285,51.52,0.256,12164.5,1907.0,12.212,5.6,2.6334,2.6613,0,urban,coridor litoral Mamaia–Năvodari (în afara extractului OSM),,9781.2
RUTA_B,15-17,2026-04-02 15:49:53,15:28,1286,51.12,-0.217,12178.7,1515.0,8.308,4.0,1.7917,1.8107,0,urban,coridor litoral Mamaia–Năvodari (în afara extractului OSM),,9790.3
RUTA_B,15-17,2026-04-02 15:49:54,15:28,1287,49.95,-0.739,12192.6,994.0,2.918,3.1,0.6293,0.636,0,urban,coridor litoral Mamaia–Năvodari (în afara extractului OSM),,9798.1
RUTA_B,15-17,2026-04-02 15:49:55,15:28,1288,45.79,-1.241,12205.3,930.0,2.776,2.9,0.5986,0.6049,0,urban,coridor litoral Mamaia–Năvodari (în afara extractului OSM),,9813.1
RUTA_B,15-17,2026-04-02 15:49:56,15:28,1289,41.02,-1.499,12216.7,874.0,2.671,2.8,0.576,0.5821,0,urban,coridor litoral Mamaia–Năvodari (în afara extractului OSM),,9826.6
RUTA_B,15-17,2026-04-02 15:49:57,15:28,1290,35.0,-1.253,12226.4,837.0,2.644,2.8,0.5701,0.5761,0,urban,coridor litoral Mamaia–Năvodari (în afara extractului OSM),,9837.5
RUTA_B,15-17,2026-04-02 15:49:58,15:28,1291,32.0,-0.417,12235.3,1041.0,4.688,6.0,1.0109,1.0216,0,urban,coridor litoral Mamaia–Năvodari (în afara extractului OSM),,9847.7
RUTA_B,15-17,2026-04-02 15:49:59,15:28,1292,32.0,0.338,12244.2,1486.0,8.795,12.5,1.8965,1.9166,0,urban,coridor litoral Mamaia–Năvodari (în afara extractului OSM),,9857.2
RUTA_B,15-17,2026-04-02 15:50:00,15:28,1293,34.43,0.793,12253.8,1666.0,13.376,16.8,2.8846,2.9151,0,urban,coridor litoral Mamaia–Năvodari (în afara extractului OSM),,9863.8
RUTA_B,15-17,2026-04-02 15:50:01,15:28,1294,37.71,0.908,12264.2,1754.0,18.122,20.5,3.908,3.9494,0,urban,coridor litoral Mamaia–Năvodari (în afara extractului OSM),,9869.4
RUTA_B,15-17,2026-04-02 15:50:02,15:28,1295,40.97,0.914,12275.6,1916.0,22.55,25.6,4.8629,4.9144,0,urban,coridor litoral Mamaia–Năvodari (în afara extractului OSM),,9880.9
RUTA_B,15-17,2026-04-02 15:50:03,15:28,1296,44.29,1.045,12287.9,2085.0,26.728,29.8,5.7638,5.8248,0,urban,coridor litoral Mamaia–Năvodari (în afara extractului OSM),,9893.1
RUTA_B,15-17,2026-04-02 15:50:04,15:28,1297,48.49,1.11,12301.4,2267.0,27.982,17.8,6.0343,6.0982,0,urban,coridor litoral Mamaia–Năvodari (în afara extractului OSM),,9906.8
RUTA_B,15-17,2026-04-02 15:50:05,15:28,1298,52.28,0.766,12315.9,2383.0,28.781,8.2,6.2066,6.2724,0,urban,coridor litoral Mamaia–Năvodari (în afara extractului OSM),,9921.1
RUTA_B,15-17,2026-04-02 15:50:06,15:28,1299,54.01,0.277,12330.9,2171.0,27.275,10.2,5.8817,5.944,0,urban,coridor litoral Mamaia–Năvodari (în afara extractului OSM),,9938.6
RUTA_B,15-17,2026-04-02 15:50:07,15:28,1300,54.28,-0.199,12346.0,2027.0,20.96,9.6,4.5199,4.5678,0,urban,coridor litoral Mamaia–Năvodari (în afara extractului OSM),,9955.7
RUTA_B,15-17,2026-04-02 15:50:08,15:28,1301,52.58,-0.532,12360.6,1974.0,8.166,5.4,1.7609,1.7795,0,urban,coridor litoral Mamaia–Năvodari (în afara extractului OSM),,9972.3
RUTA_B,15-17,2026-04-02 15:50:09,15:28,1302,50.45,-0.623,12374.6,1897.0,5.263,7.4,1.1349,1.1469,0,urban,coridor litoral Mamaia–Năvodari (în afara extractului OSM),,9982.9
RUTA_B,15-17,2026-04-02 15:50:10,15:28,1303,48.09,-0.11,12388.0,1808.0,7.5,12.7,1.6175,1.6346,0,urban,coridor litoral Mamaia–Năvodari (în afara extractului OSM),,9990.5
RUTA_B,15-17,2026-04-02 15:50:11,15:28,1304,49.66,0.454,12401.8,1861.0,14.421,18.4,3.1099,3.1428,0,urban,coridor litoral Mamaia–Năvodari (în afara extractului OSM),,10005.3
RUTA_B,15-17,2026-04-02 15:50:12,15:28,1305,51.36,0.464,12416.0,1923.0,20.217,23.4,4.3598,4.406,0,urban,coridor litoral Mamaia–Năvodari (în afara extractului OSM),,10020.3
RUTA_B,15-17,2026-04-02 15:50:13,15:28,1306,53.0,0.544,12430.8,1995.0,21.415,26.1,4.6182,4.6671,0,urban,coridor litoral Mamaia–Năvodari (în afara extractului OSM),,10035.4
RUTA_B,15-17,2026-04-02 15:50:14,15:28,1307,55.28,0.778,12446.1,2082.0,23.572,28.7,5.0832,5.137,0,urban,coridor litoral Mamaia–Năvodari (în afara extractului OSM),,10051.6
RUTA_B,15-17,2026-04-02 15:50:15,15:28,1308,58.6,0.828,12462.4,2192.0,27.246,30.8,5.8755,5.9377,0,urban,coridor litoral Mamaia–Năvodari (în afara extractului OSM),,10069.8
RUTA_B,15-17,2026-04-02 15:50:16,15:28,1309,61.24,0.666,12479.4,2292.0,28.244,31.2,6.0907,6.1553,0,rural,coridor litoral Mamaia–Năvodari (în afara extractului OSM),,10088.4
RUTA_B,15-17,2026-04-02 15:50:17,15:28,1310,63.4,0.442,12497.0,2385.0,27.281,30.1,5.883,5.9453,0,rural,coridor litoral Mamaia–Năvodari (în afara extractului OSM),,10107.4
RUTA_B,15-17,2026-04-02 15:50:18,15:28,1311,64.43,0.23,12514.9,2224.0,17.652,26.5,3.8065,3.8468,0,rural,coridor litoral Mamaia–Năvodari (în afara extractului OSM),,10120.7
RUTA_B,15-17,2026-04-02 15:50:19,15:28,1312,65.05,0.333,12533.0,1970.0,5.258,21.9,1.1338,1.1458,0,rural,coridor litoral Mamaia–Năvodari (în afara extractului OSM),,10132.1
RUTA_B,15-17,2026-04-02 15:50:20,15:28,1313,66.82,0.41,12551.5,2002.0,14.466,20.5,3.1195,3.1526,0,rural,coridor litoral Mamaia–Năvodari (în afara extractului OSM),,10153.4
RUTA_B,15-17,2026-04-02 15:50:21,15:28,1314,68.0,0.164,12570.4,2026.0,19.633,17.1,4.2338,4.2787,0,rural,coridor litoral Mamaia–Năvodari (în afara extractului OSM),,10174.5
RUTA_B,15-17,2026-04-02 15:50:22,15:28,1315,68.0,-0.137,12589.3,2037.0,16.815,9.7,3.6261,3.6645,0,rural,coridor litoral Mamaia–Năvodari (în afara extractului OSM),,10195.1
RUTA_B,15-17,2026-04-02 15:50:23,15:28,1316,67.02,-0.371,12607.9,2016.0,11.695,5.8,2.5221,2.5488,0,rural,coridor litoral Mamaia–Năvodari (în afara extractului OSM),,10215.2
RUTA_B,15-17,2026-04-02 15:50:24,15:28,1317,65.33,-0.463,12626.1,1972.0,4.929,4.2,1.063,1.0743,0,rural,coridor litoral Mamaia–Năvodari (în afara extractului OSM),,10235.0
RUTA_B,15-17,2026-04-02 15:50:25,15:28,1318,63.68,-0.456,12643.8,1932.0,3.544,5.3,0.7643,0.7724,0,rural,coridor litoral Mamaia–Năvodari (în afara extractului OSM),,10246.3
RUTA_B,15-17,2026-04-02 15:50:26,15:28,1319,62.04,-0.309,12661.0,1894.0,3.462,7.0,0.7466,0.7545,0,rural,coridor litoral Mamaia–Năvodari (în afara extractului OSM),,10255.5
RUTA_B,15-17,2026-04-02 15:50:27,15:28,1320,61.46,-0.145,12678.1,1597.0,4.54,12.6,0.9791,0.9895,0,rural,coridor litoral Mamaia–Năvodari (în afara extractului OSM),,10274.0
RUTA_B,15-17,2026-04-02 15:50:28,15:28,1321,61.0,-0.064,12695.0,1441.0,6.569,17.4,1.4166,1.4316,0,rural,coridor litoral Mamaia–Năvodari (în afara extractului OSM),,10292.8
RUTA_B,15-17,2026-04-02 15:50:29,15:28,1322,61.0,-0.035,12712.0,1996.0,13.055,18.0,2.8153,2.8451,0,rural,coridor litoral Mamaia–Năvodari (în afara extractului OSM),,10312.0
RUTA_B,15-17,2026-04-02 15:50:30,15:28,1323,60.75,-0.115,12728.8,2297.0,13.769,15.0,2.9693,3.0007,0,rural,coridor litoral Mamaia–Năvodari (în afara extractului OSM),,10331.0
RUTA_B,15-17,2026-04-02 15:50:31,15:28,1324,60.18,-0.006,12745.6,2272.0,7.078,7.1,1.5263,1.5424,0,rural,coridor litoral Mamaia–Năvodari (în afara extractului OSM),,10349.8
RUTA_B,15-17,2026-04-02 15:50:32,15:28,1325,60.7,0.214,12762.4,2280.0,11.587,12.8,2.4986,2.5251,0,rural,coridor litoral Mamaia–Năvodari (în afara extractului OSM),,10367.4
RUTA_B,15-17,2026-04-02 15:50:33,15:28,1326,61.72,0.406,12779.6,2304.0,21.035,24.6,4.536,4.5841,0,rural,coridor litoral Mamaia–Năvodari (în afara extractului OSM),,10384.5
RUTA_B,15-17,2026-04-02 15:50:34,15:28,1327,63.63,0.58,12797.2,2381.0,21.489,25.8,4.634,4.6831,0,rural,coridor litoral Mamaia–Năvodari (în afara extractului OSM),,10396.7
RUTA_B,15-17,2026-04-02 15:50:35,15:28,1328,65.89,0.479,12815.5,2480.0,18.446,22.9,3.9778,4.02,0,rural,coridor litoral Mamaia–Năvodari (în afara extractului OSM),,10406.9
RUTA_B,15-17,2026-04-02 15:50:36,15:28,1329,67.08,0.236,12834.2,2510.0,19.542,14.9,4.2143,4.2589,0,rural,coridor litoral Mamaia–Năvodari (în afara extractului OSM),,10427.2
RUTA_B,15-17,2026-04-02 15:50:37,15:28,1330,67.59,-0.243,12853.0,2519.0,18.875,7.8,4.0704,4.1135,0,rural,coridor litoral Mamaia–Năvodari (în afara extractului OSM),,10447.7
RUTA_B,15-17,2026-04-02 15:50:38,15:28,1331,65.33,-0.565,12871.1,2448.0,9.345,5.1,2.0151,2.0365,0,rural,coridor litoral Mamaia–Năvodari (în afara extractului OSM),,10467.4
RUTA_B,15-17,2026-04-02 15:50:39,15:28,1332,63.52,-0.413,12888.7,2386.0,5.611,6.5,1.21,1.2228,0,rural,coridor litoral Mamaia–Năvodari (în afara extractului OSM),,10487.0
RUTA_B,15-17,2026-04-02 15:50:40,15:28,1333,62.36,-0.211,12906.1,2337.0,10.117,13.8,2.1816,2.2047,0,rural,coridor litoral Mamaia–Năvodari (în afara extractului OSM),,10506.7
RUTA_B,15-17,2026-04-02 15:50:41,15:28,1334,62.0,-0.05,12923.3,2328.0,13.595,17.0,2.9316,2.9627,0,rural,coridor litoral Mamaia–Năvodari (în afara extractului OSM),,10519.1
RUTA_B,15-17,2026-04-02 15:50:42,15:28,1335,62.0,0.141,12940.5,2337.0,16.617,18.3,3.5834,3.6214,0,rural,coridor litoral Mamaia–Năvodari (în afara extractului OSM),,10528.3
RUTA_B,15-17,2026-04-02 15:50:43,15:28,1336,63.01,0.295,12958.0,2379.0,17.762,19.8,3.8302,3.8708,0,rural,coridor litoral Mamaia–Năvodari (în afara extractului OSM),,10546.4
RUTA_B,15-17,2026-04-02 15:50:44,15:28,1337,64.12,0.306,12975.8,2419.0,18.12,20.2,3.9076,3.949,0,rural,coridor litoral Mamaia–Năvodari (în afara extractului OSM),,10565.4
RUTA_B,15-17,2026-04-02 15:50:45,15:28,1338,65.22,0.326,12993.9,2413.0,13.619,11.6,2.9369,2.9681,0,rural,coridor litoral Mamaia–Năvodari (în afara extractului OSM),,10584.7
RUTA_B,15-17,2026-04-02 15:50:46,15:28,1339,66.47,0.401,13012.4,2351.0,12.867,8.4,2.7747,2.8041,0,rural,coridor litoral Mamaia–Năvodari (în afara extractului OSM),,10604.2
RUTA_B,15-17,2026-04-02 15:50:47,15:28,1340,68.1,0.389,13031.3,2152.0,21.428,18.7,4.621,4.6699,0,rural,coridor litoral Mamaia–Năvodari (în afara extractului OSM),,10624.1
RUTA_B,15-17,2026-04-02 15:50:48,15:28,1341,69.27,0.246,13050.6,2059.0,23.367,22.4,5.0391,5.0925,0,rural,coridor litoral Mamaia–Năvodari (în afara extractului OSM),,10645.2
RUTA_B,15-17,2026-04-02 15:50:49,15:28,1342,69.87,-0.084,13070.0,2092.0,17.277,18.2,3.7258,3.7652,0,rural,coridor litoral Mamaia–Năvodari (în afara extractului OSM),,10667.9
RUTA_B,15-17,2026-04-02 15:50:50,15:28,1343,68.67,-0.402,13089.0,2070.0,10.565,11.3,2.2782,2.3024,0,rural,coridor litoral Mamaia–Năvodari (în afara extractului OSM),,10680.9
RUTA_B,15-17,2026-04-02 15:50:51,15:28,1344,66.98,-0.461,13107.7,2031.0,3.778,3.9,0.8146,0.8232,0,rural,coridor litoral Mamaia–Năvodari (în afara extractului OSM),,10691.5
RUTA_B,15-17,2026-04-02 15:50:52,15:28,1345,65.35,-0.556,13125.8,1973.0,3.604,3.7,0.7771,0.7853,0,rural,coridor litoral Mamaia–Năvodari (în afara extractului OSM),,10711.6
RUTA_B,15-17,2026-04-02 15:50:53,15:28,1346,62.98,-1.141,13143.3,1898.0,3.427,3.5,0.7391,0.7469,0,rural,coridor litoral Mamaia–Năvodari (în afara extractului OSM),,10731.4
RUTA_B,15-17,2026-04-02 15:50:54,15:28,1347,57.13,-1.852,13159.2,1743.0,3.24,3.3,0.6987,0.7061,0,urban,coridor litoral Mamaia–Năvodari (în afara extractului OSM),,10749.5
RUTA_B,15-17,2026-04-02 15:50:55,15:28,1348,49.64,-2.341,13173.0,1479.0,3.061,3.0,0.6601,0.6671,0,urban,coridor litoral Mamaia–Năvodari (în afara extractului OSM),,10765.2
RUTA_B,15-17,2026-04-02 15:50:56,15:28,1349,40.28,-1.98,13184.1,1088.0,2.891,2.8,0.6235,0.6301,0,urban,coridor litoral Mamaia–Năvodari (în afara extractului OSM),,10778.0
RUTA_B,15-17,2026-04-02 15:50:57,15:28,1350,35.39,-1.162,13194.0,1321.0,3.046,3.3,0.6568,0.6638,0,urban,coridor litoral Mamaia–Năvodari (în afara extractului OSM),,10785.4
RUTA_B,15-17,2026-04-02 15:50:58,15:28,1351,31.91,-1.245,13202.8,1741.0,3.294,3.9,0.7103,0.7179,0,urban,coridor litoral Mamaia–Năvodari (în afara extractului OSM),,10790.9
RUTA_B,15-17,2026-04-02 15:50:59,15:28,1352,26.43,-1.435,13210.2,1411.0,2.938,3.3,0.6335,0.6402,0,urban,coridor litoral Mamaia–Năvodari (în afara extractului OSM),,10798.4
RUTA_B,15-17,2026-04-02 15:51:00,15:28,1353,21.58,-0.979,13216.2,1122.0,2.67,2.8,0.5758,0.5819,0,urban,coridor litoral Mamaia–Năvodari (în afara extractului OSM),,10805.5
RUTA_B,15-17,2026-04-02 15:51:01,15:28,1354,19.38,-0.467,13221.6,1006.0,2.774,2.8,0.5983,0.6046,0,urban,coridor litoral Mamaia–Năvodari (în afara extractului OSM),,10810.9
RUTA_B,15-17,2026-04-02 15:51:02,15:28,1355,18.22,-0.081,13226.6,1009.0,4.103,5.0,0.8848,0.8942,0,urban,coridor litoral Mamaia–Năvodari (în afara extractului OSM),,10816.8
RUTA_B,15-17,2026-04-02 15:51:03,15:28,1356,18.8,0.467,13231.8,1213.0,7.499,10.9,1.617,1.6342,0,urban,coridor litoral Mamaia–Năvodari (în afara extractului OSM),,10823.3
RUTA_B,15-17,2026-04-02 15:51:04,15:28,1357,21.58,0.932,13237.8,1502.0,9.152,9.8,1.9737,1.9946,0,urban,coridor litoral Mamaia–Năvodari (în afara extractului OSM),,10827.8
RUTA_B,15-17,2026-04-02 15:51:05,15:28,1358,25.51,0.965,13244.9,1836.0,9.889,4.9,2.1325,2.1551,0,urban,coridor litoral Mamaia–Năvodari (în afara extractului OSM),,10831.2
RUTA_B,15-17,2026-04-02 15:51:06,15:28,1359,28.53,0.856,13252.8,1669.0,13.983,12.4,3.0155,3.0474,0,urban,coridor litoral Mamaia–Năvodari (în afara extractului OSM),,10839.2
RUTA_B,15-17,2026-04-02 15:51:07,15:28,1360,31.67,1.093,13261.6,1496.0,18.326,20.9,3.9519,3.9938,0,urban,coridor litoral Mamaia–Năvodari (în afara extractului OSM),,10848.1
RUTA_B,15-17,2026-04-02 15:51:08,15:28,1361,36.39,1.276,13271.8,1712.0,21.305,24.6,4.5944,4.6431,0,urban,coridor litoral Mamaia–Năvodari (în afara extractului OSM),,10858.8
RUTA_B,15-17,2026-04-02 15:51:09,15:28,1362,40.87,1.199,13283.1,1924.0,24.283,28.0,5.2364,5.2919,0,urban,coridor litoral Mamaia–Năvodari (în afara extractului OSM),,10871.1
RUTA_B,15-17,2026-04-02 15:51:10,15:28,1363,45.03,1.015,13295.6,2133.0,27.257,31.1,5.8779,5.9401,0,urban,coridor litoral Mamaia–Năvodari (în afara extractului OSM),,10885.2
RUTA_B,15-17,2026-04-02 15:51:11,15:28,1364,48.17,0.83,13309.0,2220.0,19.576,21.2,4.2214,4.2661,0,urban,coridor litoral Mamaia–Năvodari (în afara extractului OSM),,10894.2
RUTA_B,15-17,2026-04-02 15:51:12,15:28,1365,51.01,0.78,13323.2,2271.0,8.721,7.5,1.8807,1.9006,0,urban,coridor litoral Mamaia–Năvodari (în afara extractului OSM),,10901.7
RUTA_B,15-17,2026-04-02 15:51:13,15:28,1366,53.79,0.789,13338.1,2181.0,19.1,20.4,4.1188,4.1624,0,urban,coridor litoral Mamaia–Năvodari (în afara extractului OSM),,10918.5
RUTA_B,15-17,2026-04-02 15:51:14,15:28,1367,56.69,0.866,13353.9,2133.0,27.609,30.9,5.9537,6.0168,0,urban,coridor litoral Mamaia–Năvodari (în afara extractului OSM),,10935.5
RUTA_B,15-17,2026-04-02 15:51:15,15:28,1368,60.03,0.842,13370.5,2245.0,28.955,32.4,6.2439,6.3101,0,rural,coridor litoral Mamaia–Năvodari (în afara extractului OSM),,10952.9
RUTA_B,15-17,2026-04-02 15:51:16,15:28,1369,62.75,0.634,13388.0,2343.0,30.259,33.0,6.5252,6.5943,0,rural,coridor litoral Mamaia–Năvodari (în afara extractului OSM),,10971.1
RUTA_B,15-17,2026-04-02 15:51:17,15:28,1370,64.59,0.511,13405.9,2420.0,31.503,32.1,6.7935,6.8654,0,rural,coridor litoral Mamaia–Năvodari (în afara extractului OSM),,10990.5
RUTA_B,15-17,2026-04-02 15:51:18,15:28,1371,66.43,0.442,13424.4,2496.0,32.747,31.2,7.0617,7.1366,0,rural,coridor litoral Mamaia–Năvodari (în afara extractului OSM),,11009.9
RUTA_B,15-17,2026-04-02 15:51:19,15:28,1372,67.77,0.341,13443.2,2412.0,30.687,24.5,6.6175,6.6876,0,rural,coridor litoral Mamaia–Năvodari (în afara extractului OSM),,11025.7
RUTA_B,15-17,2026-04-02 15:51:20,15:28,1373,68.89,0.309,13462.3,2255.0,27.156,15.2,5.8561,5.9181,0,rural,coridor litoral Mamaia–Năvodari (în afara extractului OSM),,11039.9
RUTA_B,15-17,2026-04-02 15:51:21,15:28,1374,69.99,0.049,13481.8,2099.0,23.631,5.9,5.096,5.15,0,rural,coridor litoral Mamaia–Năvodari (în afara extractului OSM),,11054.2
RUTA_B,15-17,2026-04-02 15:51:22,15:28,1375,69.25,-0.208,13501.0,2078.0,20.976,11.1,4.5234,4.5713,0,rural,coridor litoral Mamaia–Năvodari (în afara extractului OSM),,11075.4
RUTA_B,15-17,2026-04-02 15:51:23,15:28,1376,68.5,-0.139,13520.0,2056.0,18.321,16.2,3.9508,3.9926,0,rural,coridor litoral Mamaia–Năvodari (în afara extractului OSM),,11096.6
RUTA_B,15-17,2026-04-02 15:51:24,15:28,1377,68.25,0.067,13539.0,2050.0,16.849,19.8,3.6335,3.672,0,rural,coridor litoral Mamaia–Năvodari (în afara extractului OSM),,11117.7
RUTA_B,15-17,2026-04-02 15:51:25,15:28,1378,68.98,0.204,13558.1,2074.0,17.707,20.2,3.8185,3.859,0,rural,coridor litoral Mamaia–Năvodari (în afara extractului OSM),,11138.7
RUTA_B,15-17,2026-04-02 15:51:26,15:28,1379,69.71,0.177,13577.5,2098.0,18.565,20.6,4.0035,4.046,0,rural,coridor litoral Mamaia–Năvodari (în afara extractului OSM),,11159.6
RUTA_B,15-17,2026-04-02 15:51:27,15:28,1380,70.25,0.132,13597.0,2095.0,16.383,16.7,3.5329,3.5703,0,rural,coridor litoral Mamaia–Năvodari (în afara extractului OSM),,11177.7
RUTA_B,15-17,2026-04-02 15:51:28,15:28,1381,70.67,0.058,13616.6,2075.0,12.256,10.1,2.643,2.671,0,rural,coridor litoral Mamaia–Năvodari (în afara extractului OSM),,11194.0
RUTA_B,15-17,2026-04-02 15:51:29,15:28,1382,70.67,-0.234,13636.3,2055.0,8.349,4.6,1.8005,1.8195,0,rural,coridor litoral Mamaia–Năvodari (în afara extractului OSM),,11211.2
RUTA_B,15-17,2026-04-02 15:51:30,15:28,1383,68.98,-0.371,13655.4,2040.0,5.355,4.2,1.1549,1.1671,0,rural,coridor litoral Mamaia–Năvodari (în afara extractului OSM),,11232.2
RUTA_B,15-17,2026-04-02 15:51:31,15:28,1384,68.0,-0.137,13674.3,2028.0,6.308,6.8,1.3603,1.3747,0,rural,coridor litoral Mamaia–Năvodari (în afara extractului OSM),,11253.6
RUTA_B,15-17,2026-04-02 15:51:32,15:28,1385,68.0,-0.121,13693.2,2020.0,12.778,13.6,2.7556,2.7848,0,rural,coridor litoral Mamaia–Năvodari (în afara extractului OSM),,11275.8
RUTA_B,15-17,2026-04-02 15:51:33,15:28,1386,67.13,-0.276,13711.9,2004.0,14.283,15.5,3.0801,3.1127,0,rural,coridor litoral Mamaia–Năvodari (în afara extractului OSM),,11289.3
RUTA_B,15-17,2026-04-02 15:51:34,15:28,1387,66.01,-0.076,13730.2,1986.0,14.168,15.6,3.0553,3.0877,0,rural,coridor litoral Mamaia–Năvodari (în afara extractului OSM),,11300.1
RUTA_B,15-17,2026-04-02 15:51:35,15:28,1388,66.58,0.077,13748.7,1992.0,14.054,10.2,3.0306,3.0627,0,rural,coridor litoral Mamaia–Năvodari (în afara extractului OSM),,11320.4
RUTA_B,15-17,2026-04-02 15:51:36,15:28,1389,66.57,-0.227,13767.2,1985.0,12.451,5.9,2.6851,2.7135,0,rural,coridor litoral Mamaia–Năvodari (în afara extractului OSM),,11340.4
RUTA_B,15-17,2026-04-02 15:51:37,15:28,1390,64.94,-0.452,13785.2,1945.0,6.784,4.4,1.4629,1.4784,0,rural,coridor litoral Mamaia–Năvodari (în afara extractului OSM),,11359.2
RUTA_B,15-17,2026-04-02 15:51:38,15:28,1391,63.31,-0.456,13802.8,1899.0,3.425,3.5,0.7386,0.7464,0,rural,coridor litoral Mamaia–Năvodari (în afara extractului OSM),,11377.7
RUTA_B,15-17,2026-04-02 15:51:39,15:28,1392,61.66,-0.497,13819.9,1844.0,3.293,3.5,0.7102,0.7177,0,rural,coridor litoral Mamaia–Năvodari (în afara extractului OSM),,11395.7
RUTA_B,15-17,2026-04-02 15:51:40,15:28,1393,59.73,-0.564,13836.5,1791.0,3.218,3.4,0.6939,0.7013,0,urban,coridor litoral Mamaia–Năvodari (în afara extractului OSM),,11413.3
RUTA_B,15-17,2026-04-02 15:51:41,15:28,1394,57.61,-0.549,13852.5,1739.0,3.181,3.2,0.6859,0.6932,0,urban,coridor litoral Mamaia–Năvodari (în afara extractului OSM),,11430.6
RUTA_B,15-17,2026-04-02 15:51:42,15:28,1395,55.78,-0.492,13868.0,1685.0,3.133,3.1,0.6757,0.6828,0,urban,coridor litoral Mamaia–Năvodari (în afara extractului OSM),,11441.5
RUTA_B,15-17,2026-04-02 15:51:43,15:28,1396,54.06,-0.695,13883.1,1629.0,3.082,3.1,0.6646,0.6716,0,urban,coridor litoral Mamaia–Năvodari (în afara extractului OSM),,11449.9
RUTA_B,15-17,2026-04-02 15:51:44,15:28,1397,50.77,-0.938,13897.2,1345.0,2.989,3.1,0.6445,0.6513,0,urban,coridor litoral Mamaia–Năvodari (în afara extractului OSM),,11464.3
RUTA_B,15-17,2026-04-02 15:51:45,15:28,1398,47.31,-1.039,13910.3,1086.0,2.901,3.1,0.6256,0.6322,0,urban,coridor litoral Mamaia–Năvodari (în afara extractului OSM),,11478.6
RUTA_B,15-17,2026-04-02 15:51:46,15:28,1399,43.3,-1.111,13922.3,993.0,2.85,3.1,0.6145,0.621,0,urban,coridor litoral Mamaia–Năvodari (în afara extractului OSM),,11491.9
RUTA_B,15-17,2026-04-02 15:51:47,15:28,1400,39.31,-1.101,13933.2,1101.0,2.902,3.1,0.6258,0.6324,0,urban,coridor litoral Mamaia–Năvodari (în afara extractului OSM),,11504.2
RUTA_B,15-17,2026-04-02 15:51:48,15:28,1401,35.37,-0.79,13943.1,1478.0,3.093,3.1,0.6671,0.6741,0,urban,coridor litoral Mamaia–Năvodari (în afara extractului OSM),,11515.2
RUTA_B,15-17,2026-04-02 15:51:49,15:28,1402,33.63,-0.322,13952.4,1600.0,5.115,6.5,1.1029,1.1146,0,urban,coridor litoral Mamaia–Năvodari (în afara extractului OSM),,11521.6
RUTA_B,15-17,2026-04-02 15:51:50,15:28,1403,33.05,0.203,13961.6,1585.0,8.112,11.7,1.7494,1.7679,0,urban,coridor litoral Mamaia–Năvodari (în afara extractului OSM),,11525.6
RUTA_B,15-17,2026-04-02 15:51:51,15:28,1404,35.09,0.641,13971.3,1702.0,15.223,18.7,3.2828,3.3176,0,urban,coridor litoral Mamaia–Năvodari (în afara extractului OSM),,11535.0
RUTA_B,15-17,2026-04-02 15:51:52,15:28,1405,37.67,0.901,13981.8,1833.0,20.491,22.8,4.4188,4.4656,0,urban,coridor litoral Mamaia–Năvodari (în afara extractului OSM),,11545.5
RUTA_B,15-17,2026-04-02 15:51:53,15:28,1406,41.58,1.007,13993.3,1971.0,14.706,11.6,3.1714,3.205,0,urban,coridor litoral Mamaia–Năvodari (în afara extractului OSM),,11557.9
RUTA_B,15-17,2026-04-02 15:51:54,15:28,1407,44.92,0.799,14005.8,1991.0,13.665,9.6,2.9468,2.978,0,urban,coridor litoral Mamaia–Năvodari (în afara extractului OSM),,11571.3
RUTA_B,15-17,2026-04-02 15:51:55,15:28,1408,47.33,0.707,14019.0,1821.0,20.362,22.3,4.3909,4.4374,0,urban,coridor litoral Mamaia–Năvodari (în afara extractului OSM),,11586.1
RUTA_B,15-17,2026-04-02 15:51:56,15:28,1409,50.01,0.758,14032.9,1866.0,20.65,21.5,4.4531,4.5003,0,urban,coridor litoral Mamaia–Năvodari (în afara extractului OSM),,11596.2
RUTA_B,15-17,2026-04-02 15:51:57,15:28,1410,52.79,0.714,14047.5,1994.0,18.459,15.4,3.9806,4.0227,0,urban,coridor litoral Mamaia–Năvodari (în afara extractului OSM),,11604.5
RUTA_B,15-17,2026-04-02 15:51:58,15:28,1411,55.15,0.635,14062.8,2071.0,22.158,22.7,4.7783,4.829,0,urban,coridor litoral Mamaia–Năvodari (în afara extractului OSM),,11619.9
RUTA_B,15-17,2026-04-02 15:51:59,15:28,1412,57.36,0.551,14078.8,2111.0,23.2,27.6,5.0031,5.0561,0,urban,coridor litoral Mamaia–Năvodari (în afara extractului OSM),,11636.2
RUTA_B,15-17,2026-04-02 15:52:00,15:28,1413,59.11,0.524,14095.2,2026.0,12.031,18.9,2.5945,2.622,0,urban,coridor litoral Mamaia–Năvodari (în afara extractului OSM),,11653.9
RUTA_B,15-17,2026-04-02 15:52:01,15:28,1414,61.13,0.6,14112.2,1960.0,11.521,18.2,2.4845,2.5109,0,rural,coridor litoral Mamaia–Năvodari (în afara extractului OSM),,11671.6
RUTA_B,15-17,2026-04-02 15:52:02,15:28,1415,63.43,0.627,14129.8,1914.0,21.929,25.6,4.7289,4.779,0,rural,coridor litoral Mamaia–Năvodari (în afara extractului OSM),,11689.4
RUTA_B,15-17,2026-04-02 15:52:03,15:28,1416,65.65,0.612,14148.0,1958.0,25.3,28.3,5.4558,5.5136,0,rural,coridor litoral Mamaia–Năvodari (în afara extractului OSM),,11700.1
RUTA_B,15-17,2026-04-02 15:52:04,15:28,1417,67.83,0.679,14166.9,2032.0,26.35,29.3,5.6823,5.7425,0,rural,coridor litoral Mamaia–Năvodari (în afara extractului OSM),,11708.3
RUTA_B,15-17,2026-04-02 15:52:05,15:28,1418,70.53,0.71,14186.5,2109.0,27.331,30.4,5.8939,5.9563,0,rural,coridor litoral Mamaia–Năvodari (în afara extractului OSM),,11724.0
RUTA_B,15-17,2026-04-02 15:52:06,15:28,1419,72.94,0.254,14206.7,2178.0,26.828,29.8,5.7855,5.8468,0,rural,coridor litoral Mamaia–Năvodari (în afara extractului OSM),,11740.4
RUTA_B,15-17,2026-04-02 15:52:07,15:28,1420,72.36,-0.131,14226.8,2184.0,12.874,13.8,2.7762,2.8056,0,rural,coridor litoral Mamaia–Năvodari (în afara extractului OSM),,11756.0
RUTA_B,15-17,2026-04-02 15:52:08,15:28,1421,72.0,-0.05,14246.8,2178.0,5.908,6.0,1.2739,1.2874,0,rural,coridor litoral Mamaia–Năvodari (în afara extractului OSM),,11770.5
RUTA_B,15-17,2026-04-02 15:52:09,15:28,1422,72.0,-0.053,14266.8,2151.0,10.247,11.5,2.2097,2.2331,0,rural,coridor litoral Mamaia–Năvodari (în afara extractului OSM),,11785.7
RUTA_B,15-17,2026-04-02 15:52:10,15:28,1423,71.62,-0.133,14286.7,2152.0,9.632,10.0,2.0771,2.0991,0,rural,coridor litoral Mamaia–Năvodari (în afara extractului OSM),,11795.3
RUTA_B,15-17,2026-04-02 15:52:11,15:28,1424,71.05,-0.224,14306.5,2165.0,6.6,5.1,1.4232,1.4383,0,rural,coridor litoral Mamaia–Năvodari (în afara extractului OSM),,11802.2
RUTA_B,15-17,2026-04-02 15:52:12,15:28,1425,70.0,-0.3,14325.9,2117.0,4.985,4.3,1.075,1.0864,0,rural,coridor litoral Mamaia–Năvodari (în afara extractului OSM),,11814.8
RUTA_B,15-17,2026-04-02 15:52:13,15:28,1426,68.89,-0.374,14345.0,2064.0,3.596,3.9,0.7755,0.7837,0,rural,coridor litoral Mamaia–Năvodari (în afara extractului OSM),,11827.8
RUTA_B,15-17,2026-04-02 15:52:14,15:28,1427,67.31,-0.401,14363.7,2021.0,3.544,4.1,0.7642,0.7723,0,rural,coridor litoral Mamaia–Năvodari (în afara extractului OSM),,11840.1
RUTA_B,15-17,2026-04-02 15:52:15,15:28,1428,66.0,-0.182,14382.1,1985.0,4.233,5.1,0.9128,0.9225,0,rural,coridor litoral Mamaia–Năvodari (în afara extractului OSM),,11852.7
RUTA_B,15-17,2026-04-02 15:52:16,15:28,1429,66.0,0.0,14400.4,1982.0,8.595,10.1,1.8535,1.8731,0,rural,coridor litoral Mamaia–Năvodari (în afara extractului OSM),,11866.4
RUTA_B,15-17,2026-04-02 15:52:17,15:28,1430,66.0,0.0,14418.7,1969.0,11.072,12.4,2.3877,2.4129,0,rural,coridor litoral Mamaia–Năvodari (în afara extractului OSM),,11880.4
RUTA_B,15-17,2026-04-02 15:52:18,15:28,1431,66.0,-0.1,14437.1,1930.0,8.678,7.5,1.8714,1.8912,0,rural,coridor litoral Mamaia–Năvodari (în afara extractului OSM),,11895.5
RUTA_B,15-17,2026-04-02 15:52:19,15:28,1432,65.28,-0.34,14455.2,1910.0,6.346,4.4,1.3685,1.383,0,rural,coridor litoral Mamaia–Năvodari (în afara extractului OSM),,11911.5
RUTA_B,15-17,2026-04-02 15:52:20,15:28,1433,63.55,-0.432,14472.9,1915.0,4.102,3.7,0.8845,0.8939,0,rural,coridor litoral Mamaia–Năvodari (în afara extractului OSM),,11928.7
RUTA_B,15-17,2026-04-02 15:52:21,15:28,1434,62.17,-0.362,14490.1,1884.0,3.316,3.4,0.715,0.7226,0,rural,coridor litoral Mamaia–Năvodari (în afara extractului OSM),,11940.6
RUTA_B,15-17,2026-04-02 15:52:22,15:28,1435,60.95,-0.406,14507.1,1828.0,3.205,3.1,0.6911,0.6984,0,rural,coridor litoral Mamaia–Năvodari (în afara extractului OSM),,11950.3
RUTA_B,15-17,2026-04-02 15:52:23,15:28,1436,59.25,-0.606,14523.5,1521.0,3.035,3.1,0.6545,0.6615,0,urban,coridor litoral Mamaia–Năvodari (în afara extractului OSM),,11965.9
RUTA_B,15-17,2026-04-02 15:52:24,15:28,1437,56.58,-1.127,14539.2,1365.0,2.918,3.1,0.6294,0.636,0,urban,coridor litoral Mamaia–Năvodari (în afara extractului OSM),,11981.0
RUTA_B,15-17,2026-04-02 15:52:25,15:28,1438,51.14,-1.687,14553.4,1639.0,2.951,2.9,0.6364,0.6432,0,urban,coridor litoral Mamaia–Năvodari (în afara extractului OSM),,11994.6
RUTA_B,15-17,2026-04-02 15:52:26,15:28,1439,44.44,-2.096,14565.8,1743.0,2.977,2.8,0.6419,0.6487,0,urban,coridor litoral Mamaia–Năvodari (în afara extractului OSM),,12006.8
RUTA_B,15-17,2026-04-02 15:52:27,15:28,1440,36.05,-1.808,14575.8,1613.0,2.992,2.8,0.6453,0.6521,0,urban,coridor litoral Mamaia–Năvodari (în afara extractului OSM),,12016.8
RUTA_B,15-17,2026-04-02 15:52:28,15:28,1441,31.42,-0.797,14584.5,1563.0,5.091,5.1,1.0979,1.1095,0,urban,coridor litoral Mamaia–Năvodari (în afara extractului OSM),,12026.0
RUTA_B,15-17,2026-04-02 15:52:29,15:28,1442,30.3,0.224,14592.9,1588.0,9.128,9.7,1.9684,1.9893,0,urban,coridor litoral Mamaia–Năvodari (în afara extractului OSM),,12034.3
RUTA_B,15-17,2026-04-02 15:52:30,15:28,1443,33.04,0.957,14602.1,1653.0,14.975,16.9,3.2294,3.2636,0,urban,coridor litoral Mamaia–Năvodari (în afara extractului OSM),,12040.5
RUTA_B,15-17,2026-04-02 15:52:31,15:28,1444,37.2,1.111,14612.5,1739.0,21.336,24.9,4.601,4.6497,0,urban,coridor litoral Mamaia–Năvodari (în afara extractului OSM),,12046.1
RUTA_B,15-17,2026-04-02 15:52:32,15:28,1445,41.03,1.114,14623.8,1942.0,24.587,28.1,5.3021,5.3582,0,urban,coridor litoral Mamaia–Năvodari (în afara extractului OSM),,12056.6
RUTA_B,15-17,2026-04-02 15:52:33,15:28,1446,45.22,1.324,14636.4,2153.0,27.801,31.4,5.9951,6.0587,0,urban,coridor litoral Mamaia–Năvodari (în afara extractului OSM),,12068.2
RUTA_B,15-17,2026-04-02 15:52:34,15:28,1447,50.57,1.448,14650.5,2387.0,30.888,35.2,6.6609,6.7315,0,urban,coridor litoral Mamaia–Năvodari (în afara extractului OSM),,12082.9
RUTA_B,15-17,2026-04-02 15:52:35,15:28,1448,55.64,1.376,14665.9,2612.0,34.604,29.5,7.4622,7.5413,0,urban,coridor litoral Mamaia–Năvodari (în afara extractului OSM),,12094.9
RUTA_B,15-17,2026-04-02 15:52:36,15:28,1449,60.48,0.815,14682.7,2830.0,38.842,16.0,8.3762,8.4649,0,rural,coridor litoral Mamaia–Năvodari (în afara extractului OSM),,12104.6
RUTA_B,15-17,2026-04-02 15:52:37,15:28,1450,61.51,0.199,14699.8,2593.0,30.851,13.3,6.653,6.7235,0,rural,coridor litoral Mamaia–Năvodari (în afara extractului OSM),,12121.6
RUTA_B,15-17,2026-04-02 15:52:38,15:28,1451,61.91,-0.025,14717.0,2338.0,21.239,11.5,4.5801,4.6286,0,rural,coridor litoral Mamaia–Năvodari (în afara extractului OSM),,12139.6
RUTA_B,15-17,2026-04-02 15:52:39,15:28,1452,61.33,-0.23,14734.0,2293.0,10.833,6.9,2.3361,2.3609,0,rural,coridor litoral Mamaia–Năvodari (în afara extractului OSM),,12157.5
RUTA_B,15-17,2026-04-02 15:52:40,15:28,1453,60.26,-0.392,14750.8,2248.0,4.528,4.2,0.9765,0.9868,0,rural,coridor litoral Mamaia–Năvodari (în afara extractului OSM),,12175.3
RUTA_B,15-17,2026-04-02 15:52:41,15:28,1454,58.51,-0.758,14767.0,2202.0,3.771,4.0,0.8132,0.8218,0,urban,coridor litoral Mamaia–Năvodari (în afara extractului OSM),,12192.9
RUTA_B,15-17,2026-04-02 15:52:42,15:28,1455,54.8,-1.144,14782.2,1933.0,3.362,3.5,0.725,0.7326,0,urban,coridor litoral Mamaia–Năvodari (în afara extractului OSM),,12203.7
RUTA_B,15-17,2026-04-02 15:52:43,15:28,1456,50.27,-1.106,14796.2,1570.0,3.096,2.8,0.6676,0.6747,0,urban,coridor litoral Mamaia–Năvodari (în afara extractului OSM),,12211.9
RUTA_B,15-17,2026-04-02 15:52:44,15:28,1457,46.83,-0.846,14809.2,1824.0,4.136,6.3,0.8918,0.9013,0,urban,coridor litoral Mamaia–Năvodari (în afara extractului OSM),,12224.9
RUTA_B,15-17,2026-04-02 15:52:45,15:28,1458,44.18,-0.211,14821.5,2080.0,5.96,10.2,1.2852,1.2989,0,urban,coridor litoral Mamaia–Năvodari (în afara extractului OSM),,12238.3
RUTA_B,15-17,2026-04-02 15:52:46,15:28,1459,45.32,0.349,14834.1,2137.0,11.494,15.1,2.4786,2.5049,0,urban,coridor litoral Mamaia–Năvodari (în afara extractului OSM),,12251.8
RUTA_B,15-17,2026-04-02 15:52:47,15:28,1460,46.69,0.432,14847.0,2212.0,17.501,20.8,3.774,3.814,0,urban,coridor litoral Mamaia–Năvodari (în afara extractului OSM),,12264.9
RUTA_B,15-17,2026-04-02 15:52:48,15:28,1461,48.43,0.55,14860.5,2316.0,24.22,27.6,5.2229,5.2782,0,urban,coridor litoral Mamaia–Năvodari (în afara extractului OSM),,12277.3
RUTA_B,15-17,2026-04-02 15:52:49,15:28,1462,50.65,0.65,14874.6,2280.0,17.975,24.0,3.8763,3.9174,0,urban,coridor litoral Mamaia–Năvodari (în afara extractului OSM),,12286.7
RUTA_B,15-17,2026-04-02 15:52:50,15:28,1463,53.11,0.649,14889.3,2180.0,6.561,16.1,1.4149,1.4299,0,urban,coridor litoral Mamaia–Năvodari (în afara extractului OSM),,12295.1
RUTA_B,15-17,2026-04-02 15:52:51,15:28,1464,55.32,0.656,14904.7,2162.0,18.668,24.6,4.0256,4.0682,0,urban,coridor litoral Mamaia–Năvodari (în afara extractului OSM),,12311.5
RUTA_B,15-17,2026-04-02 15:52:52,15:28,1465,57.83,0.823,14920.8,2178.0,28.186,31.4,6.0783,6.1427,0,urban,coridor litoral Mamaia–Năvodari (în afara extractului OSM),,12328.3
RUTA_B,15-17,2026-04-02 15:52:53,15:28,1466,61.25,0.939,14937.8,2301.0,29.688,33.2,6.4021,6.47,0,rural,coridor litoral Mamaia–Năvodari (în afara extractului OSM),,12346.7
RUTA_B,15-17,2026-04-02 15:52:54,15:28,1467,64.59,0.919,14955.7,2422.0,31.395,35.2,6.7703,6.842,0,rural,coridor litoral Mamaia–Năvodari (în afara extractului OSM),,12365.3
RUTA_B,15-17,2026-04-02 15:52:55,15:28,1468,67.86,0.662,14974.6,2540.0,33.32,37.3,7.1854,7.2615,0,rural,coridor litoral Mamaia–Năvodari (în afara extractului OSM),,12384.4
RUTA_B,15-17,2026-04-02 15:52:56,15:28,1469,69.35,0.283,14993.8,2445.0,23.743,35.0,5.1201,5.1744,0,rural,coridor litoral Mamaia–Năvodari (în afara extractului OSM),,12397.4
RUTA_B,15-17,2026-04-02 15:52:57,15:28,1470,69.9,0.416,15013.2,2237.0,8.027,30.3,1.7311,1.7494,0,rural,coridor litoral Mamaia–Năvodari (în afara extractului OSM),,12407.3
RUTA_B,15-17,2026-04-02 15:52:58,15:28,1471,72.35,0.721,15033.3,2214.0,14.783,27.6,3.1878,3.2216,0,rural,coridor litoral Mamaia–Năvodari (în afara extractului OSM),,12426.3
RUTA_B,15-17,2026-04-02 15:52:59,15:28,1472,75.09,0.537,15054.2,2235.0,25.563,25.5,5.5125,5.5709,0,rural,coridor litoral Mamaia–Năvodari (în afara extractului OSM),,12447.4
RUTA_B,15-17,2026-04-02 15:53:00,15:28,1473,76.21,0.289,15075.4,2271.0,23.971,25.3,5.1693,5.224,0,rural,coridor litoral Mamaia–Năvodari (în afara extractului OSM),,12469.2
RUTA_B,15-17,2026-04-02 15:53:01,15:28,1474,77.17,0.213,15096.8,2302.0,21.849,24.5,4.7116,4.7615,0,rural,coridor litoral Mamaia–Năvodari (în afara extractului OSM),,12491.4
RUTA_B,15-17,2026-04-02 15:53:02,15:28,1475,77.75,0.024,15118.4,2323.0,18.5,22.5,3.9895,4.0317,0,rural,coridor litoral Mamaia–Năvodari (în afara extractului OSM),,12514.1
RUTA_B,15-17,2026-04-02 15:53:03,15:28,1476,77.35,-0.219,15139.9,2319.0,12.894,15.9,2.7805,2.81,0,rural,coridor litoral Mamaia–Năvodari (în afara extractului OSM),,12530.6
RUTA_B,15-17,2026-04-02 15:53:04,15:28,1477,76.17,-0.384,15161.0,2295.0,5.5,5.8,1.186,1.1985,0,rural,coridor litoral Mamaia–Năvodari (în afara extractului OSM),,12542.3
RUTA_B,15-17,2026-04-02 15:53:05,15:28,1478,74.58,-0.457,15181.8,2244.0,4.064,4.1,0.8765,0.8858,0,rural,coridor litoral Mamaia–Năvodari (în afara extractului OSM),,12562.3
RUTA_B,15-17,2026-04-02 15:53:06,15:28,1479,72.88,-0.556,15202.0,2190.0,3.71,4.1,0.8,0.8085,0,rural,coridor litoral Mamaia–Năvodari (în afara extractului OSM),,12583.6
RUTA_B,15-17,2026-04-02 15:53:07,15:28,1480,70.57,-0.563,15221.6,2161.0,4.459,7.0,0.9616,0.9718,0,rural,coridor litoral Mamaia–Năvodari (în afara extractului OSM),,12604.4
RUTA_B,15-17,2026-04-02 15:53:08,15:28,1481,68.83,-0.318,15240.7,2119.0,4.894,8.1,1.0554,1.0666,0,rural,coridor litoral Mamaia–Năvodari (în afara extractului OSM),,12624.8
RUTA_B,15-17,2026-04-02 15:53:09,15:28,1482,68.29,-0.225,15259.7,2049.0,4.656,5.4,1.0039,1.0146,0,rural,coridor litoral Mamaia–Năvodari (în afara extractului OSM),,12644.2
RUTA_B,15-17,2026-04-02 15:53:10,15:28,1483,67.21,-0.381,15278.4,1774.0,4.103,3.8,0.8849,0.8943,0,rural,coridor litoral Mamaia–Năvodari (în afara extractului OSM),,12663.2
RUTA_B,15-17,2026-04-02 15:53:11,15:28,1484,65.54,-0.587,15296.6,1273.0,3.203,3.6,0.6908,0.6981,0,rural,coridor litoral Mamaia–Năvodari (în afara extractului OSM),,12681.6
RUTA_B,15-17,2026-04-02 15:53:12,15:28,1485,62.99,-0.77,15314.1,1580.0,3.027,3.4,0.6527,0.6596,0,rural,coridor litoral Mamaia–Năvodari (în afara extractului OSM),,12693.8
RUTA_B,15-17,2026-04-02 15:53:13,15:28,1486,60.0,-0.64,15330.7,2275.0,3.2,3.1,0.6901,0.6974,0,urban,coridor litoral Mamaia–Năvodari (în afara extractului OSM),,12703.1
RUTA_B,15-17,2026-04-02 15:53:14,15:28,1487,58.38,-0.483,15346.9,2222.0,3.168,3.1,0.6831,0.6903,0,urban,coridor litoral Mamaia–Năvodari (în afara extractului OSM),,12719.3
RUTA_B,15-17,2026-04-02 15:53:15,15:28,1488,56.52,-0.697,15362.6,2160.0,3.134,3.1,0.6757,0.6829,0,urban,coridor litoral Mamaia–Năvodari (în afara extractului OSM),,12735.4
RUTA_B,15-17,2026-04-02 15:53:16,15:28,1489,53.36,-0.9,15377.5,2041.0,3.091,3.1,0.6667,0.6737,0,urban,coridor litoral Mamaia–Năvodari (în afara extractului OSM),,12751.0
RUTA_B,15-17,2026-04-02 15:53:17,15:28,1490,50.04,-0.986,15391.4,1874.0,2.996,3.1,0.646,0.6528,0,urban,coridor litoral Mamaia–Năvodari (în afara extractului OSM),,12765.7
RUTA_B,15-17,2026-04-02 15:53:18,15:28,1491,46.26,-1.05,15404.2,1565.0,2.742,2.9,0.5912,0.5975,0,urban,coridor litoral Mamaia–Năvodari (în afara extractului OSM),,12778.3
RUTA_B,15-17,2026-04-02 15:53:19,15:28,1492,42.48,-1.048,15416.0,1488.0,2.681,2.8,0.5782,0.5843,0,urban,coridor litoral Mamaia–Năvodari (în afara extractului OSM),,12790.2
RUTA_B,15-17,2026-04-02 15:53:20,15:28,1493,38.71,-1.223,15426.8,1755.0,2.907,2.8,0.627,0.6336,0,urban,coridor litoral Mamaia–Năvodari (în afara extractului OSM),,12801.4
RUTA_B,15-17,2026-04-02 15:53:21,15:28,1494,33.68,-1.544,15436.1,1602.0,2.953,2.9,0.6367,0.6435,0,urban,coridor litoral Mamaia–Năvodari (în afara extractului OSM),,12811.2
RUTA_B,15-17,2026-04-02 15:53:22,15:28,1495,27.59,-1.865,15443.8,1100.0,2.848,3.1,0.6141,0.6206,0,urban,coridor litoral Mamaia–Năvodari (în afara extractului OSM),,12819.6
RUTA_B,15-17,2026-04-02 15:53:23,15:28,1496,20.25,-2.103,15449.4,916.0,2.721,3.0,0.5869,0.5931,0,urban,coridor litoral Mamaia–Năvodari (în afara extractului OSM),,12823.5
RUTA_B,15-17,2026-04-02 15:53:24,15:28,1497,12.45,-1.292,15452.9,845.0,2.588,2.8,0.558,0.564,0,urban,coridor litoral Mamaia–Năvodari (în afara extractului OSM),,12825.8
RUTA_B,15-17,2026-04-02 15:53:25,15:28,1498,10.94,-0.219,15455.9,1150.0,6.227,7.7,1.3429,1.3572,0,urban,coridor litoral Mamaia–Năvodari (în afara extractului OSM),,12828.5
RUTA_B,15-17,2026-04-02 15:53:26,15:28,1499,10.88,0.751,15458.9,1518.0,10.523,12.3,2.2692,2.2932,0,urban,coridor litoral Mamaia–Năvodari (în afara extractului OSM),,12831.6
RUTA_B,15-17,2026-04-02 15:53:27,15:28,1500,16.35,1.216,15463.5,2099.0,17.04,12.9,3.6745,3.7135,0,urban,coridor litoral Mamaia–Năvodari (în afara extractului OSM),,12835.9
RUTA_B,15-17,2026-04-02 15:53:28,15:28,1501,19.63,0.303,15468.9,2305.0,19.274,12.8,4.1563,4.2003,0,urban,coridor litoral Mamaia–Năvodari (în afara extractului OSM),,12840.8
RUTA_B,15-17,2026-04-02 15:53:29,15:28,1502,18.54,-0.159,15474.1,1762.0,12.967,11.3,2.7964,2.826,0,urban,coridor litoral Mamaia–Năvodari (în afara extractului OSM),,12847.1
RUTA_B,15-17,2026-04-02 15:53:30,15:28,1503,18.49,0.125,15479.2,1511.0,10.42,11.4,2.2471,2.2709,0,urban,coridor litoral Mamaia–Năvodari (în afara extractului OSM),,12851.9
RUTA_B,15-17,2026-04-02 15:53:31,15:28,1504,19.44,0.525,15484.6,1537.0,11.457,13.1,2.4706,2.4968,0,urban,coridor litoral Mamaia–Năvodari (în afara extractului OSM),,12855.4
RUTA_B,15-17,2026-04-02 15:53:32,15:28,1505,22.27,1.166,15490.8,1665.0,14.292,17.3,3.0819,3.1146,0,urban,coridor litoral Mamaia–Năvodari (în afara extractului OSM),,12858.1
RUTA_B,15-17,2026-04-02 15:53:33,15:28,1506,27.83,1.32,15498.5,1942.0,19.737,25.3,4.2561,4.3012,0,urban,coridor litoral Mamaia–Năvodari (în afara extractului OSM),,12859.7
RUTA_B,15-17,2026-04-02 15:53:34,15:28,1507,31.77,0.995,15507.4,2218.0,25.632,16.8,5.5274,5.5859,0,urban,coridor litoral Mamaia–Năvodari (în afara extractului OSM),,12864.4
RUTA_B,15-17,2026-04-02 15:53:35,15:28,1508,35.0,0.448,15517.1,2370.0,29.549,10.7,6.3721,6.4396,0,urban,coridor litoral Mamaia–Năvodari (în afara extractului OSM),,12869.9
RUTA_B,15-17,2026-04-02 15:53:36,15:28,1509,35.0,0.149,15526.8,1925.0,23.811,18.4,5.1346,5.189,0,urban,coridor litoral Mamaia–Năvodari (în afara extractului OSM),,12878.2
RUTA_B,15-17,2026-04-02 15:53:37,15:28,1510,36.07,0.537,15536.8,1707.0,21.116,24.1,4.5535,4.6018,0,urban,coridor litoral Mamaia–Năvodari (în afara extractului OSM),,12886.7
RUTA_B,15-17,2026-04-02 15:53:38,15:28,1511,38.87,0.809,15547.6,1854.0,23.324,26.5,5.0296,5.0829,0,urban,coridor litoral Mamaia–Năvodari (în afara extractului OSM),,12895.7
RUTA_B,15-17,2026-04-02 15:53:39,15:28,1512,41.9,0.865,15559.3,1990.0,25.416,28.7,5.4809,5.539,0,urban,coridor litoral Mamaia–Năvodari (în afara extractului OSM),,12904.7
RUTA_B,15-17,2026-04-02 15:53:40,15:28,1513,45.1,0.57,15571.8,2121.0,27.43,30.8,5.9152,5.9779,0,urban,coridor litoral Mamaia–Năvodari (în afara extractului OSM),,12913.8
RUTA_B,15-17,2026-04-02 15:53:41,15:28,1514,46.0,0.126,15584.6,1995.0,25.624,28.5,5.5258,5.5843,0,urban,coridor litoral Mamaia–Năvodari (în afara extractului OSM),,12919.7
RUTA_B,15-17,2026-04-02 15:53:42,15:28,1515,46.0,0.217,15597.3,1769.0,22.311,24.4,4.8112,4.8622,0,urban,coridor litoral Mamaia–Năvodari (în afara extractului OSM),,12924.3
RUTA_B,15-17,2026-04-02 15:53:43,15:28,1516,47.56,0.463,15610.6,1801.0,22.81,25.3,4.9188,4.971,0,urban,coridor litoral Mamaia–Năvodari (în afara extractului OSM),,12935.0
RUTA_B,15-17,2026-04-02 15:53:44,15:28,1517,49.33,0.485,15624.3,1870.0,23.884,26.9,5.1505,5.2051,0,urban,coridor litoral Mamaia–Năvodari (în afara extractului OSM),,12946.7
RUTA_B,15-17,2026-04-02 15:53:45,15:28,1518,51.05,0.519,15638.4,1934.0,25.045,28.0,5.401,5.4582,0,urban,coridor litoral Mamaia–Năvodari (în afara extractului OSM),,12958.6
RUTA_B,15-17,2026-04-02 15:53:46,15:28,1519,53.07,0.613,15653.2,2005.0,26.09,29.0,5.6261,5.6858,0,urban,coridor litoral Mamaia–Năvodari (în afara extractului OSM),,12971.0
RUTA_B,15-17,2026-04-02 15:53:47,15:28,1520,55.46,0.579,15668.6,2085.0,26.988,30.0,5.8198,5.8815,0,urban,coridor litoral Mamaia–Năvodari (în afara extractului OSM),,12984.1
RUTA_B,15-17,2026-04-02 15:53:48,15:28,1521,57.24,0.468,15684.5,2157.0,27.845,30.8,6.0048,6.0684,0,urban,coridor litoral Mamaia–Năvodari (în afara extractului OSM),,12991.7
RUTA_B,15-17,2026-04-02 15:53:49,15:28,1522,58.83,0.517,15700.8,2227.0,28.691,31.7,6.1871,6.2527,0,urban,coridor litoral Mamaia–Năvodari (în afara extractului OSM),,12997.7
RUTA_B,15-17,2026-04-02 15:53:50,15:28,1523,60.96,0.601,15717.8,2300.0,29.677,32.9,6.3997,6.4675,0,rural,coridor litoral Mamaia–Năvodari (în afara extractului OSM),,13010.5
RUTA_B,15-17,2026-04-02 15:53:51,15:28,1524,63.16,0.631,15735.3,2374.0,30.667,34.2,6.6132,6.6833,0,rural,coridor litoral Mamaia–Năvodari (în afara extractului OSM),,13024.1
RUTA_B,15-17,2026-04-02 15:53:52,15:28,1525,65.5,0.533,15753.5,2452.0,31.493,35.3,6.7913,6.8633,0,rural,coridor litoral Mamaia–Năvodari (în afara extractului OSM),,13038.7
RUTA_B,15-17,2026-04-02 15:53:53,15:28,1526,67.0,0.208,15772.1,2399.0,29.773,32.8,6.4205,6.4885,0,rural,coridor litoral Mamaia–Năvodari (în afara extractului OSM),,13053.6
RUTA_B,15-17,2026-04-02 15:53:54,15:28,1527,67.0,-0.051,15790.7,2115.0,23.566,23.8,5.082,5.1359,0,rural,coridor litoral Mamaia–Năvodari (în afara extractului OSM),,13069.1
RUTA_B,15-17,2026-04-02 15:53:55,15:28,1528,66.64,-0.127,15809.2,2024.0,15.72,14.8,3.39,3.4259,0,rural,coridor litoral Mamaia–Năvodari (în afara extractului OSM),,13079.2
RUTA_B,15-17,2026-04-02 15:53:56,15:28,1529,66.08,-0.289,15827.6,2034.0,7.026,5.7,1.515,1.5311,0,rural,coridor litoral Mamaia–Năvodari (în afara extractului OSM),,13086.6
RUTA_B,15-17,2026-04-02 15:53:57,15:28,1530,64.56,-0.428,15845.5,1987.0,4.844,5.8,1.0446,1.0556,0,rural,coridor litoral Mamaia–Năvodari (în afara extractului OSM),,13100.3
RUTA_B,15-17,2026-04-02 15:53:58,15:28,1531,63.0,-0.216,15863.0,1933.0,4.183,7.6,0.902,0.9115,0,rural,coridor litoral Mamaia–Năvodari (în afara extractului OSM),,13115.0
RUTA_B,15-17,2026-04-02 15:53:59,15:28,1532,63.0,-0.046,15880.5,1900.0,7.667,9.6,1.6534,1.6709,0,rural,coridor litoral Mamaia–Năvodari (în afara extractului OSM),,13128.5
RUTA_B,15-17,2026-04-02 15:54:00,15:28,1533,62.67,-0.211,15897.9,1878.0,9.22,9.8,1.9883,2.0093,0,rural,coridor litoral Mamaia–Năvodari (în afara extractului OSM),,13142.3
RUTA_B,15-17,2026-04-02 15:54:01,15:28,1534,61.48,-0.374,15915.0,1885.0,5.706,5.3,1.2304,1.2435,0,rural,coridor litoral Mamaia–Năvodari (în afara extractului OSM),,13156.5
RUTA_B,15-17,2026-04-02 15:54:02,15:28,1535,59.98,-0.445,15931.7,1842.0,3.935,3.5,0.8486,0.8576,0,urban,coridor litoral Mamaia–Năvodari (în afara extractului OSM),,13166.0
RUTA_B,15-17,2026-04-02 15:54:03,15:28,1536,58.27,-1.035,15947.8,1767.0,3.327,3.5,0.7174,0.725,0,urban,coridor litoral Mamaia–Năvodari (în afara extractului OSM),,13172.4
RUTA_B,15-17,2026-04-02 15:54:04,15:28,1537,52.52,-1.703,15962.4,1445.0,2.97,3.4,0.6404,0.6472,0,urban,coridor litoral Mamaia–Năvodari (în afara extractului OSM),,13183.6
RUTA_B,15-17,2026-04-02 15:54:05,15:28,1538,46.01,-1.601,15975.2,1076.0,2.66,3.1,0.5737,0.5798,0,urban,coridor litoral Mamaia–Năvodari (în afara extractului OSM),,13195.8
RUTA_B,15-17,2026-04-02 15:54:06,15:28,1539,40.99,-1.297,15986.6,981.0,2.755,2.9,0.594,0.6003,0,urban,coridor litoral Mamaia–Năvodari (în afara extractului OSM),,13204.2
RUTA_B,15-17,2026-04-02 15:54:07,15:28,1540,36.67,-0.829,15996.8,898.0,2.812,2.8,0.6064,0.6129,0,urban,coridor litoral Mamaia–Năvodari (în afara extractului OSM),,13212.4
RUTA_B,15-17,2026-04-02 15:54:08,15:28,1541,35.03,-0.429,16006.5,863.0,2.725,2.8,0.5876,0.5938,0,urban,coridor litoral Mamaia–Năvodari (în afara extractului OSM),,13219.9
RUTA_B,15-17,2026-04-02 15:54:09,15:28,1542,33.58,-0.359,16015.8,1012.0,3.878,3.3,0.8364,0.8452,0,urban,coridor litoral Mamaia–Năvodari (în afara extractului OSM),,13227.5
RUTA_B,15-17,2026-04-02 15:54:10,15:28,1543,32.44,-0.312,16024.9,1470.0,7.11,4.9,1.5331,1.5494,0,urban,coridor litoral Mamaia–Năvodari (în afara extractului OSM),,13235.3
RUTA_B,15-17,2026-04-02 15:54:11,15:28,1544,31.33,-0.305,16033.6,1432.0,6.544,4.7,1.4112,1.4262,0,urban,coridor litoral Mamaia–Năvodari (în afara extractului OSM),,13242.3
RUTA_B,15-17,2026-04-02 15:54:12,15:28,1545,30.24,-1.143,16042.0,1081.0,3.582,3.4,0.7724,0.7806,0,urban,coridor litoral Mamaia–Năvodari (în afara extractului OSM),,13248.6
RUTA_B,15-17,2026-04-02 15:54:13,15:28,1546,23.1,-2.219,16048.4,927.0,2.848,3.0,0.6142,0.6207,0,urban,coridor litoral Mamaia–Năvodari (în afara extractului OSM),,13251.5
RUTA_B,15-17,2026-04-02 15:54:14,15:28,1547,14.27,-2.012,16052.3,830.0,2.743,2.8,0.5915,0.5978,0,urban,coridor litoral Mamaia–Năvodari (în afara extractului OSM),,13253.4
RUTA_B,15-17,2026-04-02 15:54:15,15:28,1548,8.62,-1.476,16054.7,810.0,2.702,2.8,0.5827,0.5889,0,urban,coridor litoral Mamaia–Năvodari (în afara extractului OSM),,13255.8
RUTA_B,15-17,2026-04-02 15:54:16,15:28,1549,3.64,-0.991,16055.7,796.0,2.683,2.9,0.5785,0.5846,0,urban,coridor litoral Mamaia–Năvodari (în afara extractului OSM),,13257.8
RUTA_B,15-17,2026-04-02 15:54:17,15:28,1550,1.48,-0.48,16056.2,793.0,2.758,3.5,0.5948,0.6011,0,urban,coridor litoral Mamaia–Năvodari (în afara extractului OSM),,13258.0
RUTA_B,15-17,2026-04-02 15:54:18,15:28,1551,0.18,-0.101,16056.2,994.0,3.681,4.7,0.7937,0.8021,1,urban,coridor litoral Mamaia–Năvodari (în afara extractului OSM),,13258.2
RUTA_B,15-17,2026-04-02 15:54:19,15:28,1552,0.75,0.607,16056.4,1639.0,6.444,7.2,1.3897,1.4044,1,urban,coridor litoral Mamaia–Năvodari (în afara extractului OSM),,13258.2
RUTA_B,15-17,2026-04-02 15:54:20,15:28,1553,4.55,1.392,16057.7,1766.0,9.338,10.5,2.0138,2.0351,0,urban,coridor litoral Mamaia–Năvodari (în afara extractului OSM),,13259.6
RUTA_B,15-17,2026-04-02 15:54:21,15:28,1554,10.77,1.661,16060.7,1506.0,12.331,14.5,2.659,2.6872,0,urban,coridor litoral Mamaia–Năvodari (în afara extractului OSM),,13262.2
RUTA_B,15-17,2026-04-02 15:54:22,15:28,1555,16.51,1.553,16065.3,1807.0,10.207,10.9,2.2011,2.2245,0,urban,coridor litoral Mamaia–Năvodari (în afara extractului OSM),,13264.7
RUTA_B,15-17,2026-04-02 15:54:23,15:28,1556,21.96,0.501,16071.4,2225.0,6.888,5.5,1.4853,1.501,0,urban,coridor litoral Mamaia–Năvodari (în afara extractului OSM),,13267.4
RUTA_B,15-17,2026-04-02 15:54:24,15:28,1557,20.12,-0.378,16076.9,1773.0,5.96,6.5,1.2852,1.2988,0,urban,coridor litoral Mamaia–Năvodari (în afara extractului OSM),,13274.8
RUTA_B,15-17,2026-04-02 15:54:25,15:28,1558,19.23,-0.041,16082.3,1511.0,6.515,8.3,1.405,1.4199,0,urban,coridor litoral Mamaia–Năvodari (în afara extractului OSM),,13280.9
RUTA_B,15-17,2026-04-02 15:54:26,15:28,1559,19.83,0.481,16087.8,1553.0,9.431,11.6,2.0337,2.0553,0,urban,coridor litoral Mamaia–Năvodari (în afara extractului OSM),,13284.8
RUTA_B,15-17,2026-04-02 15:54:27,15:28,1560,22.69,0.918,16094.1,1722.0,12.117,16.0,2.6129,2.6406,0,urban,coridor litoral Mamaia–Năvodari (în afara extractului OSM),,13286.0
RUTA_B,15-17,2026-04-02 15:54:28,15:28,1561,26.44,1.347,16101.4,1940.0,14.713,20.9,3.1728,3.2065,0,urban,coridor litoral Mamaia–Năvodari (în afara extractului OSM),,13286.3
RUTA_B,15-17,2026-04-02 15:54:29,15:28,1562,32.39,1.605,16110.4,2269.0,20.381,14.5,4.3952,4.4417,0,urban,coridor litoral Mamaia–Năvodari (în afara extractului OSM),,13282.8
RUTA_B,15-17,2026-04-02 15:54:30,15:28,1563,38.0,0.779,16121.0,2529.0,24.933,7.4,5.3767,5.4337,0,urban,coridor litoral Mamaia–Năvodari (în afara extractului OSM),,13278.7
RUTA_B,15-17,2026-04-02 15:54:31,15:28,1564,38.0,-0.027,16131.6,2090.0,16.626,10.3,3.5854,3.6234,0,urban,coridor litoral Mamaia–Năvodari (în afara extractului OSM),,13275.2
RUTA_B,15-17,2026-04-02 15:54:32,15:28,1565,37.8,-0.102,16142.1,1797.0,10.503,11.8,2.2649,2.2889,0,urban,coridor litoral Mamaia–Năvodari (în afara extractului OSM),,13273.1
RUTA_B,15-17,2026-04-02 15:54:33,15:28,1566,37.26,0.053,16152.4,1755.0,8.161,11.0,1.7598,1.7785,0,urban,coridor litoral Mamaia–Năvodari (în afara extractului OSM),,13273.1
RUTA_B,15-17,2026-04-02 15:54:34,15:28,1567,38.18,0.448,16163.0,1796.0,10.521,12.0,2.2688,2.2928,0,urban,coridor litoral Mamaia–Năvodari (în afara extractului OSM),,13273.7
RUTA_B,15-17,2026-04-02 15:54:35,15:28,1568,40.49,0.453,16174.3,1917.0,17.345,14.7,3.7404,3.78,0,urban,coridor litoral Mamaia–Năvodari (în afara extractului OSM),,13274.9
RUTA_B,15-17,2026-04-02 15:54:36,15:28,1569,41.45,0.219,16185.8,1965.0,14.93,14.4,3.2195,3.2536,0,urban,coridor litoral Mamaia–Năvodari (în afara extractului OSM),,13275.5
RUTA_B,15-17,2026-04-02 15:54:37,15:28,1570,42.06,0.309,16197.5,1993.0,10.157,13.3,2.1904,2.2136,0,urban,coridor litoral Mamaia–Năvodari (în afara extractului OSM),,13276.0
RUTA_B,15-17,2026-04-02 15:54:38,15:28,1571,43.67,0.421,16209.6,2060.0,12.091,13.1,2.6074,2.635,0,urban,coridor litoral Mamaia–Năvodari (în afara extractului OSM),,13277.1
RUTA_B,15-17,2026-04-02 15:54:39,15:28,1572,45.1,0.276,16222.1,2121.0,13.362,12.8,2.8815,2.9121,0,urban,coridor litoral Mamaia–Năvodari (în afara extractului OSM),,13278.3
RUTA_B,15-17,2026-04-02 15:54:40,15:28,1573,45.66,0.125,16234.8,2154.0,11.468,11.9,2.4731,2.4993,0,urban,coridor litoral Mamaia–Năvodari (în afara extractului OSM),,13279.6
RUTA_B,15-17,2026-04-02 15:54:41,15:28,1574,46.0,0.047,16247.6,2180.0,10.33,11.4,2.2276,2.2512,0,urban,coridor litoral Mamaia–Năvodari (în afara extractului OSM),,13281.0
RUTA_B,15-17,2026-04-02 15:54:42,15:28,1575,46.0,0.045,16260.4,2197.0,10.33,11.4,2.2276,2.2512,0,urban,coridor litoral Mamaia–Năvodari (în afara extractului OSM),,13282.4
RUTA_B,15-17,2026-04-02 15:54:43,15:28,1576,46.33,0.124,16273.2,2207.0,10.111,9.8,2.1804,2.2035,0,urban,coridor litoral Mamaia–Năvodari (în afara extractului OSM),,13283.4
RUTA_B,15-17,2026-04-02 15:54:44,15:28,1577,46.9,-0.168,16286.3,2213.0,9.73,7.2,2.0982,2.1204,0,urban,coridor litoral Mamaia–Năvodari (în afara extractului OSM),,13284.2
RUTA_B,15-17,2026-04-02 15:54:45,15:28,1578,45.12,-0.547,16298.8,2151.0,6.982,5.6,1.5057,1.5216,0,urban,coridor litoral Mamaia–Năvodari (în afara extractului OSM),,13285.8
RUTA_B,15-17,2026-04-02 15:54:46,15:28,1579,42.96,-0.38,16310.7,2075.0,4.189,4.6,0.9033,0.9129,0,urban,coridor litoral Mamaia–Năvodari (în afara extractului OSM),,13287.7
RUTA_B,15-17,2026-04-02 15:54:47,15:28,1580,42.39,-0.081,16322.5,1995.0,7.123,7.7,1.5361,1.5524,0,urban,coridor litoral Mamaia–Năvodari (în afara extractului OSM),,13288.6
RUTA_B,15-17,2026-04-02 15:54:48,15:28,1581,42.37,0.158,16334.3,1965.0,9.924,11.0,2.1402,2.1628,0,urban,coridor litoral Mamaia–Năvodari (în afara extractului OSM),,13289.6
RUTA_B,15-17,2026-04-02 15:54:49,15:28,1582,43.52,0.467,16346.3,2039.0,12.446,14.9,2.6839,2.7124,0,urban,coridor litoral Mamaia–Năvodari (în afara extractului OSM),,13291.0
RUTA_B,15-17,2026-04-02 15:54:50,15:28,1583,45.73,0.721,16359.1,2160.0,16.519,18.9,3.5623,3.6,0,urban,coridor litoral Mamaia–Năvodari (în afara extractului OSM),,13291.6
RUTA_B,15-17,2026-04-02 15:54:51,15:28,1584,48.71,0.73,16372.6,2315.0,21.707,23.1,4.681,4.7306,0,urban,coridor litoral Mamaia–Năvodari (în afara extractului OSM),,13291.8
RUTA_B,15-17,2026-04-02 15:54:52,15:28,1585,50.99,0.602,16386.7,2413.0,22.21,15.5,4.7895,4.8402,0,urban,coridor litoral Mamaia–Năvodari (în afara extractului OSM),,13288.2
RUTA_B,15-17,2026-04-02 15:54:53,15:28,1586,53.05,0.361,16401.5,2474.0,22.057,7.5,4.7566,4.807,0,urban,coridor litoral Mamaia–Năvodari (în afara extractului OSM),,13283.7
RUTA_B,15-17,2026-04-02 15:54:54,15:28,1587,53.59,0.093,16416.4,2223.0,20.302,7.7,4.378,4.4244,0,urban,coridor litoral Mamaia–Năvodari (în afara extractului OSM),,13274.4
RUTA_B,15-17,2026-04-02 15:54:55,15:28,1588,53.72,-0.139,16431.3,2034.0,17.662,8.8,3.8088,3.8492,0,urban,coridor litoral Mamaia–Năvodari (în afara extractului OSM),,13264.1
RUTA_B,15-17,2026-04-02 15:54:56,15:28,1589,52.59,-0.16,16445.9,2034.0,12.328,12.5,2.6586,2.6867,0,urban,coridor litoral Mamaia–Năvodari (în afara extractului OSM),,13250.7
RUTA_B,15-17,2026-04-02 15:54:57,15:28,1590,52.57,0.16,16460.5,2038.0,10.157,14.4,2.1903,2.2135,0,urban,coridor litoral Mamaia–Năvodari (în afara extractului OSM),,13236.2
RUTA_B,15-17,2026-04-02 15:54:58,15:28,1591,53.74,0.14,16475.4,2044.0,11.398,14.2,2.458,2.484,0,urban,coridor litoral Mamaia–Năvodari (în afara extractului OSM),,13220.4
RUTA_B,15-17,2026-04-02 15:54:59,15:28,1592,53.57,-0.1,16490.3,2018.0,8.529,9.9,1.8392,1.8587,0,urban,coridor litoral Mamaia–Năvodari (în afara extractului OSM),,13211.0
RUTA_B,15-17,2026-04-02 15:55:00,15:28,1593,53.02,0.145,16505.0,1982.0,4.507,4.5,0.9719,0.9822,0,urban,coridor litoral Mamaia–Năvodari (în afara extractului OSM),,13203.4
RUTA_B,15-17,2026-04-02 15:55:01,15:28,1594,54.61,0.5,16520.2,2033.0,16.047,18.2,3.4604,3.497,0,urban,coridor litoral Mamaia–Năvodari (în afara extractului OSM),,13187.7
RUTA_B,15-17,2026-04-02 15:55:02,15:28,1595,56.62,0.774,16535.9,2102.0,26.478,30.5,5.7099,5.7704,0,urban,coridor litoral Mamaia–Năvodari (în afara extractului OSM),,13171.0
RUTA_B,15-17,2026-04-02 15:55:03,15:28,1596,60.18,0.937,16552.7,2239.0,28.652,32.4,6.1786,6.2441,0,rural,coridor litoral Mamaia–Năvodari (în afara extractului OSM),,13151.2
RUTA_B,15-17,2026-04-02 15:55:04,15:28,1597,63.36,0.829,16570.3,2365.0,30.693,34.5,6.6188,6.689,0,rural,coridor litoral Mamaia–Năvodari (în afara extractului OSM),,13131.1
RUTA_B,15-17,2026-04-02 15:55:05,15:28,1598,66.15,0.453,16588.6,2481.0,32.597,36.9,7.0295,7.104,0,rural,coridor litoral Mamaia–Năvodari (în afara extractului OSM),,13110.7
RUTA_B,15-17,2026-04-02 15:55:06,15:28,1599,66.63,-0.008,16607.1,2508.0,22.569,25.3,4.867,4.9185,0,rural,coridor litoral Mamaia–Năvodari (în afara extractului OSM),,13097.4
RUTA_B,15-17,2026-04-02 15:55:07,15:28,1600,66.09,-0.616,16625.5,2495.0,7.28,7.4,1.5699,1.5865,0,rural,coridor litoral Mamaia–Năvodari (în afara extractului OSM),,13087.3
RUTA_B,15-17,2026-04-02 15:55:08,15:28,1601,62.2,-1.187,16642.8,2339.0,4.289,4.1,0.9248,0.9346,0,rural,coridor litoral Mamaia–Năvodari (în afara extractului OSM),,13068.9
RUTA_B,15-17,2026-04-02 15:55:09,15:28,1602,57.55,-1.371,16658.8,2181.0,3.888,3.9,0.8384,0.8473,0,urban,coridor litoral Mamaia–Năvodari (în afara extractului OSM),,13049.1
RUTA_B,15-17,2026-04-02 15:55:10,15:28,1603,52.33,-1.407,16673.3,2309.0,3.865,4.2,0.8334,0.8423,0,urban,coridor litoral Mamaia–Năvodari (în afara extractului OSM),,13032.2
RUTA_B,15-17,2026-04-02 15:55:11,15:28,1604,47.42,-1.287,16686.5,2308.0,3.83,4.2,0.826,0.8347,0,urban,coridor litoral Mamaia–Năvodari (în afara extractului OSM),,13017.0
RUTA_B,15-17,2026-04-02 15:55:12,15:28,1605,43.06,-1.405,16698.4,2083.0,3.776,4.0,0.8142,0.8228,0,urban,coridor litoral Mamaia–Năvodari (în afara extractului OSM),,13004.7
RUTA_B,15-17,2026-04-02 15:55:13,15:28,1606,37.3,-1.772,16708.8,1706.0,3.621,3.7,0.7808,0.789,0,urban,coridor litoral Mamaia–Năvodari (în afara extractului OSM),,12996.2
RUTA_B,15-17,2026-04-02 15:55:14,15:28,1607,30.3,-1.336,16717.2,1193.0,3.376,3.2,0.7279,0.7356,0,urban,coridor litoral Mamaia–Năvodari (în afara extractului OSM),,12991.3
RUTA_B,15-17,2026-04-02 15:55:15,15:28,1608,27.68,-0.588,16724.9,994.0,3.207,3.1,0.6916,0.6989,0,urban,coridor litoral Mamaia–Năvodari (în afara extractului OSM),,12985.1
RUTA_B,15-17,2026-04-02 15:55:16,15:28,1609,26.07,-0.234,16732.1,867.0,3.056,3.1,0.6591,0.666,0,urban,coridor litoral Mamaia–Năvodari (în afara extractului OSM),,12978.6
RUTA_B,15-17,2026-04-02 15:55:17,15:28,1610,26.0,-0.009,16739.4,846.0,2.988,3.1,0.6443,0.6511,0,urban,coridor litoral Mamaia–Năvodari (în afara extractului OSM),,12976.3
RUTA_B,15-17,2026-04-02 15:55:18,15:28,1611,26.0,0.0,16746.6,833.0,2.945,3.1,0.635,0.6417,0,urban,coridor litoral Mamaia–Năvodari (în afara extractului OSM),,12976.0
RUTA_B,15-17,2026-04-02 15:55:19,15:28,1612,26.0,0.0,16753.8,832.0,2.961,3.1,0.6386,0.6454,0,urban,coridor litoral Mamaia–Năvodari (în afara extractului OSM),,12980.6
RUTA_B,15-17,2026-04-02 15:55:20,15:28,1613,26.0,0.0,16761.0,1134.0,4.977,5.0,1.0733,1.0846,0,urban,coridor litoral Mamaia–Năvodari (în afara extractului OSM),,12987.0
RUTA_B,15-17,2026-04-02 15:55:21,15:28,1614,26.0,0.16,16768.2,1750.0,9.048,8.6,1.9511,1.9718,0,urban,coridor litoral Mamaia–Năvodari (în afara extractului OSM),,12995.3
RUTA_B,15-17,2026-04-02 15:55:22,15:28,1615,27.15,0.393,16775.8,1988.0,13.204,13.9,2.8475,2.8776,0,urban,coridor litoral Mamaia–Năvodari (în afara extractului OSM),,13000.7
RUTA_B,15-17,2026-04-02 15:55:23,15:28,1616,28.83,0.184,16783.8,2054.0,17.4,19.8,3.7523,3.7921,0,urban,coridor litoral Mamaia–Năvodari (în afara extractului OSM),,13004.7
RUTA_B,15-17,2026-04-02 15:55:24,15:28,1617,28.48,-0.228,16791.7,1569.0,10.268,11.5,2.2142,2.2376,0,urban,coridor litoral Mamaia–Năvodari (în afara extractului OSM),,13013.4
RUTA_B,15-17,2026-04-02 15:55:25,15:28,1618,27.19,-0.79,16799.3,1107.0,3.385,3.5,0.7299,0.7376,0,urban,coridor litoral Mamaia–Năvodari (în afara extractului OSM),,13022.3
RUTA_B,15-17,2026-04-02 15:55:26,15:28,1619,22.78,-1.39,16805.6,1014.0,3.192,3.3,0.6883,0.6956,0,urban,coridor litoral Mamaia–Năvodari (în afara extractului OSM),,13029.7
RUTA_B,15-17,2026-04-02 15:55:27,15:28,1620,17.18,-1.84,16810.4,898.0,2.977,3.1,0.6421,0.6489,0,urban,coridor litoral Mamaia–Năvodari (în afara extractului OSM),,13035.6
RUTA_B,15-17,2026-04-02 15:55:28,15:28,1621,9.53,-1.553,16813.0,742.0,2.726,3.1,0.5879,0.5941,0,urban,coridor litoral Mamaia–Năvodari (în afara extractului OSM),,13038.8
RUTA_B,15-17,2026-04-02 15:55:29,15:28,1622,6.0,-0.491,16814.7,1141.0,5.364,4.4,1.1568,1.1691,0,urban,coridor litoral Mamaia–Năvodari (în afara extractului OSM),,13040.7
RUTA_B,15-17,2026-04-02 15:55:30,15:28,1623,6.0,0.055,16816.3,2017.0,10.484,6.7,2.2609,2.2848,0,urban,coridor litoral Mamaia–Năvodari (în afara extractului OSM),,13041.4
RUTA_B,15-17,2026-04-02 15:55:31,15:28,1624,6.4,0.135,16818.1,1883.0,10.926,8.2,2.3561,2.3811,0,urban,coridor litoral Mamaia–Năvodari (în afara extractului OSM),,13042.2
RUTA_B,15-17,2026-04-02 15:55:32,15:28,1625,6.97,0.159,16820.1,1317.0,9.363,9.4,2.0191,2.0405,0,urban,coridor litoral Mamaia–Năvodari (în afara extractului OSM),,13043.0
RUTA_B,15-17,2026-04-02 15:55:33,15:28,1626,7.54,0.013,16822.2,1328.0,8.482,7.1,1.8291,1.8484,0,urban,coridor litoral Mamaia–Năvodari (în afara extractului OSM),,13045.7
RUTA_B,15-17,2026-04-02 15:55:34,15:28,1627,7.06,-0.707,16824.1,1320.0,7.28,4.9,1.5699,1.5865,0,urban,coridor litoral Mamaia–Năvodari (în afara extractului OSM),,13048.2
RUTA_B,15-17,2026-04-02 15:55:35,15:28,1628,2.45,-0.981,16824.8,1110.0,4.669,4.0,1.0069,1.0175,0,urban,coridor litoral Mamaia–Năvodari (în afara extractului OSM),,13049.7
RUTA_B,15-17,2026-04-02 15:55:36,15:28,1629,0.0,-0.341,16824.8,945.0,3.213,4.3,0.6929,0.7003,1,urban,coridor litoral Mamaia–Năvodari (în afara extractului OSM),,13050.6
RUTA_B,15-17,2026-04-02 15:55:37,15:28,1630,0.0,0.232,16824.8,830.0,3.071,5.8,0.6622,0.6692,1,urban,coridor litoral Mamaia–Năvodari (în afara extractului OSM),,13050.8
RUTA_B,15-17,2026-04-02 15:55:38,15:28,1631,1.67,0.556,16825.3,869.0,4.214,6.3,0.9088,0.9184,0,urban,coridor litoral Mamaia–Năvodari (în afara extractului OSM),,13050.8
RUTA_B,15-17,2026-04-02 15:55:39,15:28,1632,4.0,0.324,16826.4,971.0,5.866,6.3,1.2651,1.2785,0,urban,coridor litoral Mamaia–Năvodari (în afara extractului OSM),,13050.8
RUTA_B,15-17,2026-04-02 15:55:40,15:28,1633,4.0,0.019,16827.5,1003.0,4.647,4.9,1.0021,1.0127,0,urban,coridor litoral Mamaia–Năvodari (în afara extractului OSM),,13050.8
RUTA_B,15-17,2026-04-02 15:55:41,15:28,1634,4.14,0.096,16828.6,1030.0,3.901,4.0,0.8412,0.8501,0,urban,coridor litoral Mamaia–Năvodari (în afara extractului OSM),,13050.8
RUTA_B,15-17,2026-04-02 15:55:42,15:28,1635,4.69,0.011,16829.9,1041.0,4.589,4.5,0.9897,1.0001,0,urban,coridor litoral Mamaia–Năvodari (în afara extractului OSM),,13050.8
RUTA_B,15-17,2026-04-02 15:55:43,15:28,1636,4.22,-0.308,16831.1,1031.0,4.544,4.4,0.9798,0.9902,0,urban,coridor litoral Mamaia–Năvodari (în afara extractului OSM),,13050.8
RUTA_B,15-17,2026-04-02 15:55:44,15:28,1637,2.47,-0.308,16831.8,993.0,3.589,3.7,0.7741,0.7823,0,urban,coridor litoral Mamaia–Năvodari (în afara extractului OSM),,13050.8
RUTA_B,15-17,2026-04-02 15:55:45,15:28,1638,2.0,-0.066,16832.3,1030.0,3.747,3.7,0.8079,0.8165,0,urban,coridor litoral Mamaia–Năvodari (în afara extractului OSM),,13050.8
RUTA_B,15-17,2026-04-02 15:55:46,15:28,1639,2.0,-0.041,16832.9,1095.0,4.319,3.8,0.9314,0.9412,0,urban,coridor litoral Mamaia–Năvodari (în afara extractului OSM),,13050.8
RUTA_B,15-17,2026-04-02 15:55:47,15:28,1640,1.7,-0.143,16833.4,1132.0,4.758,4.0,1.026,1.0369,0,urban,coridor litoral Mamaia–Năvodari (în afara extractului OSM),,13050.8
RUTA_B,15-17,2026-04-02 15:55:48,15:28,1641,0.97,-0.204,16833.6,1128.0,5.0,4.1,1.0783,1.0897,1,urban,coridor litoral Mamaia–Năvodari (în afara extractului OSM),,13050.8
RUTA_B,15-17,2026-04-02 15:55:49,15:28,1642,0.23,-0.135,16833.7,1124.0,5.243,4.3,1.1306,1.1426,1,urban,coridor litoral Mamaia–Năvodari (în afara extractului OSM),,13050.8
RUTA_B,15-17,2026-04-02 15:55:50,15:28,1643,0.0,-0.032,16833.7,1072.0,4.774,4.0,1.0295,1.0404,1,urban,coridor litoral Mamaia–Năvodari (în afara extractului OSM),,13050.8
RUTA_B,15-17,2026-04-02 15:55:51,15:28,1644,0.0,0.0,16833.7,997.0,3.973,3.5,0.8568,0.8659,1,urban,coridor litoral Mamaia–Năvodari (în afara extractului OSM),,13050.8
RUTA_B,15-17,2026-04-02 15:55:52,15:28,1645,0.0,0.0,16833.7,926.0,3.254,3.1,0.7017,0.7092,1,urban,coridor litoral Mamaia–Năvodari (în afara extractului OSM),,13050.8
RUTA_B,15-17,2026-04-02 15:55:53,15:28,1646,0.0,0.0,16833.7,886.0,3.123,3.1,0.6735,0.6807,1,urban,coridor litoral Mamaia–Năvodari (în afara extractului OSM),,13050.8
RUTA_B,15-17,2026-04-02 15:55:54,15:28,1647,0.0,0.0,16833.7,845.0,2.993,3.1,0.6454,0.6522,1,urban,coridor litoral Mamaia–Năvodari (în afara extractului OSM),,13050.8
RUTA_B,15-17,2026-04-02 15:55:55,15:28,1648,0.0,0.0,16833.7,825.0,2.924,3.1,0.6306,0.6373,1,urban,coridor litoral Mamaia–Năvodari (în afara extractului OSM),,13050.8
RUTA_B,15-17,2026-04-02 15:55:56,15:28,1649,0.0,0.0,16833.7,819.0,2.898,3.1,0.6249,0.6315,1,urban,coridor litoral Mamaia–Năvodari (în afara extractului OSM),,13050.8
RUTA_B,15-17,2026-04-02 15:55:57,15:28,1650,0.0,0.0,16833.7,813.0,2.871,3.1,0.6192,0.6257,1,urban,coridor litoral Mamaia–Năvodari (în afara extractului OSM),,13050.8
RUTA_B,15-17,2026-04-02 15:55:58,15:28,1651,0.0,0.0,16833.7,818.0,2.845,2.9,0.6134,0.6199,1,urban,coridor litoral Mamaia–Năvodari (în afara extractului OSM),,13050.8
RUTA_B,15-17,2026-04-02 15:55:59,15:28,1652,0.0,0.0,16833.7,824.0,2.819,2.8,0.6078,0.6143,1,urban,coridor litoral Mamaia–Năvodari (în afara extractului OSM),,13050.8
RUTA_B,15-17,2026-04-02 15:56:00,15:28,1653,0.0,0.0,16833.7,818.0,2.801,2.8,0.604,0.6104,1,urban,coridor litoral Mamaia–Năvodari (în afara extractului OSM),,13050.8
RUTA_B,15-17,2026-04-02 15:56:01,15:28,1654,0.0,0.0,16833.7,815.0,2.782,2.8,0.5999,0.6062,1,urban,coridor litoral Mamaia–Năvodari (în afara extractului OSM),,13050.8
RUTA_B,15-17,2026-04-02 15:56:02,15:28,1655,0.0,0.0,16833.7,817.0,2.759,2.8,0.595,0.6013,1,urban,coridor litoral Mamaia–Năvodari (în afara extractului OSM),,13050.8
RUTA_B,15-17,2026-04-02 15:56:03,15:28,1656,0.0,0.0,16833.7,819.0,2.74,2.8,0.5908,0.5971,1,urban,coridor litoral Mamaia–Năvodari (în afara extractului OSM),,13050.8
RUTA_B,15-17,2026-04-02 15:56:04,15:28,1657,0.0,0.0,16833.7,821.0,2.722,2.8,0.587,0.5933,1,urban,coridor litoral Mamaia–Năvodari (în afara extractului OSM),,13050.8
RUTA_B,15-17,2026-04-02 15:56:05,15:28,1658,0.0,0.0,16833.7,820.0,2.72,2.8,0.5866,0.5928,1,urban,coridor litoral Mamaia–Năvodari (în afara extractului OSM),,13050.8
RUTA_B,15-17,2026-04-02 15:56:06,15:28,1659,0.0,0.0,16833.7,818.0,2.717,2.8,0.5859,0.5921,1,urban,coridor litoral Mamaia–Năvodari (în afara extractului OSM),,13050.8
RUTA_B,15-17,2026-04-02 15:56:07,15:28,1660,0.0,0.0,16833.7,814.0,2.688,2.8,0.5797,0.5858,1,urban,coridor litoral Mamaia–Năvodari (în afara extractului OSM),,13050.8
RUTA_B,15-17,2026-04-02 15:56:08,15:28,1661,0.0,0.0,16833.7,815.0,2.668,2.8,0.5753,0.5814,1,urban,coridor litoral Mamaia–Năvodari (în afara extractului OSM),,13050.8
RUTA_B,15-17,2026-04-02 15:56:09,15:28,1662,0.0,0.0,16833.7,824.0,2.662,2.8,0.574,0.5801,1,urban,coridor litoral Mamaia–Năvodari (în afara extractului OSM),,13050.8
RUTA_B,15-17,2026-04-02 15:56:10,15:28,1663,0.0,0.0,16833.7,814.0,2.648,2.8,0.571,0.5771,1,urban,coridor litoral Mamaia–Năvodari (în afara extractului OSM),,13050.8
RUTA_B,15-17,2026-04-02 15:56:11,15:28,1664,0.0,0.0,16833.7,798.0,2.632,2.8,0.5675,0.5735,1,urban,coridor litoral Mamaia–Năvodari (în afara extractului OSM),,13050.8
RUTA_B,15-17,2026-04-02 15:56:12,15:28,1665,0.0,0.0,16833.7,806.0,2.645,2.8,0.5704,0.5765,1,urban,coridor litoral Mamaia–Năvodari (în afara extractului OSM),,13050.8
RUTA_B,15-17,2026-04-02 15:56:13,15:28,1666,0.0,0.0,16833.7,816.0,2.652,2.8,0.5718,0.5779,1,urban,coridor litoral Mamaia–Năvodari (în afara extractului OSM),,13050.8
RUTA_B,15-17,2026-04-02 15:56:14,15:28,1667,0.0,0.0,16833.7,812.0,2.586,2.8,0.5577,0.5636,1,urban,coridor litoral Mamaia–Năvodari (în afara extractului OSM),,13050.8
RUTA_B,15-17,2026-04-02 15:56:15,15:28,1668,0.0,0.0,16833.7,806.0,2.555,2.8,0.551,0.5568,1,urban,coridor litoral Mamaia–Năvodari (în afara extractului OSM),,13050.8
RUTA_B,15-17,2026-04-02 15:56:16,15:28,1669,0.0,0.0,16833.7,798.0,2.566,2.8,0.5534,0.5592,1,urban,coridor litoral Mamaia–Năvodari (în afara extractului OSM),,13050.8
RUTA_B,15-17,2026-04-02 15:56:17,15:28,1670,0.0,0.0,16833.7,799.0,2.588,2.8,0.5582,0.5641,1,urban,coridor litoral Mamaia–Năvodari (în afara extractului OSM),,13050.8
RUTA_B,15-17,2026-04-02 15:56:18,15:28,1671,0.0,0.0,16833.7,807.0,2.617,2.8,0.5644,0.5703,1,urban,coridor litoral Mamaia–Năvodari (în afara extractului OSM),,13050.8
RUTA_B,15-17,2026-04-02 15:56:19,15:28,1672,0.0,0.0,16833.7,808.0,2.605,2.8,0.5617,0.5676,1,urban,coridor litoral Mamaia–Năvodari (în afara extractului OSM),,13050.8
RUTA_B,15-17,2026-04-02 15:56:20,15:28,1673,0.0,0.0,16833.7,807.0,2.584,2.8,0.5573,0.5632,1,urban,coridor litoral Mamaia–Năvodari (în afara extractului OSM),,13050.8
RUTA_B,15-17,2026-04-02 15:56:21,15:28,1674,0.0,0.0,16833.7,804.0,2.548,2.8,0.5495,0.5553,1,urban,coridor litoral Mamaia–Năvodari (în afara extractului OSM),,13050.8
RUTA_B,15-17,2026-04-02 15:56:22,15:28,1675,0.0,0.0,16833.7,801.0,2.542,2.8,0.5481,0.5539,1,urban,coridor litoral Mamaia–Năvodari (în afara extractului OSM),,13050.8
RUTA_B,15-17,2026-04-02 15:56:23,15:28,1676,0.0,0.0,16833.7,798.0,2.565,2.8,0.5531,0.5589,1,urban,coridor litoral Mamaia–Năvodari (în afara extractului OSM),,13050.8
RUTA_B,15-17,2026-04-02 15:56:24,15:28,1677,0.0,0.0,16833.7,800.0,2.565,2.8,0.5532,0.5591,1,urban,coridor litoral Mamaia–Năvodari (în afara extractului OSM),,13050.8
RUTA_B,15-17,2026-04-02 15:56:25,15:28,1678,0.0,0.0,16833.7,803.0,2.558,2.8,0.5517,0.5575,1,urban,coridor litoral Mamaia–Năvodari (în afara extractului OSM),,13050.8
RUTA_B,15-17,2026-04-02 15:56:26,15:28,1679,0.0,0.0,16833.7,804.0,2.532,2.8,0.546,0.5517,1,urban,coridor litoral Mamaia–Năvodari (în afara extractului OSM),,13050.8
RUTA_B,15-17,2026-04-02 15:56:27,15:28,1680,0.0,0.0,16833.7,804.0,2.51,2.8,0.5413,0.547,1,urban,coridor litoral Mamaia–Năvodari (în afara extractului OSM),,13050.8
RUTA_B,15-17,2026-04-02 15:56:28,15:28,1681,0.0,0.0,16833.7,805.0,2.51,2.8,0.5413,0.547,1,urban,coridor litoral Mamaia–Năvodari (în afara extractului OSM),,13050.8
RUTA_B,15-17,2026-04-02 15:56:29,15:28,1682,0.0,0.0,16833.7,804.0,2.497,2.7,0.5384,0.5441,1,urban,coridor litoral Mamaia–Năvodari (în afara extractului OSM),,13050.8
RUTA_B,15-17,2026-04-02 15:56:30,15:28,1683,0.0,0.0,16833.7,801.0,2.457,2.4,0.5299,0.5356,1,urban,coridor litoral Mamaia–Năvodari (în afara extractului OSM),,13050.8
RUTA_B,15-17,2026-04-02 15:56:31,15:28,1684,0.0,0.0,16833.7,800.0,2.453,2.4,0.5289,0.5345,1,urban,coridor litoral Mamaia–Năvodari (în afara extractului OSM),,13050.8
RUTA_B,15-17,2026-04-02 15:56:32,15:28,1685,0.0,0.0,16833.7,800.0,2.475,2.4,0.5338,0.5395,1,urban,coridor litoral Mamaia–Năvodari (în afara extractului OSM),,13050.8
RUTA_B,15-17,2026-04-02 15:56:33,15:28,1686,0.0,0.0,16833.7,804.0,2.497,2.4,0.5385,0.5442,1,urban,coridor litoral Mamaia–Năvodari (în afara extractului OSM),,13050.8
RUTA_B,15-17,2026-04-02 15:56:34,15:28,1687,0.0,0.0,16833.7,808.0,2.519,2.4,0.5431,0.5489,1,urban,coridor litoral Mamaia–Năvodari (în afara extractului OSM),,13050.8
RUTA_B,15-17,2026-04-02 15:56:35,15:28,1688,0.0,0.0,16833.7,800.0,2.487,2.4,0.5363,0.542,1,urban,coridor litoral Mamaia–Năvodari (în afara extractului OSM),,13050.8
RUTA_B,15-17,2026-04-02 15:56:36,15:28,1689,0.0,0.0,16833.7,794.0,2.463,2.4,0.5311,0.5367,1,urban,coridor litoral Mamaia–Năvodari (în afara extractului OSM),,13050.8
RUTA_B,15-17,2026-04-02 15:56:37,15:28,1690,0.0,0.0,16833.7,800.0,2.475,2.4,0.5338,0.5394,1,urban,coridor litoral Mamaia–Năvodari (în afara extractului OSM),,13050.8
RUTA_B,15-17,2026-04-02 15:56:38,15:28,1691,0.0,0.0,16833.7,804.0,2.487,2.4,0.5364,0.542,1,urban,coridor litoral Mamaia–Năvodari (în afara extractului OSM),,13050.8
RUTA_B,15-17,2026-04-02 15:56:39,15:28,1692,0.0,0.0,16833.7,806.0,2.499,2.4,0.5389,0.5446,1,urban,coridor litoral Mamaia–Năvodari (în afara extractului OSM),,13050.8
RUTA_B,15-17,2026-04-02 15:56:40,15:28,1693,0.0,0.0,16833.7,802.0,2.489,2.4,0.5368,0.5425,1,urban,coridor litoral Mamaia–Năvodari (în afara extractului OSM),,13050.8
RUTA_B,15-17,2026-04-02 15:56:41,15:28,1694,0.0,0.0,16833.7,798.0,2.472,2.4,0.5331,0.5387,1,urban,coridor litoral Mamaia–Năvodari (în afara extractului OSM),,13050.8
RUTA_B,15-17,2026-04-02 15:56:42,15:28,1695,0.0,0.0,16833.7,793.0,2.433,2.6,0.5246,0.5302,1,urban,coridor litoral Mamaia–Năvodari (în afara extractului OSM),,13050.8
RUTA_B,15-17,2026-04-02 15:56:43,15:28,1696,0.0,0.0,16833.7,793.0,2.417,2.7,0.5212,0.5267,1,urban,coridor litoral Mamaia–Năvodari (în afara extractului OSM),,13050.8
RUTA_B,15-17,2026-04-02 15:56:44,15:28,1697,0.0,0.0,16833.7,800.0,2.434,2.4,0.5248,0.5304,1,urban,coridor litoral Mamaia–Năvodari (în afara extractului OSM),,13050.8
RUTA_B,15-17,2026-04-02 15:56:45,15:28,1698,0.0,0.0,16833.7,606.0,1.852,1.7,0.3995,0.4037,1,urban,coridor litoral Mamaia–Năvodari (în afara extractului OSM),,13050.8
RUTA_B,15-17,2026-04-02 15:56:46,15:28,1699,0.0,0.0,16833.7,294.0,0.921,0.8,0.1986,0.2008,1,urban,coridor litoral Mamaia–Năvodari (în afara extractului OSM),,13050.8
RUTA_B,15-17,2026-04-02 15:56:47,15:28,1700,0.0,0.0,16833.7,119.0,1.264,1.2,0.2726,0.2755,1,urban,coridor litoral Mamaia–Năvodari (în afara extractului OSM),,13050.8
RUTA_B,15-17,2026-04-02 15:56:48,15:28,1701,0.0,0.0,16833.7,0.0,1.51,1.6,0.3256,0.3291,1,urban,coridor litoral Mamaia–Năvodari (în afara extractului OSM),,13050.8
RUTA_B,15-17,2026-04-02 15:56:49,15:28,1702,0.0,0.0,16833.7,0.0,1.51,1.6,0.3256,0.3291,1,urban,coridor litoral Mamaia–Năvodari (în afara extractului OSM),,13050.8
RUTA_B,15-17,2026-04-02 15:56:50,15:28,1703,0.0,0.0,16833.7,0.0,1.51,1.6,0.3256,0.3291,1,urban,coridor litoral Mamaia–Năvodari (în afara extractului OSM),,13050.8
RUTA_B,15-17,2026-04-02 15:56:51,15:28,1704,0.0,0.0,16833.7,0.0,1.51,1.6,0.3256,0.3291,1,urban,coridor litoral Mamaia–Năvodari (în afara extractului OSM),,13050.8
RUTA_B,15-17,2026-04-02 15:56:52,15:28,1705,0.0,0.0,16833.7,0.0,1.51,1.6,0.3256,0.3291,1,urban,coridor litoral Mamaia–Năvodari (în afara extractului OSM),,13050.8
RUTA_B,15-17,2026-04-02 15:56:53,15:28,1706,0.0,0.0,16833.7,0.0,1.51,1.6,0.3256,0.3291,1,urban,coridor litoral Mamaia–Năvodari (în afara extractului OSM),,13050.8
RUTA_B,15-17,2026-04-02 15:56:54,15:28,1707,0.0,0.0,16833.7,0.0,1.51,1.6,0.3256,0.3291,1,urban,coridor litoral Mamaia–Năvodari (în afara extractului OSM),,13050.8
RUTA_B,15-17,2026-04-02 16:02:47,16:02,1708,0.0,0.0,16833.7,1223.0,1.51,1.6,0.3256,0.3291,1,urban,coridor litoral Mamaia–Năvodari (în afara extractului OSM),,13050.8
RUTA_B,15-17,2026-04-02 16:02:48,16:02,1709,0.0,0.0,16833.7,1077.0,2.455,2.2,0.5294,0.535,1,urban,coridor litoral Mamaia–Năvodari (în afara extractului OSM),,13050.8
RUTA_B,15-17,2026-04-02 16:02:49,16:02,1710,0.0,0.0,16833.7,933.0,3.356,2.8,0.7237,0.7314,1,urban,coridor litoral Mamaia–Năvodari (în afara extractului OSM),,13050.8
RUTA_B,15-17,2026-04-02 16:02:50,16:02,1711,0.0,0.0,16833.7,860.0,2.924,2.8,0.6304,0.6371,1,urban,coridor litoral Mamaia–Năvodari (în afara extractului OSM),,13050.8
RUTA_B,15-17,2026-04-02 16:02:51,16:02,1712,0.0,0.0,16833.7,803.0,2.592,2.8,0.559,0.565,1,urban,coridor litoral Mamaia–Năvodari (în afara extractului OSM),,13050.8
RUTA_B,15-17,2026-04-02 16:02:52,16:02,1713,0.0,0.0,16833.7,809.0,2.652,2.8,0.572,0.5781,1,urban,coridor litoral Mamaia–Năvodari (în afara extractului OSM),,13050.8
RUTA_B,15-17,2026-04-02 16:02:53,16:02,1714,0.0,0.0,16833.7,810.0,2.694,2.8,0.581,0.5872,1,urban,coridor litoral Mamaia–Năvodari (în afara extractului OSM),,13050.8
RUTA_B,15-17,2026-04-02 16:02:54,16:02,1715,0.0,0.0,16833.7,804.0,2.706,2.8,0.5836,0.5897,1,urban,coridor litoral Mamaia–Năvodari (în afara extractului OSM),,13050.8
RUTA_B,15-17,2026-04-02 16:02:55,16:02,1716,0.0,0.0,16833.7,801.0,2.691,2.8,0.5802,0.5864,1,urban,coridor litoral Mamaia–Năvodari (în afara extractului OSM),,13050.8
RUTA_B,15-17,2026-04-02 16:02:56,16:02,1717,0.0,0.0,16833.7,799.0,2.662,2.8,0.574,0.58,1,urban,coridor litoral Mamaia–Năvodari (în afara extractului OSM),,13050.8
RUTA_B,15-17,2026-04-02 16:02:57,16:02,1718,0.0,0.0,16833.7,801.0,2.66,2.8,0.5736,0.5797,1,urban,coridor litoral Mamaia–Năvodari (în afara extractului OSM),,13050.8
RUTA_B,15-17,2026-04-02 16:02:58,16:02,1719,0.0,0.0,16833.7,801.0,2.657,2.8,0.573,0.5791,1,urban,coridor litoral Mamaia–Năvodari (în afara extractului OSM),,13050.8
RUTA_B,15-17,2026-04-02 16:02:59,16:02,1720,0.0,0.0,16833.7,796.0,2.647,2.8,0.5707,0.5768,1,urban,coridor litoral Mamaia–Năvodari (în afara extractului OSM),,13050.8
RUTA_B,15-17,2026-04-02 16:03:00,16:02,1721,0.0,0.0,16833.7,792.0,2.652,2.8,0.5719,0.578,1,urban,coridor litoral Mamaia–Năvodari (în afara extractului OSM),,13050.8
RUTA_B,15-17,2026-04-02 16:03:01,16:02,1722,0.0,0.0,16833.7,794.0,2.686,2.8,0.5792,0.5853,1,urban,coridor litoral Mamaia–Năvodari (în afara extractului OSM),,13050.8
RUTA_B,15-17,2026-04-02 16:03:02,16:02,1723,0.0,0.0,16833.7,802.0,2.67,2.8,0.5759,0.582,1,urban,coridor litoral Mamaia–Năvodari (în afara extractului OSM),,13050.8
RUTA_B,15-17,2026-04-02 16:03:03,16:02,1724,0.0,0.0,16833.7,814.0,2.619,2.8,0.5649,0.5708,1,urban,coridor litoral Mamaia–Năvodari (în afara extractului OSM),,13050.8
RUTA_B,15-17,2026-04-02 16:03:04,16:02,1725,0.0,0.0,16833.7,821.0,2.582,2.8,0.5568,0.5627,1,urban,coridor litoral Mamaia–Năvodari (în afara extractului OSM),,13050.8
RUTA_B,15-17,2026-04-02 16:03:05,16:02,1726,0.0,0.0,16833.7,826.0,2.548,2.8,0.5494,0.5553,1,urban,coridor litoral Mamaia–Năvodari (în afara extractului OSM),,13050.8
RUTA_B,15-17,2026-04-02 16:03:06,16:02,1727,0.0,0.0,16833.7,820.0,2.519,2.8,0.5433,0.549,1,urban,coridor litoral Mamaia–Năvodari (în afara extractului OSM),,13050.8
RUTA_B,15-17,2026-04-02 16:03:07,16:02,1728,0.0,0.0,16833.7,814.0,2.506,2.8,0.5403,0.546,1,urban,coridor litoral Mamaia–Năvodari (în afara extractului OSM),,13050.8
RUTA_B,15-17,2026-04-02 16:03:08,16:02,1729,0.0,0.0,16833.7,810.0,2.523,2.8,0.544,0.5498,1,urban,coridor litoral Mamaia–Năvodari (în afara extractului OSM),,13050.8
RUTA_B,15-17,2026-04-02 16:03:09,16:02,1730,0.0,0.0,16833.7,810.0,2.524,2.6,0.5442,0.55,1,urban,coridor litoral Mamaia–Năvodari (în afara extractului OSM),,13050.8
RUTA_B,15-17,2026-04-02 16:03:10,16:02,1731,0.0,0.0,16833.7,814.0,2.513,2.4,0.5418,0.5476,1,urban,coridor litoral Mamaia–Năvodari (în afara extractului OSM),,13050.8
RUTA_B,15-17,2026-04-02 16:03:11,16:02,1732,0.0,0.0,16833.7,814.0,2.506,2.5,0.5403,0.5461,1,urban,coridor litoral Mamaia–Năvodari (în afara extractului OSM),,13050.8
RUTA_B,15-17,2026-04-02 16:03:12,16:02,1733,0.0,0.0,16833.7,811.0,2.5,2.7,0.5391,0.5448,1,urban,coridor litoral Mamaia–Năvodari (în afara extractului OSM),,13050.8
RUTA_B,15-17,2026-04-02 16:03:13,16:02,1734,0.0,0.0,16833.7,821.0,2.483,2.5,0.5354,0.5411,1,urban,coridor litoral Mamaia–Năvodari (în afara extractului OSM),,13050.8
RUTA_B,15-17,2026-04-02 16:03:14,16:02,1735,0.0,0.0,16833.7,825.0,2.462,2.4,0.531,0.5366,1,urban,coridor litoral Mamaia–Năvodari (în afara extractului OSM),,13050.8
RUTA_B,15-17,2026-04-02 16:03:15,16:02,1736,0.0,0.0,16833.7,810.0,2.433,2.4,0.5246,0.5301,1,urban,coridor litoral Mamaia–Năvodari (în afara extractului OSM),,13050.8
RUTA_B,15-17,2026-04-02 16:03:16,16:02,1737,0.0,0.0,16833.7,799.0,2.417,2.5,0.5212,0.5267,1,urban,coridor litoral Mamaia–Năvodari (în afara extractului OSM),,13050.8
RUTA_B,15-17,2026-04-02 16:03:17,16:02,1738,0.0,0.0,16833.7,791.0,2.411,2.7,0.52,0.5255,1,urban,coridor litoral Mamaia–Năvodari (în afara extractului OSM),,13050.8
RUTA_B,15-17,2026-04-02 16:03:18,16:02,1739,0.0,0.0,16833.7,793.0,2.446,2.6,0.5274,0.533,1,urban,coridor litoral Mamaia–Năvodari (în afara extractului OSM),,13050.8
RUTA_B,15-17,2026-04-02 16:03:19,16:02,1740,0.0,0.0,16833.7,797.0,2.492,2.4,0.5374,0.5431,1,urban,coridor litoral Mamaia–Năvodari (în afara extractului OSM),,13050.8
RUTA_B,15-17,2026-04-02 16:03:20,16:02,1741,0.0,0.063,16833.7,806.0,2.572,4.2,0.5545,0.5604,1,urban,coridor litoral Mamaia–Năvodari (în afara extractului OSM),,13050.8
RUTA_B,15-17,2026-04-02 16:03:21,16:02,1742,0.45,0.301,16833.8,863.0,2.784,5.7,0.6004,0.6068,1,urban,coridor litoral Mamaia–Năvodari (în afara extractului OSM),,13050.8
RUTA_B,15-17,2026-04-02 16:03:22,16:02,1743,2.16,0.665,16834.4,1058.0,3.366,6.3,0.7259,0.7336,0,urban,coridor litoral Mamaia–Năvodari (în afara extractului OSM),,13050.8
RUTA_B,15-17,2026-04-02 16:03:23,16:02,1744,5.24,1.034,16835.9,1151.0,4.635,7.4,0.9995,1.0101,0,urban,coridor litoral Mamaia–Năvodari (în afara extractului OSM),,13050.7
RUTA_B,15-17,2026-04-02 16:03:24,16:02,1745,9.61,0.964,16838.6,1146.0,6.558,8.9,1.4143,1.4293,0,urban,coridor litoral Mamaia–Năvodari (în afara extractului OSM),,13050.3
RUTA_B,15-17,2026-04-02 16:03:25,16:02,1746,12.18,0.596,16841.9,1181.0,5.845,7.9,1.2605,1.2738,0,urban,coridor litoral Mamaia–Năvodari (în afara extractului OSM),,13052.4
RUTA_B,15-17,2026-04-02 16:03:26,16:02,1747,13.9,0.108,16845.8,1234.0,3.903,5.6,0.8416,0.8505,0,urban,coridor litoral Mamaia–Năvodari (în afara extractului OSM),,13055.6
RUTA_B,15-17,2026-04-02 16:03:27,16:02,1748,12.95,-0.241,16849.4,1098.0,3.596,5.5,0.7755,0.7837,0,urban,coridor litoral Mamaia–Năvodari (în afara extractului OSM),,13057.4
RUTA_B,15-17,2026-04-02 16:03:28,16:02,1749,12.16,0.051,16852.8,980.0,3.587,5.4,0.7736,0.7818,0,urban,coridor litoral Mamaia–Năvodari (în afara extractului OSM),,13059.2
RUTA_B,15-17,2026-04-02 16:03:29,16:02,1750,13.32,0.223,16856.5,1035.0,4.757,4.7,1.0257,1.0366,0,urban,coridor litoral Mamaia–Năvodari (în afara extractului OSM),,13061.2
RUTA_B,15-17,2026-04-02 16:03:30,16:02,1751,13.77,-0.016,16860.3,1068.0,5.626,5.1,1.2132,1.226,0,urban,coridor litoral Mamaia–Năvodari (în afara extractului OSM),,13062.1
RUTA_B,15-17,2026-04-02 16:03:31,16:02,1752,13.2,0.089,16864.0,1066.0,6.058,7.1,1.3064,1.3202,0,urban,coridor litoral Mamaia–Năvodari (în afara extractului OSM),,13061.5
RUTA_B,15-17,2026-04-02 16:03:32,16:02,1753,14.41,0.47,16868.0,1142.0,6.682,8.0,1.441,1.4563,0,urban,coridor litoral Mamaia–Năvodari (în afara extractului OSM),,13058.1
RUTA_B,15-17,2026-04-02 16:03:33,16:02,1754,16.59,0.428,16872.6,1262.0,7.411,8.2,1.5983,1.6152,0,urban,coridor litoral Mamaia–Năvodari (în afara extractului OSM),,13053.1
RUTA_B,15-17,2026-04-02 16:03:34,16:02,1755,17.49,0.097,16877.4,1350.0,5.853,5.9,1.2621,1.2755,0,urban,coridor litoral Mamaia–Năvodari (în afara extractului OSM),,13049.6
RUTA_B,15-17,2026-04-02 16:03:35,16:02,1756,17.29,-0.603,16882.2,1377.0,4.0,3.5,0.8625,0.8716,0,urban,coridor litoral Mamaia–Năvodari (în afara extractului OSM),,13046.0
RUTA_B,15-17,2026-04-02 16:03:36,16:02,1757,13.16,-0.946,16885.9,1151.0,3.303,3.3,0.7124,0.7199,0,urban,coridor litoral Mamaia–Năvodari (în afara extractului OSM),,13041.2
RUTA_B,15-17,2026-04-02 16:03:37,16:02,1758,10.48,-0.524,16888.8,1010.0,2.877,3.4,0.6205,0.627,0,urban,coridor litoral Mamaia–Năvodari (în afara extractului OSM),,13037.1
RUTA_B,15-17,2026-04-02 16:03:38,16:02,1759,9.38,-0.102,16891.4,964.0,2.746,4.1,0.5922,0.5985,0,urban,coridor litoral Mamaia–Năvodari (în afara extractului OSM),,13033.8
RUTA_B,15-17,2026-04-02 16:03:39,16:02,1760,9.74,0.209,16894.1,895.0,3.565,5.3,0.7688,0.7769,0,urban,coridor litoral Mamaia–Năvodari (în afara extractului OSM),,13030.7
RUTA_B,15-17,2026-04-02 16:03:40,16:02,1761,10.89,0.395,16897.1,813.0,4.898,6.9,1.0562,1.0674,0,urban,coridor litoral Mamaia–Năvodari (în afara extractului OSM),,13027.6
RUTA_B,15-17,2026-04-02 16:03:41,16:02,1762,12.58,0.506,16900.6,928.0,6.012,7.5,1.2964,1.3101,0,urban,coridor litoral Mamaia–Năvodari (în afara extractului OSM),,13025.3
RUTA_B,15-17,2026-04-02 16:03:42,16:02,1763,14.53,0.65,16904.7,1073.0,7.153,8.1,1.5426,1.5589,0,urban,coridor litoral Mamaia–Năvodari (în afara extractului OSM),,13022.3
RUTA_B,15-17,2026-04-02 16:03:43,16:02,1764,17.27,0.649,16909.5,1246.0,8.51,9.4,1.8351,1.8546,0,urban,coridor litoral Mamaia–Năvodari (în afara extractului OSM),,13016.7
RUTA_B,15-17,2026-04-02 16:03:44,16:02,1765,19.2,0.346,16914.8,1368.0,8.168,8.8,1.7615,1.7801,0,urban,coridor litoral Mamaia–Năvodari (în afara extractului OSM),,13010.4
RUTA_B,15-17,2026-04-02 16:03:45,16:02,1766,19.76,-0.198,16920.3,1399.0,4.885,5.2,1.0534,1.0645,0,urban,coridor litoral Mamaia–Năvodari (în afara extractului OSM),,13003.1
RUTA_B,15-17,2026-04-02 16:03:46,16:02,1767,17.78,-0.826,16925.2,1295.0,3.275,3.4,0.7062,0.7137,0,urban,coridor litoral Mamaia–Năvodari (în afara extractului OSM),,12997.0
RUTA_B,15-17,2026-04-02 16:03:47,16:02,1768,13.81,-0.997,16929.1,1085.0,2.98,3.2,0.6427,0.6495,0,urban,coridor litoral Mamaia–Năvodari (în afara extractului OSM),,12991.8
RUTA_B,15-17,2026-04-02 16:03:48,16:02,1769,10.6,-0.766,16932.0,967.0,2.829,3.0,0.61,0.6165,0,urban,coridor litoral Mamaia–Năvodari (în afara extractului OSM),,12989.7
RUTA_B,15-17,2026-04-02 16:03:49,16:02,1770,8.29,-0.028,16934.3,893.0,3.062,2.9,0.6604,0.6674,0,urban,coridor litoral Mamaia–Năvodari (în afara extractului OSM),,12988.2
RUTA_B,15-17,2026-04-02 16:03:50,16:02,1771,10.39,0.572,16937.2,944.0,5.436,3.7,1.1723,1.1847,0,urban,coridor litoral Mamaia–Năvodari (în afara extractului OSM),,12986.3
RUTA_B,15-17,2026-04-02 16:03:51,16:02,1772,12.42,0.525,16940.7,986.0,7.299,4.8,1.5739,1.5906,0,urban,coridor litoral Mamaia–Năvodari (în afara extractului OSM),,12984.8
RUTA_B,15-17,2026-04-02 16:03:52,16:02,1773,14.18,0.614,16944.6,999.0,7.504,6.9,1.6182,1.6354,0,urban,coridor litoral Mamaia–Năvodari (în afara extractului OSM),,12985.1
RUTA_B,15-17,2026-04-02 16:03:53,16:02,1774,16.83,0.847,16949.3,1147.0,8.719,9.9,1.8801,1.9,0,urban,coridor litoral Mamaia–Năvodari (în afara extractului OSM),,12986.5
RUTA_B,15-17,2026-04-02 16:03:54,16:02,1775,20.27,0.967,16954.9,1413.0,10.817,13.7,2.3327,2.3574,0,urban,coridor litoral Mamaia–Năvodari (în afara extractului OSM),,12988.9
RUTA_B,15-17,2026-04-02 16:03:55,16:02,1776,23.8,0.949,16961.5,1615.0,9.02,9.6,1.9452,1.9658,0,urban,coridor litoral Mamaia–Năvodari (în afara extractului OSM),,12990.9
RUTA_B,15-17,2026-04-02 16:03:56,16:02,1777,27.11,0.616,16969.0,1758.0,6.637,4.3,1.4312,1.4463,0,urban,coridor litoral Mamaia–Năvodari (în afara extractului OSM),,12993.0
RUTA_B,15-17,2026-04-02 16:03:57,16:02,1778,28.23,0.363,16976.9,1518.0,8.44,8.0,1.8201,1.8394,0,urban,coridor litoral Mamaia–Năvodari (în afara extractului OSM),,12997.5
RUTA_B,15-17,2026-04-02 16:03:58,16:02,1779,29.72,0.523,16985.1,1411.0,8.96,9.4,1.9322,1.9527,0,urban,coridor litoral Mamaia–Năvodari (în afara extractului OSM),,13002.0
RUTA_B,15-17,2026-04-02 16:03:59,16:02,1780,32.0,0.455,16994.0,1588.0,6.728,5.6,1.4508,1.4662,0,urban,coridor litoral Mamaia–Năvodari (în afara extractului OSM),,13006.4
RUTA_B,15-17,2026-04-02 16:04:00,16:02,1781,33.0,0.139,17003.2,1538.0,5.15,3.8,1.1106,1.1224,0,urban,coridor litoral Mamaia–Năvodari (în afara extractului OSM),,13010.0
RUTA_B,15-17,2026-04-02 16:04:01,16:02,1782,33.0,-0.123,17012.4,1311.0,4.083,3.6,0.8805,0.8899,0,urban,coridor litoral Mamaia–Năvodari (în afara extractului OSM),,13013.1
RUTA_B,15-17,2026-04-02 16:04:02,16:02,1783,32.12,-0.287,17021.3,1225.0,3.347,3.2,0.7218,0.7294,0,urban,coridor litoral Mamaia–Năvodari (în afara extractului OSM),,13015.0
RUTA_B,15-17,2026-04-02 16:04:03,16:02,1784,30.93,-0.323,17029.9,1188.0,2.751,2.7,0.5933,0.5996,0,urban,coridor litoral Mamaia–Năvodari (în afara extractului OSM),,13016.7
RUTA_B,15-17,2026-04-02 16:04:04,16:02,1785,29.79,-0.362,17038.2,1157.0,2.597,2.5,0.56,0.566,0,urban,coridor litoral Mamaia–Năvodari (în afara extractului OSM),,13021.1
RUTA_B,15-17,2026-04-02 16:04:05,16:02,1786,28.33,-0.508,17046.0,1110.0,2.48,2.4,0.5348,0.5405,0,urban,coridor litoral Mamaia–Năvodari (în afara extractului OSM),,13025.2
RUTA_B,15-17,2026-04-02 16:04:06,16:02,1787,26.13,-0.542,17053.3,1025.0,2.447,2.4,0.5277,0.5333,0,urban,coridor litoral Mamaia–Năvodari (în afara extractului OSM),,13028.7
RUTA_B,15-17,2026-04-02 16:04:07,16:02,1788,24.43,-0.402,17060.1,955.0,2.459,2.5,0.5302,0.5358,0,urban,coridor litoral Mamaia–Năvodari (în afara extractului OSM),,13032.1
RUTA_B,15-17,2026-04-02 16:04:08,16:02,1789,23.24,-0.446,17066.5,901.0,2.518,2.7,0.543,0.5487,0,urban,coridor litoral Mamaia–Năvodari (în afara extractului OSM),,13035.4
RUTA_B,15-17,2026-04-02 16:04:09,16:02,1790,21.22,-0.596,17072.4,866.0,2.699,2.8,0.5821,0.5883,0,urban,coridor litoral Mamaia–Năvodari (în afara extractului OSM),,13038.0
RUTA_B,15-17,2026-04-02 16:04:10,16:02,1791,18.95,-1.09,17077.7,836.0,2.909,2.8,0.6274,0.634,0,urban,coridor litoral Mamaia–Năvodari (în afara extractului OSM),,13040.5
RUTA_B,15-17,2026-04-02 16:04:11,16:02,1792,13.37,-1.365,17081.4,818.0,2.826,2.8,0.6093,0.6158,0,urban,coridor litoral Mamaia–Năvodari (în afara extractului OSM),,13041.4
RUTA_B,15-17,2026-04-02 16:04:12,16:02,1793,9.12,-0.512,17083.9,852.0,3.356,3.1,0.7238,0.7315,0,urban,coridor litoral Mamaia–Năvodari (în afara extractului OSM),,13042.1
RUTA_B,15-17,2026-04-02 16:04:13,16:02,1794,9.68,0.26,17086.6,1074.0,6.105,4.9,1.3165,1.3305,0,urban,coridor litoral Mamaia–Năvodari (în afara extractului OSM),,13041.7
RUTA_B,15-17,2026-04-02 16:04:14,16:02,1795,10.99,0.505,17089.7,1168.0,8.464,8.0,1.8251,1.8445,0,urban,coridor litoral Mamaia–Năvodari (în afara extractului OSM),,13040.3
RUTA_B,15-17,2026-04-02 16:04:15,16:02,1796,13.31,0.844,17093.4,1090.0,10.299,13.0,2.2209,2.2444,0,urban,coridor litoral Mamaia–Năvodari (în afara extractului OSM),,13037.4
RUTA_B,15-17,2026-04-02 16:04:16,16:02,1797,17.07,1.125,17098.1,1239.0,12.434,15.3,2.6813,2.7097,0,urban,coridor litoral Mamaia–Năvodari (în afara extractului OSM),,13033.0
RUTA_B,15-17,2026-04-02 16:04:17,16:02,1798,21.41,0.685,17104.1,1482.0,14.695,16.3,3.1689,3.2024,0,urban,coridor litoral Mamaia–Năvodari (în afara extractului OSM),,13027.8
RUTA_B,15-17,2026-04-02 16:04:18,16:02,1799,22.0,0.016,17110.2,1301.0,9.359,10.3,2.0183,2.0396,0,urban,coridor litoral Mamaia–Năvodari (în afara extractului OSM),,13024.7
RUTA_B,15-17,2026-04-02 16:04:19,16:02,1800,21.53,-1.282,17116.1,1062.0,3.179,3.5,0.6856,0.6928,0,urban,coridor litoral Mamaia–Năvodari (în afara extractului OSM),,13021.9
RUTA_B,15-17,2026-04-02 16:04:20,16:02,1801,12.77,-2.175,17119.7,991.0,2.977,3.3,0.6419,0.6487,0,urban,coridor litoral Mamaia–Năvodari (în afara extractului OSM),,13018.3
RUTA_B,15-17,2026-04-02 16:04:21,16:02,1802,5.87,-1.038,17121.3,995.0,3.578,4.0,0.7716,0.7798,0,urban,coridor litoral Mamaia–Năvodari (în afara extractului OSM),,13015.1
RUTA_B,15-17,2026-04-02 16:04:22,16:02,1803,5.29,0.147,17122.8,1251.0,6.917,7.8,1.4916,1.5074,0,urban,coridor litoral Mamaia–Năvodari (în afara extractului OSM),,13013.2
RUTA_B,15-17,2026-04-02 16:04:23,16:02,1804,6.93,0.776,17124.7,1449.0,9.698,9.8,2.0914,2.1135,0,urban,coridor litoral Mamaia–Năvodari (în afara extractului OSM),,13010.2
RUTA_B,15-17,2026-04-02 16:04:24,16:02,1805,10.88,0.814,17127.7,1587.0,11.891,9.8,2.5644,2.5915,0,urban,coridor litoral Mamaia–Năvodari (în afara extractului OSM),,13005.9
RUTA_B,15-17,2026-04-02 16:04:25,16:02,1806,12.79,0.416,17131.3,1461.0,10.1,8.3,2.178,2.201,0,urban,coridor litoral Mamaia–Năvodari (în afara extractului OSM),,13001.9
RUTA_B,15-17,2026-04-02 16:04:26,16:02,1807,13.88,0.169,17135.2,1232.0,6.743,6.1,1.454,1.4694,0,urban,coridor litoral Mamaia–Năvodari (în afara extractului OSM),,12998.0
RUTA_B,15-17,2026-04-02 16:04:27,16:02,1808,14.0,-0.02,17139.0,1124.0,4.66,4.4,1.005,1.0156,0,urban,coridor litoral Mamaia–Năvodari (în afara extractului OSM),,12995.8
RUTA_B,15-17,2026-04-02 16:04:28,16:02,1809,13.73,-0.206,17142.9,1035.0,3.092,3.1,0.6667,0.6738,0,urban,coridor litoral Mamaia–Năvodari (în afara extractului OSM),,12993.6
RUTA_B,15-17,2026-04-02 16:04:29,16:02,1810,12.52,-0.286,17146.3,959.0,2.782,2.9,0.5999,0.6062,0,urban,coridor litoral Mamaia–Năvodari (în afara extractului OSM),,12990.6
RUTA_B,15-17,2026-04-02 16:04:30,16:02,1811,11.68,-0.195,17149.6,891.0,2.627,2.8,0.5666,0.5726,0,urban,coridor litoral Mamaia–Năvodari (în afara extractului OSM),,12988.3
RUTA_B,15-17,2026-04-02 16:04:31,16:02,1812,11.11,-0.156,17152.7,829.0,2.588,2.8,0.5581,0.564,0,urban,coridor litoral Mamaia–Năvodari (în afara extractului OSM),,12986.7
RUTA_B,15-17,2026-04-02 16:04:32,16:02,1813,10.56,-0.154,17155.6,786.0,2.509,2.6,0.541,0.5468,0,urban,coridor litoral Mamaia–Năvodari (în afara extractului OSM),,12985.2
RUTA_B,15-17,2026-04-02 16:04:33,16:02,1814,10.0,0.003,17158.4,748.0,2.42,2.4,0.5219,0.5274,0,urban,coridor litoral Mamaia–Năvodari (în afara extractului OSM),,12983.7
RUTA_B,15-17,2026-04-02 16:04:34,16:02,1815,10.58,0.181,17161.3,769.0,3.325,3.5,0.7169,0.7245,0,urban,coridor litoral Mamaia–Năvodari (în afara extractului OSM),,12982.7
RUTA_B,15-17,2026-04-02 16:04:35,16:02,1816,11.3,0.26,17164.4,813.0,4.719,5.4,1.0177,1.0285,0,urban,coridor litoral Mamaia–Năvodari (în afara extractului OSM),,12981.2
RUTA_B,15-17,2026-04-02 16:04:36,16:02,1817,12.45,0.517,17167.9,919.0,7.472,9.4,1.6112,1.6283,0,urban,coridor litoral Mamaia–Năvodari (în afara extractului OSM),,12978.5
RUTA_B,15-17,2026-04-02 16:04:37,16:02,1818,15.03,0.898,17172.1,1113.0,10.324,11.9,2.2263,2.2499,0,urban,coridor litoral Mamaia–Năvodari (în afara extractului OSM),,12976.0
RUTA_B,15-17,2026-04-02 16:04:38,16:02,1819,18.92,0.748,17177.3,1389.0,13.269,13.0,2.8613,2.8916,0,urban,coridor litoral Mamaia–Năvodari (în afara extractului OSM),,12973.8
RUTA_B,15-17,2026-04-02 16:04:39,16:02,1820,20.41,0.288,17183.0,1304.0,9.594,9.3,2.0688,2.0907,0,urban,coridor litoral Mamaia–Năvodari (în afara extractului OSM),,12971.6
RUTA_B,15-17,2026-04-02 16:04:40,16:02,1821,20.99,-0.066,17188.8,1078.0,3.357,3.7,0.724,0.7316,0,urban,coridor litoral Mamaia–Năvodari (în afara extractului OSM),,12969.3
RUTA_B,15-17,2026-04-02 16:04:41,16:02,1822,19.94,-0.267,17194.4,1017.0,3.103,5.2,0.6692,0.6763,0,urban,coridor litoral Mamaia–Năvodari (în afara extractului OSM),,12967.6
RUTA_B,15-17,2026-04-02 16:04:42,16:02,1823,19.07,-0.051,17199.7,996.0,3.514,7.5,0.7579,0.7659,0,urban,coridor litoral Mamaia–Năvodari (în afara extractului OSM),,12965.4
RUTA_B,15-17,2026-04-02 16:04:43,16:02,1824,19.57,0.201,17205.1,1205.0,7.297,13.8,1.5736,1.5902,0,urban,coridor litoral Mamaia–Năvodari (în afara extractului OSM),,12960.6
RUTA_B,15-17,2026-04-02 16:04:44,16:02,1825,20.52,0.645,17210.8,1420.0,10.966,19.6,2.3648,2.3899,0,urban,coridor litoral Mamaia–Năvodari (în afara extractului OSM),,12955.6
RUTA_B,15-17,2026-04-02 16:04:45,16:02,1826,24.22,1.027,17217.5,1664.0,13.94,22.4,3.006,3.0379,0,urban,coridor litoral Mamaia–Năvodari (în afara extractului OSM),,12950.0
RUTA_B,15-17,2026-04-02 16:04:46,16:02,1827,27.91,0.754,17225.3,1908.0,16.913,25.1,3.6472,3.6859,0,urban,coridor litoral Mamaia–Năvodari (în afara extractului OSM),,12944.3
RUTA_B,15-17,2026-04-02 16:04:47,16:02,1828,29.65,0.128,17233.5,1877.0,15.915,22.5,3.4321,3.4684,0,urban,coridor litoral Mamaia–Năvodari (în afara extractului OSM),,12937.8
RUTA_B,15-17,2026-04-02 16:04:48,16:02,1829,28.83,-0.226,17241.5,1491.0,9.78,13.0,2.1091,2.1315,0,urban,coridor litoral Mamaia–Năvodari (în afara extractului OSM),,12930.3
RUTA_B,15-17,2026-04-02 16:04:49,16:02,1830,28.02,-0.917,17249.3,1105.0,3.646,3.4,0.7862,0.7945,0,urban,coridor litoral Mamaia–Năvodari (în afara extractului OSM),,12922.7
RUTA_B,15-17,2026-04-02 16:04:50,16:02,1831,22.23,-1.628,17255.5,999.0,3.195,3.0,0.6891,0.6964,0,urban,coridor litoral Mamaia–Năvodari (în afara extractului OSM),,12920.0
RUTA_B,15-17,2026-04-02 16:04:51,16:02,1832,16.3,-1.478,17260.0,900.0,2.903,2.8,0.626,0.6326,0,urban,coridor litoral Mamaia–Năvodari (în afara extractului OSM),,12917.5
RUTA_B,15-17,2026-04-02 16:04:52,16:02,1833,11.59,-1.096,17263.2,836.0,2.742,2.8,0.5913,0.5975,0,urban,coridor litoral Mamaia–Năvodari (în afara extractului OSM),,12915.5
RUTA_B,15-17,2026-04-02 16:04:53,16:02,1834,8.41,-0.883,17265.6,814.0,2.746,2.8,0.5921,0.5984,0,urban,coridor litoral Mamaia–Năvodari (în afara extractului OSM),,12914.3
RUTA_B,15-17,2026-04-02 16:04:54,16:02,1835,5.23,-0.014,17267.0,793.0,2.75,2.8,0.593,0.5992,0,urban,coridor litoral Mamaia–Năvodari (în afara extractului OSM),,12913.1
RUTA_B,15-17,2026-04-02 16:04:55,16:02,1836,8.31,0.924,17269.3,1018.0,5.084,5.8,1.0965,1.1081,0,urban,coridor litoral Mamaia–Năvodari (în afara extractului OSM),,12913.1
RUTA_B,15-17,2026-04-02 16:04:56,16:02,1837,11.88,0.494,17272.6,1262.0,7.6,9.2,1.6389,1.6563,0,urban,coridor litoral Mamaia–Năvodari (în afara extractului OSM),,12913.2
RUTA_B,15-17,2026-04-02 16:04:57,16:02,1838,11.87,-0.23,17275.9,1234.0,6.549,7.7,1.4122,1.4272,0,urban,coridor litoral Mamaia–Năvodari (în afara extractului OSM),,12914.2
RUTA_B,15-17,2026-04-02 16:04:58,16:02,1839,10.22,-0.601,17278.8,1081.0,3.865,4.0,0.8335,0.8423,0,urban,coridor litoral Mamaia–Năvodari (în afara extractului OSM),,12915.5
RUTA_B,15-17,2026-04-02 16:04:59,16:02,1840,7.54,-0.743,17280.9,977.0,3.176,3.1,0.6849,0.6921,0,urban,coridor litoral Mamaia–Năvodari (în afara extractului OSM),,12916.6
RUTA_B,15-17,2026-04-02 16:05:00,16:02,1841,4.88,-0.533,17282.2,885.0,2.835,2.9,0.6114,0.6179,0,urban,coridor litoral Mamaia–Năvodari (în afara extractului OSM),,12917.7
RUTA_B,15-17,2026-04-02 16:05:01,16:02,1842,3.7,-0.096,17283.2,841.0,2.788,4.0,0.6013,0.6076,0,urban,coridor litoral Mamaia–Năvodari (în afara extractului OSM),,12919.4
RUTA_B,15-17,2026-04-02 16:05:02,16:02,1843,4.19,0.479,17284.4,966.0,4.364,6.0,0.941,0.951,0,urban,coridor litoral Mamaia–Năvodari (în afara extractului OSM),,12921.0
RUTA_B,15-17,2026-04-02 16:05:03,16:02,1844,7.15,0.912,17286.4,1343.0,8.373,9.3,1.8057,1.8248,0,urban,coridor litoral Mamaia–Năvodari (în afara extractului OSM),,12922.4
RUTA_B,15-17,2026-04-02 16:05:04,16:02,1845,10.76,1.036,17289.4,1569.0,9.181,7.9,1.98,2.0009,0,urban,coridor litoral Mamaia–Năvodari (în afara extractului OSM),,12924.5
RUTA_B,15-17,2026-04-02 16:05:05,16:02,1846,14.61,0.44,17293.4,1734.0,8.707,4.6,1.8777,1.8976,0,urban,coridor litoral Mamaia–Năvodari (în afara extractului OSM),,12927.0
RUTA_B,15-17,2026-04-02 16:05:06,16:02,1847,13.92,-0.19,17297.3,1373.0,5.613,4.5,1.2105,1.2233,0,urban,coridor litoral Mamaia–Năvodari (în afara extractului OSM),,12928.8
RUTA_B,15-17,2026-04-02 16:05:07,16:02,1848,13.25,0.056,17301.0,1097.0,3.761,5.1,0.8111,0.8197,0,urban,coridor litoral Mamaia–Năvodari (în afara extractului OSM),,12930.7
RUTA_B,15-17,2026-04-02 16:05:08,16:02,1849,14.33,0.243,17305.0,1302.0,7.014,6.5,1.5125,1.5285,0,urban,coridor litoral Mamaia–Năvodari (în afara extractului OSM),,12933.3
RUTA_B,15-17,2026-04-02 16:05:09,16:02,1850,15.0,0.093,17309.1,1366.0,7.839,6.6,1.6905,1.7084,0,urban,coridor litoral Mamaia–Năvodari (în afara extractului OSM),,12936.0
RUTA_B,15-17,2026-04-02 16:05:10,16:02,1851,15.0,-0.137,17313.3,1198.0,4.653,4.5,1.0035,1.0141,0,urban,coridor litoral Mamaia–Năvodari (în afara extractului OSM),,12938.9
RUTA_B,15-17,2026-04-02 16:05:11,16:02,1852,14.02,-0.376,17317.2,1065.0,3.133,3.3,0.6755,0.6827,0,urban,coridor litoral Mamaia–Năvodari (în afara extractului OSM),,12941.3
RUTA_B,15-17,2026-04-02 16:05:12,16:02,1853,12.3,-0.622,17320.6,957.0,2.857,2.8,0.6162,0.6227,0,urban,coridor litoral Mamaia–Năvodari (în afara extractului OSM),,12943.5
RUTA_B,15-17,2026-04-02 16:05:13,16:02,1854,9.54,-0.82,17323.3,865.0,2.731,2.9,0.589,0.5952,0,urban,coridor litoral Mamaia–Năvodari (în afara extractului OSM),,12944.5
RUTA_B,15-17,2026-04-02 16:05:14,16:02,1855,6.4,-1.016,17325.0,791.0,2.657,3.1,0.573,0.579,0,urban,coridor litoral Mamaia–Năvodari (în afara extractului OSM),,12945.3
RUTA_B,15-17,2026-04-02 16:05:15,16:02,1856,2.22,-0.59,17325.7,804.0,2.705,2.9,0.5832,0.5894,0,urban,coridor litoral Mamaia–Năvodari (în afara extractului OSM),,12945.2
RUTA_B,15-17,2026-04-02 16:05:16,16:02,1857,2.14,0.627,17326.3,984.0,4.615,4.6,0.9951,1.0057,0,urban,coridor litoral Mamaia–Năvodari (în afara extractului OSM),,12945.3
RUTA_B,15-17,2026-04-02 16:05:17,16:02,1858,6.74,0.982,17328.1,1355.0,8.65,8.7,1.8654,1.8851,0,urban,coridor litoral Mamaia–Năvodari (în afara extractului OSM),,12945.5
RUTA_B,15-17,2026-04-02 16:05:18,16:02,1859,9.21,0.576,17330.7,1368.0,7.431,7.3,1.6025,1.6194,0,urban,coridor litoral Mamaia–Năvodari (în afara extractului OSM),,12948.3
RUTA_B,15-17,2026-04-02 16:05:19,16:02,1860,10.89,0.176,17333.7,1244.0,4.218,3.8,0.9097,0.9193,0,urban,coridor litoral Mamaia–Năvodari (în afara extractului OSM),,12952.2
RUTA_B,15-17,2026-04-02 16:05:20,16:02,1861,10.48,-0.123,17336.6,1109.0,3.477,3.3,0.7497,0.7577,0,urban,coridor litoral Mamaia–Năvodari (în afara extractului OSM),,12953.5
RUTA_B,15-17,2026-04-02 16:05:21,16:02,1862,10.0,-0.067,17339.4,979.0,2.97,3.1,0.6405,0.6473,0,urban,coridor litoral Mamaia–Năvodari (în afara extractului OSM),,12954.8
RUTA_B,15-17,2026-04-02 16:05:22,16:02,1863,10.0,-0.106,17342.2,890.0,2.82,3.1,0.6082,0.6146,0,urban,coridor litoral Mamaia–Năvodari (în afara extractului OSM),,12957.0
RUTA_B,15-17,2026-04-02 16:05:23,16:02,1864,9.24,-0.427,17344.7,815.0,2.709,3.1,0.5841,0.5903,0,urban,coridor litoral Mamaia–Năvodari (în afara extractului OSM),,12959.2
RUTA_B,15-17,2026-04-02 16:05:24,16:02,1865,6.93,-0.741,17346.7,771.0,2.674,3.1,0.5766,0.5827,0,urban,coridor litoral Mamaia–Năvodari (în afara extractului OSM),,12961.5
RUTA_B,15-17,2026-04-02 16:05:25,16:02,1866,3.9,-0.909,17347.8,738.0,2.807,3.4,0.6053,0.6117,0,urban,coridor litoral Mamaia–Năvodari (în afara extractului OSM),,12962.6
RUTA_B,15-17,2026-04-02 16:05:26,16:02,1867,0.39,-0.326,17347.9,714.0,3.053,3.9,0.6584,0.6653,1,urban,coridor litoral Mamaia–Năvodari (în afara extractului OSM),,12962.9
RUTA_B,15-17,2026-04-02 16:05:27,16:02,1868,1.55,0.363,17348.3,1156.0,6.136,5.3,1.3233,1.3373,0,urban,coridor litoral Mamaia–Năvodari (în afara extractului OSM),,12962.7
RUTA_B,15-17,2026-04-02 16:05:28,16:02,1869,3.0,0.201,17349.1,1514.0,8.627,6.7,1.8604,1.8802,0,urban,coridor litoral Mamaia–Năvodari (în afara extractului OSM),,12962.4
RUTA_B,15-17,2026-04-02 16:05:29,16:02,1870,3.0,-0.037,17350.0,1182.0,6.481,7.2,1.3976,1.4124,0,urban,coridor litoral Mamaia–Năvodari (în afara extractului OSM),,12962.4
RUTA_B,15-17,2026-04-02 16:05:30,16:02,1871,2.73,-0.12,17350.7,959.0,5.192,7.8,1.1195,1.1314,0,urban,coridor litoral Mamaia–Năvodari (în afara extractului OSM),,12962.4
RUTA_B,15-17,2026-04-02 16:05:31,16:02,1872,2.14,-0.043,17351.3,874.0,4.97,8.5,1.0718,1.0832,0,urban,coridor litoral Mamaia–Năvodari (în afara extractului OSM),,12962.4
RUTA_B,15-17,2026-04-02 16:05:32,16:02,1873,2.43,0.117,17352.0,827.0,4.655,7.5,1.0039,1.0145,0,urban,coridor litoral Mamaia–Năvodari (în afara extractului OSM),,12962.4
RUTA_B,15-17,2026-04-02 16:05:33,16:02,1874,2.98,0.002,17352.8,793.0,4.313,5.9,0.9301,0.9399,0,urban,coridor litoral Mamaia–Năvodari (în afara extractului OSM),,12962.4
RUTA_B,15-17,2026-04-02 16:05:34,16:02,1875,2.44,-0.136,17353.5,940.0,5.406,5.7,1.1658,1.1781,0,urban,coridor litoral Mamaia–Năvodari (în afara extractului OSM),,12962.4
RUTA_B,15-17,2026-04-02 16:05:35,16:02,1876,2.0,-0.062,17354.0,1089.0,6.41,5.5,1.3824,1.397,0,urban,coridor litoral Mamaia–Năvodari (în afara extractului OSM),,12962.4
RUTA_B,15-17,2026-04-02 16:05:36,16:02,1877,2.0,-0.037,17354.6,1219.0,6.932,5.5,1.4949,1.5107,0,urban,coridor litoral Mamaia–Năvodari (în afara extractului OSM),,12962.4
RUTA_B,15-17,2026-04-02 16:05:37,16:02,1878,1.73,-0.117,17355.1,1221.0,6.365,5.2,1.3726,1.3872,0,urban,coridor litoral Mamaia–Năvodari (în afara extractului OSM),,12962.4
RUTA_B,15-17,2026-04-02 16:05:38,16:02,1879,1.16,-0.163,17355.4,1077.0,4.556,4.5,0.9826,0.993,0,urban,coridor litoral Mamaia–Năvodari (în afara extractului OSM),,12962.4
RUTA_B,15-17,2026-04-02 16:05:39,16:02,1880,0.56,-0.132,17355.6,958.0,3.842,4.7,0.8284,0.8372,1,urban,coridor litoral Mamaia–Năvodari (în afara extractului OSM),,12962.4
RUTA_B,15-17,2026-04-02 16:05:40,16:02,1881,0.21,0.254,17355.6,881.0,3.786,5.3,0.8164,0.8251,1,urban,coridor litoral Mamaia–Năvodari (în afara extractului OSM),,12962.4
RUTA_B,15-17,2026-04-02 16:05:41,16:02,1882,2.39,0.589,17356.3,1113.0,5.932,7.2,1.2792,1.2928,0,urban,coridor litoral Mamaia–Năvodari (în afara extractului OSM),,12962.4
RUTA_B,15-17,2026-04-02 16:05:42,16:02,1883,4.45,0.527,17357.5,1269.0,7.104,8.0,1.5319,1.5482,0,urban,coridor litoral Mamaia–Năvodari (în afara extractului OSM),,12961.6
RUTA_B,15-17,2026-04-02 16:05:43,16:02,1884,6.18,0.313,17359.2,1211.0,5.504,5.8,1.1869,1.1994,0,urban,coridor litoral Mamaia–Năvodari (în afara extractului OSM),,12958.5
RUTA_B,15-17,2026-04-02 16:05:44,16:02,1885,6.7,-0.005,17361.1,1195.0,4.954,5.5,1.0683,1.0797,0,urban,coridor litoral Mamaia–Năvodari (în afara extractului OSM),,12957.2
RUTA_B,15-17,2026-04-02 16:05:45,16:02,1886,6.14,-0.268,17362.8,1215.0,5.34,7.1,1.1516,1.1638,0,urban,coridor litoral Mamaia–Năvodari (în afara extractului OSM),,12957.5
RUTA_B,15-17,2026-04-02 16:05:46,16:02,1887,4.78,-0.419,17364.1,1161.0,4.772,6.0,1.029,1.0399,0,urban,coridor litoral Mamaia–Năvodari (în afara extractului OSM),,12957.7
RUTA_B,15-17,2026-04-02 16:05:47,16:02,1888,3.13,-0.454,17365.0,1080.0,3.87,4.1,0.8346,0.8435,0,urban,coridor litoral Mamaia–Năvodari (în afara extractului OSM),,12957.9
RUTA_B,15-17,2026-04-02 16:05:48,16:02,1889,1.51,-0.435,17365.4,947.0,3.527,3.9,0.7605,0.7686,0,urban,coridor litoral Mamaia–Năvodari (în afara extractului OSM),,12957.8
RUTA_B,15-17,2026-04-02 16:05:49,16:02,1890,0.0,-0.21,17365.4,820.0,3.253,3.9,0.7016,0.709,1,urban,coridor litoral Mamaia–Năvodari (în afara extractului OSM),,12957.7
RUTA_B,15-17,2026-04-02 16:05:50,16:02,1891,0.0,0.0,17365.4,850.0,3.306,3.7,0.7129,0.7204,1,urban,coridor litoral Mamaia–Năvodari (în afara extractului OSM),,12957.7
RUTA_B,15-17,2026-04-02 16:05:51,16:02,1892,0.0,0.0,17365.4,866.0,3.31,3.5,0.7138,0.7214,1,urban,coridor litoral Mamaia–Năvodari (în afara extractului OSM),,12957.7
RUTA_B,15-17,2026-04-02 16:05:52,16:02,1893,0.0,0.0,17365.4,854.0,3.223,3.2,0.695,0.7023,1,urban,coridor litoral Mamaia–Năvodari (în afara extractului OSM),,12957.7
RUTA_B,15-17,2026-04-02 16:05:53,16:02,1894,0.0,0.0,17365.4,850.0,3.171,3.1,0.6838,0.6911,1,urban,coridor litoral Mamaia–Năvodari (în afara extractului OSM),,12957.7
RUTA_B,15-17,2026-04-02 16:05:54,16:02,1895,0.0,0.0,17365.4,850.0,3.141,3.1,0.6773,0.6844,1,urban,coridor litoral Mamaia–Năvodari (în afara extractului OSM),,12957.7
RUTA_B,15-17,2026-04-02 16:05:55,16:02,1896,0.0,0.0,17365.4,551.0,2.172,1.9,0.4684,0.4734,1,urban,coridor litoral Mamaia–Năvodari (în afara extractului OSM),,12957.7
