ruta,fereastra_orara,timestamp_local,t_rel_s,v_kmh,rpm,maf_g_s,sarcina_motor_pct,t_lichid_racire_C,t_aer_admisie_C,t_ambiant_C,altitudine_m,p_galerie_psi,HDOP,a_ms2,dist_cum_m,stationare,clasa_RDE,segment,debit_comb_model_ml_s,comb_cum_l_model,CO2_g_s_model,CO2_g_s_stoich_MAF,debit_comb_fizic_ml_s,CO2_g_s_fizic
DIESEL_Constanta-DN3-Murfatlar-retur,09-10,2026-09-11 09:14:22,0,5.0,980.0,13.32,35.69,31.0,31.0,20.0,27.8,17.26,1.413360365904628,1.3101,1.4,0,urban,S1_urban_iesire,0.3155,0.0003,0.8323,2.9028,0.3807,1.0046
DIESEL_Constanta-DN3-Murfatlar-retur,09-10,2026-09-11 09:14:23,1,9.71651090342679,1144.0623052959502,16.601775700934578,43.021495327102805,31.0,31.14330218068536,20.0,28.72959501557632,17.92311526479751,2.5423079076008963,1.4697,4.1,0,urban,S1_urban_iesire,0.6761,0.001,1.784,3.618,0.7431,1.9607
DIESEL_Constanta-DN3-Murfatlar-retur,09-10,2026-09-11 09:14:24,2,15.581722319859402,1654.5206502636204,26.4870474516696,36.56256590509666,31.39543057996485,32.0,20.0,30.423198594024605,18.70471001757469,2.061286695242956,1.4113,8.4,0,urban,S1_urban_iesire,1.0711,0.0021,2.8262,5.7723,1.112,2.934
DIESEL_Constanta-DN3-Murfatlar-retur,09-10,2026-09-11 09:14:25,3,19.87763289869609,2087.2429789368102,35.44646940822467,34.9,32.0,32.0,20.0,30.751053159478435,19.415386158475428,2.125732462400742,1.3546,13.9,0,urban,S1_urban_iesire,1.3803,0.0034,3.642,7.7249,1.3528,3.5695
DIESEL_Constanta-DN3-Murfatlar-retur,09-10,2026-09-11 09:14:26,4,25.334745762711865,2189.757680084745,38.7025,38.69401483050848,32.0,32.0,20.0,31.99957627118644,20.26025423728813,1.9258564554699096,1.3206,21.0,0,urban,S1_urban_iesire,1.6824,0.0051,4.4393,8.4345,1.6733,4.4151
DIESEL_Constanta-DN3-Murfatlar-retur,09-10,2026-09-11 09:14:27,5,29.38562091503268,1830.7924836601308,33.167843137254906,46.13490196078432,32.0,32.0,20.0,30.99215686274509,20.940915032679737,1.7271353371571927,1.1691,29.1,0,urban,S1_urban_iesire,1.8758,0.007,4.9495,7.2283,1.7405,4.5925
DIESEL_Constanta-DN3-Murfatlar-retur,09-10,2026-09-11 09:14:28,6,33.75233644859813,2109.6495327102803,39.9046261682243,46.016682242990655,32.0,32.0,20.0,30.8803738317757,21.575841121495326,1.9193977533297728,1.2998,38.5,0,urban,S1_urban_iesire,2.1925,0.0092,5.7852,8.6965,2.1913,5.7819
DIESEL_Constanta-DN3-Murfatlar-retur,09-10,2026-09-11 09:14:29,7,38.7439120188531,2392.790848389631,46.77169677926159,46.40951296150825,32.0,32.0,20.0,30.70243519245876,22.25229379418696,2.107032354672319,1.2862,49.3,0,urban,S1_urban_iesire,2.5075,0.0117,6.6162,10.193,2.4953,6.584
DIESEL_Constanta-DN3-Murfatlar-retur,09-10,2026-09-11 09:14:30,8,43.01303317535545,2443.762440758293,51.137594786729856,48.73456161137441,32.20260663507109,32.0,20.0,29.23791469194313,22.63,2.3428220499063928,1.2266,61.2,0,urban,S1_urban_iesire,2.6617,0.0144,7.0233,11.1445,2.6643,7.0301
DIESEL_Constanta-DN3-Murfatlar-retur,09-10,2026-09-11 09:14:31,9,47.57519788918206,1873.1378627968336,46.08572559366755,53.59,33.0,32.0,20.0,28.94511873350924,22.33664907651715,2.371772072726703,0.8315,74.4,0,urban,S1_urban_iesire,2.3335,0.0167,6.1572,10.0435,2.1333,5.6288
DIESEL_Constanta-DN3-Murfatlar-retur,09-10,2026-09-11 09:14:32,10,49.0,1885.300243111832,35.04387358184765,43.73935170178282,33.0,32.0,20.0,29.707617504051864,21.45448946515397,2.6051133834136966,0.1979,88.1,0,urban,S1_urban_iesire,1.8246,0.0185,4.8144,7.6371,0.8389,2.2136
DIESEL_Constanta-DN3-Murfatlar-retur,09-10,2026-09-11 09:14:33,11,49.0,1461.8804700162077,25.222155591572125,34.525413290113455,33.0,32.0,20.0,29.221393841166936,20.636012965964344,1.5608486252299576,0.1881,101.7,0,urban,S1_urban_iesire,0.8021,0.0193,2.1164,5.4967,0.8178,2.1579
DIESEL_Constanta-DN3-Murfatlar-retur,09-10,2026-09-11 09:14:34,12,50.35462345090563,1453.844613918017,22.995090562440417,35.610400381315536,33.35462345090563,33.0,20.0,28.806387035271687,18.96295519542421,2.113522027121266,0.2394,115.6,0,urban,S1_urban_iesire,0.8282,0.0202,2.1854,5.0113,0.9583,2.5287
DIESEL_Constanta-DN3-Murfatlar-retur,09-10,2026-09-11 09:14:35,13,50.72393162393163,1473.5952991452991,21.961170940170938,35.54820512820512,34.0,33.0,20.0,29.358888888888888,17.759940170940173,1.7207408247932368,-0.0493,129.7,0,urban,S1_urban_iesire,0.8113,0.021,2.1406,4.786,0.324,0.8548
DIESEL_Constanta-DN3-Murfatlar-retur,09-10,2026-09-11 09:14:36,14,50.0,1444.708848715509,21.24892483349192,21.922768791627025,34.0,33.0,20.0,30.40190294957184,17.570380589914368,1.5068684850296947,-0.1005,143.6,0,urban,S1_urban_iesire,0.1813,0.0211,0.4783,4.6308,0.2045,0.5396
DIESEL_Constanta-DN3-Murfatlar-retur,09-10,2026-09-11 09:14:37,15,50.0,1445.3401135288552,21.382194891201515,29.19741721854305,34.0,32.9035004730369,20.0,31.154399243140965,17.676490066225167,1.7058126062809031,0.0078,157.5,0,urban,S1_urban_iesire,0.5352,0.0217,1.4121,4.6598,0.4422,1.1667
DIESEL_Constanta-DN3-Murfatlar-retur,09-10,2026-09-11 09:14:38,16,50.056320400500624,1468.0244055068836,21.629987484355443,34.68684605757196,34.0,32.0,20.0,32.509887359199,17.57421777221527,2.675572805549903,0.1389,171.4,0,urban,S1_urban_iesire,0.8273,0.0225,2.1829,4.7138,0.7309,1.9284
DIESEL_Constanta-DN3-Murfatlar-retur,09-10,2026-09-11 09:14:39,17,51.0,1480.321940463065,22.3271223814774,34.563472987872125,34.0,32.0,20.0,30.75589856670342,17.98,1.5198326159674027,0.1663,185.6,0,urban,S1_urban_iesire,0.7923,0.0233,2.0907,4.8658,0.8093,2.1354
DIESEL_Constanta-DN3-Murfatlar-retur,09-10,2026-09-11 09:14:40,18,51.25336322869955,1479.640134529148,22.31892376681614,27.16437219730941,34.0,31.746636771300448,20.0,30.429372197309416,17.906524663677132,1.698054025136314,0.1389,199.8,0,urban,S1_urban_iesire,0.4265,0.0237,1.1254,4.864,0.7526,1.9858
DIESEL_Constanta-DN3-Murfatlar-retur,09-10,2026-09-11 09:14:41,19,52.0,1483.0099614395888,22.078676092544985,29.797480719794343,34.0,31.0,20.0,31.40051413881748,17.688701799485862,2.063058059686812,0.0671,214.3,0,urban,S1_urban_iesire,0.5677,0.0243,1.498,4.8116,0.6025,1.5897
DIESEL_Constanta-DN3-Murfatlar-retur,09-10,2026-09-11 09:14:42,20,51.73671782762692,1484.9577922077922,21.121086186540733,25.981227863046048,34.26328217237308,30.73671782762692,20.0,31.563046044864222,16.83270365997639,1.9053180845159563,-0.1389,228.6,0,urban,S1_urban_iesire,0.4051,0.0247,1.0688,4.6029,0.1307,0.3448
DIESEL_Constanta-DN3-Murfatlar-retur,09-10,2026-09-11 09:14:43,21,51.0,1477.78231292517,21.45748299319728,25.29455782312926,35.0,30.0,20.0,30.963945578231293,17.21204081632653,2.4080874990080967,-0.0644,242.8,0,urban,S1_urban_iesire,0.3481,0.025,0.9184,4.6763,0.2929,0.7729
DIESEL_Constanta-DN3-Murfatlar-retur,09-10,2026-09-11 09:14:44,22,51.272851296043655,1493.3165075034103,21.74181446111869,33.295634379263305,34.727148703956345,30.0,20.0,31.372851296043656,17.150927694406548,1.7205236464138485,0.0934,257.0,0,urban,S1_urban_iesire,0.7513,0.0258,1.9824,4.7382,0.6506,1.7166
DIESEL_Constanta-DN3-Murfatlar-retur,09-10,2026-09-11 09:14:45,23,51.67274001401542,1488.4907147862648,22.083258584442884,29.275262789067973,34.32725998598458,29.672740014015417,20.0,32.1,17.4956271899089,2.562702541542995,-0.0323,271.4,0,urban,S1_urban_iesire,0.5885,0.0264,1.5527,4.8126,0.372,0.9817
DIESEL_Constanta-DN3-Murfatlar-retur,09-10,2026-09-11 09:14:46,24,51.04012036108325,1499.4621364092277,22.831604814443327,29.8629889669007,35.0,29.0,20.0,32.04784353059178,17.968365095285858,2.809932204500731,0.0392,285.6,0,urban,S1_urban_iesire,0.6334,0.027,1.6714,4.9757,0.5254,1.3862
DIESEL_Constanta-DN3-Murfatlar-retur,09-10,2026-09-11 09:14:47,25,51.95487932843652,1516.590241343127,22.845183630640086,31.317208814270725,35.04512067156348,29.0,20.0,30.77743966421826,17.670598111227704,1.470196275100236,0.0152,300.0,0,urban,S1_urban_iesire,0.6911,0.0277,1.8237,4.9787,0.4834,1.2756
DIESEL_Constanta-DN3-Murfatlar-retur,09-10,2026-09-11 09:14:48,26,51.149253731343286,1513.1641791044776,22.131940298507462,28.911940298507467,35.850746268656714,29.0,20.0,30.46417910447761,17.173432835820897,1.9493059764575564,-0.0542,314.2,0,urban,S1_urban_iesire,0.5556,0.0283,1.4659,4.8232,0.3172,0.837
DIESEL_Constanta-DN3-Murfatlar-retur,09-10,2026-09-11 09:14:49,27,51.56478999106345,1485.3612600536194,21.403815907059872,21.57,35.0,29.0,20.0,31.530563002680964,16.9324218051832,2.580385535066167,0.0252,328.5,0,urban,S1_urban_iesire,0.1262,0.0284,0.3329,4.6646,0.501,1.3219
DIESEL_Constanta-DN3-Murfatlar-retur,09-10,2026-09-11 09:14:50,28,51.33034111310592,1499.4035008976662,21.77071813285458,28.434488330341104,35.33034111310592,29.0,20.0,31.237522441651706,17.068402154398566,3.0662313029910613,0.0604,342.8,0,urban,S1_urban_iesire,0.4805,0.0289,1.2678,4.7445,0.5772,1.5229
DIESEL_Constanta-DN3-Murfatlar-retur,09-10,2026-09-11 09:14:51,29,52.0,1511.3238095238094,21.72792857142857,35.82764285714282,36.0,29.0,20.0,30.662857142857145,16.897714285714287,3.096935981028343,0.093,357.2,0,urban,S1_urban_iesire,0.8744,0.0297,2.3072,4.7352,0.6616,1.7457
DIESEL_Constanta-DN3-Murfatlar-retur,09-10,2026-09-11 09:14:52,30,52.0,1495.0510471204188,22.090314136125656,25.458272251308912,36.0,29.0,20.0,31.463874345549737,17.4,1.4489436663353903,0.0,371.7,0,urban,S1_urban_iesire,0.3769,0.0301,0.9945,4.8142,0.4494,1.1857
DIESEL_Constanta-DN3-Murfatlar-retur,09-10,2026-09-11 09:14:53,31,52.0,1505.421031096563,22.02630114566285,30.889901800327326,36.0,29.0,20.0,31.202618657937805,17.209198036006544,1.6383086680531704,0.0,386.1,0,urban,S1_urban_iesire,0.668,0.0308,1.7625,4.8002,0.4494,1.1857
DIESEL_Constanta-DN3-Murfatlar-retur,09-10,2026-09-11 09:14:54,32,52.0,1504.0221584984358,21.257340980187696,21.099937434827943,36.0,29.0,20.0,30.52398331595412,16.55782064650678,2.1390642219755387,0.0,400.6,0,urban,S1_urban_iesire,0.1443,0.0309,0.3808,4.6326,0.4494,1.1857
DIESEL_Constanta-DN3-Murfatlar-retur,09-10,2026-09-11 09:14:55,33,52.0,1499.9099223946785,21.762383592017738,27.563813747228384,36.0,29.0,20.0,31.009645232815966,17.06852549889135,2.010004235242638,0.0,415.0,0,urban,S1_urban_iesire,0.5108,0.0314,1.3478,4.7427,0.4494,1.1857
DIESEL_Constanta-DN3-Murfatlar-retur,09-10,2026-09-11 09:14:56,34,52.0,1502.9698795180725,21.59277108433735,28.28006024096385,36.0,29.0,20.0,31.14457831325301,16.840481927710844,2.163177307841907,0.0,429.5,0,urban,S1_urban_iesire,0.5397,0.032,1.424,4.7057,0.4494,1.1857
DIESEL_Constanta-DN3-Murfatlar-retur,09-10,2026-09-11 09:14:57,35,52.0,1501.4815698178663,22.0760537727667,28.63025151777969,36.0,29.0,20.0,31.1460537727667,17.26760624457936,2.069876167755589,-0.0324,443.9,0,urban,S1_urban_iesire,0.5388,0.0325,1.4216,4.8111,0.3754,0.9906
DIESEL_Constanta-DN3-Murfatlar-retur,09-10,2026-09-11 09:14:58,36,51.76674364896074,1498.0103926097,21.69267898383372,29.505542725173232,36.0,29.0,20.0,30.77667436489608,17.037644341801386,2.7516476576154765,-0.0899,458.3,0,urban,S1_urban_iesire,0.6099,0.0331,1.6093,4.7275,0.2422,0.6391
DIESEL_Constanta-DN3-Murfatlar-retur,09-10,2026-09-11 09:14:59,37,51.35257082896118,1481.730849947534,21.64756558237146,25.06726128016789,36.0,29.0,20.0,31.193599160545645,17.26,2.214098011687706,0.0324,472.6,0,urban,S1_urban_iesire,0.3486,0.0335,0.9199,4.7177,0.5144,1.3572
DIESEL_Constanta-DN3-Murfatlar-retur,09-10,2026-09-11 09:15:00,38,52.0,1491.383606557377,21.702098360655736,31.2165,36.31393442622951,29.0,20.0,31.786065573770493,17.168959016393444,2.408549442382603,0.0899,487.0,0,urban,S1_urban_iesire,0.6581,0.0341,1.7363,4.7296,0.6545,1.727
DIESEL_Constanta-DN3-Murfatlar-retur,09-10,2026-09-11 09:15:01,39,52.0,1492.4212648556877,21.569499151103567,27.39603565365025,37.0,29.0,20.0,31.00314091680816,17.05025466893039,2.429822325652549,0.0,501.4,0,urban,S1_urban_iesire,0.4416,0.0346,1.1653,4.7007,0.4494,1.1857
DIESEL_Constanta-DN3-Murfatlar-retur,09-10,2026-09-11 09:15:02,40,52.0,1473.533319185059,21.934524617996605,27.06496604414261,37.0,29.0,20.0,30.408913412563667,17.542614601018677,2.738629917185692,-0.0207,515.9,0,urban,S1_urban_iesire,0.4416,0.035,1.1653,4.7802,0.4021,1.061
DIESEL_Constanta-DN3-Murfatlar-retur,09-10,2026-09-11 09:15:03,41,51.85060975609756,1494.1387195121952,21.554054878048785,29.92530487804879,37.0,29.0,20.0,32.449390243902435,16.904268292682925,2.5381945248974302,-0.1389,530.3,0,urban,S1_urban_iesire,0.5744,0.0356,1.5155,4.6973,0.1314,0.3467
DIESEL_Constanta-DN3-Murfatlar-retur,09-10,2026-09-11 09:15:04,42,51.0,1470.9005059021922,20.74273187183811,22.74978077571669,37.0,29.0,20.0,32.59190556492411,16.585902192242834,2.519773859119323,-0.1181,544.5,0,urban,S1_urban_iesire,0.2053,0.0358,0.5418,4.5205,0.1727,0.4557
DIESEL_Constanta-DN3-Murfatlar-retur,09-10,2026-09-11 09:15:05,43,51.0,1466.400789733465,20.74823297137216,22.66525172754196,37.0,29.0,20.0,32.006515301085884,16.71538005923001,1.6244358145356557,0.0,558.6,0,urban,S1_urban_iesire,0.2218,0.036,0.5854,4.5217,0.4371,1.1532
DIESEL_Constanta-DN3-Murfatlar-retur,09-10,2026-09-11 09:15:06,44,51.0,1476.2349137931035,21.12456896551724,29.33396551724138,37.23275862068966,29.0,20.0,33.17155172413793,16.92241379310345,1.5464789068815243,0.0368,572.8,0,urban,S1_urban_iesire,0.5635,0.0366,1.4867,4.6037,0.5194,1.3705
DIESEL_Constanta-DN3-Murfatlar-retur,09-10,2026-09-11 09:15:07,45,51.26462765957447,1490.277925531915,21.90376329787233,32.524534574468085,37.735372340425535,29.0,20.0,31.44401595744681,17.336742021276596,1.5860303809383116,0.075,587.0,0,urban,S1_urban_iesire,0.7404,0.0373,1.9536,4.7735,0.609,1.607
DIESEL_Constanta-DN3-Murfatlar-retur,09-10,2026-09-11 09:15:08,46,51.54012345679012,1492.983024691358,22.515987654320988,29.02462962962962,37.0,29.0,20.0,32.491975308641976,17.747746913580247,2.1489055031298308,-0.0368,601.4,0,urban,S1_urban_iesire,0.5489,0.0379,1.4484,4.9069,0.3604,0.951
DIESEL_Constanta-DN3-Murfatlar-retur,09-10,2026-09-11 09:15:09,47,51.0,1489.6277422303474,22.55697440585009,30.360036563071304,37.43418647166362,29.0,20.0,32.90393053016454,17.85408592321755,2.729188881597433,-0.0287,615.5,0,urban,S1_urban_iesire,0.5977,0.0385,1.5771,4.9159,0.3728,0.9837
DIESEL_Constanta-DN3-Murfatlar-retur,09-10,2026-09-11 09:15:10,48,51.333333333333336,1508.3333333333333,22.356666666666666,32.68333333333333,38.0,29.0,20.0,32.7,17.45,3.2992275573829044,0.1389,629.8,0,urban,S1_urban_iesire,0.7361,0.0392,1.9421,4.8722,0.7541,1.9896
DIESEL_Constanta-DN3-Murfatlar-retur,09-10,2026-09-11 09:15:11,49,52.0,1509.2095286885246,21.81686475409836,25.233709016393444,37.756147540983605,29.0,20.0,31.67069672131148,16.97,3.289312682477005,0.047,644.2,0,urban,S1_urban_iesire,0.3647,0.0396,0.9623,4.7546,0.5566,1.4687
DIESEL_Constanta-DN3-Murfatlar-retur,09-10,2026-09-11 09:15:12,50,51.67167919799499,1479.361528822055,21.362080200501254,22.58248120300752,37.65664160401003,29.0,20.0,32.0358395989975,17.0159649122807,3.047540149269396,-0.1389,658.6,0,urban,S1_urban_iesire,0.209,0.0398,0.5516,4.6555,0.1303,0.3438
DIESEL_Constanta-DN3-Murfatlar-retur,09-10,2026-09-11 09:15:13,51,51.0,1491.759314140559,21.443564775613886,30.43067739204064,38.607112616426754,29.0,20.0,32.36790855207451,16.941058425063506,2.042231973783184,-0.0612,672.7,0,urban,S1_urban_iesire,0.6016,0.0404,1.5875,4.6732,0.3001,0.7918
DIESEL_Constanta-DN3-Murfatlar-retur,09-10,2026-09-11 09:15:14,52,51.23083197389886,1494.8833605220227,21.23844208809136,33.330579119086444,38.0,29.0,20.0,33.16916802610114,16.68,1.7656203405910824,0.1155,687.0,0,urban,S1_urban_iesire,0.757,0.0411,1.9975,4.6285,0.6996,1.8459
DIESEL_Constanta-DN3-Murfatlar-retur,09-10,2026-09-11 09:15:15,53,51.83185840707964,1478.5962389380531,21.05969026548673,21.503584070796457,38.0,28.91592920353982,20.0,32.42522123893805,16.740530973451328,2.5863078206182912,-0.0903,701.4,0,urban,S1_urban_iesire,0.1262,0.0413,0.3329,4.5896,0.2418,0.6381
DIESEL_Constanta-DN3-Murfatlar-retur,09-10,2026-09-11 09:15:16,54,50.58084291187739,1480.1490421455935,21.556076628352493,26.13537164750955,38.2904214559387,28.0,20.0,32.264367816091955,17.147333333333336,2.4048296378108187,0.0055,715.4,0,urban,S1_urban_iesire,0.401,0.0417,1.0581,4.6977,0.4442,1.172
DIESEL_Constanta-DN3-Murfatlar-retur,09-10,2026-09-11 09:15:17,55,51.87152777777778,1504.884548611111,21.176145833333333,36.85097222222228,39.0,28.0,20.0,31.28993055555556,16.567256944444445,2.5636718305033885,0.0582,729.8,0,urban,S1_urban_iesire,0.951,0.0426,2.5092,4.6149,0.5802,1.531
DIESEL_Constanta-DN3-Murfatlar-retur,09-10,2026-09-11 09:15:18,56,51.0,1483.0882059800665,21.38824584717608,22.46757475083056,39.0,28.0,20.0,31.93308970099668,17.01192026578073,2.5327877369056053,-0.121,744.0,0,urban,S1_urban_iesire,0.2097,0.0428,0.5533,4.6612,0.1662,0.4386
DIESEL_Constanta-DN3-Murfatlar-retur,09-10,2026-09-11 09:15:19,57,51.0,1481.7593023255813,21.8666511627907,25.85627906976745,39.0,28.0,20.0,31.99953488372093,17.397302325581396,1.807408596755132,-0.0043,758.2,0,urban,S1_urban_iesire,0.3774,0.0432,0.9957,4.7654,0.4274,1.1278
DIESEL_Constanta-DN3-Murfatlar-retur,09-10,2026-09-11 09:15:20,58,50.9690594059406,1486.4715346534654,20.63980198019802,30.286472772277246,39.0,28.0,20.0,31.85049504950496,16.257945544554453,2.514930265861404,-0.102,772.3,0,urban,S1_urban_iesire,0.6153,0.0438,1.6235,4.4981,0.2085,0.5502
DIESEL_Constanta-DN3-Murfatlar-retur,09-10,2026-09-11 09:15:21,59,50.26528117359413,1479.872249388753,21.188374083129585,23.38240831295843,39.0,27.734718826405867,20.0,31.520293398533003,16.743068459657703,3.620492307210397,-0.0391,786.3,0,urban,S1_urban_iesire,0.2601,0.0441,0.6862,4.6176,0.3419,0.9023
DIESEL_Constanta-DN3-Murfatlar-retur,09-10,2026-09-11 09:15:22,60,50.687548942834766,1470.7523492560688,20.905638214565386,27.52485512920908,39.0,27.0,20.0,34.52505873140172,16.6674784651527,2.3261982162737187,-0.0186,800.4,0,urban,S1_urban_iesire,0.4732,0.0446,1.2486,4.556,0.3919,1.034
DIESEL_Constanta-DN3-Murfatlar-retur,09-10,2026-09-11 09:15:23,61,50.13104189044039,1443.6796455424276,20.89559613319012,23.09288936627283,39.0,27.0,20.0,33.673791621911924,17.026348012889365,1.7173639612321223,0.0434,814.3,0,urban,S1_urban_iesire,0.2419,0.0448,0.6383,4.5538,0.5221,1.3776
DIESEL_Constanta-DN3-Murfatlar-retur,09-10,2026-09-11 09:15:24,62,51.0,1482.1615064695009,22.06529574861368,36.631210720887225,39.0,27.0,20.0,33.28817005545286,17.42647874306839,1.682836254623896,0.1207,828.5,0,urban,S1_urban_iesire,0.9203,0.0457,2.4284,4.8087,0.7072,1.8661
DIESEL_Constanta-DN3-Murfatlar-retur,09-10,2026-09-11 09:15:25,63,51.0,1479.7782571182054,22.084357204486626,28.571044003451256,39.0,26.90595340811044,20.0,32.36583261432269,17.522726488352028,1.7857880738060052,0.0,842.6,0,urban,S1_urban_iesire,0.5225,0.0462,1.3787,4.8129,0.4371,1.1532
DIESEL_Constanta-DN3-Murfatlar-retur,09-10,2026-09-11 09:15:26,64,51.0,1493.7989646246765,22.03258843830889,31.608144952545302,39.0,26.043140638481447,20.0,32.969801553062986,17.27251078515962,2.7650375285009936,-1.3169,856.8,0,urban,S1_urban_iesire,0.6858,0.0469,1.8096,4.8016,0.0694,0.1832
DIESEL_Constanta-DN3-Murfatlar-retur,09-10,2026-09-11 09:15:27,65,41.5185185185185,1282.5462962962968,23.7125925925926,9.727777777777778,39.18518518518519,26.0,20.0,33.38148148148148,15.816666666666665,2.772026940699233,-2.2856,868.3,0,urban,S1_urban_iesire,0.0,0.0469,0.0,5.1677,0.0694,0.1832
DIESEL_Constanta-DN3-Murfatlar-retur,09-10,2026-09-11 09:15:28,66,34.54366197183097,1455.378873239437,26.23670422535212,9.41,40.0,26.0,20.0,33.23915492957746,15.163830985915492,2.1408240226382302,-2.026,877.9,0,urban,S1_urban_iesire,0.0,0.0469,0.0,5.7178,0.0694,0.1832
DIESEL_Constanta-DN3-Murfatlar-retur,09-10,2026-09-11 09:15:29,67,26.931271477663245,1630.804123711341,28.26189003436428,10.33797250859106,40.0,26.0,20.0,32.529553264604814,14.36,2.024257360478764,-1.9422,885.4,0,urban,S1_urban_iesire,0.0,0.0469,0.0,6.1591,0.0694,0.1832
DIESEL_Constanta-DN3-Murfatlar-retur,09-10,2026-09-11 09:15:30,68,20.559999999999945,1403.7871428571448,23.90171428571433,12.55,40.0,25.794285714285703,20.0,32.33257142857142,14.3888,2.8139745216151075,-1.8822,891.1,0,urban,S1_urban_iesire,0.0,0.0469,0.0,5.2089,0.0694,0.1832
DIESEL_Constanta-DN3-Murfatlar-retur,09-10,2026-09-11 09:15:31,69,13.379383634431424,1447.952178533472,23.53242295430384,15.72640807651441,40.0,25.0,20.0,31.883421891604687,14.593995749202977,1.9596505356388376,-1.6775,894.8,0,urban,S1_urban_iesire,0.0409,0.047,0.1079,5.1284,0.0694,0.1832
DIESEL_Constanta-DN3-Murfatlar-retur,09-10,2026-09-11 09:15:32,70,8.481751824817506,1073.6058394160582,13.156277372262773,22.649854014598542,40.0,25.0,20.0,32.948175182481755,14.957007299270074,2.1188078934140444,-1.1679,897.2,0,urban,S1_urban_iesire,0.1262,0.0471,0.3329,2.8672,0.0694,0.1832
DIESEL_Constanta-DN3-Murfatlar-retur,09-10,2026-09-11 09:15:33,71,4.97033898305085,988.7213983050848,12.13334745762712,23.541567796610167,40.0,25.0,20.0,32.597033898305085,15.23,2.5235310165499767,-0.8144,898.6,0,urban,S1_urban_iesire,0.1262,0.0472,0.3329,2.6442,0.0694,0.1832
DIESEL_Constanta-DN3-Murfatlar-retur,09-10,2026-09-11 09:15:34,72,2.6183206106870287,916.6755725190844,11.372671755725191,23.26229007633589,40.0,25.0,20.0,32.3236641221374,15.201374045801527,2.6157332537279334,-0.5514,899.3,0,urban,S1_urban_iesire,0.1262,0.0473,0.3329,2.4785,0.0694,0.1832
DIESEL_Constanta-DN3-Murfatlar-retur,09-10,2026-09-11 09:15:35,73,1.0,831.6392235609105,10.969852744310575,18.82,40.0,24.93842034805889,20.0,32.03078982597055,15.071378848728244,4.205101648236974,-0.2643,899.6,1,urban,S1_urban_iesire,0.1262,0.0475,0.3329,2.3907,0.1528,0.4031
DIESEL_Constanta-DN3-Murfatlar-retur,09-10,2026-09-11 09:15:36,74,0.715238095238092,851.4204761904762,11.12,18.70894285714285,40.0,24.0,20.0,32.52847619047619,14.897285714285712,4.60885929365347,-0.1389,899.8,1,urban,S1_urban_iesire,0.1262,0.0476,0.3329,2.4234,0.1528,0.4031
DIESEL_Constanta-DN3-Murfatlar-retur,09-10,2026-09-11 09:15:37,75,0.0,853.8266596417282,11.067523709167546,18.43,40.0,24.0,20.0,32.54752370916755,14.79,4.646463932390279,-0.0993,899.8,1,urban,S1_urban_iesire,0.1262,0.0477,0.3329,2.412,0.1528,0.4031
DIESEL_Constanta-DN3-Murfatlar-retur,09-10,2026-09-11 09:15:38,76,0.0,848.615424973767,10.998698845750262,18.43,40.0,24.0,20.0,32.620356768100734,14.79,4.163172720428213,0.0401,899.8,1,urban,S1_urban_iesire,0.1262,0.0479,0.3329,2.397,0.1528,0.4031
DIESEL_Constanta-DN3-Murfatlar-retur,09-10,2026-09-11 09:15:39,77,0.2889258950874239,865.1673605328892,11.253788509575353,18.43,40.288925895087424,23.711074104912576,20.0,33.18667776852623,14.79,4.624991780242506,0.1165,899.8,1,urban,S1_urban_iesire,0.1262,0.048,0.3329,2.4525,0.1556,0.4106
DIESEL_Constanta-DN3-Murfatlar-retur,09-10,2026-09-11 09:15:40,78,0.8386740331491707,875.2734806629834,11.409988950276244,18.43,41.0,23.0,20.0,33.01281767955801,14.79,4.2947820953866405,-0.0051,900.1,1,urban,S1_urban_iesire,0.1262,0.0481,0.3329,2.4866,0.1566,0.4131
DIESEL_Constanta-DN3-Murfatlar-retur,09-10,2026-09-11 09:15:41,79,0.2520920502092038,869.0878661087866,11.311338912133891,18.52831589958159,41.0,23.0,20.0,31.42855648535565,14.79,4.082958485317747,-0.0117,900.1,1,urban,S1_urban_iesire,0.1262,0.0482,0.3329,2.4651,0.1538,0.4059
DIESEL_Constanta-DN3-Murfatlar-retur,09-10,2026-09-11 09:15:42,80,0.754098360655739,893.922131147541,11.694098360655738,18.82,41.0,23.0,20.0,32.99508196721312,14.79,3.741414860258433,-0.035,900.4,1,urban,S1_urban_iesire,0.1262,0.0484,0.3329,2.5485,0.1552,0.4095
DIESEL_Constanta-DN3-Murfatlar-retur,09-10,2026-09-11 09:15:43,81,0.0,872.1631832797427,11.375691318327974,18.82,41.0,23.0,20.0,33.76495176848874,14.79,3.795222688789042,-0.1047,900.4,1,urban,S1_urban_iesire,0.1262,0.0485,0.3329,2.4791,0.1528,0.4031
DIESEL_Constanta-DN3-Murfatlar-retur,09-10,2026-09-11 09:15:44,82,0.0,862.3401309164149,11.223887210473311,18.897744209466264,41.0,23.0,20.0,32.51127895266868,14.79,4.288882949835729,0.0318,900.4,1,urban,S1_urban_iesire,0.1262,0.0486,0.3329,2.446,0.1528,0.4031
DIESEL_Constanta-DN3-Murfatlar-retur,09-10,2026-09-11 09:15:45,83,0.2288329519450808,862.0909610983981,11.21482837528604,19.22,41.0,23.0,20.0,31.49496567505721,14.79,4.373629804241063,0.0958,900.4,1,urban,S1_urban_iesire,0.1262,0.0487,0.3329,2.4441,0.1548,0.4085
DIESEL_Constanta-DN3-Murfatlar-retur,09-10,2026-09-11 09:15:46,84,0.6901140684410687,855.2604562737642,11.108307984790876,19.22,41.0,23.0,20.0,32.88022813688214,14.79,3.7150504441626073,-0.0318,900.6,1,urban,S1_urban_iesire,0.1262,0.0489,0.3329,2.4208,0.1551,0.4092
DIESEL_Constanta-DN3-Murfatlar-retur,09-10,2026-09-11 09:15:47,85,0.0,847.2257604562737,10.984467680608365,19.32157794676806,41.0,23.0,20.0,31.65627376425856,14.79,3.847217398133012,-0.0958,900.6,1,urban,S1_urban_iesire,0.1262,0.049,0.3329,2.3939,0.1528,0.4031
DIESEL_Constanta-DN3-Murfatlar-retur,09-10,2026-09-11 09:15:48,86,0.0,829.921768707483,10.734761904761903,19.61,41.25170068027211,23.0,20.0,32.1,14.79,3.988388856541168,0.0,900.6,1,urban,S1_urban_iesire,0.1262,0.0491,0.3329,2.3394,0.1528,0.4031
DIESEL_Constanta-DN3-Murfatlar-retur,09-10,2026-09-11 09:15:49,87,0.0,824.1445242369839,10.648312387791742,19.72903052064632,42.0,23.0,20.0,32.313644524236985,14.79,3.889421456887869,0.0,900.6,1,urban,S1_urban_iesire,0.1262,0.0492,0.3329,2.3206,0.1528,0.4031
DIESEL_Constanta-DN3-Murfatlar-retur,09-10,2026-09-11 09:15:50,88,0.0,829.5553624627606,10.728152929493543,20.087527308838133,42.0,23.0,20.0,32.86732869910625,14.79,3.751298203032891,0.0,900.6,1,urban,S1_urban_iesire,0.1262,0.0494,0.3329,2.338,0.1528,0.4031
DIESEL_Constanta-DN3-Murfatlar-retur,09-10,2026-09-11 09:15:51,89,0.0,837.2486945169713,10.831409921671018,20.39,42.0,23.0,20.0,33.04281984334204,14.79,3.906631245655156,0.0,900.6,1,urban,S1_urban_iesire,0.1262,0.0495,0.3329,2.3605,0.1528,0.4031
DIESEL_Constanta-DN3-Murfatlar-retur,09-10,2026-09-11 09:15:52,90,0.0,828.942280945758,10.709596662030595,20.51285813630042,42.0,23.0,20.0,32.71098748261474,14.79,3.994848219471538,0.0033,900.6,1,urban,S1_urban_iesire,0.1262,0.0496,0.3329,2.334,0.1528,0.4031
DIESEL_Constanta-DN3-Murfatlar-retur,09-10,2026-09-11 09:15:53,91,0.0240770465489573,821.9787319422151,10.603370786516852,20.78,42.0,23.0,20.0,32.333707865168535,14.79,3.825035097912673,0.0958,900.6,1,urban,S1_urban_iesire,0.1262,0.0497,0.3329,2.3108,0.153,0.4037
DIESEL_Constanta-DN3-Murfatlar-retur,09-10,2026-09-11 09:15:54,92,0.6901185770751022,828.5385375494071,10.699715415019764,20.90395256916996,42.0,23.0,20.0,33.359130434782614,14.79,4.269645549051155,-0.0033,900.8,1,urban,S1_urban_iesire,0.1262,0.0499,0.3329,2.3318,0.1559,0.4115
DIESEL_Constanta-DN3-Murfatlar-retur,09-10,2026-09-11 09:15:55,93,0.0,827.8749999999998,10.689999999999996,21.18,42.0,23.16666666666666,20.0,32.550000000000004,14.79,3.618682732472816,-0.0511,900.8,1,urban,S1_urban_iesire,0.1262,0.05,0.3329,2.3297,0.1528,0.4031
DIESEL_Constanta-DN3-Murfatlar-retur,09-10,2026-09-11 09:15:56,94,0.3221535745807558,853.3808473080318,11.070670785525154,21.18,42.0,24.0,20.0,32.52550750220653,14.79,3.6670861615749377,0.1119,900.9,1,urban,S1_urban_iesire,0.1262,0.0501,0.3329,2.4126,0.1559,0.4113
DIESEL_Constanta-DN3-Murfatlar-retur,09-10,2026-09-11 09:15:57,95,0.805369127516778,850.256711409396,11.026107382550334,21.18,42.19463087248322,24.0,20.0,33.33087248322148,14.79,3.7800131112775217,-0.0447,901.1,1,urban,S1_urban_iesire,0.1262,0.0503,0.3329,2.4029,0.155,0.409
DIESEL_Constanta-DN3-Murfatlar-retur,09-10,2026-09-11 09:15:58,96,0.0,849.9542253521128,11.02001564945227,21.20441314553991,43.0,24.0,20.0,34.63114241001564,14.79,3.974246881426192,-0.1119,901.1,1,urban,S1_urban_iesire,0.1262,0.0504,0.3329,2.4016,0.1528,0.4031
DIESEL_Constanta-DN3-Murfatlar-retur,09-10,2026-09-11 09:15:59,97,0.0,861.0158662092624,11.17343910806175,21.57,43.0,24.0,20.0,33.11852487135506,14.79,4.335760664861098,0.0,901.1,1,urban,S1_urban_iesire,0.1262,0.0505,0.3329,2.435,0.1528,0.4031
DIESEL_Constanta-DN3-Murfatlar-retur,09-10,2026-09-11 09:16:00,98,0.0,862.4595827900913,11.18,21.57,43.0,24.0,20.0,32.383833116036506,14.79,4.379300483856564,0.0,901.1,1,urban,S1_urban_iesire,0.1262,0.0506,0.3329,2.4365,0.1528,0.4031
DIESEL_Constanta-DN3-Murfatlar-retur,09-10,2026-09-11 09:16:01,99,0.0,866.5064239828694,11.220085653104926,21.57,43.0,24.33404710920771,20.0,32.83340471092077,14.79,4.118464091252914,0.0,901.1,1,urban,S1_urban_iesire,0.1262,0.0508,0.3329,2.4452,0.1528,0.4031
DIESEL_Constanta-DN3-Murfatlar-retur,09-10,2026-09-11 09:16:02,100,0.0,872.5778164924507,11.299221835075494,21.57,43.0,25.0,20.0,32.93112659698025,14.79,4.271930947287843,0.0,901.1,1,urban,S1_urban_iesire,0.1262,0.0509,0.3329,2.4625,0.1528,0.4031
DIESEL_Constanta-DN3-Murfatlar-retur,09-10,2026-09-11 09:16:03,101,0.0,873.6722408026756,11.291722408026756,21.50282608695652,43.0,25.17224080267559,20.0,33.24832775919732,14.79,4.747057892810893,0.0,901.1,1,urban,S1_urban_iesire,0.1262,0.051,0.3329,2.4608,0.1528,0.4031
DIESEL_Constanta-DN3-Murfatlar-retur,09-10,2026-09-11 09:16:04,102,0.0,874.3198482932995,11.296965865992414,21.18,43.0,26.01264222503161,20.0,33.01011378002529,14.79,4.337343567696311,0.0,901.1,1,urban,S1_urban_iesire,0.1262,0.0511,0.3329,2.462,0.1528,0.4031
DIESEL_Constanta-DN3-Murfatlar-retur,09-10,2026-09-11 09:16:05,103,0.0,857.0652266894782,11.009418306244656,21.18,43.0,27.0,20.0,33.406586826347315,14.79,4.281046005299199,0.0,901.1,1,urban,S1_urban_iesire,0.1262,0.0513,0.3329,2.3993,0.1528,0.4031
DIESEL_Constanta-DN3-Murfatlar-retur,09-10,2026-09-11 09:16:06,104,0.0,843.0682762201454,10.785327102803738,21.15923156801661,43.05192107995846,27.05192107995846,20.0,31.7,14.79,4.302448568748356,0.0114,901.1,1,urban,S1_urban_iesire,0.1262,0.0514,0.3329,2.3505,0.1528,0.4031
DIESEL_Constanta-DN3-Murfatlar-retur,09-10,2026-09-11 09:16:07,105,0.0817669172932356,839.9339755639098,10.700817669172933,20.78,44.0,28.08176691729324,20.0,31.63458646616541,14.79,4.485663866996964,0.133,901.1,1,urban,S1_urban_iesire,0.1262,0.0515,0.3329,2.332,0.1536,0.4054
DIESEL_Constanta-DN3-Murfatlar-retur,09-10,2026-09-11 09:16:08,106,0.9575645756457636,841.7135608856089,10.70448339483395,20.78,44.0,29.042435424354235,20.0,31.05276752767525,14.79,4.002798119138168,-0.0114,901.4,1,urban,S1_urban_iesire,0.1262,0.0516,0.3329,2.3328,0.1568,0.4138
DIESEL_Constanta-DN3-Murfatlar-retur,09-10,2026-09-11 09:16:09,107,0.0,833.3208556149733,10.712896613190727,20.61280748663102,44.0,30.0,20.0,33.85695187165776,14.97862745098039,3.756423137430923,0.0742,901.4,1,urban,S1_urban_iesire,0.1262,0.0518,0.3329,2.3347,0.1528,0.4031
DIESEL_Constanta-DN3-Murfatlar-retur,09-10,2026-09-11 09:16:10,108,1.4921030756442146,870.4399418121361,11.304804655029091,25.18860349127179,44.0,30.0,20.0,32.67173732335827,15.489625935162094,3.4843515833911574,0.7909,901.8,0,urban,S1_urban_iesire,0.1827,0.0519,0.482,2.4637,0.1283,0.3386
DIESEL_Constanta-DN3-Murfatlar-retur,09-10,2026-09-11 09:16:11,109,5.694568121104209,982.0865983971512,12.6925734639359,37.450730186999145,44.0,30.13891362422084,20.0,32.06669634906501,16.261139804096178,2.3608168831945573,1.2087,903.4,0,urban,S1_urban_iesire,0.3593,0.0523,0.948,2.7661,0.3987,1.0519
DIESEL_Constanta-DN3-Murfatlar-retur,09-10,2026-09-11 09:16:12,110,10.194977843426887,1112.554652880355,15.593161004431323,43.28140324963072,44.0,31.0,20.0,33.085376661742984,17.316543574593798,1.775344442870903,1.4185,906.2,0,urban,S1_urban_iesire,0.6463,0.053,1.7053,3.3982,0.7534,1.988
DIESEL_Constanta-DN3-Murfatlar-retur,09-10,2026-09-11 09:16:13,111,15.90782422293675,1632.7132904608775,26.11709539121112,37.083076098606654,44.0,31.0,20.0,33.29603429796355,18.694726688102893,2.579495290486129,1.4797,910.7,0,urban,S1_urban_iesire,1.0667,0.054,2.8146,5.6917,1.1817,3.118
DIESEL_Constanta-DN3-Murfatlar-retur,09-10,2026-09-11 09:16:14,112,20.848776223776223,2124.5981206293704,36.22461538461538,34.9,44.36975524475525,31.369755244755243,20.0,33.323513986013985,19.46538461538461,2.9075907228126385,1.2931,916.5,0,urban,S1_urban_iesire,1.4018,0.0554,3.6987,7.8945,1.36,3.5885
DIESEL_Constanta-DN3-Murfatlar-retur,09-10,2026-09-11 09:16:15,113,25.2183406113537,2214.830786026203,39.127510917030605,38.48496724890826,44.69541484716157,32.0,20.0,31.90862445414848,20.239301310043665,2.904587107196752,1.2736,923.5,0,urban,S1_urban_iesire,1.6788,0.0571,4.4296,8.5271,1.6137,4.258
DIESEL_Constanta-DN3-Murfatlar-retur,09-10,2026-09-11 09:16:16,114,30.01890989988876,1840.6393214682976,33.40262513904337,46.35101223581758,44.40378197997775,32.0,20.0,31.25583982202448,20.97419354838709,2.6175156314710177,1.2525,931.8,0,urban,S1_urban_iesire,1.8939,0.059,4.9972,7.2795,1.8875,4.9803
DIESEL_Constanta-DN3-Murfatlar-retur,09-10,2026-09-11 09:16:17,115,34.23650899400399,2108.5058294470346,39.79171219187207,46.00055962691539,45.0,32.0,20.0,31.12551632245169,21.54566289140573,2.699097173932572,0.9559,941.3,0,urban,S1_urban_iesire,2.1795,0.0612,5.7508,8.6718,1.706,4.5016
DIESEL_Constanta-DN3-Murfatlar-retur,09-10,2026-09-11 09:16:18,116,36.90139906728846,2298.7123584277138,44.51522984676879,46.26038640906063,45.0,32.0,20.0,32.25809460359759,22.032005329780144,2.53375963412265,1.3208,951.6,0,urban,S1_urban_iesire,2.3897,0.0636,6.3053,9.7013,2.4311,6.4146
DIESEL_Constanta-DN3-Murfatlar-retur,09-10,2026-09-11 09:16:19,117,43.74644727000747,2347.718586387436,51.36051608077786,51.59847419596108,45.0,33.0,20.0,32.79521316379955,22.61980553477936,2.39482375648854,1.4231,963.7,0,urban,S1_urban_iesire,2.7129,0.0663,7.1582,11.1931,3.0885,8.1493
DIESEL_Constanta-DN3-Murfatlar-retur,09-10,2026-09-11 09:16:20,118,47.14806378132118,1893.392938496583,48.24309794988618,57.18056947608213,45.14806378132118,33.0,20.0,32.496355353075174,22.16824601366743,2.0667810621514784,0.5908,976.8,0,urban,S1_urban_iesire,2.5167,0.0688,6.6406,10.5137,1.6149,4.261
DIESEL_Constanta-DN3-Murfatlar-retur,09-10,2026-09-11 09:16:21,119,48.0,1791.8912319644862,32.13871254162047,35.0435849056604,46.0,33.27968923418423,20.0,31.788124306326303,20.855560488346285,2.1373292814744898,0.16,990.1,0,urban,S1_urban_iesire,1.1586,0.07,3.0571,7.004,0.7389,1.9498
DIESEL_Constanta-DN3-Murfatlar-retur,09-10,2026-09-11 09:16:22,120,48.300256629597946,1402.1310949529511,22.568571428571428,30.898597091531222,46.0,34.0,20.0,31.830282292557744,19.45251497005988,2.4023952155745647,0.1603,1003.6,0,urban,S1_urban_iesire,0.5678,0.0705,1.4982,4.9184,0.7451,1.966
DIESEL_Constanta-DN3-Murfatlar-retur,09-10,2026-09-11 09:16:23,121,49.15384615384615,1420.25,21.266153846153845,30.041538461538465,46.0,34.0,20.0,32.73846153846154,17.996153846153845,2.207713641822709,0.236,1017.2,0,urban,S1_urban_iesire,0.5775,0.0711,1.5238,4.6346,0.9242,2.4387
DIESEL_Constanta-DN3-Murfatlar-retur,09-10,2026-09-11 09:16:24,122,49.99915469146238,1428.491758241758,20.53073541842773,31.368672865595936,46.0,34.0,20.0,33.49923922231614,17.260735418427732,1.677913172058049,0.023,1031.1,0,urban,S1_urban_iesire,0.6308,0.0717,1.6646,4.4743,0.4755,1.2547
DIESEL_Constanta-DN3-Murfatlar-retur,09-10,2026-09-11 09:16:25,123,49.31924882629108,1437.207746478873,21.140845070422536,29.73230046948356,46.0,34.0,20.0,32.236150234741785,17.69,1.8546942177410728,0.0001,1044.8,0,urban,S1_urban_iesire,0.537,0.0723,1.4169,4.6072,0.4173,1.101
DIESEL_Constanta-DN3-Murfatlar-retur,09-10,2026-09-11 09:16:26,124,50.0,1441.125621890547,21.096119402985074,38.03706467661696,46.0,34.0,20.0,32.13880597014926,17.652487562189055,1.7059311026411956,0.0945,1058.7,0,urban,S1_urban_iesire,0.936,0.0732,2.4697,4.5975,0.6324,1.6687
DIESEL_Constanta-DN3-Murfatlar-retur,09-10,2026-09-11 09:16:27,125,50.0,1452.052255985267,21.00669429097606,27.36022099447514,46.0,33.88489871086556,20.0,32.52661141804788,17.36662062615101,1.5898382746443187,-0.0121,1072.6,0,urban,S1_urban_iesire,0.4344,0.0736,1.1461,4.578,0.3985,1.0515
DIESEL_Constanta-DN3-Murfatlar-retur,09-10,2026-09-11 09:16:28,126,49.912556053811656,1437.6992713004483,20.471468609865468,26.412477578475325,46.0,33.0,20.0,33.495627802690585,17.08464125560538,2.1696115589210736,-0.2778,1086.4,0,urban,S1_urban_iesire,0.3675,0.074,0.9697,4.4614,0.0694,0.1832
DIESEL_Constanta-DN3-Murfatlar-retur,09-10,2026-09-11 09:16:29,127,48.0,1410.5650386847196,19.43274661508704,21.840560928433305,46.0,33.0,20.0,33.300483558994195,16.53,2.511799702306949,-0.2426,1099.8,0,urban,S1_urban_iesire,0.171,0.0742,0.4513,4.235,0.0694,0.1832
DIESEL_Constanta-DN3-Murfatlar-retur,09-10,2026-09-11 09:16:30,128,48.16617647058823,1417.710661764706,19.553382352941178,28.173529411764704,46.0,32.83382352941177,20.0,32.9825,16.53,2.1958971881193623,0.1389,1113.2,0,urban,S1_urban_iesire,0.4416,0.0746,1.1653,4.2613,0.6974,1.8401
DIESEL_Constanta-DN3-Murfatlar-retur,09-10,2026-09-11 09:16:31,129,49.0,1417.7592592592594,19.929099491648508,27.34631082062455,46.314451706608565,32.0,20.0,34.08554829339143,16.85074074074074,2.429163087993885,0.1258,1126.8,0,urban,S1_urban_iesire,0.4218,0.075,1.1129,4.3432,0.6839,1.8044
DIESEL_Constanta-DN3-Murfatlar-retur,09-10,2026-09-11 09:16:32,130,49.07207207207209,1428.211711711712,20.99774774774776,27.25954954954973,47.0,31.927927927927914,20.0,33.45045045045046,17.580990990990998,3.168527900270044,0.1837,1140.4,0,urban,S1_urban_iesire,0.424,0.0755,1.1188,4.5761,0.8098,2.1367
DIESEL_Constanta-DN3-Murfatlar-retur,09-10,2026-09-11 09:16:33,131,50.32254335260115,1453.1528901734102,22.011919075144505,38.7356300578035,47.0,31.0,20.0,34.32578034682081,18.028381502890173,1.6127769436008643,0.224,1154.4,0,urban,S1_urban_iesire,0.9687,0.0764,2.5561,4.7971,0.9236,2.437
DIESEL_Constanta-DN3-Murfatlar-retur,09-10,2026-09-11 09:16:34,132,50.685171102661606,1461.5325095057033,22.22499619771863,34.59715589353616,46.685171102661606,31.0,20.0,34.548136882129285,18.038699619771865,1.855666640800316,-0.0448,1168.5,0,urban,S1_urban_iesire,0.8038,0.0772,2.1209,4.8435,0.3336,0.8802
DIESEL_Constanta-DN3-Murfatlar-retur,09-10,2026-09-11 09:16:35,133,50.0,1465.4995187680463,21.920895091434083,30.360943214629547,46.09528392685274,31.0,20.0,34.15245428296438,17.75710298363812,1.8245634520402747,-0.0952,1182.3,0,urban,S1_urban_iesire,0.5828,0.0778,1.5378,4.7772,0.2161,0.5703
DIESEL_Constanta-DN3-Murfatlar-retur,09-10,2026-09-11 09:16:36,134,50.0,1454.3487654320986,20.760987654320985,20.92567901234569,47.0,31.0,20.0,35.55679012345679,16.97,2.22725041328506,0.0,1196.2,0,urban,S1_urban_iesire,0.1301,0.0779,0.3432,4.5245,0.425,1.1215
DIESEL_Constanta-DN3-Murfatlar-retur,09-10,2026-09-11 09:16:37,135,50.0,1432.519945355191,20.370010928961747,24.34699453551905,47.0,31.0,20.0,34.61147540983608,16.97,2.4536850506329,0.0,1210.1,0,urban,S1_urban_iesire,0.2499,0.0782,0.6595,4.4393,0.425,1.1215
DIESEL_Constanta-DN3-Murfatlar-retur,09-10,2026-09-11 09:16:38,136,50.0,1465.082627118644,20.94891041162228,34.62184019370458,47.0,31.0,20.0,32.486440677966115,17.030738498789347,1.846656151915143,0.0,1224.0,0,urban,S1_urban_iesire,0.7805,0.079,2.0595,4.5654,0.425,1.1215
DIESEL_Constanta-DN3-Murfatlar-retur,09-10,2026-09-11 09:16:39,137,50.0,1468.4400647948164,21.330021598272136,29.31591792656585,47.24982001439885,31.0,20.0,34.27530597552195,17.26,2.8134743203040475,0.0,1237.9,0,urban,S1_urban_iesire,0.5679,0.0795,1.4983,4.6485,0.425,1.1215
DIESEL_Constanta-DN3-Murfatlar-retur,09-10,2026-09-11 09:16:40,138,50.0,1458.1808855291576,21.243628509719223,25.64421166306696,47.96976241900648,31.0,20.0,33.051403887688984,17.26,2.6895155296103925,0.0,1251.8,0,urban,S1_urban_iesire,0.3862,0.0799,1.019,4.6296,0.425,1.1215
DIESEL_Constanta-DN3-Murfatlar-retur,09-10,2026-09-11 09:16:41,139,50.0,1452.6591569767445,20.56178779069767,24.660406976744163,47.0,31.0,20.0,33.885465116279086,16.846816860465115,2.2384224051800143,0.0,1265.7,0,urban,S1_urban_iesire,0.3267,0.0803,0.8621,4.4811,0.425,1.1215
DIESEL_Constanta-DN3-Murfatlar-retur,09-10,2026-09-11 09:16:42,140,50.0,1454.9669642857143,20.71603571428572,28.22128571428572,47.31071428571428,31.0,20.0,33.21071428571428,16.97,2.6425601005486583,0.0,1279.6,0,urban,S1_urban_iesire,0.4766,0.0807,1.2574,4.5147,0.425,1.1215
DIESEL_Constanta-DN3-Murfatlar-retur,09-10,2026-09-11 09:16:43,141,50.0,1472.51617076326,21.04724450194049,32.26565329883573,48.0,31.0,20.0,33.94980595084088,16.98946959896507,2.2106676454753225,0.0,1293.5,0,urban,S1_urban_iesire,0.6797,0.0814,1.7935,4.5868,0.425,1.1215
DIESEL_Constanta-DN3-Murfatlar-retur,09-10,2026-09-11 09:16:44,142,50.0,1454.5107913669065,21.27001027749229,28.06603288797531,47.730729701952725,31.0,20.0,34.703802672148,17.36230215827338,2.389644684736898,0.0,1307.3,0,urban,S1_urban_iesire,0.4805,0.0819,1.2678,4.6354,0.425,1.1215
DIESEL_Constanta-DN3-Murfatlar-retur,09-10,2026-09-11 09:16:45,143,50.0,1465.1741116751273,21.24875126903554,30.064670050761503,47.29340101522842,31.0,20.0,33.87065989847716,17.21598984771574,2.07357124022938,0.0,1321.2,0,urban,S1_urban_iesire,0.5905,0.0825,1.5581,4.6308,0.425,1.1215
DIESEL_Constanta-DN3-Murfatlar-retur,09-10,2026-09-11 09:16:46,144,50.0,1443.377710320902,21.124943625325244,25.30992194275805,48.0,31.0,20.0,33.879098005203815,17.37893321769298,2.619836863805335,0.0241,1335.1,0,urban,S1_urban_iesire,0.3057,0.0828,0.8066,4.6038,0.4779,1.2611
DIESEL_Constanta-DN3-Murfatlar-retur,09-10,2026-09-11 09:16:47,145,50.17376294591486,1460.7793440736482,22.191311852704256,33.755765247410984,48.0,31.0,20.0,34.15212888377446,18.07960874568469,1.8517980191849777,0.1682,1349.1,0,urban,S1_urban_iesire,0.7405,0.0835,1.954,4.8362,0.7975,2.1043
DIESEL_Constanta-DN3-Murfatlar-retur,09-10,2026-09-11 09:16:48,146,51.21107784431138,1481.7578592814373,22.363188622754496,41.20983532934121,48.0,31.0,20.0,34.568862275449106,17.962425149700604,1.7621647040813535,0.248,1363.3,0,urban,S1_urban_iesire,1.0887,0.0846,2.8726,4.8736,0.997,2.6307
DIESEL_Constanta-DN3-Murfatlar-retur,09-10,2026-09-11 09:16:49,147,51.95958083832336,1492.4240269461077,23.119176646706585,27.414925149700625,48.0,31.0,20.0,35.16766467065868,18.396556886227547,1.778731366979704,0.0631,1377.7,0,urban,S1_urban_iesire,0.4748,0.0851,1.2528,5.0384,0.5927,1.564
DIESEL_Constanta-DN3-Murfatlar-retur,09-10,2026-09-11 09:16:50,148,51.665306122448975,1507.139795918367,22.69065306122448,31.36693877551017,48.0,31.0,20.0,33.49918367346939,17.834897959183664,1.6006837284463993,-0.1333,1392.1,0,urban,S1_urban_iesire,0.6726,0.0858,1.7748,4.945,0.1429,0.3772
DIESEL_Constanta-DN3-Murfatlar-retur,09-10,2026-09-11 09:16:51,149,51.0,1492.4261939218522,21.39510853835021,26.361505065122945,48.0,31.0,20.0,32.97409551374819,17.005253256150507,1.8883365370942315,-0.0924,1406.2,0,urban,S1_urban_iesire,0.4094,0.0862,1.0802,4.6627,0.2302,0.6075
DIESEL_Constanta-DN3-Murfatlar-retur,09-10,2026-09-11 09:16:52,150,51.0,1487.9037626628076,21.43852387843705,20.96353111432702,48.0,31.0,20.0,32.6123010130246,17.10655571635311,1.652014733448795,0.0,1420.4,0,urban,S1_urban_iesire,0.1355,0.0863,0.3575,4.6721,0.4371,1.1532
DIESEL_Constanta-DN3-Murfatlar-retur,09-10,2026-09-11 09:16:53,151,51.0,1488.3587662337663,21.069074675324675,28.36373376623377,48.22564935064934,31.0,20.0,35.351785714285725,16.82,1.857833941986073,0.0,1434.6,0,urban,S1_urban_iesire,0.5393,0.0869,1.4231,4.5916,0.4371,1.1532
DIESEL_Constanta-DN3-Murfatlar-retur,09-10,2026-09-11 09:16:54,152,51.0,1470.30412371134,20.88107674684994,27.59490263459333,48.94730813287515,31.0,20.0,34.48419243986255,16.82,1.5656636437380362,0.0,1448.7,0,urban,S1_urban_iesire,0.4516,0.0873,1.1916,4.5506,0.4371,1.1532
DIESEL_Constanta-DN3-Murfatlar-retur,09-10,2026-09-11 09:16:55,153,51.0,1487.9104965156794,21.137935540069687,28.780435540069668,48.0,31.0,20.0,34.36576655052265,16.79890243902439,1.570960375897544,-0.0034,1462.9,0,urban,S1_urban_iesire,0.5548,0.0879,1.464,4.6066,0.4294,1.1331
DIESEL_Constanta-DN3-Murfatlar-retur,09-10,2026-09-11 09:16:56,154,50.97534516765285,1455.431459566075,20.466025641025645,20.91535502958583,48.024654832347146,31.0,20.0,35.27041420118342,16.690601577909273,1.5809350504449933,-0.1368,1477.1,0,urban,S1_urban_iesire,0.1324,0.088,0.3494,4.4602,0.1307,0.3449
DIESEL_Constanta-DN3-Murfatlar-retur,09-10,2026-09-11 09:16:57,155,50.014765100671134,1472.570134228188,21.096161073825503,26.374241610738213,49.0,31.0,20.0,34.10885906040268,17.10571812080537,1.8065341641306536,0.0034,1491.0,0,urban,S1_urban_iesire,0.3841,0.0884,1.0136,4.5975,0.4327,1.1417
DIESEL_Constanta-DN3-Murfatlar-retur,09-10,2026-09-11 09:16:58,156,51.0,1476.1560606060607,21.01733333333333,31.524424242424303,49.0,31.0,20.0,34.769090909090906,16.953575757575752,2.002735389567204,0.1368,1505.1,0,urban,S1_urban_iesire,0.6699,0.089,1.7676,4.5803,0.7433,1.9611
DIESEL_Constanta-DN3-Murfatlar-retur,09-10,2026-09-11 09:16:59,157,51.0,1473.1927877947294,21.60230235783634,26.51686546463236,49.0,31.0,20.0,34.93841886269071,17.4,2.894842941945597,0.0,1519.3,0,urban,S1_urban_iesire,0.4271,0.0895,1.127,4.7078,0.4371,1.1532
DIESEL_Constanta-DN3-Murfatlar-retur,09-10,2026-09-11 09:17:00,158,51.0,1477.0690509915014,21.524093484419264,29.991798866855564,49.0,31.0,20.0,34.87620396600566,17.361331444759205,1.8916690483715413,0.0,1533.5,0,urban,S1_urban_iesire,0.5894,0.0901,1.5553,4.6908,0.4371,1.1532
DIESEL_Constanta-DN3-Murfatlar-retur,09-10,2026-09-11 09:17:01,159,51.0,1477.246104815864,21.432025495750707,24.43230878186964,49.0,31.0,20.0,35.5844192634561,17.262181303116147,2.567869839395367,0.0,1547.6,0,urban,S1_urban_iesire,0.3213,0.0904,0.8479,4.6707,0.4371,1.1532
DIESEL_Constanta-DN3-Murfatlar-retur,09-10,2026-09-11 09:17:02,160,51.0,1476.4129244249727,21.15658269441402,27.941226725082185,49.0,31.0,20.0,34.45750273822563,17.056396495071194,2.116081426437612,0.0,1561.8,0,urban,S1_urban_iesire,0.4805,0.0909,1.2679,4.6107,0.4371,1.1532
DIESEL_Constanta-DN3-Murfatlar-retur,09-10,2026-09-11 09:17:03,161,51.0,1457.5980434782612,21.066139130434784,26.536486956521856,49.0,31.0,20.0,34.86295652173912,17.213173913043477,1.9408449238065544,0.0,1576.0,0,urban,S1_urban_iesire,0.4019,0.0913,1.0605,4.591,0.4371,1.1532
DIESEL_Constanta-DN3-Murfatlar-retur,09-10,2026-09-11 09:17:04,162,51.0,1479.218661971831,21.26467605633803,34.02443661971829,49.0,31.0,20.0,34.60647887323944,17.11,2.2539241011784283,0.0,1590.1,0,urban,S1_urban_iesire,0.7494,0.092,1.9775,4.6342,0.4371,1.1532
DIESEL_Constanta-DN3-Murfatlar-retur,09-10,2026-09-11 09:17:05,163,51.0,1478.4946660482374,21.726215213358063,26.106363636363582,49.46289424860853,31.0,20.0,34.86502782931356,17.447912801484225,1.928471939456938,0.0,1604.3,0,urban,S1_urban_iesire,0.3598,0.0924,0.9494,4.7348,0.4371,1.1532
DIESEL_Constanta-DN3-Murfatlar-retur,09-10,2026-09-11 09:17:06,164,51.0,1484.0,22.107038626609445,32.64564806866952,50.0,31.0,20.0,33.850472103004286,17.6304034334764,1.619808306905078,0.0289,1618.5,0,urban,S1_urban_iesire,0.6993,0.0931,1.8452,4.8178,0.5017,1.3239
DIESEL_Constanta-DN3-Murfatlar-retur,09-10,2026-09-11 09:17:07,165,51.208130081300816,1487.069918699187,21.69538211382114,33.34943089430893,50.0,31.0,20.0,35.16650406504065,17.26,1.824264893599211,0.1325,1632.7,0,urban,S1_urban_iesire,0.7545,0.0938,1.9909,4.7281,0.7374,1.9456
DIESEL_Constanta-DN3-Murfatlar-retur,09-10,2026-09-11 09:17:08,166,51.95406360424026,1497.02738515901,21.807950530035324,27.143604240282563,50.0,31.0,20.0,35.85053003533571,17.266431095406364,2.5390558794731235,0.025,1647.1,0,urban,S1_urban_iesire,0.4873,0.0943,1.2859,4.7526,0.5058,1.3346
DIESEL_Constanta-DN3-Murfatlar-retur,09-10,2026-09-11 09:17:09,167,51.388185654008446,1470.9546413502112,21.443164556962028,25.651729957805983,50.0,31.0,20.0,36.51181434599155,17.345654008438817,2.160923738726652,-0.0265,1661.4,0,urban,S1_urban_iesire,0.3711,0.0947,0.9792,4.6731,0.382,1.008
DIESEL_Constanta-DN3-Murfatlar-retur,09-10,2026-09-11 09:17:10,168,51.7631352282515,1486.0131352282517,21.50472868217054,32.95812230835486,50.0,30.763135228251503,20.0,35.37889750215331,17.191309216192938,2.199493655780194,-0.0539,1675.8,0,urban,S1_urban_iesire,0.7421,0.0954,1.9582,4.6865,0.324,0.8548
DIESEL_Constanta-DN3-Murfatlar-retur,09-10,2026-09-11 09:17:11,169,51.0,1484.7236147757255,21.29015831134565,30.46358839050129,50.0,30.0,20.0,33.59472295514512,17.013614775725593,2.146528613763922,-0.106,1689.9,0,urban,S1_urban_iesire,0.6276,0.0961,1.6559,4.6398,0.1998,0.5272
DIESEL_Constanta-DN3-Murfatlar-retur,09-10,2026-09-11 09:17:12,170,51.0,1481.1102875112308,21.53084456424079,24.141150044923616,50.31985624438454,30.0,20.0,33.351841868822994,17.21202156334232,2.7059919777321086,0.0,1704.1,0,urban,S1_urban_iesire,0.2927,0.0963,0.7724,4.6922,0.4371,1.1532
DIESEL_Constanta-DN3-Murfatlar-retur,09-10,2026-09-11 09:17:13,171,51.0,1477.8744966442953,21.1601744966443,27.166979865771783,51.0,30.0,20.0,34.91543624161072,16.969744966442956,2.085793575924116,0.0,1718.3,0,urban,S1_urban_iesire,0.4403,0.0968,1.1617,4.6115,0.4371,1.1532
DIESEL_Constanta-DN3-Murfatlar-retur,09-10,2026-09-11 09:17:14,172,51.0,1472.4582043343653,20.9456346749226,27.809690402476804,50.61455108359134,30.0,20.0,36.09891640866874,16.791780185758512,1.9411136270293765,0.0,1732.4,0,urban,S1_urban_iesire,0.4949,0.0973,1.3057,4.5647,0.4371,1.1532
DIESEL_Constanta-DN3-Murfatlar-retur,09-10,2026-09-11 09:17:15,173,51.0,1469.532590759076,21.18608910891089,26.21313531353134,50.0,30.0,20.0,35.41897689768976,17.0192904290429,1.617934540625055,0.0,1746.6,0,urban,S1_urban_iesire,0.4,0.0977,1.0554,4.6171,0.4371,1.1532
DIESEL_Constanta-DN3-Murfatlar-retur,09-10,2026-09-11 09:17:16,174,51.0,1467.263613861386,21.458366336633663,27.83029702970297,50.0,30.0,20.0,35.996534653465346,17.258564356435645,2.5086358621564457,0.0,1760.8,0,urban,S1_urban_iesire,0.5041,0.0982,1.3301,4.6764,0.4371,1.1532
DIESEL_Constanta-DN3-Murfatlar-retur,09-10,2026-09-11 09:17:17,175,51.0,1468.452807357212,21.66207163601162,31.61200387221689,50.0,29.037754114230385,20.0,34.65285575992254,17.394714424007745,2.078219916021668,0.1389,1774.9,0,urban,S1_urban_iesire,0.6868,0.0989,1.8123,4.7208,0.748,1.9735
DIESEL_Constanta-DN3-Murfatlar-retur,09-10,2026-09-11 09:17:18,176,52.0,1499.9739932885905,22.108557046979858,31.362102908277368,51.0,29.0,20.0,35.301565995525735,17.39919463087248,1.6437664424851048,0.0231,1789.4,0,urban,S1_urban_iesire,0.6936,0.0996,1.8301,4.8181,0.5021,1.3248
DIESEL_Constanta-DN3-Murfatlar-retur,09-10,2026-09-11 09:17:19,177,51.16650438169425,1455.6781888997075,21.0658812074002,22.961820837390448,51.0,28.89581304771178,20.0,36.56455696202532,16.573729308666017,1.5133526304084353,-1.1796,1803.6,0,urban,S1_urban_iesire,0.2826,0.0999,0.7456,4.5909,0.0694,0.1832
DIESEL_Constanta-DN3-Murfatlar-retur,09-10,2026-09-11 09:17:20,178,43.50718685831615,1291.3583162217683,23.40340862423001,11.3059342915811,50.91786447638603,28.0,20.0,35.34250513347022,15.588542094455844,2.0093930050260647,-1.9544,1815.7,0,urban,S1_urban_iesire,0.0,0.0999,0.0,5.1003,0.0694,0.1832
DIESEL_Constanta-DN3-Murfatlar-retur,09-10,2026-09-11 09:17:21,179,37.09498399146214,1450.42182497332,25.25743863393812,10.59,50.113127001067234,28.0,20.0,34.88100320170757,14.74135538954109,2.03981149117911,-2.0411,1826.0,0,urban,S1_urban_iesire,0.0,0.0999,0.0,5.5044,0.0694,0.1832
DIESEL_Constanta-DN3-Murfatlar-retur,09-10,2026-09-11 09:17:22,180,28.81125439624847,1265.9199882766732,21.09372801875737,10.667268464243849,51.0,28.0,20.0,36.24056271981242,14.36,2.255799063027456,-2.1159,1834.0,0,urban,S1_urban_iesire,0.0,0.0999,0.0,4.597,0.0694,0.1832
DIESEL_Constanta-DN3-Murfatlar-retur,09-10,2026-09-11 09:17:23,181,21.860735009671146,1566.7983558994215,26.96179883945845,11.340618955512578,51.0,28.0,20.0,35.72495164410058,14.36,2.1003888147139245,-1.8125,1840.1,0,urban,S1_urban_iesire,0.0,0.0999,0.0,5.8758,0.0694,0.1832
DIESEL_Constanta-DN3-Murfatlar-retur,09-10,2026-09-11 09:17:24,182,15.76098418277676,1696.520210896305,29.69523725834789,11.867592267135317,51.0,27.75219683655536,20.0,34.7530755711775,14.431862917398949,1.9212576509434287,-1.4752,1844.4,0,urban,S1_urban_iesire,0.0,0.0999,0.0,6.4715,0.0694,0.1832
DIESEL_Constanta-DN3-Murfatlar-retur,09-10,2026-09-11 09:17:25,183,11.239101717305129,1237.1083223249657,20.13710700132095,13.293130779392412,51.0,27.0,20.0,34.09947159841481,14.70516512549538,2.6213566155264,-1.2445,1847.6,0,urban,S1_urban_iesire,0.024,0.0999,0.0633,4.3885,0.0694,0.1832
DIESEL_Constanta-DN3-Murfatlar-retur,09-10,2026-09-11 09:17:26,184,6.800929512006192,1020.3915569326105,12.359178931061193,23.3738187451588,51.0,27.0,20.0,35.44027885360185,15.02693261037955,1.963271695348097,-1.0301,1849.4,0,urban,S1_urban_iesire,0.1262,0.1,0.3329,2.6934,0.0694,0.1832
DIESEL_Constanta-DN3-Murfatlar-retur,09-10,2026-09-11 09:17:27,185,3.822550831792968,963.712569316081,11.729500924214411,24.059297597042523,51.08872458410352,27.0,20.0,34.69759704251387,15.242421441774493,1.5100516472958023,-0.672,1850.5,0,urban,S1_urban_iesire,0.1262,0.1001,0.3329,2.5562,0.0694,0.1832
DIESEL_Constanta-DN3-Murfatlar-retur,09-10,2026-09-11 09:17:28,186,1.962516733601045,892.9082998661304,10.8035609103079,25.416532797858046,51.981258366800525,26.98125836680052,20.0,35.729986613119166,15.36456492637215,2.570646350838157,-0.5309,1851.0,0,urban,S1_urban_iesire,0.1262,0.1003,0.3329,2.3544,0.0694,0.1832
DIESEL_Constanta-DN3-Murfatlar-retur,09-10,2026-09-11 09:17:29,187,0.0,838.9806791569086,11.012927400468383,21.57,51.20843091334894,26.0,20.0,36.98735362997658,15.050819672131148,4.361204569544526,-0.2726,1851.0,1,urban,S1_urban_iesire,0.1262,0.1004,0.3329,2.4001,0.1528,0.4031
DIESEL_Constanta-DN3-Murfatlar-retur,09-10,2026-09-11 09:17:30,188,0.0,851.080601092896,11.098797814207648,21.57,51.98907103825136,26.0,20.0,35.81639344262296,14.94153005464481,4.617753966863349,0.0265,1851.0,1,urban,S1_urban_iesire,0.1262,0.1005,0.3329,2.4188,0.1528,0.4031
DIESEL_Constanta-DN3-Murfatlar-retur,09-10,2026-09-11 09:17:31,189,0.1909246575342568,844.6549657534249,10.860188356164388,21.49553938356164,51.190924657534254,26.0,20.0,35.28090753424657,14.79,3.746612380986868,0.1389,1851.1,1,urban,S1_urban_iesire,0.1262,0.1006,0.3329,2.3668,0.1548,0.4086
DIESEL_Constanta-DN3-Murfatlar-retur,09-10,2026-09-11 09:17:32,190,1.0,867.1760204081634,11.210204081632654,21.18,51.948979591836725,26.0,20.0,35.23061224489796,14.79,3.905868913915941,0.1124,1851.4,1,urban,S1_urban_iesire,0.1262,0.1008,0.3329,2.4431,0.1624,0.4286
DIESEL_Constanta-DN3-Murfatlar-retur,09-10,2026-09-11 09:17:33,191,1.0,879.4673005565863,11.395732838589982,21.18,51.021335807050086,26.0,20.0,35.787198515769944,14.79,5.365141704458466,-0.0864,1851.7,1,urban,S1_urban_iesire,0.1262,0.1009,0.3329,2.4835,0.1537,0.4056
DIESEL_Constanta-DN3-Murfatlar-retur,09-10,2026-09-11 09:17:34,192,0.3775601068566335,867.2704808548531,11.215307212822797,21.028975957257348,52.0,26.0,20.0,34.86224398931434,14.79,4.821329780337568,-0.037,1851.8,1,urban,S1_urban_iesire,0.1262,0.101,0.3329,2.4442,0.154,0.4062
DIESEL_Constanta-DN3-Murfatlar-retur,09-10,2026-09-11 09:17:35,193,0.733863837312124,867.6591511936341,11.220804597701152,20.78,52.0,26.0,20.0,34.98629531388151,14.79,3.892369953430305,-0.0524,1852.0,1,urban,S1_urban_iesire,0.1262,0.1011,0.3329,2.4454,0.1546,0.4078
DIESEL_Constanta-DN3-Murfatlar-retur,09-10,2026-09-11 09:17:36,194,0.0,856.9696969696969,11.060303030303029,20.78,52.0,26.0,20.0,35.42424242424243,14.79,3.8390797594573263,-0.1019,1852.0,1,urban,S1_urban_iesire,0.1262,0.1013,0.3329,2.4104,0.1528,0.4031
DIESEL_Constanta-DN3-Murfatlar-retur,09-10,2026-09-11 09:17:37,195,0.0,868.3364485981308,11.234485981308412,20.750841121495327,52.0,25.92523364485981,20.0,34.94766355140187,14.79,4.536316046843429,0.0,1852.0,1,urban,S1_urban_iesire,0.1262,0.1014,0.3329,2.4483,0.1528,0.4031
DIESEL_Constanta-DN3-Murfatlar-retur,09-10,2026-09-11 09:17:38,196,0.0,865.481849611063,11.184727744165944,20.39,52.0,25.35090751944685,20.0,34.51054451166811,14.79,4.696476780817324,0.0,1852.0,1,urban,S1_urban_iesire,0.1262,0.1015,0.3329,2.4375,0.1528,0.4031
DIESEL_Constanta-DN3-Murfatlar-retur,09-10,2026-09-11 09:17:39,197,0.0,851.1981022463207,10.970712625871418,20.31477924089853,52.0,26.0,20.0,35.15073586367157,14.79,4.21953084155803,0.0,1852.0,1,urban,S1_urban_iesire,0.1262,0.1016,0.3329,2.3909,0.1528,0.4031
DIESEL_Constanta-DN3-Murfatlar-retur,09-10,2026-09-11 09:17:40,198,0.0,845.969597211464,10.89325329202169,20.012687838884585,52.0,26.0,20.0,36.15770720371805,14.79,4.705144250872276,0.0,1852.0,1,urban,S1_urban_iesire,0.1262,0.1018,0.3329,2.374,0.1528,0.4031
DIESEL_Constanta-DN3-Murfatlar-retur,09-10,2026-09-11 09:17:41,199,0.0,842.4033923303836,10.82551622418879,19.61,52.0,26.0,20.0,34.502064896755165,14.79,4.232016948935639,0.0,1852.0,1,urban,S1_urban_iesire,0.1262,0.1019,0.3329,2.3592,0.1528,0.4031
DIESEL_Constanta-DN3-Murfatlar-retur,09-10,2026-09-11 09:17:42,200,0.0,838.3473451327434,10.751769911504423,19.61,52.0,26.0,20.0,34.207079646017704,14.79,4.86508283883699,0.0,1852.0,1,urban,S1_urban_iesire,0.1262,0.102,0.3329,2.3431,0.1528,0.4031
DIESEL_Constanta-DN3-Murfatlar-retur,09-10,2026-09-11 09:17:43,201,0.0,832.6867720465887,10.648019966722122,19.22,53.0,27.0,20.0,35.8277870216306,14.79,4.859860896870496,0.0,1852.0,1,urban,S1_urban_iesire,0.1262,0.1021,0.3329,2.3205,0.1528,0.4031
DIESEL_Constanta-DN3-Murfatlar-retur,09-10,2026-09-11 09:17:44,202,0.0,815.2910798122066,10.37,19.09632461435278,53.0,27.309188464118048,20.0,35.107243460764586,14.79,3.756042947049108,0.0,1852.0,1,urban,S1_urban_iesire,0.1262,0.1023,0.3329,2.2599,0.1528,0.4031
DIESEL_Constanta-DN3-Murfatlar-retur,09-10,2026-09-11 09:17:45,203,0.0,816.4647887323944,10.37,18.82804828973843,53.0,27.97987927565392,20.0,34.90603621730382,14.79,3.736093217255872,0.0403,1852.0,1,urban,S1_urban_iesire,0.1262,0.1024,0.3329,2.2599,0.1528,0.4031
DIESEL_Constanta-DN3-Murfatlar-retur,09-10,2026-09-11 09:17:46,204,0.290262172284643,822.7743445692884,10.429681647940075,18.82,53.0,29.0,20.0,34.97097378277154,14.79,4.136599687044474,0.1049,1852.0,1,urban,S1_urban_iesire,0.1262,0.1025,0.3329,2.273,0.1555,0.4103
DIESEL_Constanta-DN3-Murfatlar-retur,09-10,2026-09-11 09:17:47,205,0.7555555555555606,823.6888888888889,10.414222222222222,18.82,53.0,29.24444444444444,20.0,34.86333333333333,14.79,4.428969032426514,-0.0403,1852.3,1,urban,S1_urban_iesire,0.1262,0.1027,0.3329,2.2696,0.155,0.409
DIESEL_Constanta-DN3-Murfatlar-retur,09-10,2026-09-11 09:17:48,206,0.0,835.7122117847994,10.569496157130658,18.73607173356105,53.0,30.21520068317677,20.0,34.71771989752349,14.79,3.6469050263351206,-0.1049,1852.3,1,urban,S1_urban_iesire,0.1262,0.1028,0.3329,2.3034,0.1528,0.4031
DIESEL_Constanta-DN3-Murfatlar-retur,09-10,2026-09-11 09:17:49,207,0.0,850.3617647058823,10.764294117647058,18.43,53.0,31.0,20.0,34.71117647058822,14.79,3.7801939805920624,0.0,1852.3,1,urban,S1_urban_iesire,0.1262,0.1029,0.3329,2.3459,0.1528,0.4031
DIESEL_Constanta-DN3-Murfatlar-retur,09-10,2026-09-11 09:17:50,208,0.0,862.8486842105262,10.94664717348928,18.43,53.0,31.059454191033144,20.0,35.916764132553595,14.816159844054583,3.947177225725015,0.0299,1852.3,1,urban,S1_urban_iesire,0.1262,0.103,0.3329,2.3856,0.1528,0.4031
DIESEL_Constanta-DN3-Murfatlar-retur,09-10,2026-09-11 09:17:51,209,0.2155172413792937,861.6508620689651,11.260862068965514,19.190775862068907,53.0,32.0,20.0,34.62586206896552,15.267499999999998,5.83503509511609,0.8244,1852.3,1,urban,S1_urban_iesire,0.1343,0.1032,0.3545,2.4541,0.1616,0.4264
DIESEL_Constanta-DN3-Murfatlar-retur,09-10,2026-09-11 09:17:52,210,5.935402684563808,998.075503355706,12.90072986577184,37.47375000000008,53.0,32.18708053691276,20.0,35.29354026845638,16.317013422818803,2.065613538080793,1.381,1854.0,0,urban,S1_urban_iesire,0.3745,0.1035,0.9881,2.8115,0.4575,1.2071
DIESEL_Constanta-DN3-Murfatlar-retur,09-10,2026-09-11 09:17:53,211,10.158365261813564,1108.2924648786743,15.407828863346154,43.31264367816088,53.0,33.0,20.0,35.70395913154534,17.305925925925937,1.6343086097168755,1.3403,1856.8,0,urban,S1_urban_iesire,0.6434,0.1042,1.6977,3.3578,0.7161,1.8895
DIESEL_Constanta-DN3-Murfatlar-retur,09-10,2026-09-11 09:17:54,212,15.585677749360588,1613.0920716112507,25.529641943733967,37.04419437340155,53.31713554987212,33.0,20.0,35.768286445012784,18.648337595907925,1.980079135202664,1.4432,1861.1,0,urban,S1_urban_iesire,1.0464,0.1052,2.761,5.5637,1.134,2.9923
DIESEL_Constanta-DN3-Murfatlar-retur,09-10,2026-09-11 09:17:55,213,20.54945968412305,2137.110972568581,36.27211138819624,34.9,54.0,33.38736492103076,20.0,36.12610141313384,19.480881130507072,2.3468279188037693,1.2212,1866.8,0,urban,S1_urban_iesire,1.4084,0.1066,3.7163,7.9048,1.2764,3.3679
DIESEL_Constanta-DN3-Murfatlar-retur,09-10,2026-09-11 09:17:56,214,24.378406708595403,2231.145964360585,39.19290356394126,38.14476939203358,54.0,34.0,20.0,36.8,20.218490566037737,2.3069483425252,1.2299,1873.6,0,urban,S1_urban_iesire,1.6751,0.1083,4.42,8.5414,1.5146,3.9964
DIESEL_Constanta-DN3-Murfatlar-retur,09-10,2026-09-11 09:17:57,215,29.40454545454545,1797.0647727272724,32.2358,46.55763636363637,54.0,34.0,20.0,36.65954545454545,20.945063636363635,1.7335855118046115,1.3711,1881.8,0,urban,S1_urban_iesire,1.8551,0.1102,4.895,7.0252,2.0023,5.2832
DIESEL_Constanta-DN3-Murfatlar-retur,09-10,2026-09-11 09:17:58,216,34.25,2077.0625,38.8825,46.27,54.0,34.0,20.0,36.125,21.615,1.840001035510428,1.3453,1891.3,0,urban,S1_urban_iesire,2.1608,0.1123,5.7016,8.4737,2.2921,6.0478
DIESEL_Constanta-DN3-Murfatlar-retur,09-10,2026-09-11 09:17:59,217,39.090643274853775,2367.2081505847937,45.85502923976604,46.485402046783626,54.0,34.27266081871345,20.0,35.76359649122807,22.16724415204678,2.581353593776593,1.0803,1902.1,0,urban,S1_urban_iesire,2.4834,0.1148,6.5528,9.9932,2.1647,5.7119
DIESEL_Constanta-DN3-Murfatlar-retur,09-10,2026-09-11 09:18:00,218,42.028248587570594,2571.3358050847505,50.3988418079097,47.11536723163837,54.0,35.0,20.0,36.2,22.475903954802263,1.459052081471612,1.0023,1913.8,0,urban,S1_urban_iesire,2.7093,0.1175,7.1488,10.9835,2.1878,5.7728
DIESEL_Constanta-DN3-Murfatlar-retur,09-10,2026-09-11 09:18:01,219,46.307135470527406,1698.2856773526362,31.492864529472577,51.77028955532573,54.0,35.0,20.0,36.53784901758015,21.767931747673213,1.8658191759248768,0.7438,1926.7,0,urban,S1_urban_iesire,1.8594,0.1194,4.9061,6.8633,1.8948,4.9996
DIESEL_Constanta-DN3-Murfatlar-retur,09-10,2026-09-11 09:18:02,220,47.38327526132405,1388.2134146341466,24.05017421602788,44.556689895470384,54.0,35.0,20.0,36.45679442508709,21.07905923344947,1.5883939077360285,0.3577,1939.8,0,urban,S1_urban_iesire,1.0967,0.1205,2.8938,5.2413,1.1388,3.0049
DIESEL_Constanta-DN3-Murfatlar-retur,09-10,2026-09-11 09:18:03,221,48.8824082784572,1419.771872060207,22.9640545625588,39.64206020696144,54.0,35.4412041392286,20.0,35.7618062088429,19.616124176857948,1.747532931223673,0.2695,1953.4,0,urban,S1_urban_iesire,0.9408,0.1214,2.4823,5.0046,0.9901,2.6126
DIESEL_Constanta-DN3-Murfatlar-retur,09-10,2026-09-11 09:18:04,222,49.32389675270606,1416.0,21.406036636136548,30.68077435470435,54.0,36.0,20.0,36.39716902581182,18.316602830974183,1.929332660369032,-0.0975,1967.1,0,urban,S1_urban_iesire,0.566,0.122,1.4935,4.665,0.206,0.5436
DIESEL_Constanta-DN3-Murfatlar-retur,09-10,2026-09-11 09:18:05,223,48.18014059753956,1413.97341827768,20.66085237258347,25.273840070298803,54.0,36.0,20.0,35.94595782073814,17.708497363796127,2.0896640857056283,-0.0589,1980.5,0,urban,S1_urban_iesire,0.3382,0.1223,0.8923,4.5026,0.2794,0.7372
DIESEL_Constanta-DN3-Murfatlar-retur,09-10,2026-09-11 09:18:06,224,48.90014903129656,1404.4254843517135,19.82296572280179,27.879940387481373,54.09985096870344,36.0,20.0,35.69001490312966,17.138956780923994,1.9478280985915053,0.0581,1994.1,0,urban,S1_urban_iesire,0.4416,0.1228,1.1653,4.32,0.5369,1.4166
DIESEL_Constanta-DN3-Murfatlar-retur,09-10,2026-09-11 09:18:07,225,48.59863945578231,1407.860544217687,20.06891156462585,31.406802721088376,55.0,35.70068027210885,20.0,35.8095238095238,17.313197278911566,2.900788355217746,0.1389,2007.6,0,urban,S1_urban_iesire,0.5927,0.1234,1.5639,4.3736,0.705,1.8601
DIESEL_Constanta-DN3-Murfatlar-retur,09-10,2026-09-11 09:18:08,226,49.90027322404371,1422.301229508197,20.20288251366121,37.09971311475392,55.0,35.0,20.0,36.15040983606556,17.15387978142077,2.6499604145620186,0.0967,2021.4,0,urban,S1_urban_iesire,0.8646,0.1242,2.2812,4.4028,0.6356,1.6772
DIESEL_Constanta-DN3-Murfatlar-retur,09-10,2026-09-11 09:18:09,227,49.294727744165954,1418.0289541918755,20.56642178046673,25.846499567847943,55.0,35.0,20.0,35.27156439066552,17.55,1.946058809396108,0.0139,2035.1,0,urban,S1_urban_iesire,0.3307,0.1246,0.8726,4.4821,0.4468,1.179
DIESEL_Constanta-DN3-Murfatlar-retur,09-10,2026-09-11 09:18:10,228,50.0,1421.7122093023256,20.43244186046512,33.56337209302325,55.0,35.0,20.0,36.6139534883721,17.39488372093023,2.250742567914028,0.0536,2049.0,0,urban,S1_urban_iesire,0.7021,0.1253,1.8525,4.4529,0.5427,1.4319
DIESEL_Constanta-DN3-Murfatlar-retur,09-10,2026-09-11 09:18:11,229,49.68041237113402,1436.0463917525774,20.255154639175256,27.17175257731959,55.0,34.68041237113402,20.0,36.94432989690721,16.97,2.675274725470594,-0.1339,2062.8,0,urban,S1_urban_iesire,0.4189,0.1257,1.1052,4.4142,0.1293,0.3412
DIESEL_Constanta-DN3-Murfatlar-retur,09-10,2026-09-11 09:18:12,230,49.03608247422681,1441.6842783505151,20.32603092783505,28.183350515463903,55.0,34.03608247422681,20.0,36.42886597938145,16.97,3.737956778590704,-0.2308,2076.4,0,urban,S1_urban_iesire,0.5002,0.1262,1.3197,4.4297,0.0694,0.1832
DIESEL_Constanta-DN3-Murfatlar-retur,09-10,2026-09-11 09:18:13,231,48.018711018711016,1397.1060291060292,19.083762993762992,20.919584199584207,55.0,34.0,20.0,35.61496881496882,16.53823284823285,2.8091651215880145,-0.1439,2089.8,0,urban,S1_urban_iesire,0.1333,0.1263,0.3516,4.1589,0.0988,0.2608
DIESEL_Constanta-DN3-Murfatlar-retur,09-10,2026-09-11 09:18:14,232,48.0,1401.73828125,19.307317708333333,26.903020833333297,55.0,33.0,20.0,37.31953125,16.570234375,2.283734352625694,-0.0026,2103.1,0,urban,S1_urban_iesire,0.3955,0.1267,1.0435,4.2077,0.3964,1.0459
DIESEL_Constanta-DN3-Murfatlar-retur,09-10,2026-09-11 09:18:15,233,48.0,1399.2768292682929,19.652536585365848,29.189073170731696,55.356097560975606,32.643902439024394,20.0,36.88634146341464,16.936390243902434,2.4106644735522247,0.0263,2116.4,0,urban,S1_urban_iesire,0.4866,0.1272,1.2838,4.2829,0.4573,1.2066
DIESEL_Constanta-DN3-Murfatlar-retur,09-10,2026-09-11 09:18:16,234,48.18943533697632,1405.6971766848817,20.37145719489982,30.94258652094718,55.81056466302368,32.0,20.0,36.708378870673954,17.454936247723133,1.4371648147317386,0.1389,2129.8,0,urban,S1_urban_iesire,0.5917,0.1278,1.5613,4.4396,0.6978,1.8412
DIESEL_Constanta-DN3-Murfatlar-retur,09-10,2026-09-11 09:18:17,235,49.0,1413.1390845070423,20.72968309859155,33.85371478873236,55.0968309859155,32.0,20.0,37.41602112676055,17.648362676056337,1.5529672218189794,0.1126,2143.4,0,urban,S1_urban_iesire,0.6879,0.1285,1.815,4.5176,0.6555,1.7295
DIESEL_Constanta-DN3-Murfatlar-retur,09-10,2026-09-11 09:18:18,236,49.0,1443.9489436619715,20.817711267605635,31.43294014084509,55.97711267605633,32.0,20.0,35.743485915492975,17.26984154929578,1.4349832090408745,-0.052,2157.1,0,urban,S1_urban_iesire,0.6323,0.1291,1.6685,4.5368,0.3015,0.7955
DIESEL_Constanta-DN3-Murfatlar-retur,09-10,2026-09-11 09:18:19,237,48.62533692722372,1422.0606469002696,20.451401617250674,25.88202156334233,56.0,32.0,20.0,36.400269541778975,17.238894878706198,2.1419823311996766,-0.0982,2170.6,0,urban,S1_urban_iesire,0.3389,0.1294,0.8943,4.457,0.1994,0.5262
DIESEL_Constanta-DN3-Murfatlar-retur,09-10,2026-09-11 09:18:20,238,48.29315332690453,1419.8567984570875,20.15241080038573,31.200086788813884,56.0,32.0,20.0,36.54493731918997,17.011041465766635,1.9627396702408768,0.052,2184.0,0,urban,S1_urban_iesire,0.583,0.13,1.5384,4.3918,0.5154,1.36
DIESEL_Constanta-DN3-Murfatlar-retur,09-10,2026-09-11 09:18:21,239,49.0,1416.4129110840438,20.279110840438488,28.544007308160737,56.0,32.0,20.0,37.83982947624848,17.11,2.453447249546005,0.0381,2197.6,0,urban,S1_urban_iesire,0.4796,0.1305,1.2655,4.4194,0.4953,1.3068
DIESEL_Constanta-DN3-Murfatlar-retur,09-10,2026-09-11 09:18:22,240,48.56741028128032,1418.7904946653737,20.275276430649857,29.58183317167804,56.0,32.0,20.0,36.82415130940834,17.11,1.7868354044622905,-0.0961,2211.1,0,urban,S1_urban_iesire,0.52,0.131,1.372,4.4186,0.2035,0.5369
DIESEL_Constanta-DN3-Murfatlar-retur,09-10,2026-09-11 09:18:23,241,48.30809205642168,1405.264291017075,19.89010393466964,24.58930215293243,56.0,32.0,20.0,36.44647364513735,17.020653303637715,1.7453076280446214,0.0601,2224.5,0,urban,S1_urban_iesire,0.2817,0.1313,0.7432,4.3347,0.5328,1.4058
DIESEL_Constanta-DN3-Murfatlar-retur,09-10,2026-09-11 09:18:24,242,49.0,1428.5099601593622,20.07903054448872,30.413665338645263,56.0,32.0,20.0,37.0722443559097,16.84618857901727,2.2767515440153048,0.1317,2238.1,0,urban,S1_urban_iesire,0.5853,0.1319,1.5444,4.3758,0.6965,1.8379
DIESEL_Constanta-DN3-Murfatlar-retur,09-10,2026-09-11 09:18:25,243,49.25651465798045,1419.2074511400651,20.249519543973943,26.41562703583054,56.0,32.0,20.0,37.85130293159609,17.11,2.3230741644632937,0.1007,2251.8,0,urban,S1_urban_iesire,0.3689,0.1323,0.9735,4.413,0.634,1.6729
DIESEL_Constanta-DN3-Murfatlar-retur,09-10,2026-09-11 09:18:26,244,49.72468354430382,1433.0312500000002,20.34096518987343,39.72564873417748,56.13765822784809,32.0,20.0,37.8485759493671,17.03015822784811,2.718858786012073,-0.1745,2265.6,0,urban,S1_urban_iesire,0.9423,0.1332,2.4862,4.4329,0.0694,0.1832
DIESEL_Constanta-DN3-Murfatlar-retur,09-10,2026-09-11 09:18:27,245,48.0,1407.3763537906136,19.66300541516246,20.94425992779784,56.589350180505406,32.410649819494594,20.0,36.94106498194946,16.768176895306866,2.1548478536868663,-0.2395,2278.9,0,urban,S1_urban_iesire,0.1262,0.1333,0.3329,4.2852,0.0694,0.1832
DIESEL_Constanta-DN3-Murfatlar-retur,09-10,2026-09-11 09:18:28,246,48.0,1394.0578529657478,19.797953216374268,24.9311946533,56.0,32.71010860484544,20.0,36.85505430242272,17.025931495405178,2.60414900664309,0.0213,2292.3,0,urban,S1_urban_iesire,0.2908,0.1336,0.7673,4.3146,0.4468,1.1788
DIESEL_Constanta-DN3-Murfatlar-retur,09-10,2026-09-11 09:18:29,247,48.153531218014336,1394.5519447287616,19.49452405322416,34.23975435005118,56.0,32.0,20.0,36.88382804503584,16.82,2.613659179109243,0.1034,2305.6,0,urban,S1_urban_iesire,0.7037,0.1343,1.8567,4.2485,0.6221,1.6416
DIESEL_Constanta-DN3-Murfatlar-retur,09-10,2026-09-11 09:18:30,248,48.74483775811209,1407.001843657817,19.92116519174041,31.29710914454272,56.0,32.0,20.0,38.59174041297935,17.006268436578175,1.8503418049635665,0.0282,2319.2,0,urban,S1_urban_iesire,0.5961,0.1349,1.5729,4.3414,0.4707,1.242
DIESEL_Constanta-DN3-Murfatlar-retur,09-10,2026-09-11 09:18:31,249,48.35688536409517,1399.588320115357,20.48925739005047,26.101160778659025,56.35688536409517,32.0,20.0,37.50706560922856,17.55,2.3501819001370587,0.0354,2332.6,0,urban,S1_urban_iesire,0.3513,0.1353,0.927,4.4652,0.4811,1.2693
DIESEL_Constanta-DN3-Murfatlar-retur,09-10,2026-09-11 09:18:32,250,49.0,1404.094007050529,20.54096357226792,35.54024676850763,56.87309048178613,32.12690951821387,20.0,37.54770857814336,17.513196239717978,2.147107201326779,0.1197,2346.2,0,urban,S1_urban_iesire,0.7571,0.136,1.9976,4.4765,0.6707,1.7698
DIESEL_Constanta-DN3-Murfatlar-retur,09-10,2026-09-11 09:18:33,251,49.21853741496599,1418.9917091836735,20.477746598639456,32.967125850340125,56.21853741496599,33.0,20.0,36.5437074829932,17.32337585034014,2.5122933540988743,0.1229,2359.9,0,urban,S1_urban_iesire,0.6881,0.1367,1.8157,4.4627,0.6813,1.7978
DIESEL_Constanta-DN3-Murfatlar-retur,09-10,2026-09-11 09:18:34,252,49.8846153846154,1421.8173076923076,20.660000000000007,27.08769230769236,57.0,33.0,20.0,36.73461538461538,17.483076923076933,2.1375016947638508,-0.0763,2373.8,0,urban,S1_urban_iesire,0.4271,0.1371,1.1269,4.5025,0.2566,0.6771
DIESEL_Constanta-DN3-Murfatlar-retur,09-10,2026-09-11 09:18:35,253,48.66899563318778,1424.207423580786,19.968296943231444,24.31,57.0,33.0,20.0,37.43030567685589,16.82435807860262,1.8229085886056289,-0.2178,2387.3,0,urban,S1_urban_iesire,0.2946,0.1374,0.7772,4.3517,0.0694,0.1832
DIESEL_Constanta-DN3-Murfatlar-retur,09-10,2026-09-11 09:18:36,254,48.31664411366713,1413.5290933694182,19.64248985115021,25.1807713125846,57.0,33.0,20.0,37.88836265223273,16.669323410013536,1.6768717971649865,0.046,2400.7,0,urban,S1_urban_iesire,0.2923,0.1377,0.7713,4.2807,0.503,1.3273
DIESEL_Constanta-DN3-Murfatlar-retur,09-10,2026-09-11 09:18:37,255,49.0,1420.1090998043053,20.02426614481409,29.33964774951076,57.0,33.0,20.0,36.8385518590998,16.97,2.200714633098352,0.0949,2414.3,0,urban,S1_urban_iesire,0.5008,0.1382,1.3213,4.3639,0.6174,1.6291
DIESEL_Constanta-DN3-Murfatlar-retur,09-10,2026-09-11 09:18:38,256,49.0,1428.915362035225,20.174298760600127,33.944996738421345,57.0,33.0,20.0,36.51239399869537,16.97,2.156545489188294,0.1389,2427.9,0,urban,S1_urban_iesire,0.7477,0.139,1.9729,4.3966,0.712,1.8788
DIESEL_Constanta-DN3-Murfatlar-retur,09-10,2026-09-11 09:18:39,257,50.0,1427.8862876254182,20.7247491638796,28.01501672240808,57.0,33.0,20.0,36.67090301003345,17.417558528428092,2.544080200970522,0.1138,2441.8,0,urban,S1_urban_iesire,0.4674,0.1394,1.2332,4.5166,0.6748,1.7804
DIESEL_Constanta-DN3-Murfatlar-retur,09-10,2026-09-11 09:18:40,258,49.81938325991191,1433.808370044053,20.454273127753314,33.06925110132183,57.0,33.0,20.0,37.40837004405285,17.057621145374455,2.1838796627350376,-0.1389,2455.7,0,urban,S1_urban_iesire,0.6948,0.1401,1.8334,4.4576,0.1192,0.3145
DIESEL_Constanta-DN3-Murfatlar-retur,09-10,2026-09-11 09:18:41,259,49.0,1427.6987951807228,20.103277108433726,23.3575421686745,57.0,33.0,20.0,37.69951807228917,16.86626506024096,2.245837609338428,-0.1559,2469.3,0,urban,S1_urban_iesire,0.2235,0.1404,0.5897,4.3811,0.0781,0.206
DIESEL_Constanta-DN3-Murfatlar-retur,09-10,2026-09-11 09:18:42,260,48.69722814498935,1429.5868869936037,20.25366737739872,27.882729211087423,57.302771855010654,33.0,20.0,37.053198294243074,17.01238805970149,1.753775556769236,-0.1335,2482.8,0,urban,S1_urban_iesire,0.4225,0.1408,1.1149,4.4139,0.1245,0.3285
DIESEL_Constanta-DN3-Murfatlar-retur,09-10,2026-09-11 09:18:43,261,48.03897435897437,1420.7210256410258,20.19689230769232,27.25857435897441,58.0,33.0,20.0,36.63897435897437,17.121302564102567,1.5753099012915464,0.1809,2496.1,0,urban,S1_urban_iesire,0.3884,0.1412,1.0248,4.4015,0.7837,2.0679
DIESEL_Constanta-DN3-Murfatlar-retur,09-10,2026-09-11 09:18:44,262,50.0,1456.5674157303372,21.531213483146075,36.99835955056189,58.0,33.0,20.0,38.58022471910113,17.683078651685395,2.449460008444078,0.2724,2510.0,0,urban,S1_urban_iesire,0.8739,0.142,2.3059,4.6923,1.0228,2.6988
DIESEL_Constanta-DN3-Murfatlar-retur,09-10,2026-09-11 09:18:45,263,50.0,1448.3302919708028,21.189270072992706,30.89941605839419,58.0,33.0,20.0,38.2,17.55,2.498820313373201,0.0,2523.9,0,urban,S1_urban_iesire,0.6332,0.1427,1.6708,4.6178,0.425,1.1215
DIESEL_Constanta-DN3-Murfatlar-retur,09-10,2026-09-11 09:18:46,264,50.0,1446.6986386138617,21.00763613861387,25.352574257425715,58.0,33.0,20.0,38.103465346534655,17.37382425742575,1.9310117588752205,-0.0535,2537.8,0,urban,S1_urban_iesire,0.3611,0.143,0.9529,4.5782,0.3076,0.8117
DIESEL_Constanta-DN3-Murfatlar-retur,09-10,2026-09-11 09:18:47,265,49.61454183266933,1436.5881474103587,19.76923306772909,25.908665338645463,58.0,33.0,20.0,37.761454183266935,16.54247011952192,2.059529868440754,-0.1389,2551.6,0,urban,S1_urban_iesire,0.3588,0.1434,0.9468,4.3083,0.118,0.3115
DIESEL_Constanta-DN3-Murfatlar-retur,09-10,2026-09-11 09:18:48,266,49.0,1422.094632768362,19.35281355932203,21.40122033898306,58.0,33.0,20.0,37.7,16.351005649717504,2.3495667172218893,-0.0405,2565.2,0,urban,S1_urban_iesire,0.1262,0.1435,0.3329,4.2176,0.3262,0.8608
DIESEL_Constanta-DN3-Murfatlar-retur,09-10,2026-09-11 09:18:49,267,49.32295719844358,1420.5194552529183,19.698249027237352,25.7369260700389,58.0,33.0,20.0,37.7,16.68,2.5799845417424705,0.1349,2578.9,0,urban,S1_urban_iesire,0.3503,0.1439,0.9243,4.2929,0.7091,1.871
DIESEL_Constanta-DN3-Murfatlar-retur,09-10,2026-09-11 09:18:50,268,49.97146562905319,1440.136835278859,20.016018158236065,34.88738002594049,58.0,33.0,20.0,37.7,16.68,2.1558742272010574,0.1102,2592.8,0,urban,S1_urban_iesire,0.8004,0.1447,2.1119,4.3621,0.6664,1.7583
DIESEL_Constanta-DN3-Murfatlar-retur,09-10,2026-09-11 09:18:51,269,50.11635750421588,1440.3397976391238,21.307993254637463,29.998364249578707,58.0,33.0,20.0,38.33490725126476,17.741197301854985,1.8322373175261784,0.0973,2606.7,0,urban,S1_urban_iesire,0.5708,0.1452,1.5061,4.6437,0.6404,1.6899
DIESEL_Constanta-DN3-Murfatlar-retur,09-10,2026-09-11 09:18:52,270,50.672176308539946,1472.7782369146005,22.165261707988986,36.27581267217632,58.0,33.0,20.0,38.50165289256199,17.985757575757575,2.586453682256661,-0.0162,2620.8,0,urban,S1_urban_iesire,0.8864,0.1461,2.3388,4.8305,0.3971,1.0477
DIESEL_Constanta-DN3-Murfatlar-retur,09-10,2026-09-11 09:18:53,271,50.0,1478.8297872340424,21.94404255319149,27.790212765957445,58.04255319148936,33.0,20.0,38.35531914893617,17.714680851063832,3.2247701671386304,-0.0934,2634.7,0,urban,S1_urban_iesire,0.4994,0.1466,1.3176,4.7823,0.2201,0.5807
DIESEL_Constanta-DN3-Murfatlar-retur,09-10,2026-09-11 09:18:54,272,50.0,1471.0231439046745,21.96485792850596,31.463950504124657,58.57836846929423,33.0,20.0,38.883226397800186,17.903180568285975,2.239689930169735,0.0383,2648.6,0,urban,S1_urban_iesire,0.6179,0.1473,1.6305,4.7868,0.5091,1.3433
DIESEL_Constanta-DN3-Murfatlar-retur,09-10,2026-09-11 09:18:55,273,50.27557879014191,1479.966579536968,21.653696788648247,34.366534727408386,58.0,33.0,20.0,37.734652725914856,17.479917849141152,1.8260683209358104,0.1389,2662.5,0,urban,S1_urban_iesire,0.7725,0.148,2.0383,4.719,0.7348,1.9389
DIESEL_Constanta-DN3-Murfatlar-retur,09-10,2026-09-11 09:18:56,274,51.0,1478.0353855005746,21.897583429229,25.03485615650144,58.0345224395857,33.0,20.0,37.3345224395857,17.67998849252015,1.6448490279052426,0.1006,2676.7,0,urban,S1_urban_iesire,0.3329,0.1484,0.8783,4.7722,0.6622,1.7473
DIESEL_Constanta-DN3-Murfatlar-retur,09-10,2026-09-11 09:18:57,275,51.0,1494.704888888889,21.738408888888888,32.21089777777776,59.0,33.0,20.0,38.342933333333335,17.4,3.435970647002884,0.0,2690.8,0,urban,S1_urban_iesire,0.7209,0.1491,1.902,4.7375,0.4371,1.1532
DIESEL_Constanta-DN3-Murfatlar-retur,09-10,2026-09-11 09:18:58,276,51.0,1464.1765267175574,21.20786259541985,21.33236641221376,59.0,33.0,20.0,38.5587786259542,17.395190839694656,3.1111711749892668,0.0,2705.0,0,urban,S1_urban_iesire,0.1544,0.1492,0.4073,4.6219,0.4371,1.1532
DIESEL_Constanta-DN3-Murfatlar-retur,09-10,2026-09-11 09:18:59,277,51.0,1496.8578244274809,21.70404580152672,36.67587786259541,59.0,33.0,20.0,37.41374045801527,17.261603053435117,2.391374669865161,0.0,2719.2,0,urban,S1_urban_iesire,0.937,0.1502,2.4723,4.73,0.4371,1.1532
DIESEL_Constanta-DN3-Murfatlar-retur,09-10,2026-09-11 09:19:00,278,51.0,1485.7103580562662,21.04214833759589,23.53,58.26854219948847,32.73145780051153,20.0,38.3,16.8733503836317,2.297890726896498,0.0,2733.3,0,urban,S1_urban_iesire,0.2524,0.1504,0.6659,4.5857,0.4371,1.1532
DIESEL_Constanta-DN3-Murfatlar-retur,09-10,2026-09-11 09:19:01,279,51.0,1481.8413897280966,21.52948640483384,26.95335347432019,59.0,32.0,20.0,38.39697885196375,17.260996978851963,1.699151524378585,0.0153,2747.5,0,urban,S1_urban_iesire,0.4359,0.1509,1.1502,4.6919,0.4713,1.2436
DIESEL_Constanta-DN3-Murfatlar-retur,09-10,2026-09-11 09:19:02,280,51.110286320254495,1493.4098621420997,21.35102863202545,33.47151643690358,59.0,32.0,20.0,38.699257688229046,16.97,1.9603905853575565,0.1091,2761.7,0,urban,S1_urban_iesire,0.7854,0.1516,2.0723,4.6531,0.6831,1.8025
DIESEL_Constanta-DN3-Murfatlar-retur,09-10,2026-09-11 09:19:03,281,51.78533333333333,1493.505,21.27685333333333,27.14519999999999,59.0,32.0,20.0,39.52146666666667,16.9378,1.5836669620074464,-0.069,2776.1,0,urban,S1_urban_iesire,0.4505,0.1521,1.1888,4.6369,0.2899,0.7648
DIESEL_Constanta-DN3-Murfatlar-retur,09-10,2026-09-11 09:19:04,282,50.613358419567255,1466.903339604892,20.463480714957665,22.227525870178727,59.0,32.0,20.0,39.36801505174036,16.653744120413922,1.64881796207077,-0.248,2790.2,0,urban,S1_urban_iesire,0.2036,0.1523,0.5372,4.4596,0.0694,0.1832
DIESEL_Constanta-DN3-Murfatlar-retur,09-10,2026-09-11 09:19:05,283,50.0,1462.4308510638296,20.27082742316785,22.17858156028373,59.0,31.725768321512994,20.0,38.7531914893617,16.549054373522463,1.6473185710495537,-0.0739,2804.0,0,urban,S1_urban_iesire,0.1954,0.1525,0.5155,4.4176,0.2629,0.6936
DIESEL_Constanta-DN3-Murfatlar-retur,09-10,2026-09-11 09:19:06,284,50.08161157024794,1454.4888946280994,20.772014462809928,27.128657024793487,59.0,31.0,20.0,38.14080578512397,17.005092975206612,1.9111945736662004,0.1389,2818.0,0,urban,S1_urban_iesire,0.4403,0.1529,1.1618,4.5269,0.7313,1.9296
DIESEL_Constanta-DN3-Murfatlar-retur,09-10,2026-09-11 09:19:07,285,51.0,1490.4787712287714,21.94439560439561,40.04893106893115,59.0,31.0,20.0,38.78851148851148,17.46431568431568,3.054385525931728,0.1496,2832.1,0,urban,S1_urban_iesire,1.0797,0.154,2.8488,4.7824,0.7719,2.0367
DIESEL_Constanta-DN3-Murfatlar-retur,09-10,2026-09-11 09:19:08,286,51.15873015873017,1470.3611111111115,22.133650793650794,30.73079365079364,59.0,31.0,20.0,40.07777777777776,17.8879365079365,1.656548361878584,-0.3393,2846.3,0,urban,S1_urban_iesire,0.6209,0.1546,1.6383,4.8236,0.0694,0.1832
DIESEL_Constanta-DN3-Murfatlar-retur,09-10,2026-09-11 09:19:09,287,48.5568807339451,1397.447935779821,22.25302752293577,22.35925688073424,59.0,30.617431192660565,20.0,38.21137614678902,16.84527522935782,1.9973236205354767,-1.4287,2859.8,0,urban,S1_urban_iesire,0.3506,0.155,0.9251,4.8496,0.0694,0.1832
DIESEL_Constanta-DN3-Murfatlar-retur,09-10,2026-09-11 09:19:10,288,40.87201735357916,1261.3112798264644,22.89722342733189,11.2590021691974,59.0,30.0,20.0,37.38373101952278,15.779761388286332,1.5773366491786442,-1.9712,2871.2,0,urban,S1_urban_iesire,0.0,0.155,0.0,4.99,0.0694,0.1832
DIESEL_Constanta-DN3-Murfatlar-retur,09-10,2026-09-11 09:19:11,289,34.3644251626897,1364.709689081708,24.11197396963125,12.112219812002904,59.0,30.0,20.0,38.25140997830804,15.259154013015175,1.6012165429451315,-2.0688,2880.7,0,urban,S1_urban_iesire,0.0,0.155,0.0,5.2547,0.0694,0.1832
DIESEL_Constanta-DN3-Murfatlar-retur,09-10,2026-09-11 09:19:12,290,25.976640711902032,1576.1393214682937,26.9251167964404,12.599888765294777,59.0,30.0,20.0,39.5953281423804,14.36,2.6819537207778805,-2.3604,2887.9,0,urban,S1_urban_iesire,0.0,0.155,0.0,5.8678,0.0694,0.1832
DIESEL_Constanta-DN3-Murfatlar-retur,09-10,2026-09-11 09:19:13,291,17.36981132075469,1218.5198113207557,20.163320754717,12.301509433962252,59.27169811320755,29.728301886792448,20.0,38.25433962264151,14.43879245283019,1.5145921783104157,-2.1043,2892.8,0,urban,S1_urban_iesire,0.0,0.155,0.0,4.3942,0.0694,0.1832
DIESEL_Constanta-DN3-Murfatlar-retur,09-10,2026-09-11 09:19:14,292,10.825413223140576,1221.6017561983515,18.489049586777025,15.87859504132212,60.0,29.0,20.0,38.834917355371886,14.776126033057846,1.9329796199178435,-1.4824,2895.8,0,urban,S1_urban_iesire,0.0549,0.155,0.1448,4.0293,0.0694,0.1832
DIESEL_Constanta-DN3-Murfatlar-retur,09-10,2026-09-11 09:19:15,293,6.696402877697902,1021.6935251798576,12.272625899280596,23.25840287769782,60.0,29.0,20.0,39.041510791366925,15.034510791366902,2.269507927525672,-0.9654,2897.6,0,urban,S1_urban_iesire,0.1262,0.1552,0.3329,2.6746,0.0694,0.1832
DIESEL_Constanta-DN3-Murfatlar-retur,09-10,2026-09-11 09:19:16,294,3.8745019920318913,948.724352589642,11.400507968127494,24.359571713147403,59.93725099601595,29.0,20.0,38.438047808764914,15.238784860557768,1.749108407532183,-0.669,2898.7,0,urban,S1_urban_iesire,0.1262,0.1553,0.3329,2.4845,0.0694,0.1832
DIESEL_Constanta-DN3-Murfatlar-retur,09-10,2026-09-11 09:19:17,295,1.8797145769622368,906.263761467888,10.953384301732925,24.69884811416906,59.06014271151888,29.0,20.0,40.28950050968391,15.352558613659523,2.214283627373127,-0.5381,2899.2,0,urban,S1_urban_iesire,0.1262,0.1554,0.3329,2.3871,0.0694,0.1832
DIESEL_Constanta-DN3-Murfatlar-retur,09-10,2026-09-11 09:19:18,296,0.0,831.5639377537215,10.826779431664418,18.43,60.0,28.894451962110992,20.0,37.0527740189445,15.06522327469554,4.490678854370084,-0.2611,2899.2,1,urban,S1_urban_iesire,0.1262,0.1555,0.3329,2.3595,0.1528,0.4031
DIESEL_Constanta-DN3-Murfatlar-retur,09-10,2026-09-11 09:19:19,297,0.0,829.2870294599019,10.64387070376432,18.43,60.0,28.0,20.0,37.99934533551556,14.898387888707036,4.478565952320909,0.0,2899.2,1,urban,S1_urban_iesire,0.1262,0.1557,0.3329,2.3196,0.1528,0.4031
DIESEL_Constanta-DN3-Murfatlar-retur,09-10,2026-09-11 09:19:20,298,0.0,836.8112009237874,10.657032332563508,18.43,60.0,28.0,20.0,39.28648960739029,14.79,4.742323604921421,0.0,2899.2,1,urban,S1_urban_iesire,0.1262,0.1558,0.3329,2.3225,0.1528,0.4031
DIESEL_Constanta-DN3-Murfatlar-retur,09-10,2026-09-11 09:19:21,299,0.0,827.7191780821917,10.538132004981318,18.551905354919043,60.0,28.0,20.0,39.13748443337485,14.79,3.927705143274877,0.0,2899.2,1,urban,S1_urban_iesire,0.1262,0.1559,0.3329,2.2966,0.1528,0.4031
DIESEL_Constanta-DN3-Murfatlar-retur,09-10,2026-09-11 09:19:22,300,0.0,836.5501818181816,10.671679999999997,18.82,60.32581818181816,28.0,20.0,38.6090181818182,14.79,4.24538084746021,0.0,2899.2,1,urban,S1_urban_iesire,0.1262,0.156,0.3329,2.3257,0.1528,0.4031
DIESEL_Constanta-DN3-Murfatlar-retur,09-10,2026-09-11 09:19:23,301,0.0,848.4242976066594,10.842029136316333,18.82,60.92403746097816,27.92403746097817,20.0,37.8455775234131,14.79,3.676439663734744,0.0,2899.2,1,urban,S1_urban_iesire,0.1262,0.1562,0.3329,2.3628,0.1528,0.4031
DIESEL_Constanta-DN3-Murfatlar-retur,09-10,2026-09-11 09:19:24,302,0.0,864.5602766798416,11.092292490118572,18.864268774703568,60.0,27.11067193675892,20.0,38.33359683794465,14.79,4.147907445243583,0.0,2899.2,1,urban,S1_urban_iesire,0.1262,0.1563,0.3329,2.4174,0.1528,0.4031
DIESEL_Constanta-DN3-Murfatlar-retur,09-10,2026-09-11 09:19:25,303,0.0,856.0377358490568,10.965094339622643,19.22,60.09433962264153,28.0,20.0,37.92264150943399,14.79,4.412289339881947,0.0,2899.2,1,urban,S1_urban_iesire,0.1262,0.1564,0.3329,2.3896,0.1528,0.4031
DIESEL_Constanta-DN3-Murfatlar-retur,09-10,2026-09-11 09:19:26,304,0.0,865.4134615384612,11.101538461538455,19.22,60.961538461538446,28.0,20.0,39.057692307692285,14.79,4.264247861646421,0.0,2899.2,1,urban,S1_urban_iesire,0.1262,0.1566,0.3329,2.4194,0.1528,0.4031
DIESEL_Constanta-DN3-Murfatlar-retur,09-10,2026-09-11 09:19:27,305,0.0,850.75,10.89,19.22,60.0,28.0,20.0,38.0,14.79,4.811756336623769,0.0,2899.2,1,urban,S1_urban_iesire,0.1262,0.1567,0.3329,2.3733,0.1528,0.4031
DIESEL_Constanta-DN3-Murfatlar-retur,09-10,2026-09-11 09:19:28,306,0.0,859.404936461388,11.006999022482892,19.71140762463344,60.0,27.739980449657857,20.0,38.66197458455521,14.79,4.277482419847482,0.0,2899.2,1,urban,S1_urban_iesire,0.1262,0.1568,0.3329,2.3988,0.1528,0.4031
DIESEL_Constanta-DN3-Murfatlar-retur,09-10,2026-09-11 09:19:29,307,0.0,858.9901719901719,10.997862407862408,20.0,60.0,27.0,20.0,37.71990171990172,14.79,4.626198477579524,0.0,2899.2,1,urban,S1_urban_iesire,0.1262,0.1569,0.3329,2.3968,0.1528,0.4031
DIESEL_Constanta-DN3-Murfatlar-retur,09-10,2026-09-11 09:19:30,308,0.0,866.8044822256569,11.107279752704793,20.01326120556413,60.034003091190094,27.0,20.0,37.88160741885623,14.79,3.998966448378809,0.0,2899.2,1,urban,S1_urban_iesire,0.1262,0.1571,0.3329,2.4206,0.1528,0.4031
DIESEL_Constanta-DN3-Murfatlar-retur,09-10,2026-09-11 09:19:31,309,0.0,858.4588441330998,10.98731173380035,20.39,61.0,27.0,20.0,40.29851138353766,14.79,4.453007299169972,0.0,2899.2,1,urban,S1_urban_iesire,0.1262,0.1572,0.3329,2.3945,0.1528,0.4031
DIESEL_Constanta-DN3-Murfatlar-retur,09-10,2026-09-11 09:19:32,310,0.0,851.2852053646269,10.880469404861692,20.4661693210394,61.0,27.0,20.0,40.36328583403185,14.79,4.222293002636152,0.0,2899.2,1,urban,S1_urban_iesire,0.1262,0.1573,0.3329,2.3712,0.1528,0.4031
DIESEL_Constanta-DN3-Murfatlar-retur,09-10,2026-09-11 09:19:33,311,0.0,845.25,10.8,20.78,61.0,27.03976143141155,20.0,39.7284294234592,14.79,4.206444664336457,0.0,2899.2,1,urban,S1_urban_iesire,0.1262,0.1574,0.3329,2.3537,0.1528,0.4031
DIESEL_Constanta-DN3-Murfatlar-retur,09-10,2026-09-11 09:19:34,312,0.0,845.7352670349907,10.807513812154696,20.80504604051565,61.0,28.0,20.0,38.18158379373845,14.79,4.050791176592125,0.0,2899.2,1,urban,S1_urban_iesire,0.1262,0.1576,0.3329,2.3553,0.1528,0.4031
DIESEL_Constanta-DN3-Murfatlar-retur,09-10,2026-09-11 09:19:35,313,0.0,846.1864700780573,10.822055507372072,21.18,60.57415437987858,28.0,20.0,39.32437120555073,14.79,3.763338217445518,0.0,2899.2,1,urban,S1_urban_iesire,0.1262,0.1577,0.3329,2.3585,0.1528,0.4031
DIESEL_Constanta-DN3-Murfatlar-retur,09-10,2026-09-11 09:19:36,314,0.0,837.8251953125,10.703203125,21.18,60.0,28.0,20.0,37.36503906250002,14.79,3.890526816044708,0.0,2899.2,1,urban,S1_urban_iesire,0.1262,0.1578,0.3329,2.3326,0.1528,0.4031
DIESEL_Constanta-DN3-Murfatlar-retur,09-10,2026-09-11 09:19:37,315,0.0,834.0316223648026,10.649413382218144,21.29224564619616,60.28780934922092,28.0,20.0,37.93024747937673,14.79,3.8710903064527367,0.0,2899.2,1,urban,S1_urban_iesire,0.1262,0.1579,0.3329,2.3208,0.1528,0.4031
DIESEL_Constanta-DN3-Murfatlar-retur,09-10,2026-09-11 09:19:38,316,0.0,821.1408045977012,10.457689655172414,21.57,61.0,28.0,20.0,38.65379310344829,14.79,4.110751888322739,0.0,2899.2,1,urban,S1_urban_iesire,0.1262,0.1581,0.3329,2.2791,0.1528,0.4031
DIESEL_Constanta-DN3-Murfatlar-retur,09-10,2026-09-11 09:19:39,317,0.0,827.5447732513453,10.547832436587242,21.57,61.0,28.0,20.0,38.77440430438124,14.79,4.03535632312032,0.0,2899.2,1,urban,S1_urban_iesire,0.1262,0.1582,0.3329,2.2987,0.1528,0.4031
DIESEL_Constanta-DN3-Murfatlar-retur,09-10,2026-09-11 09:19:40,318,0.0,840.2150077760499,10.736469673405912,21.57,61.0,28.0,20.0,38.06982892690519,14.79,4.445035279432389,0.0,2899.2,1,urban,S1_urban_iesire,0.1262,0.1583,0.3329,2.3398,0.1528,0.4031
DIESEL_Constanta-DN3-Murfatlar-retur,09-10,2026-09-11 09:19:41,319,0.0,848.2592521202776,10.850994602929838,21.57,61.0,28.0,20.0,39.08550501156515,14.79,4.038152135748012,0.0,2899.2,1,urban,S1_urban_iesire,0.1262,0.1584,0.3329,2.3648,0.1528,0.4031
DIESEL_Constanta-DN3-Murfatlar-retur,09-10,2026-09-11 09:19:42,320,0.0,853.9149572649573,10.935213675213674,21.57,61.0,28.0,20.0,37.26273504273507,14.79,4.820298673237991,0.0,2899.2,1,urban,S1_urban_iesire,0.1262,0.1586,0.3329,2.3831,0.1528,0.4031
DIESEL_Constanta-DN3-Murfatlar-retur,09-10,2026-09-11 09:19:43,321,0.0,850.9235042735042,10.892478632478632,21.57,61.0,28.0,20.0,38.71572649572651,14.79,4.639916870964665,0.0,2899.2,1,urban,S1_urban_iesire,0.1262,0.1587,0.3329,2.3738,0.1528,0.4031
DIESEL_Constanta-DN3-Murfatlar-retur,09-10,2026-09-11 09:19:44,322,0.0,860.1487053883834,11.017669699090272,21.18,61.0,28.0,20.0,38.5885234429671,14.79,4.42582795426617,0.0,2899.2,1,urban,S1_urban_iesire,0.1262,0.1588,0.3329,2.4011,0.1528,0.4031
DIESEL_Constanta-DN3-Murfatlar-retur,09-10,2026-09-11 09:19:45,323,0.0,854.5503848845348,10.940692792162352,21.18,61.0,28.0,20.0,37.60881735479358,14.79,4.271107185797646,0.0626,2899.2,1,urban,S1_urban_iesire,0.1262,0.1589,0.3329,2.3843,0.1528,0.4031
DIESEL_Constanta-DN3-Murfatlar-retur,09-10,2026-09-11 09:19:46,324,0.4506578947368546,867.7072368421054,11.137598684210529,20.999736842105257,61.0,28.0,20.0,39.95493421052631,14.79,4.231200626045573,0.0896,2899.4,1,urban,S1_urban_iesire,0.1262,0.1591,0.3329,2.4272,0.1567,0.4134
DIESEL_Constanta-DN3-Murfatlar-retur,09-10,2026-09-11 09:19:47,325,0.6448398576512362,868.7777580071173,11.141864768683272,20.78,61.355160142348765,28.0,20.0,39.9,14.79,4.681315236131665,-0.0626,2899.5,1,urban,S1_urban_iesire,0.1262,0.1592,0.3329,2.4282,0.1541,0.4065
DIESEL_Constanta-DN3-Murfatlar-retur,09-10,2026-09-11 09:19:48,326,0.0,861.9259259259258,11.030797720797718,20.78,61.86609686609688,28.0,20.0,39.53846153846156,14.79,5.444159961082272,-0.0896,2899.5,1,urban,S1_urban_iesire,0.1262,0.1593,0.3329,2.404,0.1528,0.4031
DIESEL_Constanta-DN3-Murfatlar-retur,09-10,2026-09-11 09:19:49,327,0.0,876.4434389140272,11.23,20.641647058823533,61.35475113122171,28.0,20.0,37.83855203619908,14.79,4.54244523161381,0.0,2899.5,1,urban,S1_urban_iesire,0.1262,0.1595,0.3329,2.4474,0.1528,0.4031
DIESEL_Constanta-DN3-Murfatlar-retur,09-10,2026-09-11 09:19:50,328,0.0,873.7852112676059,11.175140845070423,20.27739436619719,62.0,28.288732394366185,20.0,38.97112676056338,14.79,5.198273373571862,0.0,2899.5,1,urban,S1_urban_iesire,0.1262,0.1596,0.3329,2.4354,0.1528,0.4031
DIESEL_Constanta-DN3-Murfatlar-retur,09-10,2026-09-11 09:19:51,329,0.0,857.3927335640138,10.921718569780852,20.0,62.0,29.0,20.0,39.102768166089966,14.79,4.512148319417328,0.0,2899.5,1,urban,S1_urban_iesire,0.1262,0.1597,0.3329,2.3802,0.1528,0.4031
DIESEL_Constanta-DN3-Murfatlar-retur,09-10,2026-09-11 09:19:52,330,0.0,843.3157172271791,10.70461908030199,19.88597117364448,62.0,29.2923816060398,20.0,39.32457103637612,14.79,4.010911203956368,0.0,2899.5,1,urban,S1_urban_iesire,0.1262,0.1598,0.3329,2.3329,0.1528,0.4031
DIESEL_Constanta-DN3-Murfatlar-retur,09-10,2026-09-11 09:19:53,331,0.0,846.4042553191489,10.738936170212764,19.618297872340428,62.0,29.97872340425532,20.0,38.91276595744681,14.79,3.6781020695241766,0.0,2899.5,1,urban,S1_urban_iesire,0.1262,0.16,0.3329,2.3403,0.1528,0.4031
DIESEL_Constanta-DN3-Murfatlar-retur,09-10,2026-09-11 09:19:54,332,0.0,839.4666666666667,10.605395833333334,19.60309375,61.01770833333333,31.0,20.0,38.396458333333335,14.79,4.545075612831845,0.0,2899.5,1,urban,S1_urban_iesire,0.1262,0.1601,0.3329,2.3112,0.1528,0.4031
DIESEL_Constanta-DN3-Murfatlar-retur,09-10,2026-09-11 09:19:55,333,0.0,825.0342287694978,10.365805892547664,19.22,62.0,31.098786828422902,20.0,38.32842287694978,14.79,5.976276502557839,0.0505,2899.5,1,urban,S1_urban_iesire,0.1262,0.1602,0.3329,2.259,0.1528,0.4031
DIESEL_Constanta-DN3-Murfatlar-retur,09-10,2026-09-11 09:19:56,334,0.3633610900832767,831.7537850113549,10.433694171082513,19.07465556396669,62.0,32.36336109008327,20.0,39.06396669190007,14.79,4.152260247846143,0.1164,2899.6,1,urban,S1_urban_iesire,0.1262,0.1603,0.3329,2.2738,0.1564,0.4126
DIESEL_Constanta-DN3-Murfatlar-retur,09-10,2026-09-11 09:19:57,335,0.8382502543235084,824.1726856561546,10.314557477110885,18.82,62.0,33.0,20.0,38.34852492370295,14.79,4.22748204250918,-0.0505,2899.9,1,urban,S1_urban_iesire,0.1262,0.1605,0.3329,2.2479,0.1549,0.4087
DIESEL_Constanta-DN3-Murfatlar-retur,09-10,2026-09-11 09:19:58,336,0.0,829.8043278084715,10.44186003683241,18.82,62.0,33.16206261510128,20.0,38.583793738489874,14.86130755064456,3.962741471116338,-0.0499,2899.9,1,urban,S1_urban_iesire,0.1262,0.1606,0.3329,2.2756,0.1528,0.4031
DIESEL_Constanta-DN3-Murfatlar-retur,09-10,2026-09-11 09:19:59,337,0.4787234042551873,842.3404255319108,10.872765957446765,20.435212765957,62.0,34.0,20.0,38.63404255319145,15.313297872340405,4.79926191178582,0.7858,2900.0,1,urban,S1_urban_iesire,0.1443,0.1607,0.3808,2.3695,0.1716,0.4527
DIESEL_Constanta-DN3-Murfatlar-retur,09-10,2026-09-11 09:20:00,338,5.657894736842022,1001.414473684208,12.84914473684205,36.915328947368266,62.164473684210506,34.164473684210506,20.0,39.62039473684214,16.29078947368419,1.8626189320102653,1.3893,2901.6,0,urban,S1_urban_iesire,0.3673,0.1611,0.9692,2.8002,0.4414,1.1647
DIESEL_Constanta-DN3-Murfatlar-retur,09-10,2026-09-11 09:20:01,339,10.481942714819429,1206.645080946451,17.25845579078456,41.62841843088418,63.0,35.0,20.0,38.67422166874222,17.603810709838108,2.0760602718656083,1.3585,2904.5,0,urban,S1_urban_iesire,0.7244,0.1618,1.9114,3.7612,0.7451,1.9661
DIESEL_Constanta-DN3-Murfatlar-retur,09-10,2026-09-11 09:20:02,340,15.439205955334993,1639.893920595534,25.880496277915643,36.910223325062034,62.640198511166254,35.0,20.0,39.512158808933,18.6790570719603,1.76786129777615,1.2485,2908.8,0,urban,S1_urban_iesire,1.0599,0.1629,2.7965,5.6402,0.992,2.6176
DIESEL_Constanta-DN3-Murfatlar-retur,09-10,2026-09-11 09:20:03,341,19.47135416666672,2092.029947916671,35.068645833333434,34.9,62.29427083333334,35.0,20.0,39.50026041666669,19.398958333333344,2.045587831445841,1.2909,2914.2,0,urban,S1_urban_iesire,1.3732,0.1643,3.6233,7.6425,1.2718,3.3559
DIESEL_Constanta-DN3-Murfatlar-retur,09-10,2026-09-11 09:20:04,342,24.73353520060567,2187.608062074177,38.19524602573792,38.84205904617729,63.0,35.34670704012113,20.0,40.00658591975773,20.269629068887216,2.164814339948048,1.2869,2921.1,0,urban,S1_urban_iesire,1.6841,0.1659,4.4436,8.3239,1.5979,4.2162
DIESEL_Constanta-DN3-Murfatlar-retur,09-10,2026-09-11 09:20:05,343,28.73735199138861,1768.14316469322,31.315748116254067,46.21248654467169,63.0,36.0,20.0,38.56727664155005,20.82553283100108,1.920296664338204,1.3201,2929.0,0,urban,S1_urban_iesire,1.813,0.1678,4.7839,6.8247,1.8931,4.995
DIESEL_Constanta-DN3-Murfatlar-retur,09-10,2026-09-11 09:20:06,344,34.238095238095354,2086.166666666673,38.791523809523966,45.97657142857144,63.0,36.0,20.0,37.92380952380953,21.500761904761923,1.83186216992645,1.5631,2938.5,0,urban,S1_urban_iesire,2.1601,0.1699,5.6996,8.4539,2.6185,6.9093
DIESEL_Constanta-DN3-Murfatlar-retur,09-10,2026-09-11 09:20:07,345,39.99134199134201,2414.4101731601745,46.38891774891778,46.429307359307366,63.0,36.0,20.0,39.01688311688312,22.16549783549784,1.7388630364897435,1.3241,2949.7,0,urban,S1_urban_iesire,2.5231,0.1724,6.6574,10.1096,2.6436,6.9755
DIESEL_Constanta-DN3-Murfatlar-retur,09-10,2026-09-11 09:20:08,346,43.77150304083408,2310.468288444822,44.01397046046898,48.33258905299744,63.0,36.0,20.0,39.40564726324933,22.05840139009556,1.647935627130597,0.7882,2961.8,0,urban,S1_urban_iesire,2.4938,0.1749,6.5803,9.592,1.8706,4.9358
DIESEL_Constanta-DN3-Murfatlar-retur,09-10,2026-09-11 09:20:09,347,45.66666666666666,1679.9166666666667,30.48333333333333,48.10333333333333,63.0,36.333333333333336,20.0,37.96666666666666,21.466666666666665,1.676661938555535,0.5007,2974.5,0,urban,S1_urban_iesire,1.7455,0.1767,4.6057,6.6433,1.3798,3.6406
DIESEL_Constanta-DN3-Murfatlar-retur,09-10,2026-09-11 09:20:10,348,47.37670609645132,1358.9278889899906,23.121919927206555,43.97737033666967,63.0,37.0,20.0,38.317106460418536,20.85226569608736,1.8938515180854127,0.3691,2987.7,0,urban,S1_urban_iesire,1.0177,0.1777,2.6852,5.039,1.1623,3.067
DIESEL_Constanta-DN3-Murfatlar-retur,09-10,2026-09-11 09:20:11,349,48.32440782698249,1389.9286817713696,22.57910401647786,43.996879505664296,63.0,37.0,20.0,40.0,19.836364572605564,2.0706503237061984,0.2255,3001.1,0,urban,S1_urban_iesire,1.0538,0.1787,2.7804,4.9207,0.8838,2.332
DIESEL_Constanta-DN3-Murfatlar-retur,09-10,2026-09-11 09:20:12,350,49.0,1418.4124891961972,21.750259291270527,35.2813742437338,63.0,37.0,20.0,40.05946413137424,18.677554019014693,1.891961888243547,0.0938,3014.7,0,urban,S1_urban_iesire,0.752,0.1795,1.9841,4.7401,0.615,1.6228
DIESEL_Constanta-DN3-Murfatlar-retur,09-10,2026-09-11 09:20:13,351,49.0,1424.901146131805,21.26461318051576,27.73551575931232,63.26790830945559,37.0,20.0,40.22679083094556,18.19230659025788,2.2510236855813845,0.0,3028.3,0,urban,S1_urban_iesire,0.4416,0.1799,1.1653,4.6342,0.4133,1.0906
DIESEL_Constanta-DN3-Murfatlar-retur,09-10,2026-09-11 09:20:14,352,49.0,1422.2816985645932,20.64112440191388,31.271531100478395,63.61004784688996,37.0,20.0,39.83205741626795,17.699234449760773,2.0517335273697848,0.0,3041.9,0,urban,S1_urban_iesire,0.6138,0.1806,1.6197,4.4983,0.4133,1.0906
DIESEL_Constanta-DN3-Murfatlar-retur,09-10,2026-09-11 09:20:15,353,49.0,1431.364445574771,20.291749745676498,34.25213631739557,63.0,37.0,20.0,38.81312309257374,17.26,1.674482525858532,0.0,3055.5,0,urban,S1_urban_iesire,0.7475,0.1813,1.9724,4.4222,0.4133,1.0906
DIESEL_Constanta-DN3-Murfatlar-retur,09-10,2026-09-11 09:20:16,354,49.0,1424.4378422782036,20.037513691128147,25.25098576122674,63.27601314348303,37.0,20.0,38.36922234392115,17.179956188389923,1.6863080408824933,-0.0346,3069.1,0,urban,S1_urban_iesire,0.3329,0.1816,0.8783,4.3668,0.3389,0.8943
DIESEL_Constanta-DN3-Murfatlar-retur,09-10,2026-09-11 09:20:17,355,48.75055187637969,1409.9503311258277,19.515386313465783,25.69216335540838,64.0,37.0,20.0,39.50022075055188,16.897660044150108,2.0452928374305146,-0.1368,3082.7,0,urban,S1_urban_iesire,0.3313,0.182,0.8742,4.253,0.1177,0.3107
DIESEL_Constanta-DN3-Murfatlar-retur,09-10,2026-09-11 09:20:18,356,48.01471670345841,1392.842163355408,19.000301692420887,22.807689477556977,64.0,37.0,20.0,39.20588668138337,16.68426784400294,1.5233573197667427,-0.072,3096.0,0,urban,S1_urban_iesire,0.1921,0.1822,0.5068,4.1408,0.2503,0.6605
DIESEL_Constanta-DN3-Murfatlar-retur,09-10,2026-09-11 09:20:19,357,48.23243243243242,1421.194594594595,19.677297297297304,30.705729729729743,64.0,36.0,20.0,39.623243243243245,16.752594594594598,2.49480248525541,0.1357,3109.4,0,urban,S1_urban_iesire,0.5531,0.1827,1.4595,4.2883,0.6918,1.8253
DIESEL_Constanta-DN3-Murfatlar-retur,09-10,2026-09-11 09:20:20,358,48.99206349206353,1404.3531746031754,19.14206349206348,29.73158730158762,64.0,35.99206349206353,20.0,39.69841269841271,16.533492063492048,2.9305691614332687,0.0041,3123.0,0,urban,S1_urban_iesire,0.5017,0.1832,1.3238,4.1716,0.422,1.1136
DIESEL_Constanta-DN3-Murfatlar-retur,09-10,2026-09-11 09:20:21,359,48.26205450733752,1392.87893081761,19.44716981132075,23.85033542976937,64.0,35.0,20.0,39.65723270440252,16.93069182389937,1.6666657567616894,0.0011,3136.4,0,urban,S1_urban_iesire,0.2419,0.1835,0.6383,4.2381,0.4072,1.0744
DIESEL_Constanta-DN3-Murfatlar-retur,09-10,2026-09-11 09:20:22,360,49.0,1411.3148694187028,19.54010109519798,30.19796967144065,64.0,35.0,20.0,40.00025273799495,16.785088458298233,1.881462794885597,0.0866,3150.0,0,urban,S1_urban_iesire,0.5206,0.184,1.3737,4.2584,0.5996,1.582
DIESEL_Constanta-DN3-Murfatlar-retur,09-10,2026-09-11 09:20:23,361,48.88550420168069,1408.185136554622,19.46694327731092,26.80396008403359,64.0,35.0,20.0,39.58550420168069,16.729233193277302,2.08542495866353,-0.1389,3163.6,0,urban,S1_urban_iesire,0.3858,0.1844,1.0179,4.2425,0.114,0.3008
DIESEL_Constanta-DN3-Murfatlar-retur,09-10,2026-09-11 09:20:24,362,48.0,1405.9546402502606,19.81199165797706,27.77615224191868,64.0,35.0,20.0,39.07653806047963,17.087080291970803,2.982098122253029,-0.1002,3177.0,0,urban,S1_urban_iesire,0.4416,0.1848,1.1653,4.3176,0.1908,0.5034
DIESEL_Constanta-DN3-Murfatlar-retur,09-10,2026-09-11 09:20:25,363,48.1639072847682,1405.1560430463578,19.76753311258277,27.70733443708607,64.0,35.0,20.0,40.721357615894064,17.040480132450323,2.6367661469100607,0.1377,3190.3,0,urban,S1_urban_iesire,0.452,0.1853,1.1926,4.308,0.6948,1.8333
DIESEL_Constanta-DN3-Murfatlar-retur,09-10,2026-09-11 09:20:26,364,48.99172185430464,1395.8431291390727,20.00759933774835,29.007003311258288,64.0,35.0,20.0,39.314072847682105,17.396440397350997,1.76133246643809,-0.0011,3203.9,0,urban,S1_urban_iesire,0.5042,0.1858,1.3304,4.3603,0.4109,1.0841
DIESEL_Constanta-DN3-Murfatlar-retur,09-10,2026-09-11 09:20:27,365,48.156319290465646,1424.5631929046565,20.891241685144124,34.9609645232816,64.0,35.0,20.0,40.27494456762748,17.66811529933481,3.320833220866124,0.0011,3217.3,0,urban,S1_urban_iesire,0.7669,0.1865,2.0237,4.5528,0.406,1.0712
DIESEL_Constanta-DN3-Murfatlar-retur,09-10,2026-09-11 09:20:28,366,49.0,1434.6583263246423,20.92869638351555,32.8477375946175,64.20100925147182,35.0,20.0,39.62010092514719,17.636433978132878,2.3008179569600338,0.1265,3230.9,0,urban,S1_urban_iesire,0.6934,0.1872,1.8295,4.561,0.6854,1.8084
DIESEL_Constanta-DN3-Murfatlar-retur,09-10,2026-09-11 09:20:29,367,49.06747638326588,1441.503036437247,21.477975708502026,24.14539811066152,65.0,35.0,20.0,39.70674763832659,17.97055330634278,1.9481969747488297,0.1389,3244.6,0,urban,S1_urban_iesire,0.2404,0.1875,0.6342,4.6807,0.7132,1.8819
DIESEL_Constanta-DN3-Murfatlar-retur,09-10,2026-09-11 09:20:30,368,50.0,1450.8890134529152,21.581636771300456,36.77213004484296,64.76905829596411,35.0,20.0,39.73071748878923,17.872331838565024,1.8139347234335064,0.1295,3258.4,0,urban,S1_urban_iesire,0.8881,0.1884,2.3433,4.7033,0.7092,1.8714
DIESEL_Constanta-DN3-Murfatlar-retur,09-10,2026-09-11 09:20:31,369,50.0,1469.9473094170403,22.00764573991032,32.668991031390114,64.02167414050822,35.0,20.0,39.50650224215247,17.97696562032885,1.5043629244042425,0.1815,3272.3,0,urban,S1_urban_iesire,0.6995,0.1891,1.8456,4.7961,0.8233,2.1724
DIESEL_Constanta-DN3-Murfatlar-retur,09-10,2026-09-11 09:20:32,370,51.30704697986576,1476.0767617449665,22.150478187919465,31.83262583892608,65.0,35.0,20.0,39.74253355704698,18.080478187919464,2.436627614296953,0.0515,3286.6,0,urban,S1_urban_iesire,0.684,0.1897,1.8049,4.8273,0.5568,1.4691
DIESEL_Constanta-DN3-Murfatlar-retur,09-10,2026-09-11 09:20:33,371,50.37080536912752,1479.2263003355706,22.34370805369128,26.13221476510072,65.0,35.18540268456376,20.0,40.255620805369134,18.21623322147651,2.474312540765359,0.0907,3300.6,0,urban,S1_urban_iesire,0.3764,0.1901,0.9932,4.8694,0.63,1.6622
DIESEL_Constanta-DN3-Murfatlar-retur,09-10,2026-09-11 09:20:34,372,51.960219478738,1494.997256515775,22.379890260631,42.14135802469142,65.0,36.0,20.0,40.4522633744856,17.99153635116598,1.4963359431444838,0.1695,3315.0,0,urban,S1_urban_iesire,1.1711,0.1913,3.0901,4.8773,0.8354,2.2043
DIESEL_Constanta-DN3-Murfatlar-retur,09-10,2026-09-11 09:20:35,373,51.591133004926135,1515.7192118226606,23.28561576354682,31.27463054187212,65.0,36.0,20.0,39.713793103448296,18.48576354679804,1.9211435154560663,0.1444,3329.3,0,urban,S1_urban_iesire,0.6912,0.192,1.8238,5.0747,0.7712,2.035
DIESEL_Constanta-DN3-Murfatlar-retur,09-10,2026-09-11 09:20:36,374,53.0,1536.87012987013,23.929870129870107,38.93909090909082,65.0,36.0,20.0,40.62597402597402,18.71376623376621,2.389661235601221,0.1957,3344.1,0,urban,S1_urban_iesire,1.0734,0.193,2.8321,5.2151,0.9172,2.42
DIESEL_Constanta-DN3-Murfatlar-retur,09-10,2026-09-11 09:20:37,375,53.0,1534.7851622874807,22.71962905718702,31.751267387944416,64.79907264296754,36.0,20.0,40.44018547140649,17.809860896445134,3.0837213416723444,-0.046,3358.8,0,urban,S1_urban_iesire,0.7311,0.1938,1.9292,4.9513,0.3549,0.9366
DIESEL_Constanta-DN3-Murfatlar-retur,09-10,2026-09-11 09:20:38,376,52.6687242798354,1519.5982510288063,22.479506172839503,22.46950617283949,64.33127572016461,36.0,20.0,40.63312757201646,17.786069958847737,2.4123349034139863,-0.1345,3373.4,0,urban,S1_urban_iesire,0.2098,0.194,0.5535,4.899,0.1468,0.3874
DIESEL_Constanta-DN3-Murfatlar-retur,09-10,2026-09-11 09:20:39,377,52.03168567807348,1515.946134347274,22.67865652724965,26.513713561469647,65.0,36.0,20.0,40.7,17.993941698352334,2.3315124590568246,0.1072,3387.9,0,urban,S1_urban_iesire,0.4105,0.1944,1.0832,4.9424,0.6945,1.8326
DIESEL_Constanta-DN3-Murfatlar-retur,09-10,2026-09-11 09:20:40,378,53.44029850746266,1562.7919776119395,24.04492537313432,44.93115671641795,65.0,35.779850746268664,20.0,40.85410447761193,18.42,1.8588984185049635,0.3867,3402.7,0,urban,S1_urban_iesire,1.3741,0.1958,3.6257,5.2401,1.3746,3.6269
DIESEL_Constanta-DN3-Murfatlar-retur,09-10,2026-09-11 09:20:41,379,54.81573033707866,1593.169101123596,24.6723595505618,37.66716853932608,65.0,35.0,20.0,41.36314606741573,18.473438202247188,1.5789284947289055,0.1188,3417.9,0,urban,S1_urban_iesire,1.104,0.1969,2.913,5.3769,0.7714,2.0354
DIESEL_Constanta-DN3-Murfatlar-retur,09-10,2026-09-11 09:20:42,380,54.29557713052858,1570.4619741100323,24.61502696871629,23.28961165048538,65.0,35.0,20.0,41.08176914778857,18.71,2.042274516358582,0.0654,3433.0,0,urban,S1_urban_iesire,0.294,0.1972,0.7758,5.3644,0.6346,1.6743
DIESEL_Constanta-DN3-Murfatlar-retur,09-10,2026-09-11 09:20:43,381,55.28677685950412,1595.2690082644622,24.88184297520661,33.91089256198332,65.0,35.0,20.0,40.31247933884299,18.583818181818188,2.6373168394934527,0.2367,3448.4,0,urban,S1_urban_iesire,0.9111,0.1981,2.404,5.4225,1.0662,2.8134
DIESEL_Constanta-DN3-Murfatlar-retur,09-10,2026-09-11 09:20:44,382,56.0,1630.7867847411444,25.298119891008177,41.38363760217978,65.0,34.813351498637594,20.0,39.529291553133525,18.378256130790195,1.852858861852676,0.0991,3463.9,0,urban,S1_urban_iesire,1.3569,0.1994,3.5802,5.5132,0.7451,1.9661
DIESEL_Constanta-DN3-Murfatlar-retur,09-10,2026-09-11 09:20:45,383,56.0,1626.7447311046512,26.0259375,32.350545058139495,65.29287790697676,34.0,20.0,41.13640988372092,18.93493459302326,1.5217200808726474,0.0,3479.5,0,urban,S1_urban_iesire,0.8724,0.2003,2.302,5.6719,0.5016,1.3234
DIESEL_Constanta-DN3-Murfatlar-retur,09-10,2026-09-11 09:20:46,384,56.0,1630.210404624277,26.32313294797688,29.17919075144501,65.96878612716765,34.0,20.0,40.48751445086706,19.126578034682087,1.7462190209802615,0.0385,3495.0,0,urban,S1_urban_iesire,0.7038,0.201,1.8571,5.7366,0.5962,1.5731
DIESEL_Constanta-DN3-Murfatlar-retur,09-10,2026-09-11 09:20:47,385,56.27692307692305,1646.923076923077,26.14184615384615,34.33738461538459,65.0,33.86153846153847,20.0,40.29384615384613,18.71,2.1081983325770786,0.2759,3510.7,0,urban,S1_urban_iesire,1.0182,0.202,2.6866,5.6971,1.1868,3.1315
DIESEL_Constanta-DN3-Murfatlar-retur,09-10,2026-09-11 09:20:48,386,57.986324786324815,1661.8803418803425,26.338427350427352,35.67926495726498,65.0,33.00683760683759,20.0,41.490427350427375,18.71,2.971892741334233,-0.1319,3526.8,0,urban,S1_urban_iesire,1.0721,0.2031,2.8288,5.74,0.1937,0.5111
DIESEL_Constanta-DN3-Murfatlar-retur,09-10,2026-09-11 09:20:49,387,55.32727272727282,1588.5727272727304,26.347818181818152,23.97472727272755,65.0,33.0,20.0,40.08545454545455,17.397090909090924,2.13698011833914,-1.2738,3542.2,0,urban,S1_urban_iesire,0.546,0.2037,1.4407,5.742,0.0694,0.1832
DIESEL_Constanta-DN3-Murfatlar-retur,09-10,2026-09-11 09:20:50,388,48.81494057724956,1395.8968590831914,26.376298811544984,11.180628183361629,65.24278438030561,33.0,20.0,40.11850594227504,16.361952461799657,2.27199404226366,-2.017,3555.7,0,urban,S1_urban_iesire,0.0,0.2037,0.0,5.7482,0.0694,0.1832
DIESEL_Constanta-DN3-Murfatlar-retur,09-10,2026-09-11 09:20:51,389,40.80497925311201,1262.281120331951,21.929377593361,10.47199170124481,66.0,32.850622406639005,20.0,40.8149377593361,15.21912863070539,1.664729005399624,-2.3054,3567.1,0,urban,S1_urban_iesire,0.0,0.2037,0.0,4.7791,0.0694,0.1832
DIESEL_Constanta-DN3-Murfatlar-retur,09-10,2026-09-11 09:20:52,390,32.21621621621628,1477.256756756753,24.80162162162155,10.1508108108108,66.0,32.0,20.0,40.63243243243244,14.36,1.903167558673437,-1.9021,3576.0,0,urban,S1_urban_iesire,0.0,0.2037,0.0,5.405,0.0694,0.1832
DIESEL_Constanta-DN3-Murfatlar-retur,09-10,2026-09-11 09:20:53,391,27.11016949152563,1667.9343220339113,28.54652542372905,10.93042372881357,66.0,31.87288135593224,20.0,39.987288135593225,14.377796610169488,1.94138488809298,-1.9789,3583.5,0,urban,S1_urban_iesire,0.0,0.2037,0.0,6.2212,0.0694,0.1832
DIESEL_Constanta-DN3-Murfatlar-retur,09-10,2026-09-11 09:20:54,392,17.968253968253947,1404.6666666666674,23.775782312925188,10.078934240362807,66.0,31.0,20.0,40.11655328798186,14.564965986394558,2.0365978780415137,-2.0034,3588.5,0,urban,S1_urban_iesire,0.0,0.2037,0.0,5.1815,0.0694,0.1832
DIESEL_Constanta-DN3-Murfatlar-retur,09-10,2026-09-11 09:20:55,393,12.68593955321944,1401.6826544021017,22.36204993429695,13.660985545335109,66.0,31.0,20.0,40.23574244415243,14.74526938239159,2.0033128373270275,-1.0987,3592.0,0,urban,S1_urban_iesire,0.0415,0.2037,0.1094,4.8734,0.0694,0.1832
DIESEL_Constanta-DN3-Murfatlar-retur,09-10,2026-09-11 09:20:56,394,10.057818659658322,1104.047963206305,13.446149802890858,22.16295663600533,66.0,31.0,20.0,39.90722733245729,14.935808147174772,1.615220955278188,-1.1287,3594.8,0,urban,S1_urban_iesire,0.1244,0.2038,0.3281,2.9303,0.0694,0.1832
DIESEL_Constanta-DN3-Murfatlar-retur,09-10,2026-09-11 09:20:57,395,4.559268098647596,984.9725536992848,11.90183770883056,23.79003182179792,65.2203659506762,30.0,20.0,41.69148766905332,15.23,1.5831601116031604,-0.9844,3596.1,0,urban,S1_urban_iesire,0.1262,0.2039,0.3329,2.5938,0.0694,0.1832
DIESEL_Constanta-DN3-Murfatlar-retur,09-10,2026-09-11 09:20:58,396,2.969879518072316,924.6626506024112,11.136024096385537,24.579879518072406,66.0,29.969879518072315,20.0,40.64216867469876,15.225481927710849,1.5548569973676931,-0.4305,3596.9,0,urban,S1_urban_iesire,0.1262,0.2041,0.3329,2.4269,0.0694,0.1832
DIESEL_Constanta-DN3-Murfatlar-retur,09-10,2026-09-11 09:20:59,397,1.459787556904402,867.0531107738998,11.319195751138087,20.39,66.0,29.0,20.0,41.59484066767831,15.042185128983308,4.601333557281682,-0.4125,3597.3,0,urban,S1_urban_iesire,0.1262,0.2042,0.3329,2.4668,0.0694,0.1832
DIESEL_Constanta-DN3-Murfatlar-retur,09-10,2026-09-11 09:21:00,398,0.0,870.9420768307322,11.279507803121245,20.407791116446585,66.0,29.0,20.0,40.51368547418968,14.93315726290516,4.8657215534851215,-0.2027,3597.3,1,urban,S1_urban_iesire,0.1262,0.2043,0.3329,2.4582,0.1528,0.4031
DIESEL_Constanta-DN3-Murfatlar-retur,09-10,2026-09-11 09:21:01,399,0.0,866.728260869565,11.09443675889328,20.78,65.79743083003954,28.79743083003954,20.0,40.59743083003954,14.79,4.816099883614156,0.0,3597.3,1,urban,S1_urban_iesire,0.1262,0.2044,0.3329,2.4178,0.1528,0.4031
DIESEL_Constanta-DN3-Murfatlar-retur,09-10,2026-09-11 09:21:02,400,0.0,873.265805877115,11.195627782724848,20.84874443455031,65.17186108637577,28.0,20.0,40.057791629563646,14.79,4.40412483517791,0.0,3597.3,1,urban,S1_urban_iesire,0.1262,0.2046,0.3329,2.4399,0.1528,0.4031
DIESEL_Constanta-DN3-Murfatlar-retur,09-10,2026-09-11 09:21:03,401,0.0,863.0296856810244,11.038149010477298,21.18,66.0,28.0,20.0,41.19406286379512,14.79,5.30702212314945,0.036,3597.3,1,urban,S1_urban_iesire,0.1262,0.2047,0.3329,2.4056,0.1528,0.4031
DIESEL_Constanta-DN3-Murfatlar-retur,09-10,2026-09-11 09:21:04,402,0.2588957055214887,866.4757668711654,11.091165644171776,21.18,66.0,28.0,20.0,40.491901840490826,14.79,4.393452479458524,0.0875,3597.4,1,urban,S1_urban_iesire,0.1262,0.2048,0.3329,2.4171,0.155,0.409
DIESEL_Constanta-DN3-Murfatlar-retur,09-10,2026-09-11 09:21:05,403,0.6302521008403312,868.123949579832,11.109411764705884,21.32420168067227,66.0,28.36974789915967,20.0,40.93865546218486,14.79,4.743416587235345,-0.036,3597.6,1,urban,S1_urban_iesire,0.1262,0.205,0.3329,2.4211,0.1548,0.4084
DIESEL_Constanta-DN3-Murfatlar-retur,09-10,2026-09-11 09:21:06,404,0.0,873.2291666666667,11.174722222222224,21.57,66.0,29.0,20.0,39.9861111111111,14.79,4.605904628150318,-0.0875,3597.6,1,urban,S1_urban_iesire,0.1262,0.2051,0.3329,2.4353,0.1528,0.4031
DIESEL_Constanta-DN3-Murfatlar-retur,09-10,2026-09-11 09:21:07,405,0.0,852.4481382978722,10.850265957446808,21.57,66.45212765957449,29.452127659574483,20.0,40.65744680851063,14.79,3.954423750392407,0.0,3597.6,1,urban,S1_urban_iesire,0.1262,0.2052,0.3329,2.3646,0.1528,0.4031
DIESEL_Constanta-DN3-Murfatlar-retur,09-10,2026-09-11 09:21:08,406,0.0,849.5731500339443,10.793292600135777,21.57,67.0,30.0,20.0,40.03292600135777,14.79,4.137185634298796,0.0,3597.6,1,urban,S1_urban_iesire,0.1262,0.2053,0.3329,2.3522,0.1528,0.4031
DIESEL_Constanta-DN3-Murfatlar-retur,09-10,2026-09-11 09:21:09,407,0.0,850.6970588235293,10.791529411764706,21.57,67.0,30.015686274509804,20.0,40.125098039215686,14.79,4.814862534297404,0.0,3597.6,1,urban,S1_urban_iesire,0.1262,0.2055,0.3329,2.3518,0.1528,0.4031
DIESEL_Constanta-DN3-Murfatlar-retur,09-10,2026-09-11 09:21:10,408,0.0,816.5839243498818,10.265839243498815,21.57,66.70803782505908,31.0,20.0,41.64160756501182,14.79,4.1831398870163525,0.0,3597.6,1,urban,S1_urban_iesire,0.1262,0.2056,0.3329,2.2372,0.1528,0.4031
DIESEL_Constanta-DN3-Murfatlar-retur,09-10,2026-09-11 09:21:11,409,0.0,818.2295801526718,10.270816793893127,21.450618320610683,66.30610687022902,31.306106870229016,20.0,41.37755725190839,14.79,4.809822611751161,0.0,3597.6,1,urban,S1_urban_iesire,0.1262,0.2057,0.3329,2.2383,0.1528,0.4031
DIESEL_Constanta-DN3-Murfatlar-retur,09-10,2026-09-11 09:21:12,410,0.0,820.1267361111113,10.268055555555556,21.18,67.0,32.090277777777786,20.0,41.07291666666666,14.79,4.301334661369555,0.0,3597.6,1,urban,S1_urban_iesire,0.1262,0.2058,0.3329,2.2377,0.1528,0.4031
DIESEL_Constanta-DN3-Murfatlar-retur,09-10,2026-09-11 09:21:13,411,0.0,834.2977044476328,10.45119081779053,21.18,67.0,33.119081779053126,20.0,40.91908177905312,14.79,3.911097526337079,0.0,3597.6,1,urban,S1_urban_iesire,0.1262,0.206,0.3329,2.2776,0.1528,0.4031
DIESEL_Constanta-DN3-Murfatlar-retur,09-10,2026-09-11 09:21:14,412,0.0,833.603475513428,10.520979462875202,21.0580410742496,67.0,34.304897314376,20.0,41.37314375987359,14.92415481832544,4.125522377777637,0.0634,3597.6,1,urban,S1_urban_iesire,0.1262,0.2061,0.3329,2.2928,0.1528,0.4031
DIESEL_Constanta-DN3-Murfatlar-retur,09-10,2026-09-11 09:21:15,413,0.4567078972407457,842.6707897240731,10.820989533777364,22.571436726926827,66.88582302568982,35.11417697431018,20.0,40.50275927687917,15.329333967649864,4.191210771926058,0.6051,3597.7,1,urban,S1_urban_iesire,0.1478,0.2062,0.39,2.3582,0.1671,0.4408
DIESEL_Constanta-DN3-Murfatlar-retur,09-10,2026-09-11 09:21:16,414,4.356773526370289,974.4358841778718,12.288345398138617,36.91810754912108,66.07135470527406,36.07135470527406,20.0,41.36421923474665,16.18277145811791,1.4807799421780512,1.2814,3598.9,0,urban,S1_urban_iesire,0.338,0.2066,0.8917,2.678,0.3352,0.8844
DIESEL_Constanta-DN3-Murfatlar-retur,09-10,2026-09-11 09:21:17,415,9.682730923694654,1156.1907630521998,16.104939759035965,42.10686746987964,67.0,37.13654618473893,20.0,41.9951807228916,17.418393574297163,1.740316893993318,1.6163,3601.6,0,urban,S1_urban_iesire,0.674,0.2072,1.7784,3.5098,0.803,2.1189
DIESEL_Constanta-DN3-Murfatlar-retur,09-10,2026-09-11 09:21:18,416,15.994382022471916,1658.0126404494388,25.999494382022483,36.78752808988764,67.0,38.0,20.0,40.50056179775281,18.70719101123596,2.089483210743651,1.607,3606.1,0,urban,S1_urban_iesire,1.0722,0.2083,2.8291,5.6661,1.2771,3.3699
DIESEL_Constanta-DN3-Murfatlar-retur,09-10,2026-09-11 09:21:19,417,21.252906976744104,2167.0734011627824,36.29703488372076,34.9,67.0,38.45058139534882,20.0,40.74069767441858,19.53651162790696,1.8758407462176752,1.3378,3612.0,0,urban,S1_urban_iesire,1.4324,0.2098,3.7794,7.9103,1.4271,3.7654
DIESEL_Constanta-DN3-Murfatlar-retur,09-10,2026-09-11 09:21:20,418,25.626291079812184,2144.2126760563424,37.03981220657285,39.68536150234735,67.0,39.0,20.0,41.07474178403756,20.3127323943662,1.5940959382235522,1.1076,3619.1,0,urban,S1_urban_iesire,1.6916,0.2114,4.4636,8.0721,1.4525,3.8326
DIESEL_Constanta-DN3-Murfatlar-retur,09-10,2026-09-11 09:21:21,419,29.22768974145118,1805.891159299414,31.84103419516259,46.54723102585488,67.0,39.30692243536279,20.0,40.6,20.91801501251042,1.84812870989711,1.0407,3627.2,0,urban,S1_urban_iesire,1.8633,0.2133,4.9166,6.9391,1.5666,4.1335
DIESEL_Constanta-DN3-Murfatlar-retur,09-10,2026-09-11 09:21:22,420,33.119205298013135,2073.0556291390667,38.01464900662237,46.27,67.0,40.22384105960263,20.0,40.89099337748342,21.48340397350992,1.9026387451397493,1.2907,3636.4,0,urban,S1_urban_iesire,2.1526,0.2155,5.6798,8.2846,2.1369,5.6385
DIESEL_Constanta-DN3-Murfatlar-retur,09-10,2026-09-11 09:21:23,421,38.52094048493751,2385.66127847171,45.51760470242464,46.51030859662013,67.3041880969875,41.0,20.0,41.595811903012496,22.314643644379128,1.8068778106793493,1.2941,3647.1,0,urban,S1_urban_iesire,2.4934,0.218,6.579,9.9197,2.494,6.5808
DIESEL_Constanta-DN3-Murfatlar-retur,09-10,2026-09-11 09:21:24,422,42.436573311367376,2521.3677924217463,50.413196046128505,48.29288303130148,68.0,41.0,20.0,40.77775947281713,22.982866556836903,2.0865669204410424,1.3559,3658.9,0,urban,S1_urban_iesire,2.7129,0.2207,7.1582,10.9866,2.8684,7.5685
DIESEL_Constanta-DN3-Murfatlar-retur,09-10,2026-09-11 09:21:25,423,48.28345323741011,1938.14712230216,54.2458848920864,61.30513669064749,68.0,41.320863309352525,20.0,39.94920863309354,23.9191510791367,1.9246733441337307,1.2275,3672.3,0,urban,S1_urban_iesire,2.8141,0.2235,7.4253,11.8219,3.0063,7.9323
DIESEL_Constanta-DN3-Murfatlar-retur,09-10,2026-09-11 09:21:26,424,51.27424094025458,2071.211312438783,59.59203721841321,61.591390793339855,68.0,42.0,20.0,40.98227228207637,24.55003917727717,1.66233007342947,1.1097,3686.5,0,urban,S1_urban_iesire,3.0422,0.2265,8.0271,12.987,2.9376,7.7511
DIESEL_Constanta-DN3-Murfatlar-retur,09-10,2026-09-11 09:21:27,425,56.273010920437,2244.7472698908027,66.83450858034342,61.98129485179409,68.0,42.0546021840874,20.0,42.30171606864268,25.231809672386888,2.343830307820592,1.4942,3702.2,0,urban,S1_urban_iesire,3.2979,0.2298,8.7019,14.5653,4.1956,11.0704
DIESEL_Constanta-DN3-Murfatlar-retur,09-10,2026-09-11 09:21:28,426,62.03231441048038,2231.134497816588,65.55963318777273,61.40715283842792,68.0,43.0,20.0,40.97851528384281,24.84224454148471,1.956299269320238,1.158,3719.4,0,rural,S1_urban_iesire,3.2705,0.2331,8.6295,14.2875,3.7427,9.8756
DIESEL_Constanta-DN3-Murfatlar-retur,09-10,2026-09-11 09:21:29,427,64.6102941176471,1869.659007352942,47.99580882352914,56.14047794117627,68.0,43.0,20.0,41.7,24.10452205882352,1.8528655033838624,0.6051,3737.3,0,rural,S1_urban_iesire,2.4765,0.2356,6.5346,10.4598,2.3476,6.1944
DIESEL_Constanta-DN3-Murfatlar-retur,09-10,2026-09-11 09:21:30,428,66.38903863432165,1909.672506738544,36.38025157232706,46.407628032345045,68.0,43.0,20.0,40.99973045822104,22.82307277628033,2.474592652576318,0.3651,3755.8,0,rural,S1_urban_iesire,2.0083,0.2376,5.2992,7.9284,1.7258,4.5536
DIESEL_Constanta-DN3-Murfatlar-retur,09-10,2026-09-11 09:21:31,429,67.23898431665421,1835.9943988050804,32.73103808812552,41.09235997012701,68.0,43.23898431665422,20.0,40.21067961165048,21.37762509335326,2.87417520836818,0.2218,3774.5,0,rural,S1_urban_iesire,1.6364,0.2392,4.3178,7.1331,1.3313,3.5129
DIESEL_Constanta-DN3-Murfatlar-retur,09-10,2026-09-11 09:21:32,430,67.98581030619866,1531.28939507095,25.20303211351759,33.47473487677375,68.0,43.98581030619865,20.0,41.18155339805825,20.18270351008216,2.358753075414044,0.044,3793.4,0,rural,S1_urban_iesire,0.8354,0.24,2.2043,5.4925,0.8214,2.1672
DIESEL_Constanta-DN3-Murfatlar-retur,09-10,2026-09-11 09:21:33,431,67.55599369085175,1526.470228706625,27.68860410094644,40.36936908517372,68.0,44.0,20.0,40.43746056782336,20.836253943217663,1.8300777073018868,0.2689,3812.1,0,rural,S1_urban_iesire,1.0891,0.2411,2.8737,6.0342,1.4797,3.9043
DIESEL_Constanta-DN3-Murfatlar-retur,09-10,2026-09-11 09:21:34,432,69.92192429022079,1565.7052444794947,36.15074921135634,66.96242902208164,68.0,44.0,20.0,42.72452681388009,20.607547318611992,1.7686863075067647,0.3803,3831.5,0,rural,S1_urban_iesire,2.2335,0.2434,5.8933,7.8784,1.8925,4.9937
DIESEL_Constanta-DN3-Murfatlar-retur,09-10,2026-09-11 09:21:35,433,70.29390997352164,1579.1829214474851,26.79060900264784,40.39,68.0,44.0,20.0,42.01182700794351,20.81838481906442,2.576442129143333,0.1125,3851.1,0,rural,S1_urban_iesire,1.2173,0.2446,3.2119,5.8385,1.0795,2.8485
DIESEL_Constanta-DN3-Murfatlar-retur,09-10,2026-09-11 09:21:36,434,70.7319034852547,1597.4644772117963,25.84600536193032,35.55353887399479,68.2680965147453,43.7319034852547,20.0,41.74638069705094,19.763083109919588,2.8169927197825784,-0.0408,3870.7,0,rural,S1_urban_iesire,0.9743,0.2456,2.5707,5.6326,0.6141,1.6204
DIESEL_Constanta-DN3-Murfatlar-retur,09-10,2026-09-11 09:21:37,435,70.0,1571.4770462633453,23.540782918149468,23.49065480427046,68.67686832740213,43.0,20.0,41.470747330960855,18.31846975088968,2.562992547774849,-0.1017,3890.2,0,rural,S1_urban_iesire,0.2708,0.2458,0.7146,5.1303,0.4145,1.0937
DIESEL_Constanta-DN3-Murfatlar-retur,09-10,2026-09-11 09:21:38,436,70.0,1573.9274447949524,23.73473186119873,26.74922187171363,68.05152471083068,43.0,20.0,41.246372239747615,18.4272134595163,1.7459089882558962,0.0,3909.6,0,rural,S1_urban_iesire,0.4871,0.2463,1.2854,5.1725,0.727,1.9181
DIESEL_Constanta-DN3-Murfatlar-retur,09-10,2026-09-11 09:21:39,437,70.0,1592.71889616464,24.34492984097289,42.71333021515434,68.90832553788586,42.908325537885865,20.0,42.07249766136576,18.653507951356417,1.8331913726726283,0.0042,3929.0,0,rural,S1_urban_iesire,1.3307,0.2476,3.5111,5.3055,0.7399,1.9522
DIESEL_Constanta-DN3-Murfatlar-retur,09-10,2026-09-11 09:21:40,438,70.0300518134715,1609.6823834196891,25.90344041450777,42.24391709844561,68.0,41.9699481865285,20.0,41.8300518134715,19.59743005181347,3.437054494514608,0.1389,3948.5,0,rural,S1_urban_iesire,1.3823,0.249,3.6473,5.6452,1.1544,3.0461
DIESEL_Constanta-DN3-Murfatlar-retur,09-10,2026-09-11 09:21:41,439,71.0,1607.7809611829946,26.742809611829973,38.611201478743,68.0591497227357,41.0,20.0,42.77634011090572,20.21146025878005,2.202554617279806,0.1347,3968.2,0,rural,S1_urban_iesire,1.1875,0.2502,3.1334,5.8281,1.1656,3.0755
DIESEL_Constanta-DN3-Murfatlar-retur,09-10,2026-09-11 09:21:42,440,71.0,1612.1709796672828,28.036709796672863,35.34872458410342,68.98336414048062,41.0,20.0,42.40665434380775,21.015526802218137,1.843925627445756,0.2778,3987.9,0,rural,S2_DN3_vest_dus,1.0126,0.2512,2.6718,6.1101,1.6115,4.2521
DIESEL_Constanta-DN3-Murfatlar-retur,09-10,2026-09-11 09:21:43,441,73.0,1662.549019607843,36.54265795206991,54.87919389978257,69.0,41.0,20.0,40.49074074074071,20.74,2.104528557902192,0.324,4008.2,0,rural,S2_DN3_vest_dus,1.9883,0.2532,5.2463,7.9638,1.8229,4.81
DIESEL_Constanta-DN3-Murfatlar-retur,09-10,2026-09-11 09:21:44,442,73.33301343570056,1669.746161228407,29.10284069097887,36.47,69.0,41.0,20.0,41.66669865642994,21.02972168905949,1.8838815877632784,0.1742,4028.6,0,rural,S2_DN3_vest_dus,1.1356,0.2544,2.9965,6.3424,1.3522,3.5679
DIESEL_Constanta-DN3-Murfatlar-retur,09-10,2026-09-11 09:21:45,443,74.25437864887407,1688.115929941618,30.13254378648874,40.75882402001673,68.74562135112593,41.0,20.0,42.15963302752294,21.46246038365304,2.2425980294669947,0.25,4049.2,0,rural,S2_DN3_vest_dus,1.3282,0.2557,3.5046,6.5668,1.6249,4.2876
DIESEL_Constanta-DN3-Murfatlar-retur,09-10,2026-09-11 09:21:46,444,75.13266583229036,1719.0306633291614,30.248785982478097,52.75821026282855,68.13266583229036,41.0,20.0,43.62753441802253,21.10694618272841,2.2088772181195035,0.3058,4070.1,0,rural,S2_DN3_vest_dus,1.8927,0.2576,4.9941,6.5921,1.8367,4.8464
DIESEL_Constanta-DN3-Murfatlar-retur,09-10,2026-09-11 09:21:47,445,76.45616641901934,1726.1493313521546,31.115096582466578,48.21486627043087,69.0,41.0,20.0,42.5684249628529,21.64421248142645,2.1781305498914203,0.3902,4091.3,0,rural,S2_DN3_vest_dus,1.8639,0.2594,4.9182,6.7809,2.1656,5.7142
DIESEL_Constanta-DN3-Murfatlar-retur,09-10,2026-09-11 09:21:48,446,77.94205052005945,1738.0364041604755,31.620297176820216,45.59228083209506,69.0,41.0,20.0,42.79130757800892,21.755653789004462,1.9001298609070432,0.2144,4113.0,0,rural,S2_DN3_vest_dus,1.7702,0.2612,4.6708,6.891,1.622,4.2798
DIESEL_Constanta-DN3-Murfatlar-retur,09-10,2026-09-11 09:21:49,447,78.0,1769.9407216494849,30.452164948453635,40.24112464854747,69.0,41.0140581068416,20.0,42.0210871602624,20.58566073102157,2.1150043370313107,0.008,4134.6,0,rural,S2_DN3_vest_dus,1.5044,0.2627,3.9695,6.6365,0.9173,2.4203
DIESEL_Constanta-DN3-Murfatlar-retur,09-10,2026-09-11 09:21:50,448,78.0,1749.322164948454,28.596494845360866,30.316101218369464,69.0,41.95126522961573,20.0,43.42689784442359,19.62970946579196,1.7328391171348276,-0.0321,4156.3,0,rural,S2_DN3_vest_dus,0.854,0.2636,2.2533,6.2321,0.78,2.0581
DIESEL_Constanta-DN3-Murfatlar-retur,09-10,2026-09-11 09:21:51,449,77.76890308839191,1760.2792864749736,26.61084132055377,27.62537806176791,69.0,42.0,20.0,42.85378061767838,18.11403620873269,1.652179454354106,-0.1087,4177.9,0,rural,S2_DN3_vest_dus,0.6598,0.2642,1.7409,5.7993,0.5138,1.3556
DIESEL_Constanta-DN3-Murfatlar-retur,09-10,2026-09-11 09:21:52,450,77.21752738654148,1743.318075117371,27.13021909233179,26.874491392801616,69.0,42.0,20.0,42.83051643192489,18.751424100156505,2.771615046586536,0.0321,4199.4,0,rural,S2_DN3_vest_dus,0.4967,0.2647,1.3107,5.9125,0.9815,2.5898
DIESEL_Constanta-DN3-Murfatlar-retur,09-10,2026-09-11 09:21:53,451,78.0,1759.75,28.39,50.2,69.0,42.0,20.0,43.3,19.44,4.436125936140071,0.2925,4221.0,0,rural,S2_DN3_vest_dus,1.8296,0.2666,4.8276,6.1871,1.8912,4.9901
DIESEL_Constanta-DN3-Murfatlar-retur,09-10,2026-09-11 09:21:54,452,79.32355046528275,1469.1984609878311,25.016227630637083,52.39739441660701,69.0,43.0,20.0,43.02355046528275,21.012104509663565,2.708027878355161,0.2856,4243.1,0,rural,S2_DN3_vest_dus,1.5142,0.2681,3.9953,5.4518,1.9138,5.0497
DIESEL_Constanta-DN3-Murfatlar-retur,09-10,2026-09-11 09:21:55,453,80.05606523955149,1469.7331804281348,27.17860346585124,54.25757390417947,69.05606523955149,43.0,20.0,43.62711518858307,22.39085626911314,1.581324360680044,0.2236,4265.3,0,rural,S2_DN3_vest_dus,1.5389,0.2696,4.0606,5.9231,1.7218,4.5433
DIESEL_Constanta-DN3-Murfatlar-retur,09-10,2026-09-11 09:21:56,454,80.9336917562724,1513.3297491039425,35.229677419354715,60.64349462365547,70.0,43.0,20.0,42.45304659498208,20.91851254480288,2.1266624764880246,-0.0026,4287.8,0,rural,S2_DN3_vest_dus,1.8512,0.2715,4.8846,7.6776,0.9474,2.4997
DIESEL_Constanta-DN3-Murfatlar-retur,09-10,2026-09-11 09:21:57,455,80.03763440860213,1480.6236559139777,26.03612903225782,26.90693548387008,70.0,43.0,20.0,43.1698924731183,21.303817204301087,2.102483184264221,0.1074,4310.0,0,rural,S2_DN3_vest_dus,0.4379,0.2719,1.1554,5.6741,1.3131,3.4646
DIESEL_Constanta-DN3-Murfatlar-retur,09-10,2026-09-11 09:21:58,456,81.70665691294806,1513.866495976591,36.749407461594735,62.44417702999267,70.0,43.0,20.0,42.60065837600585,21.53767373811266,2.225451224309896,0.4114,4332.7,0,rural,S2_DN3_vest_dus,1.9188,0.2738,5.0629,8.0088,2.4501,6.4648
DIESEL_Constanta-DN3-Murfatlar-retur,09-10,2026-09-11 09:21:59,457,83.0,1537.8729792147803,34.756720554272626,60.86741339491967,70.0,43.0,20.0,43.53926096997692,20.833071593533464,1.630207859622732,0.1796,4355.8,0,rural,S2_DN3_vest_dus,1.8961,0.2757,5.0029,7.5746,1.6602,4.3806
DIESEL_Constanta-DN3-Murfatlar-retur,09-10,2026-09-11 09:22:00,458,83.0,1552.0084134615386,30.259182692307707,37.107804487179536,70.0,43.0,20.0,42.68028846153846,22.13567307692308,1.8460603794963664,0.0005,4378.8,0,rural,S2_DN3_vest_dus,0.972,0.2767,2.5648,6.5944,1.0078,2.6591
DIESEL_Constanta-DN3-Murfatlar-retur,09-10,2026-09-11 09:22:01,459,83.0033783783784,1572.8902027027025,38.16537162162146,61.48388513513472,70.0,43.0,20.0,43.40270270270271,21.322939189189203,2.571531730460712,0.2198,4401.9,0,rural,S2_DN3_vest_dus,2.0781,0.2788,5.4834,8.3174,1.8067,4.7673
DIESEL_Constanta-DN3-Murfatlar-retur,09-10,2026-09-11 09:22:02,460,84.58238636363639,1559.718750000001,31.79957386363656,49.78355113636432,70.0,43.0,20.0,44.4911931818182,22.27444602272728,2.2110455232129467,0.4159,4425.4,0,rural,S2_DN3_vest_dus,1.424,0.2802,3.7574,6.9301,2.589,6.8314
DIESEL_Constanta-DN3-Murfatlar-retur,09-10,2026-09-11 09:22:03,461,85.99774266365688,1606.477426636569,41.139616252821526,83.03022573363378,70.00225733634312,43.0,20.0,45.19706546275394,22.47706546275393,1.682601815216938,0.0817,4449.3,0,rural,S2_DN3_vest_dus,2.583,0.2828,6.8155,8.9656,1.3896,3.6665
DIESEL_Constanta-DN3-Murfatlar-retur,09-10,2026-09-11 09:22:04,462,85.17033773861966,1596.116740088106,28.05578560939791,34.3090014684288,70.82966226138034,43.0,20.0,43.83186490455213,21.45083700440526,1.64399747764123,0.0609,4472.9,0,rural,S2_DN3_vest_dus,0.9356,0.2837,2.4687,6.1142,1.2876,3.3976
DIESEL_Constanta-DN3-Murfatlar-retur,09-10,2026-09-11 09:22:05,463,86.43630892678034,1602.2126379137412,33.68423269809425,48.90186559679023,70.43630892678034,43.0,20.0,43.84904714142427,22.01082246740221,1.8524216282789137,0.2541,4496.9,0,rural,S2_DN3_vest_dus,1.5714,0.2853,4.1464,7.3408,2.0565,5.4263
DIESEL_Constanta-DN3-Murfatlar-retur,09-10,2026-09-11 09:22:06,464,87.0,1623.118772241993,34.54028469750889,59.39101423487542,70.61032028469751,43.0,20.0,43.75444839857651,20.86243772241993,1.883048978017956,0.0783,4521.1,0,rural,S2_DN3_vest_dus,2.0917,0.2874,5.5193,7.5274,1.4063,3.7106
DIESEL_Constanta-DN3-Murfatlar-retur,09-10,2026-09-11 09:22:07,465,87.0,1630.8508353221953,27.952458233890216,37.84639618138398,70.0,42.6252983293556,20.0,43.38711217183773,20.761121718377098,1.8543969032251184,0.0,4545.3,0,rural,S2_DN3_vest_dus,1.1359,0.2885,2.9973,6.0917,1.1073,2.9218
DIESEL_Constanta-DN3-Murfatlar-retur,09-10,2026-09-11 09:22:08,466,87.0,1618.3747228381374,28.12091648189209,32.02756836659272,70.0,42.0,20.0,43.88337028824834,21.08277161862528,2.081645984246664,0.0343,4569.4,0,rural,S2_DN3_vest_dus,0.7933,0.2893,2.0931,6.1284,1.2383,3.2673
DIESEL_Constanta-DN3-Murfatlar-retur,09-10,2026-09-11 09:22:09,467,87.24674022066196,1626.4511033099295,29.507402206619744,44.66273821464361,70.12337011033098,42.0,20.0,43.41103309929788,21.0541624874624,1.842737753747748,0.2623,4593.7,0,rural,S2_DN3_vest_dus,1.465,0.2908,3.8655,6.4306,2.1182,5.5891
DIESEL_Constanta-DN3-Murfatlar-retur,09-10,2026-09-11 09:22:10,468,88.8888888888889,1651.6388888888891,37.353333333333474,64.70444444444514,71.0,42.0,20.0,44.155555555555566,20.36999999999997,1.4883748265886312,0.1056,4618.4,0,rural,S2_DN3_vest_dus,2.2502,0.293,5.9374,8.1405,1.5699,4.1423
DIESEL_Constanta-DN3-Murfatlar-retur,09-10,2026-09-11 09:22:11,469,88.00705467372133,1642.8205467372131,29.840105820105684,27.35876543209808,71.0,42.0,20.0,43.802821869488525,22.036666666666697,1.563048291092633,0.0114,4642.8,0,rural,S2_DN3_vest_dus,0.5812,0.2936,1.5335,6.5031,1.1781,3.1086
DIESEL_Constanta-DN3-Murfatlar-retur,09-10,2026-09-11 09:22:12,470,88.97064579256363,1646.1472602739727,42.738121330724425,60.55698630137079,71.0,42.0,20.0,43.31467710371818,22.89446183953036,2.339683927035491,0.3093,4667.5,0,rural,S2_DN3_vest_dus,2.2212,0.2958,5.861,9.314,2.3679,6.2479
DIESEL_Constanta-DN3-Murfatlar-retur,09-10,2026-09-11 09:22:13,471,90.23379819524202,1677.3365463494672,35.39808859721094,44.09743232157548,70.61689909762102,42.0,20.0,44.6,20.64329778506972,2.3078092686132123,0.0404,4692.6,0,autostrada,S2_DN3_vest_dus,1.4495,0.2973,3.8246,7.7143,1.355,3.5754
DIESEL_Constanta-DN3-Murfatlar-retur,09-10,2026-09-11 09:22:14,472,89.26187961985215,1655.982312565998,28.68193241816263,26.24562829989416,70.26187961985215,41.73812038014785,20.0,44.62618796198522,20.988827877507926,2.430380104202227,-0.0325,4717.4,0,rural,S2_DN3_vest_dus,0.4731,0.2977,1.2484,6.2507,1.0408,2.7463
DIESEL_Constanta-DN3-Murfatlar-retur,09-10,2026-09-11 09:22:15,473,90.0,1656.748263888889,27.33001157407408,43.84042824074073,71.0,41.0,20.0,44.52581018518519,19.944849537037044,2.5153893187684915,0.1025,4742.4,0,rural,S2_DN3_vest_dus,1.517,0.2993,4.0028,5.9561,1.5934,4.2043
DIESEL_Constanta-DN3-Murfatlar-retur,09-10,2026-09-11 09:22:16,474,90.0,1664.423848122867,27.02471843003413,40.76426621160407,71.0,41.0,20.0,44.34914675767919,19.540656996587032,2.842978006216845,0.0,4767.4,0,rural,S2_DN3_vest_dus,1.3581,0.3006,3.5834,5.8895,1.1885,3.1361
DIESEL_Constanta-DN3-Murfatlar-retur,09-10,2026-09-11 09:22:17,475,90.0,1663.7832355816226,27.71522971652005,35.30736070381225,71.0,41.0,20.0,44.31505376344087,20.03553274682308,2.269173617884803,-0.0453,4792.4,0,rural,S2_DN3_vest_dus,1.063,0.3017,2.8049,6.04,1.0096,2.6639
DIESEL_Constanta-DN3-Murfatlar-retur,09-10,2026-09-11 09:22:18,476,89.67385444743934,1665.3349056603768,28.62541778975753,33.824420485174656,71.0,40.67385444743934,20.0,44.347978436657726,18.47167115902964,1.9869452758432555,-0.2345,4817.3,0,rural,S2_DN3_vest_dus,1.0628,0.3027,2.8044,6.2384,0.2566,0.677
DIESEL_Constanta-DN3-Murfatlar-retur,09-10,2026-09-11 09:22:19,477,88.31176875430144,1640.0294218857537,30.546311080523004,16.61285615966973,71.0,40.0,20.0,45.41176875430144,17.94120440467998,1.783351914224813,-0.362,4841.8,0,rural,S2_DN3_vest_dus,0.152,0.3029,0.401,6.657,0.0694,0.1832
DIESEL_Constanta-DN3-Murfatlar-retur,09-10,2026-09-11 09:22:20,478,87.06762589928061,1635.8877697841722,25.11289208633097,26.58506474820214,71.0,40.0,20.0,44.17438848920867,18.47883453237413,1.406899760507287,0.0053,4866.0,0,rural,S2_DN3_vest_dus,0.5227,0.3034,1.3792,5.4729,1.1294,2.9799
DIESEL_Constanta-DN3-Murfatlar-retur,09-10,2026-09-11 09:22:21,479,88.34990059642146,1635.3717693836973,30.619681908548515,52.549940357852655,71.0,40.0,20.0,44.60516898608353,19.69588469184889,1.81629033476158,0.2225,4890.5,0,rural,S2_DN3_vest_dus,1.8832,0.3053,4.9689,6.673,2.0061,5.2932
DIESEL_Constanta-DN3-Murfatlar-retur,09-10,2026-09-11 09:22:22,480,88.66984732824427,1655.261927480916,35.59511450381676,53.55524809160298,71.0,40.0,20.0,44.06125954198474,20.49952290076336,2.3538403158155967,-0.0486,4915.2,0,rural,S2_DN3_vest_dus,1.8969,0.3072,5.0052,7.7573,0.9628,2.5405
DIESEL_Constanta-DN3-Murfatlar-retur,09-10,2026-09-11 09:22:23,481,88.0,1651.548387096774,28.2,31.759784946236564,71.32043010752687,40.0,20.0,45.424301075268815,20.6,2.4444907424816846,-0.093,4939.6,0,rural,S2_DN3_vest_dus,0.8275,0.308,2.1834,6.1457,0.7747,2.0441
DIESEL_Constanta-DN3-Murfatlar-retur,09-10,2026-09-11 09:22:24,482,88.0,1648.7934131736529,27.96586826347306,31.363712574850155,71.7245508982036,39.7245508982036,20.0,45.87245508982036,20.398922155688627,2.713741331168148,0.005,4964.1,0,rural,S2_DN3_vest_dus,0.7892,0.3088,2.0824,6.0946,1.1532,3.0428
DIESEL_Constanta-DN3-Murfatlar-retur,09-10,2026-09-11 09:22:25,483,88.03615819209037,1648.1505649717517,27.30082485875709,47.88266666666664,71.03615819209037,39.0,20.0,45.81084745762711,19.83854237288137,2.255225167247428,0.117,4988.5,0,rural,S2_DN3_vest_dus,1.7012,0.3105,4.4887,5.9497,1.5869,4.1872
DIESEL_Constanta-DN3-Murfatlar-retur,09-10,2026-09-11 09:22:26,484,88.84244372990355,1646.3665594855306,26.27360128617362,44.50916398713849,71.84244372990355,39.0,20.0,45.942443729903545,19.182765273311887,1.6508988316897666,0.0336,5013.2,0,rural,S2_DN3_vest_dus,1.4018,0.3119,3.6987,5.7258,1.2877,3.3976
DIESEL_Constanta-DN3-Murfatlar-retur,09-10,2026-09-11 09:22:27,485,88.2782834850455,1649.9564369310792,27.41988296488947,27.81182054616375,71.2782834850455,39.0,20.0,45.183485045513656,19.917893368010407,2.578777695530215,-0.0419,5037.7,0,rural,S2_DN3_vest_dus,0.5475,0.3125,1.4448,5.9756,0.979,2.5833
DIESEL_Constanta-DN3-Murfatlar-retur,09-10,2026-09-11 09:22:28,486,88.54076367389061,1637.6060371517028,25.8629927760578,39.4963777089784,72.0,39.0,20.0,45.1703818369453,18.954757481940145,3.35133282016008,-0.0387,5062.3,0,rural,S2_DN3_vest_dus,1.2347,0.3137,3.2579,5.6363,0.9981,2.6335
DIESEL_Constanta-DN3-Murfatlar-retur,09-10,2026-09-11 09:22:29,487,88.0,1628.320285316632,25.398496868475988,32.40853862212942,72.0,39.0,20.0,45.23124565066109,18.70574808629088,2.2207585859676726,-0.0751,5086.8,0,rural,S2_DN3_vest_dus,0.8616,0.3146,2.2733,5.5351,0.8438,2.2266
DIESEL_Constanta-DN3-Murfatlar-retur,09-10,2026-09-11 09:22:30,488,88.0,1631.932650862069,25.877898706896552,35.66772629310358,72.0,39.0,20.0,45.90420258620689,19.00588362068965,2.017142506863749,0.0,5111.2,0,rural,S2_DN3_vest_dus,1.0487,0.3156,2.767,5.6396,1.1339,2.9919
DIESEL_Constanta-DN3-Murfatlar-retur,09-10,2026-09-11 09:22:31,489,88.0,1621.449441340782,25.785351955307263,29.237854748603144,72.0,39.0,20.0,45.92558659217877,19.086670391061457,3.395395276573648,-0.0278,5135.6,0,rural,S2_DN3_vest_dus,0.6456,0.3163,1.7034,5.6194,1.0265,2.7086
DIESEL_Constanta-DN3-Murfatlar-retur,09-10,2026-09-11 09:22:32,490,87.80018501387603,1637.0515726179462,25.609870490286774,44.635152636447614,72.0,39.0,20.0,45.75966697502314,18.8258926919519,2.7024205331015927,-0.1204,5160.0,0,rural,S2_DN3_vest_dus,1.363,0.3176,3.5964,5.5812,0.6646,1.7536
DIESEL_Constanta-DN3-Murfatlar-retur,09-10,2026-09-11 09:22:33,491,87.13339920948616,1629.9165019762845,26.342084980237143,25.855731225296207,72.0,39.0,20.0,46.839822134387376,19.42606719367588,1.523062380450816,0.0278,5184.2,0,rural,S2_DN3_vest_dus,0.4459,0.3181,1.1766,5.7408,1.2171,3.2116
DIESEL_Constanta-DN3-Murfatlar-retur,09-10,2026-09-11 09:22:34,492,88.0,1628.424856870229,27.197099236641243,48.07720419847333,72.0,39.11736641221373,20.0,44.75820610687021,20.10460877862597,1.7230998589209472,0.1105,5208.7,0,rural,S2_DN3_vest_dus,1.6812,0.3197,4.4361,5.9271,1.5607,4.1179
DIESEL_Constanta-DN3-Murfatlar-retur,09-10,2026-09-11 09:22:35,493,87.92904446546832,1631.5664616840118,25.27321665089876,42.250416272469536,72.0,40.0,20.0,46.73547776726584,18.62244087038788,2.3246569113199644,-0.1389,5233.1,0,rural,S2_DN3_vest_dus,1.4157,0.3212,3.7354,5.5078,0.596,1.5725
DIESEL_Constanta-DN3-Murfatlar-retur,09-10,2026-09-11 09:22:36,494,87.0,1606.584158415841,25.976059405940585,20.69760396039557,72.0,39.98217821782181,20.0,47.15900990099016,19.44,1.6719598131288982,-0.129,5257.3,0,rural,S2_DN3_vest_dus,0.1442,0.3213,0.3804,5.661,0.6148,1.6221
DIESEL_Constanta-DN3-Murfatlar-retur,09-10,2026-09-11 09:22:37,495,87.0,1624.8019047619052,26.301619047619067,37.8173142857139,72.0,39.01523809523806,20.0,44.925904761904704,19.437714285714293,2.858198207370692,0.0,5281.4,0,rural,S2_DN3_vest_dus,1.1433,0.3224,3.0167,5.7319,1.1073,2.9218
DIESEL_Constanta-DN3-Murfatlar-retur,09-10,2026-09-11 09:22:38,496,87.0,1619.4942468619247,25.8947280334728,45.59188284518832,72.0,40.0,20.0,46.7010460251046,19.29,1.561743406070733,-0.0119,5305.6,0,rural,S2_DN3_vest_dus,1.5128,0.324,3.9918,5.6433,1.0619,2.8019
DIESEL_Constanta-DN3-Murfatlar-retur,09-10,2026-09-11 09:22:39,497,86.9144851657941,1631.8555846422348,26.268603839441493,37.96640488656263,72.0,40.0,20.0,46.8144851657941,19.402024432809725,1.5901189275686871,-0.0895,5329.8,0,rural,S2_DN3_vest_dus,1.1647,0.3251,3.0732,5.7247,0.7637,2.015
DIESEL_Constanta-DN3-Murfatlar-retur,09-10,2026-09-11 09:22:40,498,86.355754857997,1616.9226457399102,30.98399103139007,36.5732884902837,72.0,40.0,20.0,46.57593423019431,20.340298953662188,1.8197500649022968,0.0119,5353.7,0,rural,S2_DN3_vest_dus,0.9342,0.3261,2.4649,6.7524,1.1356,2.9963
DIESEL_Constanta-DN3-Murfatlar-retur,09-10,2026-09-11 09:22:41,499,87.0,1636.038559754852,35.70592441266625,61.23677221654821,72.0,40.0,20.0,47.54627170582231,19.685342185904013,2.453266238807479,0.0677,5377.9,0,rural,S2_DN3_vest_dus,2.184,0.3282,5.7627,7.7814,1.3658,3.6039
DIESEL_Constanta-DN3-Murfatlar-retur,09-10,2026-09-11 09:22:42,500,86.84304047384008,1629.334896347483,25.52683119447186,30.97015794669305,72.0,40.0,20.0,46.06278381046397,18.834679170779854,2.29774096531105,-0.1117,5402.0,0,rural,S2_DN3_vest_dus,0.7644,0.329,2.017,5.5631,0.6775,1.7876
DIESEL_Constanta-DN3-Murfatlar-retur,09-10,2026-09-11 09:22:43,501,86.19544846050871,1605.2827978580997,26.60232931726905,26.36876840696168,72.0,40.0,20.0,46.51726907630523,19.99728246318605,1.522125073741911,-0.0194,5426.0,0,rural,S2_DN3_vest_dus,0.4098,0.3294,1.0813,5.7975,1.0129,2.6727
DIESEL_Constanta-DN3-Murfatlar-retur,09-10,2026-09-11 09:22:44,502,86.70334572490707,1621.921003717472,25.577947955390325,45.04691449814137,72.0,40.29665427509293,20.0,47.08899628252788,19.09861710037174,1.731796484960082,-0.0098,5450.1,0,rural,S2_DN3_vest_dus,1.3339,0.3307,3.5198,5.5742,1.0622,2.8028
DIESEL_Constanta-DN3-Murfatlar-retur,09-10,2026-09-11 09:22:45,503,86.12456747404839,1613.2621107266432,27.28089965397896,32.78747404844211,72.06228373702419,41.0,20.0,47.31868512110726,20.001937716262983,2.019467658222702,0.0986,5474.0,0,rural,S2_DN3_vest_dus,0.8435,0.3316,2.2257,5.9454,1.4572,3.8449
DIESEL_Constanta-DN3-Murfatlar-retur,09-10,2026-09-11 09:22:46,504,87.41317991631797,1619.84440376569,37.35251046025107,50.104257322175286,73.0,41.0,20.0,47.6,20.09774058577408,1.5697782629758337,-0.0743,5498.3,0,rural,S2_DN3_vest_dus,1.7255,0.3333,4.5528,8.1403,0.8332,2.1985
DIESEL_Constanta-DN3-Murfatlar-retur,09-10,2026-09-11 09:22:47,505,85.58978723404253,1595.9474468085102,39.05068085106383,25.90831489361647,73.0,41.0,20.0,47.717957446808505,21.411438297872348,1.7344874451685102,0.0699,5522.0,0,rural,S2_DN3_vest_dus,0.4837,0.3338,1.2764,8.5104,1.3333,3.518
DIESEL_Constanta-DN3-Murfatlar-retur,09-10,2026-09-11 09:22:48,506,87.91666666666669,1641.2916666666672,38.64666666666673,86.53250000000172,73.0,41.0,20.0,48.2,20.50333333333336,1.4487456061982946,0.1959,5546.5,0,rural,S2_DN3_vest_dus,2.2555,0.3361,5.9513,8.4223,1.8875,4.9805
DIESEL_Constanta-DN3-Murfatlar-retur,09-10,2026-09-11 09:22:49,507,87.0,1617.2473980919342,33.26235039028615,19.98952298352141,73.0,41.0,20.0,47.86695576756288,19.872957502168266,1.88991258965184,-0.1624,5570.6,0,rural,S2_DN3_vest_dus,0.3572,0.3364,0.9425,7.2489,0.4872,1.2856
DIESEL_Constanta-DN3-Murfatlar-retur,09-10,2026-09-11 09:22:50,508,86.74754098360657,1621.7352459016397,27.393147540983627,36.66691803278688,73.0,41.0,20.0,47.07377049180329,20.44714754098361,2.540179306165609,-0.0023,5594.7,0,rural,S2_DN3_vest_dus,1.0885,0.3375,2.872,5.9698,1.0919,2.8812
DIESEL_Constanta-DN3-Murfatlar-retur,09-10,2026-09-11 09:22:51,509,86.98340248962647,1622.5767634854767,29.547966804978973,45.99244813277938,73.0,41.0,20.0,46.86390041493775,19.58,3.3162836705813827,0.2432,5618.9,0,rural,S2_DN3_vest_dus,1.5286,0.339,4.0333,6.4394,2.0353,5.3704
DIESEL_Constanta-DN3-Murfatlar-retur,09-10,2026-09-11 09:22:52,510,88.49893238434166,1626.2971530249115,37.1935943060498,50.65674021352381,72.74946619217083,41.0,20.0,47.22505338078292,19.94327402135229,2.8530997941226155,0.0128,5643.5,0,rural,S2_DN3_vest_dus,1.7495,0.3408,4.6162,8.1056,1.197,3.1585
DIESEL_Constanta-DN3-Murfatlar-retur,09-10,2026-09-11 09:22:53,511,87.07544483985765,1605.8345195729537,38.65266903914591,12.977024911031968,72.03772241992883,41.0,20.0,47.29622775800711,20.975302491103207,2.293242847069981,0.0716,5667.7,0,rural,S2_DN3_vest_dus,0.0881,0.3409,0.2323,8.4236,1.3829,3.649
DIESEL_Constanta-DN3-Murfatlar-retur,09-10,2026-09-11 09:22:54,512,89.0143198090692,1643.994630071599,43.53031026252983,68.40281622911694,72.0143198090692,41.0,20.0,47.93293556085919,23.02262529832936,1.9702132981631737,0.3817,5692.4,0,rural,S2_DN3_vest_dus,2.5236,0.3434,6.6588,9.4866,2.6525,6.999
DIESEL_Constanta-DN3-Murfatlar-retur,09-10,2026-09-11 09:22:55,513,89.82370820668694,1687.5372340425538,40.25808510638296,67.71911854103452,73.0,41.0,20.0,49.759270516717365,20.62981762917932,2.0454324985303205,-0.0349,5717.3,0,rural,S2_DN3_vest_dus,2.0787,0.3455,5.4849,8.7735,1.046,2.7601
DIESEL_Constanta-DN3-Murfatlar-retur,09-10,2026-09-11 09:22:56,514,88.76269035532994,1654.4663705583755,38.13076142131966,16.998743654822572,73.0,41.0,20.0,47.557614213197965,21.36558375634517,2.080207313307961,-0.1616,5742.0,0,rural,S2_DN3_vest_dus,0.2246,0.3457,0.5926,8.3099,0.525,1.3851
DIESEL_Constanta-DN3-Murfatlar-retur,09-10,2026-09-11 09:22:57,515,88.6600496277916,1658.0595533498756,31.594689826302847,40.70161290322618,73.3300248138958,41.0,20.0,47.694044665012434,20.505260545905685,2.499847077145958,0.1398,5766.6,0,rural,S2_DN3_vest_dus,1.3211,0.347,3.486,6.8855,1.6957,4.4742
DIESEL_Constanta-DN3-Murfatlar-retur,09-10,2026-09-11 09:22:58,516,89.7694174757281,1652.513956310681,34.97910194174722,53.99648058252361,73.7694174757281,41.0,20.0,48.50800970873778,19.80662621359231,3.3778133590037225,0.0865,5791.6,0,rural,S2_DN3_vest_dus,1.951,0.349,5.148,7.623,1.5229,4.0184
DIESEL_Constanta-DN3-Murfatlar-retur,09-10,2026-09-11 09:22:59,517,89.28284389489953,1676.2299072642968,29.181313755795983,42.80624420401856,73.0,41.0,20.0,47.03029366306029,20.990401854714065,2.062777125448801,0.032,5816.4,0,rural,S2_DN3_vest_dus,1.4963,0.3505,3.9482,6.3595,1.2941,3.4146
DIESEL_Constanta-DN3-Murfatlar-retur,09-10,2026-09-11 09:23:00,518,90.0,1681.827065351418,29.108791615289768,40.98520345252775,73.0,41.0,20.0,46.59112207151665,20.81276202219482,2.566712792293573,0.0643,5841.4,0,rural,S2_DN3_vest_dus,1.3951,0.3519,3.681,6.3437,1.4425,3.8062
DIESEL_Constanta-DN3-Murfatlar-retur,09-10,2026-09-11 09:23:01,519,89.74561403508774,1687.4320175438595,28.227719298245603,32.87517543859634,73.0,41.0,20.0,47.00877192982452,20.12938596491227,2.200722864601417,-0.1073,5866.3,0,rural,S2_DN3_vest_dus,0.9325,0.3528,2.4605,6.1517,0.7588,2.0023
DIESEL_Constanta-DN3-Murfatlar-retur,09-10,2026-09-11 09:23:02,520,89.22727272727275,1687.409090909091,28.40590909090908,41.63909090909112,73.22727272727275,41.0,20.0,48.59090909090909,20.252272727272715,3.1854319930717394,0.0353,5891.1,0,rural,S2_DN3_vest_dus,1.3765,0.3542,3.6321,6.1905,1.3054,3.4445
DIESEL_Constanta-DN3-Murfatlar-retur,09-10,2026-09-11 09:23:03,521,90.0,1684.8904230317269,27.520305522914228,46.25074030552222,74.0,41.0,20.0,49.041715628672165,19.716991774383093,1.744660561993862,0.0668,5916.1,0,rural,S2_DN3_vest_dus,1.4685,0.3556,3.8748,5.9975,1.4524,3.8323
DIESEL_Constanta-DN3-Murfatlar-retur,09-10,2026-09-11 09:23:04,522,89.70857618651122,1668.7171107410493,27.261265611989984,30.56609492089947,73.70857618651122,41.0,20.0,48.88800999167358,19.73743547044128,2.3104457087966144,-0.1389,5941.0,0,rural,S2_DN3_vest_dus,0.7805,0.3564,2.0595,5.9411,0.6336,1.6717
DIESEL_Constanta-DN3-Murfatlar-retur,09-10,2026-09-11 09:23:05,523,89.0,1670.7851694915253,27.027847457627168,38.04811864406761,73.12627118644069,41.0,20.0,47.58940677966103,18.617822033898303,2.469289201807708,-0.0984,5965.7,0,rural,S2_DN3_vest_dus,1.2678,0.3577,3.3453,5.8902,0.7766,2.0491
DIESEL_Constanta-DN3-Murfatlar-retur,09-10,2026-09-11 09:23:06,524,89.0,1652.5648305084735,33.926152542373224,11.7938813559309,73.97372881355936,41.0,20.0,48.86059322033905,17.999177966101666,1.993054695413893,0.0128,5990.4,0,rural,S2_DN3_vest_dus,0.0381,0.3577,0.1006,7.3936,1.211,3.1952
DIESEL_Constanta-DN3-Murfatlar-retur,09-10,2026-09-11 09:23:07,525,89.0922570016475,1654.7417627677107,27.937215815486496,39.711943986821616,73.0922570016475,41.0,20.0,49.5601317957165,19.662652388797326,3.1197447452029228,0.0916,6015.2,0,rural,S2_DN3_vest_dus,1.2977,0.359,3.424,6.0884,1.5216,4.015
DIESEL_Constanta-DN3-Murfatlar-retur,09-10,2026-09-11 09:23:08,526,89.6595905989386,1658.9683472327524,33.43014404852182,49.3213570887043,74.0,41.0,20.0,47.54040940106139,19.39487490523121,1.651293679060055,-0.0128,6040.1,0,rural,S2_DN3_vest_dus,1.7343,0.3608,4.5762,7.2855,1.1287,2.9782
DIESEL_Constanta-DN3-Murfatlar-retur,09-10,2026-09-11 09:23:09,527,89.0,1649.8346366145354,27.57707451701932,29.33321987120513,73.88040478380866,41.0,20.0,48.1641214351426,20.16,1.882237491186363,-0.0916,6064.8,0,rural,S2_DN3_vest_dus,0.7317,0.3615,1.9307,6.0099,0.8032,2.1192
DIESEL_Constanta-DN3-Murfatlar-retur,09-10,2026-09-11 09:23:10,528,89.0,1661.6379565646594,27.72350444225073,34.659842053307024,73.04244817374136,41.0,20.0,47.95518262586378,20.06746298124382,2.792437108859725,-0.0042,6089.5,0,rural,S2_DN3_vest_dus,1.0202,0.3625,2.6918,6.0418,1.1445,3.02
DIESEL_Constanta-DN3-Murfatlar-retur,09-10,2026-09-11 09:23:11,529,88.96996996997,1663.113363363365,24.890120120120105,37.50996996997046,74.0,41.0,20.0,49.24204204204201,18.014834834834804,1.633920028509882,-0.1389,6114.2,0,rural,S2_DN3_vest_dus,1.2277,0.3637,3.2394,5.4243,0.6178,1.63
DIESEL_Constanta-DN3-Murfatlar-retur,09-10,2026-09-11 09:23:12,530,88.0,1611.0819209039537,25.62687005649704,21.475175141241166,74.0,40.96497175141248,20.0,50.49491525423746,19.196045197740023,1.9400636377143827,-0.062,6138.7,0,rural,S2_DN3_vest_dus,0.1836,0.3639,0.4845,5.5849,0.8944,2.3601
DIESEL_Constanta-DN3-Murfatlar-retur,09-10,2026-09-11 09:23:13,531,88.52392344497592,1640.8546650717683,30.43877990430549,53.76782296650645,74.0,40.0,20.0,47.77464114832531,20.891937799043014,2.5056290379022554,0.4167,6163.3,0,rural,S2_DN3_vest_dus,1.8877,0.3658,4.981,6.6336,2.767,7.3009
DIESEL_Constanta-DN3-Murfatlar-retur,09-10,2026-09-11 09:23:14,532,91.0,1681.0651260504192,43.2543937575028,62.32749099639894,74.0,40.0,20.0,48.63721488595438,22.205438175270025,2.29811691815695,0.3439,6188.6,0,autostrada,S2_DN3_vest_dus,2.3901,0.3682,6.3065,9.4265,2.5901,6.8342
DIESEL_Constanta-DN3-Murfatlar-retur,09-10,2026-09-11 09:23:15,533,91.0,1692.9101123595506,40.4792857142859,53.4465810593902,74.0,40.3828250401284,20.0,48.85313001605136,23.09898073836277,2.2614744293969573,0.0,6213.8,0,autostrada,S2_DN3_vest_dus,2.078,0.3703,5.4831,8.8217,1.2166,3.2102
DIESEL_Constanta-DN3-Murfatlar-retur,09-10,2026-09-11 09:23:16,534,91.0,1691.619930475087,31.23355735805326,45.93390498261874,74.0,41.0,20.0,49.314136732329096,22.18122827346463,2.068583168071408,-0.0564,6239.1,0,autostrada,S2_DN3_vest_dus,1.7159,0.372,4.5275,6.8068,0.9914,2.6158
DIESEL_Constanta-DN3-Murfatlar-retur,09-10,2026-09-11 09:23:17,535,90.59381898454744,1678.3620309050762,33.16326710816811,30.223576158939416,74.0,41.0,20.0,49.04701986754961,20.513377483443733,2.462795439461345,-0.0309,6264.3,0,autostrada,S2_DN3_vest_dus,0.9366,0.3729,2.4713,7.2273,1.0823,2.8557
DIESEL_Constanta-DN3-Murfatlar-retur,09-10,2026-09-11 09:23:18,536,90.77777777777776,1687.2916666666663,40.23944444444444,35.51277777777743,74.0,41.0,20.0,47.91666666666666,20.69166666666668,2.8910649670942457,0.1598,6289.5,0,autostrada,S2_DN3_vest_dus,1.0059,0.3739,2.6543,8.7694,1.847,4.8735
DIESEL_Constanta-DN3-Murfatlar-retur,09-10,2026-09-11 09:23:19,537,91.74416433239963,1723.6907096171806,37.13598506069102,64.05369747899184,74.0,41.255835667600365,20.0,48.1767507002801,19.975798319327737,3.365899891764824,0.0309,6315.0,0,autostrada,S2_DN3_vest_dus,2.1509,0.3761,5.6754,8.0931,1.3623,3.5945
DIESEL_Constanta-DN3-Murfatlar-retur,09-10,2026-09-11 09:23:20,538,91.0,1681.7988474204174,27.02211855104281,30.846344676180056,74.11141602634467,42.0,20.0,48.86794731064761,19.390976948408348,3.44126885656997,-0.1382,6340.3,0,autostrada,S2_DN3_vest_dus,0.8411,0.3769,2.2193,5.889,0.6647,1.7538
DIESEL_Constanta-DN3-Murfatlar-retur,09-10,2026-09-11 09:23:21,539,90.74914089347077,1677.5773195876293,26.847353951890028,28.626151202749096,74.62542955326462,42.0,20.0,50.67560137457047,19.164810996563567,2.497962222159701,-0.1174,6365.5,0,autostrada,S2_DN3_vest_dus,0.6782,0.3776,1.7894,5.8509,0.7419,1.9577
DIESEL_Constanta-DN3-Murfatlar-retur,09-10,2026-09-11 09:23:22,540,90.15496368038744,1690.190072639225,26.644067796610145,31.09629539951686,74.84503631961255,42.0,20.0,51.12251815980628,18.95506053268764,1.5968255214915557,-0.0086,6390.5,0,autostrada,S2_DN3_vest_dus,0.7873,0.3784,2.0774,5.8066,1.1588,3.0577
DIESEL_Constanta-DN3-Murfatlar-retur,09-10,2026-09-11 09:23:23,541,90.68704663212434,1685.839896373057,26.245647668393783,43.246922279792464,74.0,42.0,20.0,50.19927461139895,18.7538134715026,1.7679500603647804,-0.0744,6415.7,0,autostrada,S2_DN3_vest_dus,1.2849,0.3797,3.3905,5.7197,0.9117,2.4055
DIESEL_Constanta-DN3-Murfatlar-retur,09-10,2026-09-11 09:23:24,542,89.61920903954802,1671.5274011299437,26.31046327683616,28.36054237288131,74.0,42.0,20.0,49.442711864406775,19.017548022598863,1.8924680507504803,-0.2343,6440.6,0,rural,S2_DN3_vest_dus,0.6489,0.3803,1.7121,5.7339,0.2564,0.6766
DIESEL_Constanta-DN3-Murfatlar-retur,09-10,2026-09-11 09:23:25,543,89.0,1658.4302106847254,26.32598946576373,32.430007524454496,74.34010534236269,42.0,20.0,50.61218961625284,19.2389841986456,2.59442114327027,-0.086,6465.3,0,rural,S2_DN3_vest_dus,0.9047,0.3812,2.3872,5.7373,0.825,2.1769
DIESEL_Constanta-DN3-Murfatlar-retur,09-10,2026-09-11 09:23:26,544,89.0,1662.6847826086964,26.68130434782621,35.72434782608752,74.86956521739127,42.0,20.0,51.81304347826087,19.40608695652181,3.4044018692770464,0.044,6490.0,0,rural,S2_DN3_vest_dus,1.0616,0.3823,2.801,5.8147,1.3328,3.5168
DIESEL_Constanta-DN3-Murfatlar-retur,09-10,2026-09-11 09:23:27,545,89.31690140845062,1686.924295774647,31.68929577464733,51.50609154929516,74.15845070422532,41.84154929577469,20.0,51.56725352112685,21.294084507042225,2.1204011796338382,0.2834,6514.8,0,rural,S2_DN3_vest_dus,1.9496,0.3842,5.1442,6.9061,2.2806,6.0175
DIESEL_Constanta-DN3-Murfatlar-retur,09-10,2026-09-11 09:23:28,546,91.04066543438076,1712.0651571164508,42.970665434380926,63.96012939001877,75.0,41.0,20.0,49.820332717190375,21.9589648798521,2.57010120465923,0.3678,6540.1,0,autostrada,S2_DN3_vest_dus,2.5533,0.3868,6.7373,9.3646,2.6874,7.0909
DIESEL_Constanta-DN3-Murfatlar-retur,09-10,2026-09-11 09:23:29,547,91.96487985212568,1719.227818853974,33.89487985212579,46.91761552680241,75.0,41.0,20.0,50.28243992606284,23.299075785582243,2.513747161055057,0.2868,6565.7,0,autostrada,S2_DN3_vest_dus,1.7953,0.3886,4.7372,7.3867,2.4018,6.3374
DIESEL_Constanta-DN3-Murfatlar-retur,09-10,2026-09-11 09:23:30,548,93.10542635658912,1724.71472868217,44.689565891473215,61.58699224806243,75.0,41.0,20.0,51.54186046511632,22.980170542635708,1.646407895344291,0.2346,6591.5,0,autostrada,S2_DN3_vest_dus,2.5002,0.3911,6.5971,9.7392,2.2361,5.9002
DIESEL_Constanta-DN3-Murfatlar-retur,09-10,2026-09-11 09:23:31,549,93.65384615384616,1741.2596153846152,30.3926923076923,37.76846153846139,75.0,41.0,20.0,49.78461538461538,20.881153846153843,2.6103831931926096,-0.0146,6617.6,0,autostrada,S2_DN3_vest_dus,1.2861,0.3924,3.3934,6.6235,1.2337,3.2552
DIESEL_Constanta-DN3-Murfatlar-retur,09-10,2026-09-11 09:23:32,550,93.0,1729.0,29.425548003398447,26.12980458793563,75.0,41.0,20.0,49.2049277824979,20.42581138487679,1.7819334220299492,-0.0908,6643.4,0,autostrada,S2_DN3_vest_dus,0.5294,0.3929,1.3968,6.4127,0.9037,2.3846
DIESEL_Constanta-DN3-Murfatlar-retur,09-10,2026-09-11 09:23:33,551,93.0,1729.0786885245902,28.174,36.98354098360657,75.0,41.0,20.0,50.215737704918034,19.56845901639344,2.847347770024413,0.0,6669.2,0,autostrada,S2_DN3_vest_dus,1.2684,0.3942,3.3469,6.14,1.2744,3.3625
DIESEL_Constanta-DN3-Murfatlar-retur,09-10,2026-09-11 09:23:34,552,93.0,1732.604715672677,27.97457697642177,40.74002773925076,75.0,41.0,20.0,50.8604715672677,19.404563106796207,1.815285483322741,0.055,6695.1,0,autostrada,S2_DN3_vest_dus,1.476,0.3956,3.8946,6.0965,1.4988,3.9549
DIESEL_Constanta-DN3-Murfatlar-retur,09-10,2026-09-11 09:23:35,553,93.39632277834528,1737.4862104187948,34.62485188968355,43.8518896833507,75.0,41.0,20.0,50.28845760980589,20.77506639427987,2.5643145079405407,0.091,6721.0,0,autostrada,S2_DN3_vest_dus,1.6619,0.3973,4.385,7.5458,1.6591,4.3776
DIESEL_Constanta-DN3-Murfatlar-retur,09-10,2026-09-11 09:23:36,554,93.65514333895447,1737.24978920742,37.12791736930882,47.16859190556535,75.0,41.0,20.0,50.038026981450194,20.448263069139976,2.505600394778561,-0.055,6747.0,0,autostrada,S2_DN3_vest_dus,1.7926,0.3991,4.7299,8.0913,1.0677,2.8171
DIESEL_Constanta-DN3-Murfatlar-retur,09-10,2026-09-11 09:23:37,555,93.0,1731.2557939914166,28.908351931330497,31.58104721030033,75.0,41.0,20.0,51.8363090128756,20.07769098712448,2.111450228481214,-0.1005,6772.8,0,autostrada,S2_DN3_vest_dus,0.9195,0.4,2.4262,6.3,0.8642,2.2802
DIESEL_Constanta-DN3-Murfatlar-retur,09-10,2026-09-11 09:23:38,556,92.93144208037826,1725.8286052009455,28.10638297872343,33.77035460992912,75.0,41.0,20.0,50.32056737588652,19.59014184397165,1.6821106117617377,-0.1389,6798.7,0,autostrada,S2_DN3_vest_dus,1.0509,0.4011,2.7729,6.1253,0.7058,1.8624
DIESEL_Constanta-DN3-Murfatlar-retur,09-10,2026-09-11 09:23:39,557,92.0,1720.6858407079646,25.93566371681413,26.996150442477973,75.0,41.0,20.0,50.38893805309736,18.133230088495555,2.1723499029134854,-0.0916,6824.2,0,autostrada,S2_DN3_vest_dus,0.6091,0.4017,1.6072,5.6522,0.8754,2.3098
DIESEL_Constanta-DN3-Murfatlar-retur,09-10,2026-09-11 09:23:40,558,92.27208480565372,1713.9487632508835,31.60484098939937,33.94254416961161,75.0,41.0,20.0,49.95848056537103,19.93643109540637,2.5416804161264137,0.204,6849.8,0,autostrada,S2_DN3_vest_dus,0.8128,0.4025,2.1447,6.8877,2.0792,5.4863
DIESEL_Constanta-DN3-Murfatlar-retur,09-10,2026-09-11 09:23:41,559,93.46870838881496,1727.1790945406135,42.0738615179761,67.71818908122471,75.0,41.0,20.0,50.87263648468712,21.025925432756345,1.582969902733515,0.3789,6875.8,0,autostrada,S2_DN3_vest_dus,2.6054,0.4051,6.8747,9.1692,2.8425,7.5003
DIESEL_Constanta-DN3-Murfatlar-retur,09-10,2026-09-11 09:23:42,560,95.0,1753.6477619532045,39.23653102746718,51.13161749745721,75.0,41.0,20.0,51.16765005086472,21.97152594099692,1.717131317358546,0.2127,6902.2,0,autostrada,S2_DN3_vest_dus,2.0514,0.4072,5.4127,8.5509,2.221,5.8605
DIESEL_Constanta-DN3-Murfatlar-retur,09-10,2026-09-11 09:23:43,561,95.0,1754.0217391304348,32.4408695652174,38.83956521739131,75.3695652173913,40.630434782608695,20.0,50.969565217391306,22.09413043478261,1.911073387737478,-0.0303,6928.6,0,autostrada,S2_DN3_vest_dus,1.4442,0.4086,3.8107,7.0699,1.2079,3.1871
DIESEL_Constanta-DN3-Murfatlar-retur,09-10,2026-09-11 09:23:44,562,94.78210806023031,1743.977635075288,30.092515500442943,37.374224977856464,75.78210806023031,40.0,20.0,51.81789193976969,20.641806908768874,1.7542134280632269,-0.1779,6954.9,0,autostrada,S2_DN3_vest_dus,1.3524,0.4099,3.5684,6.5581,0.5876,1.5503
DIESEL_Constanta-DN3-Murfatlar-retur,09-10,2026-09-11 09:23:45,563,93.71942446043172,1742.088129496403,28.86014388489166,35.42381294964128,75.0,40.14028776978414,20.0,52.41762589928062,18.7913669064748,2.5295449648872435,-0.343,6981.0,0,autostrada,S2_DN3_vest_dus,1.2475,0.4112,3.2917,6.2895,0.0694,0.1832
DIESEL_Constanta-DN3-Murfatlar-retur,09-10,2026-09-11 09:23:46,564,92.31270718232048,1730.0113259668503,35.03184530386708,24.66828729281874,75.31270718232047,41.0,20.0,51.86287292817684,19.06172375690606,2.770137014869684,-0.1389,7006.6,0,autostrada,S2_DN3_vest_dus,0.5327,0.4117,1.4055,7.6345,0.6915,1.8247
DIESEL_Constanta-DN3-Murfatlar-retur,09-10,2026-09-11 09:23:47,565,92.71958456973292,1717.0118694362018,26.998931750741864,44.900044510385314,76.0,40.71958456973292,20.0,52.65133531157267,18.80676557863503,2.6902363386455246,-0.038,7032.3,0,autostrada,S2_DN3_vest_dus,1.385,0.4131,3.6544,5.8839,1.1115,2.9328
DIESEL_Constanta-DN3-Murfatlar-retur,09-10,2026-09-11 09:23:48,566,92.03886010362692,1720.6191709844556,28.394093264248315,27.41326424870372,76.0,40.0,20.0,51.5427461139896,19.46253886010361,2.352932513359193,0.0086,7057.9,0,autostrada,S2_DN3_vest_dus,0.634,0.4137,1.6729,6.188,1.2811,3.3803
DIESEL_Constanta-DN3-Murfatlar-retur,09-10,2026-09-11 09:23:49,567,92.78135593220335,1724.229237288135,37.04805084745733,48.65840677966035,76.0,40.0,20.0,52.53440677966101,19.63737288135589,2.055646444486148,-0.0054,7083.7,0,autostrada,S2_DN3_vest_dus,1.8574,0.4156,4.901,8.0739,1.246,3.2876
DIESEL_Constanta-DN3-Murfatlar-retur,09-10,2026-09-11 09:23:50,568,92.0,1702.8646759847527,26.20974587039387,23.491346886912336,75.90088945362137,40.0,20.0,52.3,18.399834815756005,1.885506423922896,-0.1085,7109.2,0,autostrada,S2_DN3_vest_dus,0.3723,0.416,0.9823,5.7119,0.8071,2.1297
DIESEL_Constanta-DN3-Murfatlar-retur,09-10,2026-09-11 09:23:51,569,92.0,1692.2028071602936,27.52498779495525,28.988413344183144,75.23677786818556,40.0,20.0,52.37103336045566,19.54685109845402,1.7712598099650425,0.0082,7134.8,0,autostrada,S2_DN3_vest_dus,0.659,0.4166,1.7389,5.9985,1.2783,3.373
DIESEL_Constanta-DN3-Murfatlar-retur,09-10,2026-09-11 09:23:52,570,92.05882352941178,1707.1323529411768,27.70352941176472,48.20941176470596,75.94117647058822,40.0,20.0,52.62941176470589,19.44823529411765,1.8486148476559308,0.1389,7160.4,0,autostrada,S2_DN3_vest_dus,1.7665,0.4184,4.6612,6.0375,1.8081,4.7709
DIESEL_Constanta-DN3-Murfatlar-retur,09-10,2026-09-11 09:23:53,571,93.0,1729.1080645161285,28.245367741935507,53.82043870967602,75.01032258064521,40.0,20.0,53.09174193548383,19.58454193548389,1.5766583862548027,0.0979,7186.2,0,autostrada,S2_DN3_vest_dus,1.7528,0.4202,4.6251,6.1555,1.6739,4.4169
DIESEL_Constanta-DN3-Murfatlar-retur,09-10,2026-09-11 09:23:54,572,92.76345177664976,1714.6129441624366,28.535279187817288,26.583157360405902,76.0,40.0,20.0,52.53654822335022,19.88280203045687,2.0481447250692453,-0.1389,7212.0,0,autostrada,S2_DN3_vest_dus,0.5461,0.4207,1.4409,6.2187,0.7019,1.8521
DIESEL_Constanta-DN3-Murfatlar-retur,09-10,2026-09-11 09:23:55,573,92.0,1709.3319999999994,27.81,32.4413600000002,75.75199999999995,40.0,20.0,53.27519999999999,19.47472000000001,2.019613978595466,-0.0733,7237.5,0,autostrada,S2_DN3_vest_dus,0.9458,0.4216,2.4957,6.0607,0.9493,2.5047
DIESEL_Constanta-DN3-Murfatlar-retur,09-10,2026-09-11 09:23:56,574,92.23596574690774,1711.3796384395828,30.87991436726972,40.501341579448855,75.23596574690774,39.764034253092255,20.0,53.2,19.716860133206488,2.7594042916644064,0.1389,7263.1,0,autostrada,S2_DN3_vest_dus,1.4036,0.4231,3.7035,6.7297,1.8143,4.7873
DIESEL_Constanta-DN3-Murfatlar-retur,09-10,2026-09-11 09:23:57,575,93.0,1739.20329441201,39.18353628023345,52.40781484570456,76.0,39.16430358632194,20.0,53.28215179316098,20.350592160133456,2.142095441819354,0.1061,7289.0,0,autostrada,S2_DN3_vest_dus,2.0743,0.4251,5.4732,8.5393,1.7074,4.5052
DIESEL_Constanta-DN3-Murfatlar-retur,09-10,2026-09-11 09:23:58,576,93.0,1726.2758548790653,30.87661384487033,33.767281067555416,76.0,39.99833194328611,20.0,53.69916597164306,21.31806505421189,1.8694853008266927,0.0609,7314.8,0,autostrada,S2_DN3_vest_dus,1.0745,0.4262,2.8353,6.729,1.5229,4.0184
DIESEL_Constanta-DN3-Murfatlar-retur,09-10,2026-09-11 09:23:59,577,93.43850267379672,1727.7399732620313,33.965815508021464,43.11978609625539,76.0,40.0,20.0,52.83155080213902,19.18114973262027,1.778971685190919,-0.1612,7340.8,0,autostrada,S2_DN3_vest_dus,1.316,0.4275,3.4723,7.4022,0.6262,1.6524
DIESEL_Constanta-DN3-Murfatlar-retur,09-10,2026-09-11 09:24:00,578,91.83970099667776,1707.578280730897,34.21601328903661,14.134227574750778,76.0,40.0,20.0,52.3358803986711,18.072973421926907,2.199539731797068,-0.3374,7366.3,0,autostrada,S2_DN3_vest_dus,0.0202,0.4275,0.0534,7.4567,0.0694,0.1832
DIESEL_Constanta-DN3-Murfatlar-retur,09-10,2026-09-11 09:24:01,579,91.00913621262455,1702.8025332225911,26.47514950166088,20.321935215947043,76.0,40.0,20.0,52.00365448504982,18.55470099667776,2.71421120492603,-0.1048,7391.6,0,autostrada,S2_DN3_vest_dus,0.125,0.4277,0.3299,5.7698,0.7983,2.1063
DIESEL_Constanta-DN3-Murfatlar-retur,09-10,2026-09-11 09:24:02,580,91.08538011695904,1703.948245614035,26.202339181286508,44.812888888888736,76.0,40.0,20.0,52.66830409356723,18.357087719298217,2.390339649580381,0.1137,7416.9,0,autostrada,S2_DN3_vest_dus,1.6511,0.4293,4.3566,5.7103,1.6736,4.4159
DIESEL_Constanta-DN3-Murfatlar-retur,09-10,2026-09-11 09:24:03,581,91.82794001578534,1707.8036700868197,28.275548539857848,46.960110497238,76.0,40.0,20.0,53.365588003157065,19.764885556432453,2.012590552912928,-0.0065,7442.4,0,autostrada,S2_DN3_vest_dus,1.6146,0.4309,4.2602,6.1621,1.2141,3.2034
DIESEL_Constanta-DN3-Murfatlar-retur,09-10,2026-09-11 09:24:04,582,91.03867403314916,1703.4627071823204,31.282651933701715,32.09823204419861,76.0,40.0,20.0,53.20773480662984,21.94325966850833,2.320550032253376,0.1628,7467.7,0,autostrada,S2_DN3_vest_dus,0.9174,0.4318,2.4207,6.8175,1.8682,4.9294
DIESEL_Constanta-DN3-Murfatlar-retur,09-10,2026-09-11 09:24:05,583,93.0,1733.478804347826,36.43184782608693,52.10315217391296,76.0,39.0,20.0,53.42369565217391,20.193804347826084,1.8761470317416,0.1888,7493.5,0,autostrada,S2_DN3_vest_dus,1.7591,0.4336,4.6416,7.9396,2.045,5.3958
DIESEL_Constanta-DN3-Murfatlar-retur,09-10,2026-09-11 09:24:06,584,92.3981106612685,1716.396423751686,27.50165991902833,22.58503373819156,76.30094466936575,39.0,20.0,52.61066126855602,19.185141700404863,1.6177582459025857,-0.271,7519.2,0,autostrada,S2_DN3_vest_dus,0.2585,0.4339,0.6821,5.9935,0.1578,0.4164
DIESEL_Constanta-DN3-Murfatlar-retur,09-10,2026-09-11 09:24:07,585,91.04858299595136,1695.984817813764,27.25874493927124,20.46627530364361,76.97570850202433,39.0,20.0,53.08299595141703,19.28635627530365,2.105177480830859,-0.1942,7544.5,0,autostrada,S2_DN3_vest_dus,0.1308,0.434,0.3451,5.9405,0.442,1.1662
DIESEL_Constanta-DN3-Murfatlar-retur,09-10,2026-09-11 09:24:08,586,91.0,1707.157114624506,26.335533596837944,33.09727272727274,76.04743083003953,39.0,20.0,53.48102766798419,18.46126482213439,1.8581915290158009,0.099,7569.7,0,autostrada,S2_DN3_vest_dus,1.0276,0.435,2.7115,5.7393,1.612,4.2534
DIESEL_Constanta-DN3-Murfatlar-retur,09-10,2026-09-11 09:24:09,587,91.7610550814585,1693.3803335919315,28.64513576415822,43.38220325833993,76.0,39.0,20.0,54.08052754072925,18.360899922420472,2.1131851926382,0.0,7595.2,0,autostrada,S2_DN3_vest_dus,1.2484,0.4363,3.294,6.2427,1.2383,3.2675
DIESEL_Constanta-DN3-Murfatlar-retur,09-10,2026-09-11 09:24:10,588,91.0,1672.120778267254,38.776328928046986,14.198296622614093,76.02790014684288,39.0,20.0,53.65535976505139,20.003817914831128,2.1118086817271564,-0.1611,7620.5,0,autostrada,S2_DN3_vest_dus,0.0634,0.4363,0.1672,8.4506,0.5732,1.5125
DIESEL_Constanta-DN3-Murfatlar-retur,09-10,2026-09-11 09:24:11,589,90.60094451003545,1690.856847697757,34.20569067296372,44.73948051948156,76.60094451003545,39.0,20.0,53.13754427390783,19.61159386068476,2.167022461397174,-0.0875,7645.7,0,autostrada,S2_DN3_vest_dus,1.5411,0.4379,4.0664,7.4545,0.8574,2.2624
DIESEL_Constanta-DN3-Murfatlar-retur,09-10,2026-09-11 09:24:12,590,90.370007535795,1694.362660135644,32.81679728711366,38.49278070836434,76.0,39.0,20.0,54.292991710625486,20.140105501130364,2.62544856495155,0.0554,7670.8,0,autostrada,S2_DN3_vest_dus,1.1886,0.4391,3.1363,7.1518,1.4186,3.7431
DIESEL_Constanta-DN3-Murfatlar-retur,09-10,2026-09-11 09:24:13,591,91.0,1705.927777777778,38.230093567251735,55.26573099415271,76.19181286549706,39.0,20.0,53.71508771929824,20.26432748538015,1.7030867520007302,0.0548,7696.0,0,autostrada,S2_DN3_vest_dus,2.0975,0.4412,5.5344,8.3315,1.4355,3.7877
DIESEL_Constanta-DN3-Murfatlar-retur,09-10,2026-09-11 09:24:14,592,90.7648401826484,1692.4297945205485,26.889931506849305,26.507374429223784,76.76484018264841,39.0,20.0,53.917808219178106,19.02166666666665,2.3157267152192604,-0.1384,7721.3,0,autostrada,S2_DN3_vest_dus,0.5381,0.4417,1.4199,5.8602,0.6586,1.7379
DIESEL_Constanta-DN3-Murfatlar-retur,09-10,2026-09-11 09:24:15,593,90.00380517503805,1673.5941780821918,27.2780593607306,24.718942161339413,76.00380517503805,39.0,20.0,53.00456621004566,19.577222222222225,2.842020092612562,-0.1062,7746.3,0,autostrada,S2_DN3_vest_dus,0.4421,0.4421,1.1666,5.9447,0.7691,2.0294
DIESEL_Constanta-DN3-Murfatlar-retur,09-10,2026-09-11 09:24:16,594,90.0,1672.1307947019868,25.57667770419427,36.88396247240614,76.18653421633553,39.0,20.0,55.39481236203092,18.283830022075065,2.4799977785116343,-0.0732,7771.3,0,rural,S2_DN3_vest_dus,1.1827,0.4433,3.1207,5.574,0.8994,2.3731
DIESEL_Constanta-DN3-Murfatlar-retur,09-10,2026-09-11 09:24:17,595,89.47661691542281,1661.558208955223,27.490099502487933,33.002447761193054,77.0,39.0,20.0,54.7616915422886,17.917671641791074,2.1556531660574736,-0.2778,7796.1,0,rural,S2_DN3_vest_dus,1.0248,0.4443,2.7039,5.9909,0.0831,0.2193
DIESEL_Constanta-DN3-Murfatlar-retur,09-10,2026-09-11 09:24:18,596,88.0,1640.9906367041194,32.520112359550296,20.87595505618058,76.67790262172282,39.0,20.0,55.69325842696631,18.84344569288392,2.476898586333309,-0.0829,7820.6,0,rural,S2_DN3_vest_dus,0.4064,0.4448,1.0724,7.0871,0.8137,2.1471
DIESEL_Constanta-DN3-Murfatlar-retur,09-10,2026-09-11 09:24:19,597,88.87969201154957,1645.7949951876803,26.16331087584216,45.94524542829642,76.0,39.0,20.0,56.012030798845046,19.05293551491819,1.6678542897831132,0.2343,7845.2,0,rural,S2_DN3_vest_dus,1.4283,0.4462,3.7687,5.7018,2.0716,5.4662
DIESEL_Constanta-DN3-Murfatlar-retur,09-10,2026-09-11 09:24:20,598,89.6868913857678,1659.694756554307,26.65862172284644,45.05411985018738,76.3131086142322,39.0,20.0,55.27378277153559,19.24257677902621,1.6115569211112977,0.031,7870.2,0,rural,S2_DN3_vest_dus,1.2453,0.4474,3.2858,5.8097,1.3019,3.4351
DIESEL_Constanta-DN3-Murfatlar-retur,09-10,2026-09-11 09:24:21,599,89.10272277227719,1651.302908415841,29.778440594059,27.61356435643448,77.0,39.0,20.0,53.87945544554456,20.74,1.6211458394734473,0.0089,7894.9,0,rural,S2_DN3_vest_dus,0.5535,0.448,1.4605,6.4896,1.1986,3.1625
DIESEL_Constanta-DN3-Murfatlar-retur,09-10,2026-09-11 09:24:22,600,89.75067996373528,1665.0500906618313,36.4366999093383,51.58083408884878,77.0,39.0,20.0,54.02411604714414,20.23388032638261,2.350291974372077,-0.0338,7919.8,0,rural,S2_DN3_vest_dus,1.8618,0.4498,4.9124,7.9407,1.0485,2.7665
DIESEL_Constanta-DN3-Murfatlar-retur,09-10,2026-09-11 09:24:23,601,88.85947712418299,1674.8153594771238,26.213954248366008,34.54558823529386,76.85947712418299,39.0,20.0,54.9437908496732,18.71,2.569728610837735,-0.2372,7944.5,0,rural,S2_DN3_vest_dus,1.048,0.4509,2.7652,5.7128,0.2321,0.6123
DIESEL_Constanta-DN3-Murfatlar-retur,09-10,2026-09-11 09:24:24,602,88.04248366013073,1651.9395424836605,25.82996732026145,21.0897058823532,76.04248366013073,39.0,20.0,54.61699346405229,18.71,2.2825904240992347,-0.1194,7969.0,0,rural,S2_DN3_vest_dus,0.1717,0.4511,0.4532,5.6292,0.6737,1.7775
DIESEL_Constanta-DN3-Murfatlar-retur,09-10,2026-09-11 09:24:25,603,88.0,1640.6188995215311,24.766028708133963,28.2296746411485,76.16937799043063,39.0,20.0,55.515311004784685,18.17176076555024,2.177299691381253,-0.0282,7993.4,0,rural,S2_DN3_vest_dus,0.5709,0.4516,1.5064,5.3973,1.025,2.7045
DIESEL_Constanta-DN3-Murfatlar-retur,09-10,2026-09-11 09:24:26,604,87.83961117861489,1634.6600850546797,24.30860267314693,42.4714823815321,77.0,39.0,20.0,55.019805589307445,17.92256379100842,1.6703545235068689,-0.0988,8017.8,0,rural,S2_DN3_vest_dus,1.3523,0.453,3.5681,5.2976,0.7487,1.9755
DIESEL_Constanta-DN3-Murfatlar-retur,09-10,2026-09-11 09:24:27,605,87.28878504672896,1620.0364485981306,26.13270093457941,31.99230841121474,77.0,39.0,20.0,54.42672897196263,19.43456074766354,2.3148093415136803,0.0223,8042.1,0,rural,S2_DN3_vest_dus,0.8145,0.4538,2.149,5.6951,1.2004,3.1673
DIESEL_Constanta-DN3-Murfatlar-retur,09-10,2026-09-11 09:24:28,606,88.0,1635.0091050988551,27.206118626430776,44.416077003121664,77.0,39.24869927159212,20.0,54.522268470343455,20.01575442247657,1.7866143994253427,0.0988,8066.5,0,rural,S2_DN3_vest_dus,1.5302,0.4553,4.0375,5.9291,1.5155,3.9987
DIESEL_Constanta-DN3-Murfatlar-retur,09-10,2026-09-11 09:24:29,607,88.0,1631.3761444557476,26.31961342828077,40.46650050864698,77.0,40.0,20.0,55.67578840284842,19.415971515768053,2.100238598226732,-0.0979,8091.0,0,rural,S2_DN3_vest_dus,1.2988,0.4566,3.4269,5.7359,0.7558,1.9942
DIESEL_Constanta-DN3-Murfatlar-retur,09-10,2026-09-11 09:24:30,608,87.29510155316616,1620.7852449223435,29.23801672640338,26.42763440860332,77.0,40.0,20.0,54.95244922341692,19.20442054958181,2.033721451075995,-0.1633,8115.2,0,rural,S2_DN3_vest_dus,0.6945,0.4573,1.8326,6.3719,0.4895,1.2915
DIESEL_Constanta-DN3-Murfatlar-retur,09-10,2026-09-11 09:24:31,609,86.82448244824478,1604.3652115211514,35.3407380738074,29.29651665166404,77.41224122412238,40.0,20.0,55.02286228622866,19.22135013501352,1.491830427075622,0.0502,8139.3,0,rural,S2_DN3_vest_dus,0.8323,0.4582,2.196,7.7018,1.294,3.4144
DIESEL_Constanta-DN3-Murfatlar-retur,09-10,2026-09-11 09:24:32,610,87.65643564356438,1615.6349009900991,31.67012871287144,47.14036633663417,77.65643564356438,40.0,20.0,54.88712871287126,18.909267326732664,1.9480888154460168,0.0244,8163.7,0,rural,S2_DN3_vest_dus,1.4987,0.4597,3.9544,6.9019,1.2186,3.2153
DIESEL_Constanta-DN3-Murfatlar-retur,09-10,2026-09-11 09:24:33,611,87.0,1610.824976122254,26.33374403056348,33.87724928366723,77.0,40.0,20.0,55.749379178605565,19.71165234001908,2.459857432480189,-0.0608,8187.8,0,rural,S2_DN3_vest_dus,0.8702,0.4605,2.2962,5.7389,0.8752,2.3092
DIESEL_Constanta-DN3-Murfatlar-retur,09-10,2026-09-11 09:24:34,612,87.21870286576167,1616.085972850679,27.56971342383108,46.179819004525,77.0,40.0,20.0,54.97496229260934,20.53657616892912,1.912666958129993,0.1351,8212.1,0,rural,S2_DN3_vest_dus,1.5438,0.4621,4.0734,6.0083,1.6302,4.3015
DIESEL_Constanta-DN3-Murfatlar-retur,09-10,2026-09-11 09:24:35,613,87.97285067873307,1615.5203619909505,27.15493212669681,39.07574660633446,77.0,40.0,20.0,55.578280542986455,20.317873303167406,2.0298722632871704,-0.0304,8236.5,0,rural,S2_DN3_vest_dus,1.2107,0.4633,3.1946,5.9179,1.0158,2.6803
DIESEL_Constanta-DN3-Murfatlar-retur,09-10,2026-09-11 09:24:36,614,87.0,1644.889687235841,27.2276923076923,39.48173288250191,77.0,40.0,20.0,56.87523245984784,19.85448858833474,2.1242761256352387,-0.1351,8260.7,0,rural,S2_DN3_vest_dus,1.2051,0.4645,3.1797,5.9338,0.5915,1.5607
DIESEL_Constanta-DN3-Murfatlar-retur,09-10,2026-09-11 09:24:37,615,87.0,1630.8249419055005,26.733059643687053,27.254709527497567,77.0,40.0,20.0,56.55352439969024,19.728148721920967,2.204303683481066,0.0,8284.8,0,rural,S2_DN3_vest_dus,0.545,0.465,1.438,5.826,1.1073,2.9218
DIESEL_Constanta-DN3-Murfatlar-retur,09-10,2026-09-11 09:24:38,616,87.0,1611.0728117738188,27.01191324554609,38.49405886909375,77.0,40.0,20.0,54.84941905499612,20.29360185902401,2.43676756124862,0.1672,8309.0,0,rural,S2_DN3_vest_dus,1.1803,0.4662,3.1143,5.8867,1.7457,4.6063
DIESEL_Constanta-DN3-Murfatlar-retur,09-10,2026-09-11 09:24:39,617,88.20349278663632,1642.1309794988615,31.139422930903866,53.284867122247725,77.0,40.0,20.0,56.54244495064542,21.09552771450268,1.5183607375094017,0.2726,8333.5,0,rural,S2_DN3_vest_dus,1.8821,0.4681,4.966,6.7862,2.1946,5.7907
DIESEL_Constanta-DN3-Murfatlar-retur,09-10,2026-09-11 09:24:40,618,88.96279422930905,1670.6047835990894,41.88353834472309,60.429893697798185,77.0,40.0,20.0,57.07395596051634,21.86242217160214,1.5947569417249552,0.2337,8358.2,0,rural,S2_DN3_vest_dus,2.3132,0.4704,6.1036,9.1277,2.0724,5.4682
DIESEL_Constanta-DN3-Murfatlar-retur,09-10,2026-09-11 09:24:41,619,89.8864583333333,1659.3734375000006,30.392739583333245,43.66397916666671,77.8864583333333,40.0,20.0,55.2864583333333,21.9595104166666,2.158151175819487,-0.0312,8383.2,0,rural,S2_DN3_vest_dus,1.5213,0.4719,4.0142,6.6235,1.0623,2.803
DIESEL_Constanta-DN3-Murfatlar-retur,09-10,2026-09-11 09:24:42,620,88.73813708260106,1667.093365553603,28.91987697715288,40.13918277680151,77.13093145869946,40.0,20.0,54.74042179261862,19.912539543058003,2.21990178518336,-0.4009,8407.8,0,rural,S2_DN3_vest_dus,1.3707,0.4733,3.6168,6.3025,0.0694,0.1832
DIESEL_Constanta-DN3-Murfatlar-retur,09-10,2026-09-11 09:24:43,621,87.0,1620.7845330739312,33.82198443579829,10.102178988325944,77.97859922178995,40.0,20.0,56.96789883268493,18.27321011673151,1.4727718532644212,-0.1964,8432.0,0,rural,S2_DN3_vest_dus,0.0068,0.4733,0.0178,7.3709,0.3574,0.9431
DIESEL_Constanta-DN3-Murfatlar-retur,09-10,2026-09-11 09:24:44,622,87.32398956975226,1612.3785853976522,24.621029986962164,31.290762711863813,77.0,40.0,20.0,55.82398956975226,18.465358539765315,1.9764851469179885,0.1355,8456.3,0,rural,S2_DN3_vest_dus,0.7243,0.474,1.911,5.3657,1.6352,4.3146
DIESEL_Constanta-DN3-Murfatlar-retur,09-10,2026-09-11 09:24:45,623,87.97588005215121,1638.2912320730109,25.24684485006517,46.12127118644017,77.0,40.0,20.0,56.47588005215122,18.55662320730117,2.064248524324533,0.0055,8480.7,0,rural,S2_DN3_vest_dus,1.5468,0.4756,4.0814,5.5021,1.1545,3.0462
DIESEL_Constanta-DN3-Murfatlar-retur,09-10,2026-09-11 09:24:46,624,87.3638232271326,1638.8643371017472,26.679938335046245,43.4571428571426,78.0,40.0,20.0,56.28232271325801,19.62449126413155,2.146314891168011,-0.0361,8505.0,0,rural,S2_DN3_vest_dus,1.428,0.477,3.7679,5.8144,0.9785,2.5819
DIESEL_Constanta-DN3-Murfatlar-retur,09-10,2026-09-11 09:24:47,625,87.71609538002983,1636.281669150522,26.33940387481372,29.94271236959785,78.0,40.0,20.0,57.71609538002983,19.397414307004475,2.248686673025916,-0.0505,8529.3,0,rural,S2_DN3_vest_dus,0.7135,0.4777,1.8826,5.7402,0.9319,2.4589
DIESEL_Constanta-DN3-Murfatlar-retur,09-10,2026-09-11 09:24:48,626,87.0,1624.1773538961038,25.972012987013,21.929740259739795,78.0,40.0,20.0,57.0569805194805,19.262142857142862,2.707995865141847,-0.0995,8553.5,0,rural,S2_DN3_vest_dus,0.2141,0.4779,0.5648,5.6601,0.7274,1.9193
DIESEL_Constanta-DN3-Murfatlar-retur,09-10,2026-09-11 09:24:49,627,87.0,1623.1964028776977,25.00525899280575,42.91757553956832,78.0,40.0,20.0,57.473956834532366,18.63089208633093,2.229240398115816,-0.006,8577.7,0,rural,S2_DN3_vest_dus,1.4182,0.4793,3.742,5.4494,1.0844,2.8613
DIESEL_Constanta-DN3-Murfatlar-retur,09-10,2026-09-11 09:24:50,628,86.95652173913041,1606.0434782608693,24.16217391304352,38.12130434782577,78.0,40.043478260869584,20.0,56.54782608695654,18.19956521739133,1.691168464268341,-0.0985,8601.8,0,rural,S2_DN3_vest_dus,1.1576,0.4805,3.0544,5.2657,0.7303,1.9269
DIESEL_Constanta-DN3-Murfatlar-retur,09-10,2026-09-11 09:24:51,629,86.29056203605515,1603.6998939554614,25.87120890774125,29.81356309650068,78.0,40.70943796394485,20.0,57.745281018027576,19.558568398727463,1.8008154404866854,-0.0312,8625.8,0,rural,S2_DN3_vest_dus,0.6557,0.4812,1.73,5.6381,0.9706,2.5611
DIESEL_Constanta-DN3-Murfatlar-retur,09-10,2026-09-11 09:24:52,630,86.73198380566801,1616.8716599190282,25.71844534412956,43.27561133603224,78.0,40.0,20.0,57.939190283400805,19.25792712550608,1.779124932576978,-0.0404,8649.9,0,rural,S2_DN3_vest_dus,1.4374,0.4826,3.7928,5.6048,0.9465,2.4974
DIESEL_Constanta-DN3-Murfatlar-retur,09-10,2026-09-11 09:24:53,631,86.0,1604.221649484536,26.149140893470783,34.75113402061852,78.0,40.0,20.0,57.521993127147766,19.692164948453605,2.20140900444682,-0.0759,8673.8,0,rural,S2_DN3_vest_dus,0.9735,0.4836,2.5686,5.6987,0.7948,2.0971
DIESEL_Constanta-DN3-Murfatlar-retur,09-10,2026-09-11 09:24:54,632,86.1853699085619,1623.8865336658355,27.26106400665012,47.30234413965124,78.0,40.0,20.0,57.7,20.303408146300967,1.631073267639369,0.1315,8697.7,0,rural,S2_DN3_vest_dus,1.5982,0.4852,4.217,5.941,1.5834,4.1781
DIESEL_Constanta-DN3-Murfatlar-retur,09-10,2026-09-11 09:24:55,633,86.94708994708999,1612.8716931216936,25.447777777777755,37.59396825396864,78.0,40.0,20.0,57.7,19.030687830687803,1.4753693008717366,-0.1078,8721.9,0,rural,S2_DN3_vest_dus,1.1089,0.4863,2.926,5.5459,0.6946,1.8327
DIESEL_Constanta-DN3-Murfatlar-retur,09-10,2026-09-11 09:24:56,634,85.40898528272656,1594.7089465530596,28.917776917118506,28.237041053446912,78.0,40.0,20.0,57.4137103020914,20.278605731990705,2.061638569351333,0.0015,8745.6,0,rural,S2_DN3_vest_dus,0.5003,0.4868,1.3202,6.3021,1.0717,2.8278
DIESEL_Constanta-DN3-Murfatlar-retur,09-10,2026-09-11 09:24:57,635,86.95817195972108,1613.492835011618,38.18965917893067,54.96825716498724,78.0,40.0,20.0,56.32927962819524,20.72786986831911,1.951686472014804,0.3599,8769.7,0,rural,S2_DN3_vest_dus,1.9175,0.4887,5.0596,8.3227,2.4798,6.5431
DIESEL_Constanta-DN3-Murfatlar-retur,09-10,2026-09-11 09:24:58,636,88.0,1630.938408723748,36.50262520193853,55.41740710823879,78.0,40.20113085621972,20.0,57.45864297253634,20.68812600969307,2.718081967970789,0.1447,8794.2,0,rural,S2_DN3_vest_dus,1.9163,0.4906,5.0564,7.9551,1.6927,4.4665
DIESEL_Constanta-DN3-Murfatlar-retur,09-10,2026-09-11 09:24:59,637,88.0,1622.8780971258668,30.00330029732371,31.253637264617616,78.0,41.0,20.0,56.51962338949449,22.186838453914778,2.166300104842989,0.0005,8818.6,0,rural,S2_DN3_vest_dus,0.7708,0.4914,2.0339,6.5387,1.1358,2.997
DIESEL_Constanta-DN3-Murfatlar-retur,09-10,2026-09-11 09:25:00,638,88.00374531835197,1634.603932584267,41.1373782771548,56.04767790262248,78.0,41.0,20.0,58.2996254681648,21.891872659176222,1.9729045956637032,0.089,8843.1,0,rural,S2_DN3_vest_dus,2.0177,0.4934,5.3239,8.9651,1.4777,3.8992
DIESEL_Constanta-DN3-Murfatlar-retur,09-10,2026-09-11 09:25:01,639,88.64055299539172,1655.061059907834,27.4131797235023,37.72336405529966,78.0,41.0,20.0,57.98433179723503,19.98880184331797,1.7750797270659122,-0.0005,8867.7,0,rural,S2_DN3_vest_dus,1.1365,0.4945,2.9988,5.9742,1.1492,3.0323
DIESEL_Constanta-DN3-Murfatlar-retur,09-10,2026-09-11 09:25:02,640,88.0,1641.5285596026488,27.840910596026475,24.001324503312176,78.0,41.0,20.0,57.53129139072846,20.430761589403968,2.0775717333394623,-0.089,8892.1,0,rural,S2_DN3_vest_dus,0.3343,0.4949,0.882,6.0674,0.7902,2.0849
DIESEL_Constanta-DN3-Murfatlar-retur,09-10,2026-09-11 09:25:03,641,88.0,1637.1825331125829,27.48495033112584,45.75629139072789,78.0,41.0,20.0,57.11738410596028,20.314867549668875,2.241657959510379,0.1335,8916.6,0,rural,S2_DN3_vest_dus,1.5877,0.4965,4.1893,5.9898,1.6495,4.3523
DIESEL_Constanta-DN3-Murfatlar-retur,09-10,2026-09-11 09:25:04,642,88.96088264794385,1657.4187562688066,26.66285857572717,50.43665997993987,78.0,41.0,20.0,57.580441323971925,19.32989969909728,2.04654982798755,0.0881,8941.3,0,rural,S2_DN3_vest_dus,1.701,0.4982,4.4882,5.8107,1.5039,3.9681
DIESEL_Constanta-DN3-Murfatlar-retur,09-10,2026-09-11 09:25:05,643,88.63432295438088,1655.9225199131065,32.34448950036204,39.29608254887757,78.68283852280956,41.0,20.0,58.90970311368574,21.054518464880523,1.6691682079486505,0.131,8965.9,0,rural,S2_DN3_vest_dus,1.2173,0.4994,3.212,7.0489,1.6606,4.3816
DIESEL_Constanta-DN3-Murfatlar-retur,09-10,2026-09-11 09:25:06,644,89.90404040404039,1667.8308080808076,37.55419191919168,54.69101010100943,78.0,41.0,20.0,58.40404040404039,20.06212121212119,1.468522988240097,0.0508,8990.9,0,rural,S2_DN3_vest_dus,2.0265,0.5014,5.3472,8.1842,1.3863,3.6579
DIESEL_Constanta-DN3-Murfatlar-retur,09-10,2026-09-11 09:25:07,645,89.0,1647.074888888889,26.60209777777774,26.20608888888866,78.0,41.0,20.0,58.2819555555555,19.50216888888886,1.6682437667806778,-0.1256,9015.6,0,rural,S2_DN3_vest_dus,0.4972,0.5019,1.3119,5.7974,0.6704,1.7688
DIESEL_Constanta-DN3-Murfatlar-retur,09-10,2026-09-11 09:25:08,646,89.0,1648.4948275862066,27.20927586206897,36.07375862068925,78.29137931034481,41.0,20.0,59.19603448275864,19.89179310344829,1.5275831690269532,0.0,9040.3,0,rural,S2_DN3_vest_dus,1.0328,0.5029,2.7252,5.9297,1.161,3.0633
DIESEL_Constanta-DN3-Murfatlar-retur,09-10,2026-09-11 09:25:09,647,89.0,1666.1382575757573,27.51310606060603,48.88184343434346,79.0,41.0,20.0,58.744949494949495,19.90588383838382,1.6085308683232555,0.0604,9065.1,0,rural,S2_DN3_vest_dus,1.7034,0.5046,4.4947,5.996,1.3969,3.6858
DIESEL_Constanta-DN3-Murfatlar-retur,09-10,2026-09-11 09:25:10,648,89.43468468468468,1678.1097972972973,29.5552027027027,48.42490990990992,79.0,41.0,20.0,58.55225225225225,21.15605855855856,1.8581828275357293,0.1389,9089.9,0,rural,S2_DN3_vest_dus,1.7583,0.5064,4.6394,6.441,1.7181,4.5333
DIESEL_Constanta-DN3-Murfatlar-retur,09-10,2026-09-11 09:25:11,649,90.0,1663.356741573033,29.04687640449434,44.78728089887604,79.0,41.0,20.0,58.62224719101127,20.99546067415728,1.9383106502924483,0.0785,9114.9,0,rural,S2_DN3_vest_dus,1.5472,0.5079,4.0824,6.3302,1.4986,3.9542
DIESEL_Constanta-DN3-Murfatlar-retur,09-10,2026-09-11 09:25:12,650,90.0,1649.1364902506964,27.85324976787371,35.27379758588669,78.84865366759516,40.84865366759516,20.0,59.16703806870935,20.31832869080779,1.5134443186300124,-0.0121,9139.9,0,rural,S2_DN3_vest_dus,1.0534,0.509,2.7796,6.0701,1.1407,3.0099
DIESEL_Constanta-DN3-Murfatlar-retur,09-10,2026-09-11 09:25:13,651,89.91260162601625,1647.5386178861788,26.593556910569088,32.66556910569103,78.08739837398375,40.08739837398375,20.0,57.38739837398375,19.47861788617885,2.032730117772507,-0.1389,9164.9,0,rural,S2_DN3_vest_dus,0.9243,0.5099,2.4389,5.7956,0.638,1.6834
DIESEL_Constanta-DN3-Murfatlar-retur,09-10,2026-09-11 09:25:14,652,89.0,1638.4390103567316,25.077376294591453,29.61689298043733,78.88262370540855,40.88262370540855,20.0,58.3,18.488078250863044,1.7432264619707591,-0.1268,9189.6,0,rural,S2_DN3_vest_dus,0.6866,0.5106,1.8116,5.4651,0.6657,1.7564
DIESEL_Constanta-DN3-Murfatlar-retur,09-10,2026-09-11 09:25:15,653,89.0,1646.25725,26.16037999999996,32.806799999998965,78.0,40.0,20.0,58.579599999999935,19.135139999999968,2.1396795354619647,0.0,9214.3,0,rural,S2_DN3_vest_dus,0.8808,0.5115,2.3241,5.7012,1.161,3.0633
DIESEL_Constanta-DN3-Murfatlar-retur,09-10,2026-09-11 09:25:16,654,89.0,1649.7945675105484,26.79050632911393,46.87654008438839,78.24578059071725,40.24578059071725,20.0,59.819514767932425,19.545590717299586,2.017043432149266,0.0,9239.0,0,rural,S2_DN3_vest_dus,1.6569,0.5131,4.3719,5.8385,1.161,3.0633
DIESEL_Constanta-DN3-Murfatlar-retur,09-10,2026-09-11 09:25:17,655,89.0,1648.606782511211,26.98436098654708,38.65772421524687,78.68049327354261,40.680493273542616,20.0,59.713677130044886,19.717970852017924,2.1861129183628187,-0.0539,9263.8,0,rural,S2_DN3_vest_dus,1.2118,0.5144,3.1975,5.8807,0.9504,2.5078
DIESEL_Constanta-DN3-Murfatlar-retur,09-10,2026-09-11 09:25:18,656,88.61204343534055,1649.045903257651,27.205923000987152,33.537038499506664,78.38795656465945,40.0,20.0,58.059526159921056,19.85609081934845,2.183174926947276,-0.1389,9288.4,0,rural,S2_DN3_vest_dus,0.935,0.5153,2.467,5.929,0.6102,1.6101
DIESEL_Constanta-DN3-Murfatlar-retur,09-10,2026-09-11 09:25:19,657,88.0,1659.3778433024434,26.33108677337827,38.11708508845841,78.67986520640271,40.0,20.0,58.93993260320136,19.047160909856785,1.89738911088722,-0.085,9312.8,0,rural,S2_DN3_vest_dus,1.2112,0.5165,3.1959,5.7384,0.8056,2.1257
DIESEL_Constanta-DN3-Murfatlar-retur,09-10,2026-09-11 09:25:20,658,88.0,1645.6658309455588,26.08627507163322,29.83623209169041,78.27650429799425,40.0,20.0,58.79355300859598,19.093323782234943,2.344984285137014,0.0,9337.3,0,rural,S2_DN3_vest_dus,0.7074,0.5172,1.8665,5.685,1.1339,2.9919
DIESEL_Constanta-DN3-Murfatlar-retur,09-10,2026-09-11 09:25:21,659,88.0,1643.6503328402368,26.92901627218935,39.52522928994093,79.0,39.63387573964496,20.0,59.3366124260355,19.675081360946745,2.7540147520411056,0.0,9361.7,0,rural,S2_DN3_vest_dus,1.2573,0.5185,3.3176,5.8687,1.1339,2.9919
DIESEL_Constanta-DN3-Murfatlar-retur,09-10,2026-09-11 09:25:22,660,88.0,1650.7924528301885,27.120943396226448,44.62415094339609,79.0,39.0,20.0,59.3754716981132,19.75783018867927,2.137050987845153,0.0,9386.2,0,rural,S2_DN3_vest_dus,1.5308,0.52,4.0392,5.9105,1.1339,2.9919
DIESEL_Constanta-DN3-Murfatlar-retur,09-10,2026-09-11 09:25:23,661,88.0,1635.3550600343058,28.596072041166344,38.56926243567767,79.0,39.0,20.0,59.20394511149229,21.00139794168093,1.523695840267747,0.0563,9410.6,0,rural,S2_DN3_vest_dus,1.2062,0.5212,3.1826,6.232,1.3513,3.5656
DIESEL_Constanta-DN3-Murfatlar-retur,09-10,2026-09-11 09:25:24,662,88.40550807217475,1658.197768281102,38.77478632478631,42.40013295346675,79.0,38.0,20.0,59.17027540360874,20.116419753086408,2.03542944364914,-0.0545,9435.2,0,rural,S2_DN3_vest_dus,1.4631,0.5227,3.8606,8.4502,0.9333,2.4627
DIESEL_Constanta-DN3-Murfatlar-retur,09-10,2026-09-11 09:25:25,663,87.607476635514,1643.045560747663,39.65864485981309,29.91808411214899,79.0,37.696261682243,20.0,59.6467289719626,20.76574766355141,1.729374553972848,0.0826,9459.5,0,rural,S2_DN3_vest_dus,0.7474,0.5234,1.972,8.6428,1.441,3.8022
DIESEL_Constanta-DN3-Murfatlar-retur,09-10,2026-09-11 09:25:26,664,89.0,1659.4221238938053,34.80102654867259,55.94727433628327,79.0,37.0,20.0,60.68548672566372,19.90258407079646,2.229966359789519,0.2227,9484.2,0,rural,S2_DN3_vest_dus,1.7162,0.5251,4.5283,7.5842,2.0308,5.3586
DIESEL_Constanta-DN3-Murfatlar-retur,09-10,2026-09-11 09:25:27,665,89.21076923076924,1649.185,27.51549230769233,28.014861538461663,79.21076923076924,37.0,20.0,60.23676923076923,19.89736923076925,2.525237608660355,0.1361,9509.0,0,rural,S2_DN3_vest_dus,0.578,0.5257,1.5251,5.9965,1.6996,4.4846
DIESEL_Constanta-DN3-Murfatlar-retur,09-10,2026-09-11 09:25:28,666,89.98000000000003,1651.6850000000002,29.90780000000011,40.07640000000055,79.98000000000003,37.0,20.0,60.00599999999999,21.56660000000008,2.0799598302677405,0.0673,9534.0,0,rural,S2_DN3_vest_dus,1.306,0.527,3.4459,6.5178,1.4537,3.8359
DIESEL_Constanta-DN3-Murfatlar-retur,09-10,2026-09-11 09:25:29,667,89.6951219512195,1661.4268292682927,26.692682926829256,45.510243902438646,79.0,36.6951219512195,20.0,60.13048780487805,19.11317073170731,2.322346952018571,-0.1755,9558.9,0,rural,S2_DN3_vest_dus,1.338,0.5284,3.5304,5.8172,0.4892,1.2908
DIESEL_Constanta-DN3-Murfatlar-retur,09-10,2026-09-11 09:25:30,668,88.71669004207573,1657.813113604488,28.40431977559616,21.54819074333784,79.28330995792427,36.0,20.0,60.228330995792426,18.42102384291724,2.011990355102636,-0.3637,9583.6,0,rural,S2_DN3_vest_dus,0.3617,0.5287,0.9545,6.1902,0.0694,0.1832
DIESEL_Constanta-DN3-Murfatlar-retur,09-10,2026-09-11 09:25:31,669,87.07648725212465,1624.6855524079322,28.36121813031168,16.745212464589166,79.53824362606233,36.0,20.0,60.1614730878187,17.020453257790376,2.203049068669722,-0.3362,9607.7,0,rural,S2_DN3_vest_dus,0.1457,0.5289,0.3843,6.1808,0.0694,0.1832
DIESEL_Constanta-DN3-Murfatlar-retur,09-10,2026-09-11 09:25:32,670,86.29573590096284,1605.2644429160937,21.662984869326017,24.49964236588716,79.0,35.70426409903716,20.0,60.47317744154054,16.11283356258598,1.7536595637813854,-0.0129,9631.7,0,rural,S2_DN3_vest_dus,0.3528,0.5292,0.9308,4.721,1.0401,2.7443
DIESEL_Constanta-DN3-Murfatlar-retur,09-10,2026-09-11 09:25:33,671,86.98349381017881,1598.902682255846,21.181554332874832,25.84764786795048,79.0,35.016506189821186,20.0,61.5735900962861,15.817097661623109,2.157904298526001,-0.1805,9655.9,0,rural,S2_DN3_vest_dus,0.4395,0.5297,1.1598,4.6161,0.4178,1.1025
DIESEL_Constanta-DN3-Murfatlar-retur,09-10,2026-09-11 09:25:34,672,84.99580712788259,1585.384696016771,21.315471698113186,20.39,79.0,35.0,20.0,61.89496855345909,15.94819706498951,2.3969286228222533,-0.4382,9679.5,0,rural,S2_DN3_vest_dus,0.1262,0.5298,0.3329,4.6453,0.0694,0.1832
DIESEL_Constanta-DN3-Murfatlar-retur,09-10,2026-09-11 09:25:35,673,83.82847341337921,1554.5265866209293,20.7468610634644,19.64986277873134,79.0,34.91423670668961,20.0,60.71715265866208,15.457392795883417,1.986586826722712,-0.5448,9702.8,0,rural,S2_DN3_vest_dus,0.1154,0.5299,0.3044,4.5214,0.0694,0.1832
DIESEL_Constanta-DN3-Murfatlar-retur,09-10,2026-09-11 09:25:36,674,81.07341269841277,1501.748015873017,26.529900793650764,12.306686507936467,79.0,34.0,20.0,61.40962301587298,15.193065476190448,1.9176666809674408,-0.5765,9725.3,0,rural,S2_DN3_vest_dus,0.0,0.5299,0.0,5.7817,0.0694,0.1832
DIESEL_Constanta-DN3-Murfatlar-retur,09-10,2026-09-11 09:25:37,675,79.67766853932588,1483.7417485955057,24.45581460674183,20.273040730336334,79.0,33.67766853932588,20.0,61.77436797752812,15.566523876404505,2.451265130275395,-0.297,9747.4,0,rural,S2_DN3_vest_dus,0.2847,0.5302,0.7512,5.3297,0.0694,0.1832
DIESEL_Constanta-DN3-Murfatlar-retur,09-10,2026-09-11 09:25:38,676,78.93530499075791,1482.7781885397426,19.415194085027508,34.865462107209616,79.0,33.0,20.0,61.25794824399264,15.39361367837336,2.425571272621071,-0.3598,9769.3,0,rural,S2_DN3_vest_dus,0.8547,0.531,2.2552,4.2312,0.0694,0.1832
DIESEL_Constanta-DN3-Murfatlar-retur,09-10,2026-09-11 09:25:39,677,77.08687615526807,1440.7264325323486,26.42073937153401,11.30723659889155,79.0,33.0,20.0,60.05646950092424,16.068290203327155,1.522257799700992,-0.5136,9790.8,0,rural,S2_DN3_vest_dus,0.0384,0.5311,0.1012,5.7579,0.0694,0.1832
DIESEL_Constanta-DN3-Murfatlar-retur,09-10,2026-09-11 09:25:40,678,75.23743016759775,1409.4518156424576,20.25656424581009,23.08083798882673,79.0,32.74581005586592,20.0,59.85754189944135,15.805139664804464,2.168575248224376,-0.5986,9811.7,0,rural,S2_DN3_vest_dus,0.2823,0.5314,0.7449,4.4145,0.0694,0.1832
DIESEL_Constanta-DN3-Murfatlar-retur,09-10,2026-09-11 09:25:41,679,72.77665544332216,1361.5255331088674,24.10115600448925,12.025140291807055,79.22334455667784,32.0,20.0,61.02132435465772,15.328619528619456,3.097402096414874,-0.4496,9831.9,0,rural,S2_DN3_vest_dus,0.0,0.5314,0.0,5.2524,0.0694,0.1832
DIESEL_Constanta-DN3-Murfatlar-retur,09-10,2026-09-11 09:25:42,680,72.0,1341.405009451796,23.39056710775052,22.755803402646293,79.70888468809075,31.70888468809074,20.0,60.95311909262759,16.46748582230624,1.881505451364667,-0.1432,9851.9,0,rural,S2_DN3_vest_dus,0.3306,0.5317,0.8723,5.0975,0.3127,0.825
DIESEL_Constanta-DN3-Murfatlar-retur,09-10,2026-09-11 09:25:43,681,71.74567650050864,1345.2889114954223,19.75251271617508,42.36102746693736,79.0,31.0,20.0,62.14740590030518,16.023753814852494,1.924904235766718,-0.1786,9871.8,0,rural,S2_DN3_vest_dus,0.8468,0.5325,2.2344,4.3047,0.1978,0.522
DIESEL_Constanta-DN3-Murfatlar-retur,09-10,2026-09-11 09:25:44,682,70.71443850267376,1338.5786096256666,23.135475935828577,13.335465240642131,79.28556149732624,31.0,20.0,61.35732620320852,16.24,2.756976220012213,-0.2932,9891.4,0,rural,S2_DN3_vest_dus,0.036,0.5326,0.0951,5.0419,0.0694,0.1832
DIESEL_Constanta-DN3-Murfatlar-retur,09-10,2026-09-11 09:25:45,683,69.63436123348019,1296.3160792951544,19.46400881057262,18.16713656387676,79.63436123348019,31.0,20.0,60.53656387665198,15.921894273127764,2.051878774340336,-0.2381,9910.8,0,rural,S2_DN3_vest_dus,0.08,0.5326,0.2112,4.2418,0.0694,0.1832
DIESEL_Constanta-DN3-Murfatlar-retur,09-10,2026-09-11 09:25:46,684,69.0,1277.732654600302,20.66837104072412,19.83719457013528,79.0,30.680241327300173,20.0,60.75987933634992,15.417963800904973,2.5158866660041337,-0.1321,9930.0,0,rural,S2_DN3_vest_dus,0.1816,0.5328,0.4791,4.5043,0.3084,0.8138
DIESEL_Constanta-DN3-Murfatlar-retur,09-10,2026-09-11 09:25:47,685,68.68336025848151,1267.0440226171254,17.118675282713784,30.84647819063117,79.0,30.0,20.0,61.147495961227776,15.47408723747982,1.950232014254926,-0.4127,9949.0,0,rural,S2_DN3_vest_dus,0.4779,0.5333,1.261,3.7307,0.0694,0.1832
DIESEL_Constanta-DN3-Murfatlar-retur,09-10,2026-09-11 09:25:48,686,66.02839756592283,1242.105730223123,22.46040567951325,11.559462474645049,79.0,30.0,20.0,61.49716024340772,15.793529411764762,2.241137892957026,-0.4657,9967.4,0,rural,S2_DN3_vest_dus,0.0,0.5333,0.0,4.8948,0.0694,0.1832
DIESEL_Constanta-DN3-Murfatlar-retur,09-10,2026-09-11 09:25:49,687,65.3306505700872,1229.2862173038227,20.762863849765168,23.303011401744243,79.3306505700872,30.0,20.0,61.23628437290408,16.198222669349423,1.9074040880356948,-0.0043,9985.5,0,rural,S2_DN3_vest_dus,0.2921,0.5336,0.7706,4.5249,0.6315,1.6664
DIESEL_Constanta-DN3-Murfatlar-retur,09-10,2026-09-11 09:25:50,688,65.99748427672962,1220.2135220125797,15.88947169811322,46.60685534591344,79.99748427672962,30.0,20.0,60.49874213836481,15.81,1.6256396318877866,-0.2752,10003.9,0,rural,S2_DN3_vest_dus,0.8814,0.5345,2.3256,3.4628,0.0694,0.1832
DIESEL_Constanta-DN3-Murfatlar-retur,09-10,2026-09-11 09:25:51,689,63.34895314057839,1222.8796111664992,17.29183449651035,19.70844466600213,79.0,30.0,20.0,60.22701894317047,15.81,1.4756416210084742,-1.4601,10021.5,0,rural,S2_DN3_vest_dus,0.1001,0.5346,0.2642,3.7684,0.0694,0.1832
DIESEL_Constanta-DN3-Murfatlar-retur,09-10,2026-09-11 09:25:52,690,55.484679665738526,1312.1427576601616,23.5960724233983,12.104874651810691,79.18941504178268,30.0,20.0,60.96740947075212,15.590278551532087,1.8228854547642248,-2.1284,10036.9,0,urban,S2_DN3_vest_dus,0.0,0.5346,0.0,5.1423,0.0694,0.1832
DIESEL_Constanta-DN3-Murfatlar-retur,09-10,2026-09-11 09:25:53,691,48.024149286498655,1385.3095499451238,23.489582875960657,10.089868276619134,79.8605927552141,30.0,20.0,60.59517014270027,14.609571899012089,2.499110510333435,-2.0447,10050.2,0,urban,S2_DN3_vest_dus,0.0,0.5346,0.0,5.1191,0.0694,0.1832
DIESEL_Constanta-DN3-Murfatlar-retur,09-10,2026-09-11 09:25:54,692,40.76268412438618,1245.513911620296,20.528461538461567,9.965024549918198,79.0,30.0,20.0,61.8,14.36,2.058214749900477,-1.8041,10061.5,0,urban,S2_DN3_vest_dus,0.0,0.5346,0.0,4.4738,0.0694,0.1832
DIESEL_Constanta-DN3-Murfatlar-retur,09-10,2026-09-11 09:25:55,693,35.03436988543356,1368.2635024549952,22.83615384615392,12.534582651391236,79.0,30.0,20.0,61.8,14.36,2.218232289515598,-2.0397,10071.3,0,urban,S2_DN3_vest_dus,0.0,0.5346,0.0,4.9767,0.0694,0.1832
DIESEL_Constanta-DN3-Murfatlar-retur,09-10,2026-09-11 09:25:56,694,26.076530612244728,1631.3960459183556,27.92179421768685,11.551615646258536,80.0,29.0,20.0,61.8768707482993,14.36,2.02764080051766,-1.9573,10078.5,0,urban,S2_DN3_vest_dus,0.0,0.5346,0.0,6.085,0.0694,0.1832
DIESEL_Constanta-DN3-Murfatlar-retur,09-10,2026-09-11 09:25:57,695,20.94152046783632,1284.4863547758257,21.337212475633475,12.527095516569224,79.99025341130606,29.0,20.0,61.214619883040925,14.362826510721243,2.0446375583123,-1.9289,10084.3,0,urban,S2_DN3_vest_dus,0.0,0.5346,0.0,4.65,0.0694,0.1832
DIESEL_Constanta-DN3-Murfatlar-retur,09-10,2026-09-11 09:25:58,696,12.188571428571525,1346.1371428571504,20.679028571428795,15.893142857142662,79.0,29.0,20.0,62.4657142857143,14.78588571428571,2.405352491511425,-1.8438,10087.7,0,urban,S2_DN3_vest_dus,0.0591,0.5346,0.156,4.5066,0.0694,0.1832
DIESEL_Constanta-DN3-Murfatlar-retur,09-10,2026-09-11 09:25:59,697,7.665995975855147,1065.7323943661977,12.957585513078476,22.701287726358142,79.44466800804828,29.0,20.0,61.844265593561374,15.068953722334005,2.5753776270787547,-1.0387,10089.8,0,urban,S2_DN3_vest_dus,0.1262,0.5348,0.3329,2.8239,0.0694,0.1832
DIESEL_Constanta-DN3-Murfatlar-retur,09-10,2026-09-11 09:26:00,698,4.7101727447217865,975.3512476007712,11.839385796545152,23.9826871401151,80.0,29.0,20.0,62.08790786948171,15.23,2.5888965167668974,-0.7568,10091.1,0,urban,S2_DN3_vest_dus,0.1262,0.5349,0.3329,2.5802,0.0694,0.1832
DIESEL_Constanta-DN3-Murfatlar-retur,09-10,2026-09-11 09:26:01,699,2.216972034715564,886.9749276759898,11.017405978784955,22.79789778206376,80.0,29.0,20.0,62.60848601735778,15.171272902603668,2.736319081062754,-0.574,10091.8,0,urban,S2_DN3_vest_dus,0.1262,0.535,0.3329,2.401,0.0694,0.1832
DIESEL_Constanta-DN3-Murfatlar-retur,09-10,2026-09-11 09:26:02,700,0.5773195876288566,855.7886597938146,11.157216494845365,19.384845360824745,79.57731958762885,28.577319587628857,20.0,62.92989690721652,15.02082474226804,4.180984307576577,-0.3079,10091.9,1,urban,S2_DN3_vest_dus,0.1262,0.5351,0.3329,2.4315,0.1528,0.4031
DIESEL_Constanta-DN3-Murfatlar-retur,09-10,2026-09-11 09:26:03,701,0.0,868.8399866932801,11.230598802395209,19.61,79.0,28.0,20.0,63.90299401197605,14.890499001996009,4.095816802828167,-0.0802,10091.9,1,urban,S2_DN3_vest_dus,0.1262,0.5353,0.3329,2.4475,0.1528,0.4031
DIESEL_Constanta-DN3-Murfatlar-retur,09-10,2026-09-11 09:26:04,702,0.0,867.5093147039254,11.110838323353288,19.61,79.0,28.0,20.0,63.30419161676643,14.790698602794404,3.8376235640385015,0.0,10091.9,1,urban,S2_DN3_vest_dus,0.1262,0.5354,0.3329,2.4214,0.1528,0.4031
DIESEL_Constanta-DN3-Murfatlar-retur,09-10,2026-09-11 09:26:05,703,0.0,870.9298892988933,11.15214022140222,20.0,79.40774907749076,28.0,20.0,61.81845018450185,14.79,3.910447569735034,0.0,10091.9,1,urban,S2_DN3_vest_dus,0.1262,0.5355,0.3329,2.4304,0.1528,0.4031
DIESEL_Constanta-DN3-Murfatlar-retur,09-10,2026-09-11 09:26:06,704,0.0,860.403539823009,10.99099115044248,20.123557522123875,80.0,28.0,20.0,62.04849557522119,14.79,3.809642693668517,0.0,10091.9,1,urban,S2_DN3_vest_dus,0.1262,0.5357,0.3329,2.3953,0.1528,0.4031
DIESEL_Constanta-DN3-Murfatlar-retur,09-10,2026-09-11 09:26:07,705,0.0,858.3666666666666,10.963333333333331,20.39,80.0,28.0,20.0,62.640000000000015,14.79,3.938010512566645,0.0,10091.9,1,urban,S2_DN3_vest_dus,0.1262,0.5358,0.3329,2.3893,0.1528,0.4031
DIESEL_Constanta-DN3-Murfatlar-retur,09-10,2026-09-11 09:26:08,706,0.0,860.1938369781312,10.992584493041749,20.53460238568589,80.0,28.0,20.0,62.05168986083498,14.79,4.042299838678104,0.0,10091.9,1,urban,S2_DN3_vest_dus,0.1262,0.5359,0.3329,2.3956,0.1528,0.4031
DIESEL_Constanta-DN3-Murfatlar-retur,09-10,2026-09-11 09:26:09,707,0.0,859.9335678807946,10.992152317880794,20.78,80.0,28.0,20.0,61.61771523178809,14.79,4.1080340938877535,0.0,10091.9,1,urban,S2_DN3_vest_dus,0.1262,0.536,0.3329,2.3955,0.1528,0.4031
DIESEL_Constanta-DN3-Murfatlar-retur,09-10,2026-09-11 09:26:10,708,0.0,856.2481420313793,10.943848059455,20.83251857968621,80.0,28.0,20.0,61.39694467382328,14.79,3.899009993350529,0.0,10091.9,1,urban,S2_DN3_vest_dus,0.1262,0.5362,0.3329,2.385,0.1528,0.4031
DIESEL_Constanta-DN3-Murfatlar-retur,09-10,2026-09-11 09:26:11,709,0.0,823.2175887696126,10.46490503715938,21.16282411230388,80.0,28.0,20.0,62.63559042113953,14.79,3.9815466576436913,0.0,10091.9,1,urban,S2_DN3_vest_dus,0.1262,0.5363,0.3329,2.2806,0.1528,0.4031
DIESEL_Constanta-DN3-Murfatlar-retur,09-10,2026-09-11 09:26:12,710,0.0,820.4268510258697,10.426208742194468,21.18,80.0,28.0,20.0,61.07760927743086,14.79,4.086668142800158,0.0,10091.9,1,urban,S2_DN3_vest_dus,0.1262,0.5364,0.3329,2.2722,0.1528,0.4031
DIESEL_Constanta-DN3-Murfatlar-retur,09-10,2026-09-11 09:26:13,711,0.0,825.3331846565567,10.49757359500446,21.18,80.0,28.0,20.0,61.96966993755576,14.79,3.8759549126349735,0.0,10091.9,1,urban,S2_DN3_vest_dus,0.1262,0.5365,0.3329,2.2877,0.1528,0.4031
DIESEL_Constanta-DN3-Murfatlar-retur,09-10,2026-09-11 09:26:14,712,0.0,808.8109756097566,10.254573170731714,21.56286585365853,80.0,28.0,20.0,62.0,14.79,3.642482834169284,0.0,10091.9,1,urban,S2_DN3_vest_dus,0.1262,0.5367,0.3329,2.2348,0.1528,0.4031
DIESEL_Constanta-DN3-Murfatlar-retur,09-10,2026-09-11 09:26:15,713,0.0,825.0142743854085,10.50231562252181,21.57,80.0,28.0,20.0,63.15939730372721,14.79,3.894658625629896,0.0,10091.9,1,urban,S2_DN3_vest_dus,0.1262,0.5368,0.3329,2.2888,0.1528,0.4031
DIESEL_Constanta-DN3-Murfatlar-retur,09-10,2026-09-11 09:26:16,714,0.0,828.633152173913,10.555747282608694,21.57,80.0,28.0,20.0,63.55747282608694,14.79,4.279495916271946,0.0,10091.9,1,urban,S2_DN3_vest_dus,0.1262,0.5369,0.3329,2.3004,0.1528,0.4031
DIESEL_Constanta-DN3-Murfatlar-retur,09-10,2026-09-11 09:26:17,715,0.0,835.961538461538,10.663076923076916,21.57,80.0,28.0,20.0,63.0107692307693,14.79,4.57231014161974,0.0,10091.9,1,urban,S2_DN3_vest_dus,0.1262,0.537,0.3329,2.3238,0.1528,0.4031
DIESEL_Constanta-DN3-Murfatlar-retur,09-10,2026-09-11 09:26:18,716,0.0,848.7693661971826,10.846619718309851,21.57,80.0,28.0,20.0,62.17253521126758,14.79,4.9204299127640585,0.0018,10091.9,1,urban,S2_DN3_vest_dus,0.1262,0.5372,0.3329,2.3638,0.1528,0.4031
DIESEL_Constanta-DN3-Murfatlar-retur,09-10,2026-09-11 09:26:19,717,0.0132275132275016,859.7169312169312,10.999338624338623,21.56484126984128,80.0,28.013227513227505,20.0,62.80661375661375,14.79,3.642203715984917,0.1036,10091.9,1,urban,S2_DN3_vest_dus,0.1262,0.5373,0.3329,2.3971,0.1529,0.4034
DIESEL_Constanta-DN3-Murfatlar-retur,09-10,2026-09-11 09:26:20,718,0.7457457457457326,858.6483983983985,10.965255255255256,21.18,80.0,29.0,20.0,62.94404404404402,14.79,4.736512407954504,-0.0018,10092.1,1,urban,S2_DN3_vest_dus,0.1262,0.5374,0.3329,2.3897,0.1563,0.4123
DIESEL_Constanta-DN3-Murfatlar-retur,09-10,2026-09-11 09:26:21,719,0.0,865.9424114021571,11.05322033898305,21.18,80.0,29.19645608628659,20.0,62.01787365177195,14.79,4.630488445458651,-0.1036,10092.1,1,urban,S2_DN3_vest_dus,0.1262,0.5375,0.3329,2.4088,0.1528,0.4031
DIESEL_Constanta-DN3-Murfatlar-retur,09-10,2026-09-11 09:26:22,720,0.0,878.4616718027734,11.22271186440678,21.18,80.0,29.966872110939903,20.0,62.48012326656394,14.79,4.88235360025825,0.0,10092.1,1,urban,S2_DN3_vest_dus,0.1262,0.5377,0.3329,2.4458,0.1528,0.4031
DIESEL_Constanta-DN3-Murfatlar-retur,09-10,2026-09-11 09:26:23,721,0.0,873.051313229572,11.104805447470817,20.78,80.0,30.25194552529184,20.0,61.62441634241245,14.79,4.088727659953046,0.0,10092.1,1,urban,S2_DN3_vest_dus,0.1262,0.5378,0.3329,2.4201,0.1528,0.4031
DIESEL_Constanta-DN3-Murfatlar-retur,09-10,2026-09-11 09:26:24,722,0.0,867.4426673228346,11.00726377952756,20.69132874015748,80.0,31.22736220472441,20.0,61.55915354330709,14.79,4.385909797853724,0.0,10092.1,1,urban,S2_DN3_vest_dus,0.1262,0.5379,0.3329,2.3988,0.1528,0.4031
DIESEL_Constanta-DN3-Murfatlar-retur,09-10,2026-09-11 09:26:25,723,0.0,861.5187007874015,10.898963254593172,20.39,80.0,32.0,20.0,62.015354330708654,14.79,4.608466975371461,0.0,10092.1,1,urban,S2_DN3_vest_dus,0.1262,0.538,0.3329,2.3752,0.1528,0.4031
DIESEL_Constanta-DN3-Murfatlar-retur,09-10,2026-09-11 09:26:26,724,0.0,860.6839378238341,10.853530717986676,20.25923019985197,80.0,32.335307179866746,20.0,61.96765358993337,14.79,4.130061923965074,0.0,10092.1,1,urban,S2_DN3_vest_dus,0.1262,0.5382,0.3329,2.3653,0.1528,0.4031
DIESEL_Constanta-DN3-Murfatlar-retur,09-10,2026-09-11 09:26:27,725,0.0,863.8666666666672,10.878666666666676,20.0,80.0,33.133333333333304,20.0,62.459999999999965,14.79,4.504578295272756,0.0,10092.1,1,urban,S2_DN3_vest_dus,0.1262,0.5383,0.3329,2.3708,0.1528,0.4031
DIESEL_Constanta-DN3-Murfatlar-retur,09-10,2026-09-11 09:26:28,726,0.0,844.6459417273675,10.704682622268466,19.86323621227888,80.0,34.0,20.0,62.69344432882418,14.944297606659722,4.060314493818227,0.2104,10092.1,1,urban,S2_DN3_vest_dus,0.1262,0.5384,0.3329,2.3329,0.1528,0.4031
DIESEL_Constanta-DN3-Murfatlar-retur,09-10,2026-09-11 09:26:29,727,1.5149073327960547,881.5010072522139,11.304174053182896,24.6001047542302,80.0,34.30298146655921,20.0,61.50298146655921,15.493593875906514,3.510823186557621,0.7649,10092.6,0,urban,S2_DN3_vest_dus,0.1835,0.5386,0.4843,2.4635,0.1275,0.3364
DIESEL_Constanta-DN3-Murfatlar-retur,09-10,2026-09-11 09:26:30,728,5.507042253521121,989.225352112676,12.608309859154923,37.0738028169014,80.0,35.0,20.0,62.17464788732395,16.247042253521126,2.005264825049892,1.1163,10094.1,0,urban,S2_DN3_vest_dus,0.3554,0.539,0.9379,2.7477,0.3655,0.9644
DIESEL_Constanta-DN3-Murfatlar-retur,09-10,2026-09-11 09:26:31,729,9.5520504731865,1127.3178233438775,15.701388012618873,43.27078864353268,80.0,35.0,20.0,61.878548895898966,17.38807570977927,1.9255352082766608,1.4401,10096.7,0,urban,S2_DN3_vest_dus,0.6657,0.5396,1.7566,3.4218,0.7192,1.8978
DIESEL_Constanta-DN3-Murfatlar-retur,09-10,2026-09-11 09:26:32,730,15.876075731497515,1644.9160929432107,25.983304647160253,36.86182444061956,80.0,35.0,20.0,61.53786574870915,18.690154905335643,2.0647022193270788,1.4928,10101.1,0,urban,S2_DN3_vest_dus,1.0884,0.5407,2.8718,5.6626,1.1886,3.1362
DIESEL_Constanta-DN3-Murfatlar-retur,09-10,2026-09-11 09:26:33,731,20.300118623962103,2104.4457295373745,35.33030842230147,34.9,80.0,35.32502965599053,20.0,62.40498220640568,19.426026097271663,2.609680458725969,1.3028,10106.8,0,urban,S2_DN3_vest_dus,1.4274,0.5421,3.7664,7.6996,1.3342,3.5206
DIESEL_Constanta-DN3-Murfatlar-retur,09-10,2026-09-11 09:26:34,732,25.25654450261792,2116.2785340313976,36.96137172774842,40.03138219895314,80.0,36.0,20.0,61.81947643979057,20.34494240837698,2.017288266631968,1.2859,10113.8,0,urban,S2_DN3_vest_dus,1.6973,0.5438,4.4785,8.055,1.6297,4.3003
DIESEL_Constanta-DN3-Murfatlar-retur,09-10,2026-09-11 09:26:35,733,29.55861165684344,1815.567779960705,32.408140144073286,46.27,80.0,36.0,20.0,62.00523903077929,20.92079895219384,2.21437382822245,1.0523,10122.0,0,urban,S2_DN3_vest_dus,1.8649,0.5457,4.9206,7.0627,1.5991,4.2194
DIESEL_Constanta-DN3-Murfatlar-retur,09-10,2026-09-11 09:26:36,734,32.83300589390949,1995.3320235756307,36.60591355599196,46.27,80.0,36.0,20.0,62.85658153241646,21.3006286836935,1.6249667914612551,1.1698,10131.1,0,urban,S2_DN3_vest_dus,2.0714,0.5478,5.4657,7.9776,1.9442,5.1301
DIESEL_Constanta-DN3-Murfatlar-retur,09-10,2026-09-11 09:26:37,735,37.98118279569876,2357.9999999999905,45.44795698924708,46.425026881720406,80.80376344086025,36.19623655913975,20.0,62.584139784946274,22.220725806451583,2.1610855374488813,1.5341,10141.7,0,urban,S2_DN3_vest_dus,2.4593,0.5502,6.4892,9.9045,2.8586,7.5428
DIESEL_Constanta-DN3-Murfatlar-retur,09-10,2026-09-11 09:26:38,736,43.878504672897314,2314.563084112133,50.67938317757008,52.364897196262014,80.0,37.0,20.0,61.62485981308411,22.81104672897196,2.326457351294046,1.3223,10153.9,0,urban,S2_DN3_vest_dus,2.7129,0.553,7.1582,11.0446,2.904,7.6624
DIESEL_Constanta-DN3-Murfatlar-retur,09-10,2026-09-11 09:26:39,737,47.50188964474678,1892.272297808012,46.82003779289495,56.356840513983386,80.0,37.0,20.0,61.44981103552532,22.48445200302343,2.111716523920228,0.7126,10167.1,0,urban,S2_DN3_vest_dus,2.4754,0.5554,6.5316,10.2035,1.8819,4.9656
DIESEL_Constanta-DN3-Murfatlar-retur,09-10,2026-09-11 09:26:40,738,49.009554140127406,1954.6775477706929,36.81952229299343,41.96,80.0095541401274,37.0,20.0,61.3047770700637,22.03337579617832,1.5742160207062703,0.3369,10180.7,0,urban,S2_DN3_vest_dus,1.7599,0.5572,4.6437,8.0241,1.1381,3.003
DIESEL_Constanta-DN3-Murfatlar-retur,09-10,2026-09-11 09:26:41,739,49.92748917748917,1452.085227272727,24.089989177489144,40.424220779220576,81.0,37.0,20.0,61.82900432900433,20.151926406926385,2.085874366452647,-0.0234,10194.5,0,urban,S2_DN3_vest_dus,1.0039,0.5582,2.6489,5.25,0.3729,0.984
DIESEL_Constanta-DN3-Murfatlar-retur,09-10,2026-09-11 09:26:42,740,48.84111111111108,1418.913611111111,20.835688888888846,21.154977777777862,81.0,37.15888888888893,20.0,62.231777777777786,17.945688888888846,2.206665280288425,-0.226,10208.1,0,urban,S2_DN3_vest_dus,0.1362,0.5583,0.3594,4.5407,0.0694,0.1832
DIESEL_Constanta-DN3-Murfatlar-retur,09-10,2026-09-11 09:26:43,741,48.30000000000004,1425.475,19.50599999999995,24.31600000000017,80.69999999999996,38.0,20.0,62.61000000000003,16.663999999999955,1.8487699130765285,-0.0416,10221.5,0,urban,S2_DN3_vest_dus,0.265,0.5586,0.6992,4.251,0.3171,0.8367
DIESEL_Constanta-DN3-Murfatlar-retur,09-10,2026-09-11 09:26:44,742,48.54131355932202,1419.752913135593,18.73504237288136,24.362923728813488,80.0,37.54131355932202,20.0,62.73305084745762,16.083019067796613,2.2061342442031298,0.0022,10235.0,0,urban,S2_DN3_vest_dus,0.2969,0.5589,0.7835,4.0829,0.4127,1.089
DIESEL_Constanta-DN3-Murfatlar-retur,09-10,2026-09-11 09:26:45,743,48.31589147286824,1406.986434108527,18.989534883720943,23.03744186046524,80.0,37.0,20.0,61.82616279069764,16.423217054263578,2.368169105470486,0.0584,10248.4,0,urban,S2_DN3_vest_dus,0.2059,0.5591,0.5433,4.1384,0.5293,1.3966
DIESEL_Constanta-DN3-Murfatlar-retur,09-10,2026-09-11 09:26:46,744,48.961886304909584,1404.4024547803615,19.377131782945742,26.835891472868333,80.0,37.0,20.0,60.85717054263563,16.797894056847557,1.921141882967326,0.095,10262.0,0,urban,S2_DN3_vest_dus,0.3689,0.5595,0.9734,4.2229,0.617,1.6281
DIESEL_Constanta-DN3-Murfatlar-retur,09-10,2026-09-11 09:26:47,745,49.0,1424.6509433962271,19.78938430983117,33.46679245283041,81.0,37.0,20.0,61.70893743793445,16.839662363455794,1.651643340028092,-0.0016,10275.6,0,urban,S2_DN3_vest_dus,0.6827,0.5601,1.8014,4.3127,0.4099,1.0815
DIESEL_Constanta-DN3-Murfatlar-retur,09-10,2026-09-11 09:26:48,746,48.95045632333767,1407.3298565840942,20.01378096479792,27.87913950456324,81.0,36.95045632333767,20.0,61.86531942633637,17.26693611473273,1.704657405601797,-0.1057,10289.2,0,urban,S2_DN3_vest_dus,0.4448,0.5606,1.1735,4.3616,0.1857,0.4899
DIESEL_Constanta-DN3-Murfatlar-retur,09-10,2026-09-11 09:26:49,747,48.23918799646953,1422.7118270079436,20.33127096204767,28.909849955869348,80.76081200353048,36.0,20.0,61.41526919682258,17.297149161518103,2.59223001970851,0.0069,10302.6,0,urban,S2_DN3_vest_dus,0.5198,0.5611,1.3716,4.4308,0.4192,1.1061
DIESEL_Constanta-DN3-Murfatlar-retur,09-10,2026-09-11 09:26:50,748,49.0,1420.5466491458606,19.89725361366623,28.804441524309983,80.18134034165574,35.81865965834426,20.0,62.13626806833115,16.97,1.710855934515538,0.1057,10316.3,0,urban,S2_DN3_vest_dus,0.5106,0.5616,1.3473,4.3362,0.6406,1.6904
DIESEL_Constanta-DN3-Murfatlar-retur,09-10,2026-09-11 09:26:51,749,49.0,1417.298087141339,19.809808714133904,26.04075451647177,81.0,35.0,20.0,62.48028692879914,16.85381509032944,1.6861180486652012,-0.0486,10329.9,0,urban,S2_DN3_vest_dus,0.3535,0.562,0.9327,4.3172,0.3088,0.8148
DIESEL_Constanta-DN3-Murfatlar-retur,09-10,2026-09-11 09:26:52,750,48.64979919678712,1410.5096385542165,19.640506024096386,27.11713253012036,81.0,34.64979919678712,20.0,62.9075903614458,16.781558232931733,2.4473326697515483,-0.1389,10343.4,0,urban,S2_DN3_vest_dus,0.4163,0.5624,1.0986,4.2803,0.1127,0.2974
DIESEL_Constanta-DN3-Murfatlar-retur,09-10,2026-09-11 09:26:53,751,48.0,1403.5140086206898,19.66,25.98948275862084,81.0,34.0,20.0,63.24939655172415,16.945301724137927,3.351328720079941,-0.0902,10356.7,0,urban,S2_DN3_vest_dus,0.3355,0.5627,0.8852,4.2845,0.2119,0.559
DIESEL_Constanta-DN3-Murfatlar-retur,09-10,2026-09-11 09:26:54,752,48.0,1414.510922330098,19.67203883495144,33.841343042072225,81.0,34.0,20.0,63.51003236245953,16.834546925566322,4.60896053305922,0.0,10370.0,0,urban,S2_DN3_vest_dus,0.7254,0.5635,1.9141,4.2871,0.4019,1.0604
DIESEL_Constanta-DN3-Murfatlar-retur,09-10,2026-09-11 09:26:55,753,48.0,1413.8622305529525,19.98515463917526,26.641508903467773,81.0,34.0,20.0,63.31293345829428,17.055810684161198,1.8991373948529169,0.0362,10383.4,0,urban,S2_DN3_vest_dus,0.3704,0.5638,0.9773,4.3554,0.4781,1.2616
DIESEL_Constanta-DN3-Murfatlar-retur,09-10,2026-09-11 09:26:56,754,48.260542168674704,1418.64156626506,19.822981927710835,31.91858433734929,81.0,34.0,20.0,63.01265060240965,16.81888554216867,2.6110069982868227,0.1389,10396.8,0,urban,S2_DN3_vest_dus,0.6091,0.5644,1.6073,4.32,0.699,1.8445
DIESEL_Constanta-DN3-Murfatlar-retur,09-10,2026-09-11 09:26:57,755,49.0,1393.7746252676664,18.999464668094248,22.387773019272007,81.0,34.0,20.0,63.8653104925053,16.40387580299788,3.070796246279037,0.1027,10410.4,0,urban,S2_DN3_vest_dus,0.1905,0.5646,0.5026,4.1406,0.6342,1.6734
DIESEL_Constanta-DN3-Murfatlar-retur,09-10,2026-09-11 09:26:58,756,49.0,1409.7844827586196,19.959655172413807,25.60931034482692,81.0,34.0,20.0,61.81034482758636,17.050689655172445,1.8568907134663248,0.0,10424.0,0,urban,S2_DN3_vest_dus,0.3133,0.5649,0.8266,4.3498,0.4133,1.0906
DIESEL_Constanta-DN3-Murfatlar-retur,09-10,2026-09-11 09:26:59,757,49.0,1414.1229742612006,19.742831267874163,30.88633937082916,81.0,34.0,20.0,60.76978074356536,16.811315538608206,2.0665768840717447,0.0,10437.6,0,urban,S2_DN3_vest_dus,0.5797,0.5655,1.5296,4.3026,0.4133,1.0906
DIESEL_Constanta-DN3-Murfatlar-retur,09-10,2026-09-11 09:27:00,758,49.0,1413.3521505376343,19.763440860215056,26.701827956989234,81.0,34.0,20.0,62.53978494623657,16.859301075268814,1.6215694285059656,-0.0419,10451.2,0,urban,S2_DN3_vest_dus,0.3935,0.5659,1.0382,4.3071,0.3232,0.8528
DIESEL_Constanta-DN3-Murfatlar-retur,09-10,2026-09-11 09:27:01,759,48.69844357976656,1417.4931906614795,19.729377431906627,24.19029182879388,81.0,34.0,20.0,64.20155642023344,16.72221789883268,1.446224087226424,-0.0962,10464.8,0,urban,S2_DN3_vest_dus,0.2584,0.5662,0.6817,4.2996,0.2042,0.5389
DIESEL_Constanta-DN3-Murfatlar-retur,09-10,2026-09-11 09:27:02,760,48.3071895424837,1395.3790849673208,19.505294117647065,26.116535947713068,81.0,34.0,20.0,64.53137254901957,16.82,1.609511691000579,0.0047,10478.2,0,urban,S2_DN3_vest_dus,0.3394,0.5665,0.8955,4.2508,0.4153,1.0959
DIESEL_Constanta-DN3-Murfatlar-retur,09-10,2026-09-11 09:27:03,761,48.731958762886585,1404.005154639175,19.8578350515464,34.62319587628854,81.0,34.0,20.0,63.37835051546391,17.01567010309279,1.9673643202902944,-0.0417,10491.7,0,urban,S2_DN3_vest_dus,0.7187,0.5672,1.8964,4.3276,0.321,0.8471
DIESEL_Constanta-DN3-Murfatlar-retur,09-10,2026-09-11 09:27:04,762,48.00705052878963,1406.8945358401872,20.489729729729685,27.535734430081853,81.0,34.0,20.0,62.49929494712104,17.556133960046974,1.7752956404322753,0.0654,10505.0,0,urban,S2_DN3_vest_dus,0.4452,0.5677,1.1747,4.4653,0.5398,1.4242
DIESEL_Constanta-DN3-Murfatlar-retur,09-10,2026-09-11 09:27:05,763,49.20287958115179,1428.213678010471,21.606400523560257,39.13120418848177,81.0,34.0,20.0,62.94777486910984,18.213062827225173,2.103120995408368,0.2214,10518.7,0,urban,S2_DN3_vest_dus,0.9336,0.5686,2.4633,4.7087,0.8938,2.3583
DIESEL_Constanta-DN3-Murfatlar-retur,09-10,2026-09-11 09:27:06,764,49.60102040816331,1422.8234693877562,23.57042857142824,26.29801020408288,81.0,34.0,20.0,64.18234693877561,17.344142857142863,1.919891152975108,-0.0674,10532.5,0,urban,S2_DN3_vest_dus,0.5309,0.5691,1.4007,5.1367,0.2736,0.7219
DIESEL_Constanta-DN3-Murfatlar-retur,09-10,2026-09-11 09:27:07,765,48.7177197802198,1408.0825892857144,25.70683379120895,14.56206730769198,81.0,34.0,20.0,62.96936813186812,17.178138736263744,2.447975331776995,-0.2181,10546.0,0,urban,S2_DN3_vest_dus,0.1069,0.5692,0.2819,5.6023,0.0694,0.1832
DIESEL_Constanta-DN3-Murfatlar-retur,09-10,2026-09-11 09:27:08,766,48.03090659340657,1405.850446428571,20.054361263736048,26.14860576923121,81.0,34.0,20.0,63.38145604395606,16.978962912087905,2.066919113692496,0.0,10559.4,0,urban,S2_DN3_vest_dus,0.3668,0.5696,0.9679,4.3705,0.4022,1.0613
DIESEL_Constanta-DN3-Murfatlar-retur,09-10,2026-09-11 09:27:09,767,48.71773220747887,1425.524125452352,19.57855247285888,31.22710494571756,81.0,34.0,20.0,63.25645355850423,16.511375150784087,1.49378709190686,-0.0043,10572.9,0,urban,S2_DN3_vest_dus,0.605,0.5702,1.5962,4.2668,0.4009,1.0577
DIESEL_Constanta-DN3-Murfatlar-retur,09-10,2026-09-11 09:27:10,768,48.0,1412.2361603974457,19.63280340667141,25.3166217175302,81.0,34.0,20.0,63.11256210078072,16.73664300922641,1.964421926774951,-0.0997,10586.2,0,urban,S2_DN3_vest_dus,0.3423,0.5706,0.9031,4.2786,0.1918,0.5062
DIESEL_Constanta-DN3-Murfatlar-retur,09-10,2026-09-11 09:27:11,769,48.0,1391.8316181689145,19.022441447835355,23.925564229950343,81.0,34.0,20.0,62.40283889283181,16.530823278921225,2.5624753158489533,-0.1389,10599.6,0,urban,S2_DN3_vest_dus,0.2527,0.5708,0.6668,4.1456,0.1093,0.2883
DIESEL_Constanta-DN3-Murfatlar-retur,09-10,2026-09-11 09:27:12,770,47.0,1385.037251655631,18.595860927152323,21.731324503310823,81.0,34.0,20.0,65.53509933774855,16.264006622516536,1.6409158971125823,-0.0869,10612.6,0,urban,S2_DN3_vest_dus,0.1523,0.571,0.4018,4.0526,0.2115,0.558
DIESEL_Constanta-DN3-Murfatlar-retur,09-10,2026-09-11 09:27:13,771,47.374161073825526,1370.8456375838932,18.88674496644297,29.894144295302123,81.0,34.0,20.0,63.34832214765105,16.69463087248323,2.230082993108547,0.1389,10625.8,0,urban,S2_DN3_vest_dus,0.5361,0.5715,1.4144,4.116,0.6837,1.8039
DIESEL_Constanta-DN3-Murfatlar-retur,09-10,2026-09-11 09:27:14,772,48.0,1391.2484744469868,19.64568268497332,32.72357742181538,81.0,34.0,20.0,64.52250190694126,17.138558352402754,2.569596058111145,0.0869,10639.1,0,urban,S2_DN3_vest_dus,0.6573,0.5722,1.7344,4.2814,0.5849,1.5434
DIESEL_Constanta-DN3-Murfatlar-retur,09-10,2026-09-11 09:27:15,773,48.0,1385.3369565217392,20.416086956521728,30.33608695652177,81.0,34.0,20.0,64.21739130434783,17.802173913043468,1.9834396986037697,0.1788,10652.5,0,urban,S2_DN3_vest_dus,0.513,0.5727,1.3535,4.4493,0.7785,2.0543
DIESEL_Constanta-DN3-Murfatlar-retur,09-10,2026-09-11 09:27:16,774,49.28770949720673,1430.443435754191,21.55027932960894,38.64488826815633,81.0,34.0,20.0,64.08770949720672,18.146284916201108,1.6686376430825762,0.2239,10666.1,0,urban,S2_DN3_vest_dus,0.91,0.5736,2.4013,4.6965,0.901,2.3774
DIESEL_Constanta-DN3-Murfatlar-retur,09-10,2026-09-11 09:27:17,775,49.61234177215189,1452.0431170886077,21.568591772151898,30.57995253164552,81.0,34.0,20.0,63.94715189873417,17.894272151898736,1.6597432122644415,-0.001,10679.9,0,urban,S2_DN3_vest_dus,0.6001,0.5742,1.5833,4.7005,0.4183,1.1037
DIESEL_Constanta-DN3-Murfatlar-retur,09-10,2026-09-11 09:27:18,776,49.280397022332494,1438.4112903225805,21.12595533498761,25.66918114143907,81.0,34.0,20.0,63.385111662530974,17.696799007444184,1.7023487992620154,0.0089,10693.6,0,urban,S2_DN3_vest_dus,0.3762,0.5746,0.9926,4.604,0.4358,1.15
DIESEL_Constanta-DN3-Murfatlar-retur,09-10,2026-09-11 09:27:19,777,49.67642526964564,1429.343990755009,20.180862865947624,28.477719568567387,81.0,34.0,20.0,64.68813559322041,17.01530046224961,1.8778603519210968,-0.0389,10707.4,0,urban,S2_DN3_vest_dus,0.5103,0.5751,1.3464,4.398,0.3364,0.8877
DIESEL_Constanta-DN3-Murfatlar-retur,09-10,2026-09-11 09:27:20,778,49.0,1410.2169669669656,20.06585585585581,24.013183183182345,81.0,34.0,20.0,63.47477477477471,17.19060060060058,2.1931347578849296,-0.0939,10721.0,0,urban,S2_DN3_vest_dus,0.2764,0.5753,0.7294,4.373,0.2114,0.5578
DIESEL_Constanta-DN3-Murfatlar-retur,09-10,2026-09-11 09:27:21,779,49.0,1438.3081613508443,20.90988742964353,35.5767917448405,81.0,34.0,20.0,64.18667917448406,17.485834896810506,2.207545664697725,0.0931,10734.6,0,urban,S2_DN3_vest_dus,0.8114,0.5762,2.141,4.5569,0.6135,1.6189
DIESEL_Constanta-DN3-Murfatlar-retur,09-10,2026-09-11 09:27:22,780,49.67067927772998,1448.3368443680138,20.82065348237317,31.23687016337061,81.0,34.1676698194325,20.0,63.868873602751485,17.30275150472915,1.9516213492299,0.2424,10748.4,0,urban,S2_DN3_vest_dus,0.6097,0.5768,1.6089,4.5375,0.9496,2.5055
DIESEL_Constanta-DN3-Murfatlar-retur,09-10,2026-09-11 09:27:23,781,50.74523007856343,1444.2772166105503,20.35634118967453,29.19875420875428,81.0,34.62738496071829,20.0,64.39618406285074,17.036116722783394,2.360836967366064,-0.0065,10762.5,0,urban,S2_DN3_vest_dus,0.5196,0.5773,1.371,4.4363,0.4195,1.1069
DIESEL_Constanta-DN3-Murfatlar-retur,09-10,2026-09-11 09:27:24,782,49.62374020156775,1424.0145576707723,19.953661814109743,24.20433370660693,81.0,35.0,20.0,63.988129899216126,16.876438969764838,2.0834511476699946,-0.2424,10776.3,0,urban,S2_DN3_vest_dus,0.2836,0.5776,0.7483,4.3485,0.0694,0.1832
DIESEL_Constanta-DN3-Murfatlar-retur,09-10,2026-09-11 09:27:25,783,49.0,1422.0740542469664,19.941620271234832,25.12146324054245,81.31620271234833,35.0,20.0,64.14189864382584,16.922569593147752,1.9897815401273704,-0.0866,10789.9,0,urban,S2_DN3_vest_dus,0.3257,0.5779,0.8593,4.3459,0.2271,0.5992
DIESEL_Constanta-DN3-Murfatlar-retur,09-10,2026-09-11 09:27:26,784,49.0,1435.6906779661017,20.00952542372881,34.13793220338956,81.95254237288133,35.0,20.0,63.87118644067802,16.82,1.7985772877346529,0.0295,10803.5,0,urban,S2_DN3_vest_dus,0.7391,0.5786,1.9502,4.3607,0.4768,1.258
DIESEL_Constanta-DN3-Murfatlar-retur,09-10,2026-09-11 09:27:27,785,49.21244925575106,1435.0842354533154,20.099851150203,26.58502029769958,81.0,35.0,20.0,64.76887686062236,16.881610284167806,1.5052164216932198,0.0496,10817.2,0,urban,S2_DN3_vest_dus,0.3785,0.579,0.9988,4.3804,0.5229,1.3798
DIESEL_Constanta-DN3-Murfatlar-retur,09-10,2026-09-11 09:27:28,786,49.35741737125289,1429.0570714834744,20.341483474250577,26.39851652574942,81.0,35.0,20.0,63.05703305149884,17.11,1.8439732745646056,-0.1341,10830.9,0,urban,S2_DN3_vest_dus,0.3785,0.5794,0.9988,4.433,0.127,0.3351
DIESEL_Constanta-DN3-Murfatlar-retur,09-10,2026-09-11 09:27:29,787,48.2468354430379,1416.9026898734162,20.11936708860758,27.637594936708567,81.0,35.0,20.0,63.56297468354432,17.092721518987346,1.755466830668976,0.0892,10844.3,0,urban,S2_DN3_vest_dus,0.4253,0.5798,1.1221,4.3846,0.5936,1.5662
DIESEL_Constanta-DN3-Murfatlar-retur,09-10,2026-09-11 09:27:30,788,50.0,1447.7123287671236,20.386301369863016,32.48520547945216,81.0,35.0,20.0,63.49589041095889,16.97,1.6041022302697308,0.2176,10858.2,0,urban,S2_DN3_vest_dus,0.656,0.5805,1.7308,4.4428,0.9025,2.3815
DIESEL_Constanta-DN3-Murfatlar-retur,09-10,2026-09-11 09:27:31,789,49.81324278438028,1425.2487266553485,20.207300509337887,23.872088285229296,81.0,35.0,20.0,64.4,17.104465195246195,2.376844749229948,-0.1321,10872.0,0,urban,S2_DN3_vest_dus,0.2364,0.5807,0.6238,4.4038,0.134,0.3537
DIESEL_Constanta-DN3-Murfatlar-retur,09-10,2026-09-11 09:27:32,790,49.04889406286383,1443.3588474970893,21.06795110593711,27.67362048894104,81.0,35.0,20.0,64.38044237485447,17.654796274738047,1.8910100614280043,0.0259,10885.7,0,urban,S2_DN3_vest_dus,0.4663,0.5812,1.2304,4.5914,0.4696,1.2392
DIESEL_Constanta-DN3-Murfatlar-retur,09-10,2026-09-11 09:27:33,791,50.0,1439.1798669891173,20.38498186215235,35.96548972188647,81.22128174123337,35.0,20.0,64.35405078597339,17.034171704957675,1.9603981604147087,0.1321,10899.6,0,urban,S2_DN3_vest_dus,0.7928,0.582,2.0918,4.4425,0.7149,1.8864
DIESEL_Constanta-DN3-Murfatlar-retur,09-10,2026-09-11 09:27:34,792,50.0,1447.067,20.76032,24.95559999999997,82.0,35.0,20.0,65.3508,17.26,3.002088751178197,0.0,10913.4,0,urban,S2_DN3_vest_dus,0.3422,0.5823,0.9029,4.5243,0.425,1.1215
DIESEL_Constanta-DN3-Murfatlar-retur,09-10,2026-09-11 09:27:35,793,50.0,1438.7666666666669,20.596,27.61066666666669,81.73333333333335,35.0,20.0,64.52666666666669,17.26,1.6629595407429631,0.0,10927.3,0,urban,S2_DN3_vest_dus,0.4711,0.5828,1.243,4.4885,0.425,1.1215
DIESEL_Constanta-DN3-Murfatlar-retur,09-10,2026-09-11 09:27:36,794,50.0,1437.4315415821488,20.64681541582149,26.18903651115557,81.02129817444215,35.0,20.0,63.5149087221095,17.25680527383368,2.344362247596079,0.0,10941.2,0,urban,S2_DN3_vest_dus,0.3933,0.5832,1.0378,4.4996,0.425,1.1215
DIESEL_Constanta-DN3-Murfatlar-retur,09-10,2026-09-11 09:27:37,795,50.0,1467.7110817941962,20.942915567282338,39.484525065963794,82.0,35.0,20.0,64.32467018469647,17.11,2.793436833673714,0.0,10955.1,0,urban,S2_DN3_vest_dus,1.0288,0.5842,2.7147,4.5641,0.425,1.1215
DIESEL_Constanta-DN3-Murfatlar-retur,09-10,2026-09-11 09:27:38,796,50.0,1444.0893999999996,20.609944,22.43313600000026,81.77839999999996,35.0,20.0,66.70055999999997,17.174264000000008,2.358537684076905,0.0,10969.0,0,urban,S2_DN3_vest_dus,0.1961,0.5844,0.5174,4.4915,0.425,1.1215
DIESEL_Constanta-DN3-Murfatlar-retur,09-10,2026-09-11 09:27:39,797,50.0,1436.264429530201,20.645570469798603,28.282402684563824,81.0,35.0,20.0,65.92389261744954,17.373906040268412,2.5671932272057227,0.0,10982.9,0,urban,S2_DN3_vest_dus,0.4462,0.5848,1.1774,4.4993,0.425,1.1215
DIESEL_Constanta-DN3-Murfatlar-retur,09-10,2026-09-11 09:27:40,798,50.0,1434.6191646191653,20.06027027027032,28.684791154791057,81.0,35.0,20.0,64.24643734643739,16.88093366093369,1.9995573415277803,-0.0085,10996.8,0,urban,S2_DN3_vest_dus,0.5241,0.5854,1.3829,4.3718,0.4064,1.0723
DIESEL_Constanta-DN3-Murfatlar-retur,09-10,2026-09-11 09:27:41,799,49.9385080645161,1451.1222278225812,21.18336693548388,26.96977822580681,81.0614919354839,35.0,20.0,65.41229838709678,17.558608870967745,2.558758564543792,-0.1268,11010.6,0,urban,S2_DN3_vest_dus,0.4135,0.5858,1.0909,4.6165,0.1464,0.3863
DIESEL_Constanta-DN3-Murfatlar-retur,09-10,2026-09-11 09:27:42,800,49.08679245283015,1467.121698113208,21.517433962264164,36.90098113207586,82.0,35.0,20.0,65.55660377358492,17.67784905660378,1.680597857445725,0.0459,11024.3,0,urban,S2_DN3_vest_dus,0.908,0.5867,2.3959,4.6893,0.5132,1.3542
DIESEL_Constanta-DN3-Murfatlar-retur,09-10,2026-09-11 09:27:43,801,50.26915520628683,1457.60510805501,21.498015717092333,28.91502946954813,81.73084479371317,35.0,20.0,64.88467583497054,17.706110019646363,1.9929180989224071,0.302,11038.2,0,urban,S2_DN3_vest_dus,0.5047,0.5872,1.3318,4.6851,1.0945,2.888
DIESEL_Constanta-DN3-Murfatlar-retur,09-10,2026-09-11 09:27:44,802,51.26095820591231,1472.9378185524963,21.941253822629985,30.574138634046687,81.0,35.0,20.0,64.24780835881754,17.902966360856293,2.972333622600295,0.1597,11052.5,0,urban,S2_DN3_vest_dus,0.6035,0.5878,1.5924,4.7817,0.7995,2.1096
DIESEL_Constanta-DN3-Murfatlar-retur,09-10,2026-09-11 09:27:45,803,51.41921858500533,1489.3930834213313,21.47063357972545,31.63702217529077,81.29039070749734,35.0,20.0,64.3613516367476,17.34421330517423,3.1299517992588552,-0.097,11066.8,0,urban,S2_DN3_vest_dus,0.6634,0.5885,1.7505,4.6791,0.2233,0.5891
DIESEL_Constanta-DN3-Murfatlar-retur,09-10,2026-09-11 09:27:46,804,50.562607204116624,1474.7122641509432,21.49346483704974,24.42288164665513,82.0,35.0,20.0,64.94373927958834,17.55,2.502646368982938,0.0807,11080.8,0,urban,S2_DN3_vest_dus,0.3214,0.5888,0.8481,4.6841,0.6108,1.6118
DIESEL_Constanta-DN3-Murfatlar-retur,09-10,2026-09-11 09:27:47,805,52.0,1489.9417555373252,21.684577522559444,33.20771944216562,82.0,35.0,20.0,65.09237079573425,17.452986054142723,3.2351452627969657,0.1996,11095.3,0,urban,S2_DN3_vest_dus,0.7866,0.5896,2.0756,4.7257,0.9049,2.3876
DIESEL_Constanta-DN3-Murfatlar-retur,09-10,2026-09-11 09:27:48,806,52.0,1474.150123051682,20.601722723543904,29.98376538146026,82.0,35.0,20.0,66.89712879409349,16.85413453650534,2.4217644393787947,-0.046,11109.7,0,urban,S2_DN3_vest_dus,0.5796,0.5901,1.5294,4.4898,0.3444,0.9087
DIESEL_Constanta-DN3-Murfatlar-retur,09-10,2026-09-11 09:27:49,807,51.66850828729277,1474.3011049723757,21.21254143646407,23.584309392265407,82.0,35.0,20.0,64.89944751381216,17.303867403314904,1.7896939460135028,-0.2653,11124.1,0,urban,S2_DN3_vest_dus,0.2729,0.5904,0.7201,4.6229,0.0694,0.1832
DIESEL_Constanta-DN3-Murfatlar-retur,09-10,2026-09-11 09:27:50,808,50.08997632202054,1466.2111286503552,20.46273875295976,31.31911602209934,82.0,35.0,20.0,65.37300710339385,16.846093133385956,1.5600167753657963,-0.2317,11138.0,0,urban,S2_DN3_vest_dus,0.6713,0.5911,1.7713,4.4595,0.0694,0.1832
DIESEL_Constanta-DN3-Murfatlar-retur,09-10,2026-09-11 09:27:51,809,50.0,1465.9916279069766,20.53276279069767,25.091255813953445,82.0,35.0,20.0,66.33320930232559,16.916306976744185,2.4495543349662827,0.0168,11151.9,0,urban,S2_DN3_vest_dus,0.315,0.5914,0.8311,4.4747,0.4619,1.2188
DIESEL_Constanta-DN3-Murfatlar-retur,09-10,2026-09-11 09:27:52,810,50.21107784431141,1468.1253742514966,20.87166167664671,29.139326347305303,82.0,35.0,20.0,66.27335329341317,17.171212574850305,2.1753296544305805,0.1333,11165.8,0,urban,S2_DN3_vest_dus,0.5279,0.5919,1.3928,4.5486,0.7213,1.9032
DIESEL_Constanta-DN3-Murfatlar-retur,09-10,2026-09-11 09:27:53,811,50.959580838323376,1459.704715568862,20.983937125748504,26.79651197604784,82.0,35.0,20.0,65.82425149700597,17.388278443113776,2.1794710946624924,0.2485,11180.0,0,urban,S2_DN3_vest_dus,0.3862,0.5923,1.019,4.5731,0.9923,2.6184
DIESEL_Constanta-DN3-Murfatlar-retur,09-10,2026-09-11 09:27:54,812,52.0,1497.815709046455,22.024168704156462,35.029376528117126,81.75427872860632,35.0,20.0,65.07200488997557,17.618740831295835,2.8365700647202283,0.1037,11194.4,0,urban,S2_DN3_vest_dus,0.8533,0.5932,2.2516,4.7997,0.686,1.8101
DIESEL_Constanta-DN3-Murfatlar-retur,09-10,2026-09-11 09:27:55,813,51.70651340996167,1493.6547892720305,21.7828275862069,27.91321839080452,81.29348659003833,35.0,20.0,65.74674329501916,17.485111111111113,1.663331116000217,-0.1277,11208.8,0,urban,S2_DN3_vest_dus,0.4937,0.5937,1.3028,4.7472,0.1559,0.4114
DIESEL_Constanta-DN3-Murfatlar-retur,09-10,2026-09-11 09:27:56,814,51.08057851239667,1484.415805785124,21.810082644628128,24.94254132231387,82.0,35.0,20.0,66.22892561983467,17.619896694214898,1.9079276172205155,0.011,11223.0,0,urban,S2_DN3_vest_dus,0.346,0.594,0.9128,4.7531,0.4627,1.2209
DIESEL_Constanta-DN3-Murfatlar-retur,09-10,2026-09-11 09:27:57,815,51.7853658536585,1477.428048780488,20.651756097560973,30.93873170731689,82.0,35.0,20.0,67.71073170731708,16.804975609756095,1.5552414086763613,-0.1318,11237.3,0,urban,S2_DN3_vest_dus,0.6331,0.5946,1.6704,4.5007,0.1471,0.3882
DIESEL_Constanta-DN3-Murfatlar-retur,09-10,2026-09-11 09:27:58,816,50.13157894736846,1473.1381578947364,20.5776315789474,21.70894736842135,82.0,35.0,20.0,67.47105263157884,16.77473684210529,2.333744589611785,-0.1091,11251.3,0,urban,S2_DN3_vest_dus,0.176,0.5948,0.4644,4.4845,0.1866,0.4923
DIESEL_Constanta-DN3-Murfatlar-retur,09-10,2026-09-11 09:27:59,817,51.0,1468.5920941968038,21.18230445752733,31.026349873843404,82.0,35.0,20.0,65.7799831791421,17.4,1.8673108131853875,0.16,11265.4,0,urban,S2_DN3_vest_dus,0.6445,0.5955,1.7005,4.6163,0.7952,2.0982
DIESEL_Constanta-DN3-Murfatlar-retur,09-10,2026-09-11 09:28:00,818,51.28376844494893,1483.8240635641318,21.549988649262207,35.13345062429054,82.0,35.0,20.0,66.71350737797957,17.48229284903519,1.9519469119618984,0.1389,11279.7,0,urban,S2_DN3_vest_dus,0.8296,0.5963,2.1889,4.6964,0.7531,1.9872
DIESEL_Constanta-DN3-Murfatlar-retur,09-10,2026-09-11 09:28:01,819,52.0,1493.4497140133458,21.953365109628205,29.96952335557657,82.0,35.3517635843661,20.0,66.50753098188746,17.640753098188746,1.9457861073847624,0.0541,11294.1,0,urban,S2_DN3_vest_dus,0.6052,0.5969,1.5969,4.7843,0.5728,1.5114
DIESEL_Constanta-DN3-Murfatlar-retur,09-10,2026-09-11 09:28:02,820,51.673469387755055,1487.362244897959,21.47510204081629,26.029999999999912,82.0,36.0,20.0,65.89387755102044,17.360612244897933,1.6887953525257844,-0.1389,11308.5,0,urban,S2_DN3_vest_dus,0.4004,0.5973,1.0566,4.6801,0.1303,0.3438
DIESEL_Constanta-DN3-Murfatlar-retur,09-10,2026-09-11 09:28:03,821,51.0,1483.290513833992,20.83292490118576,25.024466403162087,82.0,36.0,20.0,66.3387351778656,16.89205533596837,2.0693443957854742,-0.0935,11322.6,0,urban,S2_DN3_vest_dus,0.3324,0.5976,0.8771,4.5401,0.2278,0.601
DIESEL_Constanta-DN3-Murfatlar-retur,09-10,2026-09-11 09:28:04,822,51.0,1479.9339788732393,20.513697183098618,25.84566901408449,82.0,36.0,20.0,65.91320422535213,16.731056338028196,2.012208428117788,0.0281,11336.8,0,urban,S2_DN3_vest_dus,0.3785,0.598,0.9988,4.4706,0.4999,1.3192
DIESEL_Constanta-DN3-Murfatlar-retur,09-10,2026-09-11 09:28:05,823,51.202175883952826,1483.394605621033,21.3348504079782,27.709891205802016,82.0,36.202175883952826,20.0,66.08032638259293,17.405566636446036,1.9201836628786653,0.1389,11351.0,0,urban,S2_DN3_vest_dus,0.4933,0.5985,1.3017,4.6495,0.7516,1.9833
DIESEL_Constanta-DN3-Murfatlar-retur,09-10,2026-09-11 09:28:06,824,52.0,1502.6868709972557,22.41074107959744,36.72800548947852,82.0,37.0,20.0,66.06825251601097,17.96462946020128,2.169115683245987,0.1108,11365.5,0,urban,S2_DN3_vest_dus,0.9602,0.5995,2.5336,4.884,0.7022,1.8529
DIESEL_Constanta-DN3-Murfatlar-retur,09-10,2026-09-11 09:28:07,825,52.0,1526.20652173913,22.65925069380204,38.44784458834353,82.02497687326553,37.0,20.0,65.04495837187797,17.843496762257175,2.61673037521966,0.0,11379.9,0,urban,S2_DN3_vest_dus,1.0536,0.6005,2.7801,4.9382,0.4494,1.1857
DIESEL_Constanta-DN3-Murfatlar-retur,09-10,2026-09-11 09:28:08,826,52.0,1515.3369565217388,22.631498612395927,24.66431082331137,82.95004625346904,37.0,20.0,66.71008325624426,17.973006475485665,2.0732943375055344,0.0,11394.4,0,urban,S2_DN3_vest_dus,0.3533,0.6009,0.9321,4.9321,0.4494,1.1857
DIESEL_Constanta-DN3-Murfatlar-retur,09-10,2026-09-11 09:28:09,827,52.0,1499.2543196544286,21.36807775377972,26.82309935205206,82.0,37.0,20.0,66.10021598272142,17.26,1.9229955409915225,0.0281,11408.8,0,urban,S2_DN3_vest_dus,0.4417,0.6013,1.1655,4.6568,0.5135,1.3549
DIESEL_Constanta-DN3-Murfatlar-retur,09-10,2026-09-11 09:28:10,828,52.20234375000002,1492.608398437501,21.31674218750002,25.92275000000025,82.0,37.20234375000002,20.0,65.62375000000003,17.318679687500005,1.9848037350295704,0.1366,11423.3,0,urban,S2_DN3_vest_dus,0.368,0.6017,0.971,4.6456,0.7648,2.0181
DIESEL_Constanta-DN3-Murfatlar-retur,09-10,2026-09-11 09:28:11,829,52.98359375000003,1528.7412109375016,22.23080468750004,38.172750000000505,82.0,37.98359375000003,20.0,66.87375000000006,17.54524218750001,2.593328309053195,0.0573,11438.0,0,urban,S2_DN3_vest_dus,1.058,0.6027,2.7918,4.8448,0.595,1.5699
DIESEL_Constanta-DN3-Murfatlar-retur,09-10,2026-09-11 09:28:12,830,52.61506849315066,1548.803938356164,24.038267123287653,34.355150684931274,82.0,38.0,20.0,66.4464383561644,18.73836986301369,2.6654424868575,0.1391,11452.6,0,urban,S2_DN3_vest_dus,0.8831,0.6036,2.3302,5.2387,0.7783,2.0535
DIESEL_Constanta-DN3-Murfatlar-retur,09-10,2026-09-11 09:28:13,831,53.98493150684936,1565.0710616438362,24.88073287671236,45.36884931506885,82.0,38.0,20.0,65.21356164383558,19.135630136986315,2.532406171136814,0.3731,11467.6,0,urban,S2_DN3_vest_dus,1.4449,0.6051,3.8125,5.4223,1.3586,3.5849
DIESEL_Constanta-DN3-Murfatlar-retur,09-10,2026-09-11 09:28:14,832,55.30134932533735,1592.601949025488,25.932443778110965,35.85881559220411,82.0,39.0,20.0,65.32323838080964,19.66739130434783,1.693381863057693,0.2799,11483.0,0,urban,S2_DN3_vest_dus,1.0103,0.6061,2.6658,5.6515,1.1714,3.0909
DIESEL_Constanta-DN3-Murfatlar-retur,09-10,2026-09-11 09:28:15,833,56.0,1622.25352112676,26.73866197183097,42.30887323943688,82.0,39.0,20.0,67.11971830985912,19.87,2.143364101307624,0.211,11498.6,0,urban,S2_DN3_vest_dus,1.3907,0.6075,3.6694,5.8272,1.0202,2.6918
DIESEL_Constanta-DN3-Murfatlar-retur,09-10,2026-09-11 09:28:16,834,56.820344544708746,1652.344134536505,27.637596390483985,38.15772764561096,82.0,39.41017227235437,20.0,67.5488105004102,20.107899917965536,2.069327627073901,0.3072,11514.3,0,urban,S2_DN3_vest_dus,1.2051,0.6087,3.1799,6.0231,1.279,3.3747
DIESEL_Constanta-DN3-Murfatlar-retur,09-10,2026-09-11 09:28:17,835,58.21191553544492,1677.0957767722462,28.426553544494706,44.18452488687793,82.0,40.0,20.0,66.79404223227755,20.38854449472097,1.547503258633898,0.298,11530.5,0,urban,S2_DN3_vest_dus,1.5505,0.6102,4.0912,6.195,1.2939,3.4142
DIESEL_Constanta-DN3-Murfatlar-retur,09-10,2026-09-11 09:28:18,836,58.96606334841632,1714.803167420816,28.84133484162897,40.92660633484151,82.0,40.0,20.0,66.41696832579184,20.16984162895927,1.4286851404490704,0.2944,11546.9,0,urban,S2_DN3_vest_dus,1.4554,0.6117,3.8401,6.2854,1.3054,3.4446
DIESEL_Constanta-DN3-Murfatlar-retur,09-10,2026-09-11 09:28:19,837,60.33140655105978,1745.7182080924863,29.406454720616576,36.08344894026959,82.0,40.33140655105978,20.0,66.7,20.11360308285164,2.080288329105391,0.3307,11563.7,0,rural,S2_DN3_vest_dus,1.2413,0.6129,3.2752,6.4086,1.4395,3.7983
DIESEL_Constanta-DN3-Murfatlar-retur,09-10,2026-09-11 09:28:20,838,61.34693877551023,1631.244897959176,26.988979591836586,39.44408163265341,82.0,41.0,20.0,66.66530612244898,19.91938775510204,2.57646164297234,0.189,11580.7,0,rural,S2_DN3_vest_dus,1.1382,0.6141,3.0033,5.8817,1.0883,2.8715
DIESEL_Constanta-DN3-Murfatlar-retur,09-10,2026-09-11 09:28:21,839,61.6925308194344,1397.6903553299492,22.54290065264683,47.42662799129823,82.0,41.0,20.0,66.63074691805656,19.90833212472805,2.724950539014488,-0.0178,11597.8,0,rural,S2_DN3_vest_dus,1.1842,0.6152,3.1247,4.9128,0.5366,1.4158
DIESEL_Constanta-DN3-Murfatlar-retur,09-10,2026-09-11 09:28:22,840,61.21844660194157,1405.2609223300958,23.81524271844601,42.37927184465922,82.0,41.07281553398053,20.0,66.79466019417468,20.33111650485435,1.7866611893537936,0.3205,11614.8,0,rural,S2_DN3_vest_dus,1.0508,0.6163,2.7726,5.1901,1.4385,3.7957
DIESEL_Constanta-DN3-Murfatlar-retur,09-10,2026-09-11 09:28:23,841,64.0,1434.4773936170216,30.18819148936163,53.32159574468074,82.0,42.0,20.0,67.31861702127658,20.6,1.7435771589160405,0.4106,11632.6,0,rural,S2_DN3_vest_dus,1.4544,0.6178,3.8377,6.5789,1.775,4.6835
DIESEL_Constanta-DN3-Murfatlar-retur,09-10,2026-09-11 09:28:24,842,64.1750788643533,1455.4250788643533,24.42783911671922,44.44831230283911,82.1750788643533,42.0,20.0,65.91750788643533,20.752318611987366,2.076261248783561,0.2485,11650.4,0,rural,S2_DN3_vest_dus,1.1987,0.6189,3.1629,5.3236,1.3245,3.4948
DIESEL_Constanta-DN3-Murfatlar-retur,09-10,2026-09-11 09:28:25,843,65.78908188585608,1476.7661290322578,29.34880893300245,50.97866004962775,82.60545905707197,42.0,20.0,66.23672456575682,21.18198511166253,2.582440459956217,0.3924,11668.7,0,rural,S2_DN3_vest_dus,1.4476,0.6204,3.8197,6.396,1.7847,4.709
DIESEL_Constanta-DN3-Murfatlar-retur,09-10,2026-09-11 09:28:26,844,67.0,1507.5181231380336,33.00024826216473,54.259424031777286,82.0,42.0,20.0,66.759682224429,20.894359483614704,3.3276378392867216,0.2118,11687.3,0,rural,S2_DN3_vest_dus,1.6113,0.622,4.2517,7.1918,1.2954,3.4181
DIESEL_Constanta-DN3-Murfatlar-retur,09-10,2026-09-11 09:28:27,845,67.31407942238262,1513.1164259927789,26.453826714801405,43.60288808664184,82.0,42.31407942238263,20.0,67.51407942238262,21.458194945848355,1.882789024517764,0.192,11706.0,0,rural,S2_DN3_vest_dus,1.2274,0.6232,3.2386,5.7651,1.2454,3.286
DIESEL_Constanta-DN3-Murfatlar-retur,09-10,2026-09-11 09:28:28,846,68.38222222222218,1545.7077777777758,27.060577777777773,52.3544000000003,82.0,43.0,20.0,67.93244444444447,21.53831111111114,2.467663453428244,0.2714,11725.0,0,rural,S2_DN3_vest_dus,1.6552,0.6249,4.3674,5.8973,1.5117,3.9888
DIESEL_Constanta-DN3-Murfatlar-retur,09-10,2026-09-11 09:28:29,847,69.26848591549292,1580.8970070422522,27.30599471830984,46.97543133802834,82.0,43.0,20.0,67.25836267605636,21.18,2.646397038941891,0.2466,11744.3,0,rural,S2_DN3_vest_dus,1.5434,0.6264,4.0724,5.9508,1.4631,3.8604
DIESEL_Constanta-DN3-Murfatlar-retur,09-10,2026-09-11 09:28:30,848,70.15764925373132,1603.3864272388064,27.944048507462675,42.6030223880598,82.0,43.15764925373133,20.0,66.77341417910445,21.31715485074625,1.9249144521860675,0.2747,11763.7,0,rural,S2_DN3_vest_dus,1.3914,0.6278,3.6713,6.0899,1.5757,4.1577
DIESEL_Constanta-DN3-Murfatlar-retur,09-10,2026-09-11 09:28:31,849,71.24650571791608,1594.792249047012,30.03819567979631,41.61257941550091,82.0,44.0,20.0,67.82325285895804,22.01425667090217,1.734335971302848,0.4458,11783.5,0,rural,S2_DN3_vest_dus,1.2592,0.6291,3.3224,6.5463,2.1445,5.6586
DIESEL_Constanta-DN3-Murfatlar-retur,09-10,2026-09-11 09:28:32,850,73.36773428232499,1659.2627520759183,36.71428232503021,59.5622775800725,82.36773428232499,44.0,20.0,68.11162514828003,21.59819691577701,1.8787509847499624,0.3824,11803.9,0,rural,S2_DN3_vest_dus,2.1691,0.6313,5.7234,8.0012,2.0236,5.3394
DIESEL_Constanta-DN3-Murfatlar-retur,09-10,2026-09-11 09:28:33,851,74.0,1667.8757847533634,30.01662780269056,39.49725560538127,82.58116591928253,44.418834080717474,20.0,68.10520179372193,21.86867264573989,1.5081448242933089,0.2229,11824.5,0,rural,S2_DN3_vest_dus,1.319,0.6326,3.4802,6.5416,1.529,4.0343
DIESEL_Constanta-DN3-Murfatlar-retur,09-10,2026-09-11 09:28:34,852,74.97237569060765,1681.299263351748,34.43296500920781,44.59476979742104,82.32412523020255,45.0,20.0,69.11104972375693,22.1600184162063,1.479543238598296,0.3733,11845.3,0,rural,S2_DN3_vest_dus,1.5855,0.6342,4.1835,7.504,2.0533,5.4179
DIESEL_Constanta-DN3-Murfatlar-retur,09-10,2026-09-11 09:28:35,853,76.68742655699182,1716.7491186839018,37.94284371327903,54.99514688601747,83.0,45.0,20.0,67.92491186839018,21.13311398354877,1.7025863915873791,0.1859,11866.6,0,rural,S2_DN3_vest_dus,2.1489,0.6363,5.6701,8.2689,1.4869,3.9235
DIESEL_Constanta-DN3-Murfatlar-retur,09-10,2026-09-11 09:28:36,854,76.31086142322097,1718.2921348314603,29.28902621722847,38.08947565543073,83.0,45.0,20.0,67.31760299625466,20.759550561797763,2.053628499105873,0.0301,11887.8,0,rural,S2_DN3_vest_dus,1.3053,0.6376,3.4441,6.383,0.954,2.5172
DIESEL_Constanta-DN3-Murfatlar-retur,09-10,2026-09-11 09:28:37,855,76.9038461538461,1737.572115384614,28.88115384615384,35.150769230768546,83.0,45.0,20.0,67.87692307692312,20.174423076923084,2.472034961400784,0.0459,11909.2,0,rural,S2_DN3_vest_dus,1.1708,0.6388,3.0893,6.2941,1.0208,2.6936
DIESEL_Constanta-DN3-Murfatlar-retur,09-10,2026-09-11 09:28:38,856,76.6413793103449,1724.5844827586218,31.54110344827621,31.72075862069073,83.0,45.0,20.0,68.74965517241381,20.43400000000001,2.1428132107414584,0.3096,11930.5,0,rural,S2_DN3_vest_dus,0.828,0.6396,2.1848,6.8738,1.9017,5.0177
DIESEL_Constanta-DN3-Murfatlar-retur,09-10,2026-09-11 09:28:39,857,79.13313161875942,1765.5760211800289,41.16308623298069,62.93402420574941,82.86686838124058,45.0,20.0,69.10030257186088,21.12164901664138,2.110016397077036,0.5534,11952.4,0,rural,S2_DN3_vest_dus,2.6373,0.6422,6.9587,8.9707,2.8371,7.4861
DIESEL_Constanta-DN3-Murfatlar-retur,09-10,2026-09-11 09:28:40,858,80.62609970674488,1818.287390029326,39.562294721407774,56.525931085044114,82.31304985337245,45.0,20.0,67.36173020527858,23.174706744868047,2.9959613333705586,0.4147,11974.8,0,rural,S2_DN3_vest_dus,2.4216,0.6447,6.3896,8.6219,2.4168,6.3771
DIESEL_Constanta-DN3-Murfatlar-retur,09-10,2026-09-11 09:28:41,859,82.11875589066915,1846.192035815273,51.89180961357225,67.37447690857692,83.0,45.0,20.0,66.61969839773793,24.31834118755892,1.806244689643468,0.469,11997.6,0,rural,S2_DN3_vest_dus,2.9646,0.6476,7.8225,11.3088,2.675,7.0582
DIESEL_Constanta-DN3-Murfatlar-retur,09-10,2026-09-11 09:28:42,860,84.00291970802913,1548.2981751824807,40.95364963503736,59.96566423357745,83.0,44.99708029197088,20.0,70.09416058394174,23.49702189781029,2.031256198887376,0.3624,12021.0,0,rural,S2_DN3_vest_dus,1.9545,0.6496,5.1572,8.9251,2.3667,6.2448
DIESEL_Constanta-DN3-Murfatlar-retur,09-10,2026-09-11 09:28:43,861,84.72813036020584,1560.7399228130362,28.48834476843911,44.18642367066905,83.0,44.0,20.0,68.39905660377357,22.48,2.722423324247398,0.038,12044.5,0,rural,S2_DN3_vest_dus,1.3255,0.6509,3.4974,6.2085,1.1901,3.1402
DIESEL_Constanta-DN3-Murfatlar-retur,09-10,2026-09-11 09:28:44,862,84.27655677655669,1556.8793498168477,30.2748351648346,39.02430402930236,83.0,44.0,20.0,69.13086080586083,22.60030219780216,2.25555568316171,0.2026,12067.9,0,rural,S2_DN3_vest_dus,1.0644,0.652,2.8086,6.5978,1.7868,4.7147
DIESEL_Constanta-DN3-Murfatlar-retur,09-10,2026-09-11 09:28:45,863,86.18670886075941,1602.573971518986,42.32974683544301,74.58281645569618,83.0,44.0,20.0,68.58797468354436,23.322927215189885,3.249782090344365,0.5171,12091.9,0,rural,S2_DN3_vest_dus,2.5985,0.6546,6.8563,9.225,3.0421,8.0268
DIESEL_Constanta-DN3-Murfatlar-retur,09-10,2026-09-11 09:28:46,864,88.0,1632.8092105263158,37.08931578947367,60.839421052631565,83.0,44.0,20.0,68.53378947368421,22.73637894736842,2.1061059521693046,0.1896,12116.3,0,rural,S2_DN3_vest_dus,2.1457,0.6567,5.6617,8.0829,1.8662,4.924
DIESEL_Constanta-DN3-Murfatlar-retur,09-10,2026-09-11 09:28:47,865,87.55169172932332,1630.8703007518798,30.13035714285714,32.940986842105445,83.0,44.0,20.0,68.54473684210528,22.532772556390974,1.891701528507423,-0.0188,12140.6,0,rural,S2_DN3_vest_dus,0.8571,0.6576,2.2616,6.5663,1.0497,2.7697
DIESEL_Constanta-DN3-Murfatlar-retur,09-10,2026-09-11 09:28:48,866,87.86492146596858,1642.629581151832,34.88516230366485,48.03289005235557,83.0,43.56753926701571,20.0,67.64869109947642,22.207801047120427,2.072615522576286,0.2641,12165.0,0,rural,S2_DN3_vest_dus,1.1903,0.6588,3.1406,7.6026,2.1487,5.6696
DIESEL_Constanta-DN3-Murfatlar-retur,09-10,2026-09-11 09:28:49,867,89.4530168150346,1673.545252225519,34.80222551928804,66.37053412462967,83.0,43.0,20.0,67.8204747774481,20.74517309594464,1.9316144150849,0.1859,12189.9,0,rural,S2_DN3_vest_dus,2.158,0.6609,5.6941,7.5845,1.9032,5.0218
DIESEL_Constanta-DN3-Murfatlar-retur,09-10,2026-09-11 09:28:50,868,89.2032085561497,1664.6189839572185,32.74687165775424,31.74221925133633,83.0,43.0,20.0,67.83663101604282,20.622967914438536,2.0111250963619614,-0.1039,12214.7,0,rural,S2_DN3_vest_dus,0.9868,0.6619,2.6039,7.1366,0.7598,2.0047
DIESEL_Constanta-DN3-Murfatlar-retur,09-10,2026-09-11 09:28:51,869,88.70498915401309,1644.4780368763563,35.22395878524885,26.95067245119472,82.64750542299345,43.0,20.0,68.7122559652928,20.632017353579048,1.953150217632729,0.0341,12239.3,0,rural,S2_DN3_vest_dus,0.556,0.6625,1.467,7.6764,1.2857,3.3924
DIESEL_Constanta-DN3-Murfatlar-retur,09-10,2026-09-11 09:28:52,870,89.44870041039668,1651.003077975376,25.45430232558141,44.82233242134009,82.27564979480165,43.0,20.0,68.41347469220248,18.761224350205207,2.212050140237874,-0.0867,12264.1,0,rural,S2_DN3_vest_dus,1.1773,0.6636,3.1063,5.5473,0.8329,2.1977
DIESEL_Constanta-DN3-Murfatlar-retur,09-10,2026-09-11 09:28:53,871,88.08071135430913,1641.085157318741,26.03569767441862,21.751196990423374,82.95964432284543,43.0,20.0,69.43946648426815,19.26054035567717,2.8536141119092626,-0.0623,12288.6,0,rural,S2_DN3_vest_dus,0.1847,0.6638,0.4875,5.674,0.8952,2.3621
DIESEL_Constanta-DN3-Murfatlar-retur,09-10,2026-09-11 09:28:54,872,89.0,1645.2881745120546,37.032250287027175,58.69106773823313,83.0,42.0,20.0,67.36061997703786,20.40962112514364,2.0787964688421408,0.0872,12313.3,0,rural,S2_DN3_vest_dus,2.1278,0.666,5.6145,8.0705,1.5016,3.962
DIESEL_Constanta-DN3-Murfatlar-retur,09-10,2026-09-11 09:28:55,873,88.70837988826818,1648.781843575419,29.20272625698284,31.241877094973027,83.0,42.0,20.0,67.78748603351954,19.111162011173125,1.7573181763270034,-0.0926,12338.0,0,rural,S2_DN3_vest_dus,0.9385,0.6669,2.4764,6.3642,0.7925,2.0911
DIESEL_Constanta-DN3-Murfatlar-retur,09-10,2026-09-11 09:28:56,874,88.33333333333333,1645.5,34.52333333333333,23.53,83.0,42.0,20.0,68.83333333333333,20.113333333333333,2.266696083391297,0.0405,12362.5,0,rural,S2_DN3_vest_dus,0.5678,0.6675,1.4982,7.5237,1.2999,3.4298
DIESEL_Constanta-DN3-Murfatlar-retur,09-10,2026-09-11 09:28:57,875,89.0,1656.6239476145931,26.313947614593065,49.699522918615415,83.25070159027129,41.74929840972871,20.0,69.82310570626751,19.184284377923284,2.3205973749635773,0.0691,12387.2,0,rural,S2_DN3_vest_dus,1.6244,0.6691,4.286,5.7346,1.4309,3.7755
DIESEL_Constanta-DN3-Murfatlar-retur,09-10,2026-09-11 09:28:58,876,88.83049403747874,1651.3894804088595,25.688347529812503,37.98820272572468,83.83049403747874,41.0,20.0,67.96950596252125,18.838679727427515,1.5137645297507971,-0.1301,12411.9,0,rural,S2_DN3_vest_dus,1.1955,0.6703,3.1544,5.5983,0.6491,1.7128
DIESEL_Constanta-DN3-Murfatlar-retur,09-10,2026-09-11 09:28:59,877,88.06345177664969,1632.1224619289333,28.44916243654793,23.56922588832375,83.0,40.96827411167516,20.0,68.84441624365478,20.862398477157388,1.789460048975403,0.128,12436.4,0,rural,S2_DN3_vest_dus,0.3164,0.6706,0.8349,6.2,1.6303,4.3017
DIESEL_Constanta-DN3-Murfatlar-retur,09-10,2026-09-11 09:29:00,878,89.751832460733,1658.1295811518326,35.405560209424266,54.357424083770056,83.0,40.0,20.0,69.7284816753927,19.91080628272252,3.558157995779075,0.1301,12461.3,0,rural,S2_DN3_vest_dus,1.9738,0.6726,5.208,7.716,1.6941,4.4701
DIESEL_Constanta-DN3-Murfatlar-retur,09-10,2026-09-11 09:29:01,879,89.0,1658.5827205882356,26.842132352941164,34.63044117647056,83.0,40.0,20.0,67.95441176470584,19.42794117647057,1.8426010202946084,-0.1663,12486.0,0,rural,S2_DN3_vest_dus,1.0507,0.6736,2.7725,5.8497,0.5114,1.3493
DIESEL_Constanta-DN3-Murfatlar-retur,09-10,2026-09-11 09:29:02,880,88.55449330783941,1645.4024856596563,30.337801147227424,23.28527724665424,83.0,40.0,20.0,67.74550669216059,18.948432122370946,1.6210777823900249,-0.1389,12510.6,0,rural,S2_DN3_vest_dus,0.5597,0.6742,1.4769,6.6115,0.609,1.6069
DIESEL_Constanta-DN3-Murfatlar-retur,09-10,2026-09-11 09:29:03,881,88.0,1626.4884615384613,31.701076923077128,22.85230769230688,83.3230769230769,40.0,20.0,68.23538461538462,18.56784615384616,1.4506730602722642,-0.1009,12535.1,0,rural,S2_DN3_vest_dus,0.5096,0.6747,1.3446,6.9086,0.7442,1.9636
DIESEL_Constanta-DN3-Murfatlar-retur,09-10,2026-09-11 09:29:04,882,87.82783357245337,1631.9752510760402,24.887474892395986,46.35035868005726,83.82783357245337,40.0,20.0,68.35824964131994,18.34575322812052,1.6089661997616855,-0.0936,12559.5,0,rural,S2_DN3_vest_dus,1.4035,0.6761,3.7032,5.4238,0.7685,2.0277
DIESEL_Constanta-DN3-Murfatlar-retur,09-10,2026-09-11 09:29:05,883,87.32638888888887,1630.9427083333333,25.935624999999977,32.44861111111096,83.0,40.0,20.0,69.453125,19.18326388888888,1.9548656299403269,0.009,12583.7,0,rural,S2_DN3_vest_dus,0.8355,0.6769,2.2046,5.6522,1.1504,3.0355
DIESEL_Constanta-DN3-Murfatlar-retur,09-10,2026-09-11 09:29:06,884,87.89237288135597,1636.338559322034,27.37735593220337,41.70707627118652,83.0,40.0,20.0,69.1015677966102,20.19121186440677,1.6679040576059234,-0.0391,12608.1,0,rural,S2_DN3_vest_dus,1.3744,0.6783,3.6265,5.9664,0.9802,2.5863
DIESEL_Constanta-DN3-Murfatlar-retur,09-10,2026-09-11 09:29:07,885,87.04491525423728,1635.0673728813558,27.7502372881356,39.71555084745763,83.0,40.0,20.0,68.72021186440678,20.436974576271187,1.75125406666022,0.1538,12632.3,0,rural,S2_DN3_vest_dus,1.2675,0.6796,3.3443,6.0476,1.6961,4.4752
DIESEL_Constanta-DN3-Murfatlar-retur,09-10,2026-09-11 09:29:08,886,89.0,1643.2067819148936,33.867039007092245,47.19326241134762,83.42996453900709,40.0,20.0,69.74007092198582,20.181046099290786,1.8991244115204613,0.2343,12657.0,0,rural,S2_DN3_vest_dus,1.5937,0.6812,4.2051,7.3807,2.0761,5.4781
DIESEL_Constanta-DN3-Murfatlar-retur,09-10,2026-09-11 09:29:09,887,88.73157894736843,1650.7907894736843,26.681157894736845,29.85663157894746,83.73157894736843,40.0,20.0,68.86842105263156,19.399736842105263,1.5692735940489422,-0.1427,12681.7,0,rural,S2_DN3_vest_dus,0.7262,0.6819,1.9162,5.8147,0.5979,1.5777
DIESEL_Constanta-DN3-Murfatlar-retur,09-10,2026-09-11 09:29:10,888,87.97264437689965,1639.521276595744,26.237264437689827,20.840547112462698,83.0,40.0,20.0,69.60547112462007,19.23036474164125,1.431727231618437,-0.2462,12706.1,0,rural,S2_DN3_vest_dus,0.1521,0.6821,0.4012,5.7179,0.1826,0.4818
DIESEL_Constanta-DN3-Murfatlar-retur,09-10,2026-09-11 09:29:11,889,86.95922528032624,1621.2869520897054,23.430927624872137,35.83655453618849,83.0,40.0,20.0,69.76330275229361,17.192772680937743,1.81450280012254,-0.251,12730.3,0,rural,S2_DN3_vest_dus,1.0288,0.6831,2.7146,5.1063,0.1483,0.3913
DIESEL_Constanta-DN3-Murfatlar-retur,09-10,2026-09-11 09:29:12,890,86.1652661064425,1595.4768907563014,35.04996265172733,15.38979458449886,83.0550887021475,39.9449112978525,20.0,68.9,19.14,2.706266119322477,0.2788,12754.2,0,rural,S2_DN3_vest_dus,0.1286,0.6832,0.3393,7.6385,2.1398,5.6462
DIESEL_Constanta-DN3-Murfatlar-retur,09-10,2026-09-11 09:29:13,891,88.966386554622,1641.695378151263,36.235770308123314,76.9117366946813,83.98879551820734,39.01120448179267,20.0,68.9,19.14,3.026034022905073,0.0976,12778.9,0,rural,S2_DN3_vest_dus,2.3082,0.6855,6.0904,7.8969,1.5411,4.0664
DIESEL_Constanta-DN3-Murfatlar-retur,09-10,2026-09-11 09:29:14,892,86.86800573888094,1637.3091822094698,25.118981348636943,20.441477761836435,83.0,39.13199426111906,20.0,68.27159253945477,18.494304160688603,1.8270356560146144,-0.3572,12803.1,0,rural,S2_DN3_vest_dus,0.1262,0.6856,0.3329,5.4742,0.0694,0.1832
DIESEL_Constanta-DN3-Murfatlar-retur,09-10,2026-09-11 09:29:15,893,86.3942115768463,1619.9009481037924,31.389351297405195,40.4156786427146,83.0,40.0,20.0,69.43942115768463,20.31839321357285,2.3735168412709178,0.0947,12827.1,0,rural,S2_DN3_vest_dus,0.9967,0.6866,2.6298,6.8407,1.4505,3.8274
DIESEL_Constanta-DN3-Murfatlar-retur,09-10,2026-09-11 09:29:16,894,87.5500349895032,1639.006473058083,33.970076976906675,63.36254023792796,83.2750174947516,40.0,20.0,69.66501049685095,19.478502449265225,2.101110218843602,0.3549,12851.4,0,rural,S2_DN3_vest_dus,2.1088,0.6887,5.5642,7.4031,2.4855,6.5584
DIESEL_Constanta-DN3-Murfatlar-retur,09-10,2026-09-11 09:29:17,895,88.94961511546543,1647.928796361092,27.049153254023416,44.97205738278416,83.97480755773272,40.0,20.0,70.08488453463963,19.57647305808258,2.6718261839215,-0.0513,12876.1,0,rural,S2_DN3_vest_dus,1.5348,0.6903,4.0498,5.8948,0.9593,2.5312
DIESEL_Constanta-DN3-Murfatlar-retur,09-10,2026-09-11 09:29:18,896,87.18061674008817,1644.0660792951544,28.68378854625541,26.91792951542012,84.0,40.0,20.0,69.34581497797356,20.97048458149773,1.771089211770441,-0.0906,12900.3,0,rural,S2_DN3_vest_dus,0.4741,0.6908,1.2511,6.2511,0.7654,2.0197
DIESEL_Constanta-DN3-Murfatlar-retur,09-10,2026-09-11 09:29:19,897,88.29724277067923,1645.4256893073302,27.004115669132467,47.778137188971016,84.0,40.0,20.0,69.42696704774715,19.758426361802275,2.1305999633887707,0.2485,12924.8,0,rural,S2_DN3_vest_dus,1.6915,0.6924,4.4632,5.885,2.1049,5.5539
DIESEL_Constanta-DN3-Murfatlar-retur,09-10,2026-09-11 09:29:20,898,88.96973772696707,1645.2575655682583,26.24419636852721,44.08613987895076,84.0,40.0,20.0,70.16671149966379,19.166630800268976,3.166068877853363,-0.0413,12949.5,0,rural,S2_DN3_vest_dus,1.5218,0.694,4.0154,5.7194,0.9989,2.6356
DIESEL_Constanta-DN3-Murfatlar-retur,09-10,2026-09-11 09:29:21,899,88.0,1646.293030869972,26.47637043966321,29.17176800748364,83.38914873713753,40.0,20.0,69.67240411599627,19.387549111318968,2.072682554632408,-0.1791,12974.0,0,rural,S2_DN3_vest_dus,0.694,0.6947,1.8312,5.77,0.4422,1.1667
DIESEL_Constanta-DN3-Murfatlar-retur,09-10,2026-09-11 09:29:22,900,87.68018433179726,1645.5023041474658,25.434599078341044,30.289493087557524,84.0,40.0,20.0,69.6202764976959,18.61973271889403,1.6557407999322449,-0.1,12998.3,0,rural,S2_DN3_vest_dus,0.7545,0.6954,1.9909,5.543,0.7405,1.9539
DIESEL_Constanta-DN3-Murfatlar-retur,09-10,2026-09-11 09:29:23,901,87.28021390374327,1634.8983957219257,24.88494117647056,32.16,84.0,40.0,20.0,68.99229946524058,18.292524064171097,1.7253312307043165,-0.0009,13022.6,0,rural,S2_DN3_vest_dus,0.8833,0.6963,2.3306,5.4232,1.1113,2.9322
DIESEL_Constanta-DN3-Murfatlar-retur,09-10,2026-09-11 09:29:24,902,87.67397806580261,1626.728813559322,25.304576271186445,34.71601196410755,84.0,40.0,20.0,69.8369890329013,18.71,2.6954436295097777,-0.0389,13046.9,0,rural,S2_DN3_vest_dus,1.0067,0.6973,2.6562,5.5147,0.9755,2.5739
DIESEL_Constanta-DN3-Murfatlar-retur,09-10,2026-09-11 09:29:25,903,87.0,1618.2875288683606,25.7362355658198,36.037921478060525,84.0,40.0,20.0,70.06120092378747,19.20011547344105,2.571336330708415,-0.0273,13071.1,0,rural,S2_DN3_vest_dus,1.0494,0.6984,2.7689,5.6087,1.0031,2.6467
DIESEL_Constanta-DN3-Murfatlar-retur,09-10,2026-09-11 09:29:26,904,87.47708333333334,1622.3375,32.012416666666745,41.94775000000018,84.0,40.47708333333334,20.0,70.33208333333332,20.086791666666667,2.3282064227325496,0.1389,13095.4,0,rural,S2_DN3_vest_dus,1.3261,0.6997,3.499,6.9765,1.6532,4.3621
DIESEL_Constanta-DN3-Murfatlar-retur,09-10,2026-09-11 09:29:27,905,88.0,1633.7940298507465,34.38913432835796,48.547044776118895,84.0,41.0,20.0,69.67432835820895,20.48332835820898,2.592182921598572,0.0972,13119.8,0,rural,S2_DN3_vest_dus,1.6672,0.7014,4.399,7.4945,1.5093,3.9824
DIESEL_Constanta-DN3-Murfatlar-retur,09-10,2026-09-11 09:29:28,906,88.17693169092946,1639.417413213886,30.709955207167,40.00863381858925,84.0,41.0,20.0,69.69384098544232,21.132620380739088,2.054275035454438,0.1389,13144.3,0,rural,S2_DN3_vest_dus,1.2511,0.7026,3.3012,6.6927,1.6762,4.4228
DIESEL_Constanta-DN3-Murfatlar-retur,09-10,2026-09-11 09:29:29,907,89.0,1649.3976833976833,38.59664092664098,53.34115830115836,84.0,41.0,20.0,69.15907335907336,21.491312741312743,1.9566900588434928,0.1143,13169.1,0,rural,S2_DN3_vest_dus,1.94,0.7045,5.1188,8.4114,1.6074,4.2413
DIESEL_Constanta-DN3-Murfatlar-retur,09-10,2026-09-11 09:29:30,908,89.0,1649.011583011583,29.03679536679512,41.53420849420819,84.0,41.0,20.0,69.0046332046332,21.043436293436283,2.320288562725929,0.1389,13193.8,0,rural,S2_DN3_vest_dus,1.4041,0.7059,3.7048,6.328,1.7035,4.4949
DIESEL_Constanta-DN3-Murfatlar-retur,09-10,2026-09-11 09:29:31,909,90.0,1657.7589285714284,27.834489795918387,39.80153061224495,83.0,41.0,20.0,69.10867346938775,20.2532142857143,1.6650213200891977,0.096,13218.8,0,rural,S2_DN3_vest_dus,1.3062,0.7073,3.4466,6.066,1.5677,4.1366
DIESEL_Constanta-DN3-Murfatlar-retur,09-10,2026-09-11 09:29:32,910,89.69116497263488,1659.610242376857,26.69575449569974,30.96482408131373,83.30883502736512,41.0,20.0,68.92353401094604,19.4045738858483,2.003881258163662,-0.122,13243.7,0,rural,S2_DN3_vest_dus,0.7803,0.708,2.0588,5.8178,0.6997,1.8463
DIESEL_Constanta-DN3-Murfatlar-retur,09-10,2026-09-11 09:29:33,911,89.12184873949579,1658.4495798319326,28.96857142857129,26.220462184873227,84.0,41.0,20.0,69.2609243697479,20.167436974789933,2.8619084313745287,0.0169,13268.5,0,rural,S2_DN3_vest_dus,0.3952,0.7084,1.0429,6.3132,1.2304,3.2465
DIESEL_Constanta-DN3-Murfatlar-retur,09-10,2026-09-11 09:29:34,912,89.81278538812786,1669.1301369863015,35.26643835616447,59.9426484018269,83.81278538812786,41.0,20.0,70.14931506849312,19.33095890410958,2.822346682762524,0.0214,13293.4,0,rural,S2_DN3_vest_dus,1.9682,0.7104,5.1932,7.6857,1.2677,3.3449
DIESEL_Constanta-DN3-Murfatlar-retur,09-10,2026-09-11 09:29:35,913,89.27559808612442,1663.3191387559816,27.684411483253594,32.24306220095758,83.27559808612442,41.0,20.0,71.21808612440185,20.08007655502392,2.0981243921282675,-0.0508,13318.2,0,rural,S2_DN3_vest_dus,0.7611,0.7112,2.0082,6.0333,0.9695,2.558
DIESEL_Constanta-DN3-Murfatlar-retur,09-10,2026-09-11 09:29:36,914,89.4470989761091,1673.4377133105777,29.84832764505157,42.08610921501476,84.0,41.0,20.0,68.95529010238909,19.507849829351468,2.4592099755360537,-0.1772,13343.0,0,rural,S2_DN3_vest_dus,1.2782,0.7124,3.3726,6.5049,0.4776,1.2602
DIESEL_Constanta-DN3-Murfatlar-retur,09-10,2026-09-11 09:29:37,915,88.0,1646.250000000001,32.47308641975285,20.89123456790219,84.0,41.0,20.0,68.96172839506171,19.11308641975313,2.5086307533876635,-0.1641,13367.5,0,rural,S2_DN3_vest_dus,0.4798,0.7129,1.266,7.0769,0.5001,1.3196
DIESEL_Constanta-DN3-Murfatlar-retur,09-10,2026-09-11 09:29:38,916,88.26535836177477,1657.6424914675763,27.96331911262801,43.51326791808903,84.0,41.0,20.0,69.15110921501712,20.39086177474405,2.454687194885105,0.1802,13392.0,0,rural,S2_DN3_vest_dus,1.5052,0.7144,3.9716,6.0941,1.8391,4.8526
DIESEL_Constanta-DN3-Murfatlar-retur,09-10,2026-09-11 09:29:39,917,89.2976445396146,1661.9130085653114,30.94489293361908,55.19448608137076,84.0,41.0,20.0,70.2958244111349,21.15947537473235,2.2606066058862413,0.3798,13416.8,0,rural,S2_DN3_vest_dus,1.9705,0.7164,5.1992,6.7439,2.6576,7.0123
DIESEL_Constanta-DN3-Murfatlar-retur,09-10,2026-09-11 09:29:40,918,91.0,1713.4606598984767,40.70426395939031,63.97954314720653,84.0,41.0,20.0,69.86649746192897,21.658578680203,2.8137104880617323,0.2,13442.1,0,autostrada,S2_DN3_vest_dus,2.3821,0.7188,6.2853,8.8707,2.0154,5.3178
DIESEL_Constanta-DN3-Murfatlar-retur,09-10,2026-09-11 09:29:41,919,90.73747016706444,1696.4803102625297,28.923818615751777,28.487422434367456,84.0,41.0,20.0,70.18496420047731,20.47484486873508,2.2165536030133683,-0.1389,13467.3,0,autostrada,S2_DN3_vest_dus,0.6845,0.7195,1.8061,6.3034,0.6561,1.7311
DIESEL_Constanta-DN3-Murfatlar-retur,09-10,2026-09-11 09:29:42,920,90.0,1674.8673387096774,26.76291935483875,24.619725806451395,84.0,41.0,20.0,69.76209677419352,19.190887096774222,2.0096022458005263,-0.1225,13492.3,0,rural,S2_DN3_vest_dus,0.3983,0.7199,1.0509,5.8325,0.7047,1.8593
DIESEL_Constanta-DN3-Murfatlar-retur,09-10,2026-09-11 09:29:43,921,89.85539714867613,1678.7530549898167,25.29160896130353,34.12,84.0,41.0,20.0,70.84338085539716,18.14773930753569,1.8264158318128016,-0.1014,13517.3,0,rural,S2_DN3_vest_dus,1.0094,0.7209,2.6635,5.5118,0.7846,2.0703
DIESEL_Constanta-DN3-Murfatlar-retur,09-10,2026-09-11 09:29:44,922,89.2695871946082,1681.665332771693,26.88648694187024,36.92101095197919,84.0,41.0,20.0,70.8438921651222,19.199309182813803,1.5509210321086715,0.1527,13542.1,0,rural,S2_DN3_vest_dus,1.1115,0.722,2.9328,5.8594,1.7666,4.6614
DIESEL_Constanta-DN3-Murfatlar-retur,09-10,2026-09-11 09:29:45,923,90.95450716090978,1690.5111625947764,27.552030328559365,54.42732940185265,84.0,41.0,20.0,69.2432181971357,19.569991575400152,1.5976274793854683,0.0729,13567.3,0,autostrada,S2_DN3_vest_dus,1.7493,0.7237,4.6157,6.0044,1.5063,3.9746
DIESEL_Constanta-DN3-Murfatlar-retur,09-10,2026-09-11 09:29:46,924,89.7943201376936,1675.5531411359725,26.884122203098137,25.79978485370051,83.2056798623064,40.20567986230639,20.0,70.04397590361448,19.238588640275413,1.7628826701300957,-0.2616,13592.3,0,rural,S2_DN3_vest_dus,0.4917,0.7242,1.2975,5.8589,0.1519,0.4007
DIESEL_Constanta-DN3-Murfatlar-retur,09-10,2026-09-11 09:29:47,925,89.07123034227567,1670.6026827012026,28.61975948196112,27.7244958371877,84.0,41.0,20.0,70.61424606845513,20.04603145235893,1.829447370961279,0.0281,13617.0,0,rural,S2_DN3_vest_dus,0.5675,0.7248,1.4973,6.2371,1.2728,3.3583
DIESEL_Constanta-DN3-Murfatlar-retur,09-10,2026-09-11 09:29:48,926,89.99629972247916,1691.4167437557812,36.4088436632746,56.74392229417151,84.0,41.0,20.0,70.79925994449583,18.565920444033328,2.670986320558874,0.0778,13642.0,0,rural,S2_DN3_vest_dus,2.2016,0.727,5.8092,7.9346,1.4957,3.9466
DIESEL_Constanta-DN3-Murfatlar-retur,09-10,2026-09-11 09:29:49,927,89.63130792996915,1668.0069515962923,26.259474768280068,25.779423274974206,84.0,41.0,20.0,70.4078269824923,18.9514933058702,2.5273761302115294,-0.2135,13666.9,0,rural,S2_DN3_vest_dus,0.5164,0.7275,1.3624,5.7228,0.3384,0.893
DIESEL_Constanta-DN3-Murfatlar-retur,09-10,2026-09-11 09:29:50,928,88.45916114790283,1669.790838852097,27.62960264900664,32.46203090507679,84.0,41.0,20.0,70.16070640176599,19.88684326710818,3.173116914181278,0.0512,13691.5,0,rural,S2_DN3_vest_dus,0.8285,0.7283,2.1862,6.0213,1.345,3.549
DIESEL_Constanta-DN3-Murfatlar-retur,09-10,2026-09-11 09:29:51,929,90.0,1677.059621289663,26.982732855680663,48.28713408393018,84.0,41.0,20.0,70.45271238485157,19.39363357215967,3.784341858649909,0.169,13716.5,0,rural,S2_DN3_vest_dus,1.6644,0.73,4.3918,5.8804,1.8561,4.8974
DIESEL_Constanta-DN3-Murfatlar-retur,09-10,2026-09-11 09:29:52,930,89.67629482071709,1690.194970119521,28.012211155378587,36.66589641434184,84.0,40.67629482071709,20.0,70.32081673306779,19.947121513944303,3.345328939083876,-0.0176,13741.4,0,rural,S2_DN3_vest_dus,1.1688,0.7312,3.084,6.1047,1.1103,2.9296
DIESEL_Constanta-DN3-Murfatlar-retur,09-10,2026-09-11 09:29:53,931,89.87307343608343,1684.6486854034454,33.28049864007261,36.14879419764309,84.0,40.0,20.0,70.7052583862194,21.27925657298277,2.5661844347558835,0.2901,13766.3,0,rural,S2_DN3_vest_dus,0.9948,0.7322,2.6249,7.2529,2.3293,6.146
DIESEL_Constanta-DN3-Murfatlar-retur,09-10,2026-09-11 09:29:54,932,91.76483279395904,1710.4379719525346,38.73642934196358,63.23072276159692,84.0,40.0,20.0,69.71165048543688,20.80373247033444,2.133296820244821,0.1078,13791.8,0,autostrada,S2_DN3_vest_dus,2.4569,0.7346,6.4828,8.4419,1.6726,4.4133
DIESEL_Constanta-DN3-Murfatlar-retur,09-10,2026-09-11 09:29:55,933,90.6493975903614,1713.3593373493954,32.76057831325361,34.6261084337331,84.3506024096386,40.35060240963861,20.0,70.18963855421684,20.08837349397597,1.5094223493289922,-0.1894,13817.0,0,autostrada,S2_DN3_vest_dus,1.1881,0.7358,3.135,7.1395,0.4532,1.1958
DIESEL_Constanta-DN3-Murfatlar-retur,09-10,2026-09-11 09:29:56,934,90.4008695652174,1691.4182608695655,35.55033043478235,24.97576521739204,84.5991304347826,41.0,20.0,70.24095652173915,20.39261739130432,1.6781998109522007,0.0487,13842.1,0,autostrada,S2_DN3_vest_dus,0.7081,0.7365,1.8685,7.7475,1.3929,3.6754
DIESEL_Constanta-DN3-Murfatlar-retur,09-10,2026-09-11 09:29:57,935,91.0,1698.1337274774771,27.040698198198164,43.1582319819816,84.0,41.0,20.0,70.82995495495496,19.18433558558557,1.9325846442644323,0.0832,13867.4,0,autostrada,S2_DN3_vest_dus,1.5014,0.738,3.9615,5.893,1.5489,4.0869
DIESEL_Constanta-DN3-Murfatlar-retur,09-10,2026-09-11 09:29:58,936,91.0,1690.1291390728477,27.16913907284766,34.09417218543045,84.0,41.0,20.0,70.91788079470199,19.3885430463576,2.4432896229724155,0.0,13892.7,0,autostrada,S2_DN3_vest_dus,1.0291,0.739,2.7153,5.921,1.2166,3.2102
DIESEL_Constanta-DN3-Murfatlar-retur,09-10,2026-09-11 09:29:59,937,91.0,1697.2260504201677,29.14766386554632,37.00931092436888,84.0,41.10756302521004,20.0,71.32470588235297,20.717899159663936,3.1674676655776195,0.0,13918.0,0,autostrada,S2_DN3_vest_dus,1.1404,0.7402,3.009,6.3522,1.2166,3.2102
DIESEL_Constanta-DN3-Murfatlar-retur,09-10,2026-09-11 09:30:00,938,91.0,1701.9455170157066,27.474757853403165,44.399489528794845,84.0,42.3069371727749,20.0,70.85346858638745,19.514064136125675,1.7862484224981443,0.0,13943.2,0,autostrada,S2_DN3_vest_dus,1.2387,0.7414,3.2684,5.9876,1.2166,3.2102
DIESEL_Constanta-DN3-Murfatlar-retur,09-10,2026-09-11 09:30:01,939,91.0,1699.164103403141,28.017951570680648,22.84189790575848,84.0,42.96138743455499,20.0,71.1806937172775,19.991812827225147,2.5792499968456424,0.003,13968.5,0,autostrada,S2_DN3_vest_dus,0.2477,0.7417,0.6537,6.106,1.2286,3.2418
DIESEL_Constanta-DN3-Murfatlar-retur,09-10,2026-09-11 09:30:02,940,91.02182163187858,1683.1546489563575,27.78036053130928,46.82890891840582,85.0,44.02182163187858,20.0,70.30218216318785,20.000796963946847,2.2803731457324945,0.1348,13993.8,0,autostrada,S2_DN3_vest_dus,1.7541,0.7434,4.6285,6.0542,1.7557,4.6327
DIESEL_Constanta-DN3-Murfatlar-retur,09-10,2026-09-11 09:30:03,941,91.97058823529416,1711.617647058825,26.92647058823525,36.78147058823479,85.0,44.970588235294166,20.0,70.39705882352942,19.165882352941136,2.832426426933004,0.0141,14019.4,0,autostrada,S2_DN3_vest_dus,1.2154,0.7446,3.207,5.8681,1.3013,3.4336
DIESEL_Constanta-DN3-Murfatlar-retur,09-10,2026-09-11 09:30:04,942,91.12334801762108,1687.1244493392055,28.43378854625556,36.93546255506521,84.0,46.0,20.0,70.76167400881054,20.63268722466966,1.805901208796448,0.0041,14044.7,0,autostrada,S2_DN3_vest_dus,1.1581,0.7458,3.0559,6.1966,1.2365,3.2627
DIESEL_Constanta-DN3-Murfatlar-retur,09-10,2026-09-11 09:30:05,943,92.0,1704.725341972642,27.82833693304536,43.85144708423306,84.29013678905689,46.29013678905689,20.0,70.90986321094312,19.91352051835853,1.883825678091452,0.1218,14070.2,0,autostrada,S2_DN3_vest_dus,1.5286,0.7473,4.0333,6.0647,1.737,4.5833
DIESEL_Constanta-DN3-Murfatlar-retur,09-10,2026-09-11 09:30:06,944,92.0,1706.2606284658038,28.03837338262478,32.372975970425266,84.97412199630313,47.0,20.0,70.25434380776343,20.03863216266175,1.7230074820398722,0.0,14095.8,0,autostrada,S2_DN3_vest_dus,0.9578,0.7483,2.5272,6.1104,1.2452,3.2857
DIESEL_Constanta-DN3-Murfatlar-retur,09-10,2026-09-11 09:30:07,945,92.0,1702.19671314741,28.48187915006642,42.60738379814061,84.0,47.0,20.31407702523238,72.23718459495352,20.513864541832685,2.425556145172985,0.0,14121.3,0,autostrada,S2_DN3_vest_dus,1.5069,0.7498,3.976,6.2071,1.2452,3.2857
DIESEL_Constanta-DN3-Murfatlar-retur,09-10,2026-09-11 09:30:08,946,92.0,1712.6548804780875,27.95731075697212,47.295298804780806,84.0,47.0,20.97808764940238,72.10438247011952,20.035776892430285,2.1776063955652063,-0.0002,14146.9,0,autostrada,S2_DN3_vest_dus,1.7582,0.7515,4.6393,6.0928,1.2444,3.2835
DIESEL_Constanta-DN3-Murfatlar-retur,09-10,2026-09-11 09:30:09,947,91.99891774891778,1697.5105519480517,27.89181818181813,33.731688311688266,84.99891774891778,47.0,21.0,70.79989177489178,20.16110389610387,2.06191963886396,-0.1089,14172.4,0,autostrada,S2_DN3_vest_dus,1.0096,0.7526,2.6639,6.0785,0.8055,2.1254
DIESEL_Constanta-DN3-Murfatlar-retur,09-10,2026-09-11 09:30:10,948,91.21568627450982,1709.9730392156864,31.37205882352952,38.20823529411781,84.0,47.0,21.0,70.84019607843139,21.430196078431383,1.648610187815188,0.3963,14197.8,0,autostrada,S2_DN3_vest_dus,1.2853,0.7538,3.3914,6.8369,2.8093,7.4125
DIESEL_Constanta-DN3-Murfatlar-retur,09-10,2026-09-11 09:30:11,949,94.85204081632672,1767.5564868804702,49.07129008746384,72.31133381924302,84.26457725947525,47.264577259475246,21.0,71.7883381924198,24.34400145772604,1.9857050893177248,1.2137,14224.1,0,autostrada,S2_DN3_vest_dus,2.8074,0.7567,7.4075,10.6942,6.3822,16.8401
DIESEL_Constanta-DN3-Murfatlar-retur,09-10,2026-09-11 09:30:12,950,99.954081632653,1864.1308309037888,56.76079446064129,99.75302478134071,84.99344023323614,47.99344023323614,21.0,71.20524781341109,26.669074344023294,2.081491705924334,1.5355,14251.9,0,autostrada,S2_DN3_vest_dus,3.5891,0.7602,9.4702,12.3699,8.2279,21.7101
DIESEL_Constanta-DN3-Murfatlar-retur,09-10,2026-09-11 09:30:13,951,105.90756302520973,1967.0126050420104,67.68470588235246,100.0,85.0,48.0,21.0,71.31512605042016,29.993193277310816,3.116274889546337,1.8259,14281.3,0,autostrada,S2_DN3_vest_dus,4.3034,0.7645,11.3549,14.7506,10.187,26.8794
DIESEL_Constanta-DN3-Murfatlar-retur,09-10,2026-09-11 09:30:14,952,113.10021321961626,2094.514392324095,76.04718550106614,100.0,85.0,48.0,21.0,71.65202558635396,31.533006396588487,1.838239883405928,1.6166,14312.7,0,autostrada,S2_DN3_vest_dus,4.8378,0.7694,12.7649,16.573,10.0045,26.3979
DIESEL_Constanta-DN3-Murfatlar-retur,09-10,2026-09-11 09:30:15,953,117.5470737913487,2185.965012722648,78.85234096692113,100.0,84.61323155216283,48.0,21.0,71.1104325699745,31.225496183206083,2.209991388756943,0.9895,14345.4,0,autostrada,S2_DN3_vest_dus,5.0085,0.7744,13.2155,17.1844,7.2746,19.1946
DIESEL_Constanta-DN3-Murfatlar-retur,09-10,2026-09-11 09:30:16,954,120.22429149797574,2241.969433198381,77.60884210526291,94.10786234817728,84.22429149797574,48.0,21.0,70.19344129554663,29.884510121457385,2.4158254826886854,0.4796,14378.8,0,autostrada,S2_DN3_vest_dus,4.8067,0.7792,12.6828,16.9134,4.8209,12.7205
DIESEL_Constanta-DN3-Murfatlar-retur,09-10,2026-09-11 09:30:17,955,121.0,2261.6620418848165,70.63457591622962,71.8670471204176,85.0,48.043979057591656,21.0,71.86041884816751,27.28246073298421,1.5556834815403229,0.1077,14412.4,0,autostrada,S2_DN3_vest_dus,3.8526,0.783,10.1655,15.3935,2.8981,7.647
DIESEL_Constanta-DN3-Murfatlar-retur,09-10,2026-09-11 09:30:18,956,121.0,2258.391993957704,45.91679758308159,31.85099697885193,85.0,49.0,21.0,71.17522658610271,24.39610271903324,3.3984978276675624,0.0186,14446.0,0,autostrada,S2_DN3_vest_dus,1.2429,0.7843,3.2796,10.0067,2.425,6.3985
DIESEL_Constanta-DN3-Murfatlar-retur,09-10,2026-09-11 09:30:19,957,121.13371266002852,2246.1219772403992,44.42859174964486,40.84597439544974,85.0,49.0,21.0,73.10697012802281,22.7633997155048,2.123605942508795,-0.0299,14479.6,0,autostrada,S2_DN3_vest_dus,1.9143,0.7862,5.0512,9.6824,2.1735,5.7349
DIESEL_Constanta-DN3-Murfatlar-retur,09-10,2026-09-11 09:30:20,958,120.78445595854924,2241.63756476684,51.61473575129534,44.26347150259091,85.0,49.0,21.0,73.35430051813472,19.930777202072537,2.414500942235477,-0.3545,14513.2,0,autostrada,S2_DN3_vest_dus,1.9514,0.7882,5.149,11.2485,0.437,1.153
DIESEL_Constanta-DN3-Murfatlar-retur,09-10,2026-09-11 09:30:21,959,118.58112094395278,2207.196902654867,46.20926253687289,20.89949852507425,85.0,49.41887905604722,21.0,72.7,20.68601769911508,2.0888672881983408,-0.2591,14546.1,0,autostrada,S2_DN3_vest_dus,0.5814,0.7887,1.5341,10.0704,0.8673,2.2886
DIESEL_Constanta-DN3-Murfatlar-retur,09-10,2026-09-11 09:30:22,960,118.91910112359548,2203.36011235955,43.80099625468143,44.09224719101076,85.0,50.0,21.0,72.39363295880152,21.47826217228465,2.371058987896509,0.336,14579.2,0,autostrada,S2_DN3_vest_dus,2.0258,0.7908,5.3454,9.5456,3.9846,10.5138
DIESEL_Constanta-DN3-Murfatlar-retur,09-10,2026-09-11 09:30:23,961,121.0,2227.194680851064,54.65540425531888,65.89772340425574,85.0,49.92127659574472,21.0,71.81808510638292,21.36263829787224,3.902734080505352,0.289,14612.8,0,autostrada,S2_DN3_vest_dus,3.4352,0.7942,9.0641,11.9111,3.8609,10.1875
DIESEL_Constanta-DN3-Murfatlar-retur,09-10,2026-09-11 09:30:24,962,121.0,2239.7888692579504,58.32443462897515,56.53565371024733,85.0,49.0,21.0,72.92773851590105,23.34492932862189,2.032767319328182,-0.0005,14646.4,0,autostrada,S2_DN3_vest_dus,2.9835,0.7972,7.8723,12.7107,2.3235,6.1309
DIESEL_Constanta-DN3-Murfatlar-retur,09-10,2026-09-11 09:30:25,963,120.99616858237556,2251.147030651344,41.62385057471208,54.04036398467621,85.0,48.99616858237557,21.0,70.90019157088123,22.188065134099663,3.50520390512586,-0.2666,14680.0,0,autostrada,S2_DN3_vest_dus,2.6447,0.7998,6.9783,9.0711,0.9103,2.4019
DIESEL_Constanta-DN3-Murfatlar-retur,09-10,2026-09-11 09:30:26,964,119.080459770115,2199.662356321841,53.54913793103411,14.222356321840309,85.0,47.080459770115,21.0,70.99597701149425,21.22063218390808,2.3477576163432685,-0.2772,14713.1,0,autostrada,S2_DN3_vest_dus,0.1066,0.7999,0.2813,11.67,0.7895,2.0833
DIESEL_Constanta-DN3-Murfatlar-retur,09-10,2026-09-11 09:30:27,965,119.0,2202.2026218951246,36.7989972401104,46.03410303587807,85.0,45.79944802207905,21.0,71.60027598896048,19.85596136154553,3.168568054928319,-0.0112,14746.1,0,autostrada,S2_DN3_vest_dus,2.2394,0.8022,5.909,8.0196,2.1761,5.7419
DIESEL_Constanta-DN3-Murfatlar-retur,09-10,2026-09-11 09:30:28,966,119.0,2211.0254050073645,36.95103092783538,33.88923416789511,85.03240058910168,43.96759941089832,21.0,72.44491899852713,19.80970544919015,1.6230304983733477,0.0354,14779.2,0,autostrada,S2_DN3_vest_dus,1.4268,0.8036,3.7648,8.0528,2.4195,6.3841
DIESEL_Constanta-DN3-Murfatlar-retur,09-10,2026-09-11 09:30:29,967,119.25463994060874,2221.350779510022,44.79276169265003,51.987973273941954,85.49072011878253,42.74536005939127,21.0,70.74907201187825,21.7469265033408,1.6442362362422478,0.1385,14812.3,0,autostrada,S2_DN3_vest_dus,2.6831,0.8063,7.0796,9.7617,2.971,7.8393
DIESEL_Constanta-DN3-Murfatlar-retur,09-10,2026-09-11 09:30:30,968,119.99703043801038,2227.475501113586,53.63463251670362,56.06369710467698,84.00593912397925,42.00296956198962,21.0,70.60059391239791,20.45516703786194,1.688464254176839,0.0111,14845.6,0,autostrada,S2_DN3_vest_dus,2.9641,0.8092,7.8211,11.6887,2.3384,6.1701
DIESEL_Constanta-DN3-Murfatlar-retur,09-10,2026-09-11 09:30:31,969,119.3344509639564,2207.4373428331937,47.514266554903706,34.558650461022864,85.0,41.66554903604358,21.0,70.23344509639564,22.34097233864209,2.618073845502441,0.0302,14878.8,0,autostrada,S2_DN3_vest_dus,1.2234,0.8105,3.2281,10.3548,2.4079,6.3535
DIESEL_Constanta-DN3-Murfatlar-retur,09-10,2026-09-11 09:30:32,970,120.2148070907195,2225.4960896767466,60.23562043795621,64.20449426485925,85.0,41.0,21.0,70.5148070907195,22.950072992700733,2.132461914496765,0.2313,14912.2,0,autostrada,S2_DN3_vest_dus,3.4475,0.8139,9.0966,13.1272,3.5103,9.2622
DIESEL_Constanta-DN3-Murfatlar-retur,09-10,2026-09-11 09:30:33,971,121.0,2249.199453551912,62.64390163934407,64.6589071038254,84.73005464480877,41.0,21.0,71.13803278688526,23.570196721311405,2.328234026230319,0.1453,14945.8,0,autostrada,S2_DN3_vest_dus,3.4769,0.8174,9.1742,13.6521,3.0978,8.1739
DIESEL_Constanta-DN3-Murfatlar-retur,09-10,2026-09-11 09:30:34,972,121.26100628930816,2258.0007861635218,60.36323899371104,56.76132075471712,84.26100628930816,41.0,21.0,71.32641509433958,24.193081761006333,2.297769458088902,0.0382,14979.5,0,autostrada,S2_DN3_vest_dus,3.0063,0.8204,7.9324,13.155,2.5417,6.7064
DIESEL_Constanta-DN3-Murfatlar-retur,09-10,2026-09-11 09:30:35,973,121.27516778523544,2248.176174496655,42.41704697986592,46.73637583892851,85.0,40.959731543624194,21.0,73.07583892617451,21.82771812080554,2.3462875859832084,-1.4964,15013.2,0,autostrada,S2_DN3_vest_dus,2.3784,0.8228,6.2756,9.244,0.0694,0.1832
DIESEL_Constanta-DN3-Murfatlar-retur,09-10,2026-09-11 09:30:36,974,110.48670212765924,2046.519281914888,39.39627659574458,11.103749999999913,85.0,40.36037234042551,21.0,72.68829787234041,18.51925531914884,2.392307259380758,-2.6487,15043.9,0,autostrada,S2_DN3_vest_dus,0.0,0.8228,0.0,8.5857,0.0694,0.1832
DIESEL_Constanta-DN3-Murfatlar-retur,09-10,2026-09-11 09:30:37,975,102.20438957475992,1909.903978052126,35.80234567901233,9.91277091906722,85.0,40.0,21.0,72.7334705075446,15.97336076817558,2.210021268707848,-2.0471,15072.3,0,autostrada,S2_DN3_vest_dus,0.0,0.8228,0.0,7.8024,0.0694,0.1832
DIESEL_Constanta-DN3-Murfatlar-retur,09-10,2026-09-11 09:30:38,976,95.74749316317236,1786.1604375569752,30.02374658158617,11.37,85.0,40.0,21.0,72.0299908842298,14.36,1.6073598623801977,-1.1938,15098.8,0,autostrada,S2_DN3_vest_dus,0.0,0.8228,0.0,6.5431,0.0694,0.1832
DIESEL_Constanta-DN3-Murfatlar-retur,09-10,2026-09-11 09:30:39,977,93.6088840736728,1727.298754062839,29.099154929577463,11.064929577464795,85.0,39.60888407367282,21.0,70.36489707475621,14.473423618634882,1.769490242821418,-0.4784,15124.9,0,autostrada,S2_DN3_vest_dus,0.0,0.8228,0.0,6.3416,0.0694,0.1832
DIESEL_Constanta-DN3-Murfatlar-retur,09-10,2026-09-11 09:30:40,978,92.30310262529832,1713.7344868735083,27.281241050119306,14.004797136038237,85.0,39.0,21.0,71.57422434367543,15.357350835322206,1.974611577881089,-0.3382,15150.5,0,autostrada,S2_DN3_vest_dus,0.044,0.8228,0.116,5.9454,0.0694,0.1832
DIESEL_Constanta-DN3-Murfatlar-retur,09-10,2026-09-11 09:30:41,979,91.17353787152447,1719.946308724832,24.017852348993287,25.63084372003948,85.0,39.0,21.0,72.09089165867694,16.68,2.4297632275968764,-0.072,15175.8,0,autostrada,S2_DN3_vest_dus,0.367,0.8232,0.9685,5.2342,0.9334,2.463
DIESEL_Constanta-DN3-Murfatlar-retur,09-10,2026-09-11 09:30:42,980,91.78437499999994,1709.6054687499975,26.127031250000574,42.21728124999778,85.0,39.0,21.0,73.25875000000006,16.83525000000004,1.8855226470308235,-0.0794,15201.3,0,autostrada,S2_DN3_vest_dus,1.1877,0.8244,3.1338,5.6939,0.9192,2.4253
DIESEL_Constanta-DN3-Murfatlar-retur,09-10,2026-09-11 09:30:43,981,90.6019184652278,1675.160071942446,31.28712230215821,18.475635491606862,85.0,38.60191846522781,21.0,73.96115107913668,18.21208633093527,1.9428412693843704,-0.2087,15226.5,0,autostrada,S2_DN3_vest_dus,0.2763,0.8247,0.729,6.8184,0.3755,0.9908
DIESEL_Constanta-DN3-Murfatlar-retur,09-10,2026-09-11 09:30:44,982,90.2819634703196,1680.8818493150673,27.11360730593608,35.81724885844644,85.0,38.0,21.0,73.4590182648402,19.27364155251144,2.237856970359461,0.0553,15251.6,0,autostrada,S2_DN3_vest_dus,0.9786,0.8256,2.5822,5.9089,1.4155,3.735
DIESEL_Constanta-DN3-Murfatlar-retur,09-10,2026-09-11 09:30:45,983,91.0,1702.2359454855196,27.27337308347529,49.53464224872246,85.0,38.0,21.0,72.81558773424192,19.08068994889267,1.6901321615552158,0.0997,15276.8,0,autostrada,S2_DN3_vest_dus,1.6037,0.8272,4.2317,5.9437,1.6148,4.2608
DIESEL_Constanta-DN3-Murfatlar-retur,09-10,2026-09-11 09:30:46,984,91.0,1698.2876923076924,28.085579487179487,36.91463589743592,85.0,37.79794871794872,21.0,72.0585641025641,19.697189743589743,1.642301237697091,-0.035,15302.1,0,autostrada,S2_DN3_vest_dus,1.2095,0.8284,3.1914,6.1207,1.0768,2.8413
DIESEL_Constanta-DN3-Murfatlar-retur,09-10,2026-09-11 09:30:47,985,90.7482993197279,1693.248299319728,28.262040816326543,29.529523809523702,85.0,37.0,21.0,71.67619047619047,19.83027210884355,2.1226502352480057,-0.1389,15327.3,0,autostrada,S2_DN3_vest_dus,0.7112,0.8292,1.8765,6.1592,0.6563,1.7317
DIESEL_Constanta-DN3-Murfatlar-retur,09-10,2026-09-11 09:30:48,986,90.0,1689.2275419545902,26.88951628825271,36.323455083909,85.0,37.0,21.0,72.40138203356369,18.85,2.369949037409389,-0.0507,15352.3,0,rural,S2_DN3_vest_dus,1.1555,0.8303,3.0489,5.8601,0.9883,2.6076
DIESEL_Constanta-DN3-Murfatlar-retur,09-10,2026-09-11 09:30:49,987,90.38335287221572,1675.9454865181708,26.56599062133645,33.89833528722174,85.38335287221572,37.0,21.0,73.26002344665888,18.85,2.420929397547337,0.0934,15377.4,0,autostrada,S2_DN3_vest_dus,1.0137,0.8313,2.6746,5.7896,1.5697,4.1419
DIESEL_Constanta-DN3-Murfatlar-retur,09-10,2026-09-11 09:30:50,988,90.67265193370164,1667.7006215469614,26.256906077348063,34.597845303867246,85.67265193370164,37.32734806629836,21.0,73.60718232044198,18.804171270718232,2.393564598769208,-0.0532,15402.6,0,autostrada,S2_DN3_vest_dus,1.0358,0.8324,2.733,5.7222,0.9957,2.6271
DIESEL_Constanta-DN3-Murfatlar-retur,09-10,2026-09-11 09:30:51,989,90.0,1673.1127968337732,26.21525065963064,25.516754617413547,85.0,38.0,21.0,72.77941952506599,18.700052770448565,3.534078320424963,-0.139,15427.6,0,rural,S2_DN3_vest_dus,0.4676,0.8328,1.2338,5.7131,0.6395,1.6874
DIESEL_Constanta-DN3-Murfatlar-retur,09-10,2026-09-11 09:30:52,990,89.67156862745095,1666.704656862745,25.34348039215683,34.03137254901938,85.0,38.32843137254904,21.0,72.62696078431375,18.13426470588233,2.869120752825052,-0.1894,15452.5,0,rural,S2_DN3_vest_dus,0.9915,0.8338,2.6162,5.5231,0.434,1.1452
DIESEL_Constanta-DN3-Murfatlar-retur,09-10,2026-09-11 09:30:53,991,88.63607085346214,1654.8582930756843,24.82851851851853,26.307262479871145,85.0,39.0,21.0,72.73574879227051,17.97215780998391,1.858837747962064,-0.1962,15477.1,0,rural,S2_DN3_vest_dus,0.4989,0.8343,1.3165,5.4109,0.3878,1.0233
DIESEL_Constanta-DN3-Murfatlar-retur,09-10,2026-09-11 09:30:54,992,88.25925925925928,1642.7314814814815,25.381111111111093,29.394074074074585,85.0,39.0,21.0,72.15185185185193,18.55962962962961,1.9907051266491285,0.0121,15501.7,0,rural,S2_DN3_vest_dus,0.673,0.835,1.7757,5.5313,1.1877,3.1339
DIESEL_Constanta-DN3-Murfatlar-retur,09-10,2026-09-11 09:30:55,993,88.72337482710928,1638.6912171507608,25.235145228215742,39.79828492392839,85.0,39.0,21.0,73.44246196403878,18.450885200553227,2.0723932896343067,-0.0316,15526.3,0,rural,S2_DN3_vest_dus,1.2873,0.8363,3.3966,5.4995,1.0304,2.7187
DIESEL_Constanta-DN3-Murfatlar-retur,09-10,2026-09-11 09:30:56,994,88.03181189488247,1632.2942600276629,26.148008298755144,29.493997233748765,85.0,39.0,21.0,71.29861687413565,19.253098201936336,2.5091401106129463,0.0384,15550.8,0,rural,S2_DN3_vest_dus,0.7201,0.837,1.9,5.6985,1.2831,3.3856
DIESEL_Constanta-DN3-Murfatlar-retur,09-10,2026-09-11 09:30:57,995,89.0,1658.673076923077,28.28367892976588,47.19043478260869,85.0,39.0,21.0,72.29849498327764,20.503494983277587,1.982214574359442,0.1345,15575.5,0,rural,S2_DN3_vest_dus,1.6824,0.8387,4.4393,6.1639,1.6863,4.4495
DIESEL_Constanta-DN3-Murfatlar-retur,09-10,2026-09-11 09:30:58,996,89.0,1652.3305389221557,27.91838323353293,44.582263473054006,85.0,39.0,21.0,74.02742514970059,20.31,1.761576219104568,0.0,15600.2,0,rural,S2_DN3_vest_dus,1.5335,0.8402,4.0463,6.0843,1.161,3.0633
DIESEL_Constanta-DN3-Murfatlar-retur,09-10,2026-09-11 09:30:59,997,89.0,1658.9438736681886,27.70970319634706,35.85028919330306,85.0,39.0,21.0,73.8279299847793,20.025114155251163,2.0358708588226007,-0.0111,15624.9,0,rural,S2_DN3_vest_dus,1.0754,0.8413,2.8375,6.0388,1.1176,2.9489
DIESEL_Constanta-DN3-Murfatlar-retur,09-10,2026-09-11 09:31:00,998,88.9203007518797,1663.5962406015035,26.744135338345867,30.011909774436088,85.0,39.0,21.0,73.80436090225564,19.27804511278196,1.7061884731624055,-0.0834,15649.6,0,rural,S2_DN3_vest_dus,0.747,0.842,1.9711,5.8284,0.8333,2.1988
DIESEL_Constanta-DN3-Murfatlar-retur,09-10,2026-09-11 09:31:01,999,88.39958805355307,1644.6997940267763,26.541781668383127,35.04856848609741,85.0,39.0,21.0,73.57909371781676,19.31581874356335,2.769617326070292,0.0111,15674.2,0,rural,S2_DN3_vest_dus,1.0091,0.8431,2.6625,5.7843,1.1877,3.1339
DIESEL_Constanta-DN3-Murfatlar-retur,09-10,2026-09-11 09:31:02,1000,89.0,1651.426369863014,26.513690068493126,45.88,85.0,39.0,21.0,73.97174657534241,19.26939212328765,3.0417268025773305,0.0114,15698.9,0,rural,S2_DN3_vest_dus,1.5998,0.8447,4.2212,5.7782,1.2055,3.1808
DIESEL_Constanta-DN3-Murfatlar-retur,09-10,2026-09-11 09:31:03,1001,88.48178980228924,1653.9313215400616,29.349053069719325,37.14297606659658,85.0,39.0,21.0,72.61092611862645,19.27484911550473,1.594817865352398,-0.1581,15723.5,0,rural,S2_DN3_vest_dus,1.2153,0.8459,3.2068,6.3961,0.5329,1.4061
DIESEL_Constanta-DN3-Murfatlar-retur,09-10,2026-09-11 09:31:04,1002,87.86141575274178,1638.5523429710868,38.68869391824527,29.612283150548272,85.0,39.0,21.0,73.29900299102692,20.47364905284148,1.5760448896579948,0.1424,15747.9,0,rural,S2_DN3_vest_dus,0.6884,0.8466,1.8164,8.4315,1.6793,4.431
DIESEL_Constanta-DN3-Murfatlar-retur,09-10,2026-09-11 09:31:05,1003,89.50692041522494,1658.2783304498275,34.107586505190525,59.984333910035474,85.24653979238752,39.24653979238753,21.0,72.8,19.04553633217996,1.4928786519989998,0.0026,15772.8,0,rural,S2_DN3_vest_dus,1.8375,0.8484,4.8484,7.4331,1.1851,3.127
DIESEL_Constanta-DN3-Murfatlar-retur,09-10,2026-09-11 09:31:06,1004,87.88044485634846,1636.2882298424463,24.459768303985182,20.39,85.88044485634846,40.0,21.0,72.955421686747,17.995421686747,1.640351516005994,-0.3482,15797.2,0,rural,S2_DN3_vest_dus,0.1262,0.8485,0.3329,5.3305,0.0694,0.1832
DIESEL_Constanta-DN3-Murfatlar-retur,09-10,2026-09-11 09:31:07,1005,87.0,1620.5952380952376,25.584829931972887,21.483877551019564,85.0,40.0,21.0,74.02517006802726,19.041360544217763,1.8084763170417315,-0.1223,15821.3,0,rural,S2_DN3_vest_dus,0.1906,0.8487,0.5028,5.5757,0.6403,1.6896
DIESEL_Constanta-DN3-Murfatlar-retur,09-10,2026-09-11 09:31:08,1006,87.0,1621.1726804123705,24.22000000000004,38.31020618556723,85.0,40.0,21.0,73.0360824742268,18.058041237113446,1.6880740369651903,0.0,15845.5,0,rural,S2_DN3_vest_dus,1.1636,0.8499,3.0703,5.2783,1.1073,2.9218
DIESEL_Constanta-DN3-Murfatlar-retur,09-10,2026-09-11 09:31:09,1007,87.0,1611.6580459770116,24.77747126436781,39.27206896551714,85.39080459770116,40.0,21.0,72.94367816091953,18.596666666666664,1.496937253813332,-0.0683,15869.7,0,rural,S2_DN3_vest_dus,1.2263,0.8511,3.2356,5.3998,0.8465,2.2337
DIESEL_Constanta-DN3-Murfatlar-retur,09-10,2026-09-11 09:31:10,1008,86.50830039525685,1608.038932806323,26.87543873517814,30.00103557312182,86.0,40.0,21.0,73.0441897233202,18.45441897233202,1.564517729513314,-0.2615,15893.7,0,rural,S2_DN3_vest_dus,0.8089,0.8519,2.1342,5.857,0.1016,0.2681
DIESEL_Constanta-DN3-Murfatlar-retur,09-10,2026-09-11 09:31:11,1009,85.11734693877563,1579.5554846938787,33.18285714285675,14.137704081634135,85.94132653061219,40.0,21.0,74.01785714285707,18.63686224489803,1.5501873385977742,0.0683,15917.3,0,rural,S2_DN3_vest_dus,0.0703,0.852,0.1856,7.2316,1.3138,3.4666
DIESEL_Constanta-DN3-Murfatlar-retur,09-10,2026-09-11 09:31:12,1010,87.0,1611.5786350148348,29.253204747773943,47.33265084075032,85.0,40.0,21.0,73.24421364985153,19.87,2.583633444255829,0.2881,15941.5,0,rural,S2_DN3_vest_dus,1.5094,0.8535,3.9826,6.3752,2.2074,5.8244
DIESEL_Constanta-DN3-Murfatlar-retur,09-10,2026-09-11 09:31:13,1011,87.19174942704353,1641.4763177998473,35.91877005347605,62.79272727272774,85.0,40.0,21.0,74.47402597402599,20.121191749427027,2.099356517261032,0.1327,15965.7,0,rural,S2_DN3_vest_dus,2.1313,0.8556,5.6236,7.8278,1.6202,4.275
DIESEL_Constanta-DN3-Murfatlar-retur,09-10,2026-09-11 09:31:14,1012,87.95569136745608,1634.4098548510312,29.1808021390374,36.42909090909075,85.0,40.0,21.0,73.17532467532466,21.12195569136746,1.4569668646893694,0.0894,15990.2,0,rural,S2_DN3_vest_dus,1.0709,0.8567,2.8258,6.3594,1.4778,3.8993
DIESEL_Constanta-DN3-Murfatlar-retur,09-10,2026-09-11 09:31:15,1013,87.83548387096778,1624.560483870968,27.248451612903324,36.49529032258113,85.16451612903222,40.0,21.0,72.48096774193544,20.18677419354845,1.903102738089612,-0.1327,16014.6,0,rural,S2_DN3_vest_dus,1.0845,0.8578,2.8617,5.9383,0.6179,1.6305
DIESEL_Constanta-DN3-Murfatlar-retur,09-10,2026-09-11 09:31:16,1014,87.0,1615.479243203527,25.869140337986742,29.722784717119605,85.64584864070538,40.0,21.0,73.29375459221161,19.31393828067595,1.807222550446833,-0.1014,16038.7,0,rural,S2_DN3_vest_dus,0.6835,0.8585,1.8034,5.6377,0.7201,1.9002
DIESEL_Constanta-DN3-Murfatlar-retur,09-10,2026-09-11 09:31:17,1015,87.10530896431678,1615.5672323759786,27.995178416013765,38.18178416013879,85.0,40.0,21.0,73.26849434290685,20.0683812010444,2.203025912460264,0.1355,16062.9,0,rural,S2_DN3_vest_dus,1.149,0.8596,3.0317,6.101,1.6281,4.2959
DIESEL_Constanta-DN3-Murfatlar-retur,09-10,2026-09-11 09:31:18,1016,87.97563098346386,1642.9823759791118,36.38508268059165,62.08082680591771,85.0,40.0,21.0,74.66100957354219,19.31120104438644,2.040754273718929,0.1895,16087.4,0,rural,S2_DN3_vest_dus,2.3021,0.8619,6.0742,7.9294,1.8649,4.9208
DIESEL_Constanta-DN3-Murfatlar-retur,09-10,2026-09-11 09:31:19,1017,88.46990496304123,1637.2233368532216,28.30930306230206,36.2456282998958,85.46990496304123,40.0,21.0,73.53009503695877,20.802059134107733,1.961964777083868,0.1423,16111.9,0,rural,S2_DN3_vest_dus,1.027,0.8629,2.7097,6.1695,1.6991,4.4832
DIESEL_Constanta-DN3-Murfatlar-retur,09-10,2026-09-11 09:31:20,1018,89.0,1647.2857643758766,28.162019635343576,48.39684431977546,86.0,40.0,21.0,73.45399719495094,20.52361851332395,1.7969069284743828,0.0618,16136.7,0,rural,S2_DN3_vest_dus,1.7195,0.8647,4.5369,6.1374,1.4023,3.7002
DIESEL_Constanta-DN3-Murfatlar-retur,09-10,2026-09-11 09:31:21,1019,88.91459074733095,1647.0845195729537,26.92014234875445,43.33889679715295,85.91459074733095,40.0,21.0,74.15480427046262,19.642348754448403,1.818306490890883,-0.1389,16161.4,0,rural,S2_DN3_vest_dus,1.4603,0.8661,3.8531,5.8667,0.6166,1.6269
DIESEL_Constanta-DN3-Murfatlar-retur,09-10,2026-09-11 09:31:22,1020,88.0,1628.845202020202,26.79484848484839,33.03021212121214,85.23131313131317,40.0,21.0,73.13202020202029,19.872818181818104,2.128745197487893,-0.158,16185.8,0,rural,S2_DN3_vest_dus,0.8979,0.867,2.3691,5.8394,0.5237,1.3817
DIESEL_Constanta-DN3-Murfatlar-retur,09-10,2026-09-11 09:31:23,1021,87.7772600186393,1627.6113699906805,24.90990680335507,30.447744641192465,86.0,40.0,21.0,74.65498602050323,18.42,2.212587734652625,-0.1389,16210.2,0,rural,S2_DN3_vest_dus,0.7637,0.8678,2.015,5.4286,0.5928,1.5642
DIESEL_Constanta-DN3-Murfatlar-retur,09-10,2026-09-11 09:31:24,1022,87.0,1634.5853293413195,24.991167664670726,25.750209580840007,85.75149700598794,40.0,21.0,73.75029940119758,18.4920658682635,1.6551342183267794,-0.108,16234.3,0,rural,S2_DN3_vest_dus,0.4554,0.8682,1.2017,5.4464,0.6949,1.8337
DIESEL_Constanta-DN3-Murfatlar-retur,09-10,2026-09-11 09:31:25,1023,87.0,1634.1023976023976,25.93362637362637,40.39784215784215,85.0,40.0,21.0,73.84875124875124,19.14282717282717,2.029959339673192,0.0619,16258.5,0,rural,S2_DN3_vest_dus,1.3255,0.8696,3.4975,5.6517,1.3437,3.5454
DIESEL_Constanta-DN3-Murfatlar-retur,09-10,2026-09-11 09:31:26,1024,87.44534050179213,1622.9634856630828,26.65534050179213,44.76084229390698,85.44534050179213,40.0,21.0,73.69919354838709,19.775949820788536,1.71581824412981,0.1389,16282.8,0,rural,S2_DN3_vest_dus,1.4235,0.871,3.756,5.809,1.6522,4.3594
DIESEL_Constanta-DN3-Murfatlar-retur,09-10,2026-09-11 09:31:27,1025,88.0,1631.7138621200886,27.15633802816901,44.84785025945067,86.0,40.0,21.0,73.31297257227577,20.05954040029652,1.675371306620364,0.077,16307.2,0,rural,S2_DN3_vest_dus,1.3649,0.8723,3.6014,5.9182,1.4313,3.7766
DIESEL_Constanta-DN3-Murfatlar-retur,09-10,2026-09-11 09:31:28,1026,88.0,1624.8832487309624,27.023248730964458,26.922994923856336,85.95939086294426,40.04060913705574,21.0,73.66091370558361,20.14822335025384,1.7002732974232826,0.0,16331.7,0,rural,S2_DN3_vest_dus,0.5432,0.8729,1.4332,5.8892,1.1339,2.9919
DIESEL_Constanta-DN3-Murfatlar-retur,09-10,2026-09-11 09:31:29,1027,88.0,1636.0105042016824,26.49951980792328,40.05352941176511,85.0,41.0,21.0,74.42629051620659,19.571224489795974,2.618323855454812,-0.0456,16356.1,0,rural,S2_DN3_vest_dus,1.3032,0.8742,3.4387,5.7751,0.9578,2.5272
DIESEL_Constanta-DN3-Murfatlar-retur,09-10,2026-09-11 09:31:30,1028,87.67198723064644,1613.8120510774145,25.31241021548285,33.60796488427772,85.0,41.0,21.0,73.42322426177175,18.994325618515564,2.8711535853857706,-0.1185,16380.5,0,rural,S2_DN3_vest_dus,0.905,0.8751,2.3878,5.5164,0.6692,1.7656
DIESEL_Constanta-DN3-Murfatlar-retur,09-10,2026-09-11 09:31:31,1029,87.1471135940409,1616.7206703910613,25.655810055866016,32.33815642458073,85.1471135940409,41.0,21.0,74.46461824953457,19.139944134078284,1.6488630908852628,0.0269,16404.7,0,rural,S2_DN3_vest_dus,0.8573,0.876,2.2621,5.5912,1.2141,3.2035
DIESEL_Constanta-DN3-Murfatlar-retur,09-10,2026-09-11 09:31:32,1030,87.86538461538453,1618.4711538461545,24.600000000000048,34.21192307692208,86.0,40.86538461538452,21.0,73.3557692307694,18.329230769230808,1.5867819780047514,-0.0204,16429.1,0,rural,S2_DN3_vest_dus,0.9791,0.8769,2.5835,5.3611,1.0516,2.7748
DIESEL_Constanta-DN3-Murfatlar-retur,09-10,2026-09-11 09:31:33,1031,87.0,1619.5357142857142,25.132142857142863,30.3100000000004,86.0,40.0,21.0,74.78571428571428,18.760000000000005,1.56576727084347,-0.1529,16453.3,0,rural,S2_DN3_vest_dus,0.694,0.8776,1.8312,5.4771,0.5235,1.3813
DIESEL_Constanta-DN3-Murfatlar-retur,09-10,2026-09-11 09:31:34,1032,86.7647058823529,1613.3529411764705,25.36941176470589,39.37588235294102,86.0,40.0,21.0,74.42352941176472,18.953529411764723,1.5889223631586251,-0.1389,16477.4,0,rural,S2_DN3_vest_dus,1.2024,0.8788,3.1727,5.5288,0.5722,1.5099
DIESEL_Constanta-DN3-Murfatlar-retur,09-10,2026-09-11 09:31:35,1033,86.0,1603.972026209677,26.47798387096783,39.7386995967746,85.55544354838705,40.0,21.0,74.14435483870965,19.93460685483878,2.426598401800766,0.0156,16501.3,0,rural,S2_DN3_vest_dus,1.2058,0.88,3.1816,5.7704,1.1401,3.0084
DIESEL_Constanta-DN3-Murfatlar-retur,09-10,2026-09-11 09:31:36,1034,86.87695312500004,1612.6464843750005,27.80254882812501,47.06363281250012,85.43847656250001,40.43847656250002,21.0,74.22617187500002,20.867158203125005,2.6009423583674707,0.2778,16525.4,0,rural,S2_DN3_vest_dus,1.5894,0.8816,4.1938,6.059,2.1633,5.7081
DIESEL_Constanta-DN3-Murfatlar-retur,09-10,2026-09-11 09:31:37,1035,88.0,1625.599013389711,28.112128259337563,48.8289006342495,86.0,41.0,21.0,74.48069062720226,20.9431430584919,2.108097182898712,0.156,16549.8,0,rural,S2_DN3_vest_dus,1.6909,0.8833,4.4617,6.1265,1.7364,4.5816
DIESEL_Constanta-DN3-Murfatlar-retur,09-10,2026-09-11 09:31:38,1036,88.0,1627.0968992248077,27.939379844961373,44.60961240309936,85.99224806201539,41.0,21.0,73.51472868217076,20.74565891472876,1.5379711017931663,0.0283,16574.3,0,rural,S2_DN3_vest_dus,1.5093,0.8848,3.9824,6.0889,1.2432,3.2803
DIESEL_Constanta-DN3-Murfatlar-retur,09-10,2026-09-11 09:31:39,1037,88.2036874451273,1642.2497805092185,31.197243195785703,37.27178226514467,85.0,41.0,21.0,75.07410008779632,21.29279192273925,1.6585653747271936,0.1389,16598.8,0,rural,S2_DN3_vest_dus,1.1531,0.886,3.0426,6.7988,1.6771,4.4251
DIESEL_Constanta-DN3-Murfatlar-retur,09-10,2026-09-11 09:31:40,1038,89.0,1652.4343065693429,38.01357664233496,56.0254744525529,85.0,41.0,21.0,73.94708029197089,20.615839416058407,2.183817699325935,0.1106,16623.5,0,rural,S2_DN3_vest_dus,2.0725,0.8881,5.4686,8.2843,1.593,4.2032
DIESEL_Constanta-DN3-Murfatlar-retur,09-10,2026-09-11 09:31:41,1039,89.0,1652.0045235223156,28.22347406513874,38.60506634499354,85.16344993968636,41.0,21.0,74.70772014475276,20.550398069963823,2.315697121285321,0.0578,16648.2,0,rural,S2_DN3_vest_dus,1.2363,0.8893,3.2621,6.1508,1.3867,3.659
DIESEL_Constanta-DN3-Murfatlar-retur,09-10,2026-09-11 09:31:42,1040,89.41619585687387,1667.5334274952927,27.63525423728811,48.00647834274955,85.70809792843693,41.0,21.0,74.48267419962342,19.91860640301316,1.881517821009259,0.056,16673.1,0,rural,S2_DN3_vest_dus,1.7297,0.891,4.564,6.0226,1.3921,3.6733
DIESEL_Constanta-DN3-Murfatlar-retur,09-10,2026-09-11 09:31:43,1041,89.40298507462676,1672.3022388059692,27.033432835820843,40.16238805970005,85.70149253731338,41.0,21.0,75.0611940298507,19.448656716417887,1.7578508382620968,-0.1967,16697.9,0,rural,S2_DN3_vest_dus,1.2957,0.8923,3.4188,5.8914,0.4002,1.056
DIESEL_Constanta-DN3-Murfatlar-retur,09-10,2026-09-11 09:31:44,1042,88.0,1657.464673913044,26.20774703557316,21.760464426877345,85.10573122529642,41.0,21.0,74.57401185770749,19.06387351778658,2.0818220892584995,-0.1949,16722.3,0,rural,S2_DN3_vest_dus,0.2226,0.8925,0.5874,5.7115,0.3812,1.0057
DIESEL_Constanta-DN3-Murfatlar-retur,09-10,2026-09-11 09:31:45,1043,88.0,1641.4349240780914,24.928242950108466,27.31604121475071,86.0,41.0,21.0,75.02483731019518,18.40454446854664,2.386225941786213,0.0215,16746.8,0,rural,S2_DN3_vest_dus,0.5437,0.8931,1.4347,5.4326,1.2169,3.211
DIESEL_Constanta-DN3-Murfatlar-retur,09-10,2026-09-11 09:31:46,1044,88.15474060822899,1650.5894454382826,25.45493738819324,35.06458855098404,86.0,41.0,21.0,73.76305903398928,18.63054561717355,2.28523074736757,0.1626,16771.3,0,rural,S2_DN3_vest_dus,1.0004,0.8941,2.6397,5.5474,1.7671,4.6628
DIESEL_Constanta-DN3-Murfatlar-retur,09-10,2026-09-11 09:31:47,1045,89.17107309486799,1647.9922239502375,28.940777604977782,48.0454276827387,86.0,41.0,21.0,75.071695178849,20.57519440124414,1.899387038445196,0.2739,16796.0,0,rural,S2_DN3_vest_dus,1.7105,0.8958,4.5133,6.3071,2.2376,5.904
DIESEL_Constanta-DN3-Murfatlar-retur,09-10,2026-09-11 09:31:48,1046,90.12711864406768,1677.4163135593208,35.349788135592675,45.80300847457413,86.0,41.0,21.0,74.26737288135601,20.877372881356003,2.8338153867380265,0.0635,16821.1,0,autostrada,S2_DN3_vest_dus,1.5519,0.8973,4.0947,7.7038,1.4432,3.8082
DIESEL_Constanta-DN3-Murfatlar-retur,09-10,2026-09-11 09:31:49,1047,89.6286098052385,1668.5431497649436,32.641887172599446,34.395782404299624,86.0,41.0,21.0,75.15715245130963,21.11025520483539,2.02188793745488,0.1173,16846.0,0,rural,S2_DN3_vest_dus,0.9536,0.8983,2.5162,7.1137,1.6396,4.3264
DIESEL_Constanta-DN3-Murfatlar-retur,09-10,2026-09-11 09:31:50,1048,90.971793149765,1678.784922766958,38.692928139691325,56.77993284083372,86.0,41.0,21.0,75.49294828744125,20.042424445936824,1.4830109786019574,0.0516,16871.2,0,autostrada,S2_DN3_vest_dus,2.1824,0.9005,5.7584,8.4324,1.4218,3.7517
DIESEL_Constanta-DN3-Murfatlar-retur,09-10,2026-09-11 09:31:51,1049,90.0,1652.9804878048797,27.35656097560984,32.50392682926943,86.0,41.0,21.0,74.9287804878049,19.96892682926833,3.056329211170512,-0.0914,16896.2,0,rural,S2_DN3_vest_dus,0.7757,0.9013,2.0468,5.9618,0.8275,2.1835
DIESEL_Constanta-DN3-Murfatlar-retur,09-10,2026-09-11 09:31:52,1050,90.3140604467806,1682.9277266754273,28.39519053876469,49.20469119579448,86.0,41.0,21.0,75.20578186596582,20.27965834428378,2.25033136774346,0.0754,16921.3,0,autostrada,S2_DN3_vest_dus,1.7305,0.903,4.5662,6.1882,1.4962,3.9478
DIESEL_Constanta-DN3-Murfatlar-retur,09-10,2026-09-11 09:31:53,1051,90.54258373205738,1682.2980861244016,27.32053588516746,39.3376746411481,86.0,41.0,21.0,75.86909090909097,19.58,1.5717143747903852,-0.0871,16946.5,0,autostrada,S2_DN3_vest_dus,1.3122,0.9043,3.4623,5.954,0.8576,2.2628
DIESEL_Constanta-DN3-Murfatlar-retur,09-10,2026-09-11 09:31:54,1052,89.68691250903834,1670.8293564714393,26.71462039045556,30.624996384671213,86.0,41.0,21.0,76.64953000723067,19.2606507592191,1.9080960211915168,-0.2142,16971.4,0,rural,S2_DN3_vest_dus,0.7762,0.9051,2.0482,5.8219,0.3367,0.8884
DIESEL_Constanta-DN3-Murfatlar-retur,09-10,2026-09-11 09:31:55,1053,89.0,1654.207182320442,25.62839779005517,21.14856353591093,86.0,41.0,21.0,75.97292817679569,18.624640883977843,2.406980313594251,-0.0674,16996.1,0,rural,S2_DN3_vest_dus,0.175,0.9052,0.4617,5.5852,0.8977,2.3686
DIESEL_Constanta-DN3-Murfatlar-retur,09-10,2026-09-11 09:31:56,1054,89.20194986072418,1663.9094707520878,29.42001392757608,40.61268802228263,86.0,41.0,21.0,74.28467966573805,19.73,2.5185330394639567,0.1389,17020.9,0,rural,S2_DN3_vest_dus,1.3025,0.9065,3.4367,6.4115,1.7103,4.5127
DIESEL_Constanta-DN3-Murfatlar-retur,09-10,2026-09-11 09:31:57,1055,90.0,1688.34085106383,34.83956595744745,54.72828085106589,86.0,41.0,21.0,76.09097872340428,19.940774468085067,1.917445475627385,0.0833,17045.9,0,rural,S2_DN3_vest_dus,1.9561,0.9085,5.1614,7.5926,1.5176,4.0042
DIESEL_Constanta-DN3-Murfatlar-retur,09-10,2026-09-11 09:31:58,1056,89.80157480314963,1686.0196850393704,28.309905511811067,33.49803149606316,86.0,41.0,21.0,75.86031496062994,20.19491338582679,1.9649803800361283,-0.1369,17070.8,0,rural,S2_DN3_vest_dus,0.9974,0.9095,2.6318,6.1696,0.6435,1.6978
DIESEL_Constanta-DN3-Murfatlar-retur,09-10,2026-09-11 09:31:59,1057,89.01417322834648,1676.177165354331,27.35714960629924,29.482283464567047,86.0,41.0,21.0,75.7028346456693,19.73822047244096,2.453725396127127,-0.0426,17095.6,0,rural,S2_DN3_vest_dus,0.6994,0.9102,1.8453,5.962,0.9949,2.6252
DIESEL_Constanta-DN3-Murfatlar-retur,09-10,2026-09-11 09:32:00,1058,89.49470899470882,1671.7208994708983,29.131706349205487,32.259140211637096,86.0,41.0,21.0,76.42579365079368,19.18116402116406,1.6497388616568596,0.2313,17120.4,0,rural,S2_DN3_vest_dus,0.7992,0.911,2.1088,6.3487,2.083,5.4963
DIESEL_Constanta-DN3-Murfatlar-retur,09-10,2026-09-11 09:32:01,1059,90.67931547619044,1681.2025669642858,33.635148809523656,48.50999255952324,86.0,41.0,21.0,76.42447916666669,19.1322023809524,1.961948870837369,0.0702,17145.6,0,autostrada,S2_DN3_vest_dus,1.725,0.9127,4.5515,7.3301,1.4869,3.9234
DIESEL_Constanta-DN3-Murfatlar-retur,09-10,2026-09-11 09:32:02,1060,90.0,1684.240075107296,27.728948497854063,28.49961373390532,86.0,41.0,21.0,76.80665236051505,19.79721030042917,2.8158564210738675,-0.0677,17170.6,0,rural,S2_DN3_vest_dus,0.6738,0.9134,1.7779,6.043,0.9211,2.4305
DIESEL_Constanta-DN3-Murfatlar-retur,09-10,2026-09-11 09:32:03,1061,90.19206939281284,1688.1837050805457,28.519058240396564,43.93635687732388,86.0,41.0,21.0,76.09206939281286,20.338599752168548,1.831499667081782,0.1006,17195.7,0,autostrada,S2_DN3_vest_dus,1.5701,0.915,4.143,6.2152,1.5921,4.2009
DIESEL_Constanta-DN3-Murfatlar-retur,09-10,2026-09-11 09:32:04,1062,90.72402854877085,1691.3733148294998,28.55892149088018,37.473053132434245,86.0,41.0,21.0,76.43084853291045,20.31155432196665,1.762413761262022,0.004,17220.9,0,autostrada,S2_DN3_vest_dus,1.2184,0.9162,3.2148,6.2239,1.2247,3.2316
DIESEL_Constanta-DN3-Murfatlar-retur,09-10,2026-09-11 09:32:05,1063,90.2205323193916,1708.9429657794676,31.52254752851701,47.43771863117858,86.0,41.0,21.0,75.26615969581749,21.293574144486712,2.5133936078016843,0.1335,17245.9,0,autostrada,S2_DN3_vest_dus,1.8222,0.918,4.808,6.8697,1.7233,4.5471
DIESEL_Constanta-DN3-Murfatlar-retur,09-10,2026-09-11 09:32:06,1064,91.68532206969373,1699.7222808870104,36.00609292502598,45.38369588173037,86.0,41.0,21.0,75.6741288278775,20.09971488912358,2.269256333081488,0.1083,17271.4,0,autostrada,S2_DN3_vest_dus,1.5962,0.9196,4.2118,7.8468,1.672,4.4116
DIESEL_Constanta-DN3-Murfatlar-retur,09-10,2026-09-11 09:32:07,1065,91.0,1688.2992537313455,28.721910447761203,29.840805970151266,86.0,41.0,21.0,74.9110447761193,20.446328358208923,2.9658990337906985,-0.0952,17296.7,0,autostrada,S2_DN3_vest_dus,0.7211,0.9203,1.9027,6.2594,0.8364,2.2069
DIESEL_Constanta-DN3-Murfatlar-retur,09-10,2026-09-11 09:32:08,1066,91.0,1705.3933486238536,27.71279816513769,44.02571100917456,85.60321100917434,41.0,21.0,74.75389908256875,19.46958715596336,2.8718463133351166,0.0,17322.0,0,autostrada,S2_DN3_vest_dus,1.6293,0.922,4.2992,6.0395,1.2166,3.2102
DIESEL_Constanta-DN3-Murfatlar-retur,09-10,2026-09-11 09:32:09,1067,91.0,1693.945219123506,27.37247011952185,32.15850597609594,85.0,41.0,21.0,76.37211155378485,19.449203187250948,2.3152154660718645,0.0488,17347.2,0,autostrada,S2_DN3_vest_dus,0.9079,0.9229,2.3956,5.9653,1.4115,3.7244
DIESEL_Constanta-DN3-Murfatlar-retur,09-10,2026-09-11 09:32:10,1068,91.35100821508593,1699.1129574309196,33.241643017177445,35.85802091112884,85.35100821508593,41.0,21.0,76.4436893203883,20.70179238237492,1.981713173157169,0.1666,17372.6,0,autostrada,S2_DN3_vest_dus,1.0838,0.9239,2.8598,7.2444,1.8945,4.9989
DIESEL_Constanta-DN3-Murfatlar-retur,09-10,2026-09-11 09:32:11,1069,92.1996951219513,1719.0945121951231,39.19733231707234,55.922835365853445,86.0,41.0,21.0,76.05929878048798,20.91795731707318,1.6254047082340193,0.2878,17398.2,0,autostrada,S2_DN3_vest_dus,2.2083,0.9262,5.8267,8.5423,2.4156,6.3738
DIESEL_Constanta-DN3-Murfatlar-retur,09-10,2026-09-11 09:32:12,1070,93.42335115864526,1737.9451871657752,30.73787878787877,48.912263814617006,86.0,41.0,21.0,77.01096256684497,21.15277183600713,2.0483480480699416,0.1692,17424.2,0,autostrada,S2_DN3_vest_dus,1.7955,0.928,4.7377,6.6987,1.9806,5.226
DIESEL_Constanta-DN3-Murfatlar-retur,09-10,2026-09-11 09:32:13,1071,93.4179719703214,1733.3779884583655,30.51305028854068,38.58427864797941,86.0,41.0,21.0,76.03281121187143,21.066817807089805,1.643793869169251,-0.1785,17450.1,0,autostrada,S2_DN3_vest_dus,1.3386,0.9293,3.532,6.6497,0.5548,1.464
DIESEL_Constanta-DN3-Murfatlar-retur,09-10,2026-09-11 09:32:14,1072,92.1382033563673,1709.123889437316,28.906347482724524,30.43961500493642,86.0,41.0,21.0,76.62764067127345,20.350493583415545,1.984877302171718,-0.0759,17475.7,0,autostrada,S2_DN3_vest_dus,0.8268,0.9301,2.1817,6.2996,0.9423,2.4863
DIESEL_Constanta-DN3-Murfatlar-retur,09-10,2026-09-11 09:32:15,1073,92.871327254306,1720.1828774062817,28.31018237082066,37.264032421479136,86.0,41.0,21.0,76.7742654508612,19.74801418439716,2.7484778287511964,-0.0006,17501.5,0,autostrada,S2_DN3_vest_dus,1.2862,0.9314,3.3937,6.1697,1.2681,3.3461
DIESEL_Constanta-DN3-Murfatlar-retur,09-10,2026-09-11 09:32:16,1074,92.13358778625964,1726.6001908396947,28.53244274809152,40.733396946565406,86.0,41.0,21.0,76.42633587786247,19.79251908396941,2.650661648308987,0.0065,17527.1,0,autostrada,S2_DN3_vest_dus,1.4932,0.9329,3.94,6.2181,1.2754,3.3652
DIESEL_Constanta-DN3-Murfatlar-retur,09-10,2026-09-11 09:32:17,1075,92.9183673469387,1726.0255102040803,27.85163265306129,43.47285714285531,86.0,41.0,21.0,75.43061224489807,19.36102040816333,1.8710660529030363,-0.0142,17552.9,0,autostrada,S2_DN3_vest_dus,1.6326,0.9345,4.3078,6.0697,1.2141,3.2034
DIESEL_Constanta-DN3-Murfatlar-retur,09-10,2026-09-11 09:32:18,1076,92.03105590062118,1712.7158385093178,28.738944099378813,21.5473913043495,86.0,41.0,21.0,76.8503105590061,20.132981366459568,1.5270072111910595,-0.0198,17578.5,0,autostrada,S2_DN3_vest_dus,0.1771,0.9347,0.4674,6.2631,1.1661,3.077
DIESEL_Constanta-DN3-Murfatlar-retur,09-10,2026-09-11 09:32:19,1077,92.7757153905646,1729.1753673627225,27.22495746326373,46.55488012374355,86.0,41.0,21.0,75.66728538283063,18.85,3.5276383480713003,-0.004,17604.3,0,autostrada,S2_DN3_vest_dus,1.3497,0.9361,3.5613,5.9332,1.2515,3.3022
DIESEL_Constanta-DN3-Murfatlar-retur,09-10,2026-09-11 09:32:20,1078,92.0023201856148,1722.0214617169368,27.00067285382829,20.468259860787025,86.0,41.0,21.0,75.89930394431556,18.85,2.95733242368492,-0.1077,17629.8,0,autostrada,S2_DN3_vest_dus,0.1298,0.9362,0.3426,5.8843,0.8104,2.1384
DIESEL_Constanta-DN3-Murfatlar-retur,09-10,2026-09-11 09:32:21,1079,92.0,1724.371550903901,28.603168411036982,42.71103710751488,86.94862036156034,41.0,21.0,74.09762131303535,19.81759276879156,3.326790890452685,0.1112,17655.4,0,autostrada,S2_DN3_vest_dus,1.5625,0.9377,4.1229,6.2335,1.6942,4.4704
DIESEL_Constanta-DN3-Murfatlar-retur,09-10,2026-09-11 09:32:22,1080,92.80267295597486,1725.136202830189,28.046863207547148,38.120196540880514,86.0,41.0,21.0,75.01839622641509,19.457798742138344,1.8066807192738912,0.0023,17681.1,0,autostrada,S2_DN3_vest_dus,1.3,0.939,3.4302,6.1123,1.2779,3.372
DIESEL_Constanta-DN3-Murfatlar-retur,09-10,2026-09-11 09:32:23,1081,92.01650943396224,1699.782429245282,30.14591981132084,36.885919811320704,86.0,41.0,21.0,75.49009433962266,21.28169811320762,1.9273216446724577,0.1627,17706.7,0,autostrada,S2_DN3_vest_dus,1.2008,0.9403,3.1684,6.5697,1.9028,5.0206
DIESEL_Constanta-DN3-Murfatlar-retur,09-10,2026-09-11 09:32:24,1082,93.9737903225808,1732.064264112906,40.38462701612986,60.46653225806644,86.0,40.0131048387096,21.0,76.4868951612904,20.17520161290313,1.5443373866140702,0.0899,17732.8,0,autostrada,S2_DN3_vest_dus,2.5062,0.9428,6.613,8.8011,1.674,4.4171
DIESEL_Constanta-DN3-Murfatlar-retur,09-10,2026-09-11 09:32:25,1083,92.6640845070422,1717.1311619718304,27.10871126760556,23.66100704225354,86.0,40.0,21.0,75.23669014084513,18.90033802816896,2.366769766685952,-0.2847,17758.5,0,autostrada,S2_DN3_vest_dus,0.3785,0.9431,0.9988,5.9078,0.1067,0.2815
DIESEL_Constanta-DN3-Murfatlar-retur,09-10,2026-09-11 09:32:26,1084,91.92389853137514,1708.2473297730307,25.81041388518021,23.65136181575427,86.0,40.0,21.0,76.0467289719626,18.052376502002648,2.584137027254704,-0.2311,17784.1,0,autostrada,S2_DN3_vest_dus,0.3593,0.9435,0.9481,5.6249,0.3107,0.8198
DIESEL_Constanta-DN3-Murfatlar-retur,09-10,2026-09-11 09:32:27,1085,91.0,1704.2247899159672,25.289747899159565,27.496554621847856,86.0,40.0,21.0,76.13949579831925,17.753361344537737,1.868113246467433,-0.0847,17809.4,0,autostrada,S2_DN3_vest_dus,0.5927,0.9441,1.564,5.5114,0.8783,2.3176
DIESEL_Constanta-DN3-Murfatlar-retur,09-10,2026-09-11 09:32:28,1086,91.31373844121528,1700.6425033025089,30.525845442535854,44.77727212681575,86.0,40.0,21.0,76.55290620871874,19.07902906208716,2.4139817962021115,0.1353,17834.7,0,autostrada,S2_DN3_vest_dus,1.6453,0.9457,4.3413,6.6525,1.7678,4.6644
DIESEL_Constanta-DN3-Murfatlar-retur,09-10,2026-09-11 09:32:29,1087,91.97424042272128,1718.310931307794,38.64341479524447,55.6557397622194,86.0,40.0,21.0,74.76955085865256,19.56119550858653,2.640942367283692,0.0953,17860.3,0,autostrada,S2_DN3_vest_dus,2.187,0.9479,5.7707,8.4216,1.6292,4.2987
DIESEL_Constanta-DN3-Murfatlar-retur,09-10,2026-09-11 09:32:30,1088,92.0,1696.9152276295133,29.14376766091046,32.44894819466262,86.0,40.0,21.0,76.78626373626372,20.52025117739399,1.804065428351492,0.0348,17885.8,0,autostrada,S2_DN3_vest_dus,0.9087,0.9488,2.3977,6.3513,1.3857,3.6564
DIESEL_Constanta-DN3-Murfatlar-retur,09-10,2026-09-11 09:32:31,1089,92.22491349480988,1705.3849480968918,32.168979238755234,33.61802768166601,86.0,40.0,21.0,77.3,21.65596885813127,2.7215446379601342,0.2255,17911.4,0,autostrada,S2_DN3_vest_dus,0.8508,0.9497,2.245,7.0106,2.1645,5.7112
DIESEL_Constanta-DN3-Murfatlar-retur,09-10,2026-09-11 09:32:32,1090,93.62364760432764,1742.319551777433,39.79321483771248,54.128585780523245,86.37635239567237,40.0,21.0,76.84837712519315,19.673547140649145,2.481435475224766,0.1077,17937.5,0,autostrada,S2_DN3_vest_dus,1.6132,0.9513,4.2566,8.6722,1.7353,4.5788
DIESEL_Constanta-DN3-Murfatlar-retur,09-10,2026-09-11 09:32:33,1091,93.0,1711.138034759359,36.32270053475975,17.50659090909018,86.7419786096257,39.7419786096257,21.0,76.33221925133687,19.76835561497323,2.0264972736442948,-0.0866,17963.3,0,autostrada,S2_DN3_vest_dus,0.2279,0.9515,0.6013,7.9158,0.9209,2.4299
DIESEL_Constanta-DN3-Murfatlar-retur,09-10,2026-09-11 09:32:34,1092,93.0,1704.702896138481,28.16782290279633,34.31682423435391,86.0,39.0,21.0,76.52596537949407,19.791524633821627,1.527162432417182,0.0,17989.1,0,autostrada,S2_DN3_vest_dus,1.0515,0.9526,2.7745,6.1386,1.2744,3.3625
DIESEL_Constanta-DN3-Murfatlar-retur,09-10,2026-09-11 09:32:35,1093,93.0,1726.5071571238343,26.94944740346208,40.06249667110509,86.0,39.0,21.0,75.46071904127832,18.626411451398155,1.5135448290561655,-0.0636,18015.0,0,autostrada,S2_DN3_vest_dus,1.4295,0.954,3.7719,5.8731,1.0148,2.6776
DIESEL_Constanta-DN3-Murfatlar-retur,09-10,2026-09-11 09:32:36,1094,92.54220456802383,1715.9073982125128,27.95396226415093,34.45302879841139,86.45779543197615,38.54220456802385,21.0,76.14220456802384,19.41009930486593,2.689062867942884,-0.1389,18040.7,0,autostrada,S2_DN3_vest_dus,1.0574,0.9551,2.79,6.092,0.6968,1.8386
DIESEL_Constanta-DN3-Murfatlar-retur,09-10,2026-09-11 09:32:37,1095,92.0,1705.1741302738712,28.139837157660992,30.503641746854058,86.6639526276832,38.0,21.0,76.33930421909695,19.67959289415248,2.591652449022692,-0.0753,18066.2,0,autostrada,S2_DN3_vest_dus,0.7809,0.9558,2.0604,6.1325,0.9412,2.4834
DIESEL_Constanta-DN3-Murfatlar-retur,09-10,2026-09-11 09:32:38,1096,92.0,1707.4291666666668,27.82778571428559,40.89061904761891,86.0,38.0,21.0,77.86130952380955,19.38380952380944,1.6010363796489198,-0.041,18091.8,0,autostrada,S2_DN3_vest_dus,1.4356,0.9573,3.788,6.0645,1.0797,2.8488
DIESEL_Constanta-DN3-Murfatlar-retur,09-10,2026-09-11 09:32:39,1097,91.70449438202252,1700.674438202249,30.16187640449369,30.593123595506945,86.0,38.0,21.0,78.27044943820225,18.754224719101,1.6777771193649451,-0.0504,18117.2,0,autostrada,S2_DN3_vest_dus,0.9334,0.9582,2.4628,6.5732,1.0339,2.728
DIESEL_Constanta-DN3-Murfatlar-retur,09-10,2026-09-11 09:32:40,1098,91.6370623398805,1699.8657130657575,39.97183603757468,32.216473099916406,86.0,38.0,21.0,78.16814688300597,20.0903501280956,2.026378382829608,0.1562,18142.7,0,autostrada,S2_DN3_vest_dus,0.7838,0.959,2.068,8.7111,1.863,4.9157
DIESEL_Constanta-DN3-Murfatlar-retur,09-10,2026-09-11 09:32:41,1099,92.82924767540152,1740.2673288250212,39.08926458157227,66.39912933220629,86.0,37.829247675401525,21.0,77.6731191885038,19.09903634826712,1.7529065198606246,0.0504,18168.5,0,autostrada,S2_DN3_vest_dus,2.0404,0.961,5.3837,8.5188,1.4747,3.8911
DIESEL_Constanta-DN3-Murfatlar-retur,09-10,2026-09-11 09:32:42,1100,92.0,1701.9357142857143,38.64628571428561,12.81342857142893,86.0,37.0,21.0,75.63428571428572,19.58428571428572,2.222576931253018,-0.1503,18194.0,0,autostrada,S2_DN3_vest_dus,0.0523,0.9611,0.1379,8.4222,0.6384,1.6844
DIESEL_Constanta-DN3-Murfatlar-retur,09-10,2026-09-11 09:32:43,1101,91.74678111587984,1710.1030042918453,27.75854077253217,41.479098712446216,86.0,36.74678111587983,21.0,76.85064377682403,19.177982832618017,2.5571421902364846,-0.1345,18219.5,0,autostrada,S2_DN3_vest_dus,1.3983,0.9625,3.6895,6.0494,0.6964,1.8374
DIESEL_Constanta-DN3-Murfatlar-retur,09-10,2026-09-11 09:32:44,1102,91.03147353361952,1691.3261802575123,25.2120457796855,21.27881258941531,86.0,36.031473533619526,21.0,76.9937052932761,17.618612303290558,1.9254775844388303,-0.2426,18244.8,0,autostrada,S2_DN3_vest_dus,0.1798,0.9627,0.4744,5.4945,0.2483,0.6551
DIESEL_Constanta-DN3-Murfatlar-retur,09-10,2026-09-11 09:32:45,1103,90.0,1663.1624365482237,23.80903553299499,27.079086294416538,86.0,36.0,21.0,77.7263959390863,16.957360406091414,1.7686367945325672,-0.3347,18269.8,0,rural,S2_DN3_vest_dus,0.5633,0.9632,1.4864,5.1887,0.0694,0.1832
DIESEL_Constanta-DN3-Murfatlar-retur,09-10,2026-09-11 09:32:46,1104,88.62185686653783,1638.46929400387,25.671044487427217,16.24638297872371,86.0,35.540618955512606,21.0,75.87591876208909,15.816779497098656,2.2112630649936205,-0.4167,18294.4,0,rural,S2_DN3_vest_dus,0.0682,0.9633,0.18,5.5945,0.0694,0.1832
DIESEL_Constanta-DN3-Murfatlar-retur,09-10,2026-09-11 09:32:47,1105,87.0,1614.490875912409,29.86613138686132,11.190656934306569,86.0,35.0,21.0,75.67153284671534,15.793357664233575,2.118666027182801,-0.2806,18318.6,0,rural,S2_DN3_vest_dus,0.0,0.9633,0.0,6.5088,0.0694,0.1832
DIESEL_Constanta-DN3-Murfatlar-retur,09-10,2026-09-11 09:32:48,1106,86.60132340777507,1609.4559553349875,26.60765922249832,22.079156327542204,86.0,35.0,21.0,77.75880893300244,15.894185277088509,1.5385403522509729,-0.2119,18342.6,0,rural,S2_DN3_vest_dus,0.4779,0.9638,1.261,5.7986,0.2915,0.7691
DIESEL_Constanta-DN3-Murfatlar-retur,09-10,2026-09-11 09:32:49,1107,85.47398843930654,1597.1502890173442,23.46401734103973,32.01341040462657,86.26300578034673,35.0,21.0,77.85289017341056,15.886271676300552,1.4702219696182597,-0.3613,18366.4,0,rural,S2_DN3_vest_dus,0.8834,0.9647,2.3311,5.1135,0.0694,0.1832
DIESEL_Constanta-DN3-Murfatlar-retur,09-10,2026-09-11 09:32:50,1108,84.0,1568.1122961104145,27.05564617314973,15.59959849435337,86.70514429109164,34.70514429109164,21.0,76.9243412797992,16.1,1.4788347990633883,-0.3269,18389.7,0,rural,S2_DN3_vest_dus,0.0558,0.9647,0.1473,5.8963,0.0694,0.1832
DIESEL_Constanta-DN3-Murfatlar-retur,09-10,2026-09-11 09:32:51,1109,83.12048192771073,1553.984939759035,23.74301204819312,17.65036144578254,86.0,34.0,21.0,77.65602409638554,15.58987951807222,1.816143666927956,-0.3383,18412.8,0,rural,S2_DN3_vest_dus,0.106,0.9648,0.2798,5.1743,0.0694,0.1832
DIESEL_Constanta-DN3-Murfatlar-retur,09-10,2026-09-11 09:32:52,1110,81.56410256410251,1533.0192307692296,24.35461538461508,15.917435897436343,86.0,33.56410256410251,21.0,77.1641025641025,15.572051282051357,1.93425011605126,-0.2443,18435.5,0,rural,S2_DN3_vest_dus,0.055,0.9649,0.1451,5.3076,0.0969,0.2557
DIESEL_Constanta-DN3-Murfatlar-retur,09-10,2026-09-11 09:32:53,1111,81.36179205409977,1521.9258241758243,21.179839391377868,28.30165680473428,86.0,33.0,21.0,76.45528317836009,16.545570583262904,1.76475105988767,0.0251,18458.1,0,rural,S2_DN3_vest_dus,0.5142,0.9654,1.3568,4.6157,1.0563,2.7871
DIESEL_Constanta-DN3-Murfatlar-retur,09-10,2026-09-11 09:32:54,1112,81.74479166666673,1516.981770833335,21.43770833333336,38.36713541666746,86.0,33.0,21.0,76.27656249999998,16.82,1.747555345486979,-0.1114,18480.8,0,rural,S2_DN3_vest_dus,1.0377,0.9664,2.7381,4.6719,0.5761,1.52
DIESEL_Constanta-DN3-Murfatlar-retur,09-10,2026-09-11 09:32:55,1113,80.55984555984546,1490.943050193049,22.701158301158667,25.481158301157485,86.0,32.77992277992273,21.0,76.80810810810819,16.75617760617759,2.0664236096652067,-0.3791,18503.2,0,rural,S2_DN3_vest_dus,0.4428,0.9669,1.1685,4.9473,0.0694,0.1832
DIESEL_Constanta-DN3-Murfatlar-retur,09-10,2026-09-11 09:32:56,1114,79.015444015444,1471.4449806949806,28.284169884169938,13.064169884169766,86.0,32.007722007722,21.0,77.88918918918921,16.532239382239382,2.868018438153918,-0.4609,18525.1,0,rural,S2_DN3_vest_dus,0.0044,0.9669,0.0116,6.164,0.0694,0.1832
DIESEL_Constanta-DN3-Murfatlar-retur,09-10,2026-09-11 09:32:57,1115,77.24149659863956,1445.5114795918394,25.480391156462627,12.10248299319734,86.37925170068021,32.0,21.0,77.52397959183659,15.136887755102034,1.7663917650454866,-0.462,18546.6,0,rural,S2_DN3_vest_dus,0.0,0.9669,0.0,5.553,0.0694,0.1832
DIESEL_Constanta-DN3-Murfatlar-retur,09-10,2026-09-11 09:32:58,1116,75.6889400921659,1403.429723502304,22.64771889400921,17.958248847926292,86.6889400921659,32.0,21.0,78.23571428571428,15.23,1.4442112985261226,-0.3497,18567.6,0,rural,S2_DN3_vest_dus,0.1962,0.9671,0.5178,4.9356,0.0694,0.1832
DIESEL_Constanta-DN3-Murfatlar-retur,09-10,2026-09-11 09:32:59,1117,74.72352132049515,1378.7015130674006,19.78242090784077,26.478528198073413,86.27647867950485,32.0,21.0,76.51471801925727,15.470536451169224,1.7816387832464553,-0.2296,18588.3,0,rural,S2_DN3_vest_dus,0.4565,0.9675,1.2044,4.3112,0.0694,0.1832
DIESEL_Constanta-DN3-Murfatlar-retur,09-10,2026-09-11 09:33:00,1118,74.03576341127916,1382.3122420907844,25.559587345255,11.37536451169051,86.96423658872084,32.0,21.0,77.54635488308125,16.068885832187124,2.6238979172159107,-0.2394,18608.9,0,rural,S2_DN3_vest_dus,0.0226,0.9675,0.0595,5.5702,0.0694,0.1832
DIESEL_Constanta-DN3-Murfatlar-retur,09-10,2026-09-11 09:33:01,1119,73.0,1355.2206858407085,18.735265486725588,32.81884955752168,86.56858407079635,32.0,21.0,78.43539823008877,16.655066371681333,2.305186458645337,-0.1439,18629.2,0,rural,S2_DN3_vest_dus,0.6123,0.9682,1.6157,4.083,0.3239,0.8545
DIESEL_Constanta-DN3-Murfatlar-retur,09-10,2026-09-11 09:33:02,1120,73.0,1345.4069015097034,18.29012221423435,27.302250179726293,86.0,31.650611071171763,21.0,79.10122214234353,16.341322789360188,1.810789084451264,-0.0162,18649.5,0,rural,S2_DN3_vest_dus,0.3725,0.9685,0.9828,3.986,0.733,1.9341
DIESEL_Constanta-DN3-Murfatlar-retur,09-10,2026-09-11 09:33:03,1121,72.8831488314883,1325.3050430504306,18.054833948339468,21.18,86.0,31.0,21.0,77.58966789667893,16.42833948339482,1.735028230621373,-0.1857,18669.7,0,rural,S2_DN3_vest_dus,0.1262,0.9687,0.3329,3.9347,0.1886,0.4976
DIESEL_Constanta-DN3-Murfatlar-retur,09-10,2026-09-11 09:33:04,1122,71.66308243727607,1318.1290322580674,18.91089605734725,17.480645161291253,86.33691756272393,31.0,21.0,76.53906810035828,15.41741935483877,2.433240968214008,-0.3738,18689.6,0,rural,S2_DN3_vest_dus,0.0837,0.9687,0.2208,4.1213,0.0694,0.1832
DIESEL_Constanta-DN3-Murfatlar-retur,09-10,2026-09-11 09:33:05,1123,70.19164396003636,1289.485240690282,21.885158946412364,10.35762942779291,87.0,31.0,21.0,77.51916439600363,14.822788374205272,2.014504163275594,-0.4531,18709.1,0,rural,S2_DN3_vest_dus,0.0,0.9687,0.0,4.7695,0.0694,0.1832
DIESEL_Constanta-DN3-Murfatlar-retur,09-10,2026-09-11 09:33:06,1124,68.40069686411148,1268.1890243902435,21.348153310104525,10.823728222996522,86.70034843205575,31.0,21.0,77.10034843205575,14.691951219512196,1.838470288268066,-0.4433,18728.1,0,rural,S2_DN3_vest_dus,0.0,0.9687,0.0,4.6524,0.0694,0.1832
DIESEL_Constanta-DN3-Murfatlar-retur,09-10,2026-09-11 09:33:07,1125,67.0,1242.1496774193542,19.63891612903264,15.039625806450625,86.0,31.0,21.0,76.9310967741934,14.86334193548385,1.731835559173451,-0.2465,18746.7,0,rural,S2_DN3_vest_dus,0.0638,0.9688,0.1684,4.2799,0.0694,0.1832
DIESEL_Constanta-DN3-Murfatlar-retur,09-10,2026-09-11 09:33:08,1126,66.62611012433388,1239.807060390763,15.372877442273516,24.268534635879,86.37388987566612,31.0,21.0,77.9017761989342,15.08,1.914556706082632,-0.1834,18765.2,0,rural,S2_DN3_vest_dus,0.2052,0.969,0.5414,3.3502,0.1298,0.3425
DIESEL_Constanta-DN3-Murfatlar-retur,09-10,2026-09-11 09:33:09,1127,65.6793478260869,1217.8749999999989,16.926793478261168,17.795923913042845,86.6793478260869,31.0,21.0,76.93206521739131,15.08,1.668199200329342,-0.3608,18783.5,0,rural,S2_DN3_vest_dus,0.0857,0.9691,0.2262,3.6889,0.0694,0.1832
DIESEL_Constanta-DN3-Murfatlar-retur,09-10,2026-09-11 09:33:10,1128,64.02849740932635,1192.2111398963723,20.634378238341966,10.690544041450853,86.32383419689121,31.0,21.0,77.22668393782385,15.222487046632136,1.6081842719686803,-0.486,18801.3,0,rural,S2_DN3_vest_dus,0.0,0.9691,0.0,4.4969,0.0694,0.1832
DIESEL_Constanta-DN3-Murfatlar-retur,09-10,2026-09-11 09:33:11,1129,62.18023255813959,1173.5479651162798,19.55970930232528,17.14412790697814,87.0,31.0,21.0,77.82616279069772,15.52,1.6756496217792691,-0.1457,18818.5,0,rural,S2_DN3_vest_dus,0.1137,0.9692,0.3,4.2627,0.1948,0.514
DIESEL_Constanta-DN3-Murfatlar-retur,09-10,2026-09-11 09:33:12,1130,62.979495268138926,1183.3284700315498,15.008154574132504,37.71028391167396,86.97949526813893,31.0,21.0,78.35488958990565,15.52881703470026,2.3222085747647023,-0.025,18836.0,0,rural,S2_DN3_vest_dus,0.6206,0.9698,1.6374,3.2707,0.536,1.4144
DIESEL_Constanta-DN3-Murfatlar-retur,09-10,2026-09-11 09:33:13,1131,62.0,1222.1210506980049,15.978192505510483,22.397200587803017,86.27847171197644,31.0,21.0,76.81263776634817,15.95,2.065825227233392,-0.1386,18853.3,0,rural,S2_DN3_vest_dus,0.1613,0.97,0.4257,3.4821,0.2124,0.5606
DIESEL_Constanta-DN3-Murfatlar-retur,09-10,2026-09-11 09:33:14,1132,61.98178137651819,1405.226214574898,18.817651821862498,23.27985829959476,87.0,31.0,21.0,78.39453441295547,15.934149797570823,1.7513625910041928,-0.1513,18870.5,0,rural,S2_DN3_vest_dus,0.2478,0.9702,0.6537,4.101,0.1777,0.4689
DIESEL_Constanta-DN3-Murfatlar-retur,09-10,2026-09-11 09:33:15,1133,60.91044776119412,1375.264925373136,24.084029850746266,9.90567164179094,87.0,31.0,21.0,78.05522388059705,15.105970149253706,1.7163659169228938,-0.4141,18887.4,0,rural,S2_DN3_vest_dus,0.0,0.9702,0.0,5.2487,0.0694,0.1832
DIESEL_Constanta-DN3-Murfatlar-retur,09-10,2026-09-11 09:33:16,1134,59.0,1337.244845360825,22.184432989691253,18.345567010307622,87.0,30.69072164948462,21.0,77.31649484536076,15.74969072164946,2.495495218581246,-0.2653,18903.8,0,urban,S2_DN3_vest_dus,0.1756,0.9704,0.4634,4.8347,0.0694,0.1832
DIESEL_Constanta-DN3-Murfatlar-retur,09-10,2026-09-11 09:33:17,1135,59.0,1336.602803738317,17.82510280373829,32.015289719626224,86.81682242990661,30.0,21.0,78.0381308411214,16.003121495327083,2.673173030613865,-0.0258,18920.2,0,urban,S2_DN3_vest_dus,0.5678,0.971,1.4982,3.8846,0.4773,1.2593
DIESEL_Constanta-DN3-Murfatlar-retur,09-10,2026-09-11 09:33:18,1136,58.8141592920354,1339.057522123894,18.174867256637167,29.47628318584074,86.1858407079646,30.0,21.0,79.1,16.321769911504422,1.5871689783885856,-0.1389,18936.5,0,urban,S2_DN3_vest_dus,0.4857,0.9715,1.2817,3.9609,0.1828,0.4824
DIESEL_Constanta-DN3-Murfatlar-retur,09-10,2026-09-11 09:33:19,1137,58.0,1311.874647887323,18.113802816901387,22.41673239436639,87.0,30.315492957746528,21.0,78.68985915492951,16.63267605633802,1.714302387270837,-0.1131,18952.6,0,urban,S2_DN3_vest_dus,0.166,0.9716,0.438,3.9476,0.2417,0.6377
DIESEL_Constanta-DN3-Murfatlar-retur,09-10,2026-09-11 09:33:20,1138,58.0,1298.1443514644354,17.82447698744769,25.27221757322186,86.97071129707112,30.970711297071112,21.0,77.81171548117155,16.5089121338912,1.4701670007999437,-0.1005,18968.7,0,urban,S2_DN3_vest_dus,0.2598,0.9719,0.6854,3.8845,0.2737,0.7223
DIESEL_Constanta-DN3-Murfatlar-retur,09-10,2026-09-11 09:33:21,1139,57.27638190954869,1331.711055276366,18.13311557788836,29.02894472362066,86.0,30.0,21.0,78.16381909547744,15.78376884422114,2.0665728784329147,-1.3608,18984.6,0,urban,S2_DN3_vest_dus,0.4591,0.9724,1.2113,3.9518,0.0694,0.1832
DIESEL_Constanta-DN3-Murfatlar-retur,09-10,2026-09-11 09:33:22,1140,48.20195439739379,1402.862377850153,25.21205211726361,9.587557003257364,86.0,30.0,21.0,77.64267100977196,15.421107491856658,2.583324367884928,-2.1728,18998.0,0,urban,S2_DN3_vest_dus,0.0,0.9724,0.0,5.4945,0.0694,0.1832
DIESEL_Constanta-DN3-Murfatlar-retur,09-10,2026-09-11 09:33:23,1141,41.632385120350094,1233.4283369803068,21.188183807439827,10.220481400437636,86.05251641137856,30.0,21.0,77.12100656455142,15.042188183807438,2.785104068104152,-1.9835,19009.6,0,urban,S2_DN3_vest_dus,0.0,0.9724,0.0,4.6176,0.0694,0.1832
DIESEL_Constanta-DN3-Murfatlar-retur,09-10,2026-09-11 09:33:24,1142,33.9205983889526,1436.4142692750384,24.05132336018431,10.347905638665084,86.84579976985037,30.0,21.0,77.48457997698503,14.36,2.4022659281487884,-2.1175,19019.0,0,urban,S2_DN3_vest_dus,0.0,0.9724,0.0,5.2415,0.0694,0.1832
DIESEL_Constanta-DN3-Murfatlar-retur,09-10,2026-09-11 09:33:25,1143,26.386605783865544,1606.8514079147374,27.43458904109538,9.257975646879832,86.0,30.0,21.0,77.48066971080672,14.36,1.845447503020731,-1.892,19026.3,0,urban,S2_DN3_vest_dus,0.0,0.9724,0.0,5.9788,0.0694,0.1832
DIESEL_Constanta-DN3-Murfatlar-retur,09-10,2026-09-11 09:33:26,1144,20.298325722983108,1289.3095509893376,21.338698630136832,10.15599695585999,86.0,30.0,21.0,77.78508371385084,14.36,1.73767050077153,-1.5651,19032.0,0,urban,S2_DN3_vest_dus,0.0,0.9724,0.0,4.6504,0.0694,0.1832
DIESEL_Constanta-DN3-Murfatlar-retur,09-10,2026-09-11 09:33:27,1145,15.118069815194623,1523.2166324435548,26.283193018480976,11.342371663244457,86.97638603696107,30.0,21.0,78.09291581108832,14.643151950718712,1.4139791445156775,-1.6446,19036.2,0,urban,S2_DN3_vest_dus,0.0,0.9724,0.0,5.7279,0.0694,0.1832
DIESEL_Constanta-DN3-Murfatlar-retur,09-10,2026-09-11 09:33:28,1146,8.457101658255016,1060.6890771449123,12.787245854361876,22.71412400865182,87.0,30.0,21.0,78.791420331651,15.029488103821208,2.856214865112248,-1.4168,19038.5,0,urban,S2_DN3_vest_dus,0.1262,0.9725,0.3329,2.7867,0.0694,0.1832
DIESEL_Constanta-DN3-Murfatlar-retur,09-10,2026-09-11 09:33:29,1147,4.91691995947326,980.4979736575516,11.805106382978767,23.57901722391078,86.95845997973663,30.0,21.0,78.02938196555226,15.23,1.9722500469692112,-0.7827,19039.9,0,urban,S2_DN3_vest_dus,0.1262,0.9726,0.3329,2.5727,0.0694,0.1832
DIESEL_Constanta-DN3-Murfatlar-retur,09-10,2026-09-11 09:33:30,1148,2.821782178217532,910.1163366336522,10.9928712871287,24.395445544553944,86.08910891089124,30.0,21.0,76.52475247524774,15.216633663366316,1.6383101651909315,-0.5933,19040.7,0,urban,S2_DN3_vest_dus,0.1262,0.9727,0.3329,2.3957,0.0694,0.1832
DIESEL_Constanta-DN3-Murfatlar-retur,09-10,2026-09-11 09:33:31,1149,0.645007923930244,843.5661648177498,10.93419968304279,21.18,86.64500792393025,29.645007923930244,21.0,77.5160063391442,15.030301109350232,3.760240517833839,-0.3919,19040.9,1,urban,S2_DN3_vest_dus,0.1262,0.9729,0.3329,2.3829,0.1528,0.4031
DIESEL_Constanta-DN3-Murfatlar-retur,09-10,2026-09-11 09:33:32,1150,0.0,850.3280961182995,10.93249537892792,21.18,86.0,29.0,21.0,76.94842883548985,14.914214417744924,3.915546455172081,-0.0896,19040.9,1,urban,S2_DN3_vest_dus,0.1262,0.973,0.3329,2.3825,0.1528,0.4031
DIESEL_Constanta-DN3-Murfatlar-retur,09-10,2026-09-11 09:33:33,1151,0.0,851.2494199535969,10.826542923433884,21.22705336426916,86.0,29.0,21.0,77.03781902552215,14.79,5.11704870208109,0.0,19040.9,1,urban,S2_DN3_vest_dus,0.1262,0.9731,0.3329,2.3594,0.1528,0.4031
DIESEL_Constanta-DN3-Murfatlar-retur,09-10,2026-09-11 09:33:34,1152,0.0,867.8573825503349,11.076845637583885,21.57,86.0,29.0,21.0,79.3646532438479,14.79,3.8190622010214224,0.0,19040.9,1,urban,S2_DN3_vest_dus,0.1262,0.9732,0.3329,2.414,0.1528,0.4031
DIESEL_Constanta-DN3-Murfatlar-retur,09-10,2026-09-11 09:33:35,1153,0.0,875.7533112582784,11.191589403973513,21.57,86.25607064017659,29.0,21.0,79.17924944812361,14.79,4.294676197701731,0.0,19040.9,1,urban,S2_DN3_vest_dus,0.1262,0.9734,0.3329,2.439,0.1528,0.4031
DIESEL_Constanta-DN3-Murfatlar-retur,09-10,2026-09-11 09:33:36,1154,0.0,868.5789183222955,11.081214128035317,21.57,86.99190581309789,29.0,21.0,79.69433406916852,14.79,4.174889308964005,0.0,19040.9,1,urban,S2_DN3_vest_dus,0.1262,0.9735,0.3329,2.4149,0.1528,0.4031
DIESEL_Constanta-DN3-Murfatlar-retur,09-10,2026-09-11 09:33:37,1155,0.0,875.7947058823532,11.190047058823533,21.57,86.16705882352944,29.0,21.0,78.00023529411767,14.79,4.950617726007007,0.0,19040.9,1,urban,S2_DN3_vest_dus,0.1262,0.9736,0.3329,2.4387,0.1528,0.4031
DIESEL_Constanta-DN3-Murfatlar-retur,09-10,2026-09-11 09:33:38,1156,0.0,879.7056016597517,11.251228215767645,21.57,86.75767634854778,29.0,21.0,78.45153526970955,14.79,4.437592362677922,0.0,19040.9,1,urban,S2_DN3_vest_dus,0.1262,0.9737,0.3329,2.452,0.1528,0.4031
DIESEL_Constanta-DN3-Murfatlar-retur,09-10,2026-09-11 09:33:39,1157,0.0,869.9186851211074,11.103910034602078,21.53086505190312,86.10034602076124,29.0,21.0,78.26989619377163,14.79,4.090086941788273,0.0,19040.9,1,urban,S2_DN3_vest_dus,0.1262,0.9739,0.3329,2.4199,0.1528,0.4031
DIESEL_Constanta-DN3-Murfatlar-retur,09-10,2026-09-11 09:33:40,1158,0.0,855.805389221557,10.905757057313943,21.18,87.0,29.0,21.0,78.11291702309667,14.79,3.9373649985993726,0.0,19040.9,1,urban,S2_DN3_vest_dus,0.1262,0.974,0.3329,2.3767,0.1528,0.4031
DIESEL_Constanta-DN3-Murfatlar-retur,09-10,2026-09-11 09:33:41,1159,0.0,865.0979325353653,11.050565832426562,21.18,87.0,29.0,21.0,78.56115342763879,14.79,4.232831921336942,0.0,19040.9,1,urban,S2_DN3_vest_dus,0.1262,0.9741,0.3329,2.4083,0.1528,0.4031
DIESEL_Constanta-DN3-Murfatlar-retur,09-10,2026-09-11 09:33:42,1160,0.0,851.112499999999,10.849499999999988,21.11999999999998,86.84999999999995,29.0,21.0,77.85499999999999,14.79,3.91632020611947,0.0,19040.9,1,urban,S2_DN3_vest_dus,0.1262,0.9742,0.3329,2.3644,0.1528,0.4031
DIESEL_Constanta-DN3-Murfatlar-retur,09-10,2026-09-11 09:33:43,1161,0.0,830.5223684210533,10.560315789473696,20.78,86.0,29.0,21.0,77.36789473684215,14.79,4.164825390898809,0.0,19040.9,1,urban,S2_DN3_vest_dus,0.1262,0.9744,0.3329,2.3014,0.1528,0.4031
DIESEL_Constanta-DN3-Murfatlar-retur,09-10,2026-09-11 09:33:44,1162,0.0,818.6555891238675,10.391691842900308,20.635075528700927,86.0,29.0,21.0,77.49456193353467,14.79,4.391543678857167,0.0,19040.9,1,urban,S2_DN3_vest_dus,0.1262,0.9745,0.3329,2.2647,0.1528,0.4031
DIESEL_Constanta-DN3-Murfatlar-retur,09-10,2026-09-11 09:33:45,1163,0.0,818.81893004115,10.392962962962931,20.39,86.0,29.0,21.0,78.63827160493821,14.79,4.322115691053071,0.0473,19040.9,1,urban,S2_DN3_vest_dus,0.1262,0.9746,0.3329,2.2649,0.1528,0.4031
DIESEL_Constanta-DN3-Murfatlar-retur,09-10,2026-09-11 09:33:46,1164,0.3405740884407157,836.4619860356862,10.646159813809149,20.257176105508123,86.34057408844072,29.0,21.0,78.623196276183,14.79,3.923296755058932,0.109,19041.0,1,urban,S2_DN3_vest_dus,0.1262,0.9748,0.3329,2.3201,0.156,0.4117
DIESEL_Constanta-DN3-Murfatlar-retur,09-10,2026-09-11 09:33:47,1165,0.78479196556662,834.9368723099004,10.625824964132006,20.0,87.0,29.0,21.0,78.13041606886677,14.79,4.367751639547793,-0.0473,19041.2,1,urban,S2_DN3_vest_dus,0.1262,0.9749,0.3329,2.3157,0.1549,0.4086
DIESEL_Constanta-DN3-Murfatlar-retur,09-10,2026-09-11 09:33:48,1166,0.0,846.3377329192549,10.780962732919258,19.817111801242227,87.0,29.0,21.0,78.38695652173907,14.79,4.2615581860472975,-0.109,19041.2,1,urban,S2_DN3_vest_dus,0.1262,0.975,0.3329,2.3495,0.1528,0.4031
DIESEL_Constanta-DN3-Murfatlar-retur,09-10,2026-09-11 09:33:49,1167,0.0,850.7341101694915,10.83968220338983,19.61,86.65607344632767,29.0,21.0,77.86299435028253,14.79,4.528452804117094,0.0,19041.2,1,urban,S2_DN3_vest_dus,0.1262,0.9751,0.3329,2.3623,0.1528,0.4031
DIESEL_Constanta-DN3-Murfatlar-retur,09-10,2026-09-11 09:33:50,1168,0.0,850.2107540173048,10.827021013597026,19.5757725587145,86.08776266996281,29.0,21.0,79.58590852904835,14.79,4.021030806517614,0.0,19041.2,1,urban,S2_DN3_vest_dus,0.1262,0.9753,0.3329,2.3595,0.1528,0.4031
DIESEL_Constanta-DN3-Murfatlar-retur,09-10,2026-09-11 09:33:51,1169,0.0,857.9623115577881,10.942788944723606,19.22,87.0,29.0,21.0,78.30125628140706,14.79,3.7151618674853526,0.0,19041.2,1,urban,S2_DN3_vest_dus,0.1262,0.9754,0.3329,2.3848,0.1528,0.4031
DIESEL_Constanta-DN3-Murfatlar-retur,09-10,2026-09-11 09:33:52,1170,0.0,865.3192508710799,11.050296167247383,19.05763066202093,87.0,29.0,21.0,78.66829268292675,14.79,3.9503553703654526,0.0,19041.2,1,urban,S2_DN3_vest_dus,0.1262,0.9755,0.3329,2.4082,0.1528,0.4031
DIESEL_Constanta-DN3-Murfatlar-retur,09-10,2026-09-11 09:33:53,1171,0.0,867.7017045454546,11.087227272727274,18.82,86.63863636363634,29.0,21.0,78.48818181818173,14.79,4.324067523286949,0.0,19041.2,1,urban,S2_DN3_vest_dus,0.1262,0.9756,0.3329,2.4163,0.1528,0.4031
DIESEL_Constanta-DN3-Murfatlar-retur,09-10,2026-09-11 09:33:54,1172,0.0,867.2742537313432,11.083656716417908,18.82,86.32686567164183,29.0,21.0,77.61522388059713,14.79,4.649056561463086,0.0,19041.2,1,urban,S2_DN3_vest_dus,0.1262,0.9758,0.3329,2.4155,0.1528,0.4031
DIESEL_Constanta-DN3-Murfatlar-retur,09-10,2026-09-11 09:33:55,1173,0.0,865.649790136411,11.064396642182576,18.779895068205683,87.0,28.89716684155304,21.0,79.44858342077652,14.79,4.6582900822188815,0.0,19041.2,1,urban,S2_DN3_vest_dus,0.1262,0.9759,0.3329,2.4113,0.1528,0.4031
DIESEL_Constanta-DN3-Murfatlar-retur,09-10,2026-09-11 09:33:56,1174,0.0,872.0298377752031,11.169837775202785,18.43,87.0,28.0,21.0,78.93279258400928,14.79,4.149557812454548,0.0,19041.2,1,urban,S2_DN3_vest_dus,0.1262,0.976,0.3329,2.4343,0.1528,0.4031
DIESEL_Constanta-DN3-Murfatlar-retur,09-10,2026-09-11 09:33:57,1175,0.0,870.3835616438342,11.153698630136969,18.43,87.0,28.0,21.0,78.14931506849325,14.79,3.9542502621614015,0.0,19041.2,1,urban,S2_DN3_vest_dus,0.1262,0.9761,0.3329,2.4307,0.1528,0.4031
DIESEL_Constanta-DN3-Murfatlar-retur,09-10,2026-09-11 09:33:58,1176,0.0,870.127725118483,11.145279620853074,18.43,86.61516587677724,28.0,21.0,77.43090047393366,14.79,3.93562427879974,0.0,19041.2,1,urban,S2_DN3_vest_dus,0.1262,0.9763,0.3329,2.4289,0.1528,0.4031
DIESEL_Constanta-DN3-Murfatlar-retur,09-10,2026-09-11 09:33:59,1177,0.0,849.295077720207,10.828176165803104,18.43,86.36373056994825,28.36373056994825,21.0,78.12735751295342,14.79,3.738344242028189,0.0,19041.2,1,urban,S2_DN3_vest_dus,0.1262,0.9764,0.3329,2.3598,0.1528,0.4031
DIESEL_Constanta-DN3-Murfatlar-retur,09-10,2026-09-11 09:34:00,1178,0.0,847.155036726128,10.79405036726128,18.43,87.0,29.0,21.0,78.25445960125921,14.79,4.006624669724299,0.0,19041.2,1,urban,S2_DN3_vest_dus,0.1262,0.9765,0.3329,2.3524,0.1528,0.4031
DIESEL_Constanta-DN3-Murfatlar-retur,09-10,2026-09-11 09:34:01,1179,0.0,841.9139130434788,10.717165217391312,18.57684347826085,87.0,29.0,21.0,77.63765217391304,14.79,4.343644128945831,0.0,19041.2,1,urban,S2_DN3_vest_dus,0.1262,0.9766,0.3329,2.3356,0.1528,0.4031
DIESEL_Constanta-DN3-Murfatlar-retur,09-10,2026-09-11 09:34:02,1180,0.0,828.1723963599602,10.519908998988887,18.82,87.0,29.0,21.0,78.01476238624869,14.79,4.668182474577908,0.0,19041.2,1,urban,S2_DN3_vest_dus,0.1262,0.9768,0.3329,2.2926,0.1528,0.4031
DIESEL_Constanta-DN3-Murfatlar-retur,09-10,2026-09-11 09:34:03,1181,0.0,817.5583690987123,10.364952789699569,18.82,87.0,29.0,21.0,78.3962231759656,14.79,4.44572508985914,0.0,19041.2,1,urban,S2_DN3_vest_dus,0.1262,0.9769,0.3329,2.2588,0.1528,0.4031
DIESEL_Constanta-DN3-Murfatlar-retur,09-10,2026-09-11 09:34:04,1182,0.0,818.5080789946128,10.382423698384184,18.86631956912026,87.0,29.0,21.0,77.39685816876111,14.79,3.812674746120241,0.0,19041.2,1,urban,S2_DN3_vest_dus,0.1262,0.977,0.3329,2.2627,0.1528,0.4031
DIESEL_Constanta-DN3-Murfatlar-retur,09-10,2026-09-11 09:34:05,1183,0.0,835.8528403525962,10.631469147894231,19.22,86.98530852105769,29.0,21.0,78.86767874632693,14.79,4.501373394291375,0.0,19041.2,1,urban,S2_DN3_vest_dus,0.1262,0.9771,0.3329,2.3169,0.1528,0.4031
DIESEL_Constanta-DN3-Murfatlar-retur,09-10,2026-09-11 09:34:06,1184,0.0,842.7088638589612,10.729412340842304,19.22,86.00587659157696,29.0,21.0,76.71292850146934,14.79,4.145707949840356,0.0,19041.2,1,urban,S2_DN3_vest_dus,0.1262,0.9773,0.3329,2.3383,0.1528,0.4031
DIESEL_Constanta-DN3-Murfatlar-retur,09-10,2026-09-11 09:34:07,1185,0.0,827.7454337899537,10.503436073059351,19.61,87.0,29.0,21.0,77.14417808219167,14.79,3.775965517667441,0.0,19041.2,1,urban,S2_DN3_vest_dus,0.1262,0.9774,0.3329,2.289,0.1528,0.4031
DIESEL_Constanta-DN3-Murfatlar-retur,09-10,2026-09-11 09:34:08,1186,0.0,836.5224252491676,10.626868770764094,19.66409468438536,87.0,29.0,21.0,77.72259136212638,14.79,3.762068812650473,0.0,19041.2,1,urban,S2_DN3_vest_dus,0.1262,0.9775,0.3329,2.3159,0.1528,0.4031
DIESEL_Constanta-DN3-Murfatlar-retur,09-10,2026-09-11 09:34:09,1187,0.0,860.6088039867101,10.9674003322259,19.9880149501661,87.0,29.0,21.0,76.06146179401999,14.79,3.87317603969998,0.0,19041.2,1,urban,S2_DN3_vest_dus,0.1262,0.9777,0.3329,2.3901,0.1528,0.4031
DIESEL_Constanta-DN3-Murfatlar-retur,09-10,2026-09-11 09:34:10,1188,0.0,858.544684854186,10.93314205079962,20.15776105362184,87.0,29.0,21.0,77.42587017873944,14.79,4.531338627042638,0.0,19041.2,1,urban,S2_DN3_vest_dus,0.1262,0.9778,0.3329,2.3827,0.1528,0.4031
DIESEL_Constanta-DN3-Murfatlar-retur,09-10,2026-09-11 09:34:11,1189,0.0,858.2860429447841,10.917566462167672,20.39,87.0,29.375255623721817,21.0,77.97484662576692,14.79,4.342832074247848,0.0,19041.2,1,urban,S2_DN3_vest_dus,0.1262,0.9779,0.3329,2.3793,0.1528,0.4031
DIESEL_Constanta-DN3-Murfatlar-retur,09-10,2026-09-11 09:34:12,1190,0.0,873.217155009451,11.124120982986756,20.53339319470696,86.63232514177703,30.0,21.0,77.74706994328918,14.79,4.315994861101285,0.0,19041.2,1,urban,S2_DN3_vest_dus,0.1262,0.978,0.3329,2.4243,0.1528,0.4031
DIESEL_Constanta-DN3-Murfatlar-retur,09-10,2026-09-11 09:34:13,1191,0.0,876.8597715736047,11.166395939086303,20.78,86.28003384094747,30.28003384094746,21.0,78.16802030456847,14.79,4.483833581400103,0.0,19041.2,1,urban,S2_DN3_vest_dus,0.1262,0.9782,0.3329,2.4335,0.1528,0.4031
DIESEL_Constanta-DN3-Murfatlar-retur,09-10,2026-09-11 09:34:14,1192,0.0,872.7120669056147,11.087120669056148,20.85120669056148,86.8219832735963,31.0,21.0,78.47538829151742,14.79,4.29702704883838,0.0,19041.2,1,urban,S2_DN3_vest_dus,0.1262,0.9783,0.3329,2.4162,0.1528,0.4031
DIESEL_Constanta-DN3-Murfatlar-retur,09-10,2026-09-11 09:34:15,1193,0.0,871.3750000000008,11.045000000000012,21.18,86.0,31.24999999999996,21.0,77.87500000000001,14.79,4.062789508285785,0.0,19041.2,1,urban,S2_DN3_vest_dus,0.1262,0.9784,0.3329,2.407,0.1528,0.4031
DIESEL_Constanta-DN3-Murfatlar-retur,09-10,2026-09-11 09:34:16,1194,0.0,857.0428571428566,10.81199999999999,21.18,86.05714285714292,32.05714285714292,21.0,77.79428571428572,14.79,4.044700217687385,0.0,19041.2,1,urban,S2_DN3_vest_dus,0.1262,0.9785,0.3329,2.3563,0.1528,0.4031
DIESEL_Constanta-DN3-Murfatlar-retur,09-10,2026-09-11 09:34:17,1195,0.0,849.9000000000002,10.687000000000005,21.18,86.94999999999997,32.94999999999997,21.0,77.70500000000001,14.79,4.381884389049178,0.0,19041.2,1,urban,S2_DN3_vest_dus,0.1262,0.9787,0.3329,2.329,0.1528,0.4031
DIESEL_Constanta-DN3-Murfatlar-retur,09-10,2026-09-11 09:34:18,1196,0.0,852.4720299884658,10.7,21.57,87.0,34.08073817762392,21.0,78.18385236447521,14.79,4.041094566910327,0.0,19041.2,1,urban,S2_DN3_vest_dus,0.1262,0.9788,0.3329,2.3319,0.1528,0.4031
DIESEL_Constanta-DN3-Murfatlar-retur,09-10,2026-09-11 09:34:19,1197,0.0,849.9074394463672,10.707024221453286,21.57,87.0,35.234140715109554,21.0,77.97658592848904,14.893021914648203,3.716958784382956,0.1364,19041.2,1,urban,S2_DN3_vest_dus,0.1262,0.9789,0.3329,2.3334,0.1528,0.4031
DIESEL_Constanta-DN3-Murfatlar-retur,09-10,2026-09-11 09:34:20,1198,0.9817384952521072,865.6473703433195,11.051519357195064,25.131256391527018,87.0,36.0,21.0,77.99817384952522,15.443528122717334,3.375210778428584,0.5422,19041.4,1,urban,S2_DN3_vest_dus,0.1726,0.9791,0.4555,2.4085,0.1808,0.477
DIESEL_Constanta-DN3-Murfatlar-retur,09-10,2026-09-11 09:34:21,1199,3.903579254930887,962.0681154127192,12.008422205989865,35.73023374726179,87.0,36.0,21.0,78.29035792549308,16.07902848794747,1.5860399370446672,1.4365,19042.5,0,urban,S2_DN3_vest_dus,0.3109,0.9794,0.8203,2.617,0.3341,0.8815
DIESEL_Constanta-DN3-Murfatlar-retur,09-10,2026-09-11 09:34:22,1200,11.324731182795684,1223.9903225806438,17.38496774193546,40.53260215053765,86.0,37.33118279569892,21.0,78.39935483870967,17.543849462365586,2.112109189995823,1.4781,19045.7,0,urban,S2_DN3_vest_dus,0.6932,0.9801,1.829,3.7887,0.8591,2.2668
DIESEL_Constanta-DN3-Murfatlar-retur,09-10,2026-09-11 09:34:23,1201,14.545602605863223,1512.4641693811104,23.07809446254077,37.30736156351789,86.10912052117264,38.0,21.0,78.4144951140065,18.48328990228013,3.177629338066137,1.3301,19049.7,0,urban,S2_DN3_vest_dus,0.9808,0.9811,2.5879,5.0294,0.9904,2.6132
DIESEL_Constanta-DN3-Murfatlar-retur,09-10,2026-09-11 09:34:24,1202,20.90136411332628,2176.777019937034,36.37157397691486,34.51,87.0,38.0,21.0,77.18520461699894,19.413546694648467,1.7966207940174668,1.4538,19055.5,0,urban,S2_DN3_vest_dus,1.4118,0.9825,3.725,7.9265,1.5107,3.9862
DIESEL_Constanta-DN3-Murfatlar-retur,09-10,2026-09-11 09:34:25,1203,25.01288244766512,2150.953301127205,37.0229790660224,39.08729468599048,86.59742351046698,38.40257648953303,21.0,77.70128824476652,20.16388083735911,1.7538721996662336,1.1753,19062.5,0,urban,S2_DN3_vest_dus,1.6535,0.9841,4.3628,8.0685,1.493,3.9394
DIESEL_Constanta-DN3-Murfatlar-retur,09-10,2026-09-11 09:34:26,1204,29.363636363636363,1799.5227272727273,31.58909090909091,45.77363636363636,86.0,39.0,21.0,77.97272727272727,20.79636363636364,1.7237482398588957,1.3121,19070.6,0,urban,S2_DN3_vest_dus,1.8526,0.986,4.8882,6.8842,1.9235,5.0754
DIESEL_Constanta-DN3-Murfatlar-retur,09-10,2026-09-11 09:34:27,1205,34.4596491228069,2113.8149122806926,38.89642105263137,45.49,86.36491228070173,39.0,21.0,77.75403508771932,21.531649122807,2.162359813244882,1.3271,19080.2,0,urban,S2_DN3_vest_dus,2.1741,0.9882,5.7365,8.4767,2.2786,6.0123
DIESEL_Constanta-DN3-Murfatlar-retur,09-10,2026-09-11 09:34:28,1206,38.91855583543281,2415.2965994962447,46.11295549958074,45.78929471032752,86.61628883291344,39.0,21.0,77.7685978169606,22.23382871536531,1.8157908833829568,1.1968,19091.0,0,urban,S2_DN3_vest_dus,2.4554,0.9906,6.4788,10.0494,2.354,6.2113
DIESEL_Constanta-DN3-Murfatlar-retur,09-10,2026-09-11 09:34:29,1207,43.07692307692332,2397.721153846109,50.68884615384622,50.07153846153934,86.26923076923083,39.26923076923083,21.0,78.41538461538467,22.966538461538505,1.4889506490252855,1.1597,19103.0,0,urban,S2_DN3_vest_dus,2.6668,0.9933,7.0366,11.0467,2.5419,6.7071
DIESEL_Constanta-DN3-Murfatlar-retur,09-10,2026-09-11 09:34:30,1208,47.26844106463882,1903.7319391634992,52.967163498098905,60.472448669201526,87.0,40.0,21.0,78.72517110266159,23.652212927756658,1.6496144558277042,1.2159,19116.1,0,urban,S2_DN3_vest_dus,2.7662,0.9961,7.299,11.5432,2.9161,7.6944
DIESEL_Constanta-DN3-Murfatlar-retur,09-10,2026-09-11 09:34:31,1209,51.83117870722418,2035.8612167300337,58.24473003802264,60.76902661596957,87.0,40.0,21.0,77.7365779467681,24.199741444866905,2.392647477029468,1.3727,19130.5,0,urban,S2_DN3_vest_dus,2.9581,0.999,7.8053,12.6933,3.5698,9.4194
DIESEL_Constanta-DN3-Murfatlar-retur,09-10,2026-09-11 09:34:32,1210,57.15165876777269,2053.887440758261,58.9866350710889,59.338151658767615,87.0,40.0,21.0,78.04644549763032,24.268436018957285,1.9027055736029592,1.0348,19146.4,0,urban,S2_DN3_vest_dus,2.8932,1.0019,7.6339,12.855,3.1131,8.2142
DIESEL_Constanta-DN3-Murfatlar-retur,09-10,2026-09-11 09:34:33,1211,59.28205128205133,1723.0128205128226,42.84948717948655,52.89179487179412,87.0,40.0,21.0,77.77179487179487,23.23102564102557,1.5162339635579192,0.4405,19162.8,0,urban,S2_DN3_vest_dus,2.0577,1.004,5.4295,9.3382,1.6943,4.4706
DIESEL_Constanta-DN3-Murfatlar-retur,09-10,2026-09-11 09:34:34,1212,60.32305433186493,1758.649779735683,31.99234948604989,38.754449339206914,87.0,40.32305433186493,21.0,77.82922173274596,21.72157121879586,1.687913467295817,0.2528,19179.6,0,rural,S2_DN3_vest_dus,1.3919,1.0054,3.6726,6.9721,1.233,3.2535
DIESEL_Constanta-DN3-Murfatlar-retur,09-10,2026-09-11 09:34:35,1213,61.10222804718215,1727.578964613377,29.75758846657951,35.27159895150704,87.0,40.89777195281785,21.0,78.06933158584535,20.532477064220227,1.7809519543235748,0.1872,19196.6,0,rural,S2_DN3_vest_dus,1.1227,1.0065,2.9624,6.4851,1.0776,2.8435
DIESEL_Constanta-DN3-Murfatlar-retur,09-10,2026-09-11 09:34:36,1214,61.67084639498431,1394.3636363636365,21.09379310344828,35.12018808777388,87.0,40.0,21.0,78.03040752351099,18.71,2.7999403752750407,0.0713,19213.7,0,rural,S2_DN3_vest_dus,0.7187,1.0072,1.8964,4.597,0.7774,2.0513
DIESEL_Constanta-DN3-Murfatlar-retur,09-10,2026-09-11 09:34:37,1215,61.615649183146935,1393.4247635425618,20.75834909716255,29.62978503869171,86.69217540842654,40.0,21.0,78.25374032674122,18.396018916595064,2.7516797446992234,0.1621,19230.8,0,rural,S2_DN3_vest_dus,0.4758,1.0077,1.2553,4.5239,1.0219,2.6965
DIESEL_Constanta-DN3-Murfatlar-retur,09-10,2026-09-11 09:34:38,1216,62.83803986710968,1401.885589700997,20.059867109634585,44.11941029900461,86.16196013289031,40.0,21.0,77.63521594684387,17.596063122923617,1.7169994396321318,0.0544,19248.3,0,rural,S2_DN3_vest_dus,1.0779,1.0087,2.8441,4.3717,0.7529,1.9866
DIESEL_Constanta-DN3-Murfatlar-retur,09-10,2026-09-11 09:34:39,1217,62.00747508305649,1400.0168189368771,19.49508305647841,20.98818106312327,86.99252491694351,40.0,21.0,77.3029900332226,17.114335548172765,1.5245528922445872,-0.1591,19265.5,0,rural,S2_DN3_vest_dus,0.1347,1.0089,0.3553,4.2486,0.1567,0.4135
DIESEL_Constanta-DN3-Murfatlar-retur,09-10,2026-09-11 09:34:40,1218,61.692686935086414,1390.0055464256388,20.237838948232863,26.429350862778456,86.1536565324568,39.0,21.0,77.2,16.86456039441247,1.9667758243632287,-0.272,19282.6,0,rural,S2_DN3_vest_dus,0.4272,1.0093,1.1271,4.4105,0.0694,0.1832
DIESEL_Constanta-DN3-Murfatlar-retur,09-10,2026-09-11 09:34:41,1219,60.04930156121607,1365.971035332785,26.26906327033704,12.575612161051431,86.97534921939197,39.0,21.0,77.2,17.10285127362367,1.4666646266312915,0.0371,19299.3,0,rural,S2_DN3_vest_dus,0.0124,1.0093,0.0328,5.7248,0.6574,1.7346
DIESEL_Constanta-DN3-Murfatlar-retur,09-10,2026-09-11 09:34:42,1220,61.959595959596,1406.6464646464651,28.24303030303033,56.33909090909175,87.0,39.0,21.0,75.6323232323232,17.67828282828284,1.936176569497477,0.216,19316.5,0,rural,S2_DN3_vest_dus,1.4836,1.0108,3.9146,6.155,1.1763,3.1038
DIESEL_Constanta-DN3-Murfatlar-retur,09-10,2026-09-11 09:34:43,1221,61.604166666666565,1394.4895833333312,23.21125000000092,22.206249999997908,86.39583333333343,37.604166666666565,21.0,77.44374999999991,17.543958333333478,2.2622738644139666,-0.1333,19333.6,0,rural,S2_DN3_vest_dus,0.3431,1.0111,0.9052,5.0585,0.223,0.5884
DIESEL_Constanta-DN3-Murfatlar-retur,09-10,2026-09-11 09:34:44,1222,61.0,1381.4157263751763,25.52647390691097,20.911664315938545,86.66290550070521,37.0,21.0,77.00112834978844,17.880648801128324,2.2845660920977435,-0.0839,19350.6,0,rural,S2_DN3_vest_dus,0.3403,1.0115,0.8979,5.563,0.3494,0.9221
DIESEL_Constanta-DN3-Murfatlar-retur,09-10,2026-09-11 09:34:45,1223,61.0,1381.876865671641,19.066716417910424,41.63328358209084,86.08955223880591,36.91044776119409,21.0,77.16417910447764,16.833432835820886,1.5659650292862817,0.039,19367.5,0,rural,S2_DN3_vest_dus,0.936,1.0124,2.4697,4.1552,0.6785,1.7902
DIESEL_Constanta-DN3-Murfatlar-retur,09-10,2026-09-11 09:34:46,1224,61.28097982708938,1389.865634005764,19.76593659942368,26.098270893372323,87.0,36.0,21.0,76.51902017291061,17.253789625360273,2.2882061178116224,0.1389,19384.5,0,rural,S2_DN3_vest_dus,0.3488,1.0128,0.9204,4.3076,0.952,2.5119
DIESEL_Constanta-DN3-Murfatlar-retur,09-10,2026-09-11 09:34:47,1225,62.0,1394.029166666666,20.59793750000005,35.685083333333445,87.0,35.99791666666672,21.0,75.80291666666659,17.977583333333392,2.5398750686099576,0.0934,19401.8,0,rural,S2_DN3_vest_dus,0.757,1.0135,1.9973,4.4889,0.8437,2.2263
DIESEL_Constanta-DN3-Murfatlar-retur,09-10,2026-09-11 09:34:48,1226,61.95353982300894,1407.4773230088506,19.60442477876107,32.74692477876222,87.0,35.0,21.0,77.23716814159285,16.82696902654866,2.1968407587824816,-0.1389,19419.0,0,rural,S2_DN3_vest_dus,0.6676,1.0142,1.7616,4.2724,0.2112,0.5572
DIESEL_Constanta-DN3-Murfatlar-retur,09-10,2026-09-11 09:34:49,1227,61.0,1393.0202702702725,19.44151351351354,21.220108108107848,87.0,35.0,21.0,78.0932432432432,16.97,1.695506749364403,-0.0885,19435.9,0,rural,S2_DN3_vest_dus,0.1379,1.0143,0.364,4.2369,0.3371,0.8896
DIESEL_Constanta-DN3-Murfatlar-retur,09-10,2026-09-11 09:34:50,1228,61.316626889419226,1375.4043357199682,19.37248210023865,27.60760540970524,87.0,35.0,21.0,77.99339697692925,17.106149562450266,2.5842671968273603,0.1389,19453.0,0,rural,S2_DN3_vest_dus,0.389,1.0147,1.0265,4.2219,0.9527,2.5139
DIESEL_Constanta-DN3-Murfatlar-retur,09-10,2026-09-11 09:34:51,1229,62.0,1376.7543103448295,19.948764367816214,38.150833333333736,87.0,35.13505747126443,21.0,77.0890804597702,17.5769252873564,2.9675459136140057,0.1183,19470.2,0,rural,S2_DN3_vest_dus,0.8543,1.0156,2.254,4.3475,0.9115,2.4051
DIESEL_Constanta-DN3-Murfatlar-retur,09-10,2026-09-11 09:34:52,1230,62.16869565217387,1405.5182608695648,21.71807826086956,44.18485217391297,87.0,36.0,21.0,78.1734782608696,18.73446086956521,1.5939472987639336,0.265,19487.4,0,rural,S2_DN3_vest_dus,1.0885,1.0167,2.8721,4.733,1.3153,3.4705
DIESEL_Constanta-DN3-Murfatlar-retur,09-10,2026-09-11 09:34:53,1231,63.907826086956334,1421.1704347826071,22.213730434782555,46.91528695652145,87.0,36.0,21.0,76.86913043478275,18.986634782608668,2.779191710732138,0.1155,19505.2,0,rural,S2_DN3_vest_dus,1.2531,1.0179,3.3064,4.8411,0.9441,2.4912
DIESEL_Constanta-DN3-Murfatlar-retur,09-10,2026-09-11 09:34:54,1232,63.0,1416.7215909090935,20.66990259740273,25.208181818182155,87.0,36.0,21.0,76.688961038961,17.673344155844237,2.517166764075759,-0.1261,19522.7,0,rural,S2_DN3_vest_dus,0.3423,1.0183,0.9032,4.5046,0.2568,0.6776
DIESEL_Constanta-DN3-Murfatlar-retur,09-10,2026-09-11 09:34:55,1233,63.0,1388.3125000000018,19.14392857142867,21.39000000000025,87.0,36.0,21.0,77.0785714285714,16.731785714285774,2.1023512985794195,-0.2273,19540.2,0,rural,S2_DN3_vest_dus,0.1374,1.0184,0.3627,4.1721,0.0694,0.1832
DIESEL_Constanta-DN3-Murfatlar-retur,09-10,2026-09-11 09:34:56,1234,61.36332179930804,1375.9532871972322,23.24501730103749,22.338235294120373,87.0,36.36332179930804,21.0,76.37197231833929,16.53,1.821398574557727,-0.1389,19557.2,0,rural,S2_DN3_vest_dus,0.3897,1.0188,1.0282,5.0658,0.2056,0.5425
DIESEL_Constanta-DN3-Murfatlar-retur,09-10,2026-09-11 09:34:57,1235,62.0,1386.8382352941178,18.9229411764706,36.72117647058801,87.0,37.0,21.0,77.40588235294116,16.649411764705885,1.971016652136239,0.0498,19574.5,0,rural,S2_DN3_vest_dus,0.7608,1.0196,2.0074,4.1239,0.7251,1.9132
DIESEL_Constanta-DN3-Murfatlar-retur,09-10,2026-09-11 09:34:58,1236,61.72222222222226,1396.527777777778,19.619999999999965,26.53555555555546,87.0,37.0,21.0,76.28333333333339,17.103333333333293,1.9483720158673723,-0.1301,19591.6,0,rural,S2_DN3_vest_dus,0.3505,1.0199,0.9248,4.2758,0.2328,0.6143
DIESEL_Constanta-DN3-Murfatlar-retur,09-10,2026-09-11 09:34:59,1237,61.063618290258525,1389.2549701789249,20.231192842942303,28.58926441351928,87.0,37.063618290258525,21.0,75.32723658051705,17.830457256461223,2.437185514403048,0.0386,19608.6,0,rural,S2_DN3_vest_dus,0.4537,1.0204,1.1971,4.409,0.6785,1.7903
DIESEL_Constanta-DN3-Murfatlar-retur,09-10,2026-09-11 09:35:00,1238,62.0,1369.291720990873,19.753011734028664,34.14514993481087,87.0,38.0,21.0,77.08657105606261,17.733859191655796,1.4758220821157642,0.1301,19625.8,0,rural,S2_DN3_vest_dus,0.65,1.021,1.7151,4.3048,0.9436,2.4898
DIESEL_Constanta-DN3-Murfatlar-retur,09-10,2026-09-11 09:35:01,1239,62.0,1400.613817097415,21.04620278330019,39.67125248508943,87.0,38.0,21.0,76.01819085487075,18.31338966202783,1.698007246552476,0.0318,19643.0,0,rural,S2_DN3_vest_dus,0.9198,1.0219,2.4269,4.5866,0.6761,1.784
DIESEL_Constanta-DN3-Murfatlar-retur,09-10,2026-09-11 09:35:02,1240,62.228731942215134,1418.5945024077052,21.53292937399681,38.44922150882776,87.0,38.0,21.0,76.66276083467092,18.486332263242392,1.4631897933986309,0.1389,19660.3,0,rural,S2_DN3_vest_dus,0.9084,1.0228,2.397,4.6927,0.9725,2.5661
DIESEL_Constanta-DN3-Murfatlar-retur,09-10,2026-09-11 09:35:03,1241,63.0,1426.4815864022662,21.877053824362605,30.864362606232213,87.0,38.0,21.0,76.25155807365438,18.71,1.5694662050312664,0.1071,19677.8,0,rural,S2_DN3_vest_dus,0.5794,1.0234,1.5289,4.7677,0.9016,2.3789
DIESEL_Constanta-DN3-Murfatlar-retur,09-10,2026-09-11 09:35:04,1242,63.0,1426.0094428706327,21.801510859301228,37.8993012275733,87.0,38.0,21.0,77.57355996222853,18.71,1.7169677388563511,0.1389,19695.3,0,rural,S2_DN3_vest_dus,0.8773,1.0243,2.3149,4.7512,0.9895,2.6109
DIESEL_Constanta-DN3-Murfatlar-retur,09-10,2026-09-11 09:35:05,1243,64.0,1454.969312169313,23.614719576719644,44.16140740740802,87.0,39.0,21.0,76.44328042328043,19.792052910052952,1.776330647938549,0.2753,19713.1,0,rural,S2_DN3_vest_dus,1.1836,1.0255,3.1231,5.1464,1.395,3.6808
DIESEL_Constanta-DN3-Murfatlar-retur,09-10,2026-09-11 09:35:06,1244,64.98235709244877,1481.6245589273103,24.482646436132683,53.47131263232182,87.0,39.0,21.0,76.36901905434016,20.165116443189856,2.007768767310672,0.403,19731.1,0,rural,S2_DN3_vest_dus,1.5566,1.027,4.1072,5.3355,1.7873,4.7161
DIESEL_Constanta-DN3-Murfatlar-retur,09-10,2026-09-11 09:35:07,1245,66.90136411332628,1503.786201469044,24.207124868835272,51.35393494228661,87.0,39.0,21.0,76.15424973767054,19.622906610703065,1.8656878690601832,0.0308,19749.7,0,rural,S2_DN3_vest_dus,1.4457,1.0285,3.8147,5.2755,0.7613,2.0088
DIESEL_Constanta-DN3-Murfatlar-retur,09-10,2026-09-11 09:35:08,1246,65.20412595005439,1476.822747014118,25.82105320304071,24.46243213898117,87.0,39.1020629750272,21.0,77.03669923995649,20.435711183496192,3.783568743891,0.0342,19767.8,0,rural,S2_DN3_vest_dus,0.2936,1.0288,0.7747,5.6272,0.7396,1.9515
DIESEL_Constanta-DN3-Murfatlar-retur,09-10,2026-09-11 09:35:09,1247,67.1473594548552,1533.749787052811,33.893356047700124,55.06958262350932,87.0,40.0,21.0,75.70315161839864,20.2024275979557,2.096298361443512,0.3882,19786.5,0,rural,S2_DN3_vest_dus,1.7107,1.0305,4.514,7.3864,1.8192,4.8002
DIESEL_Constanta-DN3-Murfatlar-retur,09-10,2026-09-11 09:35:10,1248,67.99914821124364,1553.9797700170363,25.06882453151597,44.72034923338988,87.0,40.0,21.0,76.29940374787054,19.58062180579215,2.09535092321914,0.2879,19805.4,0,rural,S2_DN3_vest_dus,1.3883,1.0319,3.6632,5.4633,1.5495,4.0885
DIESEL_Constanta-DN3-Murfatlar-retur,09-10,2026-09-11 09:35:11,1249,69.22012037833177,1578.4836629406686,32.191805674978085,47.47548581255262,87.0,40.40670679277726,21.0,76.04737747205498,21.428220120378377,2.366514263615976,0.4168,19824.6,0,rural,S2_DN3_vest_dus,1.497,1.0334,3.9499,7.0156,1.9787,5.221
DIESEL_Constanta-DN3-Murfatlar-retur,09-10,2026-09-11 09:35:12,1250,71.0,1606.7284110535406,35.114093264248986,54.7118652849749,87.0,41.0,21.0,76.56614853195165,20.584732297063915,1.899844337885216,0.2472,19844.3,0,rural,S2_DN3_vest_dus,1.8197,1.0352,4.8015,7.6525,1.5162,4.0005
DIESEL_Constanta-DN3-Murfatlar-retur,09-10,2026-09-11 09:35:13,1251,71.0,1603.3027045769763,26.712649098474344,31.167642163661743,87.0,41.0,21.0,76.41081830790574,20.19162274618586,1.752063113929696,0.0,19864.0,0,rural,S2_DN3_vest_dus,0.7837,1.036,2.0678,5.8215,0.7459,1.968
DIESEL_Constanta-DN3-Murfatlar-retur,09-10,2026-09-11 09:35:14,1252,71.0,1609.1628869690426,26.409366450683944,34.30432685385169,87.0,41.0,21.0,77.26205903527718,19.94695464362851,2.1333815280197626,0.007,19883.8,0,rural,S2_DN3_vest_dus,0.942,1.0369,2.4855,5.7554,0.7677,2.0256
DIESEL_Constanta-DN3-Murfatlar-retur,09-10,2026-09-11 09:35:15,1253,71.05023923444966,1622.9934210526292,25.673708133971203,36.6473444976073,87.0,41.0,21.0,77.32966507177048,19.1550717703349,2.440579695769104,0.1768,19903.5,0,rural,S2_DN3_vest_dus,1.0852,1.038,2.8634,5.5951,1.2981,3.4253
DIESEL_Constanta-DN3-Murfatlar-retur,09-10,2026-09-11 09:35:16,1254,72.27284768211912,1648.341721854304,26.66370860927148,38.93043708609305,87.0,41.27284768211912,21.0,76.05456953642383,19.55732450331122,1.7903964890701929,0.2708,19923.6,0,rural,S2_DN3_vest_dus,1.256,1.0393,3.3142,5.8108,1.6295,4.2995
DIESEL_Constanta-DN3-Murfatlar-retur,09-10,2026-09-11 09:35:17,1255,73.0,1656.326804577465,27.258802816901422,37.636267605633925,87.0,42.0,21.0,76.6367077464789,19.929551056338035,1.9959381120444228,0.1518,19943.9,0,rural,S2_DN3_vest_dus,1.1727,1.0404,3.0943,5.9405,1.2712,3.3543
DIESEL_Constanta-DN3-Murfatlar-retur,09-10,2026-09-11 09:35:18,1256,73.36585365853661,1667.4024390243906,27.86951219512197,40.0,87.0,42.0,21.0,76.89756097560974,20.232195121951232,2.592589780140069,0.2705,19964.2,0,rural,S2_DN3_vest_dus,1.348,1.0418,3.5568,6.0736,1.6632,4.3885
DIESEL_Constanta-DN3-Murfatlar-retur,09-10,2026-09-11 09:35:19,1257,74.9478079331942,1693.3094989561594,28.306221294363247,44.45943632567868,87.0,42.4739039665971,21.0,75.72609603340291,20.25405010438412,2.138335956742301,0.3103,19985.1,0,rural,S2_DN3_vest_dus,1.5674,1.0433,4.1357,6.1688,1.8452,4.8687
DIESEL_Constanta-DN3-Murfatlar-retur,09-10,2026-09-11 09:35:20,1258,75.59967715899913,1703.8452380952372,28.04797417271993,39.20577078288775,87.0,43.0,21.0,75.5202582728007,19.93004842615013,1.76050836834616,0.0419,20006.1,0,rural,S2_DN3_vest_dus,1.2109,1.0446,3.195,6.1125,0.9772,2.5783
DIESEL_Constanta-DN3-Murfatlar-retur,09-10,2026-09-11 09:35:21,1259,75.24975704567548,1704.1161321671548,28.252254616132227,28.42561710398555,87.0,43.0,21.0,76.34965986394566,20.09242954324589,2.0073821193553307,0.0814,20027.0,0,rural,S2_DN3_vest_dus,0.6779,1.0452,1.7888,6.157,1.0996,2.9015
DIESEL_Constanta-DN3-Murfatlar-retur,09-10,2026-09-11 09:35:22,1260,76.18566775244304,1734.609934853421,29.19752442996747,42.61540716612393,87.0,43.0,21.0,77.15863192182405,20.363843648208483,2.000197117208264,0.2431,20048.1,0,rural,S2_DN3_vest_dus,1.6124,1.0468,4.2545,6.363,1.6634,4.389
DIESEL_Constanta-DN3-Murfatlar-retur,09-10,2026-09-11 09:35:23,1261,77.0,1748.25,30.02,45.49,87.0,43.0,21.0,76.1,20.6,1.696462167810057,0.4396,20069.5,0,rural,S2_DN3_vest_dus,1.7665,1.0486,4.6612,6.5423,2.3536,6.2102
DIESEL_Constanta-DN3-Murfatlar-retur,09-10,2026-09-11 09:35:24,1262,79.3507073715562,1685.06142963515,38.188979895756106,53.83690245718555,87.0,43.0,21.0,75.1014147431124,21.493179448994805,1.889463769950121,0.4167,20091.5,0,rural,S3_DN3_est_intors,2.0655,1.0507,5.4501,8.3226,2.3713,6.2569
DIESEL_Constanta-DN3-Murfatlar-retur,09-10,2026-09-11 09:35:25,1263,80.0,1493.929333333337,25.360959999999977,44.29077333333552,87.0,43.0,21.0,76.33173333333337,20.88847999999992,2.0433559513484134,0.1448,20113.8,0,rural,S3_DN3_est_intors,1.2573,1.0519,3.3174,5.5269,1.4433,3.8084
DIESEL_Constanta-DN3-Murfatlar-retur,09-10,2026-09-11 09:35:26,1264,80.39293139293132,1482.1377338877303,29.261413721413067,42.66403326403017,87.0,43.0,21.0,75.60706860706868,21.154199584199663,2.3374062954106845,0.1389,20136.1,0,rural,S3_DN3_est_intors,1.0344,1.053,2.7293,6.377,1.4341,3.784
DIESEL_Constanta-DN3-Murfatlar-retur,09-10,2026-09-11 09:35:27,1265,81.0,1515.262439530062,32.47020041465117,60.55715272978639,87.0,43.0,21.0,75.57498272287488,20.65986869384933,2.603638013590175,0.0843,20158.6,0,rural,S3_DN3_est_intors,1.8186,1.0548,4.7985,7.0763,1.2578,3.3189
DIESEL_Constanta-DN3-Murfatlar-retur,09-10,2026-09-11 09:35:28,1266,81.0,1520.1000345542504,26.43702833448485,38.33876986869277,87.0,43.0,21.0,76.95715272978583,21.164360746371827,2.152887697143796,0.3127,20181.1,0,rural,S3_DN3_est_intors,1.0338,1.0558,2.7277,5.7614,2.0698,5.4613
DIESEL_Constanta-DN3-Murfatlar-retur,09-10,2026-09-11 09:35:29,1267,83.25160109789562,1551.6514181152777,41.41344007319304,71.1535773101551,87.0,42.5827996340348,21.0,75.82451967063132,23.4854437328454,2.486829556596302,0.6008,20204.2,0,rural,S3_DN3_est_intors,2.3189,1.0581,6.1186,9.0253,3.2073,8.4628
DIESEL_Constanta-DN3-Murfatlar-retur,09-10,2026-09-11 09:35:30,1268,85.32585278276485,1584.1658438061047,37.53830341113056,69.51508078994488,87.32585278276485,42.0,21.0,75.56068222621188,22.871005385996384,2.580842407047159,0.3412,20227.9,0,rural,S3_DN3_est_intors,2.3003,1.0604,6.0696,8.1808,2.3417,6.1788
DIESEL_Constanta-DN3-Murfatlar-retur,09-10,2026-09-11 09:35:31,1269,85.70843091334893,1589.854800936768,29.19252927400468,41.76937939110039,87.70843091334893,42.0,21.0,75.98337236533958,22.43918032786885,1.7122981750954476,0.0033,20251.7,0,rural,S3_DN3_est_intors,1.2277,1.0617,3.2395,6.362,1.0862,2.8659
DIESEL_Constanta-DN3-Murfatlar-retur,09-10,2026-09-11 09:35:32,1270,85.34955752212392,1594.5132743362838,31.538761061947053,36.75075221239007,87.0,42.0,21.0,76.01460176991152,21.427654867256585,2.0047879123008334,0.0405,20275.4,0,rural,S3_DN3_est_intors,0.974,1.0626,2.57,6.8733,1.2163,3.2092
DIESEL_Constanta-DN3-Murfatlar-retur,09-10,2026-09-11 09:35:33,1271,86.0,1607.9568114511344,33.895903257649984,49.71089832181436,87.0,42.0,21.0,76.54768015794667,19.99421520236926,2.688070926890712,0.1653,20299.3,0,rural,S3_DN3_est_intors,1.6364,1.0643,4.3177,7.387,1.7052,4.4992
DIESEL_Constanta-DN3-Murfatlar-retur,09-10,2026-09-11 09:35:34,1272,86.53961456102775,1607.6375802997843,30.53115631691596,36.949935760169474,87.0,42.0,21.0,76.1841541755889,20.896488222698046,2.208448981852549,0.2778,20323.4,0,rural,S3_DN3_est_intors,0.9573,1.0652,2.5259,6.6537,2.1504,5.6739
DIESEL_Constanta-DN3-Murfatlar-retur,09-10,2026-09-11 09:35:35,1273,88.0,1633.122934697089,36.705074744295885,60.28813532651471,87.0,42.0,21.0,75.65003933910306,21.10232887490165,2.719594422435307,0.2028,20347.8,0,rural,S3_DN3_est_intors,2.129,1.0674,5.6175,7.9992,1.9171,5.0586
DIESEL_Constanta-DN3-Murfatlar-retur,09-10,2026-09-11 09:35:36,1274,88.0,1626.207680250784,27.55625914315574,34.50503657262294,87.0,42.0,21.0,75.83437826541277,20.50696969696972,2.3295621975855423,0.015,20372.3,0,rural,S3_DN3_est_intors,0.968,1.0683,2.5543,6.0054,1.1918,3.1447
DIESEL_Constanta-DN3-Murfatlar-retur,09-10,2026-09-11 09:35:37,1275,88.10791366906467,1644.426258992806,29.044460431654944,42.34093525179829,87.0,42.0,21.0,76.28417266187066,21.34345323741026,1.534931502587912,0.1046,20396.7,0,rural,S3_DN3_est_intors,1.4084,1.0697,3.7162,6.3297,1.5413,4.0668
DIESEL_Constanta-DN3-Murfatlar-retur,09-10,2026-09-11 09:35:38,1276,88.75289575289568,1641.688223938224,25.895521235521223,39.38405405405236,87.24710424710432,41.75289575289568,21.0,75.29073359073381,19.1054054054054,2.069422431342225,-0.015,20421.4,0,rural,S3_DN3_est_intors,1.2187,1.071,3.2156,5.6434,1.0958,2.8914
DIESEL_Constanta-DN3-Murfatlar-retur,09-10,2026-09-11 09:35:39,1277,88.0,1637.5011918951125,25.72591179976161,23.65914183551904,87.73778307508934,41.0,21.0,77.4640047675804,19.03671036948749,3.206346650152599,-0.1046,20445.8,0,rural,S3_DN3_est_intors,0.3082,1.0713,0.8131,5.6065,0.7299,1.9259
DIESEL_Constanta-DN3-Murfatlar-retur,09-10,2026-09-11 09:35:40,1278,88.0,1631.289245446662,25.249991326973035,35.90705117085949,87.0,41.0,21.0,76.76695576756288,18.756686903729324,2.5900172620471795,-0.0268,20470.3,0,rural,S3_DN3_est_intors,1.0495,1.0723,2.7692,5.5028,1.0304,2.7188
DIESEL_Constanta-DN3-Murfatlar-retur,09-10,2026-09-11 09:35:41,1279,87.80710659898472,1638.4137055837557,24.59959390862948,40.83020304568433,87.0,41.0,21.0,76.39137055837556,18.120812182741155,2.5153891433423565,-0.1389,20494.7,0,rural,S3_DN3_est_intors,1.3194,1.0736,3.4815,5.361,0.5934,1.5659
DIESEL_Constanta-DN3-Murfatlar-retur,09-10,2026-09-11 09:35:42,1280,87.0,1625.4851612903226,25.192593548387187,26.47952258064536,87.0,40.94064516129026,21.0,75.06438709677415,18.77885161290329,2.4231981309415223,-0.0705,20518.8,0,rural,S3_DN3_est_intors,0.516,1.0742,1.3614,5.4902,0.8381,2.2115
DIESEL_Constanta-DN3-Murfatlar-retur,09-10,2026-09-11 09:35:43,1281,87.29944751381211,1634.2334254143634,26.695933701657456,37.08256353591069,87.0,40.0,21.0,75.2785635359115,19.74123756906079,2.2625383977945503,0.1907,20543.1,0,rural,S3_DN3_est_intors,0.9963,1.0751,2.6288,5.8179,1.8459,4.8705
DIESEL_Constanta-DN3-Murfatlar-retur,09-10,2026-09-11 09:35:44,1282,88.37270875763747,1649.5661914460286,26.329022403258666,47.981486761710855,87.0,40.0,21.0,76.54093686354379,19.167922606924648,1.972537767278147,0.1579,20567.6,0,rural,S3_DN3_est_intors,1.4918,1.0766,3.9363,5.7379,1.7563,4.6343
DIESEL_Constanta-DN3-Murfatlar-retur,09-10,2026-09-11 09:35:45,1283,88.43653705062363,1629.9985326485694,29.23532648569331,30.026346294937664,87.0,40.0,21.0,75.4591342626559,19.324174614820247,2.154222930003666,-0.1824,20592.2,0,rural,S3_DN3_est_intors,0.8157,1.0775,2.1523,6.3713,0.4377,1.1549
DIESEL_Constanta-DN3-Murfatlar-retur,09-10,2026-09-11 09:35:46,1284,87.0590717299577,1605.799578059069,38.49523206751072,12.477932489447682,87.0,40.0,21.0,75.08818565400846,20.82561181434612,2.3679951577663005,-0.0182,20616.4,0,rural,S3_DN3_est_intors,0.0671,1.0775,0.177,8.3893,1.0393,2.7424
DIESEL_Constanta-DN3-Murfatlar-retur,09-10,2026-09-11 09:35:47,1285,88.30571108622635,1640.6024636058248,34.80742441209426,53.00092945129228,87.0,40.0,21.0,74.31814109742449,18.35591265397544,1.6429939973036074,-0.0643,20640.9,0,rural,S3_DN3_est_intors,1.4828,1.079,3.9125,7.5856,0.8929,2.356
DIESEL_Constanta-DN3-Murfatlar-retur,09-10,2026-09-11 09:35:48,1286,86.59593023255819,1614.335029069769,30.002703488372493,15.71790697674378,87.0,40.0,21.0,74.93343023255797,18.33651162790689,1.949570252041653,-0.3202,20665.0,0,rural,S3_DN3_est_intors,0.051,1.0791,0.1345,6.5385,0.0694,0.1832
DIESEL_Constanta-DN3-Murfatlar-retur,09-10,2026-09-11 09:35:49,1287,86.0,1601.5886142061283,25.071462395543165,26.17304317548765,87.0,40.0,21.0,76.55146239554317,18.93878133704734,1.9966220889915864,-0.0828,20688.9,0,rural,S3_DN3_est_intors,0.4476,1.0795,1.1809,5.4638,0.7687,2.0284
DIESEL_Constanta-DN3-Murfatlar-retur,09-10,2026-09-11 09:35:50,1288,86.0,1612.2083913649033,24.16616991643448,41.19393454039097,87.0,40.0,21.0,75.64616991643447,18.026525069637824,2.0694339903569974,0.2778,20712.7,0,rural,S3_DN3_est_intors,1.2823,1.0808,3.3835,5.2666,2.1298,5.6196
DIESEL_Constanta-DN3-Murfatlar-retur,09-10,2026-09-11 09:35:51,1289,88.0,1624.1771570014143,26.6864214992928,47.49763790664765,87.0,39.0,21.0,74.08543140028287,19.77224893917965,2.1192714711709537,0.2778,20737.2,0,rural,S3_DN3_est_intors,1.622,1.0824,4.2797,5.8158,2.2068,5.8229
DIESEL_Constanta-DN3-Murfatlar-retur,09-10,2026-09-11 09:35:52,1290,88.0,1626.3495623632384,26.44074398249453,38.92177242888408,87.0,39.0,21.0,74.14442013129103,19.5982932166302,2.329298314743097,-0.0072,20761.6,0,rural,S3_DN3_est_intors,1.1497,1.0836,3.0336,5.7623,1.1061,2.9185
DIESEL_Constanta-DN3-Murfatlar-retur,09-10,2026-09-11 09:35:53,1291,87.94797086368348,1631.579344432878,25.291009365244467,22.6886056191465,87.02601456815826,39.0,21.0,74.52081165452661,18.56390218522374,2.0372264242880296,-0.2696,20786.1,0,rural,S3_DN3_est_intors,0.2491,1.0838,0.6572,5.5117,0.0919,0.2424
DIESEL_Constanta-DN3-Murfatlar-retur,09-10,2026-09-11 09:35:54,1292,86.05904059040597,1589.7721402214045,24.605977859778623,22.103357933581336,87.94095940959403,39.05904059040597,21.0,75.24686346863461,18.701143911439104,1.9589238326338825,-0.1342,20810.0,0,rural,S3_DN3_est_intors,0.2119,1.084,0.559,5.3624,0.5759,1.5196
DIESEL_Constanta-DN3-Murfatlar-retur,09-10,2026-09-11 09:35:55,1293,86.98154981549817,1621.3680811808124,25.0118819188192,48.87457564575697,87.01845018450183,39.98154981549817,21.0,74.41660516605165,18.56276752767528,1.4683418299010975,0.1189,20834.1,0,rural,S3_DN3_est_intors,1.5505,1.0856,4.0911,5.4509,1.5607,4.1182
DIESEL_Constanta-DN3-Murfatlar-retur,09-10,2026-09-11 09:35:56,1294,86.91537376586747,1623.6325811001416,25.53888575458372,41.58033850493758,87.0,40.0,21.0,75.24076163610724,18.95541607898432,2.9692934564129345,-0.0485,20858.3,0,rural,S3_DN3_est_intors,1.3603,1.0869,3.5893,5.5657,0.9201,2.4277
DIESEL_Constanta-DN3-Murfatlar-retur,09-10,2026-09-11 09:35:57,1295,86.63243243243257,1629.1912162162191,31.67851351351409,40.70421621621952,87.0,39.68378378378372,21.0,74.91621621621627,20.968081081080943,2.162356465730597,0.1506,20882.3,0,rural,S3_DN3_est_intors,1.0169,1.0879,2.6833,6.9037,1.6703,4.4072
DIESEL_Constanta-DN3-Murfatlar-retur,09-10,2026-09-11 09:35:58,1296,88.0,1648.7873176206529,37.51090909090912,58.31992143659059,87.0,39.0,21.0,75.38361391694728,19.65843995510661,2.871582444009521,0.1899,20906.8,0,rural,S3_DN3_est_intors,1.749,1.0897,4.6148,8.1748,1.8673,4.9271
DIESEL_Constanta-DN3-Murfatlar-retur,09-10,2026-09-11 09:35:59,1297,88.0,1620.362752161382,34.7640201729111,21.252089337174034,87.25216138328526,39.0,21.0,74.3965417867436,20.12720461095096,3.8065578601717625,0.0,20931.2,0,rural,S3_DN3_est_intors,0.4136,1.0901,1.0914,7.5762,1.1339,2.9919
DIESEL_Constanta-DN3-Murfatlar-retur,09-10,2026-09-11 09:36:00,1298,88.0,1637.1134726224782,28.604077809798355,46.1152017291063,87.97262247838616,39.0,21.0,73.24380403458215,20.86207492795388,2.814291390396093,0.0872,20955.7,0,rural,S3_DN3_est_intors,1.5954,1.0917,4.2097,6.2337,1.4707,3.8805
DIESEL_Constanta-DN3-Murfatlar-retur,09-10,2026-09-11 09:36:01,1299,88.62803234501351,1660.9784366576823,26.643477088948785,40.69587601078175,87.37196765498649,40.0,21.0,75.00916442048513,19.251590296495948,2.79366898933945,-0.046,20980.3,0,rural,S3_DN3_est_intors,1.3807,1.0931,3.643,5.8064,0.9719,2.5645
DIESEL_Constanta-DN3-Murfatlar-retur,09-10,2026-09-11 09:36:02,1300,87.66850220264321,1646.8645374449345,26.11656387665205,32.977896475771686,87.66850220264321,40.0,21.0,75.46795154185025,19.10187224669608,2.890277442724835,-0.2261,21004.6,0,rural,S3_DN3_est_intors,0.8853,1.094,2.3361,5.6916,0.2551,0.6731
DIESEL_Constanta-DN3-Murfatlar-retur,09-10,2026-09-11 09:36:03,1301,87.0,1633.0590062111798,24.78656610470273,22.98791481810145,87.0,40.0,21.0,74.86051464063884,18.31887311446317,3.217356843017204,-0.0928,21028.8,0,rural,S3_DN3_est_intors,0.2802,1.0942,0.7393,5.4018,0.753,1.9868
DIESEL_Constanta-DN3-Murfatlar-retur,09-10,2026-09-11 09:36:04,1302,87.0,1625.1349397590354,24.56195983935744,29.850489959839745,87.21365461847394,40.0,21.0,74.2795180722891,18.22187148594379,3.348717594081,0.0031,21053.0,0,rural,S3_DN3_est_intors,0.6891,1.0949,1.8183,5.3528,1.1192,2.953
DIESEL_Constanta-DN3-Murfatlar-retur,09-10,2026-09-11 09:36:05,1303,87.02205882352936,1613.113970588235,24.83345588235285,37.49242647058775,87.97794117647064,40.0,21.0,73.10882352941174,18.58889705882347,1.7712478906295943,0.1251,21077.1,0,rural,S3_DN3_est_intors,1.1481,1.0961,3.0295,5.412,1.5857,4.184
DIESEL_Constanta-DN3-Murfatlar-retur,09-10,2026-09-11 09:36:06,1304,87.90100430416074,1631.700143472022,26.904533715925336,47.46288378766174,87.0,40.0,21.0,73.72769010043032,19.942266857962668,1.468325970875446,0.0451,21101.6,0,rural,S3_DN3_est_intors,1.666,1.0978,4.3958,5.8633,1.3052,3.444
DIESEL_Constanta-DN3-Murfatlar-retur,09-10,2026-09-11 09:36:07,1305,87.34701492537316,1652.0914179104475,27.66824626865667,40.39,87.34701492537316,40.0,21.0,76.00820895522389,20.19746268656713,2.1651434908617766,-0.0185,21125.8,0,rural,S3_DN3_est_intors,1.3249,1.0991,3.4959,6.0298,1.0456,2.7588
DIESEL_Constanta-DN3-Murfatlar-retur,09-10,2026-09-11 09:36:08,1306,87.7679814385151,1641.1334106728543,26.33765661252902,35.74962877030194,87.7679814385151,40.0,21.0,75.9591647331787,19.337911832946645,2.856231621443857,-0.0468,21150.2,0,rural,S3_DN3_est_intors,1.0468,1.1001,2.762,5.7398,0.9474,2.4998
DIESEL_Constanta-DN3-Murfatlar-retur,09-10,2026-09-11 09:36:09,1307,87.01000000000009,1616.960000000002,25.35329999999985,20.566500000001547,87.0,40.0,21.0,74.49599999999997,18.98399999999986,2.314453626445647,-0.0308,21174.4,0,rural,S3_DN3_est_intors,0.1369,1.1003,0.3612,5.5253,0.99,2.6121
DIESEL_Constanta-DN3-Murfatlar-retur,09-10,2026-09-11 09:36:10,1308,87.54619364375462,1630.8861788617885,26.477294900221743,32.16774575018474,87.0,40.0,21.0,74.19076127124907,17.86288248337029,1.993141337175142,-0.1308,21198.7,0,rural,S3_DN3_est_intors,0.9267,1.1012,2.4452,5.7702,0.6192,1.6338
DIESEL_Constanta-DN3-Murfatlar-retur,09-10,2026-09-11 09:36:11,1309,86.06799704360687,1608.528455284554,35.52385809312596,13.039881744272886,87.0,40.0,21.0,74.48640059127862,19.370643015521,1.8756302060921173,0.1759,21222.6,0,rural,S3_DN3_est_intors,0.0408,1.1012,0.1075,7.7418,1.7474,4.6108
DIESEL_Constanta-DN3-Murfatlar-retur,09-10,2026-09-11 09:36:12,1310,88.8124519600308,1659.0307455803234,35.270661029977624,73.2582167563448,87.1875480399692,40.0,21.0,75.54988470407392,19.362444273635727,1.8633703199795253,0.2744,21247.3,0,rural,S3_DN3_est_intors,1.9833,1.1032,5.2331,7.6866,2.2254,5.872
DIESEL_Constanta-DN3-Murfatlar-retur,09-10,2026-09-11 09:36:13,1311,88.04381245196005,1650.9600307455803,25.84714066103016,24.726318216757285,87.95618754803995,40.0,21.0,73.7051498847041,18.47082244427365,2.019237349614494,-0.1227,21271.7,0,rural,S3_DN3_est_intors,0.286,1.1035,0.7547,5.6329,0.6609,1.744
DIESEL_Constanta-DN3-Murfatlar-retur,09-10,2026-09-11 09:36:14,1312,87.92874692874692,1633.5264127764128,32.25002457002456,40.909115479115385,87.69041769041769,40.0,21.0,73.83808353808354,21.375110565110568,2.2645040976418405,0.2717,21296.2,0,rural,S3_DN3_est_intors,0.8293,1.1043,2.1882,7.0283,2.1805,5.7534
DIESEL_Constanta-DN3-Murfatlar-retur,09-10,2026-09-11 09:36:15,1313,90.0,1671.3789062500014,36.61255208333303,67.58354166666295,87.1901041666667,40.19010416666671,21.0,74.42239583333347,20.17416666666673,2.227494844558469,0.2877,21321.2,0,rural,S3_DN3_est_intors,1.9417,1.1063,5.1233,7.979,2.3249,6.1346
DIESEL_Constanta-DN3-Murfatlar-retur,09-10,2026-09-11 09:36:16,1314,90.0,1680.959571938169,32.70590963139112,34.735636147443415,87.67003567181928,40.67003567181927,21.0,75.19191438763374,20.94205707491084,2.1524267299835285,0.0,21346.2,0,rural,S3_DN3_est_intors,1.0914,1.1074,2.8799,7.1276,1.1885,3.1361
DIESEL_Constanta-DN3-Murfatlar-retur,09-10,2026-09-11 09:36:17,1315,90.0,1681.0950920245398,28.947475898334805,33.2069412795793,88.0,41.0,21.0,74.00999123575812,20.678282208588964,2.2291273258659987,0.0,21371.2,0,rural,S3_DN3_est_intors,0.9817,1.1083,2.5903,6.3086,1.1885,3.1361
DIESEL_Constanta-DN3-Murfatlar-retur,09-10,2026-09-11 09:36:18,1316,90.0,1688.1080000000002,27.357552000000023,36.93849600000024,88.0,41.0,21.0,73.20543999999995,19.47404800000001,2.448474538717855,0.0095,21396.2,0,rural,S3_DN3_est_intors,1.197,1.1095,3.1584,5.9621,1.2261,3.2351
DIESEL_Constanta-DN3-Murfatlar-retur,09-10,2026-09-11 09:36:19,1317,90.06852791878184,1689.400380710659,27.51967005076124,39.69017766497475,87.93147208121816,41.0,21.0,72.73020304568549,19.510101522842525,2.034466685861195,0.0801,21421.2,0,autostrada,S3_DN3_est_intors,1.388,1.1109,3.6623,5.9974,1.5071,3.9766
DIESEL_Constanta-DN3-Murfatlar-retur,09-10,2026-09-11 09:36:20,1318,90.57643312101902,1678.02030254777,28.33479299363108,34.303662420380746,87.0,41.0,21.0,74.13996815286616,18.71460191082806,2.144589775372342,-0.1484,21446.3,0,autostrada,S3_DN3_est_intors,1.094,1.112,2.8867,6.175,0.6147,1.622
DIESEL_Constanta-DN3-Murfatlar-retur,09-10,2026-09-11 09:36:21,1319,89.0,1666.07326007326,36.820207570207685,10.664468864468464,87.01221001221,41.0,21.0,72.810989010989,19.286459096459097,2.556647903481603,-0.1812,21471.1,0,rural,S3_DN3_est_intors,0.0208,1.112,0.0549,8.0243,0.4532,1.1958
DIESEL_Constanta-DN3-Murfatlar-retur,09-10,2026-09-11 09:36:22,1320,89.27207977207982,1668.6670227920222,26.51317663817667,44.50434472934412,87.72792022792018,41.0,21.0,73.53675213675211,19.157806267806293,1.7984365191850236,0.1994,21495.9,0,rural,S3_DN3_est_intors,1.5146,1.1136,3.9965,5.778,1.9497,5.1444
DIESEL_Constanta-DN3-Murfatlar-retur,09-10,2026-09-11 09:36:23,1321,90.43582887700536,1668.139705882353,27.84064171122995,43.39655080213907,87.43582887700535,41.0,21.0,72.83850267379678,20.085561497326204,2.902643046171065,0.24,21521.0,0,autostrada,S3_DN3_est_intors,1.3669,1.1149,3.6067,6.0673,2.1533,5.6817
DIESEL_Constanta-DN3-Murfatlar-retur,09-10,2026-09-11 09:36:24,1322,91.0,1685.2828804347814,28.67857608695656,45.82871739130601,87.60108695652181,41.0,21.0,72.89891304347819,20.50863043478265,2.5556679009306964,0.0784,21546.3,0,autostrada,S3_DN3_est_intors,1.4773,1.1164,3.8979,6.25,1.5297,4.0364
DIESEL_Constanta-DN3-Murfatlar-retur,09-10,2026-09-11 09:36:25,1323,91.0,1691.2129080118702,28.77560830860525,34.06560830860493,87.0,41.0,21.0,73.19050445103863,20.482759643916843,1.7941024154116774,0.0,21571.5,0,autostrada,S3_DN3_est_intors,1.0579,1.1175,2.7915,6.2711,1.2166,3.2102
DIESEL_Constanta-DN3-Murfatlar-retur,09-10,2026-09-11 09:36:26,1324,91.0,1688.07836831415,29.114028436018973,40.404922139471566,87.29519295870004,41.0,21.0,72.85903859174,20.76011509817198,2.0324002878627665,0.0,21596.8,0,autostrada,S3_DN3_est_intors,1.385,1.1188,3.6543,6.3449,1.2166,3.2102
DIESEL_Constanta-DN3-Murfatlar-retur,09-10,2026-09-11 09:36:27,1325,91.0,1691.125084631009,28.687488151658744,49.42997291807769,87.9722410291131,41.0,21.0,72.99444820582262,20.462213947190232,1.7057320085795138,0.0713,21622.1,0,autostrada,S3_DN3_est_intors,1.8121,1.1207,4.7814,6.2519,1.5014,3.9615
DIESEL_Constanta-DN3-Murfatlar-retur,09-10,2026-09-11 09:36:28,1326,91.51360842844598,1712.698200175592,30.228165057067724,35.622159789288446,87.0,41.0,21.0,73.54064969271288,19.36052677787533,2.2977982672629422,-0.1189,21647.5,0,autostrada,S3_DN3_est_intors,1.2414,1.1219,3.2756,6.5877,0.7537,1.9887
DIESEL_Constanta-DN3-Murfatlar-retur,09-10,2026-09-11 09:36:29,1327,90.14389989572466,1675.5268508863403,36.32112617309763,14.48394160583752,87.14389989572466,40.85610010427534,21.0,71.95828988529712,19.53826903023985,2.8050781445449524,-0.0713,21672.5,0,autostrada,S3_DN3_est_intors,0.2088,1.1221,0.551,7.9155,0.9105,2.4023
DIESEL_Constanta-DN3-Murfatlar-retur,09-10,2026-09-11 09:36:30,1328,91.0,1671.5861182519293,26.860257069408803,42.411353898886055,88.0,40.0,21.0,72.9920308483291,19.35748928877466,2.537173109416996,0.1189,21697.8,0,autostrada,S3_DN3_est_intors,1.4608,1.1236,3.8543,5.8537,1.6915,4.4632
DIESEL_Constanta-DN3-Murfatlar-retur,09-10,2026-09-11 09:36:31,1329,91.0,1690.257633587785,27.83572519083953,42.880190839694045,88.0,40.0,21.0,73.47938931297719,19.75152671755715,2.008114508981614,0.0,21723.1,0,autostrada,S3_DN3_est_intors,1.5192,1.1251,4.0086,6.0663,1.2166,3.2102
DIESEL_Constanta-DN3-Murfatlar-retur,09-10,2026-09-11 09:36:32,1330,91.0,1711.72709923664,30.812824427480745,53.7294274809154,88.0,40.0,21.0,71.7618320610688,21.54541984732814,2.4658246416657503,0.239,21748.4,0,autostrada,S3_DN3_est_intors,1.9406,1.127,5.1205,6.7151,2.1711,5.7288
DIESEL_Constanta-DN3-Murfatlar-retur,09-10,2026-09-11 09:36:33,1331,92.72045454545449,1712.059090909091,30.49543181818165,46.621113636363525,87.72045454545447,41.0,21.0,75.42477272727261,21.31272727272716,2.089444362735848,0.0562,21774.1,0,autostrada,S3_DN3_est_intors,1.7489,1.1288,4.6146,6.6459,1.4949,3.9443
DIESEL_Constanta-DN3-Murfatlar-retur,09-10,2026-09-11 09:36:34,1332,91.4043938161107,1711.4898291293737,31.653393002440804,34.74526444263709,87.29780309194464,41.0,21.0,73.87241659886088,19.900911310008155,1.8919247246939053,-0.3338,21799.5,0,autostrada,S3_DN3_est_intors,1.1961,1.13,3.1562,6.8983,0.0694,0.1832
DIESEL_Constanta-DN3-Murfatlar-retur,09-10,2026-09-11 09:36:35,1333,90.31712962962948,1706.472511574074,36.70509259259328,13.82444444444246,87.84143518518526,41.0,21.0,73.33784722222211,19.427951388888825,1.6872034094006811,0.1315,21824.6,0,autostrada,S3_DN3_est_intors,0.2001,1.1302,0.5279,7.9992,1.7186,4.5348
DIESEL_Constanta-DN3-Murfatlar-retur,09-10,2026-09-11 09:36:36,1334,92.35089974293048,1715.8778920308446,32.23041131105269,46.19794344472693,87.35089974293047,41.0,21.0,74.84562982005133,19.907352185090065,2.076227819182231,0.3726,21850.3,0,autostrada,S3_DN3_est_intors,1.6824,1.1319,4.4393,7.024,2.7656,7.2973
DIESEL_Constanta-DN3-Murfatlar-retur,09-10,2026-09-11 09:36:37,1335,93.0,1732.7503548616044,36.054918381831484,51.86281050390494,87.64868701206534,41.0,21.0,74.35145493257642,20.051284599006305,1.6958643393538206,0.0902,21876.1,0,autostrada,S3_DN3_est_intors,1.9286,1.1338,5.0887,7.8575,1.6425,4.334
DIESEL_Constanta-DN3-Murfatlar-retur,09-10,2026-09-11 09:36:38,1336,93.0,1728.07277318641,30.45285583103762,32.96826446281016,87.078971533517,41.0,21.0,72.6,21.076547291092723,1.8935253160577683,0.0,21901.9,0,autostrada,S3_DN3_est_intors,1.0161,1.1348,2.6811,6.6366,1.2744,3.3625
DIESEL_Constanta-DN3-Murfatlar-retur,09-10,2026-09-11 09:36:39,1337,93.0,1743.4538567493123,28.97443526170788,47.01785123967042,87.99724517906343,41.0,21.0,72.6,19.87360881542692,1.9339436523181344,-0.1389,21927.8,0,autostrada,S3_DN3_est_intors,1.8272,1.1366,4.8212,6.3144,0.7074,1.8666
DIESEL_Constanta-DN3-Murfatlar-retur,09-10,2026-09-11 09:36:40,1338,92.0,1717.2148478488966,35.98900314795264,10.569548793286591,88.0,41.0,21.0,71.88205666316918,18.24431269674704,1.774560017160724,-0.152,21953.3,0,autostrada,S3_DN3_est_intors,0.0315,1.1367,0.0831,7.8431,0.6315,1.6663
DIESEL_Constanta-DN3-Murfatlar-retur,09-10,2026-09-11 09:36:41,1339,91.90592334494784,1703.385017421602,24.84707317073174,30.37372822299756,88.0,41.0,21.0,74.14703832752608,17.522717770034873,1.5594290209851511,-0.1389,21978.9,0,autostrada,S3_DN3_est_intors,0.812,1.1375,2.1426,5.4149,0.6822,1.8002
DIESEL_Constanta-DN3-Murfatlar-retur,09-10,2026-09-11 09:36:42,1340,91.0,1708.2470023980816,25.178920863309383,26.055779376499075,88.0,41.0,21.0,73.83501199040764,17.71899280575542,1.7009157252368865,-0.1258,22004.1,0,autostrada,S3_DN3_est_intors,0.4757,1.1379,1.2551,5.4873,0.7142,1.8845
DIESEL_Constanta-DN3-Murfatlar-retur,09-10,2026-09-11 09:36:43,1341,91.0,1706.0219683655537,27.29527240773286,42.50987697715288,88.0,41.0,21.0,72.03919156414763,19.196731107205625,2.1836209594775737,0.0352,22029.4,0,autostrada,S3_DN3_est_intors,1.5581,1.1395,4.1111,5.9485,1.3572,3.5811
DIESEL_Constanta-DN3-Murfatlar-retur,09-10,2026-09-11 09:36:44,1342,91.25357873210638,1710.845603271984,28.38194274028636,44.88597137014303,88.0,40.74642126789363,21.0,72.77607361963192,19.87415132924339,2.4530720492411966,0.1693,22054.8,0,autostrada,S3_DN3_est_intors,1.7025,1.1412,4.4923,6.1853,1.9019,5.0183
DIESEL_Constanta-DN3-Murfatlar-retur,09-10,2026-09-11 09:36:45,1343,92.2188006482982,1718.9534035656402,29.60682333873582,41.6164829821718,88.0,40.0,21.0,72.8905996758509,20.582463533225283,2.054259877961147,0.2337,22080.4,0,autostrada,S3_DN3_est_intors,1.5004,1.1427,3.9589,6.4522,2.1974,5.7981
DIESEL_Constanta-DN3-Murfatlar-retur,09-10,2026-09-11 09:36:46,1344,92.93617021276586,1723.090425531915,28.767234042553127,39.53914893616896,88.0,40.0,21.0,72.49361702127659,19.99191489361698,2.6980692212637,0.018,22106.2,0,autostrada,S3_DN3_est_intors,1.3987,1.1441,3.6907,6.2693,1.3459,3.5513
DIESEL_Constanta-DN3-Murfatlar-retur,09-10,2026-09-11 09:36:47,1345,92.3483394833948,1721.359594095941,28.523173431734296,30.748915129151083,88.0,40.0,21.0,72.29549815498156,19.834287822878213,3.0948843117816693,0.0311,22131.8,0,autostrada,S3_DN3_est_intors,0.8507,1.145,2.2446,6.2161,1.3814,3.6449
DIESEL_Constanta-DN3-Murfatlar-retur,09-10,2026-09-11 09:36:48,1346,93.1600547195622,1726.221272229821,31.122243502051383,40.66222982216046,88.0,40.0,21.0,72.27606019151841,20.28599179206567,2.646653077042001,0.2294,22157.7,0,autostrada,S3_DN3_est_intors,1.4335,1.1464,3.7823,6.7825,2.217,5.8498
DIESEL_Constanta-DN3-Murfatlar-retur,09-10,2026-09-11 09:36:49,1347,94.0,1742.3235507246377,37.90640579710145,51.3149420289855,88.0,40.0,21.0,73.17202898550725,20.28307246376812,1.9547522639619264,0.1167,22183.8,0,autostrada,S3_DN3_est_intors,2.052,1.1484,5.4144,8.261,1.7855,4.7111
DIESEL_Constanta-DN3-Murfatlar-retur,09-10,2026-09-11 09:36:50,1348,94.0,1733.544189852701,29.926743044189667,38.001505728313695,87.99018003273308,40.0,21.0,73.0990180032733,20.58998363338775,2.107808551696985,-0.0548,22209.9,0,autostrada,S3_DN3_est_intors,1.323,1.1498,3.491,6.522,1.0779,2.8443
DIESEL_Constanta-DN3-Murfatlar-retur,09-10,2026-09-11 09:36:51,1349,93.6053946053946,1736.7175324675325,28.15988011988013,29.167702297702405,87.39460539460539,40.0,21.0,73.19730269730269,19.29193806193807,2.347643385359761,-0.1389,22235.9,0,autostrada,S3_DN3_est_intors,0.7622,1.1505,2.0111,6.1369,0.7216,1.9041
DIESEL_Constanta-DN3-Murfatlar-retur,09-10,2026-09-11 09:36:52,1350,93.0,1740.645488029466,26.99208103130755,29.108968692449373,88.0,40.0,21.0,72.81068139963168,18.42915285451197,1.898149970542037,-0.12,22261.8,0,autostrada,S3_DN3_est_intors,0.7157,1.1512,1.8885,5.8824,0.7846,2.0702
DIESEL_Constanta-DN3-Murfatlar-retur,09-10,2026-09-11 09:36:53,1351,92.74117647058826,1741.5529411764712,26.195764705882347,36.666235294118046,88.0,40.0,21.0,72.06588235294114,17.878941176470576,1.6554419071393451,-0.1389,22287.5,0,autostrada,S3_DN3_est_intors,1.2484,1.1525,3.2941,5.7089,0.7014,1.8507
DIESEL_Constanta-DN3-Murfatlar-retur,09-10,2026-09-11 09:36:54,1352,92.0,1714.8831168831166,26.70683589138123,24.214203069655703,88.0,40.0,21.0,73.37213695395515,18.58160566706013,2.4906305258238746,-0.0655,22313.1,0,autostrada,S3_DN3_est_intors,0.3547,1.1528,0.9359,5.8202,0.9808,2.5878
DIESEL_Constanta-DN3-Murfatlar-retur,09-10,2026-09-11 09:36:55,1353,92.26992031872508,1720.4215637450195,27.916274900398424,45.82909362549813,87.73007968127492,40.0,21.0,73.2,19.38295816733069,4.043048681484327,0.1106,22338.7,0,autostrada,S3_DN3_est_intors,1.6814,1.1545,4.4365,6.0838,1.7009,4.488
DIESEL_Constanta-DN3-Murfatlar-retur,09-10,2026-09-11 09:36:56,1354,92.7960275019098,1729.0,27.580832696715127,37.91173414820419,87.2039724980902,40.0,21.0,72.95523300229178,19.088647822765523,3.472028383027999,-0.033,22364.5,0,autostrada,S3_DN3_est_intors,1.2967,1.1558,3.4213,6.0107,1.134,2.9921
DIESEL_Constanta-DN3-Murfatlar-retur,09-10,2026-09-11 09:36:57,1355,92.03208556149728,1729.0,28.894812834224705,28.62983957219174,87.96791443850273,40.0,21.0,72.03850267379671,19.9824598930482,3.245349924473456,0.0672,22390.1,0,autostrada,S3_DN3_est_intors,0.7183,1.1565,1.8953,6.2971,1.5176,4.0043
DIESEL_Constanta-DN3-Murfatlar-retur,09-10,2026-09-11 09:36:58,1356,93.27994616419925,1726.5884925975788,28.870471063257,42.82235531628612,87.27994616419925,40.0,21.0,73.2240915208613,19.943270524898992,2.121314494717602,0.2302,22416.0,0,autostrada,S3_DN3_est_intors,1.4485,1.158,3.8221,6.2918,2.225,5.8709
DIESEL_Constanta-DN3-Murfatlar-retur,09-10,2026-09-11 09:36:59,1357,93.68917112299468,1742.1652740641716,28.153121657753992,43.63574197861054,88.0,40.0,21.0,72.1864973262032,19.22690508021389,2.1971728454914143,-0.036,22442.0,0,autostrada,S3_DN3_est_intors,1.2567,1.1592,3.3158,6.1354,1.1467,3.0257
DIESEL_Constanta-DN3-Murfatlar-retur,09-10,2026-09-11 09:37:00,1358,93.02072192513366,1732.3056483957214,28.65445855614976,21.08895053475827,88.0,40.0,21.0,72.5875668449198,19.71487299465243,1.9429564733206024,-0.1301,22467.8,0,autostrada,S3_DN3_est_intors,0.1602,1.1594,0.4226,6.2447,0.7438,1.9627
DIESEL_Constanta-DN3-Murfatlar-retur,09-10,2026-09-11 09:37:01,1359,92.752532561505,1734.553183791605,27.43960926193911,36.89428364688781,87.752532561505,39.0,21.0,73.002026049204,18.89005788712005,1.8840647359271216,-0.1377,22493.6,0,autostrada,S3_DN3_est_intors,1.2481,1.1607,3.2933,5.9799,0.7066,1.8643
DIESEL_Constanta-DN3-Murfatlar-retur,09-10,2026-09-11 09:37:02,1360,92.02894356005784,1719.357814761215,26.122677279305304,27.813241678726136,87.02894356005785,39.0,21.0,72.4231548480463,18.15923299565844,1.7304913395063704,-0.0933,22519.2,0,autostrada,S3_DN3_est_intors,0.6546,1.1613,1.7273,5.6929,0.8692,2.2935
DIESEL_Constanta-DN3-Murfatlar-retur,09-10,2026-09-11 09:37:03,1361,92.08108108108114,1718.2297297297305,30.918918918918628,23.698918918919546,88.0,39.0,21.0,72.64864864864869,18.170810810810792,2.2562634890895388,-0.0744,22544.7,0,autostrada,S3_DN3_est_intors,0.6139,1.1619,1.6197,6.7382,0.9469,2.4985
DIESEL_Constanta-DN3-Murfatlar-retur,09-10,2026-09-11 09:37:04,1362,91.49358341559729,1708.6826258637714,32.06159921026616,32.65818361303232,87.50641658440273,39.0,21.0,71.85192497532081,18.70313919052321,2.564954731651169,0.0402,22570.2,0,autostrada,S3_DN3_est_intors,0.8408,1.1628,2.2185,6.9872,1.3921,3.6732
DIESEL_Constanta-DN3-Murfatlar-retur,09-10,2026-09-11 09:37:05,1363,92.37062404870628,1720.9492009132427,27.29265601217657,46.90563926940556,87.37062404870628,39.0,21.0,71.51468797564686,18.85,2.726222336329984,0.1834,22595.8,0,autostrada,S3_DN3_est_intors,1.4462,1.1642,3.816,5.9479,1.9995,5.2758
DIESEL_Constanta-DN3-Murfatlar-retur,09-10,2026-09-11 09:37:06,1364,92.81417830290012,1731.124060150376,27.869957035445744,33.40432867883995,88.0,39.0,21.0,71.34865735767991,19.175187969924803,2.6731275097538694,-0.0515,22621.6,0,autostrada,S3_DN3_est_intors,1.0212,1.1652,2.6945,6.0737,1.0591,2.7946
DIESEL_Constanta-DN3-Murfatlar-retur,09-10,2026-09-11 09:37:07,1365,92.0,1724.0,29.10992760181006,35.79083257918516,88.0,39.0,21.0,71.82479638009053,20.186081447963875,3.397020958126022,-0.1131,22647.2,0,autostrada,S3_DN3_est_intors,1.1969,1.1664,3.1581,6.344,0.7886,2.0807
DIESEL_Constanta-DN3-Murfatlar-retur,09-10,2026-09-11 09:37:08,1366,92.0,1718.525429326289,27.064108322324948,39.236314398943954,88.0,39.0,21.0,71.30858652575955,18.8421136063408,2.121620833448363,0.0,22672.7,0,autostrada,S3_DN3_est_intors,1.3777,1.1678,3.6353,5.8981,1.2452,3.2857
DIESEL_Constanta-DN3-Murfatlar-retur,09-10,2026-09-11 09:37:09,1367,92.0,1702.232142857145,27.391984126984102,31.32634920635164,88.0,39.0,21.0,71.9884920634921,19.274126984126944,1.750904927586649,0.0,22698.3,0,autostrada,S3_DN3_est_intors,0.7601,1.1686,2.0056,5.9696,1.2452,3.2857
DIESEL_Constanta-DN3-Murfatlar-retur,09-10,2026-09-11 09:37:10,1368,92.0,1716.9507534983854,26.86961248654464,38.81271259418647,88.0,39.0,21.0,71.61926803013986,18.767750269106543,2.749555469380798,0.0497,22723.8,0,autostrada,S3_DN3_est_intors,1.2234,1.1698,3.2282,5.8557,1.4459,3.8152
DIESEL_Constanta-DN3-Murfatlar-retur,09-10,2026-09-11 09:37:11,1369,92.35783521809368,1713.4376009693058,26.007948303715697,25.600888529886937,88.0,39.0,21.0,70.88626817447494,18.21245557350567,3.067638101064245,0.0689,22749.5,0,autostrada,S3_DN3_est_intors,0.4821,1.1703,1.2722,5.6679,1.5349,4.0499
DIESEL_Constanta-DN3-Murfatlar-retur,09-10,2026-09-11 09:37:12,1370,92.49590163934444,1701.637295081969,25.20483606557385,24.374098360656014,88.0,39.0,21.0,71.36639344262296,17.717336065573818,2.3097352225207635,-0.3224,22775.2,0,autostrada,S3_DN3_est_intors,0.3886,1.1707,1.0254,5.4929,0.0694,0.1832
DIESEL_Constanta-DN3-Murfatlar-retur,09-10,2026-09-11 09:37:13,1371,90.03688524590189,1684.0143442622968,24.10647540983617,20.83311475409872,88.0,39.0,21.0,71.20245901639346,17.118975409836125,1.6998190046228951,-0.2078,22800.2,0,autostrada,S3_DN3_est_intors,0.1301,1.1708,0.3432,5.2535,0.3684,0.9721
DIESEL_Constanta-DN3-Murfatlar-retur,09-10,2026-09-11 09:37:14,1372,91.0,1690.4959074733092,25.86074733096074,35.7543558718859,87.31743772241987,39.0,21.0,71.75871886120993,18.25266903914584,2.201107457540313,0.1338,22825.5,0,autostrada,S3_DN3_est_intors,1.1526,1.1719,3.0414,5.6359,1.751,4.6202
DIESEL_Constanta-DN3-Murfatlar-retur,09-10,2026-09-11 09:37:15,1373,91.0,1695.3794765840205,27.37464187327809,39.07210743801569,88.0,39.0,21.0,72.17341597796133,19.213980716253342,1.7218663949387214,0.1039,22850.7,0,autostrada,S3_DN3_est_intors,1.3534,1.1733,3.5711,5.9658,1.6316,4.3051
DIESEL_Constanta-DN3-Murfatlar-retur,09-10,2026-09-11 09:37:16,1374,91.74821852731596,1715.933491686461,28.676460807600915,45.6922802850354,87.62589073634201,39.0,21.0,72.01579572446549,19.959916864608047,1.7199865938140912,0.0943,22876.2,0,autostrada,S3_DN3_est_intors,1.6644,1.175,4.3917,6.2495,1.6177,4.2684
DIESEL_Constanta-DN3-Murfatlar-retur,09-10,2026-09-11 09:37:17,1375,91.6787709497208,1698.766410614527,30.583128491619807,29.881885474861264,87.3303072625698,39.0,21.0,70.65789106145242,19.09375698324023,1.8936886458443192,-0.3765,22901.7,0,autostrada,S3_DN3_est_intors,0.9295,1.1759,2.4526,6.665,0.0694,0.1832
DIESEL_Constanta-DN3-Murfatlar-retur,09-10,2026-09-11 09:37:18,1376,89.03761467889903,1658.3064220183485,36.17792660550508,12.660119266053796,87.96238532110097,39.0,21.0,72.55110091743126,19.02181651376144,1.425657684653547,-0.2394,22926.4,0,rural,S3_DN3_est_intors,0.0403,1.1759,0.1064,7.8843,0.2265,0.5976
DIESEL_Constanta-DN3-Murfatlar-retur,09-10,2026-09-11 09:37:19,1377,89.95504587155965,1659.6825688073395,27.59077064220168,34.61424770642242,87.04495412844035,39.0,21.0,71.35844036697246,19.5539266055046,1.7553506241672665,0.2724,22951.4,0,rural,S3_DN3_est_intors,1.0243,1.177,2.7028,6.0129,2.2627,5.9704
DIESEL_Constanta-DN3-Murfatlar-retur,09-10,2026-09-11 09:37:20,1378,90.99894957983196,1696.7111344537825,39.16738445378181,63.11116596638723,87.99894957983196,39.0,21.0,71.79947478991598,19.86969537815127,2.3537904211477434,0.2328,22976.7,0,autostrada,S3_DN3_est_intors,2.4591,1.1794,6.4885,8.5358,2.1463,5.6633
DIESEL_Constanta-DN3-Murfatlar-retur,09-10,2026-09-11 09:37:21,1379,91.63140495867776,1700.17334710744,30.305090909090488,37.069239669422856,88.0,39.0,21.0,71.7,19.89764462809917,3.0287807124481385,-0.1387,23002.1,0,autostrada,S3_DN3_est_intors,1.2866,1.1807,3.3947,6.6044,0.6768,1.7859
DIESEL_Constanta-DN3-Murfatlar-retur,09-10,2026-09-11 09:37:22,1380,90.0,1660.0620525059662,38.357398568020336,10.643985680188216,88.0,39.0,21.0,71.68448687350845,19.992852028639785,2.200305346461428,-0.2266,23027.1,0,rural,S3_DN3_est_intors,0.0196,1.1807,0.0516,8.3593,0.2935,0.7744
DIESEL_Constanta-DN3-Murfatlar-retur,09-10,2026-09-11 09:37:23,1381,90.0,1669.2373581011336,25.29953560371523,37.19100103199225,88.0,39.0,21.0,70.57358101135195,18.087595459236383,1.80350946254815,-0.0256,23052.1,0,rural,S3_DN3_est_intors,1.1707,1.1819,3.0889,5.5136,1.0874,2.8692
DIESEL_Constanta-DN3-Murfatlar-retur,09-10,2026-09-11 09:37:24,1382,89.81541218638002,1689.4005376344105,24.642885304659384,28.71462365591448,88.0,39.0,21.0,70.129211469534,17.474121863799187,2.204311179345733,-0.1389,23077.1,0,rural,S3_DN3_est_intors,0.6872,1.1826,1.8133,5.3704,0.6359,1.6778
DIESEL_Constanta-DN3-Murfatlar-retur,09-10,2026-09-11 09:37:25,1383,89.0,1672.8523153942433,25.709311639549483,25.156795994992653,88.0,39.0,21.0,70.7,18.387334167709668,1.6482753882107974,-0.1133,23101.8,0,rural,S3_DN3_est_intors,0.4567,1.183,1.2051,5.6029,0.7184,1.8956
DIESEL_Constanta-DN3-Murfatlar-retur,09-10,2026-09-11 09:37:26,1384,89.0,1665.9165826612907,25.49187499999997,34.78559475806453,88.0,39.0,21.0,70.84667338709676,18.30014112903223,2.3819665994695294,0.0443,23126.5,0,rural,S3_DN3_est_intors,1.054,1.1841,2.7812,5.5555,1.334,3.5199
DIESEL_Constanta-DN3-Murfatlar-retur,09-10,2026-09-11 09:37:27,1385,89.31876332622603,1665.4845415778254,26.56433901918981,36.01137526652461,88.0,39.0,21.0,70.81748400852877,19.1275799573561,1.817547187467016,0.1389,23151.3,0,rural,S3_DN3_est_intors,1.11,1.1852,2.9288,5.7892,1.7142,4.523
DIESEL_Constanta-DN3-Murfatlar-retur,09-10,2026-09-11 09:37:28,1386,90.0,1673.5064453125,27.714117187499976,41.09832812500024,88.0,39.0,21.0,70.19742187500003,19.856421874999977,1.8403715875077449,0.0806,23176.3,0,rural,S3_DN3_est_intors,1.4139,1.1866,3.7306,6.0398,1.5069,3.9761
DIESEL_Constanta-DN3-Murfatlar-retur,09-10,2026-09-11 09:37:29,1387,89.89900249376569,1672.729738154613,27.320286783042256,43.89943890274528,88.0,38.89900249376569,21.0,70.71009975062343,19.527867830423848,1.8957108522548296,-0.0441,23201.3,0,rural,S3_DN3_est_intors,1.5256,1.1881,4.0256,5.9539,1.0117,2.6695
DIESEL_Constanta-DN3-Murfatlar-retur,09-10,2026-09-11 09:37:30,1388,89.68215158924205,1679.046454767726,28.425427872860634,34.564963325183435,88.0,38.0,21.0,70.59535452322739,20.2110880195599,1.5120524096418524,0.0946,23226.2,0,rural,S3_DN3_est_intors,0.9566,1.1891,2.5241,6.1948,1.5521,4.0953
DIESEL_Constanta-DN3-Murfatlar-retur,09-10,2026-09-11 09:37:31,1389,90.57976298997264,1678.377392889699,27.466918869644445,44.16037374658129,88.0,38.0,21.0,70.45214220601642,19.46948951686415,1.992488682640148,0.0072,23251.4,0,autostrada,S3_DN3_est_intors,1.5115,1.1906,3.9881,5.9859,1.2334,3.2544
DIESEL_Constanta-DN3-Murfatlar-retur,09-10,2026-09-11 09:37:32,1390,89.73411249086925,1673.5288531775018,26.151738495252008,32.059466764061405,88.0,38.0,21.0,70.8,18.59300949598247,2.452575815518065,-0.2189,23276.3,0,rural,S3_DN3_est_intors,0.8712,1.1915,2.2988,5.6993,0.3191,0.8419
DIESEL_Constanta-DN3-Murfatlar-retur,09-10,2026-09-11 09:37:33,1391,89.00365230094968,1677.7289992695394,25.77189919649383,23.184375456538582,88.0,38.0,21.0,70.8,18.271607012417856,1.7502060390006653,-0.119,23301.0,0,rural,S3_DN3_est_intors,0.3182,1.1918,0.8396,5.6165,0.6962,1.837
DIESEL_Constanta-DN3-Murfatlar-retur,09-10,2026-09-11 09:37:34,1392,88.87719298245611,1653.4692982456136,23.62824561403508,21.354035087719502,88.0,38.0,21.0,70.72280701754389,17.092807017543855,1.6504525474339609,-0.1394,23325.7,0,rural,S3_DN3_est_intors,0.1882,1.192,0.4965,5.1493,0.6139,1.6197
DIESEL_Constanta-DN3-Murfatlar-retur,09-10,2026-09-11 09:37:35,1393,88.0,1642.2894912985264,23.546867469879366,28.63357429718848,88.0,38.0,21.0,71.49959839357436,17.115247657295747,1.568699053760458,-0.0345,23350.2,0,rural,S3_DN3_est_intors,0.6562,1.1926,1.7316,5.1316,1.0006,2.6403
DIESEL_Constanta-DN3-Murfatlar-retur,09-10,2026-09-11 09:37:36,1394,88.62863070539431,1662.9642116182572,30.1720539419094,42.8705394190888,88.0,38.0,21.0,70.35145228215772,19.325446058091323,2.03561676172313,0.2778,23374.8,0,rural,S3_DN3_est_intors,1.4259,1.1941,3.7623,6.5754,2.2314,5.8878
DIESEL_Constanta-DN3-Murfatlar-retur,09-10,2026-09-11 09:37:37,1395,90.0,1661.072327044025,34.163836477987886,50.25490566037877,88.0,38.0,21.0,70.61572327044028,19.67669811320756,1.804367416314279,0.1496,23399.8,0,rural,S3_DN3_est_intors,1.7514,1.1958,4.6214,7.4454,1.7794,4.6952
DIESEL_Constanta-DN3-Murfatlar-retur,09-10,2026-09-11 09:37:38,1396,89.70588235294117,1662.2941176470588,26.80588235294117,27.98176470588235,88.0,38.0,21.0,69.54117647058823,19.28,2.046798513569104,-0.1551,23424.7,0,rural,S3_DN3_est_intors,0.6198,1.1964,1.6353,5.8418,0.5697,1.5033
DIESEL_Constanta-DN3-Murfatlar-retur,09-10,2026-09-11 09:37:39,1397,88.8832565284178,1663.402457757296,25.566728110599,24.89460829493077,88.0,38.0,21.0,68.41013824884797,18.30666666666662,2.1550186641952087,-0.2879,23449.4,0,rural,S3_DN3_est_intors,0.4048,1.1968,1.0681,5.5718,0.0694,0.1832
DIESEL_Constanta-DN3-Murfatlar-retur,09-10,2026-09-11 09:37:40,1398,87.63267070008645,1632.3627917026795,22.19388936905792,20.39,88.0,38.0,21.0,69.59593777009509,16.334900605012965,2.633171526544992,-0.2616,23473.7,0,rural,S3_DN3_est_intors,0.1262,1.197,0.3329,4.8367,0.1179,0.3112
DIESEL_Constanta-DN3-Murfatlar-retur,09-10,2026-09-11 09:37:41,1399,87.0,1613.6848837209304,21.85517829457365,21.77570542635678,88.0,38.207751937984526,21.0,69.21162790697679,16.300248062015513,2.5340600825007447,-0.0879,23497.9,0,rural,S3_DN3_est_intors,0.2048,1.1972,0.5404,4.7629,0.7717,2.0362
DIESEL_Constanta-DN3-Murfatlar-retur,09-10,2026-09-11 09:37:42,1400,87.0,1617.1732558139538,22.173007751938005,26.94624806201584,88.0,38.98294573643416,21.0,70.37441860465124,16.525054263565906,2.654704031971645,-0.1377,23522.1,0,rural,S3_DN3_est_intors,0.4983,1.1977,1.3147,4.8322,0.5815,1.5345
DIESEL_Constanta-DN3-Murfatlar-retur,09-10,2026-09-11 09:37:43,1401,86.00864553314122,1603.9726224783865,24.479365994236343,30.003429394813026,88.0,38.99135446685877,21.0,70.40432276657062,18.431325648415005,1.5754966961067098,-0.0043,23546.0,0,rural,S3_DN3_est_intors,0.7027,1.1984,1.8542,5.3348,1.0652,2.8108
DIESEL_Constanta-DN3-Murfatlar-retur,09-10,2026-09-11 09:37:44,1402,86.9692603266091,1628.7084534101843,26.631143131604382,52.60669548511211,88.0,38.0307396733909,21.0,70.88463016330455,19.68973102785792,2.387483102363676,0.2937,23570.1,0,rural,S3_DN3_est_intors,1.6724,1.2,4.4128,5.8038,2.2275,5.8776
DIESEL_Constanta-DN3-Murfatlar-retur,09-10,2026-09-11 09:37:45,1403,88.12312030075195,1633.5554511278222,28.343928571428705,42.10064849624091,88.0,38.0,21.0,69.07086466165428,20.829877819548923,2.247984363460347,0.2716,23594.6,0,rural,S3_DN3_est_intors,1.4191,1.2015,3.7443,6.177,2.1876,5.7723
DIESEL_Constanta-DN3-Murfatlar-retur,09-10,2026-09-11 09:37:46,1404,88.92454954954954,1664.7550675675673,29.764031531531483,45.82114864864864,88.0,38.07545045045047,21.0,70.91700450450449,21.316835585585554,1.7136991371359147,-0.0171,23619.3,0,rural,S3_DN3_est_intors,1.6356,1.2031,4.3157,6.4865,1.0922,2.8818
DIESEL_Constanta-DN3-Murfatlar-retur,09-10,2026-09-11 09:37:47,1405,88.0,1646.5391541038516,27.85788107202717,39.6910217755426,88.0,39.0,21.0,70.10988274706875,19.24360971524281,2.0391893841909208,-0.1284,23643.7,0,rural,S3_DN3_est_intors,1.3408,1.2044,3.5378,6.0711,0.638,1.6834
DIESEL_Constanta-DN3-Murfatlar-retur,09-10,2026-09-11 09:37:48,1406,88.0,1629.998115577891,34.0471608040195,9.473266331661245,88.0,39.0,21.0,71.2824120603014,18.146457286432263,1.797028967629478,-0.1698,23668.2,0,rural,S3_DN3_est_intors,0.0198,1.2045,0.0523,7.4199,0.4781,1.2615
DIESEL_Constanta-DN3-Murfatlar-retur,09-10,2026-09-11 09:37:49,1407,86.77763496143959,1610.9964652956298,22.172133676092542,20.39,88.0,39.0,21.0,70.01118251928021,16.498868894601543,2.919094493332037,-0.2778,23692.3,0,rural,S3_DN3_est_intors,0.1262,1.2046,0.3329,4.832,0.0694,0.1832
DIESEL_Constanta-DN3-Murfatlar-retur,09-10,2026-09-11 09:37:50,1408,86.0,1594.6824930939224,22.3092334254143,26.27408149171206,88.0,39.0,21.0,70.61823204419888,16.823736187845256,1.991352069995609,-0.108,23716.2,0,rural,S3_DN3_est_intors,0.4532,1.205,1.1958,4.8619,0.6736,1.7774
DIESEL_Constanta-DN3-Murfatlar-retur,09-10,2026-09-11 09:37:51,1409,86.0,1602.1065262430932,23.87691298342525,41.170490331490114,88.0,39.0,21.0,71.17071823204414,17.921802486187726,1.866978258092184,0.0283,23740.1,0,rural,S3_DN3_est_intors,1.281,1.2063,3.3801,5.2035,1.1881,3.1348
DIESEL_Constanta-DN3-Murfatlar-retur,09-10,2026-09-11 09:37:52,1410,86.20381526104418,1602.1224899598394,29.48303212851408,45.94582329317272,88.0,39.0,21.0,69.99618473895582,20.37463855421687,2.0675047319246733,0.1877,23764.0,0,rural,S3_DN3_est_intors,1.5294,1.2079,4.0356,6.4253,1.7967,4.7407
DIESEL_Constanta-DN3-Murfatlar-retur,09-10,2026-09-11 09:37:53,1411,87.35174171622783,1621.6028037383196,38.64707731520738,56.63787595581916,88.0,39.0,21.0,69.49898045879367,21.76,2.352231364271302,0.3884,23788.3,0,rural,S3_DN3_est_intors,2.0154,1.2099,5.3178,8.4224,2.6056,6.8752
DIESEL_Constanta-DN3-Murfatlar-retur,09-10,2026-09-11 09:37:54,1412,89.0,1642.2529182879375,29.64945525291836,48.01081712062277,88.0,39.0,21.0,70.89610894941634,21.697743190661534,2.243756849182757,0.1849,23813.0,0,rural,S3_DN3_est_intors,1.6936,1.2116,4.4688,6.4615,1.8832,4.969
DIESEL_Constanta-DN3-Murfatlar-retur,09-10,2026-09-11 09:37:55,1413,88.68337408312956,1649.0540953545233,29.645244498777657,32.4174449877743,88.0,39.31662591687044,21.0,70.70501222493887,19.42542787286058,2.2734781302744698,-0.1815,23837.6,0,rural,S3_DN3_est_intors,0.9916,1.2126,2.6165,6.4606,0.4459,1.1766
DIESEL_Constanta-DN3-Murfatlar-retur,09-10,2026-09-11 09:37:56,1414,87.69332406119611,1638.902990264256,33.46078581363004,11.09960361613352,88.0,40.0,21.0,69.79464534075105,17.705062586926285,2.51581458831039,-0.2338,23862.0,0,rural,S3_DN3_est_intors,0.0,1.2126,0.0,7.2921,0.2259,0.596
DIESEL_Constanta-DN3-Murfatlar-retur,09-10,2026-09-11 09:37:57,1415,87.0,1613.239285714286,32.362842857143725,11.499428571425543,88.0,40.0,21.0,68.20899999999979,17.40188571428567,2.2029062881825245,-0.0963,23886.2,0,rural,S3_DN3_est_intors,0.0057,1.2126,0.015,7.0529,0.7396,1.9516
DIESEL_Constanta-DN3-Murfatlar-retur,09-10,2026-09-11 09:37:58,1416,87.0,1616.436936936939,24.6914714714718,43.94789789789871,88.0,40.0,21.0,70.48198198198205,18.45570570570592,2.4284130804990967,0.0447,23910.3,0,rural,S3_DN3_est_intors,1.4397,1.214,3.7988,5.381,1.278,3.3721
DIESEL_Constanta-DN3-Murfatlar-retur,09-10,2026-09-11 09:37:59,1417,87.32169312169316,1634.5666666666673,27.45331216931223,50.42011640211651,88.0,39.67830687830684,21.0,70.69089947089945,20.198126984127025,1.8014848924566529,0.1389,23934.6,0,rural,S3_DN3_est_intors,1.744,1.2157,4.6018,5.9829,1.6481,4.3488
DIESEL_Constanta-DN3-Murfatlar-retur,09-10,2026-09-11 09:38:00,1418,88.0,1646.08488372093,28.04949612403112,46.65572093023364,88.0,39.27829457364336,21.0,70.06910852713182,20.48647286821713,1.7359073916707195,0.0825,23959.0,0,rural,S3_DN3_est_intors,1.5487,1.2173,4.0864,6.1129,1.4525,3.8326
DIESEL_Constanta-DN3-Murfatlar-retur,09-10,2026-09-11 09:38:01,1419,87.91585365853663,1644.6948170731723,27.289451219511832,29.81918292683005,88.0,40.0,21.0,69.65048780487801,19.40297560975612,2.1797055279578963,-0.1389,23983.5,0,rural,S3_DN3_est_intors,0.7512,1.218,1.982,5.9472,0.5957,1.5718
DIESEL_Constanta-DN3-Murfatlar-retur,09-10,2026-09-11 09:38:02,1420,87.0,1606.2925281954888,32.725949248120244,19.73133458646631,88.0,40.0,21.0,69.94257518796992,18.93213345864661,2.769254401649779,-0.1272,24007.6,0,rural,S3_DN3_est_intors,0.3101,1.2184,0.8181,7.132,0.6216,1.6402
DIESEL_Constanta-DN3-Murfatlar-retur,09-10,2026-09-11 09:38:03,1421,87.0,1612.5525477707,25.01019108280253,42.975732484076325,88.0,40.0,21.0,69.1,18.742993630573245,2.444732017483424,0.0556,24031.8,0,rural,S3_DN3_est_intors,1.3844,1.2197,3.6528,5.4505,1.3196,3.4819
DIESEL_Constanta-DN3-Murfatlar-retur,09-10,2026-09-11 09:38:04,1422,87.40040040040049,1629.6498998999,25.744344344344416,40.93266266266158,88.0,40.0,21.0,69.0199199199199,19.086236236236285,3.3626773788316267,0.0959,24056.1,0,rural,S3_DN3_est_intors,1.2994,1.221,3.4285,5.6105,1.4858,3.9203
DIESEL_Constanta-DN3-Murfatlar-retur,09-10,2026-09-11 09:38:05,1423,87.69058641975305,1626.0964506172836,25.845385802469085,30.6348688271602,88.0,40.0,21.0,68.83811728395061,19.16771604938268,2.249846953686816,-0.0751,24080.4,0,rural,S3_DN3_est_intors,0.7466,1.2218,1.97,5.6325,0.8366,2.2074
DIESEL_Constanta-DN3-Murfatlar-retur,09-10,2026-09-11 09:38:06,1424,86.85981308411213,1617.1682242990653,24.99710280373833,25.65542056074769,88.0,40.0,21.0,68.68598130841121,18.641308411214965,1.6024124348911035,-0.1942,24104.6,0,rural,S3_DN3_est_intors,0.4505,1.2222,1.1886,5.4476,0.3633,0.9587
DIESEL_Constanta-DN3-Murfatlar-retur,09-10,2026-09-11 09:38:07,1425,86.29252259654886,1613.1684470008213,29.120682004929805,35.73235004108376,88.0,40.0,21.0,68.89252259654886,19.48225143796217,1.7670504958759483,0.059,24128.5,0,rural,S3_DN3_est_intors,0.9661,1.2232,2.5492,6.3463,1.3123,3.4626
DIESEL_Constanta-DN3-Murfatlar-retur,09-10,2026-09-11 09:38:08,1426,87.28454452405305,1625.1351074718514,37.82622313203692,57.53760491299904,88.0,40.0,21.0,69.48618219037877,20.20614124872064,2.189695608223679,0.3429,24152.8,0,rural,S3_DN3_est_intors,2.082,1.2253,5.4935,8.2435,2.4284,6.4076
DIESEL_Constanta-DN3-Murfatlar-retur,09-10,2026-09-11 09:38:09,1427,88.76106194690264,1635.3053097345132,37.739469026548704,45.61557522123837,88.0,40.0,21.0,68.99115044247789,19.96230088495577,2.030050780851148,0.0994,24177.4,0,rural,S3_DN3_est_intors,1.5845,1.2269,4.1809,8.2246,1.5417,4.0678
DIESEL_Constanta-DN3-Murfatlar-retur,09-10,2026-09-11 09:38:10,1428,88.0,1641.475267930749,38.66690849134393,28.11060181368272,88.0,40.0,21.0,69.520197856554,20.42586974443538,2.19789324936192,-0.1459,24201.9,0,rural,S3_DN3_est_intors,0.8307,1.2277,2.192,8.4267,0.5704,1.505
DIESEL_Constanta-DN3-Murfatlar-retur,09-10,2026-09-11 09:38:11,1429,87.7104700854701,1649.76842948718,33.54724358974383,46.03707264957333,88.0,40.0,21.0,69.28418803418805,19.12207264957266,2.0217118868310653,-0.0556,24226.2,0,rural,S3_DN3_est_intors,1.5522,1.2292,4.0958,7.311,0.9121,2.4067
DIESEL_Constanta-DN3-Murfatlar-retur,09-10,2026-09-11 09:38:12,1430,87.59982094897055,1634.9744852282904,25.457958818263226,28.93603401969656,87.70008952551473,40.0,21.0,69.0,18.79697403760073,1.9734476299356027,0.153,24250.6,0,rural,S3_DN3_est_intors,0.6308,1.2299,1.6644,5.5481,1.7114,4.5158
DIESEL_Constanta-DN3-Murfatlar-retur,09-10,2026-09-11 09:38:13,1431,88.81174438687388,1637.0233160621758,25.44113989637298,39.806925734023146,87.18825561312612,40.0,21.0,69.1506044905009,18.75338514680477,1.880286885412572,0.0459,24275.2,0,rural,S3_DN3_est_intors,1.2529,1.2311,3.3058,5.5444,1.3347,3.5218
DIESEL_Constanta-DN3-Murfatlar-retur,09-10,2026-09-11 09:38:14,1432,87.93055555555563,1628.3611111111113,24.07097222222213,21.23444444444365,88.0,40.06944444444438,21.0,69.688888888889,17.77055555555548,2.0490174118104374,-0.2216,24299.7,0,rural,S3_DN3_est_intors,0.1788,1.2313,0.4717,5.2458,0.2768,0.7305
DIESEL_Constanta-DN3-Murfatlar-retur,09-10,2026-09-11 09:38:15,1433,87.21657458563527,1629.0988950276233,25.08208839779014,34.079016574585,88.0,41.0,21.0,68.39491712707175,18.66158011049732,2.5399404592252965,-0.0319,24323.9,0,rural,S3_DN3_est_intors,0.9652,1.2323,2.5469,5.4662,0.9909,2.6147
DIESEL_Constanta-DN3-Murfatlar-retur,09-10,2026-09-11 09:38:16,1434,87.70123203285425,1635.8110882956885,25.2860574948664,36.44604722792651,88.0,41.5975359342915,21.0,68.68172484599594,18.762772073921862,1.820810106306018,0.0358,24348.2,0,rural,S3_DN3_est_intors,1.0922,1.2334,2.8818,5.5106,1.2637,3.3344
DIESEL_Constanta-DN3-Murfatlar-retur,09-10,2026-09-11 09:38:17,1435,87.47419596110697,1633.8270381451011,30.38228870605843,38.41145100972355,88.0,43.0,21.0,67.79483919222139,20.701952131638,2.349872977250534,0.1762,24372.5,0,rural,S3_DN3_est_intors,1.1278,1.2345,2.9758,6.6212,1.7963,4.7397
DIESEL_Constanta-DN3-Murfatlar-retur,09-10,2026-09-11 09:38:18,1436,88.97008227374722,1647.4770007479433,39.38004487658954,68.03747943156374,88.0,43.0,21.0,68.09401645474944,21.023567688855653,2.898422554041413,0.2119,24397.3,0,rural,S3_DN3_est_intors,2.4962,1.237,6.5866,8.5821,1.9876,5.2444
DIESEL_Constanta-DN3-Murfatlar-retur,09-10,2026-09-11 09:38:19,1437,89.0,1662.8453608247432,28.06680412371136,38.53257731958864,88.2766323024054,44.2766323024054,21.0,69.08934707903784,20.6,1.5516761623071305,0.0281,24422.0,0,rural,S3_DN3_est_intors,1.2765,1.2383,3.3683,6.1166,1.2707,3.3529
DIESEL_Constanta-DN3-Murfatlar-retur,09-10,2026-09-11 09:38:20,1438,89.17248908296934,1652.145196506552,27.25899563318817,30.65727074235804,88.82751091703066,45.0,21.0,68.61026200873373,20.123930131004634,1.623865905904872,0.0563,24446.8,0,rural,S3_DN3_est_intors,0.8093,1.2391,2.1354,5.9406,1.386,3.6571
DIESEL_Constanta-DN3-Murfatlar-retur,09-10,2026-09-11 09:38:21,1439,89.40540540540539,1633.4594594594594,26.552972972973045,24.918108108107955,88.0,45.297297297297305,21.0,67.84864864864865,17.881621621621623,1.604959192670567,-0.1628,24471.6,0,rural,S3_DN3_est_intors,0.532,1.2396,1.4037,5.7867,0.5333,1.4071
DIESEL_Constanta-DN3-Murfatlar-retur,09-10,2026-09-11 09:38:22,1440,88.0,1628.8201877934282,29.507399061032125,24.615539906106207,88.0,46.0,21.0,67.75793427230037,18.04028169014086,1.499036614744171,-0.1952,24496.0,0,rural,S3_DN3_est_intors,0.6085,1.2402,1.6056,6.4306,0.38,1.0026
DIESEL_Constanta-DN3-Murfatlar-retur,09-10,2026-09-11 09:38:23,1441,88.0,1639.4818652849744,25.08518134715032,42.33020725388578,88.0,46.0,21.0,67.36868985936344,18.75336047372321,1.9571796160657715,0.0063,24520.5,0,rural,S3_DN3_est_intors,1.3616,1.2416,3.5927,5.4668,1.1582,3.0561
DIESEL_Constanta-DN3-Murfatlar-retur,09-10,2026-09-11 09:38:24,1442,88.04554079696373,1651.574952561667,27.70914611005564,34.71208728652282,88.0,46.0,21.0,68.11366223908911,20.45341555977228,2.9040370620904,0.223,24544.9,0,rural,S3_DN3_est_intors,0.9823,1.2426,2.5918,6.0387,1.9968,5.2688
DIESEL_Constanta-DN3-Murfatlar-retur,09-10,2026-09-11 09:38:25,1443,89.60569105691059,1672.7012195121952,36.10947154471556,54.59337398374065,88.0,46.39430894308941,21.0,68.7,21.569999999999965,2.4053869145379423,0.3264,24569.8,0,rural,S3_DN3_est_intors,1.5783,1.2441,4.1645,7.8694,2.4612,6.4941
DIESEL_Constanta-DN3-Murfatlar-retur,09-10,2026-09-11 09:38:26,1444,90.39562157935949,1693.019155590316,35.71804534792999,36.26220484754398,88.0,47.0,21.0,68.7199374511337,23.668092259578057,2.178030571519544,0.8699,24594.9,0,autostrada,S3_DN3_est_intors,0.7803,1.2449,2.0588,7.7841,4.6507,12.2715
DIESEL_Constanta-DN3-Murfatlar-retur,09-10,2026-09-11 09:38:27,1445,95.86864738076684,1794.0746677091593,53.16136043784402,98.50614542612117,88.0,47.0,21.0,68.79812353401095,26.052767787334123,2.0752807732160816,1.8596,24621.6,0,autostrada,S3_DN3_est_intors,3.3453,1.2483,8.8269,11.5855,9.1852,24.236
DIESEL_Constanta-DN3-Murfatlar-retur,09-10,2026-09-11 09:38:28,1446,103.78488767869278,1926.417460857723,62.83332198774636,100.0,88.0,47.0,21.0,67.6759700476514,28.391504424778635,2.129861687435799,1.6668,24650.4,0,autostrada,S3_DN3_est_intors,4.0106,1.2523,10.5824,13.6933,9.2156,24.3163
DIESEL_Constanta-DN3-Murfatlar-retur,09-10,2026-09-11 09:38:29,1447,107.86929884275044,1996.0226344452053,71.12467665078343,100.0,88.0,47.0,21.0,68.76514635806679,30.95787610619487,1.4527289740353435,0.9853,24680.4,0,autostrada,S3_DN3_est_intors,4.526,1.2568,11.9423,15.5003,6.4378,16.9868
DIESEL_Constanta-DN3-Murfatlar-retur,09-10,2026-09-11 09:38:30,1448,110.8789808917197,2073.3312101910824,70.11707006369427,76.06598726114717,88.0,47.0,21.0,68.26815286624205,29.251019108280264,1.85460703223344,0.6512,24711.2,0,autostrada,S3_DN3_est_intors,3.7509,1.2606,9.897,15.2807,5.0591,13.3488
DIESEL_Constanta-DN3-Murfatlar-retur,09-10,2026-09-11 09:38:31,1449,112.55813953488376,2092.8372093023263,68.5279069767441,65.04465116279108,88.0,47.0,21.0,68.12790697674419,28.36255813953485,1.5144581848721688,0.4335,24742.4,0,autostrada,S3_DN3_est_intors,3.2543,1.2638,8.5867,14.9344,4.0993,10.8165
DIESEL_Constanta-DN3-Murfatlar-retur,09-10,2026-09-11 09:38:32,1450,114.0,2118.291899441341,64.94318435754076,82.72368715083607,88.0,47.0111731843576,21.0,68.20223463687152,26.664078212290384,1.6918685038901513,0.2003,24774.1,0,autostrada,S3_DN3_est_intors,4.1421,1.268,10.9293,14.1531,3.0196,7.9674
DIESEL_Constanta-DN3-Murfatlar-retur,09-10,2026-09-11 09:38:33,1451,114.0,2127.434607645874,42.84148893360166,45.41879275653933,88.0,48.0,21.0,68.37062374245474,24.19961770623745,2.312933115639626,0.0374,24805.8,0,autostrada,S3_DN3_est_intors,2.1896,1.2701,5.7775,9.3365,2.2045,5.8169
DIESEL_Constanta-DN3-Murfatlar-retur,09-10,2026-09-11 09:38:34,1452,114.26943942133816,2134.976491862568,40.69227848101264,44.41777576853527,88.0,48.26943942133816,21.0,68.75804701627487,22.96820976491861,1.5462074197765825,0.1072,24837.5,0,autostrada,S3_DN3_est_intors,2.1451,1.2723,5.66,8.8681,2.5663,6.7715
DIESEL_Constanta-DN3-Murfatlar-retur,09-10,2026-09-11 09:38:35,1453,114.77170035671816,2121.426872770512,37.20293697978608,40.68051129607544,88.0,49.0,21.0,69.54340071343631,21.10527942925095,1.5949563629947,0.0455,24869.4,0,autostrada,S3_DN3_est_intors,1.8282,1.2741,4.8239,8.1077,2.2791,6.0135
DIESEL_Constanta-DN3-Murfatlar-retur,09-10,2026-09-11 09:38:36,1454,114.59693877551032,2141.3973214285743,44.48696428571523,42.27596938775795,88.29846938775516,49.0,21.0,67.52244897959174,22.381785714285723,1.75895803233029,0.2018,24901.2,0,autostrada,S3_DN3_est_intors,1.6045,1.2757,4.2335,9.6951,3.0574,8.0673
DIESEL_Constanta-DN3-Murfatlar-retur,09-10,2026-09-11 09:38:37,1455,116.22435897435892,2174.7564102564106,53.126410256411,71.00185897436056,88.77564102564108,49.0,21.0,66.44487179487179,22.643782051282017,1.7579098784717693,0.392,24933.5,0,autostrada,S3_DN3_est_intors,3.2989,1.279,8.7044,11.5779,4.1115,10.8487
DIESEL_Constanta-DN3-Murfatlar-retur,09-10,2026-09-11 09:38:38,1456,117.4193205944798,2176.434713375796,48.21850318471303,51.93247346072158,88.41932059447981,49.0,21.0,66.64193205944798,22.96679405520171,1.992068764662736,0.1485,24966.1,0,autostrada,S3_DN3_est_intors,2.6152,1.2816,6.9004,10.5083,2.9294,7.7296
DIESEL_Constanta-DN3-Murfatlar-retur,09-10,2026-09-11 09:38:39,1457,117.29329173166929,2180.754485179408,49.7836973478939,45.361450858034296,88.64664586583463,49.0,21.0,67.03568642745711,21.75721528861154,2.11595463505284,-0.1971,24998.7,0,autostrada,S3_DN3_est_intors,2.0436,1.2837,5.3923,10.8494,1.144,3.0185
DIESEL_Constanta-DN3-Murfatlar-retur,09-10,2026-09-11 09:38:40,1458,116.0,2163.8396805896805,35.787444717444586,21.372481572481963,88.14004914004919,48.85995085995082,21.0,67.78304668304672,19.916314496314428,1.6627634794253174,-0.1796,25030.9,0,autostrada,S3_DN3_est_intors,0.2499,1.2839,0.6593,7.7992,1.188,3.1345
DIESEL_Constanta-DN3-Murfatlar-retur,09-10,2026-09-11 09:38:41,1459,116.0,2158.516175266175,33.19940212940201,29.39868959868997,88.95904995904999,48.04095004095,21.0,68.56109746109749,18.49125307125301,1.969070820152667,-0.2478,25063.1,0,autostrada,S3_DN3_est_intors,0.9733,1.2849,2.5681,7.2352,0.8407,2.2184
DIESEL_Constanta-DN3-Murfatlar-retur,09-10,2026-09-11 09:38:42,1460,114.21613155833992,2124.940289741581,32.47475332811297,25.593484729836725,88.0,45.7838684416601,21.0,67.75129209083792,18.25626468285055,1.6762860013287428,-0.139,25094.9,0,autostrada,S3_DN3_est_intors,0.5762,1.2855,1.5203,7.0773,1.3297,3.5085
DIESEL_Constanta-DN3-Murfatlar-retur,09-10,2026-09-11 09:38:43,1461,114.99921691464372,2114.760180109632,36.006468285043155,45.85973375097934,88.0,45.00078308535628,21.0,68.2994518402506,20.30794831636653,2.0952166445123828,0.2879,25126.8,0,autostrada,S3_DN3_est_intors,2.2065,1.2877,5.8221,7.8469,3.5126,9.2683
DIESEL_Constanta-DN3-Murfatlar-retur,09-10,2026-09-11 09:38:44,1462,116.28872593950506,2149.1565077910177,51.11583868010981,59.854298808432425,88.0,43.711274060494944,21.0,67.14014665444545,22.323153070577494,2.0050389811375173,0.2779,25159.1,0,autostrada,S3_DN3_est_intors,3.0537,1.2907,8.0574,11.1397,3.5331,9.3224
DIESEL_Constanta-DN3-Murfatlar-retur,09-10,2026-09-11 09:38:45,1463,117.0,2171.980578512396,46.40181818181741,53.42981818181763,88.0,43.0,21.0,66.55553719008263,23.70419834710756,2.4895303728677085,0.0933,25191.6,0,autostrada,S3_DN3_est_intors,2.7432,1.2935,7.2383,10.1124,2.6248,6.9259
DIESEL_Constanta-DN3-Murfatlar-retur,09-10,2026-09-11 09:38:46,1464,116.96045197740142,2183.2930790960504,56.744604519773766,59.82629943503512,88.0,42.98022598870071,21.0,66.80790960451971,22.07293785310718,2.461385606378586,-0.1577,25224.1,0,autostrada,S3_DN3_est_intors,3.0921,1.2966,8.1589,12.3664,1.3345,3.5212
DIESEL_Constanta-DN3-Murfatlar-retur,09-10,2026-09-11 09:38:47,1465,115.86440677966102,2164.313559322034,58.471525423728814,33.67898305084772,88.28813559322035,42.0,21.0,67.22881355932203,22.99966101694915,1.8183462992971653,0.1444,25256.3,0,autostrada,S3_DN3_est_intors,1.0725,1.2976,2.83,12.7428,2.8308,7.4692
DIESEL_Constanta-DN3-Murfatlar-retur,09-10,2026-09-11 09:38:48,1466,118.0,2206.3247721623857,54.693438276720094,76.60516984258724,88.797845898923,42.0,21.0,67.0169842584922,22.18687655343835,2.269595570547972,0.2966,25289.1,0,autostrada,S3_DN3_est_intors,3.3525,1.301,8.8458,11.9194,3.7259,9.8311
DIESEL_Constanta-DN3-Murfatlar-retur,09-10,2026-09-11 09:38:49,1467,118.0,2214.407219570405,39.83071599045362,39.72316229116918,88.04415274463011,41.95584725536988,21.0,65.9397374701671,21.12625298329365,1.797426275318922,0.0244,25321.8,0,autostrada,S3_DN3_est_intors,1.8704,1.3029,4.9353,8.6803,2.3162,6.1115
DIESEL_Constanta-DN3-Murfatlar-retur,09-10,2026-09-11 09:38:50,1468,118.17579505300358,2191.057641342756,42.24292402826824,36.69390459364044,88.82420494699642,41.0,21.0,66.74726148409893,22.649213780918565,2.349070561413781,0.1148,25354.7,0,autostrada,S3_DN3_est_intors,1.5543,1.3044,4.1013,9.206,2.7931,7.3698
DIESEL_Constanta-DN3-Murfatlar-retur,09-10,2026-09-11 09:38:51,1469,118.82642487046628,2190.655764248704,36.94492227979269,48.27537564766795,88.0,41.0,21.0,66.67357512953372,19.868121761658003,2.139255361047536,-0.6248,25387.7,0,autostrada,S3_DN3_est_intors,2.1755,1.3066,5.7404,8.0514,0.0694,0.1832
DIESEL_Constanta-DN3-Murfatlar-retur,09-10,2026-09-11 09:38:52,1470,113.67709637046217,2112.360763454302,36.24725907384296,18.56274092615623,88.0,41.0,21.0,68.27847309136415,17.841714643304012,2.1461472469423684,-1.9107,25419.3,0,autostrada,S3_DN3_est_intors,0.3184,1.3069,0.8401,7.8994,0.0694,0.1832
DIESEL_Constanta-DN3-Murfatlar-retur,09-10,2026-09-11 09:38:53,1471,105.06942392909848,1950.7573855243625,37.34150664697145,9.842259970457972,88.0,41.0,21.0,67.53367799113732,16.315081240767967,2.292949257430903,-1.9987,25448.4,0,autostrada,S3_DN3_est_intors,0.0,1.3069,0.0,8.1379,0.0694,0.1832
DIESEL_Constanta-DN3-Murfatlar-retur,09-10,2026-09-11 09:38:54,1472,99.28643216080384,1831.3711055276349,31.69614070351748,10.5343417085427,88.0,41.0,21.0,66.88572864321608,14.857226130653244,2.322489501181989,-1.4341,25476.0,0,autostrada,S3_DN3_est_intors,0.0,1.3069,0.0,6.9076,0.0694,0.1832
DIESEL_Constanta-DN3-Murfatlar-retur,09-10,2026-09-11 09:38:55,1473,94.7436791630341,1743.482345248476,29.44092414995629,10.2,88.12816041848295,40.87183958151705,21.0,66.74873583260681,14.545832606800277,3.3133161823198303,-0.8731,25502.3,0,autostrada,S3_DN3_est_intors,0.0,1.3069,0.0,6.4161,0.0694,0.1832
DIESEL_Constanta-DN3-Murfatlar-retur,09-10,2026-09-11 09:38:56,1474,93.0,1712.75,31.42,10.2,89.0,40.0,21.0,66.4,15.81,2.040651884355725,-0.376,25528.2,0,autostrada,S3_DN3_est_intors,0.0,1.3069,0.0,6.8474,0.0694,0.1832
DIESEL_Constanta-DN3-Murfatlar-retur,09-10,2026-09-11 09:38:57,1475,92.0367346938776,1722.7418367346954,26.56693877551087,39.46836734693981,88.0,40.0,21.0,66.20734693877553,18.140653061224505,1.640096863212644,0.0,25553.7,0,autostrada,S3_DN3_est_intors,1.4227,1.3083,3.7541,5.7898,1.2463,3.2885
DIESEL_Constanta-DN3-Murfatlar-retur,09-10,2026-09-11 09:38:58,1476,93.0,1747.2632743362822,36.86752212389335,54.23495575221078,88.0,40.0,21.0,66.4681415929204,18.446637168141613,2.7792890305498164,0.1162,25579.6,0,autostrada,S3_DN3_est_intors,2.1975,1.3105,5.7985,8.0346,1.7486,4.614
DIESEL_Constanta-DN3-Murfatlar-retur,09-10,2026-09-11 09:38:59,1477,92.87343880099914,1721.80745212323,27.19254787676933,20.787402164862723,88.0,39.87343880099913,21.0,67.4114071606994,18.81329725228975,1.7523188187031362,-0.1332,25605.4,0,autostrada,S3_DN3_est_intors,0.1581,1.3107,0.4172,5.9261,0.7277,1.9201
DIESEL_Constanta-DN3-Murfatlar-retur,09-10,2026-09-11 09:39:00,1478,92.0407993338884,1702.4485845129054,26.551415487094072,23.401890091590403,88.0,39.04079933388841,21.0,66.82855953372189,18.571831806827635,3.442684964877384,-0.0609,25630.9,0,autostrada,S3_DN3_est_intors,0.3682,1.3111,0.9717,5.7864,1.0004,2.6397
DIESEL_Constanta-DN3-Murfatlar-retur,09-10,2026-09-11 09:39:01,1479,92.4347826086957,1715.5108695652186,32.64000000000067,45.76217391304477,88.0,39.0,21.0,65.42173913043484,19.293478260869616,1.54650559350164,0.1947,25656.6,0,autostrada,S3_DN3_est_intors,1.676,1.3127,4.4223,7.1133,2.0477,5.403
DIESEL_Constanta-DN3-Murfatlar-retur,09-10,2026-09-11 09:39:02,1480,93.44277108433734,1730.828313253012,35.94268072289167,50.14427710843399,88.0,38.55722891566266,21.0,66.2328313253012,20.38361445783132,1.8256067971350576,0.2174,25682.6,0,autostrada,S3_DN3_est_intors,1.9298,1.3147,5.0919,7.833,2.179,5.7495
DIESEL_Constanta-DN3-Murfatlar-retur,09-10,2026-09-11 09:39:03,1481,94.0,1744.8398538263093,30.33067927773005,38.90296646603586,88.0,38.0,21.0,66.1704213241617,20.64354256233884,2.0005023699483693,-0.0113,25708.7,0,autostrada,S3_DN3_est_intors,1.3825,1.316,3.6479,6.61,1.2574,3.3178
DIESEL_Constanta-DN3-Murfatlar-retur,09-10,2026-09-11 09:39:04,1482,93.3612684031712,1756.366647791622,28.656828992072857,34.80583238958305,88.0,38.0,21.0,65.92774631936575,19.32378255945661,1.5278507850894731,-0.2778,25734.6,0,autostrada,S3_DN3_est_intors,1.1138,1.3172,2.939,6.2452,0.1467,0.3872
DIESEL_Constanta-DN3-Murfatlar-retur,09-10,2026-09-11 09:39:05,1483,92.0,1727.5607229894426,26.17316815597072,20.39,88.0,38.0,21.0,65.97311129163289,18.027993501218468,1.950888445124345,-0.1891,25760.2,0,autostrada,S3_DN3_est_intors,0.1262,1.3173,0.3329,5.7039,0.4817,1.271
DIESEL_Constanta-DN3-Murfatlar-retur,09-10,2026-09-11 09:39:06,1484,92.0,1711.004098360652,26.306065573770567,27.2316393442582,88.22950819672117,38.0,21.0,65.70655737704905,18.28688524590172,2.785788014695515,0.0,25785.7,0,autostrada,S3_DN3_est_intors,0.4737,1.3178,1.2499,5.7329,1.2452,3.2857
DIESEL_Constanta-DN3-Murfatlar-retur,09-10,2026-09-11 09:39:07,1485,92.0,1729.401011560694,25.84274566473989,43.7734104046255,88.68497109826596,38.315028901734046,21.0,66.24248554913298,17.84,2.902696936728751,-0.0102,25811.3,0,autostrada,S3_DN3_est_intors,1.382,1.3191,3.6465,5.6319,1.204,3.177
DIESEL_Constanta-DN3-Murfatlar-retur,09-10,2026-09-11 09:39:08,1486,91.92665726375188,1720.5962623413309,25.90355430183332,29.10984485190516,88.0,39.0,21.0,65.93667136812407,17.98888575458369,3.261725232857487,-0.0398,25836.8,0,autostrada,S3_DN3_est_intors,0.7693,1.3199,2.0298,5.6452,1.0825,2.8564
DIESEL_Constanta-DN3-Murfatlar-retur,09-10,2026-09-11 09:39:09,1487,91.71309771309788,1690.9116424116448,32.05248440748534,33.81406444906752,88.0,39.0,21.0,65.97214137214128,19.87,2.009056800978744,0.1991,25862.3,0,autostrada,S3_DN3_est_intors,0.891,1.3208,2.351,6.9852,2.0384,5.3784
DIESEL_Constanta-DN3-Murfatlar-retur,09-10,2026-09-11 09:39:10,1488,93.36045411542108,1719.973509933777,36.10021759697187,54.50754966887344,88.36045411542108,39.0,21.0,65.74068117313162,20.18359508041634,1.8269131964428795,0.2822,25888.2,0,autostrada,S3_DN3_est_intors,2.1348,1.3229,5.6329,7.8674,2.4413,6.4416
DIESEL_Constanta-DN3-Murfatlar-retur,09-10,2026-09-11 09:39:11,1489,93.74468085106378,1745.829787234044,30.697659574468187,47.43829787234026,89.0,39.25531914893622,21.0,66.11276595744668,20.96212765957452,1.9749693011601128,-0.0398,25914.3,0,autostrada,S3_DN3_est_intors,1.8605,1.3248,4.9091,6.69,1.1326,2.9886
DIESEL_Constanta-DN3-Murfatlar-retur,09-10,2026-09-11 09:39:12,1490,93.07392473118288,1764.6226478494614,31.862002688171792,44.28830645161212,88.92607526881713,40.0,21.0,64.62916666666689,21.449583333333177,1.6210513461931817,0.0026,25940.1,0,autostrada,S3_DN3_est_intors,1.7199,1.3265,4.5381,6.9437,1.2872,3.3963
DIESEL_Constanta-DN3-Murfatlar-retur,09-10,2026-09-11 09:39:13,1491,93.7633181126332,1745.2929984779307,28.1661035007611,30.870357686454025,88.0,40.0,21.0,67.05030441400311,19.19858447488588,3.017874995695294,-0.01,25966.2,0,autostrada,S3_DN3_est_intors,0.8967,1.3274,2.3661,6.1383,1.2558,3.3136
DIESEL_Constanta-DN3-Murfatlar-retur,09-10,2026-09-11 09:39:14,1492,93.00228310502278,1728.550228310501,26.67447488584465,20.42134703196273,88.0,40.0,21.0,65.60433789954327,18.42232876712324,1.6110980158190775,-0.1185,25992.0,0,autostrada,S3_DN3_est_intors,0.1285,1.3275,0.339,5.8132,0.7907,2.0865
DIESEL_Constanta-DN3-Murfatlar-retur,09-10,2026-09-11 09:39:15,1493,92.91031822565084,1713.6726133076186,24.441485053037525,28.49267116682698,88.0,39.0,21.0,66.61166827386678,17.031976856316238,2.04787606845746,-0.1536,26017.8,0,autostrada,S3_DN3_est_intors,0.7175,1.3283,1.8931,5.3266,0.6454,1.7029
DIESEL_Constanta-DN3-Murfatlar-retur,09-10,2026-09-11 09:39:16,1494,91.8964879852125,1719.0378927911268,23.376229205175623,22.997670979667195,88.0,39.0,21.0,64.79316081330875,16.277781885397435,1.7876263767868463,-0.3975,26043.3,0,autostrada,S3_DN3_est_intors,0.3057,1.3286,0.8065,5.0944,0.0694,0.1832
DIESEL_Constanta-DN3-Murfatlar-retur,09-10,2026-09-11 09:39:17,1495,90.04805914972286,1692.9288354898354,24.023179297597,20.45608133086893,88.0,39.0,21.0,66.45674676524943,16.952458410351156,1.602114148808905,-0.1556,26068.3,0,autostrada,S3_DN3_est_intors,0.1307,1.3287,0.3449,5.2354,0.5749,1.517
DIESEL_Constanta-DN3-Murfatlar-retur,09-10,2026-09-11 09:39:18,1496,90.776025236593,1691.0252365930592,30.81507886435282,41.499116719241925,88.38801261829649,39.0,21.0,66.4776025236593,18.81577287066242,2.2292964200611083,0.2985,26093.6,0,autostrada,S3_DN3_est_intors,1.3973,1.3301,3.687,6.7156,2.3995,6.3313
DIESEL_Constanta-DN3-Murfatlar-retur,09-10,2026-09-11 09:39:19,1497,92.19753086419747,1702.895061728395,36.50123456790187,53.6837037037047,88.80246913580253,39.0,21.0,66.42222222222227,19.52493827160492,2.7215240648352927,0.2976,26119.2,0,autostrada,S3_DN3_est_intors,2.0586,1.3322,5.4318,7.9548,2.4551,6.4781
DIESEL_Constanta-DN3-Murfatlar-retur,09-10,2026-09-11 09:39:20,1498,92.91840435176796,1703.8676337262018,28.29510426110608,39.50058023572174,88.08159564823204,39.0,21.0,65.6755213055304,19.87,2.5119357585671627,-0.0258,26145.0,0,autostrada,S3_DN3_est_intors,1.3687,1.3335,3.6115,6.1664,1.1667,3.0786
DIESEL_Constanta-DN3-Murfatlar-retur,09-10,2026-09-11 09:39:21,1499,92.0117860380779,1696.8413417951035,28.24070716228467,25.28480507706145,88.9882139619221,39.0,21.0,65.40353581142338,19.87,1.875881868177085,-0.2664,26170.5,0,autostrada,S3_DN3_est_intors,0.4535,1.334,1.1967,6.1545,0.1698,0.448
DIESEL_Constanta-DN3-Murfatlar-retur,09-10,2026-09-11 09:39:22,1500,91.0,1693.131231671554,27.405073313782985,33.97413489736055,88.0,39.0,21.0,66.47448680351907,19.29,2.534504900899117,-0.0879,26195.8,0,autostrada,S3_DN3_est_intors,1.0107,1.335,2.6669,5.9724,0.8656,2.2839
DIESEL_Constanta-DN3-Murfatlar-retur,09-10,2026-09-11 09:39:23,1501,91.37865055387714,1719.6019637462236,28.51098690835851,43.31655589123867,88.37865055387714,39.0,21.0,65.63202416918429,19.72923464249748,2.0081195309713635,0.1895,26221.2,0,autostrada,S3_DN3_est_intors,1.6079,1.3366,4.2425,6.2134,1.9874,5.2439
DIESEL_Constanta-DN3-Murfatlar-retur,09-10,2026-09-11 09:39:24,1502,92.36406844106465,1726.2789923954372,29.369809885931563,41.67516159695814,89.0,39.0,21.0,64.77281368821293,20.23884030418252,1.9301426071476784,0.1821,26246.9,0,autostrada,S3_DN3_est_intors,1.543,1.3381,4.0712,6.4006,1.994,5.2612
DIESEL_Constanta-DN3-Murfatlar-retur,09-10,2026-09-11 09:39:25,1503,92.68949343339592,1731.3857879924958,28.24231707317082,37.83096622889372,88.68949343339591,39.0,21.0,64.62054409005631,19.37318949343345,1.671903498960139,-0.0831,26272.6,0,autostrada,S3_DN3_est_intors,1.3116,1.3395,3.4609,6.1549,0.9272,2.4465
DIESEL_Constanta-DN3-Murfatlar-retur,09-10,2026-09-11 09:39:26,1504,91.76569407603884,1711.5305039787766,28.410176834660213,21.095322723252785,88.0,38.765694076038834,21.0,64.23430592396117,18.20205128205126,2.15369213911684,-0.2347,26298.1,0,autostrada,S3_DN3_est_intors,0.3382,1.3398,0.8923,6.1915,0.2932,0.7737
DIESEL_Constanta-DN3-Murfatlar-retur,09-10,2026-09-11 09:39:27,1505,91.0,1678.137777777778,33.13672592592558,15.8050814814824,88.0,38.0,21.0,65.39703703703711,17.952207407407403,1.855884510773867,-0.1063,26323.4,0,autostrada,S3_DN3_est_intors,0.238,1.34,0.6279,7.2215,0.7921,2.09
DIESEL_Constanta-DN3-Murfatlar-retur,09-10,2026-09-11 09:39:28,1506,91.0,1685.0331003289473,25.668256578947386,38.33967105263162,88.37746710526316,38.0,21.0,66.20731907894735,18.16839638157896,1.994157067870291,0.0,26348.6,0,autostrada,S3_DN3_est_intors,1.2702,1.3413,3.3514,5.5939,1.2166,3.2102
DIESEL_Constanta-DN3-Murfatlar-retur,09-10,2026-09-11 09:39:29,1507,91.0,1686.448395490026,26.81666955767554,40.61561144839553,88.78924544666094,38.0,21.0,65.2582827406764,18.92496964440584,1.701360309182453,0.0,26373.9,0,autostrada,S3_DN3_est_intors,1.388,1.3427,3.6623,5.8442,1.2166,3.2102
DIESEL_Constanta-DN3-Murfatlar-retur,09-10,2026-09-11 09:39:30,1508,91.0,1688.952134540751,28.071435963777464,39.1326002587329,88.0,37.8835705045279,21.0,66.51849935316953,19.763764553686908,1.7923803097371156,0.0,26399.2,0,autostrada,S3_DN3_est_intors,1.3366,1.344,3.5267,6.1176,1.2166,3.2102
DIESEL_Constanta-DN3-Murfatlar-retur,09-10,2026-09-11 09:39:31,1509,91.0,1689.2357843137258,27.803421568627428,35.59568627450993,88.0,37.0,21.0,65.77568627450981,19.566254901960765,1.701016402082151,-0.0354,26424.5,0,autostrada,S3_DN3_est_intors,1.1228,1.3451,2.9627,6.0592,1.0752,2.8371
DIESEL_Constanta-DN3-Murfatlar-retur,09-10,2026-09-11 09:39:32,1510,90.7452830188679,1696.7382075471685,29.02339622641541,34.26018867924417,88.2547169811321,37.0,21.0,65.62735849056605,18.524339622641502,1.961626866421072,-0.1389,26449.7,0,autostrada,S3_DN3_est_intors,1.1285,1.3463,2.9776,6.3251,0.6562,1.7315
DIESEL_Constanta-DN3-Murfatlar-retur,09-10,2026-09-11 09:39:33,1511,90.0,1666.1720157657662,34.482961711711035,14.754560810812835,88.85247747747741,36.85247747747741,21.0,65.69020270270255,18.462781531531554,1.7990794817671496,-0.1035,26474.7,0,rural,S3_DN3_est_intors,0.1861,1.3465,0.4912,7.5149,0.7797,2.0573
DIESEL_Constanta-DN3-Murfatlar-retur,09-10,2026-09-11 09:39:34,1512,90.0,1670.7096704249786,26.19713790112755,38.65561144839553,88.21075455333906,36.0,21.0,63.942150910667806,18.587762359063348,1.528172518908982,0.0136,26499.7,0,rural,S3_DN3_est_intors,1.2618,1.3477,3.3294,5.7092,1.2422,3.2778
DIESEL_Constanta-DN3-Murfatlar-retur,09-10,2026-09-11 09:39:35,1513,90.09761388286324,1669.4094360086751,25.605965292841454,37.23566160520683,88.90238611713676,36.0,21.0,64.1,18.24323210412137,1.9962789252740885,0.1102,26524.7,0,autostrada,S3_DN3_est_intors,1.2125,1.3489,3.1994,5.5803,1.627,4.293
DIESEL_Constanta-DN3-Murfatlar-retur,09-10,2026-09-11 09:39:36,1514,90.79335793357944,1685.3699261992615,27.115313653136724,31.097712177121146,88.20664206642057,35.79335793357944,21.0,64.05867158671589,18.99036900369018,2.517000839482667,-0.141,26549.9,0,autostrada,S3_DN3_est_intors,0.8353,1.3498,2.204,5.9093,0.6489,1.7122
DIESEL_Constanta-DN3-Murfatlar-retur,09-10,2026-09-11 09:39:37,1515,89.08268733850129,1675.2898363479758,27.55693367786392,28.166649440137803,88.69422911283377,35.0,21.0,64.57269595176572,17.43944013781223,1.7288955861000552,-0.5709,26574.7,0,rural,S3_DN3_est_intors,0.7884,1.3506,2.0802,6.0055,0.0694,0.1832
DIESEL_Constanta-DN3-Murfatlar-retur,09-10,2026-09-11 09:39:38,1516,86.68274734260022,1639.9807849550298,31.7065412919052,10.074685200327083,88.0,34.84137367130011,21.0,65.70343417825026,16.46179067865905,1.6458978430775293,-0.5605,26598.8,0,rural,S3_DN3_est_intors,0.0,1.3506,0.0,6.9098,0.0694,0.1832
DIESEL_Constanta-DN3-Murfatlar-retur,09-10,2026-09-11 09:39:39,1517,85.04742436631234,1603.7992641046606,30.19386753883892,9.428732624693374,88.0,34.02371218315617,21.0,63.65928045789043,16.110196238757155,1.939218490117428,-0.4278,26622.4,0,rural,S3_DN3_est_intors,0.0,1.3506,0.0,6.5802,0.0694,0.1832
DIESEL_Constanta-DN3-Murfatlar-retur,09-10,2026-09-11 09:39:40,1518,83.60244648318009,1546.2122833842975,22.904006116208773,17.838613659529816,88.5341488277267,34.0,21.0,62.47828746177394,14.925096839959258,2.0531421498663462,-0.4747,26645.6,0,rural,S3_DN3_est_intors,0.1348,1.3507,0.3557,4.9915,0.0694,0.1832
DIESEL_Constanta-DN3-Murfatlar-retur,09-10,2026-09-11 09:39:41,1519,81.62928348909652,1525.767133956386,24.0422118380058,15.103862928349429,88.37071651090348,33.629283489096515,21.0,63.78535825545174,15.08,2.1188930614763546,-0.4296,26668.3,0,rural,S3_DN3_est_intors,0.0468,1.3507,0.1234,5.2395,0.0694,0.1832
DIESEL_Constanta-DN3-Murfatlar-retur,09-10,2026-09-11 09:39:42,1520,80.50957854406123,1511.4798850574691,20.73222222222245,17.99195402298805,88.7547892720306,33.0,21.0,64.02643678160918,14.974559386973162,2.110313400855595,-0.4948,26690.6,0,rural,S3_DN3_est_intors,0.0952,1.3508,0.2513,4.5182,0.0694,0.1832
DIESEL_Constanta-DN3-Murfatlar-retur,09-10,2026-09-11 09:39:43,1521,78.06692015209106,1461.7980988593126,25.638745247148403,10.507923954372862,88.0,32.68897338403035,21.0,63.58228136882124,15.100988593155993,3.6183746782587054,-0.605,26712.3,0,rural,S3_DN3_est_intors,0.0,1.3508,0.0,5.5875,0.0694,0.1832
DIESEL_Constanta-DN3-Murfatlar-retur,09-10,2026-09-11 09:39:44,1522,76.1533442088092,1432.5750407830344,25.62464926590485,18.112300163134464,88.0,32.0,21.0,62.91598694942896,16.07699836867862,3.749896729774868,-0.1965,26733.5,0,rural,S3_DN3_est_intors,0.1838,1.351,0.485,5.5844,0.1931,0.5095
DIESEL_Constanta-DN3-Murfatlar-retur,09-10,2026-09-11 09:39:45,1523,76.65220535068693,1423.8380332610272,21.38935647143881,34.52848879248059,88.0,32.0,21.0,62.76948662328269,15.90130874909617,2.092812915082966,-0.0417,26754.8,0,rural,S3_DN3_est_intors,0.7818,1.3518,2.0629,4.6614,0.7202,1.9004
DIESEL_Constanta-DN3-Murfatlar-retur,09-10,2026-09-11 09:39:46,1524,75.8528528528529,1397.784534534536,25.65672672672675,11.414204204204326,88.0,32.0,21.0,64.19399399399407,15.830600600600594,2.0188768203378697,-0.3657,26775.8,0,rural,S3_DN3_est_intors,0.0,1.3518,0.0,5.5914,0.0694,0.1832
DIESEL_Constanta-DN3-Murfatlar-retur,09-10,2026-09-11 09:39:47,1525,74.01892505677507,1367.8291067373193,24.46916729750181,10.43685844057543,88.32702498107497,31.672975018925023,21.0,62.47676003028003,15.524867524602527,1.687131529866731,-0.5557,26796.4,0,rural,S3_DN3_est_intors,0.0,1.3518,0.0,5.3326,0.0694,0.1832
DIESEL_Constanta-DN3-Murfatlar-retur,09-10,2026-09-11 09:39:48,1526,71.85180240320413,1347.2026034712922,21.790040053403647,13.828945260348284,89.0,31.0,21.0,61.77049399198965,14.65,1.5175935535421248,-0.4652,26816.4,0,rural,S3_DN3_est_intors,0.0187,1.3518,0.0493,4.7487,0.0694,0.1832
DIESEL_Constanta-DN3-Murfatlar-retur,09-10,2026-09-11 09:39:49,1527,70.669406392694,1317.175114155249,18.103397260274367,18.326977168949213,88.669406392694,31.0,21.0,63.9330593607306,14.74587214611874,1.919758183165184,-0.2572,26836.0,0,rural,S3_DN3_est_intors,0.0845,1.3519,0.2229,3.9453,0.0694,0.1832
DIESEL_Constanta-DN3-Murfatlar-retur,09-10,2026-09-11 09:39:50,1528,70.0,1295.1820388349515,20.879004854368787,14.414247572815746,88.21601941747575,31.0,21.0,63.78398058252425,14.970242718446604,1.9599727871050128,-0.097,26855.4,0,rural,S3_DN3_est_intors,0.0273,1.3519,0.0719,4.5502,0.429,1.1318
DIESEL_Constanta-DN3-Murfatlar-retur,09-10,2026-09-11 09:39:51,1529,69.97105508870219,1296.236227824464,16.214369747899184,21.18,88.97105508870219,31.0,21.0,63.00868347338934,15.071605975723635,2.691674895720673,-0.1337,26874.9,0,rural,S3_DN3_est_intors,0.1262,1.3521,0.3329,3.5336,0.3158,0.8334
DIESEL_Constanta-DN3-Murfatlar-retur,09-10,2026-09-11 09:39:52,1530,69.03734827264236,1279.6629318394018,15.710168067226874,21.18,88.03734827264236,31.0,21.0,63.28879551820729,14.800830999066283,1.7331138850838557,-0.4374,26894.1,0,rural,S3_DN3_est_intors,0.1262,1.3522,0.3329,3.4237,0.0694,0.1832
DIESEL_Constanta-DN3-Murfatlar-retur,09-10,2026-09-11 09:39:53,1531,66.82159624413144,1249.1913145539902,21.195070422535203,10.128638497652576,88.0,31.0,21.0,61.80328638497655,14.79,1.4664140061985111,-0.4882,26912.6,0,rural,S3_DN3_est_intors,0.0,1.3522,0.0,4.6191,0.0694,0.1832
DIESEL_Constanta-DN3-Murfatlar-retur,09-10,2026-09-11 09:39:54,1532,65.52261306532667,1219.400753768845,17.785175879397237,15.418844221105068,88.0,31.0,21.0,63.056783919598,14.651557788944734,1.7434875938711087,-0.3958,26930.8,0,rural,S3_DN3_est_intors,0.0602,1.3522,0.1589,3.8759,0.0694,0.1832
DIESEL_Constanta-DN3-Murfatlar-retur,09-10,2026-09-11 09:39:55,1533,63.97216274089937,1201.5968950749466,16.372612419700197,17.674496788008604,88.0,31.0,21.0,63.27687366167023,14.59935760171306,1.8966661126647288,-0.4893,26948.6,0,rural,S3_DN3_est_intors,0.0829,1.3523,0.2189,3.5681,0.0694,0.1832
DIESEL_Constanta-DN3-Murfatlar-retur,09-10,2026-09-11 09:39:56,1534,62.0,1188.1374393203894,19.525716019417725,11.327475728154855,88.0,30.904126213592274,21.0,63.84660194174764,14.79,2.118993664339732,-0.3051,26965.8,0,rural,S3_DN3_est_intors,0.0121,1.3523,0.0319,4.2553,0.0694,0.1832
DIESEL_Constanta-DN3-Murfatlar-retur,09-10,2026-09-11 09:39:57,1535,61.77513227513218,1212.1276455026657,16.28671957672048,19.315555555554457,88.0,30.0,21.0,62.13015873015862,14.79,3.1997331632601456,-0.1568,26983.0,0,rural,S3_DN3_est_intors,0.0978,1.3524,0.2581,3.5494,0.1609,0.4247
DIESEL_Constanta-DN3-Murfatlar-retur,09-10,2026-09-11 09:39:58,1536,60.87100213219608,1378.1697761194018,23.02375266524469,11.616396588487094,88.0,30.0,21.0,61.3805970149255,14.902228144989412,3.140859695691297,-0.2117,26999.9,0,rural,S3_DN3_est_intors,0.0163,1.3525,0.0429,5.0176,0.0694,0.1832
DIESEL_Constanta-DN3-Murfatlar-retur,09-10,2026-09-11 09:39:59,1537,60.25068493150683,1366.0585616438357,17.754739726027402,23.5389452054793,88.0,30.0,21.0,62.65013698630137,15.58730136986302,1.974958168112341,-0.074,27016.6,0,rural,S3_DN3_est_intors,0.2211,1.3527,0.5833,3.8693,0.367,0.9683
DIESEL_Constanta-DN3-Murfatlar-retur,09-10,2026-09-11 09:40:00,1538,60.3382030679328,1355.0493060628196,19.58775018261506,24.35918188458725,88.0,30.0,21.0,62.93235938641344,15.37,2.0515906069828977,-0.2145,27033.4,0,rural,S3_DN3_est_intors,0.3377,1.353,0.8911,4.2688,0.0694,0.1832
DIESEL_Constanta-DN3-Murfatlar-retur,09-10,2026-09-11 09:40:01,1539,58.70595099183175,1334.8838973162144,23.83765460910149,11.683547257876254,88.0,30.098016336056084,21.0,63.09218203033832,15.44155192532094,2.4512286026157093,-0.5624,27049.7,0,urban,S3_DN3_est_intors,0.0,1.353,0.0,5.195,0.0694,0.1832
DIESEL_Constanta-DN3-Murfatlar-retur,09-10,2026-09-11 09:40:02,1540,56.289171974522375,1279.7834394904476,21.47531210191023,18.463770700639103,88.0,31.0,21.0,62.53375796178357,15.848420382165534,1.563848512619053,-0.2869,27065.3,0,urban,S3_DN3_est_intors,0.2007,1.3532,0.5295,4.6801,0.0694,0.1832
DIESEL_Constanta-DN3-Murfatlar-retur,09-10,2026-09-11 09:40:03,1541,56.64035801464606,1281.052888527258,18.568641171684256,27.832986167616102,88.0,31.0,21.0,63.49210740439382,15.334296175752645,1.576078823629829,-0.0786,27081.1,0,urban,S3_DN3_est_intors,0.4444,1.3537,1.1726,4.0467,0.315,0.8312
DIESEL_Constanta-DN3-Murfatlar-retur,09-10,2026-09-11 09:40:04,1542,55.72301690507157,1254.3992197659304,20.707165149545155,14.477204161247917,88.0,31.0,21.0,63.023016905071565,15.600325097529243,1.7327201408163164,-0.2278,27096.5,0,urban,S3_DN3_est_intors,0.0349,1.3537,0.0922,4.5127,0.0694,0.1832
DIESEL_Constanta-DN3-Murfatlar-retur,09-10,2026-09-11 09:40:05,1543,55.0,1240.7967542503864,15.904621329211745,21.57,88.0,31.0,21.0,61.991190108191645,15.559520865533228,2.268560249516604,-0.128,27111.8,0,urban,S3_DN3_est_intors,0.1262,1.3538,0.3329,3.4661,0.1791,0.4725
DIESEL_Constanta-DN3-Murfatlar-retur,09-10,2026-09-11 09:40:06,1544,54.801324503311164,1231.3592715231782,15.29615894039734,21.57,88.19867549668884,31.0,21.0,61.73774834437101,15.08,1.9939096958974016,-0.2299,27127.0,0,urban,S3_DN3_est_intors,0.1262,1.3539,0.3329,3.3335,0.0694,0.1832
DIESEL_Constanta-DN3-Murfatlar-retur,09-10,2026-09-11 09:40:07,1545,53.34439834024895,1210.3433609958504,16.71443983402492,18.741078838174232,88.67219917012447,31.0,21.0,62.641078838174266,14.984937759336098,2.2501314215892507,-0.412,27141.8,0,urban,S3_DN3_est_intors,0.0848,1.354,0.2238,3.6426,0.0694,0.1832
DIESEL_Constanta-DN3-Murfatlar-retur,09-10,2026-09-11 09:40:08,1546,51.83463881636202,1173.5411227154036,19.712515230635315,12.94,88.0,31.0,21.0,61.7165361183638,14.79,2.204116406248794,-0.3326,27156.2,0,urban,S3_DN3_est_intors,0.0,1.354,0.0,4.296,0.0694,0.1832
DIESEL_Constanta-DN3-Murfatlar-retur,09-10,2026-09-11 09:40:09,1547,50.94969325153381,1163.5116564416974,19.12623312883441,13.334404907974966,88.0,31.050306748466195,21.0,61.80503067484662,14.79,2.8670194249096554,-0.2548,27170.4,0,urban,S3_DN3_est_intors,0.0063,1.354,0.0167,4.1682,0.0694,0.1832
DIESEL_Constanta-DN3-Murfatlar-retur,09-10,2026-09-11 09:40:10,1548,50.0,1467.5237892948162,18.32304163126594,20.78,88.19201359388282,32.0,21.0,61.53517417162263,14.84568394222602,1.7887167417208356,-0.1385,27184.3,0,urban,S3_DN3_est_intors,0.1262,1.3542,0.3329,3.9932,0.1211,0.3196
DIESEL_Constanta-DN3-Murfatlar-retur,09-10,2026-09-11 09:40:11,1549,49.95270270270272,1452.4932432432445,18.42472972972973,20.78,89.0,32.0,21.0,60.080405405405365,15.11452702702701,1.8053972391061928,-0.1365,27198.2,0,urban,S3_DN3_est_intors,0.1262,1.3543,0.3329,4.0153,0.1252,0.3304
DIESEL_Constanta-DN3-Murfatlar-retur,09-10,2026-09-11 09:40:12,1550,49.01699346405218,1402.54379084967,18.52798692810453,20.92002614379001,88.98300653594781,32.0,21.0,61.71189542483653,15.81,2.057136507540234,-0.0241,27211.8,0,urban,S3_DN3_est_intors,0.1326,1.3544,0.3499,4.0378,0.3617,0.9543
DIESEL_Constanta-DN3-Murfatlar-retur,09-10,2026-09-11 09:40:13,1551,49.77896613190728,1430.2424242424238,19.01652406417113,27.19868092691599,88.0,32.0,21.0,62.51051693404636,15.87409982174689,2.3835532879586943,-0.0024,27225.6,0,urban,S3_DN3_est_intors,0.4211,1.3548,1.111,4.1443,0.4172,1.1008
DIESEL_Constanta-DN3-Murfatlar-retur,09-10,2026-09-11 09:40:14,1552,49.0,1418.061475409836,19.12606557377049,21.409999999999908,88.11475409836063,32.0,21.0,62.72786885245904,16.1,2.012222108832307,-0.1121,27239.2,0,urban,S3_DN3_est_intors,0.1551,1.355,0.4094,4.1682,0.1722,0.4545
DIESEL_Constanta-DN3-Murfatlar-retur,09-10,2026-09-11 09:40:15,1553,48.97202797202795,1425.844405594405,19.24888111888112,26.116433566433454,89.0,32.0,21.0,61.409790209790216,16.108111888111896,2.157029784875188,-0.1345,27252.8,0,urban,S3_DN3_est_intors,0.3715,1.3554,0.9802,4.1949,0.1239,0.327
DIESEL_Constanta-DN3-Murfatlar-retur,09-10,2026-09-11 09:40:16,1554,48.03183962264156,1412.3629127358502,19.21955188679247,21.142334905660984,88.96816037735844,32.0,21.0,61.76114386792455,16.39,1.5113995829245854,-0.0232,27266.2,0,urban,S3_DN3_est_intors,0.1423,1.3555,0.3753,4.1885,0.3533,0.9323
DIESEL_Constanta-DN3-Murfatlar-retur,09-10,2026-09-11 09:40:17,1555,48.8052230685527,1423.6471708378645,19.39118607181715,30.02134929270865,88.1947769314473,32.0,21.0,62.08052230685527,16.360783460282907,1.6369731658926394,-0.0044,27279.7,0,urban,S3_DN3_est_intors,0.5326,1.356,1.4053,4.2259,0.4016,1.0598
DIESEL_Constanta-DN3-Murfatlar-retur,09-10,2026-09-11 09:40:18,1556,48.0,1395.386400986031,18.932046014790465,22.267428101889767,88.7863599013969,32.2136400986031,21.0,61.74363188167628,16.272046014790465,2.0898282093156686,-0.1118,27293.1,0,urban,S3_DN3_est_intors,0.1801,1.3562,0.4752,4.1259,0.1664,0.4389
DIESEL_Constanta-DN3-Murfatlar-retur,09-10,2026-09-11 09:40:19,1557,48.0,1402.047069271761,19.046944937833047,25.88124333925488,88.0,33.0,21.0,60.83055062166955,16.400692717584345,1.8757662658668408,0.0553,27306.4,0,urban,S3_DN3_est_intors,0.3593,1.3566,0.948,4.1509,0.5184,1.3678
DIESEL_Constanta-DN3-Murfatlar-retur,09-10,2026-09-11 09:40:20,1558,48.3983402489627,1396.562240663901,19.32468879668053,27.270622406639603,88.0,33.0,21.0,61.35933609958508,16.64551867219918,1.5786677323436484,0.1389,27319.8,0,urban,S3_DN3_est_intors,0.4026,1.357,1.0624,4.2114,0.7014,1.8508
DIESEL_Constanta-DN3-Murfatlar-retur,09-10,2026-09-11 09:40:21,1559,49.0,1414.0337487019735,19.782866043613705,33.782824506749385,88.0,33.0,21.0,61.68566978193147,16.780020768431978,1.511126843132826,0.0475,27333.4,0,urban,S3_DN3_est_intors,0.7121,1.3577,1.8789,4.3113,0.5155,1.3601
DIESEL_Constanta-DN3-Murfatlar-retur,09-10,2026-09-11 09:40:22,1560,48.740432612312894,1422.980865224626,19.93207986688845,25.83743760399374,88.0,33.0,21.0,61.718302828619024,16.83054908485852,1.5612254797311276,-0.1032,27347.0,0,urban,S3_DN3_est_intors,0.3761,1.3581,0.9924,4.3438,0.1896,0.5002
DIESEL_Constanta-DN3-Murfatlar-retur,09-10,2026-09-11 09:40:23,1561,48.2573099415203,1422.8830409356715,20.40666666666672,23.71245614034997,88.0,33.0,21.0,61.41871345029225,17.185380116959116,1.6371607968959063,0.1749,27360.4,0,urban,S3_DN3_est_intors,0.2542,1.3583,0.6707,4.4472,0.7752,2.0455
DIESEL_Constanta-DN3-Murfatlar-retur,09-10,2026-09-11 09:40:24,1562,50.0,1431.5132896764248,19.884460708782733,31.16796610169416,88.0,33.19645608628668,21.0,62.507087827426645,16.68,1.6403909510815735,0.242,27374.3,0,urban,S3_DN3_est_intors,0.6072,1.3589,1.6022,4.3334,0.9561,2.5227
DIESEL_Constanta-DN3-Murfatlar-retur,09-10,2026-09-11 09:40:25,1563,50.0,1428.624229583975,19.7843066255778,24.21881355932129,88.0,33.96687211093999,21.0,60.966255778120015,16.68,2.152633688663962,-0.1192,27388.2,0,urban,S3_DN3_est_intors,0.267,1.3592,0.7045,4.3116,0.1635,0.4313
DIESEL_Constanta-DN3-Murfatlar-retur,09-10,2026-09-11 09:40:26,1564,49.141680395387176,1441.8023064250417,20.397001647446466,26.49243822075787,88.85831960461282,34.0,21.0,60.82751235584846,16.97,2.307482820016914,0.0,27401.8,0,urban,S3_DN3_est_intors,0.3964,1.3596,1.046,4.4451,0.415,1.0949
DIESEL_Constanta-DN3-Murfatlar-retur,09-10,2026-09-11 09:40:27,1565,50.0,1460.9288694992415,20.489097116843705,28.55232169954484,88.0,34.0,21.0,61.45462822458269,16.864605462822446,2.14580466405268,0.0998,27415.7,0,urban,S3_DN3_est_intors,0.5277,1.3601,1.3923,4.4652,0.644,1.6994
DIESEL_Constanta-DN3-Murfatlar-retur,09-10,2026-09-11 09:40:28,1566,49.86036426712918,1464.9382046834328,20.3331569817866,28.540485689505203,88.0,34.0,21.0,61.395490026019154,16.63950563746746,2.0008267507439026,-0.1389,27429.6,0,urban,S3_DN3_est_intors,0.5061,1.3606,1.3355,4.4312,0.1194,0.3151
DIESEL_Constanta-DN3-Murfatlar-retur,09-10,2026-09-11 09:40:29,1567,49.0,1433.664583333333,19.49066666666667,20.78,88.00833333333337,34.0,21.0,62.57416666666654,16.391166666666674,1.6944383678342292,-0.1127,27443.2,0,urban,S3_DN3_est_intors,0.1262,1.3608,0.3329,4.2476,0.171,0.4511
DIESEL_Constanta-DN3-Murfatlar-retur,09-10,2026-09-11 09:40:30,1568,49.04902962206333,1425.1302349336056,19.578335035750765,21.31834525025536,88.95097037793667,34.0,21.0,59.617671092952,16.515781409601637,2.593888642555134,0.1286,27456.8,0,urban,S3_DN3_est_intors,0.154,1.3609,0.4064,4.2667,0.6907,1.8225
DIESEL_Constanta-DN3-Murfatlar-retur,09-10,2026-09-11 09:40:31,1569,49.925726587728775,1455.1716899892365,19.71548977395049,31.265339074273623,88.0,34.0,21.0,61.92228202368137,16.24,1.5770933723576093,-0.0068,27470.7,0,urban,S3_DN3_est_intors,0.6659,1.3616,1.757,4.2966,0.4093,1.0799
DIESEL_Constanta-DN3-Murfatlar-retur,09-10,2026-09-11 09:40:32,1570,49.0,1433.3489903424042,19.417374890254614,24.56900790166781,88.0,34.0,21.0,61.9664618086039,16.2756453028973,1.543613490127932,-0.1284,27484.3,0,urban,S3_DN3_est_intors,0.2922,1.3619,0.771,4.2316,0.1372,0.362
DIESEL_Constanta-DN3-Murfatlar-retur,09-10,2026-09-11 09:40:33,1571,49.00116144018581,1418.0101626016258,19.47039488966317,20.78501742160267,88.0011614401858,34.0,21.0,60.30185830429728,16.53017421602787,2.096786721293922,0.1577,27497.9,0,urban,S3_DN3_est_intors,0.1264,1.362,0.3335,4.2432,0.7525,1.9855
DIESEL_Constanta-DN3-Murfatlar-retur,09-10,2026-09-11 09:40:34,1572,50.13526570048318,1431.8900966183608,19.983140096618467,26.47835748792358,89.0,34.0,21.0,61.845893719806725,16.758454106280244,2.594927788922748,0.2925,27511.8,0,urban,S3_DN3_est_intors,0.3837,1.3624,1.0125,4.3549,1.0703,2.824
DIESEL_Constanta-DN3-Murfatlar-retur,09-10,2026-09-11 09:40:35,1573,51.10736196319019,1466.0651840490798,21.11147239263804,35.29,88.8926380368098,34.0,21.0,61.40337423312882,17.26,3.1357412848434376,0.2264,27526.0,0,urban,S3_DN3_est_intors,0.8202,1.3632,2.1641,4.6008,0.9462,2.4966
DIESEL_Constanta-DN3-Murfatlar-retur,09-10,2026-09-11 09:40:36,1574,51.765032377428376,1474.532839962998,21.318196114708595,33.58530989824285,88.0,34.0,21.0,60.67049028677149,17.3105180388529,2.0689074666944576,-0.144,27540.4,0,urban,S3_DN3_est_intors,0.7386,1.3639,1.949,4.6459,0.1193,0.3147
DIESEL_Constanta-DN3-Murfatlar-retur,09-10,2026-09-11 09:40:37,1575,50.070769230769294,1456.9553846153856,21.45073846153839,21.69646153846239,88.0707692307693,34.0,21.0,61.17876923076921,17.61852307692301,1.6738325165421728,-0.1819,27554.3,0,urban,S3_DN3_est_intors,0.1708,1.3641,0.4507,4.6748,0.0694,0.1832
DIESEL_Constanta-DN3-Murfatlar-retur,09-10,2026-09-11 09:40:38,1576,50.455670103092814,1461.4030927835056,22.105587628865884,27.11094845360861,88.7278350515464,34.0,21.0,60.818350515463926,16.481319587628878,1.8322505673169591,-0.1375,27568.3,0,urban,S3_DN3_est_intors,0.551,1.3647,1.454,4.8175,0.126,0.3325
DIESEL_Constanta-DN3-Murfatlar-retur,09-10,2026-09-11 09:40:39,1577,49.08109965635735,1440.9563573883156,26.38737457044685,10.396171821305376,88.04054982817867,34.0,21.0,60.6121649484536,15.979601374570432,2.3077974347541463,-0.1293,27581.9,0,urban,S3_DN3_est_intors,0.0307,1.3647,0.081,5.7506,0.1357,0.3582
DIESEL_Constanta-DN3-Murfatlar-retur,09-10,2026-09-11 09:40:40,1578,49.52459016393447,1422.1270491803282,19.68754098360656,26.800000000000225,88.26229508196724,34.0,21.0,61.25081967213119,16.70721311475409,2.502214467426107,0.2209,27595.7,0,urban,S3_DN3_est_intors,0.3847,1.3651,1.0152,4.2905,0.8996,2.3736
DIESEL_Constanta-DN3-Murfatlar-retur,09-10,2026-09-11 09:40:41,1579,50.67166309778729,1444.145074946467,19.917587437544626,31.810349750178347,89.0,34.0,21.0,62.077658815132025,16.580435403283374,2.178530473793094,0.066,27609.8,0,urban,S3_DN3_est_intors,0.6328,1.3657,1.6697,4.3407,0.5799,1.53
DIESEL_Constanta-DN3-Murfatlar-retur,09-10,2026-09-11 09:40:42,1580,50.0,1458.9884004884002,20.69792429792429,25.603101343101287,88.92796092796097,34.0,21.0,60.686446886446845,16.97,1.6233938759747917,-0.0488,27623.7,0,urban,S3_DN3_est_intors,0.3831,1.3661,1.0108,4.5107,0.318,0.839
DIESEL_Constanta-DN3-Murfatlar-retur,09-10,2026-09-11 09:40:43,1581,50.32042723631509,1461.530707610147,20.415487316421896,25.80392523364485,88.0,34.0,21.0,61.22323097463284,16.736088117489984,2.7908550530064336,0.0931,27637.6,0,urban,S3_DN3_est_intors,0.381,1.3665,1.0053,4.4492,0.6345,1.6741
DIESEL_Constanta-DN3-Murfatlar-retur,09-10,2026-09-11 09:40:44,1582,50.67002688172045,1452.524529569892,19.57030241935484,22.75063172043013,88.32997311827955,34.0,21.0,60.16498655913978,16.14430779569893,2.239710697474599,-0.0445,27651.7,0,urban,S3_DN3_est_intors,0.2315,1.3667,0.6109,4.265,0.3341,0.8816
DIESEL_Constanta-DN3-Murfatlar-retur,09-10,2026-09-11 09:40:45,1583,50.0,1464.07748948107,19.50966339410941,21.955035063113723,89.0,34.0,21.0,60.49957924263676,15.951851332398272,2.4392563416829627,-0.0572,27665.6,0,urban,S3_DN3_est_intors,0.189,1.3669,0.4987,4.2518,0.2995,0.7903
DIESEL_Constanta-DN3-Murfatlar-retur,09-10,2026-09-11 09:40:46,1584,50.258467023172855,1430.8747771835992,19.5023707664884,24.936149732619537,89.0,34.0,21.0,60.68431372549014,16.35122994652407,1.5720503449269003,0.1098,27679.6,0,urban,S3_DN3_est_intors,0.3219,1.3672,0.8493,4.2502,0.6703,1.7687
DIESEL_Constanta-DN3-Murfatlar-retur,09-10,2026-09-11 09:40:47,1585,50.79052369077318,1448.0367830423966,19.65134663341649,33.49162094763268,88.79052369077317,34.0,21.0,61.12294264339172,16.27142144638402,1.7429522093891572,-0.0749,27693.7,0,urban,S3_DN3_est_intors,0.7247,1.3679,1.9121,4.2826,0.2676,0.706
DIESEL_Constanta-DN3-Murfatlar-retur,09-10,2026-09-11 09:40:48,1586,49.71954022988509,1430.460344827586,19.713264367816063,21.33250574712639,88.0,34.0,21.0,59.756091954022985,16.63399999999998,2.06737241018767,-0.2383,27707.5,0,urban,S3_DN3_est_intors,0.1439,1.3681,0.3796,4.2961,0.0694,0.1832
DIESEL_Constanta-DN3-Murfatlar-retur,09-10,2026-09-11 09:40:49,1587,49.074663402692686,1432.8852509179903,20.423574051407613,23.74526315789345,88.0,34.0,21.0,59.89253365973073,17.216695226438247,1.8160651311283933,0.0674,27721.1,0,urban,S3_DN3_est_intors,0.2364,1.3683,0.6237,4.4509,0.5594,1.4759
DIESEL_Constanta-DN3-Murfatlar-retur,09-10,2026-09-11 09:40:50,1588,50.204526404023404,1455.1251047778712,20.316127409891,34.07359597653043,88.0,34.0,21.0,59.902263202011696,16.76794635373006,2.642970546142911,0.2674,27735.1,0,urban,S3_DN3_est_intors,0.7298,1.369,1.9258,4.4275,1.0167,2.6826
DIESEL_Constanta-DN3-Murfatlar-retur,09-10,2026-09-11 09:40:51,1589,51.0,1453.7697368421016,20.75710526315781,26.410473684210352,88.08947368421042,34.0,21.0,60.407368421052496,17.123421052631564,1.5899593976232087,0.1105,27749.2,0,urban,S3_DN3_est_intors,0.3898,1.3694,1.0286,4.5236,0.6844,1.8058
DIESEL_Constanta-DN3-Murfatlar-retur,09-10,2026-09-11 09:40:52,1590,51.0,1477.3448046181172,20.93593250444049,26.836136767317928,88.5728241563055,34.0,21.0,60.21847246891651,16.948161634103016,2.6301527647988263,0.0,27763.4,0,urban,S3_DN3_est_intors,0.4508,1.3699,1.1895,4.5626,0.4371,1.1532
DIESEL_Constanta-DN3-Murfatlar-retur,09-10,2026-09-11 09:40:53,1591,51.0,1464.9195605953223,20.305287030474844,24.69999291282777,88.0,34.0,21.0,58.676116229624384,16.602962437987244,2.1601135728637786,0.0,27777.6,0,urban,S3_DN3_est_intors,0.3309,1.3702,0.8732,4.4252,0.4371,1.1532
DIESEL_Constanta-DN3-Murfatlar-retur,09-10,2026-09-11 09:40:54,1592,51.0,1456.9464918497522,20.43285613040397,22.474620836286405,88.0,34.0,21.0,59.172218284904304,16.808490432317498,1.7232528426392406,0.0,27791.7,0,urban,S3_DN3_est_intors,0.1968,1.3704,0.5192,4.453,0.4371,1.1532
DIESEL_Constanta-DN3-Murfatlar-retur,09-10,2026-09-11 09:40:55,1593,51.0,1487.471146245059,20.855549407114623,29.52754940711434,88.36126482213444,34.0,21.0,59.31936758893278,16.82,1.9983913789931225,0.0,27805.9,0,urban,S3_DN3_est_intors,0.6028,1.371,1.5906,4.5451,0.4371,1.1532
DIESEL_Constanta-DN3-Murfatlar-retur,09-10,2026-09-11 09:40:56,1594,51.0,1488.087866108786,20.888912133891207,26.27,88.73221757322179,34.0,21.0,59.53556485355643,16.82,1.6909635162528327,0.0,27820.1,0,urban,S3_DN3_est_intors,0.4247,1.3714,1.1207,4.5523,0.4371,1.1532
DIESEL_Constanta-DN3-Murfatlar-retur,09-10,2026-09-11 09:40:57,1595,51.0,1496.1098317094782,20.755491585473905,24.128503100088803,88.0,34.0,21.0,60.53720106288756,16.639087688219682,1.841435993449739,0.0,27834.2,0,urban,S3_DN3_est_intors,0.2724,1.3717,0.7187,4.5233,0.4371,1.1532
DIESEL_Constanta-DN3-Murfatlar-retur,09-10,2026-09-11 09:40:58,1596,51.0,1484.031435853865,20.33236193712829,22.21770603228556,88.0,34.0,21.0,59.8412064570943,16.43115548003399,2.191629657436154,0.0,27848.4,0,urban,S3_DN3_est_intors,0.1818,1.3719,0.4797,4.4311,0.4371,1.1532
DIESEL_Constanta-DN3-Murfatlar-retur,09-10,2026-09-11 09:40:59,1597,51.0,1478.666245259167,20.285726927939315,25.464197218710765,88.0,34.0,21.0,60.02048040455132,16.46804045512008,1.812493175780656,0.0,27862.6,0,urban,S3_DN3_est_intors,0.3559,1.3723,0.939,4.4209,0.4371,1.1532
DIESEL_Constanta-DN3-Murfatlar-retur,09-10,2026-09-11 09:41:00,1598,51.0,1492.7932220039297,20.229155206286844,25.908133595285378,88.0,34.0,21.0,60.3459724950886,16.24,1.8154903731727323,0.0,27876.7,0,urban,S3_DN3_est_intors,0.3876,1.3726,1.0227,4.4086,0.4371,1.1532
DIESEL_Constanta-DN3-Murfatlar-retur,09-10,2026-09-11 09:41:01,1599,51.0,1489.5160668380463,20.079794344473022,21.595989717223727,88.30848329048837,34.0,21.0,58.96169665809767,16.19681233933163,2.025395671114348,0.0,27890.9,0,urban,S3_DN3_est_intors,0.1698,1.3728,0.4481,4.376,0.4371,1.1532
DIESEL_Constanta-DN3-Murfatlar-retur,09-10,2026-09-11 09:41:02,1600,51.0,1481.1344632768366,19.871649717514124,21.037333333333315,88.78192090395481,34.0,21.0,59.470734463276806,16.130531073446328,3.0578695260191786,0.0,27905.1,0,urban,S3_DN3_est_intors,0.1399,1.373,0.3692,4.3306,0.4371,1.1532
DIESEL_Constanta-DN3-Murfatlar-retur,09-10,2026-09-11 09:41:03,1601,51.0,1466.832393231265,20.01074133763094,24.58829975825944,88.0,34.0,21.0,60.15471394037068,16.34920225624496,1.962326814964227,0.0106,27919.2,0,urban,S3_DN3_est_intors,0.3145,1.3733,0.8299,4.361,0.4608,1.2158
DIESEL_Constanta-DN3-Murfatlar-retur,09-10,2026-09-11 09:41:04,1602,51.076309794988624,1484.5953872437358,20.76594533029613,32.37067198177673,88.07630979498863,34.0,21.0,58.337357630979525,16.7021298405467,1.9974634728533929,0.1114,27933.4,0,urban,S3_DN3_est_intors,0.6892,1.374,1.8185,4.5255,0.6877,1.8146
DIESEL_Constanta-DN3-Murfatlar-retur,09-10,2026-09-11 09:41:05,1603,51.80209424083765,1482.9793193717271,21.0127120418848,29.11349738219868,89.0,34.0,21.0,60.2770680628273,16.97,2.0263205996185123,-0.0439,27947.8,0,urban,S3_DN3_est_intors,0.5685,1.3745,1.5,4.5793,0.3471,0.9158
DIESEL_Constanta-DN3-Murfatlar-retur,09-10,2026-09-11 09:41:06,1604,50.760000000000055,1474.8699999999992,20.78079999999999,23.76680000000022,88.76000000000006,34.0,21.0,61.04000000000008,16.934000000000008,2.2498245494661164,-0.162,27961.9,0,urban,S3_DN3_est_intors,0.27,1.3748,0.7125,4.5288,0.0732,0.1933
DIESEL_Constanta-DN3-Murfatlar-retur,09-10,2026-09-11 09:41:07,1605,50.63558282208588,1488.2457055214722,21.05618404907976,24.2693496932515,88.0,34.0,21.0,59.93177914110429,16.912159509202453,2.02220215504834,0.1722,27976.0,0,urban,S3_DN3_est_intors,0.3066,1.3751,0.8091,4.5888,0.8153,2.1513
DIESEL_Constanta-DN3-Murfatlar-retur,09-10,2026-09-11 09:41:08,1606,52.0,1500.14603960396,21.33859971711457,32.501046676096124,88.0,34.0,21.0,60.125601131541714,17.018939179632255,1.9209636009731683,0.1819,27990.4,0,urban,S3_DN3_est_intors,0.7336,1.3758,1.9357,4.6503,0.8645,2.281
DIESEL_Constanta-DN3-Murfatlar-retur,09-10,2026-09-11 09:41:09,1607,51.94535519125688,1509.3401639344263,21.29240437158468,33.39103825136675,88.0,34.0,21.0,60.32896174863394,16.844043715846976,1.5620198398285954,-0.1389,28004.8,0,urban,S3_DN3_est_intors,0.7822,1.3766,2.064,4.6403,0.132,0.3483
DIESEL_Constanta-DN3-Murfatlar-retur,09-10,2026-09-11 09:41:10,1608,51.0,1504.850484712901,21.418158090976863,23.03255779269217,88.0,34.0,21.0,58.92065622669649,16.998158090976865,2.4668659537142466,-0.1055,28019.0,0,urban,S3_DN3_est_intors,0.2393,1.3769,0.6315,4.6677,0.2009,0.5301
DIESEL_Constanta-DN3-Murfatlar-retur,09-10,2026-09-11 09:41:11,1609,51.18567639257304,1504.347480106098,20.74575596816965,25.89395225464128,88.0,34.0,21.0,58.80424403183035,16.450159151193592,2.3712449892466645,0.0786,28033.2,0,urban,S3_DN3_est_intors,0.3831,1.3772,1.0107,4.5211,0.6159,1.6251
DIESEL_Constanta-DN3-Murfatlar-retur,09-10,2026-09-11 09:41:12,1610,51.56580427446568,1485.5492125984254,19.910787401574805,22.486389201349887,88.43419572553432,34.0,21.0,59.09212598425195,16.1,1.817760315688132,-0.0258,28047.6,0,urban,S3_DN3_est_intors,0.2084,1.3774,0.5498,4.3392,0.3856,1.0174
DIESEL_Constanta-DN3-Murfatlar-retur,09-10,2026-09-11 09:41:13,1611,51.0,1480.3992569930056,19.89876748251747,23.002648601398366,88.56555944055938,34.0,21.0,59.69020979020998,16.160821678321685,1.802451011522644,-0.0786,28061.7,0,urban,S3_DN3_est_intors,0.2332,1.3777,0.6154,4.3366,0.2611,0.689
DIESEL_Constanta-DN3-Murfatlar-retur,09-10,2026-09-11 09:41:14,1612,51.0,1468.4122036874453,19.829587357331,23.575487269534896,88.30992098331872,34.0,21.0,60.88015803336255,16.24,1.7145850586791918,-0.0298,28075.9,0,urban,S3_DN3_est_intors,0.2631,1.3779,0.6941,4.3215,0.3704,0.9772
DIESEL_Constanta-DN3-Murfatlar-retur,09-10,2026-09-11 09:41:15,1613,50.78557114228464,1472.1793587174343,19.97430861723446,28.11887775551156,89.0,34.0,21.0,59.65010020040076,16.272164328657304,1.7903000001907736,-0.1061,28090.0,0,urban,S3_DN3_est_intors,0.4866,1.3784,1.2841,4.353,0.198,0.5224
DIESEL_Constanta-DN3-Murfatlar-retur,09-10,2026-09-11 09:41:16,1614,50.23632385120339,1473.841356673962,20.20161925601746,22.886389496717285,88.7636761487966,34.0,21.0,59.750984682713565,16.491619256017458,2.0169848903676075,0.0298,28103.9,0,urban,S3_DN3_est_intors,0.234,1.3787,0.6174,4.4026,0.4936,1.3023
DIESEL_Constanta-DN3-Murfatlar-retur,09-10,2026-09-11 09:41:17,1615,51.0,1472.4669117647036,20.67275210084029,26.752373949579564,88.0,34.0,21.0,58.712394957983065,16.82,2.6950306445977734,0.1061,28118.1,0,urban,S3_DN3_est_intors,0.4186,1.3791,1.1044,4.5052,0.6745,1.7798
DIESEL_Constanta-DN3-Murfatlar-retur,09-10,2026-09-11 09:41:18,1616,51.0,1491.443287037037,21.109629629629627,29.42398148148145,88.40509259259258,34.0,21.0,58.91134259259262,16.880763888888886,3.2008267606317555,0.0,28132.3,0,urban,S3_DN3_est_intors,0.5558,1.3796,1.4666,4.6004,0.4371,1.1532
DIESEL_Constanta-DN3-Murfatlar-retur,09-10,2026-09-11 09:41:19,1617,51.0,1499.3255813953494,21.33439838220425,27.31232558139476,88.50859453993924,34.0,21.0,58.44054600606683,16.97,2.3297018053456737,0.0643,28146.4,0,urban,S3_DN3_est_intors,0.4759,1.3801,1.2557,4.6494,0.581,1.533
DIESEL_Constanta-DN3-Murfatlar-retur,09-10,2026-09-11 09:41:20,1618,51.46318732525632,1495.4179869524694,21.101351351351337,24.647204100652417,88.0,34.0,21.0,59.18527493010252,16.835675675675667,1.827777834868208,0.084,28160.7,0,urban,S3_DN3_est_intors,0.3447,1.3805,0.9095,4.5986,0.6324,1.6687
DIESEL_Constanta-DN3-Murfatlar-retur,09-10,2026-09-11 09:41:21,1619,51.60484622553585,1487.9939422180803,20.50153774464117,24.869608574091288,88.0,34.0,21.0,58.6096924510717,16.450810810810793,1.7436414189533165,-0.0643,28175.1,0,urban,S3_DN3_est_intors,0.3287,1.3808,0.8673,4.4679,0.2988,0.7885
DIESEL_Constanta-DN3-Murfatlar-retur,09-10,2026-09-11 09:41:22,1620,51.0,1486.8717893835612,20.038964041095884,22.976386986301165,88.0,34.0,21.0,57.73056506849322,16.1,2.1057144714801805,-0.0544,28189.2,0,urban,S3_DN3_est_intors,0.2144,1.381,0.5658,4.3671,0.3153,0.8319
DIESEL_Constanta-DN3-Murfatlar-retur,09-10,2026-09-11 09:41:23,1621,51.21303841676369,1481.7011059371362,19.896263096623976,21.532025611175825,88.0,34.0,21.0,58.819557625145535,16.03821885913853,2.0485255183902087,0.1057,28203.5,0,urban,S3_DN3_est_intors,0.1665,1.3812,0.4393,4.336,0.6772,1.7869
DIESEL_Constanta-DN3-Murfatlar-retur,09-10,2026-09-11 09:41:24,1622,51.76123802505521,1475.467022844509,19.547612380250552,23.4671702284449,88.0,34.0,21.0,59.8806190125276,15.843426676492273,2.018844179561244,-0.0262,28217.8,0,urban,S3_DN3_est_intors,0.2703,1.3814,0.7131,4.26,0.3869,1.0208
DIESEL_Constanta-DN3-Murfatlar-retur,09-10,2026-09-11 09:41:25,1623,51.024318349299854,1465.334377302873,19.540243183493,20.865843773028487,88.0,34.0,21.0,59.51215917464993,15.94659543109802,2.504591794401596,-0.18,28232.0,0,urban,S3_DN3_est_intors,0.1308,1.3816,0.3451,4.2584,0.0694,0.1832
DIESEL_Constanta-DN3-Murfatlar-retur,09-10,2026-09-11 09:41:26,1624,50.46511627906982,1465.3313953488373,20.376279069767435,30.13511627907015,88.46511627906982,34.0,21.0,58.65813953488378,16.685116279069753,2.0534040749052145,-0.0034,28246.0,0,urban,S3_DN3_est_intors,0.5884,1.3822,1.5524,4.4406,0.4231,1.1163
DIESEL_Constanta-DN3-Murfatlar-retur,09-10,2026-09-11 09:41:27,1625,51.0,1467.1755725190842,20.40396946564888,28.92183206106764,88.57251908396938,34.0,21.0,59.17175572519081,16.65396946564888,1.9486525764505505,0.0743,28260.2,0,urban,S3_DN3_est_intors,0.5144,1.3827,1.3572,4.4467,0.6034,1.592
DIESEL_Constanta-DN3-Murfatlar-retur,09-10,2026-09-11 09:41:28,1626,51.0,1472.8049828178698,20.81467353951893,22.391615120274967,88.0,34.0,21.0,58.86254295532645,16.979450171821323,2.561213241007154,0.0,28274.4,0,urban,S3_DN3_est_intors,0.2066,1.3829,0.5452,4.5362,0.4371,1.1532
DIESEL_Constanta-DN3-Murfatlar-retur,09-10,2026-09-11 09:41:29,1627,51.0,1482.9424398625424,21.42635738831612,23.47065292096213,88.0,34.0,21.0,58.51890034364264,17.378075601374547,2.2847534296589647,0.1389,28288.5,0,urban,S3_DN3_est_intors,0.25,1.3831,0.6596,4.6695,0.748,1.9735
DIESEL_Constanta-DN3-Murfatlar-retur,09-10,2026-09-11 09:41:30,1628,52.0,1496.877591706539,20.92937799043061,31.283221690590786,88.0,34.0,21.0,59.017543859649216,16.78314194577351,2.3177269425993043,0.1389,28303.0,0,urban,S3_DN3_est_intors,0.6546,1.3838,1.7274,4.5612,0.7663,2.0221
DIESEL_Constanta-DN3-Murfatlar-retur,09-10,2026-09-11 09:41:31,1629,52.0,1496.5063636363636,21.15112727272728,22.72996363636361,88.0,34.23272727272727,21.0,57.949090909090906,16.93509090909091,1.8727402654280143,0.0,28317.4,0,urban,S3_DN3_est_intors,0.2143,1.384,0.5654,4.6095,0.4494,1.1857
DIESEL_Constanta-DN3-Murfatlar-retur,09-10,2026-09-11 09:41:32,1630,52.0,1497.4156200941916,20.762425431711147,25.806232339089515,88.28806907378336,35.0,21.0,58.840737833594986,16.652919937205652,2.4088542456806827,-0.0137,28331.9,0,urban,S3_DN3_est_intors,0.3957,1.3844,1.044,4.5248,0.4181,1.1032
DIESEL_Constanta-DN3-Murfatlar-retur,09-10,2026-09-11 09:41:33,1631,51.90116896918165,1492.536397449521,20.14465462274172,21.32258235919277,88.90116896918164,35.0,21.0,58.15058448459082,16.211339001062676,3.065593951207068,-0.1389,28346.3,0,urban,S3_DN3_est_intors,0.1574,1.3846,0.4152,4.3901,0.1317,0.3476
DIESEL_Constanta-DN3-Murfatlar-retur,09-10,2026-09-11 09:41:34,1632,51.0,1481.502464403066,20.911938663746245,23.7244578313246,88.0,35.0,21.0,57.68335158817087,15.974972617743708,2.0969399950125243,-0.1252,28360.5,0,urban,S3_DN3_est_intors,0.3681,1.3849,0.9713,4.5574,0.1568,0.4138
DIESEL_Constanta-DN3-Murfatlar-retur,09-10,2026-09-11 09:41:35,1633,51.0,1470.900871459695,25.36383442265794,16.390043572984784,88.0,35.260348583878,21.0,58.0165577342048,16.13644880174292,2.1977566330168563,0.0474,28374.6,0,urban,S3_DN3_est_intors,0.1807,1.3851,0.4767,5.5276,0.5431,1.4331
DIESEL_Constanta-DN3-Murfatlar-retur,09-10,2026-09-11 09:41:36,1634,51.34112646121145,1474.7967587672688,19.79378320935176,29.08556854410219,88.34112646121146,36.0,21.0,59.5752391073326,16.141073326248677,2.0286038115840808,0.039,28388.9,0,urban,S3_DN3_est_intors,0.5433,1.3856,1.4337,4.3137,0.5291,1.3961
DIESEL_Constanta-DN3-Murfatlar-retur,09-10,2026-09-11 09:41:37,1635,51.28098391674531,1474.1662724692517,19.992194891201635,22.79114474929014,89.0,36.0,21.0,60.04834437086086,16.367029328287718,2.6362323519499378,-0.1482,28403.1,0,urban,S3_DN3_est_intors,0.207,1.3859,0.5462,4.3569,0.1069,0.2822
DIESEL_Constanta-DN3-Murfatlar-retur,09-10,2026-09-11 09:41:38,1636,50.27372881355939,1470.6533898305097,20.968872881355978,25.181559322034925,88.72627118644061,36.0,21.0,59.05254237288123,17.23044067796613,1.620423073510978,-0.0022,28417.1,0,urban,S3_DN3_est_intors,0.3507,1.3862,0.9253,4.5698,0.4234,1.1173
DIESEL_Constanta-DN3-Murfatlar-retur,09-10,2026-09-11 09:41:39,1637,51.26481481481488,1488.6273148148164,21.66993518518524,36.96460185185188,88.0,36.13240740740744,21.0,57.56027777777777,17.626796296296316,1.786017435834344,0.3786,28431.3,0,urban,S3_DN3_est_intors,0.9547,1.3872,2.5191,4.7226,1.2921,3.4093
DIESEL_Constanta-DN3-Murfatlar-retur,09-10,2026-09-11 09:41:40,1638,53.0,1526.2472627737238,23.03518248175192,37.491925182481495,88.0,37.0,21.0,57.36897810218989,18.16333941605845,1.962773528171052,0.241,28446.1,0,urban,S3_DN3_est_intors,1.0022,1.3882,2.6444,5.0201,1.0225,2.698
DIESEL_Constanta-DN3-Murfatlar-retur,09-10,2026-09-11 09:41:41,1639,53.0,1538.1085766423369,23.91109489051104,34.98280109489026,88.0,37.0,21.0,58.46386861313879,18.692536496350417,1.9410671994374216,0.1389,28460.8,0,urban,S3_DN3_est_intors,0.8871,1.389,2.3406,5.211,0.785,2.0714
DIESEL_Constanta-DN3-Murfatlar-retur,09-10,2026-09-11 09:41:42,1640,54.0,1564.600954478708,24.203906020558,29.58521292217332,88.0,37.0,21.0,58.21674008810573,18.55218795888399,1.8566340802485783,0.1931,28475.8,0,urban,S3_DN3_est_intors,0.6415,1.3897,1.6926,5.2748,0.9325,2.4605
DIESEL_Constanta-DN3-Murfatlar-retur,09-10,2026-09-11 09:41:43,1641,54.39016393442621,1582.4139344262294,24.410459016393435,33.01039344262293,88.0,37.39016393442621,21.0,57.56360655737709,18.474622950819672,1.5392081712153858,0.1896,28490.9,0,urban,S3_DN3_est_intors,0.8448,1.3905,2.2291,5.3198,0.9326,2.4606
DIESEL_Constanta-DN3-Murfatlar-retur,09-10,2026-09-11 09:41:44,1642,55.365289256198345,1604.1880165289251,25.16332231404958,34.73089256198345,88.0,38.0,21.0,56.50181818181818,18.77186776859504,1.6547134455759047,0.2617,28506.3,0,urban,S3_DN3_est_intors,0.9754,1.3915,2.5738,5.4839,1.1289,2.9786
DIESEL_Constanta-DN3-Murfatlar-retur,09-10,2026-09-11 09:41:45,1643,56.27455621301771,1638.7902366863896,26.111964497041416,36.793976331360895,88.0,38.0,21.0,57.2,19.060378698224863,1.958295950963752,0.227,28521.9,0,urban,S3_DN3_est_intors,1.1529,1.3927,3.0422,5.6906,1.066,2.8127
DIESEL_Constanta-DN3-Murfatlar-retur,09-10,2026-09-11 09:41:46,1644,57.0,1656.799033149171,26.33035911602208,34.29671270718285,88.35635359116017,38.356353591160165,21.0,57.6276243093922,18.95334254143645,1.938175565482804,0.1639,28537.7,0,urban,S3_DN3_est_intors,0.9964,1.3937,2.629,5.7382,0.9254,2.4418
DIESEL_Constanta-DN3-Murfatlar-retur,09-10,2026-09-11 09:41:47,1645,57.45433962264147,1672.4832075471686,26.87897358490564,30.46626415094319,88.77283018867927,39.0,21.0,58.24098113207548,19.17407547169811,2.0328822773624187,0.2727,28553.7,0,urban,S3_DN3_est_intors,0.7886,1.3944,2.0807,5.8578,1.2094,3.1912
DIESEL_Constanta-DN3-Murfatlar-retur,09-10,2026-09-11 09:41:48,1646,58.96377358490582,1712.2945283018912,27.73935094339632,37.86249056603855,88.01811320754709,39.0,21.0,57.71267924528296,19.28728301886793,1.76803406751036,0.3536,28570.1,0,urban,S3_DN3_est_intors,1.3123,1.3958,3.4627,6.0453,1.4586,3.8486
DIESEL_Constanta-DN3-Murfatlar-retur,09-10,2026-09-11 09:41:49,1647,60.0,1742.3509963768104,27.27862318840587,38.26590579710004,88.0,39.0126811594204,21.0,57.486050724637565,18.717355072463832,2.079652982460189,0.1934,28586.7,0,urban,S3_DN3_est_intors,1.3768,1.3971,3.6328,5.9449,1.0682,2.8185
DIESEL_Constanta-DN3-Murfatlar-retur,09-10,2026-09-11 09:41:50,1648,60.356025039123566,1746.8601330203414,28.62644757433478,30.09696400625897,88.35602503912357,39.643974960876434,21.0,57.04084507042242,19.549898278560203,2.570085856862886,0.2391,28603.5,0,rural,S3_DN3_est_intors,0.8192,1.398,2.1615,6.2386,1.1976,3.16
DIESEL_Constanta-DN3-Murfatlar-retur,09-10,2026-09-11 09:41:51,1649,61.72146739130409,1789.5876358695605,29.91733695652172,41.35434782608591,88.7595108695653,39.0,21.0,58.12785326086959,19.880516304347875,2.7551820512131315,0.5061,28620.6,0,rural,S3_DN3_est_intors,1.5094,1.3995,3.9826,6.5199,1.9562,5.1616
DIESEL_Constanta-DN3-Murfatlar-retur,09-10,2026-09-11 09:41:52,1650,64.0,1660.9749232343947,27.18247697031736,42.447072671443365,88.45138178096212,39.0,21.0,57.35834186284546,19.63409416581372,2.380566176796417,0.3676,28638.4,0,rural,S3_DN3_est_intors,1.3516,1.4008,3.5664,5.9239,1.6542,4.3648
DIESEL_Constanta-DN3-Murfatlar-retur,09-10,2026-09-11 09:41:53,1651,64.36796193497221,1454.431800158604,23.717747819191107,33.41471054718468,88.63203806502779,39.0,21.0,56.47922283901668,19.92519429024583,1.843270768231914,0.1389,28656.3,0,rural,S3_DN3_est_intors,0.7404,1.4016,1.9537,5.1688,1.0201,2.6918
DIESEL_Constanta-DN3-Murfatlar-retur,09-10,2026-09-11 09:41:54,1652,65.0,1462.4054360135892,23.740679501698786,37.60590033975039,88.22989807474515,38.77010192525485,21.0,56.1,19.78550396375995,2.0404921765209223,0.1354,28674.4,0,rural,S3_DN3_est_intors,0.9362,1.4025,2.4703,5.1738,1.0245,2.7034
DIESEL_Constanta-DN3-Murfatlar-retur,09-10,2026-09-11 09:41:55,1653,65.34297963558407,1481.0010718113606,23.256613076098585,42.90408360128689,88.65702036441593,38.0,21.0,55.997106109324776,19.04801714898177,1.68026104773237,0.1389,28692.5,0,rural,S3_DN3_est_intors,1.1734,1.4037,3.0962,5.0683,1.0424,2.7505
DIESEL_Constanta-DN3-Murfatlar-retur,09-10,2026-09-11 09:41:56,1654,66.0,1485.1357063403782,24.09988876529476,35.18203559510568,88.0,37.56952169076753,21.0,56.660956618464944,19.64365962180199,2.0004139115127684,0.2068,28710.8,0,rural,S3_DN3_est_intors,0.8561,1.4045,2.2589,5.2521,1.2543,3.3095
DIESEL_Constanta-DN3-Murfatlar-retur,09-10,2026-09-11 09:41:57,1655,66.83205456095492,1507.7536231884087,30.04961636828704,44.79003410059793,88.0,37.0,21.0,57.63358908780901,20.551295822676924,2.197996827114364,0.3581,28729.4,0,rural,S3_DN3_est_intors,1.2664,1.4058,3.3415,6.5487,1.72,4.5385
DIESEL_Constanta-DN3-Murfatlar-retur,09-10,2026-09-11 09:41:58,1656,68.57798165137616,1550.8084862385324,37.61412844036698,58.19986238532106,88.28899082568809,37.0,21.0,57.22660550458715,20.973807339449547,1.8790199423028888,0.44,28748.5,0,rural,S3_DN3_est_intors,1.8745,1.4077,4.946,8.1973,2.0251,5.3433
DIESEL_Constanta-DN3-Murfatlar-retur,09-10,2026-09-11 09:41:59,1657,70.0,1574.726443768996,36.25088145896714,51.66644376899799,89.0,36.77203647416419,21.0,56.686018237082095,21.2780243161094,2.4082543369825884,0.2236,28767.9,0,rural,S3_DN3_est_intors,1.6714,1.4093,4.4102,7.9002,1.4139,3.7307
DIESEL_Constanta-DN3-Murfatlar-retur,09-10,2026-09-11 09:42:00,1658,70.18754925137908,1588.6568163908594,28.097368006304063,38.407596532703,88.81245074862092,36.0,21.0,56.41252955082744,21.17488573680053,1.501109587126794,0.1355,28787.4,0,rural,S3_DN3_est_intors,1.1593,1.4105,3.0589,6.1233,1.1479,3.0288
DIESEL_Constanta-DN3-Murfatlar-retur,09-10,2026-09-11 09:42:01,1659,70.97557131599689,1597.719070133964,25.98546887312834,39.9521197793539,88.02442868400311,36.0,21.0,56.88534278959813,19.34667454688722,1.692402479889978,-1.4643,28807.1,0,rural,S3_DN3_est_intors,1.2587,1.4118,3.3213,5.663,0.0694,0.1832
DIESEL_Constanta-DN3-Murfatlar-retur,09-10,2026-09-11 09:42:02,1660,59.64462809917306,1359.5942665289149,26.095351239669075,11.465165289256053,89.0,35.705578512396634,21.0,56.047210743801685,16.72725206611562,2.117994808951645,-2.6869,28823.7,0,urban,S3_DN3_est_intors,0.0,1.4118,0.0,5.687,0.0694,0.1832
DIESEL_Constanta-DN3-Murfatlar-retur,09-10,2026-09-11 09:42:03,1661,51.62990654205588,1266.0336448598157,22.0707476635514,9.568915887850448,88.70373831775699,35.0,21.0,56.69626168224301,15.380420560747629,2.282040675657753,-2.0947,28838.0,0,urban,S3_DN3_est_intors,0.0,1.4118,0.0,4.8099,0.0694,0.1832
DIESEL_Constanta-DN3-Murfatlar-retur,09-10,2026-09-11 09:42:04,1662,44.5627597672481,1383.8661679135646,22.85188694929372,9.744779717373458,88.0,34.794679966749726,21.0,57.21521197007476,14.36,1.9142779075030407,-1.7963,28850.4,0,urban,S3_DN3_est_intors,0.0,1.4118,0.0,4.9801,0.0694,0.1832
DIESEL_Constanta-DN3-Murfatlar-retur,09-10,2026-09-11 09:42:05,1663,38.696551724137294,1559.6916256157358,26.172472906403424,12.448128078817522,88.04334975369467,34.0,21.0,56.55635467980307,14.36,2.1157642417784475,-1.7926,28861.2,0,urban,S3_DN3_est_intors,0.0,1.4118,0.0,5.7038,0.0694,0.1832
DIESEL_Constanta-DN3-Murfatlar-retur,09-10,2026-09-11 09:42:06,1664,31.655932203389828,1277.98093220339,20.93462711864408,10.219169491525424,89.0,33.95084745762712,21.0,57.79508474576271,14.36,1.6941833069759824,-2.1983,28869.9,0,urban,S3_DN3_est_intors,0.0,1.4118,0.0,4.5623,0.0694,0.1832
DIESEL_Constanta-DN3-Murfatlar-retur,09-10,2026-09-11 09:42:07,1665,22.868932038834583,1628.557038834972,27.578509015256987,10.59,88.6955617198335,33.0,21.0,57.334674063800215,14.36,2.0920646742032885,-1.8946,28876.3,0,urban,S3_DN3_est_intors,0.0,1.4118,0.0,6.0102,0.0694,0.1832
DIESEL_Constanta-DN3-Murfatlar-retur,09-10,2026-09-11 09:42:08,1666,18.014563106795773,1899.188106796136,32.814292649098846,10.59,88.00208044382796,33.0,21.0,56.50249653259356,14.36,1.6185664012315464,-1.5828,28881.3,0,urban,S3_DN3_est_intors,0.0,1.4118,0.0,7.1513,0.0694,0.1832
DIESEL_Constanta-DN3-Murfatlar-retur,09-10,2026-09-11 09:42:09,1667,11.47294589178386,1226.4859719438994,19.251603206413268,15.436733466933388,88.74549098196398,32.0,21.0,56.4372745490982,14.723807615230449,2.115409185956802,-1.6189,28884.5,0,urban,S3_DN3_est_intors,0.0321,1.4118,0.0847,4.1955,0.0694,0.1832
DIESEL_Constanta-DN3-Murfatlar-retur,09-10,2026-09-11 09:42:10,1668,6.3583959899747855,1029.786549707598,12.27827067669168,23.00022556390984,88.0,31.786131996658263,21.0,56.27167919799496,15.002021720969104,2.1317896286064446,-1.0529,28886.3,0,urban,S3_DN3_est_intors,0.1262,1.4119,0.3329,2.6758,0.0694,0.1832
DIESEL_Constanta-DN3-Murfatlar-retur,09-10,2026-09-11 09:42:11,1669,3.892138939670994,958.9776051188312,11.47734917733091,23.96260511882996,88.05393053016451,31.0,21.0,55.91864716636191,15.23755027422303,1.8453770276665733,-0.5964,28887.3,0,urban,S3_DN3_est_intors,0.1262,1.412,0.3329,2.5013,0.0694,0.1832
DIESEL_Constanta-DN3-Murfatlar-retur,09-10,2026-09-11 09:42:12,1670,2.063985374771628,924.699725776968,11.093436928702042,24.68472577696521,88.96800731261419,31.0,21.0,57.92961608775121,15.365521023765986,1.6280598003727376,-0.4911,28887.9,0,urban,S3_DN3_est_intors,0.1262,1.4122,0.3329,2.4176,0.0694,0.1832
DIESEL_Constanta-DN3-Murfatlar-retur,09-10,2026-09-11 09:42:13,1671,0.3565310492505499,828.3934689507495,10.703650963597427,20.0,88.0,29.64346895074945,21.0,56.765203426124174,15.030085653104925,4.39283879774912,-0.1869,28888.0,1,urban,S3_DN3_est_intors,0.1262,1.4123,0.3329,2.3327,0.1528,0.4031
DIESEL_Constanta-DN3-Murfatlar-retur,09-10,2026-09-11 09:42:14,1672,0.7182203389831185,825.5662076271192,10.549555084745778,20.109894067796585,88.0,29.0,21.0,56.2790254237287,14.897733050847467,4.210772505410812,-0.0479,28888.2,1,urban,S3_DN3_est_intors,0.1262,1.4124,0.3329,2.2991,0.1547,0.4081
DIESEL_Constanta-DN3-Murfatlar-retur,09-10,2026-09-11 09:42:15,1673,0.0120056497175519,820.093043785311,10.373001412429389,20.38531779661016,88.0,29.0,21.0,57.47959039548016,14.791800847457631,5.601237329236129,0.0077,28888.2,1,urban,S3_DN3_est_intors,0.1262,1.4125,0.3329,2.2606,0.1528,0.4033
DIESEL_Constanta-DN3-Murfatlar-retur,09-10,2026-09-11 09:42:16,1674,0.7737355811889366,839.2136202307005,10.650585625554562,20.47824312333632,88.22626441881107,29.0,21.0,56.448890860692174,14.79,4.506756706984674,-0.0017,28888.4,1,urban,S3_DN3_est_intors,0.1262,1.4127,0.3329,2.3211,0.1564,0.4126
DIESEL_Constanta-DN3-Murfatlar-retur,09-10,2026-09-11 09:42:17,1675,0.0,835.852649006621,10.602556291390709,20.78,89.0,29.0,21.0,57.16437086092721,14.79,3.994870690707184,-0.1075,28888.4,1,urban,S3_DN3_est_intors,0.1262,1.4128,0.3329,2.3106,0.1528,0.4031
DIESEL_Constanta-DN3-Murfatlar-retur,09-10,2026-09-11 09:42:18,1676,0.0,845.6183808553959,10.749847250509148,20.931934826883936,88.62016293279017,29.0,21.0,56.61395112016295,14.79,4.3150190516550735,0.0,28888.4,1,urban,S3_DN3_est_intors,0.1262,1.4129,0.3329,2.3427,0.1528,0.4031
DIESEL_Constanta-DN3-Murfatlar-retur,09-10,2026-09-11 09:42:19,1677,0.0,837.7308917197462,10.644713375796192,21.18,88.27671620665257,29.0,21.0,56.772328379334745,14.79,4.217033771385275,0.0,28888.4,1,urban,S3_DN3_est_intors,0.1262,1.413,0.3329,2.3198,0.1528,0.4031
DIESEL_Constanta-DN3-Murfatlar-retur,09-10,2026-09-11 09:42:20,1678,0.0,850.4697452229308,10.835796178343962,21.18,88.98443029016282,29.0,21.0,56.70155697098373,14.79,3.86401945927115,0.0371,28888.4,1,urban,S3_DN3_est_intors,0.1262,1.4132,0.3329,2.3615,0.1528,0.4031
DIESEL_Constanta-DN3-Murfatlar-retur,09-10,2026-09-11 09:42:21,1679,0.2670157068063538,860.6806282722507,10.990628272251302,21.28413612565448,88.73298429319365,29.0,21.0,56.72670157068064,14.79,3.996293570805909,0.1062,28888.5,1,urban,S3_DN3_est_intors,0.1262,1.4133,0.3329,2.3952,0.1553,0.4097
DIESEL_Constanta-DN3-Murfatlar-retur,09-10,2026-09-11 09:42:22,1680,0.7643362136685188,859.3008641005496,10.971272584446185,21.57,88.0,29.0,21.0,56.89426551453259,14.79,4.076610847896306,-0.0371,28888.7,1,urban,S3_DN3_est_intors,0.1262,1.4134,0.3329,2.391,0.1552,0.4094
DIESEL_Constanta-DN3-Murfatlar-retur,09-10,2026-09-11 09:42:23,1681,0.0,872.637434554973,11.161047120418836,21.57,88.0,29.0,21.0,57.24240837696342,14.79,4.978923126586592,-0.1062,28888.7,1,urban,S3_DN3_est_intors,0.1262,1.4135,0.3329,2.4323,0.1528,0.4031
DIESEL_Constanta-DN3-Murfatlar-retur,09-10,2026-09-11 09:42:24,1682,0.0,863.1860108917626,11.026358066712042,21.57,88.0,29.0,21.0,57.79094622191972,14.79,4.086746065731157,0.0,28888.7,1,urban,S3_DN3_est_intors,0.1262,1.4137,0.3329,2.403,0.1528,0.4031
DIESEL_Constanta-DN3-Murfatlar-retur,09-10,2026-09-11 09:42:25,1683,0.0,869.652995234853,11.128468345813468,21.57,88.0,29.0,21.0,57.11021102791021,14.79,4.803481342384795,0.0,28888.7,1,urban,S3_DN3_est_intors,0.1262,1.4138,0.3329,2.4252,0.1528,0.4031
DIESEL_Constanta-DN3-Murfatlar-retur,09-10,2026-09-11 09:42:26,1684,0.0,857.8590657165482,10.950308788598578,21.57,88.0,29.0,21.0,56.2,14.79,4.985699808324151,0.0,28888.7,1,urban,S3_DN3_est_intors,0.1262,1.4139,0.3329,2.3864,0.1528,0.4031
DIESEL_Constanta-DN3-Murfatlar-retur,09-10,2026-09-11 09:42:27,1685,0.0,861.8178939034044,10.997814726840852,21.57,88.0,29.0,21.0,56.2,14.79,4.575092209119261,0.0,28888.7,1,urban,S3_DN3_est_intors,0.1262,1.4141,0.3329,2.3968,0.1528,0.4031
DIESEL_Constanta-DN3-Murfatlar-retur,09-10,2026-09-11 09:42:28,1686,0.0,860.5472081218273,10.970944162436547,21.192274111675108,88.0,29.0,21.0,57.45908629441631,14.79,5.458080014857968,0.0,28888.7,1,urban,S3_DN3_est_intors,0.1262,1.4142,0.3329,2.3909,0.1528,0.4031
DIESEL_Constanta-DN3-Murfatlar-retur,09-10,2026-09-11 09:42:29,1687,0.0,845.0612195121964,10.722331707317094,21.18,88.0,30.0,21.0,58.25512195121959,14.79,4.248790743933088,0.0155,28888.7,1,urban,S3_DN3_est_intors,0.1262,1.4143,0.3329,2.3367,0.1528,0.4031
DIESEL_Constanta-DN3-Murfatlar-retur,09-10,2026-09-11 09:42:30,1688,0.1114457831326363,825.0640060240991,10.375015060240967,21.135421686746945,88.0,30.11144578313264,21.0,57.06716867469896,14.79,3.790427497786234,0.0906,28888.7,1,urban,S3_DN3_est_intors,0.1262,1.4144,0.3329,2.261,0.1537,0.4057
DIESEL_Constanta-DN3-Murfatlar-retur,09-10,2026-09-11 09:42:31,1689,0.6525423728813053,841.7669491525415,10.43063559322034,20.78,88.0,31.347457627118693,21.0,57.77457627118635,14.79,4.428021829131587,-0.0155,28888.9,1,urban,S3_DN3_est_intors,0.1262,1.4146,0.3329,2.2732,0.1554,0.4101
DIESEL_Constanta-DN3-Murfatlar-retur,09-10,2026-09-11 09:42:32,1690,0.0,831.8127208480565,10.468127208480569,20.700759717314487,88.20318021201413,32.0,21.0,56.35618374558303,14.79,3.980216525179444,-0.0906,28888.9,1,urban,S3_DN3_est_intors,0.1262,1.4147,0.3329,2.2813,0.1528,0.4031
DIESEL_Constanta-DN3-Murfatlar-retur,09-10,2026-09-11 09:42:33,1691,0.0,835.9915143603131,10.510234986945168,20.39,89.0,32.12793733681459,21.0,55.73263707571793,14.79,3.84133258256123,0.0,28888.9,1,urban,S3_DN3_est_intors,0.1262,1.4148,0.3329,2.2905,0.1528,0.4031
DIESEL_Constanta-DN3-Murfatlar-retur,09-10,2026-09-11 09:42:34,1692,0.0,836.6109467455609,10.481775147928976,20.262307692307665,89.0,33.327416173570086,21.0,57.96725838264299,14.79,4.655668245087811,0.0,28888.9,1,urban,S3_DN3_est_intors,0.1262,1.4149,0.3329,2.2843,0.1528,0.4031
DIESEL_Constanta-DN3-Murfatlar-retur,09-10,2026-09-11 09:42:35,1693,0.0,824.7347504621073,10.282939001848428,20.0,88.7060998151571,34.293900184842904,21.0,57.48853974121994,14.79,5.835938255214626,0.0,28888.9,1,urban,S3_DN3_est_intors,0.1262,1.4151,0.3329,2.241,0.1528,0.4031
DIESEL_Constanta-DN3-Murfatlar-retur,09-10,2026-09-11 09:42:36,1694,0.0,833.6194743130239,10.487371565113536,19.890035842293887,88.0,35.281959378733625,21.0,56.02066905615284,14.914062126642794,4.407819171968477,0.1903,28888.9,1,urban,S3_DN3_est_intors,0.1262,1.4152,0.3329,2.2855,0.1528,0.4031
DIESEL_Constanta-DN3-Murfatlar-retur,09-10,2026-09-11 09:42:37,1695,1.370192307692011,885.6622596153773,11.313365384615317,23.906923076922148,88.0,36.2740384615384,21.0,54.96442307692304,15.468413461538413,4.204852006731339,0.6673,28889.3,0,urban,S3_DN3_est_intors,0.178,1.4154,0.4698,2.4655,0.1161,0.3062
DIESEL_Constanta-DN3-Murfatlar-retur,09-10,2026-09-11 09:42:38,1696,4.8042582417581725,970.6553914835148,12.123804945054928,34.676153846153625,88.0,36.96085164835164,21.0,55.37651098901098,16.065940934065924,3.0759739363804464,1.2859,28890.6,0,urban,S3_DN3_est_intors,0.308,1.4157,0.8128,2.6422,0.3634,0.959
DIESEL_Constanta-DN3-Murfatlar-retur,09-10,2026-09-11 09:42:39,1697,10.628440366972333,1159.221043577969,16.034782110091502,40.95412844036712,88.84288990825692,38.157110091743085,21.0,56.74288990825691,17.292247706421975,2.1235164697308218,1.4495,28893.6,0,urban,S3_DN3_est_intors,0.6174,1.4163,1.629,3.4945,0.7971,2.1031
DIESEL_Constanta-DN3-Murfatlar-retur,09-10,2026-09-11 09:42:40,1698,15.240636704120073,1567.635065543093,23.99224719101166,36.774110486891225,88.24812734082401,39.24812734082401,21.0,55.77593632958799,18.45113295880153,2.0981476255315474,1.2557,28897.8,0,urban,S3_DN3_est_intors,0.9772,1.4173,2.5784,5.2287,0.9849,2.5988
DIESEL_Constanta-DN3-Murfatlar-retur,09-10,2026-09-11 09:42:41,1699,19.669498725573167,2022.5994052675896,32.818853016141915,34.12,88.8326253186067,40.16737468139329,21.0,55.718011894647255,19.145615972812163,2.1320288218970465,1.0953,28903.3,0,urban,S3_DN3_est_intors,1.3146,1.4186,3.4687,7.1522,1.1154,2.943
DIESEL_Constanta-DN3-Murfatlar-retur,09-10,2026-09-11 09:42:42,1700,23.12690355329937,2415.1180203045856,40.96086294416273,34.40857868020278,88.02538071065987,41.025380710659874,21.0,57.31015228426395,19.88852791878171,2.1009198796798776,1.2778,28909.7,0,urban,S3_DN3_est_intors,1.5805,1.4202,4.1702,8.9266,1.4877,3.9254
DIESEL_Constanta-DN3-Murfatlar-retur,09-10,2026-09-11 09:42:43,1701,28.86972820993428,1774.2621836925875,30.52070290534189,45.40520149953141,88.78256794751643,42.43486410496714,21.0,57.28687910028122,20.72611059044047,1.5443087825738475,1.3492,28917.7,0,urban,S3_DN3_est_intors,1.772,1.4219,4.6757,6.6514,1.9385,5.115
DIESEL_Constanta-DN3-Murfatlar-retur,09-10,2026-09-11 09:42:44,1702,32.84097859327199,2058.330275229347,36.82718654434226,45.1,88.1681957186544,44.1681957186544,21.0,55.7159021406728,21.27755351681955,2.017425717054698,1.2687,28926.9,0,urban,S3_DN3_est_intors,2.0719,1.424,5.467,8.0258,2.0873,5.5075
DIESEL_Constanta-DN3-Murfatlar-retur,09-10,2026-09-11 09:42:45,1703,38.00436681222697,2363.1484716157147,43.86973799126624,45.1783406113537,89.0,45.0,21.0,55.36026200873361,21.934759825327493,2.321941842316782,1.4485,28937.4,0,urban,S3_DN3_est_intors,2.3977,1.4264,6.3266,9.5606,2.7176,7.1707
DIESEL_Constanta-DN3-Murfatlar-retur,09-10,2026-09-11 09:42:46,1704,43.27014218009485,2412.8071090047306,49.55438862559244,48.97781042654045,88.74597156398103,45.25402843601897,21.0,56.10805687203794,22.81290047393366,1.7868889705468345,1.3574,28949.4,0,urban,S3_DN3_est_intors,2.6498,1.4291,6.9917,10.7994,2.9291,7.7288
DIESEL_Constanta-DN3-Murfatlar-retur,09-10,2026-09-11 09:42:47,1705,47.7773722627736,1924.2812499999943,52.126268248174966,59.295793795620426,88.0,46.1943430656934,21.0,57.23074817518255,23.49187043795618,2.3656674911434905,1.1854,28962.7,0,urban,S3_DN3_est_intors,2.7111,1.4318,7.1535,11.3599,2.885,7.6123
DIESEL_Constanta-DN3-Murfatlar-retur,09-10,2026-09-11 09:42:48,1706,51.80467675378256,2092.344910591468,58.70379642365871,59.67276478679504,88.0,47.0,21.0,55.893122420907815,24.19587345254469,1.529307822084658,1.3942,28977.1,0,urban,S3_DN3_est_intors,3.0059,1.4348,7.9312,12.7934,3.6168,9.5433
DIESEL_Constanta-DN3-Murfatlar-retur,09-10,2026-09-11 09:42:49,1707,57.81564245810091,2321.149441340796,67.32944134078258,60.0,88.0,47.0,21.0,56.39162011173175,24.905307262569853,2.0684971602818383,1.4219,28993.2,0,urban,S3_DN3_est_intors,3.3321,1.4381,8.7922,14.6732,4.1349,10.9104
DIESEL_Constanta-DN3-Murfatlar-retur,09-10,2026-09-11 09:42:50,1708,62.04204451772478,2496.3563478977803,73.35954657873066,60.409002473206975,88.0,47.2605111294312,21.0,55.29159109645504,25.28017312448477,2.7564208620279635,1.1099,29010.4,0,rural,S3_DN3_est_intors,3.5988,1.4417,9.4958,15.9873,3.6124,9.5317
DIESEL_Constanta-DN3-Murfatlar-retur,09-10,2026-09-11 09:42:51,1709,65.80721003134829,2540.701018808739,76.22275862068862,64.03844827586306,88.0,48.0,21.0,54.7968652037618,25.960454545454603,1.5499265855322146,1.3333,29028.7,0,rural,S3_DN3_est_intors,3.7752,1.4455,9.9613,16.6113,4.5027,11.881
DIESEL_Constanta-DN3-Murfatlar-retur,09-10,2026-09-11 09:42:52,1710,71.64194915254215,2085.3395127118592,64.887351694915,77.11942796610167,88.0,48.0,21.0,55.7597457627118,26.975699152542337,1.930609385400512,1.3101,29048.6,0,rural,S3_DN3_est_intors,3.8052,1.4493,10.0404,14.141,4.8775,12.8697
DIESEL_Constanta-DN3-Murfatlar-retur,09-10,2026-09-11 09:42:53,1711,75.24019607843127,2171.039950980389,69.22693137254888,77.66873529411764,88.04803921568626,48.0,21.0,56.661568627451,27.60179411764704,1.5566061759800267,1.1812,29069.5,0,rural,S3_DN3_est_intors,3.9898,1.4533,10.5276,15.0867,4.7311,12.4835
DIESEL_Constanta-DN3-Murfatlar-retur,09-10,2026-09-11 09:42:54,1712,80.14664981036661,2319.4870417193424,76.39458912768646,78.08326169405815,89.0,48.0,21.0,55.86333754740834,28.41386852085968,2.0466962318627084,1.3886,29091.7,0,rural,S3_DN3_est_intors,4.2994,1.4576,11.3444,16.6488,5.8227,15.3638
DIESEL_Constanta-DN3-Murfatlar-retur,09-10,2026-09-11 09:42:55,1713,85.23797139141772,2459.7643042912955,78.02270481144323,75.57726918075339,89.0,48.0,21.0,55.45708712613797,27.31840052015589,2.655671552980256,1.0907,29115.4,0,rural,S3_DN3_est_intors,4.4058,1.462,11.6252,17.0036,5.142,13.5676
DIESEL_Constanta-DN3-Murfatlar-retur,09-10,2026-09-11 09:42:56,1714,88.0,2167.759090909042,58.365151515149165,55.82448484848332,88.59393939393934,47.59393939393934,21.0,55.72545454545442,25.34896969696964,1.7039086746364869,0.423,29139.9,0,rural,S3_DN3_est_intors,2.9224,1.4649,7.7111,12.7196,2.7676,7.3025
DIESEL_Constanta-DN3-Murfatlar-retur,09-10,2026-09-11 09:42:57,1715,88.28390596745034,1631.776672694396,35.51593128390675,44.05238698010983,88.28390596745034,47.0,21.0,54.55551537070531,24.28808318264005,2.010859282446144,0.1719,29164.4,0,rural,S3_DN3_est_intors,1.4495,1.4664,3.8246,7.74,1.8076,4.7695
DIESEL_Constanta-DN3-Murfatlar-retur,09-10,2026-09-11 09:42:58,1716,89.23771428571438,1655.977714285717,40.39521142857024,56.6913714285712,89.0,47.0,21.0,55.46148571428582,23.178845714285647,3.0745880631293345,0.2833,29189.2,0,rural,S3_DN3_est_intors,2.052,1.4684,5.4144,8.8034,2.277,6.0081
DIESEL_Constanta-DN3-Murfatlar-retur,09-10,2026-09-11 09:42:59,1717,90.32361516034992,1686.7011661807603,34.670699708455764,55.66049562682235,89.0,47.0,21.0,55.55568513119514,22.393760932944545,1.7616420581523529,0.2448,29214.3,0,autostrada,S3_DN3_est_intors,2.0579,1.4705,5.4299,7.5558,2.168,5.7205
DIESEL_Constanta-DN3-Murfatlar-retur,09-10,2026-09-11 09:43:00,1718,91.0,1705.2014634146335,37.98707317073081,48.06178536585183,89.0,46.70341463414629,21.0,54.86009756097578,21.211921951219374,1.7475998283518512,0.058,29239.5,0,autostrada,S3_DN3_est_intors,1.7473,1.4722,4.6105,8.2786,1.4483,3.8214
DIESEL_Constanta-DN3-Murfatlar-retur,09-10,2026-09-11 09:43:01,1719,90.74118738404452,1692.7620593692022,29.10274582560299,22.61815398886824,89.0,46.0,21.0,56.51178107606678,19.20472170686456,2.2365073123007746,-0.1389,29264.7,0,autostrada,S3_DN3_est_intors,0.3741,1.4726,0.9871,6.3424,0.6561,1.7313
DIESEL_Constanta-DN3-Murfatlar-retur,09-10,2026-09-11 09:43:02,1720,90.0,1669.5150214592272,32.24707081545045,15.373412017167674,88.78433476394848,46.0,21.0,55.37843347639485,18.13,2.8888005940061907,-0.0699,29289.7,0,rural,S3_DN3_est_intors,0.1225,1.4727,0.3231,7.0276,0.9124,2.4075
DIESEL_Constanta-DN3-Murfatlar-retur,09-10,2026-09-11 09:43:03,1721,90.23763250883393,1666.0077296819786,27.486545936395657,34.234125441695866,88.23763250883391,45.76236749116609,21.0,55.44257950530034,18.40565371024734,2.8714716319237144,0.1389,29314.8,0,autostrada,S3_DN3_est_intors,0.9576,1.4737,2.5268,5.9902,1.7453,4.605
DIESEL_Constanta-DN3-Murfatlar-retur,09-10,2026-09-11 09:43:04,1722,91.0,1693.06636205396,36.02927763272445,55.98850304612746,89.0,44.88076588337689,21.0,55.84038294168844,19.39373368146211,2.1407131539265665,0.1059,29340.1,0,autostrada,S3_DN3_est_intors,2.1555,1.4758,5.6875,7.8519,1.6396,4.3262
DIESEL_Constanta-DN3-Murfatlar-retur,09-10,2026-09-11 09:43:05,1723,91.0,1697.200391644909,28.21378590078286,46.7804960835504,89.0,44.010443864229714,21.0,55.405221932114856,20.150913838120147,3.256450946709938,-0.0136,29365.4,0,autostrada,S3_DN3_est_intors,1.7711,1.4776,4.6733,6.1487,1.1623,3.0669
DIESEL_Constanta-DN3-Murfatlar-retur,09-10,2026-09-11 09:43:06,1724,90.90229885057468,1694.8146551724133,27.934885057471167,29.25660919540225,89.0,43.90229885057468,21.0,55.59022988505747,19.947011494252813,2.0052739467931326,-0.1634,29390.6,0,autostrada,S3_DN3_est_intors,0.7448,1.4783,1.9651,6.0879,0.562,1.4828
DIESEL_Constanta-DN3-Murfatlar-retur,09-10,2026-09-11 09:43:07,1725,89.82319078947374,1673.8573190789489,26.466644736841623,25.205542763158668,88.82319078947374,42.823190789473735,21.0,55.09333881578959,17.98,2.141945811369617,-0.2641,29415.6,0,rural,S3_DN3_est_intors,0.5194,1.4789,1.3704,5.7679,0.1425,0.376
DIESEL_Constanta-DN3-Murfatlar-retur,09-10,2026-09-11 09:43:08,1726,89.00082236842103,1648.7750822368416,34.03243421052649,12.952253289473392,88.00082236842103,42.00082236842104,21.0,53.20189144736838,17.98,2.6524074678393053,0.0665,29440.3,0,rural,S3_DN3_est_intors,0.0005,1.4789,0.0014,7.4167,1.4207,3.7487
DIESEL_Constanta-DN3-Murfatlar-retur,09-10,2026-09-11 09:43:09,1727,90.30207587687906,1679.981746599857,25.680937723693628,45.19237652111631,88.30207587687906,41.0,21.0,55.030207587687904,18.37468861846814,2.24235112946547,0.2649,29465.4,0,autostrada,S3_DN3_est_intors,1.5069,1.4804,3.9762,5.5967,2.2468,5.9284
DIESEL_Constanta-DN3-Murfatlar-retur,09-10,2026-09-11 09:43:10,1728,90.90774907749046,1681.765682656825,25.740258302583296,36.76199261992456,89.0,40.95387453874523,21.0,55.04464944649428,18.33734317343196,1.9784321595347816,-0.1314,29490.6,0,autostrada,S3_DN3_est_intors,1.1696,1.4815,3.0861,5.6096,0.6897,1.82
DIESEL_Constanta-DN3-Murfatlar-retur,09-10,2026-09-11 09:43:11,1729,89.35567010309276,1673.617268041237,27.36798969072165,30.85268041237084,88.64432989690724,40.0,21.0,53.72216494845362,19.676649484536085,2.511835362484514,-0.1261,29515.4,0,rural,S3_DN3_est_intors,0.8146,1.4823,2.1495,5.9643,0.6762,1.7842
DIESEL_Constanta-DN3-Murfatlar-retur,09-10,2026-09-11 09:43:12,1730,90.0,1679.6929450757575,27.55147727272726,39.26570075757573,88.0,40.0,21.0,53.43551136363636,19.7173106060606,2.0019945139031488,0.1349,29540.4,0,rural,S3_DN3_est_intors,1.3141,1.4837,3.4673,6.0043,1.7214,4.542
DIESEL_Constanta-DN3-Murfatlar-retur,09-10,2026-09-11 09:43:13,1731,90.32701421800928,1700.785545023696,30.71255924170529,47.0716587677715,88.10900473933643,40.0,21.0,53.7,20.787962085308024,1.78296076205909,0.3716,29565.5,0,autostrada,S3_DN3_est_intors,1.7791,1.4854,4.6943,6.6932,2.6708,7.0472
DIESEL_Constanta-DN3-Murfatlar-retur,09-10,2026-09-11 09:43:14,1732,92.67583643122684,1713.383085501858,38.08970260223124,51.22813382899803,88.67583643122683,40.0,21.0,53.5055018587361,21.131375464684023,1.7408561795024784,0.2324,29591.3,0,autostrada,S3_DN3_est_intors,1.9475,1.4874,5.1387,8.3009,2.2101,5.8316
DIESEL_Constanta-DN3-Murfatlar-retur,09-10,2026-09-11 09:43:15,1733,92.0,1720.5634664948468,30.1444587628867,33.35395618556662,88.117268041237,40.0,21.0,53.1351804123711,20.97957474226809,1.5347313440914152,-0.0939,29616.8,0,autostrada,S3_DN3_est_intors,1.0316,1.4884,2.7221,6.5694,0.8661,2.2852
DIESEL_Constanta-DN3-Murfatlar-retur,09-10,2026-09-11 09:43:16,1734,92.0,1712.745562130178,28.894674556212937,36.47,89.0,40.0,21.0,53.586390532544414,20.2511834319526,1.9576493201763507,0.0,29642.4,0,autostrada,S3_DN3_est_intors,1.2155,1.4896,3.2073,6.297,1.2452,3.2857
DIESEL_Constanta-DN3-Murfatlar-retur,09-10,2026-09-11 09:43:17,1735,92.0,1721.15,27.590799999999984,36.046399999999856,88.87999999999995,40.0,21.0,54.12400000000001,19.23719999999998,2.395269441806454,0.0,29667.9,0,autostrada,S3_DN3_est_intors,1.2315,1.4909,3.2495,6.0129,1.2452,3.2857
DIESEL_Constanta-DN3-Murfatlar-retur,09-10,2026-09-11 09:43:18,1736,92.0,1721.6574074074088,27.302059259259096,32.717185185185684,88.0,40.0,21.0,54.29525925925927,18.912103703703565,2.463973506858045,0.0729,29693.5,0,autostrada,S3_DN3_est_intors,0.9945,1.4919,2.6241,5.95,1.5396,4.0623
DIESEL_Constanta-DN3-Murfatlar-retur,09-10,2026-09-11 09:43:19,1737,92.525,1715.590625,31.46424999999998,36.78174999999993,88.0,40.0,21.0,54.1475,19.971000000000004,4.146472212325127,0.2772,29719.2,0,autostrada,S3_DN3_est_intors,1.1577,1.493,3.0547,6.857,2.3861,6.296
DIESEL_Constanta-DN3-Murfatlar-retur,09-10,2026-09-11 09:43:20,1738,93.99558823529422,1731.9509191176485,39.06719117647113,60.708220588237,88.0,40.0,21.0,54.00044117647058,19.44158823529408,2.631643701968852,-0.0171,29745.3,0,autostrada,S3_DN3_est_intors,2.4566,1.4955,6.482,8.514,1.2333,3.2543
DIESEL_Constanta-DN3-Murfatlar-retur,09-10,2026-09-11 09:43:21,1739,92.40206185567018,1715.2139175257737,29.755051546391293,20.76195876288717,89.0,40.0,21.0,52.83917525773193,18.53010309278347,2.1121076478963774,-0.3779,29771.0,0,autostrada,S3_DN3_est_intors,0.3096,1.4958,0.8169,6.4845,0.0694,0.1832
DIESEL_Constanta-DN3-Murfatlar-retur,09-10,2026-09-11 09:43:22,1740,91.27480916030532,1706.0935114503816,34.69770992366443,19.64221374045714,89.0,40.27480916030532,21.0,53.372519083969465,18.942137404580173,1.973074130388583,-0.0087,29796.3,0,autostrada,S3_DN3_est_intors,0.4334,1.4962,1.1437,7.5617,1.1896,3.1388
DIESEL_Constanta-DN3-Murfatlar-retur,09-10,2026-09-11 09:43:23,1741,92.33975659229208,1711.7565922920892,27.081440162271807,44.46093306288033,89.0,40.66024340770791,21.0,52.89229208924949,18.91264705882353,2.26041601704312,0.2396,29822.0,0,autostrada,S3_DN3_est_intors,1.6416,1.4979,4.3314,5.9019,2.2261,5.8737
DIESEL_Constanta-DN3-Murfatlar-retur,09-10,2026-09-11 09:43:24,1742,93.0,1725.8833955223877,29.18926305970144,47.67641791044764,88.67444029850749,40.0,21.0,52.78367537313427,20.20207089552236,1.752243849145555,0.0917,29847.8,0,autostrada,S3_DN3_est_intors,1.8281,1.4997,4.8237,6.3612,1.6486,4.3501
DIESEL_Constanta-DN3-Murfatlar-retur,09-10,2026-09-11 09:43:25,1743,93.0,1735.067155309033,29.93809033280497,46.45694928684544,88.21949286846281,40.0,21.0,53.78296354992068,20.57173534072894,1.7117399307242578,0.0,29873.6,0,autostrada,S3_DN3_est_intors,1.7342,1.5014,4.5759,6.5244,1.2744,3.3625
DIESEL_Constanta-DN3-Murfatlar-retur,09-10,2026-09-11 09:43:26,1744,93.0,1731.3390410958878,28.26300316122236,31.58028451000936,88.98419388830337,40.0,21.0,52.29367755532135,19.449167544784046,1.545203956209083,0.0087,29899.5,0,autostrada,S3_DN3_est_intors,0.9334,1.5024,2.4628,6.1594,1.3099,3.4562
DIESEL_Constanta-DN3-Murfatlar-retur,09-10,2026-09-11 09:43:27,1745,93.06279733587064,1708.042102759278,29.13260704091378,22.631236917222893,88.0,40.0,21.0,52.00047573739301,19.98357754519504,2.0631210154809554,0.1389,29925.3,0,autostrada,S3_DN3_est_intors,0.2609,1.5026,0.6884,6.3489,1.8435,4.8643
DIESEL_Constanta-DN3-Murfatlar-retur,09-10,2026-09-11 09:43:28,1746,94.0,1742.5310402684584,39.12302013422688,55.79040268456183,88.0,40.0,21.0,53.473154362415926,19.427751677852267,2.1008240938231584,0.1062,29951.4,0,autostrada,S3_DN3_est_intors,2.2564,1.5049,5.9538,8.5261,1.7421,4.5968
DIESEL_Constanta-DN3-Murfatlar-retur,09-10,2026-09-11 09:43:29,1747,93.8273894436518,1752.181883024246,27.53857346647643,35.775149786017685,88.1726105563482,40.0,21.0,51.9,18.76005706134098,1.7492637178311217,-0.1968,29977.5,0,autostrada,S3_DN3_est_intors,1.1811,1.5061,3.1164,6.0015,0.4885,1.2888
DIESEL_Constanta-DN3-Murfatlar-retur,09-10,2026-09-11 09:43:30,1748,92.58291956305854,1725.3391261171805,26.906236345580886,22.48546176762676,88.58291956305854,40.0,21.0,52.06683217477658,18.637140019860933,2.333594035407924,-0.2109,30003.2,0,autostrada,S3_DN3_est_intors,0.2945,1.5063,0.7771,5.8637,0.4052,1.0691
DIESEL_Constanta-DN3-Murfatlar-retur,09-10,2026-09-11 09:43:31,1749,92.30890052356024,1728.3259162303664,26.32471204188482,28.671675392670306,88.30890052356023,40.0,21.0,52.36178010471204,18.219581151832465,2.438406845473123,0.0579,30028.9,0,autostrada,S3_DN3_est_intors,0.7145,1.5071,1.8852,5.737,1.4887,3.9282
DIESEL_Constanta-DN3-Murfatlar-retur,09-10,2026-09-11 09:43:32,1750,93.0,1719.685622317597,26.37565092989985,38.984506437768346,88.8912732474964,40.0,21.0,52.47825464949928,18.37216022889842,2.099801311758055,0.0092,30054.7,0,autostrada,S3_DN3_est_intors,1.3661,1.5084,3.6045,5.7481,1.3119,3.4616
DIESEL_Constanta-DN3-Murfatlar-retur,09-10,2026-09-11 09:43:33,1751,92.37531068765536,1728.6793703396856,30.19745650372815,33.48499585749819,88.0,40.0,21.0,51.89395194697598,18.52660314830156,2.317701422353432,-0.2485,30080.4,0,autostrada,S3_DN3_est_intors,1.1714,1.5096,3.0908,6.581,0.2486,0.656
DIESEL_Constanta-DN3-Murfatlar-retur,09-10,2026-09-11 09:43:34,1752,91.21065675340778,1701.029739776954,36.49495662949105,20.53988847584017,88.0,40.0,21.0,51.40024783147476,19.69840148698884,2.034209991625958,-0.0046,30105.7,0,autostrada,S3_DN3_est_intors,0.3721,1.51,0.9819,7.9534,1.2042,3.1774
DIESEL_Constanta-DN3-Murfatlar-retur,09-10,2026-09-11 09:43:35,1753,92.3421300659755,1723.118520263902,28.044194156456168,48.72797360980198,88.0,40.0,21.0,52.7631479736098,19.42946277097078,1.8149402547186075,0.2172,30131.3,0,autostrada,S3_DN3_est_intors,1.5938,1.5116,4.2055,6.1117,2.1354,5.6344
DIESEL_Constanta-DN3-Murfatlar-retur,09-10,2026-09-11 09:43:36,1754,92.7747949291574,1724.9054809843403,27.68206562266964,36.33076808351988,88.2252050708426,40.0,21.0,52.6126025354213,19.20756152125278,2.072345190770582,-0.0435,30157.1,0,autostrada,S3_DN3_est_intors,1.2192,1.5128,3.2169,6.0328,1.0906,2.8777
DIESEL_Constanta-DN3-Murfatlar-retur,09-10,2026-09-11 09:43:37,1755,92.0290827740492,1722.1090604026845,27.92069351230425,34.578344519015644,88.97091722595079,40.0,21.0,52.98545861297539,19.43127516778524,2.9435240930601,-0.2116,30182.7,0,autostrada,S3_DN3_est_intors,1.078,1.5139,2.8445,6.0848,0.3914,1.0328
DIESEL_Constanta-DN3-Murfatlar-retur,09-10,2026-09-11 09:43:38,1756,91.25112107623316,1702.872197309417,26.97538116591928,26.497264573990385,88.0,39.251121076233154,21.0,51.6264573991031,18.922825112107617,2.336588724555769,0.0165,30208.0,0,autostrada,S3_DN3_est_intors,0.5064,1.5144,1.3362,5.8788,1.2898,3.4034
DIESEL_Constanta-DN3-Murfatlar-retur,09-10,2026-09-11 09:43:39,1757,92.14758497316636,1704.9110017889082,27.37315742397136,44.36169946332743,88.14758497316635,39.85241502683365,21.0,52.58524150268337,19.184275491949904,3.044047015552831,0.2429,30233.6,0,autostrada,S3_DN3_est_intors,1.631,1.516,4.3036,5.9655,2.2318,5.8889
DIESEL_Constanta-DN3-Murfatlar-retur,09-10,2026-09-11 09:43:40,1758,93.0,1727.812144212524,28.20490512333966,42.26259962049332,88.95540796963945,39.04459203036056,21.0,52.51337760910817,19.44,2.048802546305014,0.1184,30259.5,0,autostrada,S3_DN3_est_intors,1.5716,1.5176,4.1469,6.1467,1.7576,4.6377
DIESEL_Constanta-DN3-Murfatlar-retur,09-10,2026-09-11 09:43:41,1759,93.0,1734.4535104364322,28.30926944971536,40.40301707779898,88.00664136622397,39.99335863377603,21.0,52.798007590132805,19.44,1.853971292711438,-0.1873,30285.3,0,autostrada,S3_DN3_est_intors,1.4519,1.519,3.831,6.1695,0.5099,1.3453
DIESEL_Constanta-DN3-Murfatlar-retur,09-10,2026-09-11 09:43:42,1760,91.6511965192168,1697.9532269760698,26.34955039883973,24.21986221899949,89.0,40.0,21.0,52.060478607686726,18.556526468455395,2.56973221791175,-0.264,30310.7,0,autostrada,S3_DN3_est_intors,0.3903,1.5194,1.0297,5.7424,0.1733,0.4572
DIESEL_Constanta-DN3-Murfatlar-retur,09-10,2026-09-11 09:43:43,1761,91.09931840311596,1702.0813047711774,25.910954235637664,31.68185978578409,88.90068159688404,40.0,21.0,51.8,18.18359298928912,1.851445530896332,0.0334,30336.1,0,autostrada,S3_DN3_est_intors,0.9021,1.5203,2.3802,5.6468,1.353,3.57
DIESEL_Constanta-DN3-Murfatlar-retur,09-10,2026-09-11 09:43:44,1762,91.89177489177484,1692.5595238095232,24.95303030303049,33.533809523808905,88.0,40.0,21.0,51.76753246753245,17.635930735930884,1.7386953026772882,0.0632,30361.6,0,autostrada,S3_DN3_est_intors,1.0111,1.5213,2.6678,5.438,1.497,3.95
DIESEL_Constanta-DN3-Murfatlar-retur,09-10,2026-09-11 09:43:45,1763,91.55402465554754,1696.9468817984057,30.81292965917353,34.287911530094846,88.27701232777376,40.0,21.0,51.66620739666426,19.58,1.6926495925644185,0.1539,30387.0,0,autostrada,S3_DN3_est_intors,1.0115,1.5223,2.6691,6.7151,1.8508,4.8835
DIESEL_Constanta-DN3-Murfatlar-retur,09-10,2026-09-11 09:43:46,1764,93.0,1733.9396284829736,39.549164086688265,57.17232198142597,89.0,40.0,21.0,52.1,19.57640866873073,1.913533511184568,0.1865,30412.8,0,autostrada,S3_DN3_est_intors,2.33,1.5247,6.148,8.619,2.0356,5.3711
DIESEL_Constanta-DN3-Murfatlar-retur,09-10,2026-09-11 09:43:47,1765,92.89655172413762,1712.7499999999948,26.75758620689762,31.47034482758413,88.9655172413792,40.0,21.0,52.06551724137921,18.444827586206973,2.44740876335549,-0.4229,30438.6,0,autostrada,S3_DN3_est_intors,0.9137,1.5256,2.4109,5.8313,0.0694,0.1832
DIESEL_Constanta-DN3-Murfatlar-retur,09-10,2026-09-11 09:43:48,1766,89.95530726256983,1664.040502793296,36.26318435754192,13.299217877094945,88.04469273743017,40.0,21.0,51.16256983240224,19.101117318435755,1.637084052633619,-0.5378,30463.6,0,rural,S3_DN3_est_intors,0.0536,1.5256,0.1414,7.9029,0.0694,0.1832
DIESEL_Constanta-DN3-Murfatlar-retur,09-10,2026-09-11 09:43:49,1767,89.02420856610807,1670.0926443202975,25.7045251396655,37.03292364990533,88.97579143389193,40.0,21.0,52.4661080074487,18.29106145251402,2.625628963590178,0.0062,30488.4,0,rural,S3_DN3_est_intors,1.1697,1.5268,3.0864,5.6018,1.1858,3.129
DIESEL_Constanta-DN3-Murfatlar-retur,09-10,2026-09-11 09:43:50,1768,90.0,1684.1618409680198,26.30937770095102,38.39955920483937,89.0,40.0,21.0,50.80933448573884,18.72576490924828,3.0821435164032898,0.1676,30513.4,0,rural,S3_DN3_est_intors,1.2647,1.5281,3.3372,5.7336,1.8505,4.8828
DIESEL_Constanta-DN3-Murfatlar-retur,09-10,2026-09-11 09:43:51,1769,90.23115577889436,1678.238693467334,30.66884422110489,35.00341708542451,89.0,40.0,21.0,49.350251256281325,21.0285929648242,1.462587045308291,0.1108,30538.4,0,autostrada,S3_DN3_est_intors,0.9613,1.529,2.5364,6.6837,1.6338,4.3108
DIESEL_Constanta-DN3-Murfatlar-retur,09-10,2026-09-11 09:43:52,1770,90.7979626485568,1697.0704584040736,39.94882852292023,46.62139219015138,88.59932088285227,40.0,21.0,50.82054329371818,20.334787775891368,1.8972397857943712,-0.0597,30563.7,0,autostrada,S3_DN3_est_intors,1.5125,1.5305,3.9908,8.7061,0.973,2.5674
DIESEL_Constanta-DN3-Murfatlar-retur,09-10,2026-09-11 09:43:53,1771,89.80108991825631,1680.6798365122638,41.06986376021807,24.307465940057945,88.2670299727521,39.732970027247895,21.0,51.433514986376046,21.070054495912817,2.057335772137424,0.1669,30588.6,0,rural,S3_DN3_est_intors,0.7076,1.5313,1.867,8.9504,1.8408,4.8571
DIESEL_Constanta-DN3-Murfatlar-retur,09-10,2026-09-11 09:43:54,1772,92.0,1706.3453125,38.95952083333373,59.72810416666746,89.0,39.0,21.0,51.90052083333332,20.625125000000068,1.6017498652100892,0.2538,30614.2,0,autostrada,S3_DN3_est_intors,2.32,1.5336,6.1216,8.4905,2.27,5.9896
DIESEL_Constanta-DN3-Murfatlar-retur,09-10,2026-09-11 09:43:55,1773,91.628389154705,1698.0119617224886,26.24753588516748,31.25135566188235,89.0,39.0,21.0,51.5939393939395,18.44601275917065,1.9610064108961565,-0.2731,30639.6,0,autostrada,S3_DN3_est_intors,0.8453,1.5344,2.2305,5.7202,0.1363,0.3596
DIESEL_Constanta-DN3-Murfatlar-retur,09-10,2026-09-11 09:43:56,1774,90.03349282296644,1677.677033492822,25.93653110047845,20.613397129186176,89.0,39.0,21.0,48.56363636363624,18.557655502392347,2.006563990547448,-0.3219,30664.6,0,autostrada,S3_DN3_est_intors,0.141,1.5346,0.372,5.6524,0.0694,0.1832
DIESEL_Constanta-DN3-Murfatlar-retur,09-10,2026-09-11 09:43:57,1775,89.31082654249127,1660.2569848661235,31.1618975552968,21.925844004656824,89.0,39.0,21.0,50.559487776484296,17.773795110593717,2.050289884674928,0.0429,30689.4,0,rural,S3_DN3_est_intors,0.5099,1.5351,1.3453,6.7911,1.3376,3.5295
DIESEL_Constanta-DN3-Murfatlar-retur,09-10,2026-09-11 09:43:58,1776,90.34228187919454,1677.8657718120787,25.69194630872478,46.92651006711413,89.0,39.0,21.0,51.423489932886,18.321342281879183,1.7850782055898171,0.2077,30714.5,0,autostrada,S3_DN3_est_intors,1.6403,1.5367,4.3282,5.5991,2.0216,5.3342
DIESEL_Constanta-DN3-Murfatlar-retur,09-10,2026-09-11 09:43:59,1777,90.80592991913753,1686.532345013479,26.48172506738531,41.8745283018884,89.0,39.0,21.0,50.758221024258745,18.786792452830067,1.7629490308780142,-0.0475,30739.7,0,autostrada,S3_DN3_est_intors,1.3587,1.5381,3.5852,5.7712,1.0218,2.6962
DIESEL_Constanta-DN3-Murfatlar-retur,09-10,2026-09-11 09:44:00,1778,90.0,1662.4628027681665,28.00862745098029,25.17474048443125,88.88119953863891,39.0,21.0,50.95247981545556,20.206643598615845,1.6667882957614073,-0.1119,30764.7,0,rural,S3_DN3_est_intors,0.3692,1.5384,0.974,6.1039,0.7465,1.9698
DIESEL_Constanta-DN3-Murfatlar-retur,09-10,2026-09-11 09:44:01,1779,90.0,1667.3761879619851,26.87776135163672,44.13303062301852,88.24920802534326,39.0,21.0,50.749524815205966,19.36523759239702,1.591967286776567,0.0,30789.7,0,rural,S3_DN3_est_intors,1.4676,1.5399,3.8724,5.8575,1.1885,3.1361
DIESEL_Constanta-DN3-Murfatlar-retur,09-10,2026-09-11 09:44:02,1780,90.0,1672.3955834242097,26.68672846237732,33.61420937840805,89.0,39.0,21.0,50.82181025081787,19.09587786259542,1.636327060107767,-0.0371,30814.7,0,rural,S3_DN3_est_intors,0.9957,1.5409,2.6272,5.8159,1.042,2.7494
DIESEL_Constanta-DN3-Murfatlar-retur,09-10,2026-09-11 09:44:03,1781,89.73314203730267,1676.276542324245,26.48977044476321,36.78305595408784,88.73314203730267,39.0,21.0,50.24017216642759,18.88258249641318,2.085484411037184,-0.1367,30839.7,0,rural,S3_DN3_est_intors,1.1438,1.542,3.018,5.7729,0.6428,1.696
DIESEL_Constanta-DN3-Murfatlar-retur,09-10,2026-09-11 09:44:04,1782,89.01578192252506,1650.8102582496397,25.628938307030072,20.74288378766036,88.01578192252506,39.0,21.0,50.88579626972744,18.566944045911026,2.009358227592722,-0.0043,30864.4,0,rural,S3_DN3_est_intors,0.1481,1.5422,0.3907,5.5853,1.1446,3.0201
DIESEL_Constanta-DN3-Murfatlar-retur,09-10,2026-09-11 09:44:05,1783,89.70186915887852,1671.276401869159,25.43292523364488,36.29964485981336,89.0,39.0,21.0,49.91242990654208,18.202364485981324,2.1231737480727504,0.0243,30889.3,0,rural,S3_DN3_est_intors,1.1435,1.5433,3.0171,5.5426,1.2759,3.3666
DIESEL_Constanta-DN3-Murfatlar-retur,09-10,2026-09-11 09:44:06,1784,89.19051262433054,1668.3209640397856,25.00719969395565,27.19200459066569,89.0,39.0,21.0,49.17146136189749,17.939571537873015,2.280459720504522,0.0352,30914.1,0,rural,S3_DN3_est_intors,0.5919,1.5439,1.5617,5.4498,1.304,3.4406
DIESEL_Constanta-DN3-Murfatlar-retur,09-10,2026-09-11 09:44:07,1785,89.95562356541699,1658.5657995409333,26.200772762050505,29.28840856924256,89.0,39.0,21.0,49.860061208875294,18.94186687069626,2.3153933620773017,-0.0265,30939.1,0,rural,S3_DN3_est_intors,0.6884,1.5446,1.8164,5.71,1.0827,2.8567
DIESEL_Constanta-DN3-Murfatlar-retur,09-10,2026-09-11 09:44:08,1786,89.0,1659.473702664798,24.622538569424893,38.177629733523226,89.0,39.0,21.0,49.96171107994394,17.746157082748887,3.598161828229804,-0.1327,30963.8,0,rural,S3_DN3_est_intors,1.2269,1.5458,3.2374,5.366,0.6426,1.6956
DIESEL_Constanta-DN3-Murfatlar-retur,09-10,2026-09-11 09:44:09,1787,89.0,1652.0657248157245,24.79923832923837,24.761302211301377,89.0,39.0,21.0,49.85479115479113,17.950442260442294,2.9341442897290624,-0.0209,30988.5,0,rural,S3_DN3_est_intors,0.3996,1.5462,1.0544,5.4045,1.0793,2.8479
DIESEL_Constanta-DN3-Murfatlar-retur,09-10,2026-09-11 09:44:10,1788,88.84932821497127,1650.253838771595,24.365057581573847,32.38251439539431,89.0,39.0,21.0,50.04932821497127,17.70217850287902,1.878572221304277,-0.1161,31013.2,0,rural,S3_DN3_est_intors,0.8764,1.5471,2.3124,5.3099,0.7041,1.8579
DIESEL_Constanta-DN3-Murfatlar-retur,09-10,2026-09-11 09:44:11,1789,88.16381766381768,1629.1926638176642,27.04891737891754,27.19990028490084,89.0,39.0,21.0,49.232763532763535,18.679586894586905,1.5201252613371143,0.0209,31037.7,0,rural,S3_DN3_est_intors,0.4879,1.5476,1.2874,5.8948,1.2192,3.2169
DIESEL_Constanta-DN3-Murfatlar-retur,09-10,2026-09-11 09:44:12,1790,89.0,1659.8950328022493,33.3567478912839,50.11963448922189,89.0,38.61293345829428,21.0,49.78706654170572,19.46030927835052,1.7656658878915774,0.1161,31062.4,0,rural,S3_DN3_est_intors,1.7483,1.5494,4.6129,7.2695,1.6144,4.2599
DIESEL_Constanta-DN3-Murfatlar-retur,09-10,2026-09-11 09:44:13,1791,89.0,1667.215064420218,27.319137760158576,34.73398414271555,89.0,38.0,21.0,50.12566897918732,19.630555004955404,1.658773587172391,-0.0355,31087.1,0,rural,S3_DN3_est_intors,1.0365,1.5504,2.735,5.9537,1.0223,2.6974
DIESEL_Constanta-DN3-Murfatlar-retur,09-10,2026-09-11 09:44:14,1792,88.74469696969696,1666.8037878787875,28.766287878787903,33.87067424242413,89.0,38.25530303030303,21.0,49.77871212121212,18.91918181818181,2.077094944169182,-0.1423,31111.8,0,rural,S3_DN3_est_intors,1.0806,1.5515,2.8513,6.2691,0.5998,1.5825
DIESEL_Constanta-DN3-Murfatlar-retur,09-10,2026-09-11 09:44:15,1793,87.97539797395072,1638.9117221418223,32.944240231547816,12.839319826339525,89.0,39.0,21.0,50.29753979739507,17.41426917510858,2.4484437251027327,-0.1899,31136.2,0,rural,S3_DN3_est_intors,0.0093,1.5515,0.0246,7.1796,0.4,1.0555
DIESEL_Constanta-DN3-Murfatlar-retur,09-10,2026-09-11 09:44:16,1794,87.37731481481482,1630.3107638888891,24.66921296296297,30.822453703703893,89.0,39.0,21.0,49.78495370370369,18.146018518518524,2.1208374497153453,0.0458,31160.5,0,rural,S3_DN3_est_intors,0.7594,1.5522,2.0038,5.3762,1.2929,3.4115
DIESEL_Constanta-DN3-Murfatlar-retur,09-10,2026-09-11 09:44:17,1795,88.305353602115,1643.6700264375415,25.38955056179776,43.9639722405817,89.0,39.0,21.0,48.82518175809649,18.551302048909456,2.117742168828078,0.2207,31185.0,0,rural,S3_DN3_est_intors,1.465,1.5537,3.8657,5.5332,1.9974,5.2704
DIESEL_Constanta-DN3-Murfatlar-retur,09-10,2026-09-11 09:44:18,1796,88.9662921348315,1655.4016853932592,25.95134831460678,49.145730337078994,89.0,39.0,21.0,48.23033707865165,18.83550561797755,1.682727869097345,0.0965,31209.7,0,rural,S3_DN3_est_intors,1.6318,1.5553,4.3058,5.6556,1.5368,4.0551
DIESEL_Constanta-DN3-Murfatlar-retur,09-10,2026-09-11 09:44:19,1797,89.0,1649.815172054223,26.00968717413973,22.632168925964272,88.01042752867569,39.0,21.0,48.79374348279458,18.85,4.49991621257857,-0.092,31234.5,0,rural,S3_DN3_est_intors,0.2668,1.5556,0.7041,5.6683,0.8016,2.1151
DIESEL_Constanta-DN3-Murfatlar-retur,09-10,2026-09-11 09:44:20,1798,88.30365769496207,1643.765527950311,29.52496894409956,36.95439613526654,88.69634230503793,39.0,21.0,49.36963423050379,19.384147688060693,2.4056947805326163,-0.0009,31259.0,0,rural,S3_DN3_est_intors,1.022,1.5566,2.6966,6.4344,1.1386,3.0042
DIESEL_Constanta-DN3-Murfatlar-retur,09-10,2026-09-11 09:44:21,1799,88.99378881987576,1660.8462732919252,34.99080745341607,62.123478260869206,88.00621118012424,39.0,21.0,49.30062111801242,18.279937888198774,2.9788675640014985,0.0458,31283.7,0,rural,S3_DN3_est_intors,2.1976,1.5588,5.7985,7.6256,1.3397,3.5349
DIESEL_Constanta-DN3-Murfatlar-retur,09-10,2026-09-11 09:44:22,1800,88.63345195729545,1642.8514234875454,25.3404270462634,23.553309608540328,88.63345195729545,39.0,21.0,50.66334519572955,18.548718861209995,2.2959677494810995,-0.1963,31308.3,0,rural,S3_DN3_est_intors,0.3343,1.5592,0.8821,5.5225,0.3874,1.0221
DIESEL_Constanta-DN3-Murfatlar-retur,09-10,2026-09-11 09:44:23,1801,87.58018018018024,1634.0954954954957,24.50414414414419,25.396954954955447,88.41981981981976,39.0,21.0,49.25657657657676,18.026504504504537,2.548857966565526,-0.1868,31332.7,0,rural,S3_DN3_est_intors,0.4556,1.5596,1.2022,5.3402,0.4047,1.0677
DIESEL_Constanta-DN3-Murfatlar-retur,09-10,2026-09-11 09:44:24,1802,87.28872668288727,1637.26399026764,24.12661800486618,29.1095458231957,89.0,39.0,21.0,47.89083536090837,17.69,1.5399278749655383,0.0314,31356.9,0,rural,S3_DN3_est_intors,0.5451,1.5602,1.4384,5.2579,1.2352,3.2593
DIESEL_Constanta-DN3-Murfatlar-retur,09-10,2026-09-11 09:44:25,1803,87.80629921259835,1639.9929133858232,24.58600000000009,44.74023622047011,89.0,39.0,21.0,49.158110236220494,17.999921259842644,1.8579067696885152,0.0215,31381.3,0,rural,S3_DN3_est_intors,1.2962,1.5615,3.4201,5.3581,1.2116,3.1968
DIESEL_Constanta-DN3-Murfatlar-retur,09-10,2026-09-11 09:44:26,1804,87.44323342415986,1616.6834695731156,30.75594005449598,37.77361489554973,89.0,39.0,21.0,49.35567665758401,19.48502270663034,1.890828075710236,0.0269,31405.6,0,rural,S3_DN3_est_intors,1.021,1.5625,2.6941,6.7027,1.2223,3.2251
DIESEL_Constanta-DN3-Murfatlar-retur,09-10,2026-09-11 09:44:27,1805,88.0,1632.6231813773038,33.21862269641164,47.09537342386153,89.0,39.0,21.0,49.11231813773038,19.67369544131911,1.953942318036244,0.1161,31430.0,0,rural,S3_DN3_est_intors,1.5293,1.564,4.0353,7.2394,1.5823,4.175
DIESEL_Constanta-DN3-Murfatlar-retur,09-10,2026-09-11 09:44:28,1806,88.27921568627448,1637.248235294117,26.920188235294084,32.5132627450975,89.0,39.0,21.0,48.54870588235296,19.7419450980392,2.032218600622507,0.1389,31454.5,0,rural,S3_DN3_est_intors,0.857,1.5649,2.2614,5.8667,1.6796,4.4317
DIESEL_Constanta-DN3-Murfatlar-retur,09-10,2026-09-11 09:44:29,1807,89.0,1656.208199356914,27.66247588424455,45.97471061093497,89.0,39.0,21.0,47.84790996784571,20.046704180064417,1.7857571611262422,0.1001,31479.3,0,rural,S3_DN3_est_intors,1.6186,1.5665,4.2709,6.0285,1.552,4.095
DIESEL_Constanta-DN3-Murfatlar-retur,09-10,2026-09-11 09:44:30,1808,89.0,1647.75974025974,26.393441558441555,32.26370129870192,89.0,39.33116883116888,21.0,47.79805194805199,19.29,2.240397860143087,-0.0092,31504.0,0,rural,S3_DN3_est_intors,0.8607,1.5673,2.2711,5.752,1.125,2.9685
DIESEL_Constanta-DN3-Murfatlar-retur,09-10,2026-09-11 09:44:31,1809,88.93405600722667,1645.29403794038,26.32900632339653,39.48524841914987,89.0,40.0,21.0,48.241734417344,19.26098464317973,3.396577473866135,-0.1346,31528.7,0,rural,S3_DN3_est_intors,1.275,1.5686,3.3641,5.7379,0.6338,1.6723
DIESEL_Constanta-DN3-Murfatlar-retur,09-10,2026-09-11 09:44:32,1810,88.03071364046983,1652.746612466124,25.90443541102082,27.09139114724604,89.0,40.0,21.0,46.07371273712759,18.863514001806724,2.0207683825355653,-0.1058,31553.2,0,rural,S3_DN3_est_intors,0.5911,1.5692,1.5596,5.6454,0.726,1.9155
DIESEL_Constanta-DN3-Murfatlar-retur,09-10,2026-09-11 09:44:33,1811,88.1721068249258,1639.747774480712,25.92783382789321,39.00246290801193,89.0,40.0,21.0,46.786053412462905,19.04044510385759,2.128504660907637,0.0965,31577.6,0,rural,S3_DN3_est_intors,1.2401,1.5704,3.2721,5.6505,1.5119,3.9894
DIESEL_Constanta-DN3-Murfatlar-retur,09-10,2026-09-11 09:44:34,1812,88.72582001682086,1640.4720353238015,25.822910008410428,32.74597140454163,89.0,40.0,21.0,47.515306980656014,17.999024390243903,2.023042297560928,-0.1567,31602.3,0,rural,S3_DN3_est_intors,0.9799,1.5714,2.5857,5.6276,0.5433,1.4335
DIESEL_Constanta-DN3-Murfatlar-retur,09-10,2026-09-11 09:44:35,1813,87.04373423044586,1608.091883936083,34.98186711522227,12.291808242221697,89.0,40.0,21.0,49.44970563498726,18.9746341463414,2.0392540758647826,-0.2323,31626.5,0,rural,S3_DN3_est_intors,0.0248,1.5715,0.0655,7.6236,0.221,0.5832
DIESEL_Constanta-DN3-Murfatlar-retur,09-10,2026-09-11 09:44:36,1814,87.0532544378699,1618.6952662721908,25.402485207100508,49.942426035502,89.0,40.0,21.0,47.2118343195268,18.9456804733727,1.7114357163990914,0.1184,31650.6,0,rural,S3_DN3_est_intors,1.6168,1.5731,4.2662,5.536,1.5611,4.1191
DIESEL_Constanta-DN3-Murfatlar-retur,09-10,2026-09-11 09:44:37,1815,87.8963730569949,1633.9844559585504,24.43854922279788,37.495284974094034,89.0,40.0,21.0,49.00310880829032,18.040103626942955,3.2946648413253823,-0.1463,31675.1,0,rural,S3_DN3_est_intors,1.1431,1.5742,3.0163,5.3259,0.5667,1.4954
DIESEL_Constanta-DN3-Murfatlar-retur,09-10,2026-09-11 09:44:38,1816,86.0,1605.9266409266409,25.331505791505784,24.347915057915262,89.0,40.0,21.0,46.38301158301164,19.028764478764472,2.0780406610663142,-0.22,31699.0,0,rural,S3_DN3_est_intors,0.3547,1.5746,0.9358,5.5205,0.2509,0.662
DIESEL_Constanta-DN3-Murfatlar-retur,09-10,2026-09-11 09:44:39,1817,86.31224764468371,1605.85868102288,24.98549125168236,37.03578734858675,89.0,40.0,21.0,48.76285329744282,18.80055181695828,1.8977495200581984,0.189,31722.9,0,rural,S3_DN3_est_intors,1.0882,1.5757,2.8714,5.4451,1.8053,4.7634
DIESEL_Constanta-DN3-Murfatlar-retur,09-10,2026-09-11 09:44:40,1818,87.36115214180208,1618.1331240768095,26.036189069423955,41.982725258493424,89.0,40.0,21.0,48.05280649926146,19.36837518463812,2.294379062958822,0.2344,31747.2,0,rural,S3_DN3_est_intors,1.3757,1.577,3.63,5.6741,2.0156,5.3183
DIESEL_Constanta-DN3-Murfatlar-retur,09-10,2026-09-11 09:44:41,1819,88.0,1633.386160714286,27.227232142857144,44.22973214285728,88.86607142857144,40.0,21.0,48.43303571428572,20.05883928571428,2.2745819815098054,0.0887,31771.6,0,rural,S3_DN3_est_intors,1.5097,1.5785,3.9834,5.9337,1.4765,3.8958
DIESEL_Constanta-DN3-Murfatlar-retur,09-10,2026-09-11 09:44:42,1820,88.0,1617.437883435581,27.12674846625765,36.69162576687089,88.19478527607353,40.0,21.0,47.72730061349705,20.28078220858897,2.010487301276432,0.0,31796.1,0,rural,S3_DN3_est_intors,1.1094,1.5796,2.9273,5.9118,1.1339,2.9919
DIESEL_Constanta-DN3-Murfatlar-retur,09-10,2026-09-11 09:44:43,1821,88.0,1634.0242551566082,27.33451489686784,38.65029029793745,89.0,40.0,21.0,46.34598930481288,20.16,1.6678819854990037,0.0227,31820.5,0,rural,S3_DN3_est_intors,1.216,1.5809,3.2086,5.957,1.2216,3.2232
DIESEL_Constanta-DN3-Murfatlar-retur,09-10,2026-09-11 09:44:44,1822,88.16370808678496,1637.129191321498,27.32234714003945,39.126646942800406,89.0,40.0,21.0,46.12919132149895,20.089605522682465,1.874320070489466,0.1389,31845.0,0,rural,S3_DN3_est_intors,1.2183,1.5821,3.2145,5.9544,1.6757,4.4216
DIESEL_Constanta-DN3-Murfatlar-retur,09-10,2026-09-11 09:44:45,1823,89.0,1656.167379679143,27.003197860962523,43.48206417112189,89.0,40.0,21.0,47.28374331550801,19.68285561497325,1.9432920479285056,0.1162,31869.7,0,rural,S3_DN3_est_intors,1.466,1.5835,3.8682,5.8848,1.6148,4.2609
DIESEL_Constanta-DN3-Murfatlar-retur,09-10,2026-09-11 09:44:46,1824,89.0,1637.448696383515,26.1638435660218,28.2773170731712,88.81749369217823,40.0,21.0,47.14524810765347,19.30677039529011,1.9151871997726424,0.0,31894.5,0,rural,S3_DN3_est_intors,0.6369,1.5842,1.6805,5.7019,1.161,3.0633
DIESEL_Constanta-DN3-Murfatlar-retur,09-10,2026-09-11 09:44:47,1825,89.0,1631.0614973262036,25.29443850267377,33.465721925133515,88.0,40.0,21.0,46.92245989304814,18.677433155080195,1.6509413007251736,-0.0325,31919.2,0,rural,S3_DN3_est_intors,0.9322,1.5851,2.4597,5.5124,1.034,2.7283
DIESEL_Constanta-DN3-Murfatlar-retur,09-10,2026-09-11 09:44:48,1826,88.76569037656905,1643.508368200837,24.607280334728024,27.49711297071126,88.23430962343095,40.0,21.0,47.5234309623431,18.04384937238493,1.82812809176086,-0.1389,31943.8,0,rural,S3_DN3_est_intors,0.6122,1.5857,1.6152,5.3627,0.6134,1.6186
DIESEL_Constanta-DN3-Murfatlar-retur,09-10,2026-09-11 09:44:49,1827,88.0,1637.6484049930657,25.32760055478501,31.54042995839169,89.0,40.0,21.0,47.45852981969481,18.67581137309292,1.9533605453176968,-0.1448,31968.3,0,rural,S3_DN3_est_intors,0.8315,1.5866,2.1939,5.5197,0.5746,1.5163
DIESEL_Constanta-DN3-Murfatlar-retur,09-10,2026-09-11 09:44:50,1828,87.72277227722772,1641.1138613861383,25.47881188118812,38.41792079207917,89.0,40.0,21.0,46.53861386138614,18.66118811881189,2.170271922728616,-0.1296,31992.7,0,rural,S3_DN3_est_intors,1.2131,1.5878,3.2008,5.5526,0.6275,1.6558
DIESEL_Constanta-DN3-Murfatlar-retur,09-10,2026-09-11 09:44:51,1829,87.06684141546519,1637.9177588466573,26.31200524246396,31.06492791611949,89.0,40.0,21.0,46.75963302752311,19.29,2.294868392436479,0.0385,32016.8,0,rural,S3_DN3_est_intors,0.8035,1.5886,2.12,5.7342,1.2562,3.3146
DIESEL_Constanta-DN3-Murfatlar-retur,09-10,2026-09-11 09:44:52,1830,88.0,1644.3701550387598,26.30031007751938,39.63736434108532,89.0,40.0,21.0,45.12248062015503,19.252790697674417,1.6262641853445623,0.1296,32041.3,0,rural,S3_DN3_est_intors,1.2633,1.5898,3.3333,5.7317,1.6344,4.3126
DIESEL_Constanta-DN3-Murfatlar-retur,09-10,2026-09-11 09:44:53,1831,88.0,1642.0367298578217,26.104763033175388,30.494644549762395,89.0,40.0,21.0,46.08495260663508,19.14,2.1319506565991064,0.0,32065.7,0,rural,S3_DN3_est_intors,0.7699,1.5906,2.0316,5.689,1.1339,2.9919
DIESEL_Constanta-DN3-Murfatlar-retur,09-10,2026-09-11 09:44:54,1832,88.0,1627.4751026694018,26.403480492812943,36.315420944559214,89.0,40.0,21.0,46.31960985626274,19.5642094455851,1.7567909109720576,0.0784,32090.2,0,rural,S3_DN3_est_intors,1.0704,1.5917,2.8243,5.7541,1.4367,3.7908
DIESEL_Constanta-DN3-Murfatlar-retur,09-10,2026-09-11 09:44:55,1833,88.56438356164377,1660.7232876712314,31.765123287670782,42.15082191780672,89.0,40.0,21.0,46.64849315068499,20.68183561643835,2.7666131499130544,0.2778,32114.8,0,rural,S3_DN3_est_intors,1.2734,1.593,3.36,6.9226,2.2289,5.8812
DIESEL_Constanta-DN3-Murfatlar-retur,09-10,2026-09-11 09:44:56,1834,90.0,1686.301587301588,38.103373015873885,64.6396428571453,89.0,40.0,21.0,45.79722222222213,20.64373015873024,3.837325284320402,0.1738,32139.8,0,rural,S3_DN3_est_intors,2.2652,1.5952,5.9771,8.3039,1.875,4.9475
DIESEL_Constanta-DN3-Murfatlar-retur,09-10,2026-09-11 09:44:57,1835,89.81607142857149,1676.689285714287,27.96773214285704,32.5494642857153,89.0,40.0,21.0,46.55053571428584,19.96910714285705,1.7638031640114522,-0.128,32164.7,0,rural,S3_DN3_est_intors,0.8985,1.5961,2.3707,6.095,0.6789,1.7912
DIESEL_Constanta-DN3-Murfatlar-retur,09-10,2026-09-11 09:44:58,1836,89.07846715328468,1663.5693430656936,29.99487226277384,23.19049270073033,89.0,40.0,21.0,45.102007299270085,20.961733576642327,1.651859447779627,0.0243,32189.5,0,rural,S3_DN3_est_intors,0.2846,1.5964,0.7509,6.5368,1.2581,3.3196
DIESEL_Constanta-DN3-Murfatlar-retur,09-10,2026-09-11 09:44:59,1837,89.99087591240877,1681.8175182481752,39.23757299270081,55.754361313868905,89.0,40.0,21.0,46.2881386861314,20.167937956204373,2.0642032069978606,0.3112,32214.5,0,rural,S3_DN3_est_intors,2.1266,1.5985,5.6114,8.5511,2.4174,6.3785
DIESEL_Constanta-DN3-Murfatlar-retur,09-10,2026-09-11 09:45:00,1838,91.31876861966224,1681.744538232373,29.891221449851564,37.59867924528074,89.0,40.0,21.0,45.87030784508444,18.90122144985103,2.096716864528992,-0.0323,32239.8,0,autostrada,S3_DN3_est_intors,1.1232,1.5997,2.9637,6.5142,1.0962,2.8925
DIESEL_Constanta-DN3-Murfatlar-retur,09-10,2026-09-11 09:45:01,1839,89.75809935205184,1673.08585313175,35.7908855291577,10.075226781857417,89.0,40.0,21.0,45.74038876889851,18.53341252699785,2.087470840986987,-0.3168,32264.8,0,rural,S3_DN3_est_intors,0.0,1.5997,0.0,7.7999,0.0694,0.1832
DIESEL_Constanta-DN3-Murfatlar-retur,09-10,2026-09-11 09:45:02,1840,89.03815694744428,1648.7877969762444,34.15661627069852,12.055068394528227,89.0,40.0,21.0,44.37249820014413,18.007854571634326,2.20965240795503,-0.1594,32289.5,0,rural,S3_DN3_est_intors,0.0,1.5997,0.0,7.4438,0.5391,1.4225
DIESEL_Constanta-DN3-Murfatlar-retur,09-10,2026-09-11 09:45:03,1841,88.61016949152537,1661.173728813558,25.061525423728767,44.60881355932165,88.30508474576268,40.0,21.0,45.70508474576268,18.11423728813558,2.885865150409701,0.0673,32314.1,0,rural,S3_DN3_est_intors,1.4211,1.6011,3.7498,5.4617,1.4121,3.7259
DIESEL_Constanta-DN3-Murfatlar-retur,09-10,2026-09-11 09:45:04,1842,89.5224948875255,1678.618609406951,27.62756646216791,39.10034764825972,89.0,40.0,21.0,45.922494887525495,19.73791411042964,1.743808789470515,0.195,32339.0,0,rural,S3_DN3_est_intors,1.0077,1.6021,2.6589,6.0209,1.9415,5.1227
DIESEL_Constanta-DN3-Murfatlar-retur,09-10,2026-09-11 09:45:05,1843,90.01452282157673,1675.409751037344,32.81010373443973,37.45601659750996,89.0,40.0,21.0,44.96037344398341,20.83506224066391,2.015534649075481,0.3379,32364.0,0,autostrada,S3_DN3_est_intors,1.0622,1.6031,2.8027,7.1503,2.5238,6.6594
DIESEL_Constanta-DN3-Murfatlar-retur,09-10,2026-09-11 09:45:06,1844,91.95544041450788,1696.2808290155465,39.013886010364246,62.87503626943447,88.95544041450788,40.0,21.0,44.135647668393695,20.062860103627177,2.2589631541985686,0.1152,32389.5,0,autostrada,S3_DN3_est_intors,2.4252,1.6056,6.3992,8.5023,1.7089,4.509
DIESEL_Constanta-DN3-Murfatlar-retur,09-10,2026-09-11 09:45:07,1845,90.84400000000004,1674.0960000000005,26.01487999999972,22.58152000000031,88.07799999999997,40.0,21.0,44.79860000000003,18.04785999999998,1.834283755906512,-0.4105,32414.8,0,autostrada,S3_DN3_est_intors,0.2908,1.6059,0.7674,5.6694,0.0694,0.1832
DIESEL_Constanta-DN3-Murfatlar-retur,09-10,2026-09-11 09:45:08,1846,89.0,1658.326059050064,35.005571245186495,13.961322207958087,89.0,40.0,21.0,43.83029525032085,18.762888318356897,2.4716962390666337,-0.2141,32439.5,0,rural,S3_DN3_est_intors,0.12,1.606,0.3167,7.6288,0.3247,0.8567
DIESEL_Constanta-DN3-Murfatlar-retur,09-10,2026-09-11 09:45:09,1847,89.30232558139532,1668.7732558139533,25.827441860465026,40.097906976743886,88.69767441860468,40.0,21.0,45.9906976744186,18.55139534883715,1.9124101309664887,0.2305,32464.3,0,rural,S3_DN3_est_intors,1.3513,1.6073,3.5656,5.6286,2.0726,5.4689
DIESEL_Constanta-DN3-Murfatlar-retur,09-10,2026-09-11 09:45:10,1848,90.65957446808495,1677.893617021276,32.14617021276493,50.41968085106295,88.0,40.0,21.0,46.00212765957452,20.25255319148928,2.1655902076902374,0.318,32489.5,0,autostrada,S3_DN3_est_intors,1.8699,1.6092,4.9339,7.0056,2.4723,6.5234
DIESEL_Constanta-DN3-Murfatlar-retur,09-10,2026-09-11 09:45:11,1849,91.5920617420067,1683.6777839029764,35.63442116868914,48.60030871003508,88.0,40.0,21.0,45.51841234840134,20.49968026460872,2.0425912988967254,-0.0566,32514.9,0,autostrada,S3_DN3_est_intors,1.7449,1.6109,4.6041,7.7658,1.006,2.6544
DIESEL_Constanta-DN3-Murfatlar-retur,09-10,2026-09-11 09:45:12,1850,90.25201938610672,1682.2905896607435,31.357786752826712,25.22113085622087,88.37399030694664,40.0,21.0,44.95121163166403,19.56544426494348,2.368643421182022,-0.3212,32540.0,0,autostrada,S3_DN3_est_intors,0.6714,1.6116,1.7716,6.8338,0.0694,0.1832
DIESEL_Constanta-DN3-Murfatlar-retur,09-10,2026-09-11 09:45:13,1851,89.27915632754338,1674.1271712158814,34.203200992556376,17.012245657566865,89.0,40.0,21.0,44.36749379652603,19.12808933002484,1.5246237039239887,-0.035,32564.8,0,rural,S3_DN3_est_intors,0.3346,1.612,0.883,7.4539,1.0315,2.7216
DIESEL_Constanta-DN3-Murfatlar-retur,09-10,2026-09-11 09:45:14,1852,90.0,1668.6435153583618,26.01430034129693,40.22978156996621,89.0,40.28600682593861,21.0,44.91440273037544,18.71,1.6076254231130596,0.1001,32589.8,0,rural,S3_DN3_est_intors,1.325,1.6133,3.4962,5.6693,1.5839,4.1793
DIESEL_Constanta-DN3-Murfatlar-retur,09-10,2026-09-11 09:45:15,1853,90.0,1670.179351535836,26.04843003412969,46.38677815699632,89.0,40.968600682593824,21.0,45.18744027303753,18.71,2.095279537029328,-0.039,32614.8,0,rural,S3_DN3_est_intors,1.6265,1.6149,4.2916,5.6768,1.0345,2.7296
DIESEL_Constanta-DN3-Murfatlar-retur,09-10,2026-09-11 09:45:16,1854,89.71942446043174,1674.5269784172665,26.598992805755422,31.947122302159325,89.0,41.0,21.0,45.00359712230222,19.100719424460443,2.218215986378877,-0.1389,32639.7,0,rural,S3_DN3_est_intors,0.8878,1.6158,2.3426,5.7967,0.6338,1.6724
DIESEL_Constanta-DN3-Murfatlar-retur,09-10,2026-09-11 09:45:17,1855,89.0,1675.332294264339,26.17915211970076,26.75274314214448,89.0,41.0,21.0,44.53740648379052,18.835411471321702,2.504011258787051,-0.0999,32664.4,0,rural,S3_DN3_est_intors,0.5356,1.6163,1.4131,5.7052,0.7707,2.0337
DIESEL_Constanta-DN3-Murfatlar-retur,09-10,2026-09-11 09:45:18,1856,89.0,1683.2178477690288,26.363123359580083,35.483727034120825,88.56430446194223,40.56430446194223,21.0,44.90498687664044,18.87805774278217,2.230606309728721,0.074,32689.2,0,rural,S3_DN3_est_intors,1.0919,1.6174,2.8811,5.7453,1.45,3.826
DIESEL_Constanta-DN3-Murfatlar-retur,09-10,2026-09-11 09:45:19,1857,89.53263315828957,1685.297636909227,27.131095273818453,40.59227306826703,88.26631657914479,40.26631657914479,21.0,44.90052513128282,19.367231807951985,1.7702417919124809,0.2743,32714.0,0,rural,S3_DN3_est_intors,1.3499,1.6188,3.5619,5.9127,2.2534,5.9459
DIESEL_Constanta-DN3-Murfatlar-retur,09-10,2026-09-11 09:45:20,1858,90.97485714285722,1690.4322857142852,27.652628571428505,49.2478628571445,89.0,41.0,21.0,43.802514285714274,19.59458285714281,2.3117486918369106,0.0948,32739.3,0,autostrada,S3_DN3_est_intors,1.738,1.6205,4.5858,6.0264,1.5944,4.207
DIESEL_Constanta-DN3-Murfatlar-retur,09-10,2026-09-11 09:45:21,1859,90.21554252199404,1698.4699413489732,28.65932551319642,31.30592375366406,89.0,41.0,21.0,43.79222873900298,20.254838709677376,1.9616374251530664,0.0693,32764.4,0,autostrada,S3_DN3_est_intors,0.8485,1.6214,2.2388,6.2458,1.4689,3.8759
DIESEL_Constanta-DN3-Murfatlar-retur,09-10,2026-09-11 09:45:22,1860,91.47400611620787,1702.7110091743118,29.002018348623874,44.10486238532107,89.0,41.0,21.0,43.4,20.46253822629972,1.5915705779048996,0.2478,32789.8,0,autostrada,S3_DN3_est_intors,1.6403,1.623,4.3282,6.3204,2.2249,5.8707
DIESEL_Constanta-DN3-Murfatlar-retur,09-10,2026-09-11 09:45:23,1861,92.0,1705.0124999999998,29.280315789473622,44.56155263157891,89.0,40.68157894736847,21.0,43.4636842105263,20.58702631578944,1.7071594145822804,0.0731,32815.3,0,autostrada,S3_DN3_est_intors,1.6604,1.6247,4.3812,6.3811,1.5404,4.0645
DIESEL_Constanta-DN3-Murfatlar-retur,09-10,2026-09-11 09:45:24,1862,92.0,1708.1374999999998,30.14873684210521,45.08128947368418,89.0,40.02368421052636,21.0,43.59526315789473,21.15939473684207,1.6904445972017286,0.0634,32840.9,0,autostrada,S3_DN3_est_intors,1.7019,1.6264,4.4907,6.5703,1.5012,3.9611
DIESEL_Constanta-DN3-Murfatlar-retur,09-10,2026-09-11 09:45:25,1863,92.4564619615032,1722.7472502291473,30.303483043079744,45.1073510540788,88.5435380384968,40.0,21.0,44.29789184234648,21.055252062328144,2.1221054477633925,0.1389,32866.6,0,autostrada,S3_DN3_est_intors,1.7212,1.6281,4.5417,6.6041,1.8221,4.8077
DIESEL_Constanta-DN3-Murfatlar-retur,09-10,2026-09-11 09:45:26,1864,93.0,1746.403725626741,30.16080083565461,42.78197075208974,88.28342618384397,40.0,21.0,43.87005571030639,20.657806406685246,1.9506083642663248,0.0755,32892.4,0,autostrada,S3_DN3_est_intors,1.6066,1.6297,4.2392,6.573,1.5825,4.1756
DIESEL_Constanta-DN3-Murfatlar-retur,09-10,2026-09-11 09:45:27,1865,93.0,1743.095926183844,29.917068245125343,31.31261142061279,88.97980501392757,40.0,21.0,44.28788300835655,20.455856545961,1.7331137260305476,-0.0505,32918.2,0,autostrada,S3_DN3_est_intors,0.9036,1.6306,2.3844,6.5199,1.0682,2.8186
DIESEL_Constanta-DN3-Murfatlar-retur,09-10,2026-09-11 09:45:28,1866,92.63614838200472,1729.3139305445936,30.879360694554016,30.72358326756132,89.0,40.0,21.0,43.59084451460142,18.74448303078137,1.6452765154189373,-0.1389,32944.0,0,autostrada,S3_DN3_est_intors,1.0034,1.6316,2.6475,6.7296,0.699,1.8443
DIESEL_Constanta-DN3-Murfatlar-retur,09-10,2026-09-11 09:45:29,1867,92.0,1719.1793381037564,35.35466905187861,17.205187835419572,89.0,40.0,21.0,43.48676207513415,18.61032200357781,1.7648784458903193,-0.0884,32969.5,0,autostrada,S3_DN3_est_intors,0.2846,1.6319,0.751,7.7049,0.8883,2.3438
DIESEL_Constanta-DN3-Murfatlar-retur,09-10,2026-09-11 09:45:30,1868,92.0,1729.1385088919285,27.26024623803009,42.32385772913793,88.89603283173732,40.0,21.0,43.87920656634746,18.85,2.7837517962433225,0.0424,32995.1,0,autostrada,S3_DN3_est_intors,1.5879,1.6335,4.1898,5.9409,1.4164,3.7374
DIESEL_Constanta-DN3-Murfatlar-retur,09-10,2026-09-11 09:45:31,1869,92.3050397877984,1722.1133952254645,27.7427851458886,37.44358090185677,88.3050397877984,39.69496021220159,21.0,43.5474801061008,19.20689655172414,2.171652166379535,0.1389,33020.7,0,autostrada,S3_DN3_est_intors,1.2703,1.6347,3.3519,6.046,1.8168,4.7937
DIESEL_Constanta-DN3-Murfatlar-retur,09-10,2026-09-11 09:45:32,1870,93.0,1735.1627049180336,28.758147540983742,40.767803278688994,89.0,39.0,21.0,43.1649180327869,19.73934426229517,3.175677405099933,0.0965,33046.5,0,autostrada,S3_DN3_est_intors,1.4777,1.6362,3.8989,6.2673,1.6682,4.4018
DIESEL_Constanta-DN3-Murfatlar-retur,09-10,2026-09-11 09:45:33,1871,93.0,1723.0725409836075,26.553229508196907,33.374360655738336,89.0,39.0,21.0,43.00098360655739,18.42786885245913,1.9368222238205504,-0.2047,33072.4,0,autostrada,S3_DN3_est_intors,1.0122,1.6372,2.6709,5.7868,0.4389,1.158
DIESEL_Constanta-DN3-Murfatlar-retur,09-10,2026-09-11 09:45:34,1872,91.52623688155936,1708.9990629685174,38.93685157421288,25.16068215892413,89.0,38.73688155922032,21.0,42.91056971514235,19.574760119939988,3.1390642281208905,0.0,33097.8,0,autostrada,S3_DN3_est_intors,0.6474,1.6379,1.7082,8.4855,1.2316,3.2497
DIESEL_Constanta-DN3-Murfatlar-retur,09-10,2026-09-11 09:45:35,1873,93.0,1726.5068993506493,38.41724025973919,60.80168831168591,89.0,38.0,21.0,42.13587662337674,19.112126623376536,2.4163768505522616,0.1474,33123.6,0,autostrada,S3_DN3_est_intors,2.4222,1.6403,6.3913,8.3723,1.876,4.95
DIESEL_Constanta-DN3-Murfatlar-retur,09-10,2026-09-11 09:45:36,1874,92.58787255909547,1715.3134635149,31.112435765674192,25.001140801642546,89.0,37.58787255909549,21.0,42.61695786228144,18.48855087358692,1.9077541329731444,-0.1389,33149.3,0,autostrada,S3_DN3_est_intors,0.6305,1.6409,1.6637,6.7804,0.6979,1.8414
DIESEL_Constanta-DN3-Murfatlar-retur,09-10,2026-09-11 09:45:37,1875,92.0,1696.704620462046,33.876600660065684,18.920561056106123,89.0,36.64686468646862,21.0,41.57062706270628,18.84462046204619,1.9229938633140733,-0.0514,33174.9,0,autostrada,S3_DN3_est_intors,0.2896,1.6412,0.7642,7.3828,1.0377,2.738
DIESEL_Constanta-DN3-Murfatlar-retur,09-10,2026-09-11 09:45:38,1876,92.21752265861018,1703.4848942598142,26.717975830815604,34.768610271901544,89.0,36.0,21.0,41.678247734138985,18.59262839879153,1.6657854232157907,0.1122,33200.5,0,autostrada,S3_DN3_est_intors,1.026,1.6422,2.7073,5.8227,1.7056,4.5005
DIESEL_Constanta-DN3-Murfatlar-retur,09-10,2026-09-11 09:45:39,1877,92.80792420327307,1741.943583118002,27.58887166236004,47.16472006890676,89.0,35.80792420327309,21.0,41.69603789836346,18.681188630490965,2.5741018637308994,-0.0386,33226.3,0,autostrada,S3_DN3_est_intors,1.6575,1.6439,4.3734,6.0125,1.1115,2.9328
DIESEL_Constanta-DN3-Murfatlar-retur,09-10,2026-09-11 09:45:40,1878,91.93992248062024,1734.991763565895,27.96199612403028,34.618914728684466,89.0,35.0,21.0,42.13604651162785,18.50773255813961,2.622258691687783,-0.2611,33251.8,0,autostrada,S3_DN3_est_intors,1.1267,1.645,2.9729,6.0938,0.1899,0.5012
DIESEL_Constanta-DN3-Murfatlar-retur,09-10,2026-09-11 09:45:41,1879,90.92779783393507,1693.556859205778,35.07916967509034,11.689241877256372,89.0,35.0,21.0,42.69277978339351,17.65859205776176,2.212444200055244,-0.4391,33277.1,0,autostrada,S3_DN3_est_intors,0.0,1.645,0.0,7.6448,0.0694,0.1832
DIESEL_Constanta-DN3-Murfatlar-retur,09-10,2026-09-11 09:45:42,1880,88.77839643652557,1635.8310133630291,29.76213808463206,15.189398663698146,89.0,35.0,21.0,42.610801781737216,16.53191536748324,2.631786901830837,-0.4403,33301.8,0,rural,S3_DN3_est_intors,0.2097,1.6452,0.5534,6.4861,0.0694,0.1832
DIESEL_Constanta-DN3-Murfatlar-retur,09-10,2026-09-11 09:45:43,1881,87.75784392598557,1631.182622687049,23.349444891391457,28.610949316171546,88.75784392598557,34.75784392598556,21.0,42.75784392598556,15.52,2.66853522454844,-0.2704,33326.1,0,rural,S3_DN3_est_intors,0.7172,1.646,1.8924,5.0886,0.086,0.2268
DIESEL_Constanta-DN3-Murfatlar-retur,09-10,2026-09-11 09:45:44,1882,86.83139534883726,1605.287063953489,29.22276162790697,11.436598837209283,88.08430232558138,34.0,21.0,42.05058139534882,15.55624999999999,3.084495432915372,-0.4376,33350.3,0,rural,S3_DN3_est_intors,0.0,1.646,0.0,6.3685,0.0694,0.1832
DIESEL_Constanta-DN3-Murfatlar-retur,09-10,2026-09-11 09:45:45,1883,84.60721868365182,1576.536624203822,25.550042462845248,16.162441613587866,89.0,33.60721868365183,21.0,41.775159235668845,15.49437367303612,1.6018517888585848,-0.4777,33373.8,0,rural,S3_DN3_est_intors,0.0743,1.646,0.1962,5.5681,0.0694,0.1832
DIESEL_Constanta-DN3-Murfatlar-retur,09-10,2026-09-11 09:45:46,1884,83.39161336176252,1555.4092039800971,21.51896943852198,19.368905472636367,89.0,33.0,21.0,40.77377398720687,14.747412935323377,1.8896667937763307,-0.3701,33396.9,0,rural,S3_DN3_est_intors,0.1317,1.6462,0.3475,4.6897,0.0694,0.1832
DIESEL_Constanta-DN3-Murfatlar-retur,09-10,2026-09-11 09:45:47,1885,81.94270122783094,1522.4249658935903,26.167735334242824,12.448867667121611,89.0,33.0,21.0,41.405729877216906,14.67062755798086,2.2651434330343814,-0.4711,33419.7,0,rural,S3_DN3_est_intors,0.0,1.6462,0.0,5.7028,0.0694,0.1832
DIESEL_Constanta-DN3-Murfatlar-retur,09-10,2026-09-11 09:45:48,1886,80.0,1476.2573604060913,24.108456852791555,14.294639593909364,89.0,32.70761421319793,21.0,42.03857868020311,15.244274111675107,1.6318505915198345,-0.3326,33441.9,0,rural,S3_DN3_est_intors,0.1291,1.6463,0.3407,5.254,0.0694,0.1832
DIESEL_Constanta-DN3-Murfatlar-retur,09-10,2026-09-11 09:45:49,1887,79.54776119402973,1464.3748134328334,19.952992537313808,23.247626865670657,89.0,32.0,21.0,42.71559701492527,14.94,2.022832745752584,-0.2701,33464.0,0,rural,S3_DN3_est_intors,0.3418,1.6466,0.9018,4.3484,0.0694,0.1832
DIESEL_Constanta-DN3-Murfatlar-retur,09-10,2026-09-11 09:45:50,1888,78.05522388059705,1435.0837686567172,24.781350746268508,10.66553731343322,89.0,32.0,21.0,41.4469402985075,14.94,2.923398360843826,-0.5319,33485.7,0,rural,S3_DN3_est_intors,0.0122,1.6466,0.0322,5.4006,0.0694,0.1832
DIESEL_Constanta-DN3-Murfatlar-retur,09-10,2026-09-11 09:45:51,1889,75.71815940838123,1405.59490550534,22.70836483155269,13.00734593262164,89.0,31.718159408381226,21.0,40.98997534921935,15.066532456861111,2.4524158970111345,-0.4566,33506.7,0,rural,S3_DN3_est_intors,0.0356,1.6467,0.0938,4.9489,0.0694,0.1832
DIESEL_Constanta-DN3-Murfatlar-retur,09-10,2026-09-11 09:45:52,1890,74.76795580110502,1383.881215469614,17.729834254143487,19.81441988950304,89.0,31.0,21.0,40.269613259668496,14.717292817679544,2.184560701482415,-0.3775,33527.5,0,rural,S3_DN3_est_intors,0.1115,1.6468,0.2943,3.8639,0.0694,0.1832
DIESEL_Constanta-DN3-Murfatlar-retur,09-10,2026-09-11 09:45:53,1891,73.0,1352.5998751560548,23.58289637952585,10.3698002496871,89.0,31.0,21.0,40.82996254681645,15.244481897627953,1.5469161385873096,-0.2727,33547.8,0,rural,S3_DN3_est_intors,0.0221,1.6468,0.0582,5.1394,0.0694,0.1832
DIESEL_Constanta-DN3-Murfatlar-retur,09-10,2026-09-11 09:45:54,1892,72.80457890433357,1352.6923548650857,17.46401471790677,27.17411283728511,89.0,31.0,21.0,41.45862632869993,15.463327882256737,1.9379410118234108,-0.1421,33568.0,0,rural,S3_DN3_est_intors,0.38,1.6472,1.0026,3.806,0.327,0.8627
DIESEL_Constanta-DN3-Murfatlar-retur,09-10,2026-09-11 09:45:55,1893,71.97707736389674,1344.3961318051536,17.24593123209232,20.91914040114492,89.0,30.977077363896743,21.0,41.63810888252121,15.23,3.616000789910092,-0.3426,33588.0,0,rural,S3_DN3_est_intors,0.1233,1.6473,0.3253,3.7584,0.0694,0.1832
DIESEL_Constanta-DN3-Murfatlar-retur,09-10,2026-09-11 09:45:56,1894,70.33818938605623,1298.1555671175863,22.93080124869928,10.061415192507788,88.66909469302811,30.0,21.0,39.43017689906345,15.276326742976064,2.193936346976433,-0.4135,33607.5,0,rural,S3_DN3_est_intors,0.0,1.6473,0.0,4.9973,0.0694,0.1832
DIESEL_Constanta-DN3-Murfatlar-retur,09-10,2026-09-11 09:45:57,1895,69.0,1277.9937185929648,20.998040201005203,16.52035175879336,88.25628140703515,30.0,21.0,40.3,15.295678391959806,2.398740441830228,-0.1859,33626.7,0,rural,S3_DN3_est_intors,0.1455,1.6475,0.384,4.5761,0.1455,0.3839
DIESEL_Constanta-DN3-Murfatlar-retur,09-10,2026-09-11 09:45:58,1896,69.0,1277.2758435032306,16.202634601579604,33.13198133524671,88.97415649676952,30.0,21.0,40.3,15.08749461593684,2.15644530981224,-0.1503,33645.9,0,rural,S3_DN3_est_intors,0.5531,1.648,1.4595,3.5311,0.2533,0.6683
DIESEL_Constanta-DN3-Murfatlar-retur,09-10,2026-09-11 09:45:59,1897,67.91755319148949,1257.4793882978724,21.93711436170213,11.76,89.0,30.0,21.0,41.67526595744685,15.223816489361711,1.6210170035779776,-0.5078,33664.7,0,rural,S3_DN3_est_intors,0.0,1.648,0.0,4.7808,0.0694,0.1832
DIESEL_Constanta-DN3-Murfatlar-retur,09-10,2026-09-11 09:46:00,1898,65.34352941176465,1240.8344117647043,21.20039999999993,12.019305882352963,89.0,30.0,21.0,41.00152941176469,14.843670588235272,2.847072155429496,-0.5924,33682.9,0,rural,S3_DN3_est_intors,0.0,1.648,0.0,4.6202,0.0694,0.1832
DIESEL_Constanta-DN3-Murfatlar-retur,09-10,2026-09-11 09:46:01,1899,63.65206812652066,1195.4854014598532,19.72909975669099,11.73236009732355,89.0,30.0,21.0,41.28710462287108,14.460900243309007,2.3816276859674583,-0.3255,33700.5,0,rural,S3_DN3_est_intors,0.0,1.648,0.0,4.2996,0.0694,0.1832
DIESEL_Constanta-DN3-Murfatlar-retur,09-10,2026-09-11 09:46:02,1900,63.0,1168.4686174724357,18.56581849024629,12.15501272264567,89.0,30.0,21.0,41.95063613231561,14.65,3.112654747049786,-0.101,33718.0,0,rural,S3_DN3_est_intors,0.021,1.648,0.0553,4.0461,0.3262,0.8607
DIESEL_Constanta-DN3-Murfatlar-retur,09-10,2026-09-11 09:46:03,1901,62.92477876106173,1153.872787610636,13.931238938053836,21.66513274336197,88.97492625368724,30.0,21.0,40.7,14.6572713864307,1.7475930700087865,-0.4167,33735.5,0,rural,S3_DN3_est_intors,0.123,1.6482,0.3246,3.036,0.0694,0.1832
DIESEL_Constanta-DN3-Murfatlar-retur,09-10,2026-09-11 09:46:04,1902,60.0,1364.4093078758954,21.78520286396189,13.161193317422317,88.26968973747016,30.0,21.0,40.53818615751791,14.899546539379475,1.732415046071962,-0.4364,33752.2,0,urban,S3_DN3_est_intors,0.034,1.6482,0.0898,4.7477,0.0694,0.1832
DIESEL_Constanta-DN3-Murfatlar-retur,09-10,2026-09-11 09:46:05,1903,59.78249336870002,1339.9986737400502,17.215543766578946,20.0283023872666,89.0,30.0,21.0,40.25225464190999,14.774774535809,1.7172895372873125,-0.3237,33768.8,0,urban,S3_DN3_est_intors,0.1125,1.6483,0.2967,3.7518,0.0694,0.1832
DIESEL_Constanta-DN3-Murfatlar-retur,09-10,2026-09-11 09:46:06,1904,57.669354838709694,1312.2258064516132,22.26,10.328790322580655,89.0,30.33064516129031,21.0,41.79758064516128,14.74588709677419,2.135289796955701,-0.4259,33784.8,0,urban,S3_DN3_est_intors,0.0,1.6483,0.0,4.8511,0.0694,0.1832
DIESEL_Constanta-DN3-Murfatlar-retur,09-10,2026-09-11 09:46:07,1905,56.71573604060913,1293.44923857868,20.352588832487264,13.034923857868096,89.0,31.0,21.0,41.80304568527917,14.857563451776649,1.992150217677672,-0.2503,33800.6,0,urban,S3_DN3_est_intors,0.0359,1.6483,0.0946,4.4355,0.0694,0.1832
DIESEL_Constanta-DN3-Murfatlar-retur,09-10,2026-09-11 09:46:08,1906,55.86689714779602,1279.9889801210024,16.34063094209165,19.665289541918693,88.86689714779602,31.0,21.0,40.2600691443388,14.688599827139155,1.80829368956958,-0.2379,33816.1,0,urban,S3_DN3_est_intors,0.1094,1.6484,0.2886,3.5611,0.0694,0.1832
DIESEL_Constanta-DN3-Murfatlar-retur,09-10,2026-09-11 09:46:09,1907,55.00259291270521,1258.8135263612776,21.474598098531047,9.829507346585302,88.00259291270521,31.0,21.0,40.000777873811565,14.939248055315488,1.773360203305515,-0.1451,33831.4,0,urban,S3_DN3_est_intors,0.0003,1.6484,0.0009,4.68,0.1378,0.3636
DIESEL_Constanta-DN3-Murfatlar-retur,09-10,2026-09-11 09:46:10,1908,54.82196969696963,1246.5435606060576,15.480871212121151,21.57,88.82196969696963,31.0,21.0,40.85075757575749,15.028371212121192,1.832293855760817,-0.1791,33846.6,0,urban,S3_DN3_est_intors,0.1262,1.6486,0.3329,3.3738,0.0694,0.1832
DIESEL_Constanta-DN3-Murfatlar-retur,09-10,2026-09-11 09:46:11,1909,53.71322925225968,1205.1341413311422,16.30304847986839,17.97102711585898,88.28677074774032,31.0,21.0,39.470583401807744,14.79,2.970539331816138,-0.2703,33861.5,0,urban,S3_DN3_est_intors,0.09,1.6487,0.2375,3.5529,0.0694,0.1832
DIESEL_Constanta-DN3-Murfatlar-retur,09-10,2026-09-11 09:46:12,1910,52.87558906691796,1196.015315739867,20.22157398680488,9.507690857681592,89.0,31.0,21.0,38.9124410933082,14.79,2.458287498766331,-0.2535,33876.2,0,urban,S3_DN3_est_intors,0.0,1.6487,0.0,4.4069,0.0694,0.1832
DIESEL_Constanta-DN3-Murfatlar-retur,09-10,2026-09-11 09:46:13,1911,51.88818897637809,1206.7374015747623,19.595763779527733,13.816598425195783,89.0,31.0,21.0,38.96645669291343,14.806771653543288,2.44389590420828,-0.2605,33890.6,0,urban,S3_DN3_est_intors,0.0141,1.6487,0.0372,4.2705,0.0694,0.1832
DIESEL_Constanta-DN3-Murfatlar-retur,09-10,2026-09-11 09:46:14,1912,51.0,1473.529366700715,18.61478038815117,21.13182839632278,89.0,31.445352400408584,21.0,39.67977528089889,15.06915219611849,1.6209564527459686,-0.1846,33904.8,0,urban,S3_DN3_est_intors,0.1262,1.6488,0.3329,4.0567,0.0694,0.1832
DIESEL_Constanta-DN3-Murfatlar-retur,09-10,2026-09-11 09:46:15,1913,50.55930568948882,1457.7536162005752,18.850848601735784,21.22185149469617,89.0,32.0,21.0,40.503375120539935,15.419498553519809,2.1698085933475144,-0.1389,33918.8,0,urban,S3_DN3_est_intors,0.1262,1.6489,0.3329,4.1082,0.1235,0.3259
DIESEL_Constanta-DN3-Murfatlar-retur,09-10,2026-09-11 09:46:16,1914,50.0,1442.6663947797722,19.11610114192498,22.393539967373705,89.0,32.0,21.0,40.17128874388256,15.810734094616652,2.571639287955546,-0.0777,33932.7,0,urban,S3_DN3_est_intors,0.2126,1.6491,0.5611,4.166,0.2545,0.6716
DIESEL_Constanta-DN3-Murfatlar-retur,09-10,2026-09-11 09:46:17,1915,50.0,1453.091935483871,19.55417204301075,25.57135483870965,89.0,32.0,21.0,40.43741935483872,16.1,1.7172571716848304,0.0,33946.6,0,urban,S3_DN3_est_intors,0.3785,1.6495,0.9988,4.2615,0.425,1.1215
DIESEL_Constanta-DN3-Murfatlar-retur,09-10,2026-09-11 09:46:18,1916,50.0,1443.7983193277323,19.69201680672264,25.228319327731345,89.0,32.0,21.0,40.338655462184825,16.260840336134393,2.207196246645241,0.0,33960.5,0,urban,S3_DN3_est_intors,0.3435,1.6499,0.9065,4.2915,0.425,1.1215
DIESEL_Constanta-DN3-Murfatlar-retur,09-10,2026-09-11 09:46:19,1917,50.0,1438.0387931034477,19.959568965517253,25.77249999999955,88.66379310344834,32.0,21.0,40.46465517241384,16.58250000000002,2.590322169594052,-0.0587,33974.4,0,urban,S3_DN3_est_intors,0.3584,1.6502,0.9457,4.3498,0.2962,0.7816
DIESEL_Constanta-DN3-Murfatlar-retur,09-10,2026-09-11 09:46:20,1918,49.57709251101316,1442.242290748898,19.47515418502197,26.21621145374391,88.42290748898685,32.422907488986844,21.0,39.53480176211447,16.14471365638763,1.7713788825215595,-0.1389,33988.2,0,urban,S3_DN3_est_intors,0.381,1.6506,1.0054,4.2442,0.1178,0.3109
DIESEL_Constanta-DN3-Murfatlar-retur,09-10,2026-09-11 09:46:21,1919,49.0,1422.2649105367773,22.8062624254479,16.701351888667375,89.0,33.0,21.0,39.84632206759458,16.22165009940364,1.898871136559484,-0.0173,34001.8,0,urban,S3_DN3_est_intors,0.0665,1.6507,0.1754,4.9702,0.3761,0.9924
DIESEL_Constanta-DN3-Murfatlar-retur,09-10,2026-09-11 09:46:22,1920,49.45279383429675,1418.4566473988446,23.80366088631969,25.11895953757287,88.54720616570326,33.0,21.0,40.40192678227358,16.612080924855487,1.7890092258560897,0.1389,34015.5,0,urban,S3_DN3_est_intors,0.4571,1.6511,1.206,5.1876,0.7201,1.9
DIESEL_Constanta-DN3-Murfatlar-retur,09-10,2026-09-11 09:46:23,1921,50.0,1441.1707317073176,19.95658536585367,36.19073170731678,88.0,33.0,21.0,40.50243902439029,16.53,1.9615444467068128,0.0219,34029.4,0,urban,S3_DN3_est_intors,0.8125,1.6519,2.1438,4.3492,0.4731,1.2483
DIESEL_Constanta-DN3-Murfatlar-retur,09-10,2026-09-11 09:46:24,1922,49.61031175059949,1443.224820143884,20.10764988009592,25.80896882493983,88.3896882494005,33.0,21.0,41.24928057553954,16.64300959232615,2.089097464541766,-0.1389,34043.2,0,urban,S3_DN3_est_intors,0.3572,1.6523,0.9425,4.3821,0.118,0.3114
DIESEL_Constanta-DN3-Murfatlar-retur,09-10,2026-09-11 09:46:25,1923,49.0,1419.3751962323388,19.505125588696988,20.78,89.0,33.0,21.0,40.39167974882259,16.484701726844563,1.551011869185554,-0.0848,34056.8,0,urban,S3_DN3_est_intors,0.1262,1.6524,0.3329,4.2508,0.231,0.6094
DIESEL_Constanta-DN3-Murfatlar-retur,09-10,2026-09-11 09:46:26,1924,49.0,1410.624094202898,18.613514492753588,21.0119384057972,89.0,33.0,21.0,40.11621376811603,15.892998188405771,1.4841174662830268,0.0,34070.4,0,urban,S3_DN3_est_intors,0.1386,1.6526,0.3657,4.0565,0.4133,1.0906
DIESEL_Constanta-DN3-Murfatlar-retur,09-10,2026-09-11 09:46:27,1925,49.0,1405.9401743264664,18.430126782884376,22.380839936608712,88.82091917591119,33.0,21.0,40.58811410459573,15.790729001584834,1.64733071492544,0.0,34084.0,0,urban,S3_DN3_est_intors,0.2006,1.6528,0.5292,4.0165,0.4133,1.0906
DIESEL_Constanta-DN3-Murfatlar-retur,09-10,2026-09-11 09:46:28,1926,49.0,1414.463988343047,19.36250624479599,28.56010824313039,88.40133222314735,33.0,21.0,39.42239800166522,16.44618651124063,2.901009448301627,0.0,34097.6,0,urban,S3_DN3_est_intors,0.4549,1.6532,1.2004,4.2197,0.4133,1.0906
DIESEL_Constanta-DN3-Murfatlar-retur,09-10,2026-09-11 09:46:29,1927,49.0,1419.144652650823,19.543765996343705,31.979552102377266,89.0,33.0,21.0,40.42294332723951,16.53,3.224493489837461,-0.0256,34111.2,0,urban,S3_DN3_est_intors,0.6274,1.6538,1.6556,4.2592,0.3583,0.9453
DIESEL_Constanta-DN3-Murfatlar-retur,09-10,2026-09-11 09:46:30,1928,48.81594488188984,1413.7177657480318,19.35294291338585,23.02384842519705,89.0,33.0,21.0,40.181594488188985,16.476624015748055,1.8903080485835624,-0.1607,34124.8,0,urban,S3_DN3_est_intors,0.2291,1.6541,0.6046,4.2176,0.0694,0.1832
DIESEL_Constanta-DN3-Murfatlar-retur,09-10,2026-09-11 09:46:31,1929,47.84326306141152,1407.8205774518783,19.05297891842346,20.78,89.0,33.0,21.0,40.33510540788272,16.24,2.2985965966205724,-0.2207,34138.1,0,urban,S3_DN3_est_intors,0.1262,1.6542,0.3329,4.1522,0.0694,0.1832
DIESEL_Constanta-DN3-Murfatlar-retur,09-10,2026-09-11 09:46:32,1930,47.22695035460975,1397.3315602836858,18.922553191489264,22.20411347517616,89.0,33.0,21.0,41.293617021276845,16.305815602836827,1.700527742046613,0.1607,34151.2,0,urban,S3_DN3_est_intors,0.1906,1.6544,0.503,4.1238,0.7263,1.9164
DIESEL_Constanta-DN3-Murfatlar-retur,09-10,2026-09-11 09:46:33,1931,49.0,1424.8336693548383,19.99794354838709,33.92274193548386,89.0,33.0,21.0,39.26290322580645,16.82,2.781456664512487,0.2463,34164.8,0,urban,S3_DN3_est_intors,0.7322,1.6551,1.9319,4.3582,0.943,2.4882
DIESEL_Constanta-DN3-Murfatlar-retur,09-10,2026-09-11 09:46:34,1932,49.0,1438.387767969735,20.32107187894073,32.81982345523312,89.0,32.829760403530884,21.0,39.98083228247162,16.918738965952087,1.8756408655455543,0.0,34178.4,0,urban,S3_DN3_est_intors,0.702,1.6558,1.8524,4.4286,0.4133,1.0906
DIESEL_Constanta-DN3-Murfatlar-retur,09-10,2026-09-11 09:46:35,1933,49.0,1418.2064846416372,20.38907849829347,23.41211604095633,89.0,32.0,21.0,39.45836177474404,17.274522184300306,1.6313843483213752,0.0,34192.0,0,urban,S3_DN3_est_intors,0.2366,1.6561,0.6244,4.4434,0.4133,1.0906
DIESEL_Constanta-DN3-Murfatlar-retur,09-10,2026-09-11 09:46:36,1934,49.0,1412.178528347407,19.82080820265377,29.07611580217113,88.79493365500599,32.0,21.0,39.5179734620024,16.82030156815437,1.485289699778517,0.0,34205.6,0,urban,S3_DN3_est_intors,0.4788,1.6565,1.2635,4.3196,0.4133,1.0906
DIESEL_Constanta-DN3-Murfatlar-retur,09-10,2026-09-11 09:46:37,1935,49.0,1420.258025682184,19.25979133226325,24.983723916533165,88.27367576243975,32.0,21.0,39.28210272873193,16.24,1.630688436215076,-0.0212,34219.3,0,urban,S3_DN3_est_intors,0.3095,1.6569,0.8166,4.1973,0.3677,0.9703
DIESEL_Constanta-DN3-Murfatlar-retur,09-10,2026-09-11 09:46:38,1936,48.84702093397743,1408.6557971014493,18.957729468599016,21.44914653784217,88.84702093397743,32.0,21.0,39.42351046698872,16.12985507246375,1.996755500070004,-0.481,34232.8,0,urban,S3_DN3_est_intors,0.1262,1.657,0.3329,4.1315,0.0694,0.1832
DIESEL_Constanta-DN3-Murfatlar-retur,09-10,2026-09-11 09:46:39,1937,45.536748329621695,1329.2455456570256,18.82100222717141,16.778975501114097,88.35189309576833,32.0,21.0,39.422271714922,15.263118040089118,2.2684516849048126,-1.2868,34245.5,0,urban,S3_DN3_est_intors,0.0818,1.6571,0.2158,4.1017,0.0694,0.1832
DIESEL_Constanta-DN3-Murfatlar-retur,09-10,2026-09-11 09:46:40,1938,39.58213716108495,1218.655103668252,20.53448165869203,10.046012759170466,89.0,31.79744816586928,21.0,40.13923444976079,14.73125996810209,3.2729250475979565,-1.9425,34256.5,0,urban,S3_DN3_est_intors,0.0,1.6571,0.0,4.4751,0.0694,0.1832
DIESEL_Constanta-DN3-Murfatlar-retur,09-10,2026-09-11 09:46:41,1939,31.55073477956628,1452.6677746675932,24.46342897130849,12.55,89.0,31.0,21.0,39.44513645906231,14.398530440867749,2.0981653742957995,-1.8221,34265.2,0,urban,S3_DN3_est_intors,0.0,1.6571,0.0,5.3313,0.0694,0.1832
DIESEL_Constanta-DN3-Murfatlar-retur,09-10,2026-09-11 09:46:42,1940,26.46328293736563,1621.1395788337293,27.41651187905035,12.55,89.0,31.0,21.0,38.6,14.221501079913594,1.830554293279537,-1.7606,34272.6,0,urban,S3_DN3_est_intors,0.0,1.6571,0.0,5.9749,0.0694,0.1832
DIESEL_Constanta-DN3-Murfatlar-retur,09-10,2026-09-11 09:46:43,1941,18.87451487710221,1292.3635187580849,21.34666235446312,12.55,89.0,31.0,21.0,38.95640362225097,14.414398447606724,1.852714482952412,-1.9227,34277.8,0,urban,S3_DN3_est_intors,0.0,1.6571,0.0,4.6521,0.0694,0.1832
DIESEL_Constanta-DN3-Murfatlar-retur,09-10,2026-09-11 09:46:44,1942,12.620178041542951,1381.580118694356,22.084599406528003,15.254451038575816,89.0,31.0,21.0,40.16884272997031,14.73002967359051,2.188361820569649,-1.3835,34281.3,0,urban,S3_DN3_est_intors,0.0348,1.6571,0.0919,4.8129,0.0694,0.1832
DIESEL_Constanta-DN3-Murfatlar-retur,09-10,2026-09-11 09:46:45,1943,8.913565426170859,1091.892557022821,13.120612244898092,22.383997599039464,89.0,30.971188475390285,21.0,39.27118847539028,14.948355342136816,2.698351581792975,-0.9925,34283.8,0,urban,S3_DN3_est_intors,0.1262,1.6572,0.3329,2.8594,0.0694,0.1832
DIESEL_Constanta-DN3-Murfatlar-retur,09-10,2026-09-11 09:46:46,1944,5.47431192660538,993.3986238532084,12.0616605504587,23.6666788990826,89.0,30.0,21.0,38.45770642201838,15.216857798165137,2.76110514416145,-0.8505,34285.3,0,urban,S3_DN3_est_intors,0.1262,1.6573,0.3329,2.6286,0.0694,0.1832
DIESEL_Constanta-DN3-Murfatlar-retur,09-10,2026-09-11 09:46:47,1945,2.789802289281766,935.7226847034252,11.699011446409944,24.02202913631601,89.0,30.0,21.0,39.3786680541105,15.147117585848068,2.4249943679581563,-0.6506,34286.1,0,urban,S3_DN3_est_intors,0.1262,1.6575,0.3329,2.5496,0.0694,0.1832
DIESEL_Constanta-DN3-Murfatlar-retur,09-10,2026-09-11 09:46:48,1946,0.7897897897896924,868.133633633633,11.303753753753732,21.57,89.0,30.0,21.0,40.66876876876866,15.050570570570557,3.696493925260858,-0.3875,34286.3,1,urban,S3_DN3_est_intors,0.1262,1.6576,0.3329,2.4634,0.1528,0.4031
DIESEL_Constanta-DN3-Murfatlar-retur,09-10,2026-09-11 09:46:49,1947,0.0,865.9603232916971,11.12651726671565,21.57,88.65172667156504,30.0,21.0,39.41689933872155,14.887759000734755,3.956802645411568,-0.1097,34286.3,1,urban,S3_DN3_est_intors,0.1262,1.6577,0.3329,2.4248,0.1528,0.4031
DIESEL_Constanta-DN3-Murfatlar-retur,09-10,2026-09-11 09:46:50,1948,0.0,872.721621621622,11.13832432432433,21.57,88.0,29.89819819819816,21.0,38.68981981981982,14.79,3.990310046889959,0.0,34286.3,1,urban,S3_DN3_est_intors,0.1262,1.6579,0.3329,2.4274,0.1528,0.4031
DIESEL_Constanta-DN3-Murfatlar-retur,09-10,2026-09-11 09:46:51,1949,0.0,883.4080188679267,11.298641509433995,21.56889622641512,88.0,29.0,21.0,38.60084905660376,14.79,3.684973496270269,0.0,34286.3,1,urban,S3_DN3_est_intors,0.1262,1.658,0.3329,2.4623,0.1528,0.4031
DIESEL_Constanta-DN3-Murfatlar-retur,09-10,2026-09-11 09:46:52,1950,0.0,852.7476415094345,10.845811320754724,21.20097169811321,88.0,29.0,21.0,38.883867924528296,14.79,4.110463273763125,0.0896,34286.3,1,urban,S3_DN3_est_intors,0.1262,1.6581,0.3329,2.3636,0.1528,0.4031
DIESEL_Constanta-DN3-Murfatlar-retur,09-10,2026-09-11 09:46:53,1951,0.6450437317783857,845.022959183673,10.726756559766756,21.18,89.0,29.0,21.0,39.577478134110805,14.79,4.162830307426377,0.0,34286.5,1,urban,S3_DN3_est_intors,0.1262,1.6582,0.3329,2.3377,0.1558,0.4112
DIESEL_Constanta-DN3-Murfatlar-retur,09-10,2026-09-11 09:46:54,1952,0.0,836.2054157549233,10.601061269146609,21.12967177242888,89.0,29.0,21.0,39.93774617067834,14.79,4.1124462435580345,-0.0896,34286.5,1,urban,S3_DN3_est_intors,0.1262,1.6584,0.3329,2.3103,0.1528,0.4031
DIESEL_Constanta-DN3-Murfatlar-retur,09-10,2026-09-11 09:46:55,1953,0.0,828.6703539823012,10.496843657817116,20.78,89.0,29.0,21.0,39.8442477876106,14.79,4.724744554653212,0.0,34286.5,1,urban,S3_DN3_est_intors,0.1262,1.6585,0.3329,2.2876,0.1528,0.4031
DIESEL_Constanta-DN3-Murfatlar-retur,09-10,2026-09-11 09:46:56,1954,0.0,849.9873626373641,10.805076923076946,20.70114285714288,89.0,29.0,21.0,38.66285714285708,14.79,4.627247501813029,0.0,34286.5,1,urban,S3_DN3_est_intors,0.1262,1.6586,0.3329,2.3548,0.1528,0.4031
DIESEL_Constanta-DN3-Murfatlar-retur,09-10,2026-09-11 09:46:57,1955,0.0,827.1354515050168,10.47,20.39,89.0,29.0,21.0,39.63127090301006,14.79,4.836650334799857,0.0,34286.5,1,urban,S3_DN3_est_intors,0.1262,1.6587,0.3329,2.2817,0.1528,0.4031
DIESEL_Constanta-DN3-Murfatlar-retur,09-10,2026-09-11 09:46:58,1956,0.0,827.351321585903,10.478590308370045,20.35649779735684,89.0,29.0,21.0,39.61475770925105,14.79,4.172068269393688,0.0,34286.5,1,urban,S3_DN3_est_intors,0.1262,1.6589,0.3329,2.2836,0.1528,0.4031
DIESEL_Constanta-DN3-Murfatlar-retur,09-10,2026-09-11 09:46:59,1957,0.0,836.0225140712955,10.605084427767368,20.0,89.0,29.0,21.0,41.6767354596622,14.79,3.794762082135662,0.0,34286.5,1,urban,S3_DN3_est_intors,0.1262,1.659,0.3329,2.3112,0.1528,0.4031
DIESEL_Constanta-DN3-Murfatlar-retur,09-10,2026-09-11 09:47:00,1958,0.0,847.0405904059037,10.776568265682652,19.962583025830245,89.0,29.0,21.0,40.3464944649446,14.79,3.7806857636284814,0.0,34286.5,1,urban,S3_DN3_est_intors,0.1262,1.6591,0.3329,2.3485,0.1528,0.4031
DIESEL_Constanta-DN3-Murfatlar-retur,09-10,2026-09-11 09:47:01,1959,0.0,838.5318091451287,10.6579522862823,19.61,89.0,29.0,21.0,38.90994035785287,14.79,4.398043818725746,0.0,34286.5,1,urban,S3_DN3_est_intors,0.1262,1.6592,0.3329,2.3227,0.1528,0.4031
DIESEL_Constanta-DN3-Murfatlar-retur,09-10,2026-09-11 09:47:02,1960,0.0,864.4390660592278,11.045375854214155,19.60378132118456,89.0,29.0,21.0,39.4031890660592,14.79,4.13932309976616,0.0,34286.5,1,urban,S3_DN3_est_intors,0.1262,1.6594,0.3329,2.4071,0.1528,0.4031
DIESEL_Constanta-DN3-Murfatlar-retur,09-10,2026-09-11 09:47:03,1961,0.0,848.4861445783127,10.807518072289149,19.22,89.0,29.0,21.0,39.55084337349398,14.79,3.93087995102644,0.0,34286.5,1,urban,S3_DN3_est_intors,0.1262,1.6595,0.3329,2.3553,0.1528,0.4031
DIESEL_Constanta-DN3-Murfatlar-retur,09-10,2026-09-11 09:47:04,1962,0.0,864.6691891891892,11.043383783783783,19.08767567567565,89.0,29.0,21.0,39.531567567567606,14.79,4.36932773217122,0.0,34286.5,1,urban,S3_DN3_est_intors,0.1262,1.6596,0.3329,2.4067,0.1528,0.4031
DIESEL_Constanta-DN3-Murfatlar-retur,09-10,2026-09-11 09:47:05,1963,0.0,867.8242296918771,11.086918767507008,18.82,88.6442577030812,29.0,21.0,39.53753501400556,14.79,5.251630166959964,0.0,34286.5,1,urban,S3_DN3_est_intors,0.1262,1.6597,0.3329,2.4162,0.1528,0.4031
DIESEL_Constanta-DN3-Murfatlar-retur,09-10,2026-09-11 09:47:06,1964,0.0,874.678964252979,11.187158570119156,18.82,88.2841429880843,29.0,21.0,39.012557286892736,14.79,4.62547346588609,0.0,34286.5,1,urban,S3_DN3_est_intors,0.1262,1.6599,0.3329,2.438,0.1528,0.4031
DIESEL_Constanta-DN3-Murfatlar-retur,09-10,2026-09-11 09:47:07,1965,0.0,875.1789740698987,11.189875986471254,18.72370913190527,88.75310033821864,29.0,21.0,39.72593010146559,14.79,3.8945716100985193,0.0,34286.5,1,urban,S3_DN3_est_intors,0.1262,1.66,0.3329,2.4386,0.1528,0.4031
DIESEL_Constanta-DN3-Murfatlar-retur,09-10,2026-09-11 09:47:08,1966,0.0,874.2755972696236,11.174675767918076,18.43,88.28327645051203,29.0,21.0,39.783276450512034,14.79,4.587143820857942,0.0201,34286.5,1,urban,S3_DN3_est_intors,0.1262,1.6601,0.3329,2.4353,0.1528,0.4031
DIESEL_Constanta-DN3-Murfatlar-retur,09-10,2026-09-11 09:47:09,1967,0.1447963800905694,866.1708144796377,11.051312217194566,18.43,89.0,29.0,21.0,40.22488687782792,14.79,4.072561998457356,0.13,34286.5,1,urban,S3_DN3_est_intors,0.1262,1.6602,0.3329,2.4084,0.1543,0.4071
DIESEL_Constanta-DN3-Murfatlar-retur,09-10,2026-09-11 09:47:10,1968,0.9357476635513272,862.3966121495323,10.994859813084108,18.43,89.0,29.0,21.0,38.6192757009346,14.79,3.9709057346570087,-0.0201,34286.8,1,urban,S3_DN3_est_intors,0.1262,1.6604,0.3329,2.3961,0.1564,0.4126
DIESEL_Constanta-DN3-Murfatlar-retur,09-10,2026-09-11 09:47:11,1969,0.0,859.1369102682705,10.947613320999082,18.43,88.81591119333946,29.0,21.0,39.19454209065687,14.79,4.274689729821298,-0.13,34286.8,1,urban,S3_DN3_est_intors,0.1262,1.6605,0.3329,2.3858,0.1528,0.4031
DIESEL_Constanta-DN3-Murfatlar-retur,09-10,2026-09-11 09:47:12,1970,0.0,865.8387372013661,11.045836177474415,18.43,88.1006825938566,29.0,21.0,40.31877133105812,14.79,4.302219969165161,0.0,34286.8,1,urban,S3_DN3_est_intors,0.1262,1.6606,0.3329,2.4072,0.1528,0.4031
DIESEL_Constanta-DN3-Murfatlar-retur,09-10,2026-09-11 09:47:13,1971,0.0,851.7602389078511,10.841058020477831,18.43,88.9539249146757,29.0,21.0,38.78293515358375,14.79,3.9629078899400594,0.0,34286.8,1,urban,S3_DN3_est_intors,0.1262,1.6608,0.3329,2.3626,0.1528,0.4031
DIESEL_Constanta-DN3-Murfatlar-retur,09-10,2026-09-11 09:47:14,1972,0.0,831.7510787486516,10.54002157497303,18.82,89.0,29.0,21.0,39.00032362459546,14.79,4.667566560342623,0.0,34286.8,1,urban,S3_DN3_est_intors,0.1262,1.6609,0.3329,2.297,0.1528,0.4031
DIESEL_Constanta-DN3-Murfatlar-retur,09-10,2026-09-11 09:47:15,1973,0.0,833.084218916047,10.564718384697136,18.82,89.0,29.0,21.0,39.3,14.79,3.840397034399072,0.0,34286.8,1,urban,S3_DN3_est_intors,0.1262,1.661,0.3329,2.3024,0.1528,0.4031
DIESEL_Constanta-DN3-Murfatlar-retur,09-10,2026-09-11 09:47:16,1974,0.0,837.311011904762,10.622261904761904,18.865238095238112,88.88690476190472,29.0,21.0,39.32261904761905,14.79,4.346432855984334,0.0,34286.8,1,urban,S3_DN3_est_intors,0.1262,1.6611,0.3329,2.3149,0.1528,0.4031
DIESEL_Constanta-DN3-Murfatlar-retur,09-10,2026-09-11 09:47:17,1975,0.0,839.6494472789118,10.639268707482996,19.2053741496599,88.03656462585025,29.0,21.0,39.49268707482995,14.79,3.76744150550638,0.0972,34286.8,1,urban,S3_DN3_est_intors,0.1262,1.6613,0.3329,2.3186,0.1528,0.4031
DIESEL_Constanta-DN3-Murfatlar-retur,09-10,2026-09-11 09:47:18,1976,0.7000753579503305,827.7240015071582,10.456985681989435,19.33697061039937,88.29992464204967,30.0,21.0,38.75003767897516,14.79,4.0383935620563545,0.0129,34287.0,1,urban,S3_DN3_est_intors,0.1262,1.6614,0.3329,2.2789,0.1565,0.4129
DIESEL_Constanta-DN3-Murfatlar-retur,09-10,2026-09-11 09:47:19,1977,0.0929319371726732,837.6737565445019,10.59836387434554,19.61,89.0,30.092931937172672,21.0,38.55798429319354,14.79,4.646863494807104,-0.0108,34287.0,1,urban,S3_DN3_est_intors,0.1262,1.6615,0.3329,2.3097,0.1532,0.4042
DIESEL_Constanta-DN3-Murfatlar-retur,09-10,2026-09-11 09:47:20,1978,0.6223862238622657,847.3653136531364,10.668671586715869,19.75726937269372,89.0,31.188806888068868,21.0,40.06223862238623,14.79,3.9648847429344425,-0.0129,34287.2,1,urban,S3_DN3_est_intors,0.1262,1.6616,0.3329,2.325,0.1554,0.41
DIESEL_Constanta-DN3-Murfatlar-retur,09-10,2026-09-11 09:47:21,1979,0.0,849.2043539325848,10.639592696629212,20.0,89.0,31.673455056179748,21.0,39.37556179775291,14.79,3.9327963582273977,-0.0864,34287.2,1,urban,S3_DN3_est_intors,0.1262,1.6618,0.3329,2.3187,0.1528,0.4031
DIESEL_Constanta-DN3-Murfatlar-retur,09-10,2026-09-11 09:47:22,1980,0.0,844.2798092209847,10.635580286168508,20.04340222575513,89.0,32.1112877583465,21.0,38.2667726550079,14.79,4.160125791888696,0.0,34287.2,1,urban,S3_DN3_est_intors,0.1262,1.6619,0.3329,2.3178,0.1528,0.4031
DIESEL_Constanta-DN3-Murfatlar-retur,09-10,2026-09-11 09:47:23,1981,0.0,860.3557692307692,10.832692307692303,20.39,89.0,33.0,21.0,39.0826923076923,14.79,3.822637032611368,0.0,34287.2,1,urban,S3_DN3_est_intors,0.1262,1.662,0.3329,2.3608,0.1528,0.4031
DIESEL_Constanta-DN3-Murfatlar-retur,09-10,2026-09-11 09:47:24,1982,0.0,866.3791182170546,10.896036821705431,20.521889534883705,89.0,33.3381782945736,21.0,39.567635658914725,14.79,3.952859158443505,0.0,34287.2,1,urban,S3_DN3_est_intors,0.1262,1.6621,0.3329,2.3746,0.1528,0.4031
DIESEL_Constanta-DN3-Murfatlar-retur,09-10,2026-09-11 09:47:25,1983,0.0,867.0565619967797,10.889122383252822,20.78,89.0,34.25523349436394,21.0,40.006280193236734,14.79,3.78415539110795,0.0,34287.2,1,urban,S3_DN3_est_intors,0.1262,1.6623,0.3329,2.3731,0.1528,0.4031
DIESEL_Constanta-DN3-Murfatlar-retur,09-10,2026-09-11 09:47:26,1984,0.0,882.4681372549012,11.1432843137255,20.82901960784316,89.0,35.0,21.0,40.71617647058815,14.843921568627476,4.201139387077488,0.2393,34287.2,1,urban,S3_DN3_est_intors,0.1262,1.6624,0.3329,2.4285,0.1528,0.4031
DIESEL_Constanta-DN3-Murfatlar-retur,09-10,2026-09-11 09:47:27,1985,1.722790697674217,911.985581395344,11.645944186046473,27.597395348836457,89.0,35.43069767441855,21.0,39.05544186046516,15.604706976744144,3.6462568223456926,0.7723,34287.7,0,urban,S3_DN3_est_intors,0.2077,1.6626,0.548,2.538,0.136,0.3589
DIESEL_Constanta-DN3-Murfatlar-retur,09-10,2026-09-11 09:47:28,1986,5.560740144810697,1003.113837489938,12.932799678197776,38.28376508447271,89.0,36.0,21.0,39.068222043443214,16.462091713596084,2.6315125159132164,1.0991,34289.2,0,urban,S3_DN3_est_intors,0.3942,1.663,1.0402,2.8185,0.3642,0.9609
DIESEL_Constanta-DN3-Murfatlar-retur,09-10,2026-09-11 09:47:29,1987,9.635964912280691,1132.1710526315785,15.701973684210513,42.4417105263158,89.0,36.0,21.0,39.82017543859649,17.407543859649124,2.67213335640974,1.1755,34291.9,0,urban,S3_DN3_est_intors,0.616,1.6636,1.6253,3.4219,0.6131,1.6176
DIESEL_Constanta-DN3-Murfatlar-retur,09-10,2026-09-11 09:47:30,1988,14.024582104228656,1451.3856932153913,22.006656833826,37.6345624385444,89.0,36.00491642084573,21.0,37.91179941002975,18.422851524090525,1.5683393207258811,1.2924,34295.8,0,urban,S3_DN3_est_intors,0.9479,1.6646,2.5011,4.7959,0.934,2.4644
DIESEL_Constanta-DN3-Murfatlar-retur,09-10,2026-09-11 09:47:31,1989,18.941002949852788,1928.524336283213,31.33802359882059,34.54705014749245,89.0,36.98820058997056,21.0,40.271681415929336,18.993156342182925,1.4771209270227237,1.5338,34301.1,0,urban,S3_DN3_est_intors,1.2581,1.6658,3.3196,6.8295,1.4406,3.8013
DIESEL_Constanta-DN3-Murfatlar-retur,09-10,2026-09-11 09:47:32,1990,25.06816059757245,2148.640522875804,37.1146872082164,39.05168067226911,88.0,37.0,21.0,40.058169934640574,20.17195144724558,1.9025279767357768,1.4133,34308.0,0,urban,S3_DN3_est_intors,1.6555,1.6675,4.3683,8.0884,1.758,4.6388
DIESEL_Constanta-DN3-Murfatlar-retur,09-10,2026-09-11 09:47:33,1991,29.11711711711724,1809.6869369369456,31.89972972972993,45.38108108108107,88.27927927927931,37.0,21.0,41.16936936936931,20.761981981982,1.9277257682856488,1.0094,34316.1,0,urban,S3_DN3_est_intors,1.8546,1.6693,4.8936,6.9519,1.5207,4.0126
DIESEL_Constanta-DN3-Murfatlar-retur,09-10,2026-09-11 09:47:34,1992,32.33557046979835,2031.4244966442784,37.022348993288176,45.12617449664428,88.93288590604033,37.06711409395967,21.0,39.75302013422823,21.228322147650964,2.841459689583134,1.3019,34325.1,0,urban,S3_DN3_est_intors,2.0989,1.6714,5.5382,8.0683,2.1023,5.5472
DIESEL_Constanta-DN3-Murfatlar-retur,09-10,2026-09-11 09:47:35,1993,38.49093351242428,2379.561450638002,45.445016789791566,45.6062928139691,88.0,38.0,21.0,39.27891202149092,22.117676292813943,1.6150723440927168,1.3213,34335.8,0,urban,S3_DN3_est_intors,2.4284,1.6739,6.4076,9.9039,2.538,6.6968
DIESEL_Constanta-DN3-Murfatlar-retur,09-10,2026-09-11 09:47:36,1994,41.84889187374053,2579.024177300187,50.25361316319643,45.868213566151766,88.0,38.0,21.0,39.68186702484886,22.607938213566115,1.6677747880225038,1.0808,34347.4,0,urban,S3_DN3_est_intors,2.6403,1.6765,6.9666,10.9518,2.3224,6.1278
DIESEL_Constanta-DN3-Murfatlar-retur,09-10,2026-09-11 09:47:37,1995,46.272727272727344,1891.500000000002,48.73636363636331,57.934545454545,89.0,38.0,21.0,38.6181818181818,22.42727272727271,2.34109425133854,1.0666,34360.3,0,urban,S3_DN3_est_intors,2.6268,1.6791,6.9312,10.6212,2.5488,6.7254
DIESEL_Constanta-DN3-Murfatlar-retur,09-10,2026-09-11 09:47:38,1996,49.52863436123356,1833.416299559452,33.67092511013172,41.28308370044054,89.0,38.0,21.0,37.82643171806168,21.670044052863403,2.8987211631030743,0.6566,34374.0,0,urban,S3_DN3_est_intors,1.5831,1.6807,4.1771,7.3379,1.8468,4.8728
DIESEL_Constanta-DN3-Murfatlar-retur,09-10,2026-09-11 09:47:39,1997,51.0,1466.2255924170624,24.469004739336288,39.348274881516005,89.0,38.0,21.0,38.56085308056889,20.343971563980865,1.713754122366687,0.2044,34388.2,0,urban,S3_DN3_est_intors,0.9931,1.6817,2.6204,5.3326,0.8946,2.3604
DIESEL_Constanta-DN3-Murfatlar-retur,09-10,2026-09-11 09:47:40,1998,51.0,1479.0990615224198,22.616694473409787,31.113211678831792,89.0,38.0,21.0,39.913347236704894,18.59870698644419,2.2435901253905044,0.0,34402.3,0,urban,S3_DN3_est_intors,0.6379,1.6823,1.6833,4.9289,0.4371,1.1532
DIESEL_Constanta-DN3-Murfatlar-retur,09-10,2026-09-11 09:47:41,1999,51.0,1490.483258928571,22.016093750000003,25.809330357142844,88.64508928571429,38.0,21.0,39.9484375,17.877075892857142,2.51503546802432,0.0445,34416.5,0,urban,S3_DN3_est_intors,0.3684,1.6827,0.9721,4.798,0.5367,1.416
DIESEL_Constanta-DN3-Murfatlar-retur,09-10,2026-09-11 09:47:42,2000,51.32018209408197,1494.6855083459795,21.546312594840657,32.25050075872541,88.32018209408197,38.0,21.0,39.95174506828525,17.459468892260986,2.4292484645901533,0.121,34430.8,0,urban,S3_DN3_est_intors,0.7344,1.6834,1.9378,4.6956,0.7135,1.8826
DIESEL_Constanta-DN3-Murfatlar-retur,09-10,2026-09-11 09:47:43,2001,51.871287128712815,1512.2252475247512,21.30495049504954,32.40297029702899,89.0,38.0,21.0,39.07722772277231,17.081980198019846,2.5317925909322283,-0.0047,34445.2,0,urban,S3_DN3_est_intors,0.7308,1.6842,1.9284,4.643,0.4371,1.1532
DIESEL_Constanta-DN3-Murfatlar-retur,09-10,2026-09-11 09:47:44,2002,51.28654404646662,1497.5525169409489,21.948770571151982,25.613998063891778,89.0,38.0,21.0,39.82923523717329,17.797018393030008,1.9083445825789405,0.0179,34459.4,0,urban,S3_DN3_est_intors,0.3793,1.6846,1.0008,4.7833,0.4808,1.2687
DIESEL_Constanta-DN3-Murfatlar-retur,09-10,2026-09-11 09:47:45,2003,52.0,1509.9989130434783,21.861573913043525,35.76554782608731,89.0,37.77130434782613,21.0,40.28565217391306,17.491034782608732,1.7261788075377305,0.0991,34473.9,0,urban,S3_DN3_est_intors,0.9084,1.6855,2.397,4.7643,0.6755,1.7824
DIESEL_Constanta-DN3-Murfatlar-retur,09-10,2026-09-11 09:47:46,2004,52.0,1503.4344682835822,21.09646455223885,28.50030783582054,89.0,37.0,21.0,39.8578358208955,16.911707089552277,2.6380295230137034,0.0,34488.3,0,urban,S3_DN3_est_intors,0.5213,1.686,1.3754,4.5976,0.4494,1.1857
DIESEL_Constanta-DN3-Murfatlar-retur,09-10,2026-09-11 09:47:47,2005,52.0,1505.9679595278235,21.93362563237782,21.64770657672745,89.0,37.0,21.0,39.403204047217656,17.620168634064168,2.785348319341942,0.0,34502.8,0,urban,S3_DN3_est_intors,0.1742,1.6862,0.4595,4.78,0.4494,1.1857
DIESEL_Constanta-DN3-Murfatlar-retur,09-10,2026-09-11 09:47:48,2006,52.0,1512.640117994099,20.72283185840701,29.183687315633343,89.0,36.66961651917397,21.0,38.66165191740425,16.488377581120904,1.8216472323774435,-0.0122,34517.2,0,urban,S3_DN3_est_intors,0.5909,1.6867,1.5591,4.5161,0.4215,1.1122
DIESEL_Constanta-DN3-Murfatlar-retur,09-10,2026-09-11 09:47:49,2007,51.91229742612004,1498.0178741658708,20.105433746425188,20.78,89.0,35.91229742612004,21.0,39.71229742612004,16.137712106768387,2.088497918234897,-0.1389,34531.6,0,urban,S3_DN3_est_intors,0.1262,1.6869,0.3329,4.3816,0.1318,0.3478
DIESEL_Constanta-DN3-Murfatlar-retur,09-10,2026-09-11 09:47:50,2008,51.0,1480.6071080817903,20.341528724440185,21.07559883154752,89.0,35.0,21.0,38.87536514118775,16.4998539435249,1.66275759621794,-0.1267,34545.8,0,urban,S3_DN3_est_intors,0.142,1.687,0.3748,4.4331,0.1535,0.4049
DIESEL_Constanta-DN3-Murfatlar-retur,09-10,2026-09-11 09:47:51,2009,51.0,1493.884164222871,19.692815249266875,27.67436950146549,89.0,34.988269794721354,21.0,40.55307917888541,15.81504398826982,2.117503866750956,0.0,34560.0,0,urban,S3_DN3_est_intors,0.4958,1.6875,1.3083,4.2917,0.4371,1.1532
DIESEL_Constanta-DN3-Murfatlar-retur,09-10,2026-09-11 09:47:52,2010,51.0,1469.726787030214,19.839535740604283,20.974443625644845,89.0,34.376934414148835,21.0,38.96919675755351,16.077918201916,2.708518531809517,0.0,34574.1,0,urban,S3_DN3_est_intors,0.1262,1.6876,0.3329,4.3237,0.4371,1.1532
DIESEL_Constanta-DN3-Murfatlar-retur,09-10,2026-09-11 09:47:53,2011,51.0,1474.1483050847462,19.927966101694924,21.556610169491577,89.0,34.008474576271155,21.0,40.07457627118654,16.236355932203402,1.761031737898781,0.0,34588.3,0,urban,S3_DN3_est_intors,0.1262,1.6878,0.3329,4.3429,0.4371,1.1532
DIESEL_Constanta-DN3-Murfatlar-retur,09-10,2026-09-11 09:47:54,2012,51.0,1482.018248175182,20.40795620437952,27.436715328466903,88.27007299270068,34.0,21.0,39.48394160583946,16.506131386861288,1.670009680657242,0.0,34602.5,0,urban,S3_DN3_est_intors,0.4927,1.6883,1.3002,4.4475,0.4371,1.1532
DIESEL_Constanta-DN3-Murfatlar-retur,09-10,2026-09-11 09:47:55,2013,51.0,1483.6515363128492,20.93159217877095,30.041815642458108,88.65083798882682,34.0,21.0,39.03966480446927,16.872374301675976,1.749757870457148,0.0112,34616.6,0,urban,S3_DN3_est_intors,0.6089,1.6889,1.6066,4.5616,0.4621,1.2194
DIESEL_Constanta-DN3-Murfatlar-retur,09-10,2026-09-11 09:47:56,2014,51.08076009501187,1472.4875296912114,20.839809976247032,28.545130641330207,88.08076009501187,34.0,21.0,39.21923990498813,16.95788598574822,2.256506823060626,0.1073,34630.8,0,urban,S3_DN3_est_intors,0.5423,1.6894,1.431,4.5416,0.6786,1.7905
DIESEL_Constanta-DN3-Murfatlar-retur,09-10,2026-09-11 09:47:57,2015,51.77286432160796,1469.159296482412,20.51914572864318,23.3171658291458,89.0,34.0,21.0,38.48170854271363,16.75413065326631,1.9585288087660224,-0.0112,34645.2,0,urban,S3_DN3_est_intors,0.2524,1.6897,0.6659,4.4718,0.4211,1.1111
DIESEL_Constanta-DN3-Murfatlar-retur,09-10,2026-09-11 09:47:58,2016,51.0,1463.7685758513935,20.193312693498456,24.201300309597503,89.0,34.0,21.0,39.05232198142415,16.565758513931886,1.8810758304051365,-0.1073,34659.4,0,urban,S3_DN3_est_intors,0.2674,1.6899,0.7056,4.4007,0.1969,0.5195
DIESEL_Constanta-DN3-Murfatlar-retur,09-10,2026-09-11 09:47:59,2017,51.0,1459.3977623456767,20.30577160493823,26.44638888888855,89.0,34.0,21.0,38.87978395061729,16.708302469135795,1.7431848140862527,0.0,34673.5,0,urban,S3_DN3_est_intors,0.392,1.6903,1.0343,4.4253,0.4371,1.1532
DIESEL_Constanta-DN3-Murfatlar-retur,09-10,2026-09-11 09:48:00,2018,51.0,1494.3128858024654,20.938487654320923,31.585277777777243,89.0,34.0,21.0,38.80262345679013,16.816327160493817,2.5545556456384,0.0,34687.7,0,urban,S3_DN3_est_intors,0.6841,1.691,1.805,4.5631,0.4371,1.1532
DIESEL_Constanta-DN3-Murfatlar-retur,09-10,2026-09-11 09:48:01,2019,51.0,1482.9064417177908,20.772331288343548,24.40141104294437,88.01226993865025,34.0,21.0,40.47914110429457,16.82,3.133456162544794,0.0314,34701.9,0,urban,S3_DN3_est_intors,0.3201,1.6913,0.8446,4.5269,0.5073,1.3387
DIESEL_Constanta-DN3-Murfatlar-retur,09-10,2026-09-11 09:48:02,2020,51.22609819121445,1474.7852067183453,21.08739018087856,26.1380232558137,88.77390180878555,34.0,21.0,40.65478036175711,17.128863049095624,2.5906589184861084,0.0954,34716.1,0,urban,S3_DN3_est_intors,0.3807,1.6917,1.0046,4.5956,0.6543,1.7264
DIESEL_Constanta-DN3-Murfatlar-retur,09-10,2026-09-11 09:48:03,2021,51.68720748829952,1494.929017160686,20.97872074882996,30.1704212168485,88.31279251170048,34.0,21.0,40.437441497659904,16.77070982839314,1.7570526304420395,-0.0314,34730.4,0,urban,S3_DN3_est_intors,0.6228,1.6923,1.6434,4.5719,0.3742,0.9875
DIESEL_Constanta-DN3-Murfatlar-retur,09-10,2026-09-11 09:48:04,2022,51.0,1478.3100961538446,20.983557692307656,23.50403846153789,89.0,34.0,21.0,40.13653846153854,16.992884615384604,1.7254145198419322,-0.0556,34744.6,0,urban,S3_DN3_est_intors,0.2511,1.6926,0.6627,4.573,0.3126,0.8248
DIESEL_Constanta-DN3-Murfatlar-retur,09-10,2026-09-11 09:48:05,2023,51.28707782672544,1491.5897577092503,21.1332085168869,28.284654919236264,89.0,34.0,21.0,39.93157121879597,16.986556534508058,1.8933044838882025,0.1346,34758.9,0,urban,S3_DN3_est_intors,0.5135,1.6931,1.3549,4.6056,0.7435,1.9619
DIESEL_Constanta-DN3-Murfatlar-retur,09-10,2026-09-11 09:48:06,2024,51.96898395721925,1483.197860962567,20.59109090909091,25.477903743315508,89.0,34.0,21.0,41.44106951871658,16.684342245989303,1.7469942915937935,-0.0399,34773.3,0,urban,S3_DN3_est_intors,0.3785,1.6935,0.9988,4.4874,0.358,0.9445
DIESEL_Constanta-DN3-Murfatlar-retur,09-10,2026-09-11 09:48:07,2025,51.0,1504.720238095238,21.18061904761902,25.23092857142862,89.0,34.0,21.0,39.53285714285712,16.771880952380936,2.4489311845938047,-0.1346,34787.5,0,urban,S3_DN3_est_intors,0.3856,1.6939,1.0174,4.6159,0.1358,0.3583
DIESEL_Constanta-DN3-Murfatlar-retur,09-10,2026-09-11 09:48:08,2026,51.0,1500.8349909584092,20.620813743218807,25.280180831826765,89.0,34.0,21.0,38.42585895117562,16.422151898734167,2.600960367215735,0.0,34801.6,0,urban,S3_DN3_est_intors,0.3837,1.6942,1.0124,4.4939,0.4371,1.1532
DIESEL_Constanta-DN3-Murfatlar-retur,09-10,2026-09-11 09:48:09,2027,51.0,1496.847888675623,20.64397312859882,22.572168905949777,88.85796545105573,34.0,21.0,36.84088291746623,16.55130518234164,2.826051909186375,0.0,34815.8,0,urban,S3_DN3_est_intors,0.2251,1.6945,0.594,4.499,0.4371,1.1532
DIESEL_Constanta-DN3-Murfatlar-retur,09-10,2026-09-11 09:48:10,2028,51.0,1506.458850931677,20.932142857142857,26.528416149068303,88.16459627329192,34.0,21.0,38.80124223602485,16.655310559006214,2.061676488176464,0.0,34830.0,0,urban,S3_DN3_est_intors,0.452,1.6949,1.1927,4.5618,0.4371,1.1532
DIESEL_Constanta-DN3-Murfatlar-retur,09-10,2026-09-11 09:48:11,2029,51.0,1498.377033307513,20.84378001549187,26.297614252517395,88.64213787761425,34.0,21.0,38.872579395817205,16.687459333849734,2.1679147303462654,0.0205,34844.1,0,urban,S3_DN3_est_intors,0.4144,1.6953,1.0935,4.5425,0.4829,1.2743
DIESEL_Constanta-DN3-Murfatlar-retur,09-10,2026-09-11 09:48:12,2030,51.14728682170546,1484.5077519379845,21.04914728682171,24.512403100775423,88.0,34.0,21.0,39.82635658914727,16.990620155038762,1.6731561771705816,0.1366,34858.3,0,urban,S3_DN3_est_intors,0.3081,1.6956,0.813,4.5873,0.7455,1.967
DIESEL_Constanta-DN3-Murfatlar-retur,09-10,2026-09-11 09:48:13,2031,51.98319327731094,1485.9117647058824,21.15512605042017,30.16033613445381,88.01680672268905,34.0,21.0,39.40504201680672,17.10512605042017,1.784566973855296,0.0294,34872.8,0,urban,S3_DN3_est_intors,0.6288,1.6963,1.6591,4.6104,0.5162,1.3621
DIESEL_Constanta-DN3-Murfatlar-retur,09-10,2026-09-11 09:48:14,2032,51.35868625756265,1488.0133967156437,20.90228176318064,26.85719965427833,89.0,34.0,21.0,38.80328435609337,16.76978392394123,2.377451529217624,-0.0736,34887.0,0,urban,S3_DN3_est_intors,0.4595,1.6967,1.2123,4.5553,0.2755,0.727
DIESEL_Constanta-DN3-Murfatlar-retur,09-10,2026-09-11 09:48:15,2033,51.45338983050837,1491.9809322033882,20.62110169491519,23.91932203389808,89.0,34.0,21.0,37.309322033898326,16.52148305084743,1.8803163941801715,-0.1887,34901.3,0,urban,S3_DN3_est_intors,0.3096,1.697,0.8168,4.494,0.0694,0.1832
DIESEL_Constanta-DN3-Murfatlar-retur,09-10,2026-09-11 09:48:16,2034,50.0,1462.464366091522,19.60457614403599,20.78,88.76444111027753,34.0,21.0,38.18889722430619,16.06466616654163,2.2431309162190325,-0.2019,34915.2,0,urban,S3_DN3_est_intors,0.1262,1.6972,0.3329,4.2724,0.0694,0.1832
DIESEL_Constanta-DN3-Murfatlar-retur,09-10,2026-09-11 09:48:17,2035,50.0,1444.834958739685,19.23698424606152,20.78,88.01425356339085,34.0,21.0,40.06436609152287,15.952138034508629,2.7304361495638174,0.0,34929.1,0,urban,S3_DN3_est_intors,0.1262,1.6973,0.3329,4.1923,0.425,1.1215
DIESEL_Constanta-DN3-Murfatlar-retur,09-10,2026-09-11 09:48:18,2036,50.0,1447.0599601593626,18.9227250996016,24.59456573705177,89.0,34.0,21.0,36.99482071713147,15.66,2.693394516910572,0.0,34943.0,0,urban,S3_DN3_est_intors,0.3015,1.6976,0.7956,4.1238,0.425,1.1215
DIESEL_Constanta-DN3-Murfatlar-retur,09-10,2026-09-11 09:48:19,2037,50.0,1450.4829401853417,19.13861836562757,20.8231339511373,89.0,34.0,21.0,36.45096882898055,15.785088458298173,3.2373609127765435,0.0,34956.9,0,urban,S3_DN3_est_intors,0.1262,1.6977,0.3329,4.1709,0.425,1.1215
DIESEL_Constanta-DN3-Murfatlar-retur,09-10,2026-09-11 09:48:20,2038,50.0,1440.5840353833191,20.065324347093537,21.16011794439765,89.0,34.0,21.0,37.63041280539178,16.762342038753186,2.49131754075903,0.0,34970.8,0,urban,S3_DN3_est_intors,0.1262,1.6978,0.3329,4.3729,0.425,1.1215
DIESEL_Constanta-DN3-Murfatlar-retur,09-10,2026-09-11 09:48:21,2039,50.0,1459.5944444444444,20.67461111111113,34.4162037037034,89.0,34.0,21.0,38.71796296296292,16.96866666666668,2.35325151453909,0.0366,34984.7,0,urban,S3_DN3_est_intors,0.769,1.6986,2.0291,4.5056,0.5054,1.3334
DIESEL_Constanta-DN3-Murfatlar-retur,09-10,2026-09-11 09:48:22,2040,50.26323639075319,1457.9084638329607,21.09105891126025,27.037829977628785,89.0,34.0,21.0,37.16308724832212,17.363146905294553,2.6500486764973927,0.1367,34998.6,0,urban,S3_DN3_est_intors,0.3985,1.699,1.0515,4.5964,0.7297,1.9255
DIESEL_Constanta-DN3-Murfatlar-retur,09-10,2026-09-11 09:48:23,2041,50.98393574297196,1463.262048192771,21.13489959839364,31.19987951807305,89.0,34.0,21.0,36.5401606425701,17.248273092369534,1.88652711725536,0.0093,35012.8,0,urban,S3_DN3_est_intors,0.6228,1.6996,1.6433,4.606,0.4577,1.2076
DIESEL_Constanta-DN3-Murfatlar-retur,09-10,2026-09-11 09:48:24,2042,50.330012453300206,1465.1550435865506,20.14069738480696,22.0769489414698,89.0,34.0,21.0,38.80199252801988,16.483798256537973,2.3651292612602632,-0.0421,35026.8,0,urban,S3_DN3_est_intors,0.1886,1.6998,0.4978,4.3893,0.336,0.8865
DIESEL_Constanta-DN3-Murfatlar-retur,09-10,2026-09-11 09:48:25,2043,50.6804979253112,1459.9118257261407,19.83066390041493,23.83136929460578,88.68049792531119,34.0,21.0,38.87925311203321,16.34207468879668,2.698699354618776,-0.0458,35040.9,0,urban,S3_DN3_est_intors,0.2751,1.7001,0.726,4.3217,0.3313,0.8742
DIESEL_Constanta-DN3-Murfatlar-retur,09-10,2026-09-11 09:48:26,2044,50.0,1443.9511605415871,19.47402321083174,22.166421663443906,88.03094777562877,34.0,21.0,39.79787234042505,16.24,2.863811468209086,-0.0945,35054.7,0,urban,S3_DN3_est_intors,0.199,1.7003,0.5252,4.244,0.2177,0.5744
DIESEL_Constanta-DN3-Murfatlar-retur,09-10,2026-09-11 09:48:27,2045,50.0,1448.2868383404862,19.582153075822603,25.970808297567658,89.0,34.0,21.0,37.95636623748227,16.24,2.082949251566419,-0.0164,35068.6,0,urban,S3_DN3_est_intors,0.3696,1.7007,0.9752,4.2676,0.3891,1.0266
DIESEL_Constanta-DN3-Murfatlar-retur,09-10,2026-09-11 09:48:28,2046,49.88214702450398,1444.985705950992,19.54175029171528,21.68794632438785,89.0,34.0,21.0,40.246791131855176,16.223500583430557,2.854811172715599,-0.1389,35082.5,0,urban,S3_DN3_est_intors,0.1559,1.7008,0.4114,4.2588,0.1196,0.3155
DIESEL_Constanta-DN3-Murfatlar-retur,09-10,2026-09-11 09:48:29,2047,49.0,1441.8577694235605,19.45859649122808,24.049849624060656,88.69423558897253,34.0,21.0,38.7025062656643,16.142807017543845,2.16826521222245,-0.0669,35096.1,0,urban,S3_DN3_est_intors,0.3014,1.7011,0.7952,4.2406,0.2695,0.711
DIESEL_Constanta-DN3-Murfatlar-retur,09-10,2026-09-11 09:48:30,2048,49.40071877807725,1444.9755166217424,19.6143665768194,25.0236118598381,88.40071877807725,34.0,21.0,37.19892183288412,16.24,2.1438886750707105,0.0848,35109.8,0,urban,S3_DN3_est_intors,0.3284,1.7014,0.8666,4.2746,0.6018,1.588
DIESEL_Constanta-DN3-Murfatlar-retur,09-10,2026-09-11 09:48:31,2049,49.610526315789386,1450.8657894736807,19.542210526315703,27.24547368420958,89.0,34.0,21.0,37.23473684210548,16.12705263157892,1.527964953763722,-0.0557,35123.6,0,urban,S3_DN3_est_intors,0.4343,1.7019,1.146,4.2589,0.2992,0.7894
DIESEL_Constanta-DN3-Murfatlar-retur,09-10,2026-09-11 09:48:32,2050,49.0,1422.3282732447817,19.154079696394696,20.78,89.0,34.0,21.0,38.79070208728653,16.213036053130946,1.5728214788973724,-0.0848,35137.2,0,urban,S3_DN3_est_intors,0.1262,1.702,0.3329,4.1743,0.231,0.6094
DIESEL_Constanta-DN3-Murfatlar-retur,09-10,2026-09-11 09:48:33,2051,49.0,1420.1777301927198,19.557373304782303,23.39179157744485,89.0,34.0,21.0,38.9,16.61776588151321,1.548528187468135,0.003,35150.8,0,urban,S3_DN3_est_intors,0.2407,1.7023,0.6352,4.2622,0.4198,1.1076
DIESEL_Constanta-DN3-Murfatlar-retur,09-10,2026-09-11 09:48:34,2052,49.02125693160826,1428.057994454717,19.93913123844743,29.585157116452017,89.0,34.0,21.0,38.87874306839174,16.82935304990763,1.680122967668959,0.1313,35164.4,0,urban,S3_DN3_est_intors,0.5141,1.7028,1.3565,4.3454,0.6961,1.8366
DIESEL_Constanta-DN3-Murfatlar-retur,09-10,2026-09-11 09:48:35,2053,49.945471349352886,1452.3186229205132,20.7709242144176,37.20068391866777,89.0,34.0,21.0,37.95452865064711,17.236007393715273,2.849789241854629,0.1359,35178.3,0,urban,S3_DN3_est_intors,0.9223,1.7037,2.4335,4.5266,0.7223,1.9058
DIESEL_Constanta-DN3-Murfatlar-retur,09-10,2026-09-11 09:48:36,2054,50.0,1454.5152616279067,21.02111918604651,25.99036337209309,89.0,33.33866279069766,21.0,38.36933139534883,17.352587209302328,1.8272218949384784,0.0212,35192.2,0,urban,S3_DN3_est_intors,0.3775,1.7041,0.9962,4.5812,0.4716,1.2443
DIESEL_Constanta-DN3-Murfatlar-retur,09-10,2026-09-11 09:48:37,2055,50.09782608695667,1466.309782608695,21.01326086956499,23.59978260869636,89.0,33.90217391304333,21.0,38.60217391304333,17.14652173913026,1.687402566768496,0.0901,35206.1,0,urban,S3_DN3_est_intors,0.2709,1.7043,0.7147,4.5794,0.6243,1.6473
DIESEL_Constanta-DN3-Murfatlar-retur,09-10,2026-09-11 09:48:38,2056,50.64839710444663,1453.4599276111658,20.781613236815257,25.220558428127376,89.0,33.0,21.0,37.92854188210969,16.0736297828335,2.710780289513019,-0.1525,35220.2,0,urban,S3_DN3_est_intors,0.364,1.7047,0.9604,4.529,0.0938,0.2475
DIESEL_Constanta-DN3-Murfatlar-retur,09-10,2026-09-11 09:48:39,2057,49.0,1412.470078057242,24.814605377276603,15.080919340850071,89.0,33.0,21.0,38.80633130962705,16.00105810928014,2.0467150155287825,-0.2289,35233.8,0,urban,S3_DN3_est_intors,0.0555,1.7048,0.1465,5.4079,0.0694,0.1832
DIESEL_Constanta-DN3-Murfatlar-retur,09-10,2026-09-11 09:48:40,2058,49.0,1413.529274004684,19.07473067915689,25.28384074941513,88.94145199063212,33.0,21.0,37.97611241217824,16.231803278688496,1.6458880054795344,0.0,35247.4,0,urban,S3_DN3_est_intors,0.3228,1.7051,0.8518,4.157,0.4133,1.0906
DIESEL_Constanta-DN3-Murfatlar-retur,09-10,2026-09-11 09:48:41,2059,49.0,1415.2806052269598,19.21107290233832,27.708885832187203,88.26960110041259,33.0,21.0,39.36176066024756,16.294112792297064,1.446089052158331,0.0,35261.0,0,urban,S3_DN3_est_intors,0.4246,1.7055,1.1204,4.1867,0.4133,1.0906
DIESEL_Constanta-DN3-Murfatlar-retur,09-10,2026-09-11 09:48:42,2060,49.0,1414.3956068840585,19.61033514492756,26.605606884057924,88.57518115942035,33.0,21.0,39.16277173913052,16.6968025362319,1.9129483332283068,-0.0457,35274.6,0,urban,S3_DN3_est_intors,0.3785,1.7059,0.9988,4.2737,0.315,0.8313
DIESEL_Constanta-DN3-Murfatlar-retur,09-10,2026-09-11 09:48:43,2061,48.67117117117128,1401.7590090090112,19.18216216216221,25.12648648648707,88.32882882882873,33.0,21.0,37.8067567567569,16.48396396396398,2.3381201667083897,-0.1389,35288.2,0,urban,S3_DN3_est_intors,0.2956,1.7062,0.7799,4.1804,0.1128,0.2977
DIESEL_Constanta-DN3-Murfatlar-retur,09-10,2026-09-11 09:48:44,2062,48.0,1392.2759146341484,18.83667682926828,22.29692073170788,89.0,33.0,21.0,37.16280487804896,16.314847560975572,2.086119886321293,-0.1228,35301.5,0,urban,S3_DN3_est_intors,0.1752,1.7064,0.4624,4.1051,0.1432,0.3778
DIESEL_Constanta-DN3-Murfatlar-retur,09-10,2026-09-11 09:48:45,2063,47.78728414442691,1401.3092621664036,18.782762951334384,24.656153846153497,89.0,32.78728414442691,21.0,38.49780219780232,16.129780219780233,1.8023505129154784,-0.1386,35314.8,0,urban,S3_DN3_est_intors,0.2752,1.7066,0.7261,4.0933,0.1088,0.2871
DIESEL_Constanta-DN3-Murfatlar-retur,09-10,2026-09-11 09:48:46,2064,47.0023547880692,1389.535321821038,18.829858712715847,21.57923076923125,89.0,32.0023547880692,21.0,39.596703296703126,16.23967032967031,1.7500733450468762,0.0776,35327.8,0,urban,S3_DN3_est_intors,0.1266,1.7068,0.3341,4.1036,0.5508,1.4534
DIESEL_Constanta-DN3-Murfatlar-retur,09-10,2026-09-11 09:48:47,2065,48.34567901234577,1417.1080246913575,19.62802469135796,30.94765432098744,89.0,32.0,21.0,37.688888888888805,16.61950617283945,2.590057026711951,0.1228,35341.2,0,urban,S3_DN3_est_intors,0.5873,1.7073,1.5496,4.2776,0.6664,1.7583
DIESEL_Constanta-DN3-Murfatlar-retur,09-10,2026-09-11 09:48:48,2066,47.88638920134819,1428.8388638920355,20.270247469068,27.314184476937285,88.88863892013482,32.0,21.0,37.20022497187866,16.207705286839097,2.6835162388665945,-1.5686,35354.5,0,urban,S3_DN3_est_intors,0.4485,1.7078,1.1835,4.4175,0.0694,0.1832
DIESEL_Constanta-DN3-Murfatlar-retur,09-10,2026-09-11 09:48:49,2067,37.05194805194767,1474.0032467532324,27.294805194804848,10.51402597402596,88.19480519480523,31.80519480519477,21.0,37.98051948051948,15.780519480519446,2.429370522955103,-2.7743,35364.8,0,urban,S3_DN3_est_intors,0.0,1.7078,0.0,5.9484,0.0694,0.1832
DIESEL_Constanta-DN3-Murfatlar-retur,09-10,2026-09-11 09:48:50,2068,27.91109074243752,1185.4965627864426,20.18760769935847,10.104417965169514,89.0,31.0,21.0,37.79110907424375,14.992887259395,1.862475365915548,-2.4136,35372.6,0,urban,S3_DN3_est_intors,0.0,1.7078,0.0,4.3995,0.0694,0.1832
DIESEL_Constanta-DN3-Murfatlar-retur,09-10,2026-09-11 09:48:51,2069,19.673740053049222,1295.6203580902095,21.409535809019108,9.580742705570907,88.94562334217487,31.0,21.0,37.13594164456283,14.375769230769286,2.512826313989032,-2.1642,35378.1,0,urban,S3_DN3_est_intors,0.0,1.7078,0.0,4.6658,0.0694,0.1832
DIESEL_Constanta-DN3-Murfatlar-retur,09-10,2026-09-11 09:48:52,2070,12.328618968386827,1324.196339434318,21.25938435940232,14.985440931779197,88.0,31.0,21.0,39.35673876871887,14.719242928452546,2.5428091275067906,-1.7957,35381.5,0,urban,S3_DN3_est_intors,0.0301,1.7078,0.0795,4.6331,0.0694,0.1832
DIESEL_Constanta-DN3-Murfatlar-retur,09-10,2026-09-11 09:48:53,2071,6.744999999999891,1041.5774999999971,12.41774999999997,22.849450000000044,88.0,31.0,21.0,38.848999999999975,14.96465000000001,2.446982371562397,-1.1965,35383.4,0,urban,S3_DN3_est_intors,0.1262,1.7079,0.3329,2.7062,0.0694,0.1832
DIESEL_Constanta-DN3-Murfatlar-retur,09-10,2026-09-11 09:48:54,2072,3.713804713804616,960.699074074071,11.52409090909087,24.08885521885528,88.14309764309769,31.0,21.0,38.199831649831616,15.250033670033677,1.7731252679621052,-0.7609,35384.4,0,urban,S3_DN3_est_intors,0.1262,1.7081,0.3329,2.5115,0.0694,0.1832
DIESEL_Constanta-DN3-Murfatlar-retur,09-10,2026-09-11 09:48:55,2073,1.2666168782673537,889.1738237490662,10.96567587752054,23.66256908140401,88.63330843913367,30.63330843913368,21.0,37.41665421956684,15.263659447348768,3.1335021543200363,-0.5158,35384.7,0,urban,S3_DN3_est_intors,0.1262,1.7082,0.3329,2.3898,0.0694,0.1832
DIESEL_Constanta-DN3-Murfatlar-retur,09-10,2026-09-11 09:48:56,2074,0.0,860.52731092437,11.194525810324128,21.18,88.18247298919572,30.0,21.0,37.28247298919571,15.0544537815126,4.328167614843298,-0.1759,35384.7,1,urban,S3_DN3_est_intors,0.1262,1.7083,0.3329,2.4396,0.1528,0.4031
DIESEL_Constanta-DN3-Murfatlar-retur,09-10,2026-09-11 09:48:57,2075,0.0,866.076,11.135200000000005,21.27047999999999,88.76800000000003,30.0,21.0,38.37839999999997,14.905200000000004,4.594850375012809,0.0,35384.7,1,urban,S3_DN3_est_intors,0.1262,1.7085,0.3329,2.4267,0.1528,0.4031
DIESEL_Constanta-DN3-Murfatlar-retur,09-10,2026-09-11 09:48:58,2076,0.0,865.5305454545455,11.026109090909095,21.55411636363636,88.0407272727273,30.0,21.0,39.25112727272724,14.796109090909097,6.031372790202753,0.0,35384.7,1,urban,S3_DN3_est_intors,0.1262,1.7086,0.3329,2.4029,0.1528,0.4031
DIESEL_Constanta-DN3-Murfatlar-retur,09-10,2026-09-11 09:48:59,2077,0.0,868.4205058717232,11.077804878048749,21.57,88.93405600722686,30.0,21.0,38.7,14.79,3.68458486782402,0.0,35384.7,1,urban,S3_DN3_est_intors,0.1262,1.7087,0.3329,2.4142,0.1528,0.4031
DIESEL_Constanta-DN3-Murfatlar-retur,09-10,2026-09-11 09:49:00,2078,0.0,884.4548328816604,11.321707317073145,21.57,88.03071364046984,30.0,21.0,38.7,14.79,3.802576643205228,0.1386,35384.7,1,urban,S3_DN3_est_intors,0.1262,1.7088,0.3329,2.4674,0.1528,0.4031
DIESEL_Constanta-DN3-Murfatlar-retur,09-10,2026-09-11 09:49:01,2079,0.9979338842975692,878.2639462809914,11.24018595041322,21.57,88.0,29.00206611570243,21.0,37.60227272727268,14.79,4.322911946237876,0.0,35385.0,1,urban,S3_DN3_est_intors,0.1262,1.709,0.3329,2.4496,0.1575,0.4156
DIESEL_Constanta-DN3-Murfatlar-retur,09-10,2026-09-11 09:49:02,2080,0.0,883.7109151572979,11.31511916110589,21.57,88.25643469971381,29.0,21.0,37.17178265014309,14.79,3.880308058378533,-0.1386,35385.0,1,urban,S4_urban_retur,0.1262,1.7091,0.3329,2.4659,0.1528,0.4031
DIESEL_Constanta-DN3-Murfatlar-retur,09-10,2026-09-11 09:49:03,2081,0.0,864.3467002749774,11.03395050412466,21.491356553620594,89.0,29.0,21.0,37.06214482126468,14.79,3.911977220024605,0.0,35385.0,1,urban,S4_urban_retur,0.1262,1.7092,0.3329,2.4046,0.1528,0.4031
DIESEL_Constanta-DN3-Murfatlar-retur,09-10,2026-09-11 09:49:04,2082,0.0,861.0052356020951,10.984109947643992,21.18,89.0,29.0,21.0,38.1900523560209,14.79,4.116064328435877,0.0,35385.0,1,urban,S4_urban_retur,0.1262,1.7093,0.3329,2.3938,0.1528,0.4031
DIESEL_Constanta-DN3-Murfatlar-retur,09-10,2026-09-11 09:49:05,2083,0.0,847.4799301919697,10.783411867364713,21.18,89.0,29.0,21.0,38.88813263525317,14.79,3.702651376741021,0.1278,35385.0,1,urban,S4_urban_retur,0.1262,1.7095,0.3329,2.35,0.1528,0.4031
DIESEL_Constanta-DN3-Murfatlar-retur,09-10,2026-09-11 09:49:06,2084,0.9199999999998708,852.8199999999989,10.860399999999984,21.147999999999943,89.0,29.0,21.0,36.49600000000015,14.79,4.631984394138559,0.0043,35385.3,1,urban,S4_urban_retur,0.1262,1.7096,0.3329,2.3668,0.1573,0.4151
DIESEL_Constanta-DN3-Murfatlar-retur,09-10,2026-09-11 09:49:07,2085,0.0311111111109818,845.2644444444434,10.753733333333315,20.792444444444392,89.0,29.0,21.0,37.56266666666682,14.79,3.72479592636317,-0.1278,35385.3,1,urban,S4_urban_retur,0.1262,1.7097,0.3329,2.3436,0.1528,0.4031
DIESEL_Constanta-DN3-Murfatlar-retur,09-10,2026-09-11 09:49:08,2086,0.0,829.9003139717447,10.533171114599718,20.73775510204085,89.0,29.0,21.0,38.65918367346951,14.79,4.430605765798446,-0.0043,35385.3,1,urban,S4_urban_retur,0.1262,1.7098,0.3329,2.2955,0.1528,0.4031
DIESEL_Constanta-DN3-Murfatlar-retur,09-10,2026-09-11 09:49:09,2087,0.0,810.7839879154069,10.26480362537763,20.39,89.0,29.0,21.0,37.93504531722036,14.79,5.017529804526585,0.0,35385.3,1,urban,S4_urban_retur,0.1262,1.71,0.3329,2.237,0.1528,0.4031
DIESEL_Constanta-DN3-Murfatlar-retur,09-10,2026-09-11 09:49:10,2088,0.0,821.8665594855298,10.42645498392282,20.252371382636667,88.6471061093248,29.0,21.0,38.21768488745983,14.79,4.411172419833575,0.0,35385.3,1,urban,S4_urban_retur,0.1262,1.7101,0.3329,2.2722,0.1528,0.4031
DIESEL_Constanta-DN3-Murfatlar-retur,09-10,2026-09-11 09:49:11,2089,0.0,839.9040084388201,10.683881856540108,20.0,88.27426160337566,29.0,21.0,37.9468354430381,14.79,4.510867537004151,0.053,35385.3,1,urban,S4_urban_retur,0.1262,1.7102,0.3329,2.3283,0.1528,0.4031
DIESEL_Constanta-DN3-Murfatlar-retur,09-10,2026-09-11 09:49:12,2090,0.3817034700314767,846.3414826498426,10.769463722397482,19.851135646687723,88.61829652996852,29.0,21.0,38.94353312302833,14.79,4.380499481867496,0.1114,35385.4,1,urban,S4_urban_retur,0.1262,1.7103,0.3329,2.347,0.1565,0.4128
DIESEL_Constanta-DN3-Murfatlar-retur,09-10,2026-09-11 09:49:13,2091,0.8020164986251921,844.7843721356547,10.737818515123733,19.532786434463823,88.19798350137481,29.197983501374807,21.0,38.94564619615054,14.79,4.003497987036652,-0.053,35385.6,1,urban,S4_urban_retur,0.1262,1.7105,0.3329,2.3401,0.1547,0.4082
DIESEL_Constanta-DN3-Murfatlar-retur,09-10,2026-09-11 09:49:14,2092,0.0,851.886524822695,10.823297872340426,19.22,89.0,30.0,21.0,37.20236406619385,14.79,4.618200881184894,-0.1114,35385.6,1,urban,S4_urban_retur,0.1262,1.7106,0.3329,2.3587,0.1528,0.4031
DIESEL_Constanta-DN3-Murfatlar-retur,09-10,2026-09-11 09:49:15,2093,0.0,857.0,10.89568445475638,19.22,88.78422273781905,30.21577726218095,21.0,39.64686774942,14.79,3.8905341197232337,0.0,35385.6,1,urban,S4_urban_retur,0.1262,1.7107,0.3329,2.3745,0.1528,0.4031
DIESEL_Constanta-DN3-Murfatlar-retur,09-10,2026-09-11 09:49:16,2094,0.0,857.0,10.880216550657387,19.22,88.01082753286938,30.989172467130608,21.0,38.02273781902572,14.79,4.617902543717287,0.0,35385.6,1,urban,S4_urban_retur,0.1262,1.7108,0.3329,2.3711,0.1528,0.4031
DIESEL_Constanta-DN3-Murfatlar-retur,09-10,2026-09-11 09:49:17,2095,0.0,868.8155555555555,11.01262222222222,18.82,89.0,31.434444444444484,21.0,37.30411111111114,14.79,3.6205590532432255,0.0,35385.6,1,urban,S4_urban_retur,0.1262,1.711,0.3329,2.4,0.1528,0.4031
DIESEL_Constanta-DN3-Murfatlar-retur,09-10,2026-09-11 09:49:18,2096,0.0,866.4041353383458,10.953082706766915,18.82,89.0,32.369172932330834,21.0,37.773834586466165,14.79,4.176885120490221,0.0,35385.6,1,urban,S4_urban_retur,0.1262,1.7111,0.3329,2.387,0.1528,0.4031
DIESEL_Constanta-DN3-Murfatlar-retur,09-10,2026-09-11 09:49:19,2097,0.0,864.0321375186851,10.89481315396114,18.7261434977578,89.0,33.0,21.0,38.14065769805693,14.79,4.804047572885601,0.0,35385.6,1,urban,S4_urban_retur,0.1262,1.7112,0.3329,2.3743,0.1528,0.4031
DIESEL_Constanta-DN3-Murfatlar-retur,09-10,2026-09-11 09:49:20,2098,0.0,871.4973787680219,10.974482306684154,18.43,89.0,33.32241153342077,21.0,38.64207077326338,14.79,3.965697019226545,0.0,35385.6,1,urban,S4_urban_retur,0.1262,1.7114,0.3329,2.3917,0.1528,0.4031
DIESEL_Constanta-DN3-Murfatlar-retur,09-10,2026-09-11 09:49:21,2099,0.0,881.6546526867618,11.105543905635637,18.43,89.0,33.97771952817818,21.0,38.11782437745746,14.79,4.105120578094452,0.0,35385.6,1,urban,S4_urban_retur,0.1262,1.7115,0.3329,2.4202,0.1528,0.4031
DIESEL_Constanta-DN3-Murfatlar-retur,09-10,2026-09-11 09:49:22,2100,0.0,855.9520735524256,10.779014084507024,18.43,89.0,35.0,21.0,37.74248826291081,14.874350547730804,4.186323015873368,0.0,35385.6,1,urban,S4_urban_retur,0.1262,1.7116,0.3329,2.3491,0.1528,0.4031
DIESEL_Constanta-DN3-Murfatlar-retur,09-10,2026-09-11 09:49:23,2101,0.0,855.756455399061,11.06070422535214,18.43,89.0,35.0,21.0,37.507746478873216,15.218638497652616,4.5233433481566,0.8753,35385.6,1,urban,S4_urban_retur,0.1262,1.7117,0.3329,2.4105,0.1528,0.4031
DIESEL_Constanta-DN3-Murfatlar-retur,09-10,2026-09-11 09:49:24,2102,6.302250803859016,1005.364147909982,12.969718649518008,38.50544212218742,89.0,36.0,21.0,37.94646302250836,16.477652733119115,2.340277156181356,1.3555,35387.4,0,urban,S4_urban_retur,0.3976,1.7121,1.0491,2.8265,0.4745,1.2519
DIESEL_Constanta-DN3-Murfatlar-retur,09-10,2026-09-11 09:49:25,2103,9.759433962264463,1141.0681603773828,15.882820754717455,42.57615094339583,89.0,36.0,21.0,39.32028301886777,17.436188679245358,2.1002964499574106,1.1693,35390.1,0,urban,S4_urban_retur,0.6253,1.7128,1.6499,3.4614,0.6174,1.629
DIESEL_Constanta-DN3-Murfatlar-retur,09-10,2026-09-11 09:49:26,2104,14.721428571429096,1538.6489285714788,23.674842857143844,36.85465714285686,89.0,36.0,21.0,37.15671428571426,18.503685714285776,1.8891556958878504,1.4595,35394.2,0,urban,S4_urban_retur,0.9919,1.7137,2.6171,5.1595,1.0852,2.8633
DIESEL_Constanta-DN3-Murfatlar-retur,09-10,2026-09-11 09:49:27,2105,20.26798418972294,2106.2970355730754,35.01626877470257,34.51,88.68300395256927,36.316996047430735,21.0,37.058498023715366,19.27578656126474,2.970046728320681,1.2487,35399.8,0,urban,S4_urban_retur,1.3618,1.7151,3.5932,7.6311,1.2841,3.3882
DIESEL_Constanta-DN3-Murfatlar-retur,09-10,2026-09-11 09:49:28,2106,23.712041884816635,2342.18350785342,40.39122513089034,36.12918324607303,88.14240837696333,37.0,21.0,37.585130890052326,19.97395811518323,2.5243924348402182,1.1826,35406.4,0,urban,S4_urban_retur,1.6042,1.7167,4.2329,8.8025,1.4251,3.7603
DIESEL_Constanta-DN3-Murfatlar-retur,09-10,2026-09-11 09:49:29,2107,28.782871972318546,1764.9634515571058,30.92000865051931,45.75787197231831,89.0,37.0,21.0,38.63737024221452,20.69081314878895,2.1472125263362942,1.3187,35414.4,0,urban,S4_urban_retur,1.8159,1.7185,4.7915,6.7384,1.8942,4.9982
DIESEL_Constanta-DN3-Murfatlar-retur,09-10,2026-09-11 09:49:30,2108,33.20695364238477,2027.242963576197,36.91932119205391,45.11614238410601,89.0,37.0,21.0,38.33725165562925,21.20980132450341,1.5534199331842795,1.4002,35423.6,0,urban,S4_urban_retur,2.0924,1.7206,5.5211,8.0459,2.3022,6.0745
DIESEL_Constanta-DN3-Murfatlar-retur,09-10,2026-09-11 09:49:31,2109,38.86447638603672,2390.5111225188,45.44980835044439,45.60238193018478,88.71184120465442,37.28815879534557,21.0,39.17118412046545,22.02678986995205,1.570757818139249,1.071,35434.4,0,urban,S4_urban_retur,2.4252,1.723,6.3992,9.9049,2.1361,5.6363
DIESEL_Constanta-DN3-Murfatlar-retur,09-10,2026-09-11 09:49:32,2110,40.9178644763861,2593.625427789192,49.796146475017245,45.8693223819302,88.0273785078713,37.9726214921287,21.0,39.10273785078713,22.327953456536623,1.7503019648153852,1.0077,35445.8,0,urban,S4_urban_retur,2.6412,1.7257,6.9689,10.8521,2.138,5.6413
DIESEL_Constanta-DN3-Murfatlar-retur,09-10,2026-09-11 09:49:33,2111,46.11999999999979,1833.259999999992,33.99819999999995,52.78860000000163,88.0599999999999,38.0,21.0,37.51199999999998,21.856800000000074,3.526302777443437,0.9836,35458.6,0,urban,S4_urban_retur,2.1072,1.7278,5.5601,7.4093,2.372,6.2589
DIESEL_Constanta-DN3-Murfatlar-retur,09-10,2026-09-11 09:49:34,2112,48.0,1774.8671243941762,31.354264943457007,38.36597738287563,89.0,38.27625201938612,21.0,37.86575121163168,20.898222940226155,2.0595677116877127,0.274,35471.9,0,urban,S4_urban_retur,1.3573,1.7292,3.5814,6.8331,0.9791,2.5834
DIESEL_Constanta-DN3-Murfatlar-retur,09-10,2026-09-11 09:49:35,2113,48.09252669039131,1418.1699288256198,23.176548042704777,38.52975088968082,89.0,39.0,21.0,38.26298932384347,20.05266903914608,2.196325601127648,0.1364,35485.3,0,urban,S4_urban_retur,0.9172,1.7301,2.42,5.0509,0.6908,1.8228
DIESEL_Constanta-DN3-Murfatlar-retur,09-10,2026-09-11 09:49:36,2114,48.982206405693965,1436.6307829181496,22.277971530249097,31.89274021352304,89.0,39.0,21.0,37.90711743772241,19.020640569395,1.805545403918491,0.2649,35498.9,0,urban,S4_urban_retur,0.6365,1.7307,1.6795,4.8551,0.9826,2.5926
DIESEL_Constanta-DN3-Murfatlar-retur,09-10,2026-09-11 09:49:37,2115,50.0,1432.370721554114,21.108630897317344,34.54669750231307,88.30064754856606,39.0,21.0,38.12025901942643,18.008436632747525,1.7894646554905214,0.1414,35512.8,0,urban,S4_urban_retur,0.7633,1.7315,2.014,4.6002,0.7353,1.9403
DIESEL_Constanta-DN3-Murfatlar-retur,09-10,2026-09-11 09:49:38,2116,50.0,1454.6837676438654,20.797426710097746,28.277719869706083,89.0,39.0,21.0,38.26753528773069,17.4768295331162,1.8237798511059484,0.0368,35526.6,0,urban,S4_urban_retur,0.4972,1.732,1.3119,4.5324,0.5058,1.3346
DIESEL_Constanta-DN3-Murfatlar-retur,09-10,2026-09-11 09:49:39,2117,50.26518883415427,1459.870073891624,21.071822660098512,24.94081280788056,88.73481116584573,38.73481116584573,21.0,38.032594417077135,17.613095238095262,2.43323195489038,0.1389,35540.6,0,urban,S4_urban_retur,0.327,1.7323,0.8627,4.5922,0.7346,1.9384
DIESEL_Constanta-DN3-Murfatlar-retur,09-10,2026-09-11 09:49:40,2118,51.0,1478.2215777262184,21.19288863109049,35.753758700696,88.1218097447796,38.0,21.0,38.37157772621809,17.382946635730857,2.697751558464157,0.147,35554.8,0,urban,S4_urban_retur,0.8525,1.7331,2.2495,4.6186,0.7661,2.0214
DIESEL_Constanta-DN3-Murfatlar-retur,09-10,2026-09-11 09:49:41,2119,51.32356857523305,1496.131491344873,21.32322237017309,29.44780292942734,89.0,38.0,21.0,38.09116733244562,17.26,1.875120041102207,0.0824,35569.0,0,urban,S4_urban_retur,0.5697,1.7337,1.5031,4.647,0.6266,1.6534
DIESEL_Constanta-DN3-Murfatlar-retur,09-10,2026-09-11 09:49:42,2120,51.59305210918108,1476.4683622828777,21.00233250620346,24.5043672456572,89.0,37.59305210918108,21.0,37.83837882547559,17.26,2.0696382413791667,-0.0449,35583.4,0,urban,S4_urban_retur,0.3133,1.734,0.8266,4.5771,0.3426,0.9041
DIESEL_Constanta-DN3-Murfatlar-retur,09-10,2026-09-11 09:49:43,2121,51.0,1472.96884576098,21.00453524004084,24.861675178753188,89.0,37.0,21.0,37.84453524004084,17.300469867211433,1.6789707833350278,-0.0348,35597.5,0,urban,S4_urban_retur,0.3268,1.7344,0.8623,4.5775,0.3592,0.9477
DIESEL_Constanta-DN3-Murfatlar-retur,09-10,2026-09-11 09:49:44,2122,51.342728297632505,1486.8122886133035,21.30173618940248,34.9,89.0,36.657271702367495,21.0,38.16572717023675,17.300608793686575,1.836514674380128,0.0956,35611.8,0,urban,S4_urban_retur,0.8418,1.7352,2.2212,4.6423,0.6567,1.7326
DIESEL_Constanta-DN3-Murfatlar-retur,09-10,2026-09-11 09:49:45,2123,51.68834080717489,1493.4938340807175,21.28973094170404,30.62403587443948,88.6883408071749,36.0,21.0,37.41434977578476,17.200381165919282,1.856113010495806,-0.0476,35626.1,0,urban,S4_urban_retur,0.6473,1.7358,1.708,4.6397,0.3375,0.8905
DIESEL_Constanta-DN3-Murfatlar-retur,09-10,2026-09-11 09:49:46,2124,51.0,1486.5868644067816,21.46397245762701,21.605963983051826,88.08368644067816,35.91631355932184,21.0,36.06737288135631,17.351461864406666,2.709130970821057,-0.0692,35640.3,0,urban,S4_urban_retur,0.1526,1.736,0.4026,4.6777,0.2822,0.7445
DIESEL_Constanta-DN3-Murfatlar-retur,09-10,2026-09-11 09:49:47,2125,51.19014084507072,1492.1373239436564,20.752746478872915,25.82316901408381,89.0,35.0,21.0,38.0330985915495,16.70971830985898,1.824122397411576,0.0818,35654.5,0,urban,S4_urban_retur,0.4056,1.7364,1.0703,4.5227,0.6231,1.6442
DIESEL_Constanta-DN3-Murfatlar-retur,09-10,2026-09-11 09:49:48,2126,51.58897485493217,1474.38660541586,20.202930367504944,23.759700193423548,88.58897485493216,35.0,21.0,38.27117988394573,16.540048355899515,2.179977148318589,-0.0264,35668.9,0,urban,S4_urban_retur,0.2524,1.7367,0.6659,4.4028,0.3845,1.0145
DIESEL_Constanta-DN3-Murfatlar-retur,09-10,2026-09-11 09:49:49,2127,51.0,1476.1837121212125,20.65926515151515,26.551363636363853,88.29621212121214,35.0,21.0,38.0073484848485,16.88409848484848,1.7673297060665547,-0.0656,35683.0,0,urban,S4_urban_retur,0.4019,1.7371,1.0604,4.5023,0.2902,0.7658
DIESEL_Constanta-DN3-Murfatlar-retur,09-10,2026-09-11 09:49:50,2128,51.11639344262279,1488.587295081967,20.634442622950782,32.36004918032984,89.0,35.0,21.0,38.48836065573772,16.69629508196719,1.6475585992258504,0.1389,35697.2,0,urban,S4_urban_retur,0.691,1.7377,1.8233,4.4969,0.7501,1.9792
DIESEL_Constanta-DN3-Murfatlar-retur,09-10,2026-09-11 09:49:51,2129,52.0,1492.389105058365,20.770671206225696,24.07216926069984,89.0,34.55155642023358,21.0,38.713910505836495,16.689951361867738,1.653253451832161,0.024,35711.7,0,urban,S4_urban_retur,0.3024,1.738,0.798,4.5266,0.5041,1.3302
DIESEL_Constanta-DN3-Murfatlar-retur,09-10,2026-09-11 09:49:52,2130,51.2889983579638,1487.8957307060746,20.24784893267647,24.576100164203385,89.0,34.0,21.0,38.78004926108371,16.27403940886697,2.314245570685498,-0.2412,35725.9,0,urban,S4_urban_retur,0.3295,1.7384,0.8694,4.4126,0.0694,0.1832
DIESEL_Constanta-DN3-Murfatlar-retur,09-10,2026-09-11 09:49:53,2131,50.26315789473702,1467.552631578944,19.59947368421065,20.78,89.0,34.0,21.0,38.09473684210519,16.038947368421205,2.647309571153178,0.0099,35739.9,0,urban,S4_urban_retur,0.1262,1.7385,0.3329,4.2713,0.45,1.1874
DIESEL_Constanta-DN3-Murfatlar-retur,09-10,2026-09-11 09:49:54,2132,51.36018099547523,1460.56380090498,20.18762895927604,26.85625339366717,88.63981900452477,34.0,21.0,37.61990950226238,16.625972850678714,2.014826379662513,0.1481,35754.1,0,urban,S4_urban_retur,0.4216,1.7389,1.1124,4.3995,0.7753,2.0457
DIESEL_Constanta-DN3-Murfatlar-retur,09-10,2026-09-11 09:49:55,2133,51.32951945080083,1474.921910755149,20.50790617848973,33.17789473684156,88.33524027459958,34.0,21.0,37.7022883295195,16.677505720823817,2.724105745306599,-0.0844,35768.4,0,urban,S4_urban_retur,0.7348,1.7397,1.939,4.4693,0.2509,0.6621
DIESEL_Constanta-DN3-Murfatlar-retur,09-10,2026-09-11 09:49:56,2134,50.752244165170296,1482.3918312387773,21.03026929982044,25.934847396767847,89.0,34.0,21.0,38.19910233393188,16.97,2.3633540159909487,0.0454,35782.5,0,urban,S4_urban_retur,0.3866,1.74,1.0202,4.5831,0.5352,1.4121
DIESEL_Constanta-DN3-Murfatlar-retur,09-10,2026-09-11 09:49:57,2135,51.65653153153168,1479.9003378378432,20.73349099099119,25.933772522523725,88.65653153153168,34.0,21.0,37.7,16.770788288288376,1.8018071560506888,-0.0082,35796.9,0,urban,S4_urban_retur,0.3747,1.7404,0.9887,4.5185,0.4265,1.1254
DIESEL_Constanta-DN3-Murfatlar-retur,09-10,2026-09-11 09:49:58,2136,50.69315673289188,1459.628035320088,19.98739514348784,22.225231788079263,88.0,34.0,21.0,37.33178807947025,16.432958057395137,2.142517363674747,-0.2227,35810.9,0,urban,S4_urban_retur,0.2036,1.7406,0.5373,4.3559,0.0694,0.1832
DIESEL_Constanta-DN3-Murfatlar-retur,09-10,2026-09-11 09:49:59,2137,50.0533088235294,1465.4931066176468,20.225735294117648,25.59448529411761,88.0,34.0,21.0,36.58529411764703,16.522536764705887,2.1220631547143824,0.0388,35824.8,0,urban,S4_urban_retur,0.3819,1.741,1.0077,4.4078,0.5109,1.3481
DIESEL_Constanta-DN3-Murfatlar-retur,09-10,2026-09-11 09:50:00,2138,50.97242647058805,1473.9949448529396,20.15220588235296,27.395955882352588,88.0,34.0,21.0,38.05588235294089,16.393860294117673,2.0020320787061454,0.1315,35839.0,0,urban,S4_urban_retur,0.4399,1.7414,1.1607,4.3918,0.7309,1.9285
DIESEL_Constanta-DN3-Murfatlar-retur,09-10,2026-09-11 09:50:01,2139,51.0,1470.7934508816095,20.64675062972295,25.594130982367805,88.7329974811082,34.0,21.0,37.55969773299737,16.83486146095725,1.6167841779219545,0.0038,35853.2,0,urban,S4_urban_retur,0.3785,1.7418,0.9988,4.4996,0.4456,1.1756
DIESEL_Constanta-DN3-Murfatlar-retur,09-10,2026-09-11 09:50:02,2140,51.0,1460.294216061185,20.901634799235165,26.88045889101318,88.1214149139579,34.12141491395791,21.0,37.13068833652003,17.26,1.7887160586112307,0.0183,35867.3,0,urban,S4_urban_retur,0.4322,1.7423,1.1403,4.5551,0.478,1.2613
DIESEL_Constanta-DN3-Murfatlar-retur,09-10,2026-09-11 09:50:03,2141,51.13149350649372,1489.8210227272762,21.40159090909088,33.346818181816914,88.86850649350627,35.0,21.0,38.57646103896067,17.22186688311682,1.7707003152953709,0.0776,35881.5,0,urban,S4_urban_retur,0.7787,1.743,2.0547,4.6641,0.6128,1.6169
DIESEL_Constanta-DN3-Murfatlar-retur,09-10,2026-09-11 09:50:04,2142,51.55840455840456,1491.0249287749289,20.900227920227923,24.94569800569804,88.44159544159544,35.0,21.0,37.4091168091168,16.841937321937323,2.090205108023484,-0.0716,35895.9,0,urban,S4_urban_retur,0.3376,1.7434,0.8907,4.5548,0.2819,0.7437
DIESEL_Constanta-DN3-Murfatlar-retur,09-10,2026-09-11 09:50:05,2143,50.6156716417911,1468.812500000001,20.20093283582093,20.78,89.0,35.0,21.0,37.223507462686655,16.56854477611942,2.3648369491661367,-0.1726,35909.9,0,urban,S4_urban_retur,0.1262,1.7435,0.3329,4.4024,0.0694,0.1832
DIESEL_Constanta-DN3-Murfatlar-retur,09-10,2026-09-11 09:50:06,2144,50.31569173630462,1457.6318477251623,20.0141597028784,23.50441968430886,88.68430826369539,35.0,21.0,36.83667595171785,16.525747446610985,2.5362695781445086,0.0534,35923.9,0,urban,S4_urban_retur,0.2656,1.7438,0.7008,4.3617,0.5467,1.4426
DIESEL_Constanta-DN3-Murfatlar-retur,09-10,2026-09-11 09:50:07,2145,51.0,1468.6450969213197,20.843819840364763,31.881060433294707,88.2998859749144,35.0,21.0,37.94002280501712,17.038916761687517,2.031306451145591,0.1371,35938.1,0,urban,S4_urban_retur,0.6813,1.7444,1.7978,4.5425,0.7439,1.9629
DIESEL_Constanta-DN3-Murfatlar-retur,09-10,2026-09-11 09:50:08,2146,51.30250783699061,1505.707680250784,22.06495297805643,35.98923197492156,89.0,35.0,21.0,38.22351097178685,17.55,1.6391113372279762,0.1205,35952.3,0,urban,S4_urban_retur,0.8891,1.7453,2.346,4.8086,0.7121,1.8788
DIESEL_Constanta-DN3-Murfatlar-retur,09-10,2026-09-11 09:50:09,2147,51.86794717887141,1517.1611644657814,22.279819927971133,30.65723889555663,89.0,35.0,21.0,38.92268907562996,17.568487394958005,1.5203525358233303,0.0046,35966.7,0,urban,S4_urban_retur,0.6738,1.746,1.7778,4.8555,0.4582,1.209
DIESEL_Constanta-DN3-Murfatlar-retur,09-10,2026-09-11 09:50:10,2148,51.3357575757577,1497.072727272731,21.71161212121203,24.466618181819577,89.0,35.0,21.0,37.435757575757705,17.3978909090908,2.0803407723690293,0.0183,35981.0,0,urban,S4_urban_retur,0.3168,1.7463,0.836,4.7316,0.4824,1.2728
DIESEL_Constanta-DN3-Murfatlar-retur,09-10,2026-09-11 09:50:11,2149,52.0,1502.5999999999942,20.655999999999764,27.36799999999824,88.59999999999984,35.0,21.0,37.77999999999987,16.531999999999886,1.909739346623586,0.0598,35995.4,0,urban,S4_urban_retur,0.4669,1.7468,1.2319,4.5016,0.5858,1.5458
DIESEL_Constanta-DN3-Murfatlar-retur,09-10,2026-09-11 09:50:12,2150,51.7666666666666,1477.849999999999,19.964333333333386,20.78,88.2333333333334,35.0,21.0,37.4166666666667,16.268000000000047,1.6573581517619749,-0.1331,36009.8,0,urban,S4_urban_retur,0.1262,1.7469,0.3329,4.3508,0.1441,0.3801
DIESEL_Constanta-DN3-Murfatlar-retur,09-10,2026-09-11 09:50:13,2151,51.04202898550724,1468.0673913043477,20.53679710144928,20.78,88.95797101449276,35.0,21.0,37.778985507246375,16.78973913043479,1.8550061528424937,-0.069,36024.0,0,urban,S4_urban_retur,0.1262,1.747,0.3329,4.4756,0.283,0.7467
DIESEL_Constanta-DN3-Murfatlar-retur,09-10,2026-09-11 09:50:14,2152,51.27009646302204,1490.135048231511,21.15646302250797,34.61533762057859,89.0,35.0,21.0,37.348553054662126,17.009163987138194,1.867220708078588,0.2204,36038.2,0,urban,S4_urban_retur,0.8287,1.7479,2.1866,4.6106,0.9363,2.4705
DIESEL_Constanta-DN3-Murfatlar-retur,09-10,2026-09-11 09:50:15,2153,52.62891566265058,1497.9578313253016,21.72768674698797,30.926048192770807,89.0,35.0,21.0,38.33710843373494,17.419566265060254,2.798028797203688,0.1014,36052.8,0,urban,S4_urban_retur,0.6491,1.7485,1.7128,4.7351,0.6914,1.8245
DIESEL_Constanta-DN3-Murfatlar-retur,09-10,2026-09-11 09:50:16,2154,52.0,1508.451709401709,22.08856410256402,24.32937606837638,89.0,35.0,21.0,38.270170940170885,17.528641025640965,1.742861295722543,-0.0873,36067.3,0,urban,S4_urban_retur,0.2992,1.7488,0.7894,4.8138,0.2501,0.66
DIESEL_Constanta-DN3-Murfatlar-retur,09-10,2026-09-11 09:50:17,2155,52.0,1501.953959923664,21.133091603053423,27.52337786259532,89.0,35.0,21.0,37.71793893129772,16.813721374045798,2.5450081207167603,0.0,36081.7,0,urban,S4_urban_retur,0.4877,1.7493,1.287,4.6056,0.4494,1.1857
DIESEL_Constanta-DN3-Murfatlar-retur,09-10,2026-09-11 09:50:18,2156,52.0,1485.016937022904,20.560572519084083,20.786736641222745,89.0,35.0,21.0,38.09961832061061,16.680133587786287,2.416335826941556,-0.0575,36096.2,0,urban,S4_urban_retur,0.1265,1.7494,0.3339,4.4808,0.3181,0.8394
DIESEL_Constanta-DN3-Murfatlar-retur,09-10,2026-09-11 09:50:19,2157,51.5859124866596,1484.2569370330857,20.39163287086448,26.29929562433336,88.4140875133404,35.0,21.0,37.22732123799364,16.51008537886872,2.18056931255765,-0.1389,36110.5,0,urban,S4_urban_retur,0.4219,1.7499,1.1132,4.444,0.1298,0.3424
DIESEL_Constanta-DN3-Murfatlar-retur,09-10,2026-09-11 09:50:20,2158,51.0,1473.1921182266026,20.628415435139647,24.701256157636152,89.0,35.0,21.0,37.2183908045978,16.894761904761943,2.223804896768541,-0.0416,36124.7,0,urban,S4_urban_retur,0.3364,1.7502,0.8877,4.4956,0.3439,0.9075
DIESEL_Constanta-DN3-Murfatlar-retur,09-10,2026-09-11 09:50:21,2159,51.286240786240896,1488.176597051597,21.116732186732104,31.03509828009816,89.0,34.713759213759104,21.0,37.8423832923832,17.051044226044148,2.7270422952062185,0.0859,36138.9,0,urban,S4_urban_retur,0.6759,1.7509,1.7835,4.602,0.6339,1.6726
DIESEL_Constanta-DN3-Murfatlar-retur,09-10,2026-09-11 09:50:22,2160,51.618397085610304,1481.2069672131158,20.63250455373404,26.60530054644907,89.0,34.0,21.0,37.46712204007279,16.697905282331465,1.5335776729106618,-0.0398,36153.3,0,urban,S4_urban_retur,0.4383,1.7513,1.1565,4.4965,0.3545,0.9353
DIESEL_Constanta-DN3-Murfatlar-retur,09-10,2026-09-11 09:50:23,2161,51.0,1472.5685714285714,20.48097142857144,22.219914285714268,89.0,34.0,21.0,38.26685714285714,16.746828571428573,2.044290133344508,-0.149,36167.4,0,urban,S4_urban_retur,0.2033,1.7515,0.5365,4.4634,0.1035,0.2732
DIESEL_Constanta-DN3-Murfatlar-retur,09-10,2026-09-11 09:50:24,2162,50.54530201342251,1463.7483221476475,19.874546979865777,24.41918624161001,89.0,34.0,21.0,38.577097315435886,16.305931208053735,2.920631008828991,-0.2533,36181.5,0,urban,S4_urban_retur,0.3212,1.7518,0.8474,4.3313,0.0694,0.1832
DIESEL_Constanta-DN3-Murfatlar-retur,09-10,2026-09-11 09:50:25,2163,49.17633928571465,1446.022600446427,19.936729910714384,22.23215401786012,89.0,34.0,21.0,36.81763392857146,16.581138392857248,2.632480692278327,0.0632,36195.1,0,urban,S4_urban_retur,0.1929,1.752,0.5091,4.3448,0.5518,1.4559
DIESEL_Constanta-DN3-Murfatlar-retur,09-10,2026-09-11 09:50:26,2164,51.0,1449.280172413794,20.62859195402301,35.80738505747114,89.0,34.0,21.0,37.17528735632185,17.136293103448278,2.300014573683788,0.2533,36209.3,0,urban,S4_urban_retur,0.828,1.7529,2.1847,4.4956,1.004,2.6492
DIESEL_Constanta-DN3-Murfatlar-retur,09-10,2026-09-11 09:50:27,2165,51.0,1496.7718579234945,21.65253551912572,28.84074316939874,89.0,34.0,21.0,37.75693989071016,17.325322404371647,2.456911445401543,0.0,36223.5,0,urban,S4_urban_retur,0.5582,1.7534,1.4729,4.7188,0.4371,1.1532
DIESEL_Constanta-DN3-Murfatlar-retur,09-10,2026-09-11 09:50:28,2166,51.0,1480.4515192135846,21.70183199285065,27.99814119749786,89.0,33.79982126899005,21.0,36.48007149240398,17.515844504021345,1.7185222125439947,0.0,36237.6,0,urban,S4_urban_retur,0.5047,1.7539,1.3318,4.7295,0.4371,1.1532
DIESEL_Constanta-DN3-Murfatlar-retur,09-10,2026-09-11 09:50:29,2167,51.0,1484.7991400491392,20.82745700245696,27.6174078624075,89.0,33.0,21.0,36.72260442260439,16.745184275184247,2.047714816055486,-0.0419,36251.8,0,urban,S4_urban_retur,0.4559,1.7544,1.2029,4.5389,0.3433,0.9057
DIESEL_Constanta-DN3-Murfatlar-retur,09-10,2026-09-11 09:50:30,2168,50.69844559585479,1461.691191709842,19.79494300518126,20.78,88.69844559585479,33.0,21.0,36.833264248704936,16.152549222797887,2.688905386282136,-0.1389,36265.9,0,urban,S4_urban_retur,0.1262,1.7545,0.3329,4.3139,0.1243,0.3281
DIESEL_Constanta-DN3-Murfatlar-retur,09-10,2026-09-11 09:50:31,2169,50.0,1446.8752302025782,19.220939226519352,21.488434622467665,88.30018416206256,33.0,21.0,37.759668508287376,15.862946593001856,2.466670006291972,-0.097,36279.8,0,urban,S4_urban_retur,0.1451,1.7546,0.3829,4.1888,0.2122,0.5599
DIESEL_Constanta-DN3-Murfatlar-retur,09-10,2026-09-11 09:50:32,2170,50.0,1447.5488826815645,19.258156424580765,23.349162011173,89.0,33.0,21.0,36.848603351955,15.893296089385268,2.355213573447074,0.0,36293.7,0,urban,S4_urban_retur,0.2062,1.7549,0.544,4.1969,0.425,1.1215
DIESEL_Constanta-DN3-Murfatlar-retur,09-10,2026-09-11 09:50:33,2171,50.0,1455.6556394316133,20.290266429840035,27.40370337477673,88.6936056838367,32.6936056838367,21.0,37.371047957371374,16.66481349911185,1.766384499603627,0.0376,36307.5,0,urban,S4_urban_retur,0.4263,1.7553,1.1249,4.4219,0.5076,1.3392
DIESEL_Constanta-DN3-Murfatlar-retur,09-10,2026-09-11 09:50:34,2172,50.27103960396046,1475.7243193069307,20.93205445544553,33.0593440594054,88.27103960396046,32.0,21.0,37.21311881188139,16.92934405940593,2.4642285437505507,0.0865,36321.5,0,urban,S4_urban_retur,0.7176,1.756,1.8934,4.5617,0.6191,1.6336
DIESEL_Constanta-DN3-Murfatlar-retur,09-10,2026-09-11 09:50:35,2173,50.62293577981651,1469.2701834862385,20.52080733944954,24.692036697247687,89.0,32.0,21.0,38.41963302752293,16.6578623853211,2.8974246610182224,-0.3998,36335.6,0,urban,S4_urban_retur,0.3227,1.7563,0.8514,4.4721,0.0694,0.1832
DIESEL_Constanta-DN3-Murfatlar-retur,09-10,2026-09-11 09:50:36,2174,47.39259927797839,1377.4812725631784,20.17223826714801,17.4859837545127,88.71028880866426,32.0,21.0,37.524277978339335,16.094494584837552,2.529436480278568,-1.6076,36348.7,0,urban,S4_urban_retur,0.0896,1.7564,0.2365,4.3962,0.0694,0.1832
DIESEL_Constanta-DN3-Murfatlar-retur,09-10,2026-09-11 09:50:37,2175,39.04786150712648,1206.145366598799,20.81293279022426,9.581354378818896,88.0,31.783095723014053,21.0,39.08309572301405,15.213828920570116,2.219137782116228,-2.3601,36359.6,0,urban,S4_urban_retur,0.0,1.7564,0.0,4.5358,0.0694,0.1832
DIESEL_Constanta-DN3-Murfatlar-retur,09-10,2026-09-11 09:50:38,2176,30.39999999999874,1321.0500000000268,22.27200000000046,10.67000000000037,88.20000000000016,31.0,21.0,37.93999999999971,14.619999999999976,1.5701049697807303,-2.1873,36368.0,0,urban,S4_urban_retur,0.0,1.7564,0.0,4.8538,0.0694,0.1832
DIESEL_Constanta-DN3-Murfatlar-retur,09-10,2026-09-11 09:50:39,2177,23.299077733860155,1484.3356389986898,25.17976284584996,12.51094861660078,89.0,31.0,21.0,36.5,14.515019762845856,1.6112968578910456,-2.0837,36374.5,0,urban,S4_urban_retur,0.0,1.7564,0.0,5.4875,0.0694,0.1832
DIESEL_Constanta-DN3-Murfatlar-retur,09-10,2026-09-11 09:50:40,2178,15.397641112047005,1567.113521482712,25.92475989890432,14.881339511373506,88.73294018534116,31.0,21.0,36.84717775905648,14.72744734625106,1.5390579247614475,-1.7967,36378.8,0,urban,S4_urban_retur,0.0337,1.7564,0.0889,5.6498,0.0694,0.1832
DIESEL_Constanta-DN3-Murfatlar-retur,09-10,2026-09-11 09:50:41,2179,10.362745098038667,1111.0514705882222,13.481372549019444,22.50039215686288,88.12745098039227,30.87254901960773,21.0,37.76176470588232,14.976960784313755,1.6076446478344846,-1.3756,36381.6,0,urban,S4_urban_retur,0.1262,1.7566,0.3329,2.938,0.0694,0.1832
DIESEL_Constanta-DN3-Murfatlar-retur,09-10,2026-09-11 09:50:42,2180,5.493087557603063,996.6716589861624,12.051866359446834,23.6795391705071,89.0,30.0,21.0,37.550691244239694,15.23,2.7261737076652874,-1.2028,36383.2,0,urban,S4_urban_retur,0.1262,1.7567,0.3329,2.6265,0.0694,0.1832
DIESEL_Constanta-DN3-Murfatlar-retur,09-10,2026-09-11 09:50:43,2181,1.7023370233700383,894.840713407114,10.966051660516516,23.07583025830151,88.70233702337003,30.0,21.0,37.45350553505506,15.185350553505506,2.594021969978038,-0.6643,36383.6,0,urban,S4_urban_retur,0.1262,1.7568,0.3329,2.3898,0.0694,0.1832
DIESEL_Constanta-DN3-Murfatlar-retur,09-10,2026-09-11 09:50:44,2182,0.7099391480730161,823.9503042596349,10.635496957403651,19.103975659229206,88.0,30.0,21.0,36.48701825557809,15.039391480730222,3.983658002776151,-0.2317,36383.8,1,urban,S4_urban_retur,0.1262,1.7569,0.3329,2.3178,0.1528,0.4031
DIESEL_Constanta-DN3-Murfatlar-retur,09-10,2026-09-11 09:50:45,2183,0.0338066260988321,827.3309668695058,10.60169033130494,18.833522650439534,88.0,30.0,21.0,36.68985801217036,14.944732927653837,3.860527388153285,-0.0986,36383.9,1,urban,S4_urban_retur,0.1262,1.7571,0.3329,2.3104,0.1528,0.4032
DIESEL_Constanta-DN3-Murfatlar-retur,09-10,2026-09-11 09:50:46,2184,0.0,827.3861695137978,10.47570302233903,18.82,89.0,30.0,21.0,36.57736530880421,14.79,3.883043214830381,-0.0047,36383.9,1,urban,S4_urban_retur,0.1262,1.7572,0.3329,2.283,0.1528,0.4031
DIESEL_Constanta-DN3-Murfatlar-retur,09-10,2026-09-11 09:50:47,2185,0.0,835.1062746386339,10.593968462549284,18.82,89.0,30.0,21.0,36.74162286465179,14.79,3.655213160295832,0.1155,36383.9,1,urban,S4_urban_retur,0.1262,1.7573,0.3329,2.3088,0.1528,0.4031
DIESEL_Constanta-DN3-Murfatlar-retur,09-10,2026-09-11 09:50:48,2186,0.8318181818180456,862.797727272724,11.002818181818135,18.43,88.0,29.0,21.0,37.084090909090975,14.79,4.916489909441677,0.0,36384.1,1,urban,S4_urban_retur,0.1262,1.7575,0.3329,2.3979,0.1567,0.4135
DIESEL_Constanta-DN3-Murfatlar-retur,09-10,2026-09-11 09:50:49,2187,0.0,848.8645251396655,10.803843575419004,18.43,88.29944134078217,29.0,21.0,37.6796648044693,14.79,6.36034703347316,-0.1155,36384.1,1,urban,S4_urban_retur,0.1262,1.7576,0.3329,2.3545,0.1528,0.4031
DIESEL_Constanta-DN3-Murfatlar-retur,09-10,2026-09-11 09:50:50,2188,0.0,861.6086044071353,10.996086044071353,18.43,89.0,29.0,21.0,37.59118572927589,14.79,5.072321879516882,0.0,36384.1,1,urban,S4_urban_retur,0.1262,1.7577,0.3329,2.3964,0.1528,0.4031
DIESEL_Constanta-DN3-Murfatlar-retur,09-10,2026-09-11 09:50:51,2189,0.0,863.5735294117649,11.031176470588235,18.43,89.0,29.0,21.0,37.10882352941178,14.79,4.053305142613076,0.0,36384.1,1,urban,S4_urban_retur,0.1262,1.7578,0.3329,2.404,0.1528,0.4031
DIESEL_Constanta-DN3-Murfatlar-retur,09-10,2026-09-11 09:50:52,2190,0.0,868.5432480141218,11.11,18.43,89.0,29.0,21.0,37.319417475728265,14.79,4.177761730387692,0.0,36384.1,1,urban,S4_urban_retur,0.1262,1.758,0.3329,2.4212,0.1528,0.4031
DIESEL_Constanta-DN3-Murfatlar-retur,09-10,2026-09-11 09:50:53,2191,0.0,869.1752793296096,11.11645251396649,18.452877094972106,89.0,29.0,21.0,35.546927374301745,14.79,6.649595015376996,0.0,36384.1,1,urban,S4_urban_retur,0.1262,1.7581,0.3329,2.4226,0.1528,0.4031
DIESEL_Constanta-DN3-Murfatlar-retur,09-10,2026-09-11 09:50:54,2192,0.0,875.9257448789574,11.218873370577285,18.81600558659219,89.0,29.0,21.0,36.29180633147116,14.79,4.063607339920575,0.0,36384.1,1,urban,S4_urban_retur,0.1262,1.7582,0.3329,2.4449,0.1528,0.4031
DIESEL_Constanta-DN3-Murfatlar-retur,09-10,2026-09-11 09:50:55,2193,0.0,869.5234741784009,11.120920187793384,18.82,88.22723004694852,29.0,21.0,36.8454460093897,14.79,4.576294086606874,0.0293,36384.1,1,urban,S4_urban_retur,0.1262,1.7583,0.3329,2.4236,0.1528,0.4031
DIESEL_Constanta-DN3-Murfatlar-retur,09-10,2026-09-11 09:50:56,2194,0.211217183770995,854.6270883054885,10.90099045346061,18.9044868735084,88.788782816229,29.0,21.0,37.1056085918855,14.79,4.083830555793777,0.0999,36384.1,1,urban,S4_urban_retur,0.1262,1.7585,0.3329,2.3757,0.1547,0.4082
DIESEL_Constanta-DN3-Murfatlar-retur,09-10,2026-09-11 09:50:57,2195,0.7196029776675031,848.939205955335,10.821588089330024,19.22,88.2803970223325,29.0,21.0,37.35980148883375,14.79,4.942344979259189,-0.0051,36384.3,1,urban,S4_urban_retur,0.1262,1.7586,0.3329,2.3584,0.156,0.4117
DIESEL_Constanta-DN3-Murfatlar-retur,09-10,2026-09-11 09:50:58,2196,0.1742627345845746,848.8941018766766,10.82091152815015,19.287962466487983,89.0,29.0,21.0,36.86058981233234,14.79,4.48640107252963,-0.0028,36384.4,1,urban,S4_urban_retur,0.1262,1.7587,0.3329,2.3582,0.1536,0.4052
DIESEL_Constanta-DN3-Murfatlar-retur,09-10,2026-09-11 09:50:59,2197,0.6995305164318648,845.2840375586834,10.769765258215932,19.61,88.69953051643186,29.0,21.0,36.68075117370902,14.79,3.766691592488821,-0.0242,36384.6,1,urban,S4_urban_retur,0.1262,1.7588,0.3329,2.3471,0.1553,0.4099
DIESEL_Constanta-DN3-Murfatlar-retur,09-10,2026-09-11 09:51:00,2198,0.0,821.2747875354104,10.416997167138804,19.66855524079332,88.0,29.0,21.0,37.45467422096251,14.79,3.8549158759870688,-0.0972,36384.6,1,urban,S4_urban_retur,0.1262,1.759,0.3329,2.2702,0.1528,0.4031
DIESEL_Constanta-DN3-Murfatlar-retur,09-10,2026-09-11 09:51:01,2199,0.0,824.6888320545611,10.464791133844844,20.0,88.34100596760445,29.0,21.0,35.841005967604445,14.79,4.504489034308112,0.0,36384.6,1,urban,S4_urban_retur,0.1262,1.7591,0.3329,2.2806,0.1528,0.4031
DIESEL_Constanta-DN3-Murfatlar-retur,09-10,2026-09-11 09:51:02,2200,0.0,836.0139627659566,10.622198581560273,20.078484042553164,89.0,29.0,21.0,36.660992907801365,14.79,4.376179908374678,0.0,36384.6,1,urban,S4_urban_retur,0.1262,1.7592,0.3329,2.3149,0.1528,0.4031
DIESEL_Constanta-DN3-Murfatlar-retur,09-10,2026-09-11 09:51:03,2201,0.0,844.8510531594783,10.748014042126377,20.42872617853566,89.0,29.0,21.0,37.27021063189565,14.79,4.668943587931205,0.0,36384.6,1,urban,S4_urban_retur,0.1262,1.7593,0.3329,2.3423,0.1528,0.4031
DIESEL_Constanta-DN3-Murfatlar-retur,09-10,2026-09-11 09:51:04,2202,0.0,840.986710963458,10.692724252491736,20.78,89.0,29.0,21.0,37.03388704318933,14.79,4.9374299219351405,0.0,36384.6,1,urban,S4_urban_retur,0.1262,1.7595,0.3329,2.3303,0.1528,0.4031
DIESEL_Constanta-DN3-Murfatlar-retur,09-10,2026-09-11 09:51:05,2203,0.0,825.4974640743886,10.462240067624704,20.78,89.0,29.0,21.0,37.24953508030429,14.79,5.35518568247291,0.0,36384.6,1,urban,S4_urban_retur,0.1262,1.7596,0.3329,2.28,0.1528,0.4031
DIESEL_Constanta-DN3-Murfatlar-retur,09-10,2026-09-11 09:51:06,2204,0.0,846.2974087161357,10.76679623085982,20.78753828032984,89.0,29.018845700824585,21.0,37.00565371024737,14.79,4.786507151196672,0.0,36384.6,1,urban,S4_urban_retur,0.1262,1.7597,0.3329,2.3464,0.1528,0.4031
DIESEL_Constanta-DN3-Murfatlar-retur,09-10,2026-09-11 09:51:07,2205,0.0,839.6058917197432,10.653184713375769,21.18,88.82271762208077,30.0,21.0,37.3,14.79,4.385454656835181,0.0,36384.6,1,urban,S4_urban_retur,0.1262,1.7598,0.3329,2.3217,0.1528,0.4031
DIESEL_Constanta-DN3-Murfatlar-retur,09-10,2026-09-11 09:51:08,2206,0.0,861.0254911131887,10.948409728718412,21.18,88.2104770813844,30.2104770813844,21.0,37.15266604303092,14.79,4.935556655798075,0.0,36384.6,1,urban,S4_urban_retur,0.1262,1.76,0.3329,2.386,0.1528,0.4031
DIESEL_Constanta-DN3-Murfatlar-retur,09-10,2026-09-11 09:51:09,2207,0.0,868.672960725077,11.045166163142015,21.24126888217521,89.0,31.0,21.0,36.725679758308125,14.79,4.274240498349441,0.0,36384.6,1,urban,S4_urban_retur,0.1262,1.7601,0.3329,2.4071,0.1528,0.4031
DIESEL_Constanta-DN3-Murfatlar-retur,09-10,2026-09-11 09:51:10,2208,0.0,841.144822761194,10.621930970149252,21.57,89.0,31.152052238805965,21.0,37.52164179104477,14.79,4.59954369648607,0.0115,36384.6,1,urban,S4_urban_retur,0.1262,1.7602,0.3329,2.3148,0.1528,0.4031
DIESEL_Constanta-DN3-Murfatlar-retur,09-10,2026-09-11 09:51:11,2209,0.0828025477706268,856.1560509554125,10.821528662420365,21.57,89.0,32.082802547770626,21.0,38.11719745222938,14.79,4.986125692322805,0.1379,36384.6,1,urban,S4_urban_retur,0.1262,1.7604,0.3329,2.3583,0.1537,0.4055
DIESEL_Constanta-DN3-Murfatlar-retur,09-10,2026-09-11 09:51:12,2210,0.9927206551412074,874.3544131028242,11.058107370336714,21.57,89.0,32.992720655141206,21.0,37.2072793448588,14.79,4.034119233992977,-0.009,36384.9,1,urban,S4_urban_retur,0.1262,1.7605,0.3329,2.4099,0.1571,0.4145
DIESEL_Constanta-DN3-Murfatlar-retur,09-10,2026-09-11 09:51:13,2211,0.0178217821782427,863.9415841584162,10.873386138613863,21.57,89.0,33.0,21.0,39.06613861386134,14.79,4.702199979931,-0.1379,36384.9,1,urban,S4_urban_retur,0.1262,1.7606,0.3329,2.3696,0.1528,0.4031
DIESEL_Constanta-DN3-Murfatlar-retur,09-10,2026-09-11 09:51:14,2212,0.0,858.5379711751671,10.757161862527722,21.57,88.42904656319307,34.42904656319308,21.0,36.81419068736139,14.79,4.46107997897284,0.0502,36384.9,1,urban,S4_urban_retur,0.1262,1.7607,0.3329,2.3443,0.1528,0.4031
DIESEL_Constanta-DN3-Murfatlar-retur,09-10,2026-09-11 09:51:15,2213,0.3789062500000402,858.3134765624997,10.87472656250001,21.422226562499983,88.62109374999996,35.0,21.0,37.19257812500005,14.956718750000018,4.480496242582625,0.2397,36385.0,1,urban,S4_urban_retur,0.1262,1.7609,0.3329,2.3699,0.1586,0.4184
DIESEL_Constanta-DN3-Murfatlar-retur,09-10,2026-09-11 09:51:16,2214,1.7256637168138318,873.4103982300795,11.215044247787526,23.883097345131524,88.18141592920345,35.0,21.0,37.90929203539827,15.38783185840701,3.4570885021195785,0.7212,36385.5,0,urban,S4_urban_retur,0.1605,1.761,0.4235,2.4441,0.1322,0.3489
DIESEL_Constanta-DN3-Murfatlar-retur,09-10,2026-09-11 09:51:17,2215,5.571646341462072,977.4268292682594,12.36669207316999,36.88716463414445,89.0,35.114329268292416,21.0,37.5,16.2326219512192,1.6529471367582445,1.3875,36387.0,0,urban,S4_urban_retur,0.3443,1.7614,0.9085,2.6951,0.4353,1.1485
DIESEL_Constanta-DN3-Murfatlar-retur,09-10,2026-09-11 09:51:18,2216,11.715455475946484,1243.9997441146097,17.924974411463133,40.78553735926345,89.0,36.0,21.0,37.02824974411472,17.75748208802448,2.505327037816573,1.4422,36390.3,0,urban,S4_urban_retur,0.7302,1.7621,1.9266,3.9064,0.868,2.2903
DIESEL_Constanta-DN3-Murfatlar-retur,09-10,2026-09-11 09:51:19,2217,15.955752212389225,1645.0004424778608,25.822867256636865,36.42178761061957,89.0,36.0,21.0,36.36088495575221,18.64686725663715,2.430953948848119,1.1544,36394.7,0,urban,S4_urban_retur,1.0697,1.7632,2.8226,5.6276,0.9573,2.5258
DIESEL_Constanta-DN3-Murfatlar-retur,09-10,2026-09-11 09:51:20,2218,20.02716049382709,2068.472222222213,34.31209876543191,34.51,89.0,36.0,21.0,36.14592592592594,19.2234074074074,2.294789960395339,1.0602,36400.3,0,urban,S4_urban_retur,1.3428,1.7645,3.5431,7.4777,1.1038,2.9125
DIESEL_Constanta-DN3-Murfatlar-retur,09-10,2026-09-11 09:51:21,2219,23.589307411908685,2344.996051032662,40.52391251518588,35.80411907655147,89.0,36.11786148238173,21.0,35.85321992709626,19.956038882138667,2.32598138489752,1.2389,36406.8,0,urban,S4_urban_retur,1.5996,1.7661,4.2206,8.8314,1.4763,3.8953
DIESEL_Constanta-DN3-Murfatlar-retur,09-10,2026-09-11 09:51:22,2220,28.94727744165932,1796.039109766627,31.64826274848722,45.39764044943822,89.0,37.0,21.0,37.21313742437335,20.7373552290406,1.5626206210791884,1.2939,36414.9,0,urban,S4_urban_retur,1.8412,1.7679,4.8583,6.8971,1.8734,4.9432
DIESEL_Constanta-DN3-Murfatlar-retur,09-10,2026-09-11 09:51:23,2221,32.90557275541916,2075.7728328174,38.111888544893176,45.170634674922695,89.0,37.0,21.0,37.68266253869941,21.31040247678036,1.9790700810588249,1.4386,36424.0,0,urban,S4_urban_retur,2.1277,1.7701,5.6141,8.3058,2.3367,6.1657
DIESEL_Constanta-DN3-Murfatlar-retur,09-10,2026-09-11 09:51:24,2222,39.305057096247765,2407.3050570962378,46.01691680260989,45.63982871125611,88.61582381729204,37.0,21.0,37.00734094616637,22.122822185970616,3.175970802795213,1.4897,36434.9,0,urban,S4_urban_retur,2.4555,1.7725,6.4792,10.0285,2.8831,7.6073
DIESEL_Constanta-DN3-Murfatlar-retur,09-10,2026-09-11 09:51:25,2223,43.63144329896892,2443.1520618557074,49.83905498281799,48.02690721649434,88.0,37.0,21.0,37.16323024054991,22.35792096219934,1.8993032032613524,0.9481,36447.0,0,urban,S4_urban_retur,2.61,1.7751,6.8866,10.8615,2.1705,5.7272
DIESEL_Constanta-DN3-Murfatlar-retur,09-10,2026-09-11 09:51:26,2224,46.131707317073335,1793.386585365777,44.80034146341074,54.22029268292454,88.0,37.131707317073335,21.0,36.04487804878067,21.8051707317072,3.043384230069248,0.5659,36459.9,0,urban,S4_urban_retur,2.2694,1.7774,5.988,9.7634,1.527,4.0291
DIESEL_Constanta-DN3-Murfatlar-retur,09-10,2026-09-11 09:51:27,2225,47.7060606060606,1394.2530303030303,23.58872727272728,41.684636363636365,88.0,38.0,21.0,36.964696969696966,20.668106060606064,1.7886566327974565,0.3803,36473.1,0,urban,S4_urban_retur,1.0094,1.7784,2.6635,5.1407,1.1948,3.1526
DIESEL_Constanta-DN3-Murfatlar-retur,09-10,2026-09-11 09:51:28,2226,48.8695263628238,1415.1409740840022,22.56903485254655,38.9280250223388,88.1304736371762,38.0,21.0,36.92609472743524,19.463833780160552,1.8076713274077183,0.0408,36486.7,0,urban,S4_urban_retur,0.9107,1.7793,2.4029,4.9185,0.4993,1.3175
DIESEL_Constanta-DN3-Murfatlar-retur,09-10,2026-09-11 09:51:29,2227,48.0,1407.947527749748,20.4163773965691,23.8987487386478,89.0,38.0,21.0,37.0863773965691,17.678284561049427,2.4988680702572927,-0.115,36500.0,0,urban,S4_urban_retur,0.2506,1.7796,0.6613,4.4494,0.1596,0.4212
DIESEL_Constanta-DN3-Murfatlar-retur,09-10,2026-09-11 09:51:30,2228,48.041331802525896,1414.7003444316872,19.903547646383423,23.39915040183736,88.95866819747411,38.0,21.0,36.62066590126295,17.241814006888607,2.0497771048531903,0.1389,36513.4,0,urban,S4_urban_retur,0.2023,1.7798,0.5338,4.3376,0.6952,1.8344
DIESEL_Constanta-DN3-Murfatlar-retur,09-10,2026-09-11 09:51:31,2229,49.0,1409.123421354764,19.36577497129733,29.70741676234204,88.0,38.0,21.0,37.13788748564867,16.8484156142365,1.6957159524234235,0.1331,36527.0,0,urban,S4_urban_retur,0.5167,1.7803,1.3633,4.2204,0.6996,1.8459
DIESEL_Constanta-DN3-Murfatlar-retur,09-10,2026-09-11 09:51:32,2230,49.0,1419.1735015772852,19.70854889589905,30.13293375394361,88.30914826498409,38.0,21.0,36.86719242902228,16.923627760252387,1.8742722096812063,-0.0362,36540.6,0,urban,S4_urban_retur,0.5288,1.7808,1.3953,4.2951,0.3355,0.8852
DIESEL_Constanta-DN3-Murfatlar-retur,09-10,2026-09-11 09:51:33,2231,48.73936170212774,1418.5305851063858,19.637925531914927,26.39989361702182,88.73936170212774,37.73936170212774,21.0,36.31702127659562,16.85909574468084,2.0450479731779256,-0.1342,36554.1,0,urban,S4_urban_retur,0.3594,1.7812,0.9483,4.2797,0.1232,0.3252
DIESEL_Constanta-DN3-Murfatlar-retur,09-10,2026-09-11 09:51:34,2232,48.033707865168594,1391.219101123597,19.341573033707903,21.5501123595512,88.0337078651686,37.0,21.0,37.4494382022471,16.974719101123604,2.5881038751235548,0.063,36567.5,0,urban,S4_urban_retur,0.1432,1.7813,0.3778,4.2151,0.5351,1.4118
DIESEL_Constanta-DN3-Murfatlar-retur,09-10,2026-09-11 09:51:35,2233,49.192997438087154,1420.4957301451757,19.9059607173356,32.46300597779683,89.0,37.0,21.0,36.15439795046972,17.054030742954723,1.5785905752355938,0.2731,36581.1,0,urban,S4_urban_retur,0.6431,1.782,1.6968,4.3381,1.0052,2.6523
DIESEL_Constanta-DN3-Murfatlar-retur,09-10,2026-09-11 09:51:36,2234,50.0,1425.6403508771955,19.712807017543778,32.594298245616834,89.0,36.90350877193006,21.0,36.70350877193006,16.847982456140283,1.8341630463564784,0.1121,36595.0,0,urban,S4_urban_retur,0.6392,1.7826,1.6866,4.296,0.671,1.7706
DIESEL_Constanta-DN3-Murfatlar-retur,09-10,2026-09-11 09:51:37,2235,50.0,1422.7708018154324,19.88425869894097,24.11718608169478,89.0,36.0,21.0,35.910060514372184,16.897216338880447,2.3108947261584354,-0.0283,36608.9,0,urban,S4_urban_retur,0.2419,1.7829,0.6383,4.3334,0.3629,0.9577
DIESEL_Constanta-DN3-Murfatlar-retur,09-10,2026-09-11 09:51:38,2236,49.79650436953805,1428.9328963795244,19.64389513108614,26.40332084893861,88.79650436953804,35.79650436953805,21.0,36.32384519350815,16.61953807740326,2.295730979140032,-0.0991,36622.7,0,urban,S4_urban_retur,0.3774,1.7832,0.9959,4.281,0.2061,0.5437
DIESEL_Constanta-DN3-Murfatlar-retur,09-10,2026-09-11 09:51:39,2237,49.28616600790523,1418.6330039525744,19.86324110671945,26.72939130434974,88.28616600790524,35.0,21.0,36.79936758893268,16.927075098814214,1.679898647193297,0.0283,36636.4,0,urban,S4_urban_retur,0.397,1.7836,1.0475,4.3288,0.4779,1.2609
DIESEL_Constanta-DN3-Murfatlar-retur,09-10,2026-09-11 09:51:40,2238,50.0,1456.5652866241987,20.43787261146491,39.00104458598278,89.0,35.0,21.0,35.91121019108299,16.838535031847165,1.6654020430401772,0.0547,36650.3,0,urban,S4_urban_retur,0.9556,1.7846,2.5214,4.454,0.5451,1.4382
DIESEL_Constanta-DN3-Murfatlar-retur,09-10,2026-09-11 09:51:41,2239,49.6803278688526,1436.868852459016,20.229180327868843,23.53877049180206,89.0,35.0,21.0,36.5401639344263,16.97,2.1392417846556144,-0.1389,36664.1,0,urban,S4_urban_retur,0.2674,1.7849,0.7054,4.4086,0.1184,0.3124
DIESEL_Constanta-DN3-Murfatlar-retur,09-10,2026-09-11 09:51:42,2240,49.0,1433.60768261965,19.98224181360215,26.97534005037899,88.7178841309825,35.0,21.0,36.5949622166245,16.80637279596985,2.2959664745375505,-0.0945,36677.7,0,urban,S4_urban_retur,0.4432,1.7853,1.1695,4.3548,0.2101,0.5544
DIESEL_Constanta-DN3-Murfatlar-retur,09-10,2026-09-11 09:51:43,2241,49.0,1421.2792620865137,19.358227311280725,21.88932994062743,88.12298558100082,35.0,21.0,37.48931297709926,16.46133163698048,2.0714824784991763,0.0,36691.3,0,urban,S4_urban_retur,0.1805,1.7855,0.4763,4.2188,0.4133,1.0906
DIESEL_Constanta-DN3-Murfatlar-retur,09-10,2026-09-11 09:51:44,2242,49.0,1435.2741730279884,20.10462256149271,29.539881255300315,88.97116200169627,35.0,21.0,36.72595419847337,16.953273960983832,3.735695865808793,0.1389,36705.0,0,urban,S4_urban_retur,0.5551,1.786,1.4646,4.3814,0.712,1.8788
DIESEL_Constanta-DN3-Murfatlar-retur,09-10,2026-09-11 09:51:45,2243,50.0,1433.6628664495115,20.199706840391013,29.32755700325703,88.24104234527702,35.0,21.0,36.58925081433243,16.99596091205223,2.419752044761129,0.1389,36718.8,0,urban,S4_urban_retur,0.5374,1.7866,1.418,4.4021,0.7298,1.9258
DIESEL_Constanta-DN3-Murfatlar-retur,09-10,2026-09-11 09:51:46,2244,50.0,1443.6259954493732,20.85315130830489,29.586416382252345,89.0,34.65756541524464,21.0,37.020591581342494,17.450693970420946,1.919855871708929,0.0486,36732.7,0,urban,S4_urban_retur,0.528,1.7871,1.3933,4.5445,0.5317,1.4029
DIESEL_Constanta-DN3-Murfatlar-retur,09-10,2026-09-11 09:51:47,2245,50.34962717481364,1452.0196768848373,20.69665285832641,29.65000828500361,89.0,34.0,21.0,36.16992543496273,17.207555923777953,2.494129320173142,0.1065,36746.7,0,urban,S4_urban_retur,0.5396,1.7876,1.4238,4.5104,0.6645,1.7535
DIESEL_Constanta-DN3-Murfatlar-retur,09-10,2026-09-11 09:51:48,2246,50.76681127982632,1444.3969631236475,20.53959869848164,24.5350433839486,88.76681127982631,34.0,21.0,36.43991323210421,17.144978308026054,1.980505040051285,-0.0486,36760.8,0,urban,S4_urban_retur,0.2965,1.7879,0.7823,4.4762,0.3259,0.86
DIESEL_Constanta-DN3-Murfatlar-retur,09-10,2026-09-11 09:51:49,2247,50.0,1460.4232984293194,20.642282722512963,28.44134031413642,88.30680628272266,34.0,21.0,36.6238743455496,17.03603141361246,2.0320994253942346,-0.1065,36774.7,0,urban,S4_urban_retur,0.4803,1.7884,1.2674,4.4986,0.1913,0.5049
DIESEL_Constanta-DN3-Murfatlar-retur,09-10,2026-09-11 09:51:50,2248,50.0,1455.892045454544,20.062954545454545,27.134999999999025,89.0,34.29545454545465,21.0,36.35454545454559,16.5743181818182,1.870243590089583,0.0,36788.6,0,urban,S4_urban_retur,0.4373,1.7889,1.1539,4.3723,0.425,1.1215
DIESEL_Constanta-DN3-Murfatlar-retur,09-10,2026-09-11 09:51:51,2249,50.0,1444.65,20.08,22.036,89.0,35.0,21.0,37.34,16.708,2.015454564547611,0.0266,36802.5,0,urban,S4_urban_retur,0.1893,1.789,0.4994,4.3761,0.4834,1.2755
DIESEL_Constanta-DN3-Murfatlar-retur,09-10,2026-09-11 09:51:52,2250,50.19145299145312,1441.4414529914532,20.208068376068432,27.58458119658154,88.80854700854688,35.0,21.0,37.76598290598282,16.904239316239373,2.418573393301069,0.1389,36816.4,0,urban,S4_urban_retur,0.4658,1.7895,1.229,4.404,0.7333,1.9349
DIESEL_Constanta-DN3-Murfatlar-retur,09-10,2026-09-11 09:51:53,2251,51.0,1446.7978723404303,20.6786170212767,30.43861702127728,88.09574468085117,35.0,21.0,37.23829787234047,17.273404255319164,2.0675757745845047,0.1123,36830.6,0,urban,S4_urban_retur,0.6041,1.7901,1.5939,4.5065,0.6884,1.8164
DIESEL_Constanta-DN3-Murfatlar-retur,09-10,2026-09-11 09:51:54,2252,51.0,1485.6666666666686,21.384600000000106,32.37033333333516,88.67333333333347,35.0,21.0,37.58366666666667,17.259533333333394,1.5665421397360135,0.0,36844.8,0,urban,S4_urban_retur,0.7196,1.7908,1.8989,4.6604,0.4371,1.1532
DIESEL_Constanta-DN3-Murfatlar-retur,09-10,2026-09-11 09:51:55,2253,51.0,1477.333333333335,20.9246000000001,24.003666666668494,88.00666666666682,35.0,21.0,37.55033333333333,16.97286666666673,1.609685531479475,-0.1389,36858.9,0,urban,S4_urban_retur,0.257,1.7911,0.6781,4.5601,0.1262,0.3329
DIESEL_Constanta-DN3-Murfatlar-retur,09-10,2026-09-11 09:51:56,2254,50.0,1464.9321651630812,20.4112213740458,22.91001387925056,89.0,35.0,21.0,37.17439278278973,16.77192227619708,2.469486541639248,-0.1389,36872.8,0,urban,S4_urban_retur,0.2289,1.7913,0.604,4.4482,0.1202,0.3173
DIESEL_Constanta-DN3-Murfatlar-retur,09-10,2026-09-11 09:51:57,2255,50.0,1464.7586745315753,19.800534351145146,28.357619708534795,89.0,35.0,21.0,36.34163775156156,16.265329632199947,2.106830712478481,0.1389,36886.7,0,urban,S4_urban_retur,0.4916,1.7918,1.2971,4.3152,0.7298,1.9258
DIESEL_Constanta-DN3-Murfatlar-retur,09-10,2026-09-11 09:51:58,2256,51.0,1455.1161392405056,20.068784810126573,26.255379746836024,89.0,35.0,21.0,36.24632911392408,16.68,1.619289764835257,0.088,36900.9,0,urban,S4_urban_retur,0.3908,1.7922,1.0313,4.3736,0.634,1.6729
DIESEL_Constanta-DN3-Murfatlar-retur,09-10,2026-09-11 09:51:59,2257,50.63389581804853,1451.7212032281725,20.078848129126897,27.24573734409497,89.0,35.0,21.0,36.97593543653692,16.731254585473206,1.7971081215611808,-0.1389,36914.9,0,urban,S4_urban_retur,0.4461,1.7926,1.1771,4.3758,0.124,0.3271
DIESEL_Constanta-DN3-Murfatlar-retur,09-10,2026-09-11 09:52:00,2258,50.0,1454.7967332123412,20.310471869328488,22.086932849364644,89.0,35.0,21.0,37.6765880217786,16.874301270417416,1.7925626451324033,-0.0813,36928.8,0,urban,S4_urban_retur,0.1885,1.7928,0.4973,4.4263,0.2466,0.6508
DIESEL_Constanta-DN3-Murfatlar-retur,09-10,2026-09-11 09:52:01,2259,50.04822695035477,1447.2868794326275,20.722638297872283,31.46452482269534,88.95177304964524,35.0,21.0,36.81446808510643,17.23202836879424,1.4578829946931215,0.1032,36942.7,0,urban,S4_urban_retur,0.637,1.7935,1.6808,4.5161,0.6523,1.7212
DIESEL_Constanta-DN3-Murfatlar-retur,09-10,2026-09-11 09:52:02,2260,50.74276778733371,1468.8432369038317,20.57292415949972,30.101735731038115,88.25723221266628,35.0,21.0,37.04855355746675,16.829194683346447,1.6366002747433406,0.002,36956.8,0,urban,S4_urban_retur,0.5948,1.7941,1.5694,4.4835,0.4384,1.1567
DIESEL_Constanta-DN3-Murfatlar-retur,09-10,2026-09-11 09:52:03,2261,50.06297229219164,1472.9918136020185,21.17722921914373,21.348010075568588,89.0,35.0,21.0,36.855919395465854,17.287078085642406,2.074943562994525,0.0357,36970.7,0,urban,S4_urban_retur,0.154,1.7942,0.4063,4.6152,0.5042,1.3305
DIESEL_Constanta-DN3-Murfatlar-retur,09-10,2026-09-11 09:52:04,2262,51.0,1493.0120760534403,21.730030832476952,32.07058581705948,88.73689619732798,35.0,21.0,36.56834532374082,17.50056526207615,2.90482172364372,0.1301,36984.9,0,urban,S4_urban_retur,0.684,1.7949,1.8048,4.7356,0.7283,1.9216
DIESEL_Constanta-DN3-Murfatlar-retur,09-10,2026-09-11 09:52:05,2263,51.0,1502.8439781021916,21.31,33.87256386861473,88.25821167883203,35.0,21.0,37.08357664233595,17.006149635036483,1.6871304975478332,0.0,36999.1,0,urban,S4_urban_retur,0.7814,1.7957,2.0617,4.6441,0.4371,1.1532
DIESEL_Constanta-DN3-Murfatlar-retur,09-10,2026-09-11 09:52:06,2264,51.0,1487.05577576444,21.134224235560644,21.527576443940863,89.0,35.0,21.0,35.98120045300101,17.01893544733865,1.836168163877156,0.0,37013.2,0,urban,S4_urban_retur,0.1663,1.7958,0.4387,4.6058,0.4371,1.1532
DIESEL_Constanta-DN3-Murfatlar-retur,09-10,2026-09-11 09:52:07,2265,51.0,1474.8403010033423,20.37578595317722,23.412742474916065,89.0,35.0,21.0,36.71371237458169,16.641872909698982,1.8194473850915835,0.0218,37027.4,0,urban,S4_urban_retur,0.2673,1.7961,0.7054,4.4405,0.4858,1.282
DIESEL_Constanta-DN3-Murfatlar-retur,09-10,2026-09-11 09:52:08,2266,51.156976744186274,1464.485465116289,20.223837209302552,23.428197674422496,89.0,35.0,21.0,35.045348837209815,16.575523255814023,2.0325141378159626,0.0838,37041.6,0,urban,S4_urban_retur,0.2648,1.7964,0.6988,4.4074,0.6271,1.6547
DIESEL_Constanta-DN3-Murfatlar-retur,09-10,2026-09-11 09:52:09,2267,51.60339943342777,1493.770538243626,21.05,32.20467422096324,89.0,35.0,21.0,36.50339943342777,16.935014164305947,1.5383067565328403,0.0306,37055.9,0,urban,S4_urban_retur,0.7092,1.7971,1.8713,4.5874,0.5137,1.3556
DIESEL_Constanta-DN3-Murfatlar-retur,09-10,2026-09-11 09:52:10,2268,51.37722048066868,1484.2677638453497,21.144305120167168,25.84382445141024,89.0,35.0,21.0,36.1263322884012,17.11,2.267074392397116,0.001,37070.2,0,urban,S4_urban_retur,0.3714,1.7975,0.9799,4.608,0.4439,1.1713
DIESEL_Constanta-DN3-Murfatlar-retur,09-10,2026-09-11 09:52:11,2269,51.610789980732186,1482.2442196531792,21.039229287090564,26.42396917148368,88.61078998073218,35.0,21.0,37.23949903660885,16.997129094412333,2.7463937982266087,0.0274,37084.5,0,urban,S4_urban_retur,0.4205,1.7979,1.1095,4.5851,0.5066,1.3367
DIESEL_Constanta-DN3-Murfatlar-retur,09-10,2026-09-11 09:52:12,2270,51.57456828885403,1478.4321036106753,20.80237048665621,25.05334379905822,88.28728414442702,35.0,21.0,38.17017268445839,16.86309262166405,1.6402597724020378,0.1818,37098.9,0,urban,S4_urban_retur,0.3343,1.7982,0.882,4.5335,0.8556,2.2576
DIESEL_Constanta-DN3-Murfatlar-retur,09-10,2026-09-11 09:52:13,2271,52.91972076788824,1497.1531413612574,21.24525305410124,31.31926701570641,89.0,35.0,21.0,37.45549738219882,16.97,1.63966528053777,0.0656,37113.6,0,urban,S4_urban_retur,0.6737,1.7989,1.7777,4.63,0.6133,1.6182
DIESEL_Constanta-DN3-Murfatlar-retur,09-10,2026-09-11 09:52:14,2272,52.04712041884824,1506.9698952879571,21.41104712041884,26.528691099476816,89.0,35.0,21.0,35.88481675392682,16.97,2.036678638168896,-0.2666,37128.0,0,urban,S4_urban_retur,0.4535,1.7993,1.1967,4.6661,0.0694,0.1832
DIESEL_Constanta-DN3-Murfatlar-retur,09-10,2026-09-11 09:52:15,2273,51.0,1499.4907407407418,21.35063492063499,27.5467195767199,89.0,34.0,21.0,36.240740740741,17.082010582010636,1.7502191504108624,-0.0986,37142.2,0,urban,S4_urban_retur,0.4904,1.7998,1.2939,4.653,0.2164,0.5709
DIESEL_Constanta-DN3-Murfatlar-retur,09-10,2026-09-11 09:52:16,2274,51.33691406249984,1491.8422851562495,20.927919921874945,24.57104492187525,89.0,34.0,21.0,34.9401367187497,16.777705078124953,1.950500367733262,0.1389,37156.5,0,urban,S4_urban_retur,0.2942,1.8001,0.7763,4.5608,0.7541,1.9898
DIESEL_Constanta-DN3-Murfatlar-retur,09-10,2026-09-11 09:52:17,2275,52.0,1496.9994456762738,21.13864745011087,25.204988913524964,88.76274944567635,34.0,21.0,36.31862527716183,16.901197339246142,2.2556535264940534,0.0921,37170.9,0,urban,S4_urban_retur,0.3422,1.8005,0.9028,4.6068,0.6595,1.7403
DIESEL_Constanta-DN3-Murfatlar-retur,09-10,2026-09-11 09:52:18,2276,52.0,1507.9011456023634,21.072128603104225,30.42302291204652,88.02365114560247,34.0,21.0,36.68817442719877,16.68685883222472,1.4435106376015587,0.0,37185.3,0,urban,S4_urban_retur,0.6219,1.8011,1.6411,4.5923,0.4494,1.1857
DIESEL_Constanta-DN3-Murfatlar-retur,09-10,2026-09-11 09:52:19,2277,52.0,1499.4456150341668,20.59814350797272,24.072790432801074,89.0,34.0,21.0,37.04544419134348,16.418895216401,1.4707016935098003,0.0,37199.8,0,urban,S4_urban_retur,0.3027,1.8014,0.7988,4.489,0.4494,1.1857
DIESEL_Constanta-DN3-Murfatlar-retur,09-10,2026-09-11 09:52:20,2278,52.0,1489.272217235188,20.8402513464991,22.118815080790203,89.0,34.0,21.0,34.997486535009,16.84437163375225,1.763931979330004,0.0095,37214.2,0,urban,S4_urban_retur,0.1979,1.8016,0.5223,4.5417,0.471,1.2429
DIESEL_Constanta-DN3-Murfatlar-retur,09-10,2026-09-11 09:52:21,2279,52.06829765545361,1478.8904179408764,20.846687054026496,29.31436289500506,89.0,34.0,21.0,35.58878695208969,16.979561671763506,2.518207094381236,0.1225,37228.7,0,urban,S4_urban_retur,0.585,1.8022,1.5437,4.5431,0.7301,1.9265
DIESEL_Constanta-DN3-Murfatlar-retur,09-10,2026-09-11 09:52:22,2280,52.88170563961513,1509.903026134804,21.65075653370007,32.68056396148705,89.0,34.0,21.0,36.87097661623092,17.162049518569344,1.6139402129421256,0.041,37243.4,0,urban,S4_urban_retur,0.7829,1.803,2.0656,4.7184,0.5556,1.466
DIESEL_Constanta-DN3-Murfatlar-retur,09-10,2026-09-11 09:52:23,2281,52.36372847011134,1506.274822695033,21.778156028368823,27.2689463019252,89.0,34.0,21.0,36.74528875379959,17.33903748733542,2.0291740485155727,-0.0763,37257.9,0,urban,S4_urban_retur,0.4818,1.8034,1.2712,4.7461,0.2785,0.735
DIESEL_Constanta-DN3-Murfatlar-retur,09-10,2026-09-11 09:52:24,2282,52.33213644524267,1511.9008078994657,21.15253141831259,24.43671454219113,89.0,34.0,21.0,35.4998204667864,16.726229802513572,1.5941050177438845,-0.1894,37272.5,0,urban,S4_urban_retur,0.3363,1.8038,0.8873,4.6098,0.0694,0.1832
DIESEL_Constanta-DN3-Murfatlar-retur,09-10,2026-09-11 09:52:25,2283,51.0,1497.0286434463776,20.16777268560959,20.8745921173235,89.0,34.0,21.0,35.56012832263961,16.13831347387724,1.6521856240694466,-0.185,37286.6,0,urban,S4_urban_retur,0.1262,1.8039,0.3329,4.3952,0.0694,0.1832
DIESEL_Constanta-DN3-Murfatlar-retur,09-10,2026-09-11 09:52:26,2284,51.0,1502.874139414803,19.8297590361446,21.12251290877799,89.0,34.0,21.0,36.342512908777984,15.81,2.2195940704854884,-0.0014,37300.8,0,urban,S4_urban_retur,0.1262,1.804,0.3329,4.3215,0.4339,1.1449
DIESEL_Constanta-DN3-Murfatlar-retur,09-10,2026-09-11 09:52:27,2285,50.99019607843116,1484.2181372549012,19.59539215686286,20.845392156864147,89.0,34.0,21.0,36.02450980392209,15.8142156862746,2.882543166830525,-0.0894,37315.0,0,urban,S4_urban_retur,0.1293,1.8042,0.3411,4.2704,0.2369,0.625
DIESEL_Constanta-DN3-Murfatlar-retur,09-10,2026-09-11 09:52:28,2286,50.35611510791362,1482.8696043165464,20.48187050359708,27.73133093525176,89.0,34.0,21.0,37.32482014388504,16.499964028776944,3.138261221904916,0.0146,37329.0,0,urban,S4_urban_retur,0.4641,1.8046,1.2246,4.4636,0.4616,1.2179
DIESEL_Constanta-DN3-Murfatlar-retur,09-10,2026-09-11 09:52:29,2287,51.09528130671509,1486.8455081669692,21.14573502722325,28.724981851179816,89.0,34.0,21.0,35.38103448275868,16.997631578947377,2.0247961280999043,0.2283,37343.2,0,urban,S4_urban_retur,0.5288,1.8052,1.3952,4.6083,0.9502,2.5071
DIESEL_Constanta-DN3-Murfatlar-retur,09-10,2026-09-11 09:52:30,2288,52.0,1492.4865591397845,21.57720430107512,33.28575268816974,88.9946236559137,34.0,21.0,37.09247311827918,17.258440860214975,1.8702691541457788,0.0762,37357.6,0,urban,S4_urban_retur,0.755,1.8059,1.9923,4.7023,0.6233,1.6445
DIESEL_Constanta-DN3-Murfatlar-retur,09-10,2026-09-11 09:52:31,2289,51.64371497197752,1490.9797838270615,20.92104883907124,23.703362690151888,88.35628502802248,34.0,21.0,35.30808646917528,16.81323458767011,2.044702910426899,-0.1389,37371.9,0,urban,S4_urban_retur,0.2886,1.8062,0.7616,4.5593,0.1301,0.3433
DIESEL_Constanta-DN3-Murfatlar-retur,09-10,2026-09-11 09:52:32,2290,51.0,1489.5489949748758,20.591206030150783,21.43772194304847,88.83584589614748,34.0,21.0,34.89547738693455,16.507018425460647,1.7771885650382506,-0.0894,37386.1,0,urban,S4_urban_retur,0.1365,1.8063,0.3603,4.4875,0.2369,0.6252
DIESEL_Constanta-DN3-Murfatlar-retur,09-10,2026-09-11 09:52:33,2291,51.0,1473.3515761821343,20.193187390542832,22.77746059544594,88.00350262697015,34.0,21.0,36.398248686514926,16.391506129597165,2.126284113298204,0.0499,37400.3,0,urban,S4_urban_retur,0.1908,1.8065,0.5035,4.4007,0.5487,1.4479
DIESEL_Constanta-DN3-Murfatlar-retur,09-10,2026-09-11 09:52:34,2292,51.35946622185156,1501.62093411176,21.07843202668891,31.01057547956632,88.64053377814844,34.0,21.0,35.68432026688907,16.82,2.0654037560781213,0.1017,37414.5,0,urban,S4_urban_retur,0.6536,1.8072,1.7245,4.5936,0.6707,1.7697
DIESEL_Constanta-DN3-Murfatlar-retur,09-10,2026-09-11 09:52:35,2293,51.73241061130344,1494.5461361015014,21.02929642445213,28.82186851211173,88.26758938869656,34.0,21.0,35.24648212226069,16.860138408304483,2.11053719363722,-0.0499,37428.9,0,urban,S4_urban_retur,0.5421,1.8077,1.4303,4.5829,0.3327,0.878
DIESEL_Constanta-DN3-Murfatlar-retur,09-10,2026-09-11 09:52:36,2294,51.0,1478.8021936459909,20.80397125567329,22.40621028744271,89.0,33.72390317700463,21.0,35.34848714069583,16.809863842662686,1.8941897001172303,-0.1075,37443.1,0,urban,S4_urban_retur,0.2133,1.8079,0.5627,4.5338,0.1964,0.5183
DIESEL_Constanta-DN3-Murfatlar-retur,09-10,2026-09-11 09:52:37,2295,50.95865384615373,1479.0716346153813,20.278836538461505,26.426471153845466,88.95865384615372,33.04134615384627,21.0,35.9545192307691,16.39578846153848,2.409807162302474,-0.1385,37457.2,0,urban,S4_urban_retur,0.4286,1.8084,1.1309,4.4194,0.1268,0.3346
DIESEL_Constanta-DN3-Murfatlar-retur,09-10,2026-09-11 09:52:38,2296,50.00301507537704,1451.8419597989998,20.02310552763835,20.822572864323813,88.0,34.0,21.0,34.899095477386886,16.5313266331659,2.682607134943986,0.0072,37471.1,0,urban,S4_urban_retur,0.1283,1.8085,0.3385,4.3637,0.4409,1.1633
DIESEL_Constanta-DN3-Murfatlar-retur,09-10,2026-09-11 09:52:39,2297,51.01054018445298,1482.141963109357,21.04325428195009,34.82558629776197,88.01054018445298,34.0,21.0,34.601054018445296,16.966943346508636,3.26291789723205,0.2366,37485.3,0,urban,S4_urban_retur,0.8168,1.8093,2.1553,4.586,0.9669,2.5512
DIESEL_Constanta-DN3-Murfatlar-retur,09-10,2026-09-11 09:52:40,2298,51.70636792452853,1468.623231132078,20.35420990566042,25.7669575471714,89.0,34.0,21.0,34.993632075471474,16.68,2.365830895953942,-0.0397,37499.7,0,urban,S4_urban_retur,0.3936,1.8097,1.0385,4.4358,0.3556,0.9383
DIESEL_Constanta-DN3-Murfatlar-retur,09-10,2026-09-11 09:52:41,2299,50.72439862542965,1456.2281786941596,20.08771134020623,20.78,89.0,34.0,21.0,35.89292096219925,16.6000756013746,1.8081293841120445,-0.2318,37513.7,0,urban,S4_urban_retur,0.1262,1.8098,0.3329,4.3777,0.0694,0.1832
DIESEL_Constanta-DN3-Murfatlar-retur,09-10,2026-09-11 09:52:42,2300,50.03711340206192,1445.5752577319597,19.75781443298972,20.78,89.0,34.0,21.0,36.374020618556656,16.400762886597956,2.528716866406062,-0.0826,37527.6,0,urban,S4_urban_retur,0.1262,1.81,0.3329,4.3058,0.2441,0.6441
DIESEL_Constanta-DN3-Murfatlar-retur,09-10,2026-09-11 09:52:43,2301,50.12979351032451,1478.9011799410034,20.56551622418881,30.98,88.8702064896755,34.0,21.0,35.83893805309735,16.605280235988214,2.300694504027314,0.1337,37541.6,0,urban,S4_urban_retur,0.6309,1.8106,1.6647,4.4819,0.7207,1.9017
DIESEL_Constanta-DN3-Murfatlar-retur,09-10,2026-09-11 09:52:44,2302,51.0,1495.608006042295,21.42512084592132,30.504018126888983,88.17371601208431,34.0,21.0,36.06525679758314,17.16037764350445,2.0305096299418604,0.1209,37555.7,0,urban,S4_urban_retur,0.609,1.8112,1.6069,4.6692,0.7077,1.8672
DIESEL_Constanta-DN3-Murfatlar-retur,09-10,2026-09-11 09:52:45,2303,51.0,1497.732723577236,21.49546747967484,27.515691056910665,89.0,34.0,21.0,35.93069105691056,17.132987804878084,2.8618126047766927,0.0,37569.9,0,urban,S4_urban_retur,0.466,1.8117,1.2296,4.6845,0.4371,1.1532
DIESEL_Constanta-DN3-Murfatlar-retur,09-10,2026-09-11 09:52:46,2304,51.0,1496.0389566395663,20.756985094851046,25.91677506775089,89.0,34.0,21.0,35.998441734417334,16.543556910569187,2.961896689430456,-0.1389,37584.1,0,urban,S4_urban_retur,0.3805,1.812,1.004,4.5236,0.1262,0.3329
DIESEL_Constanta-DN3-Murfatlar-retur,09-10,2026-09-11 09:52:47,2305,50.0,1453.5785714285694,24.006428571427563,14.40114285714446,88.38571428571441,34.0,21.0,37.23714285714271,15.988142857142822,2.9811920135637786,-0.1389,37598.0,0,urban,S4_urban_retur,0.073,1.8121,0.1926,5.2317,0.1202,0.3173
DIESEL_Constanta-DN3-Murfatlar-retur,09-10,2026-09-11 09:52:48,2306,50.0,1443.664499036609,18.85977842003853,23.02032755298654,89.0,34.0,21.0,36.363198458574175,15.710818882466278,1.5244411290711106,-0.0522,37611.8,0,urban,S4_urban_retur,0.2324,1.8123,0.6133,4.1101,0.3105,0.8193
DIESEL_Constanta-DN3-Murfatlar-retur,09-10,2026-09-11 09:52:49,2307,49.6244075829384,1437.6783175355451,19.00690758293837,22.984158767772563,88.6244075829384,34.0,21.0,35.311255924170645,15.899348341232214,1.844026476092124,-0.0959,37625.6,0,urban,S4_urban_retur,0.2444,1.8126,0.6448,4.1422,0.2117,0.5587
DIESEL_Constanta-DN3-Murfatlar-retur,09-10,2026-09-11 09:52:50,2308,49.309757694826416,1438.7640798952182,19.98807465618857,25.760903732808828,88.0,34.0,21.0,34.74341846758341,16.666293385723627,2.014638307200804,0.0473,37639.3,0,urban,S4_urban_retur,0.3607,1.813,0.9517,4.356,0.5193,1.3702
DIESEL_Constanta-DN3-Murfatlar-retur,09-10,2026-09-11 09:52:51,2309,49.96463654223963,1461.5211198428271,20.59711198428285,36.29135559921324,88.0,34.0,21.0,36.31512770137511,16.954440078585435,1.8650486204732024,0.0967,37653.2,0,urban,S4_urban_retur,0.8565,1.8138,2.2599,4.4887,0.6367,1.6799
DIESEL_Constanta-DN3-Murfatlar-retur,09-10,2026-09-11 09:52:52,2310,50.00569800569787,1445.0997150997127,20.821538461538427,27.86011396011349,89.0,34.0,21.0,35.011396011395746,17.26,2.838743269403697,0.0978,37667.1,0,urban,S4_urban_retur,0.4427,1.8142,1.1681,4.5377,0.6398,1.688
DIESEL_Constanta-DN3-Murfatlar-retur,09-10,2026-09-11 09:52:53,2311,50.66849615806793,1456.2014270032907,20.95739846322717,27.859374313939384,88.83424807903397,34.0,21.0,36.43644346871548,17.187069154774946,1.4699839207605023,0.0509,37681.2,0,urban,S4_urban_retur,0.4636,1.8147,1.2232,4.5673,0.5462,1.4413
DIESEL_Constanta-DN3-Murfatlar-retur,09-10,2026-09-11 09:52:54,2312,50.37238095238096,1443.872380952381,20.54104761904761,21.51359047619049,88.31380952380952,34.0,21.0,35.82133333333334,16.958076190476188,1.8512565033513293,0.046,37695.2,0,urban,S4_urban_retur,0.1497,1.8149,0.3949,4.4765,0.5312,1.4016
DIESEL_Constanta-DN3-Murfatlar-retur,09-10,2026-09-11 09:52:55,2313,51.0,1448.850268576544,20.1282005371531,26.22105640107406,88.30528200537151,34.0,21.0,36.02837958818268,16.642936436884526,2.2301040927867,0.0615,37709.3,0,urban,S4_urban_retur,0.3626,1.8152,0.9568,4.3866,0.5747,1.5164
DIESEL_Constanta-DN3-Murfatlar-retur,09-10,2026-09-11 09:52:56,2314,50.81502890173401,1458.195086705202,19.76554913294798,31.652485549131672,88.81502890173401,34.0,21.0,34.66647398843939,16.2677456647399,1.7582373916006997,-0.1413,37723.4,0,urban,S4_urban_retur,0.6404,1.8159,1.6897,4.3075,0.1197,0.3158
DIESEL_Constanta-DN3-Murfatlar-retur,09-10,2026-09-11 09:52:57,2315,49.98255033557057,1455.331208053694,19.78232214765105,20.793785234899246,88.01744966442942,34.0,21.0,35.40348993288588,16.387382550335587,2.3480207468675034,-0.2521,37737.3,0,urban,S4_urban_retur,0.1262,1.816,0.3329,4.3112,0.0694,0.1832
DIESEL_Constanta-DN3-Murfatlar-retur,09-10,2026-09-11 09:52:58,2316,49.0,1433.9480558930748,19.271846901579565,21.696998784933207,88.67436208991485,34.0,21.0,35.66512758201703,16.14556500607531,1.6398100644094575,-0.1365,37750.9,0,urban,S4_urban_retur,0.1467,1.8161,0.3871,4.1999,0.1198,0.316
DIESEL_Constanta-DN3-Murfatlar-retur,09-10,2026-09-11 09:52:59,2317,49.0,1439.897342995169,19.12289855072464,24.82777777777797,88.42995169082128,34.0,21.0,35.885990338164255,15.95,1.9204529881070285,0.0,37764.6,0,urban,S4_urban_retur,0.3249,1.8165,0.8573,4.1675,0.4133,1.0906
DIESEL_Constanta-DN3-Murfatlar-retur,09-10,2026-09-11 09:53:00,2318,49.0,1439.8013307984793,19.151692015209125,25.570589353612323,88.61026615969584,34.0,21.0,36.03897338403042,16.008460076045626,2.233630903389508,0.0,37778.2,0,urban,S4_urban_retur,0.3572,1.8168,0.9425,4.1737,0.4133,1.0906
DIESEL_Constanta-DN3-Murfatlar-retur,09-10,2026-09-11 09:53:01,2319,49.0,1425.879875886521,19.230301418439737,21.52900709219884,88.31737588652493,34.0,21.0,35.592198581560105,16.284078014184463,2.65487214849194,0.0,37791.8,0,urban,S4_urban_retur,0.1462,1.817,0.3858,4.1909,0.4133,1.0906
DIESEL_Constanta-DN3-Murfatlar-retur,09-10,2026-09-11 09:53:02,2320,49.0,1406.8700000000003,19.43666666666667,26.38760000000025,89.0,34.0,21.0,34.71466666666669,16.68,2.2980722071413813,0.0644,37805.4,0,urban,S4_urban_retur,0.3441,1.8173,0.9078,4.2359,0.5518,1.456
DIESEL_Constanta-DN3-Murfatlar-retur,09-10,2026-09-11 09:53:03,2321,49.46376811594211,1431.3586956521765,19.957826086956583,31.54565217391265,88.53623188405788,34.0,21.0,35.52463768115948,16.814492753623213,2.40791774257839,0.0954,37819.1,0,urban,S4_urban_retur,0.6062,1.8179,1.5996,4.3494,0.6258,1.6513
DIESEL_Constanta-DN3-Murfatlar-retur,09-10,2026-09-11 09:53:04,2322,49.68684025334266,1446.4493314567203,20.40384236453203,27.42288529204757,88.0,34.0,21.0,35.649472202674126,17.013842364532028,3.1204521602001423,-0.061,37832.9,0,urban,S4_urban_retur,0.4257,1.8183,1.1232,4.4466,0.2883,0.7608
DIESEL_Constanta-DN3-Murfatlar-retur,09-10,2026-09-11 09:53:05,2323,49.02479338842964,1442.227272727274,20.48834710743807,23.97826446280965,88.02479338842964,34.0,21.0,35.13719008264446,17.102809917355405,2.5687519595455024,0.0523,37846.5,0,urban,S4_urban_retur,0.2555,1.8186,0.6741,4.465,0.5261,1.3883
DIESEL_Constanta-DN3-Murfatlar-retur,09-10,2026-09-11 09:53:06,2324,50.063492063492106,1431.0873015873012,19.98746031746029,26.395079365079447,89.0,34.0,21.0,36.441269841269744,16.792698412698396,2.257510301613224,0.2212,37860.5,0,urban,S4_urban_retur,0.3825,1.819,1.0094,4.3559,0.9118,2.4059
DIESEL_Constanta-DN3-Murfatlar-retur,09-10,2026-09-11 09:53:07,2325,50.617582417582405,1429.7324175824178,19.38294505494505,26.813582417582367,88.8087912087912,34.0,21.0,34.730989010989035,16.33454945054945,1.706585801019162,-0.1768,37874.5,0,urban,S4_urban_retur,0.3813,1.8194,1.0061,4.2241,0.0694,0.1832
DIESEL_Constanta-DN3-Murfatlar-retur,09-10,2026-09-11 09:53:08,2326,48.79047619047613,1439.6404761904732,19.46323809523809,20.78,88.0,34.0,21.0,37.29523809523806,16.221523809523845,1.9851443285794008,-0.3622,37888.1,0,urban,S4_urban_retur,0.1262,1.8195,0.3329,4.2416,0.0694,0.1832
DIESEL_Constanta-DN3-Murfatlar-retur,09-10,2026-09-11 09:53:09,2327,48.01010101010077,1401.590909090907,19.40202020202016,20.867171717169665,88.00505050505039,34.0,21.0,36.88636363636395,16.680707070707054,1.942878801103969,0.1443,37901.4,0,urban,S4_urban_retur,0.13,1.8196,0.343,4.2283,0.706,1.863
DIESEL_Constanta-DN3-Murfatlar-retur,09-10,2026-09-11 09:53:10,2328,49.82958199356916,1423.8456591639865,19.868167202572337,36.70392282958221,89.0,34.0,21.0,34.35337620578776,16.82,2.413979386121865,0.1411,37915.2,0,urban,S4_urban_retur,0.8295,1.8204,2.1887,4.3299,0.7316,1.9304
DIESEL_Constanta-DN3-Murfatlar-retur,09-10,2026-09-11 09:53:11,2329,49.02572347266893,1444.3440514469423,20.189710610932423,30.40167202572441,89.0,34.0,21.0,35.076848874597964,16.82,2.293270096373845,-0.1152,37928.9,0,urban,S4_urban_retur,0.5759,1.821,1.5196,4.4,0.1657,0.4373
DIESEL_Constanta-DN3-Murfatlar-retur,09-10,2026-09-11 09:53:12,2330,49.0,1424.6286367414798,20.10444721529513,22.75817123857004,89.0,34.0,21.0,34.75910224438901,17.029301745635937,2.171225443384871,-0.0261,37942.5,0,urban,S4_urban_retur,0.2098,1.8212,0.5537,4.3814,0.3572,0.9425
DIESEL_Constanta-DN3-Murfatlar-retur,09-10,2026-09-11 09:53:13,2331,48.83798882681564,1414.9832402234636,19.218659217877097,27.031396648044662,88.83798882681563,34.0,21.0,34.843575418994405,16.412681564245812,2.3558803326019726,-0.0931,37956.0,0,urban,S4_urban_retur,0.3905,1.8216,1.0304,4.1883,0.2119,0.5591
DIESEL_Constanta-DN3-Murfatlar-retur,09-10,2026-09-11 09:53:14,2332,48.32948929159812,1406.537891268537,19.509258649094,25.56088962108863,88.32948929159811,34.0,21.0,34.285008237232645,16.67497528830317,2.0376308581357074,0.0225,37969.5,0,urban,S4_urban_retur,0.3548,1.822,0.9363,4.2517,0.4533,1.1962
DIESEL_Constanta-DN3-Murfatlar-retur,09-10,2026-09-11 09:53:15,2333,49.0,1426.4840579710133,20.08881159420283,34.16321739130378,88.82028985507237,34.0,21.0,36.63043478260856,16.917884057970987,2.5562108953775087,0.0931,37983.1,0,urban,S4_urban_retur,0.7635,1.8227,2.0145,4.378,0.6135,1.6189
DIESEL_Constanta-DN3-Murfatlar-retur,09-10,2026-09-11 09:53:16,2334,49.0,1416.9155730533662,19.60493438320197,27.93142607174221,88.13210848643905,34.0,21.0,35.20183727034142,16.73680664916879,1.8827588127394272,0.0,37996.7,0,urban,S4_urban_retur,0.4547,1.8232,1.1998,4.2725,0.4133,1.0906
DIESEL_Constanta-DN3-Murfatlar-retur,09-10,2026-09-11 09:53:17,2335,49.0,1429.4927007299273,20.34715328467183,20.917518248171987,89.0,34.0,21.0,33.9,17.099489051095134,2.097143239895225,0.0452,38010.3,0,urban,S4_urban_retur,0.1326,1.8233,0.35,4.4343,0.5105,1.3471
DIESEL_Constanta-DN3-Murfatlar-retur,09-10,2026-09-11 09:53:18,2336,49.3253182461103,1433.3104667609614,19.431202263083456,27.39250353606809,89.0,34.0,21.0,34.550636492220605,16.295657708628013,1.919584312680782,0.1316,38024.0,0,urban,S4_urban_retur,0.4241,1.8238,1.1191,4.2347,0.702,1.8523
DIESEL_Constanta-DN3-Murfatlar-retur,09-10,2026-09-11 09:53:19,2337,49.94730813287535,1439.9315578465155,19.327892325315013,21.673276059564312,88.94730813287535,34.0,21.0,35.88946162657507,16.130561282932298,1.7165833388968392,-0.0452,38037.9,0,urban,S4_urban_retur,0.1328,1.8239,0.3505,4.2121,0.3253,0.8584
DIESEL_Constanta-DN3-Murfatlar-retur,09-10,2026-09-11 09:53:20,2338,49.0,1402.918376449594,19.26685102586978,24.5593577163237,88.0,34.0,21.0,35.66913470115971,16.590490633363157,2.787517938480952,-0.1316,38051.5,0,urban,S4_urban_retur,0.301,1.8242,0.7943,4.1988,0.1303,0.3438
DIESEL_Constanta-DN3-Murfatlar-retur,09-10,2026-09-11 09:53:21,2339,49.0,1427.7580645161272,19.13612903225805,29.61806451612756,88.0,34.0,21.0,35.50645161290324,16.10903225806454,3.4125597349299674,0.0,38065.1,0,urban,S4_urban_retur,0.5393,1.8247,1.423,4.1704,0.4133,1.0906
DIESEL_Constanta-DN3-Murfatlar-retur,09-10,2026-09-11 09:53:22,2340,49.0,1416.4,19.045999999999985,21.572000000000145,88.20000000000007,34.0,21.0,35.53999999999998,16.21199999999999,1.6023244105110983,-0.0023,38078.7,0,urban,S4_urban_retur,0.1514,1.8249,0.3995,4.1507,0.4084,1.0775
DIESEL_Constanta-DN3-Murfatlar-retur,09-10,2026-09-11 09:53:23,2341,48.98372329603248,1413.8779247202435,18.906419125127144,23.120793489318324,88.98372329603248,34.0,21.0,35.30162767039675,16.1,1.749973490893332,-0.1333,38092.3,0,urban,S4_urban_retur,0.2503,1.8251,0.6605,4.1203,0.1266,0.334
DIESEL_Constanta-DN3-Murfatlar-retur,09-10,2026-09-11 09:53:24,2342,48.04019488428734,1406.4799025578563,18.68879415347138,22.228099878196552,88.0,34.0,21.0,35.39598051157127,16.0939707673569,1.869791109194732,-0.0336,38105.7,0,urban,S4_urban_retur,0.1414,1.8253,0.3731,4.0729,0.3315,0.8747
DIESEL_Constanta-DN3-Murfatlar-retur,09-10,2026-09-11 09:53:25,2343,48.74209245742097,1402.1313868613147,18.79927007299268,26.70858880778626,88.25790754257902,34.0,21.0,35.14525547445258,16.13827250608269,1.875771389907018,0.033,38119.2,0,urban,S4_urban_retur,0.4071,1.8257,1.0742,4.0969,0.4809,1.269
DIESEL_Constanta-DN3-Murfatlar-retur,09-10,2026-09-11 09:53:26,2344,48.277580071174334,1402.172597864767,19.5969395017793,25.31594306049762,89.0,34.0,21.0,34.838790035587174,16.879857651245523,2.1098842266113365,0.0343,38132.6,0,urban,S4_urban_retur,0.3188,1.826,0.8412,4.2708,0.4777,1.2605
DIESEL_Constanta-DN3-Murfatlar-retur,09-10,2026-09-11 09:53:27,2345,48.98932384341646,1430.8202846975123,20.614733096085537,35.92092526690523,89.0,34.0,21.0,35.19466192170823,17.39231316725985,1.6218364041292936,0.2353,38146.2,0,urban,S4_urban_retur,0.8128,1.8268,2.1446,4.4926,0.9191,2.4252
DIESEL_Constanta-DN3-Murfatlar-retur,09-10,2026-09-11 09:53:28,2346,49.97140039447733,1432.9499506903353,20.14429980276134,34.17605522682444,89.0,34.0,21.0,33.45147928994081,16.982297830374748,1.879940232048691,-0.1318,38160.1,0,urban,S4_urban_retur,0.7589,1.8276,2.0024,4.3901,0.1356,0.3579
DIESEL_Constanta-DN3-Murfatlar-retur,09-10,2026-09-11 09:53:29,2347,48.04036326942479,1413.158678102926,20.00262361251261,21.049223007063333,89.0,34.0,21.0,34.96770938446017,17.107174571140263,2.3364743838907,-0.217,38173.4,0,urban,S4_urban_retur,0.1389,1.8277,0.3665,4.3592,0.0694,0.1832
DIESEL_Constanta-DN3-Murfatlar-retur,09-10,2026-09-11 09:53:30,2348,48.40884573894287,1420.4212513484356,19.41198489751885,25.29212513484375,88.0,34.0,21.0,35.045307443365715,16.44286947141314,1.6971027272035455,0.1333,38186.9,0,urban,S4_urban_retur,0.3297,1.828,0.8701,4.2305,0.6897,1.8199
DIESEL_Constanta-DN3-Murfatlar-retur,09-10,2026-09-11 09:53:31,2349,49.0,1411.8529411764691,18.90824255628176,26.553260711691824,88.0,34.0,21.0,35.4,16.1,2.3044188265016983,0.0725,38200.5,0,urban,S4_urban_retur,0.3795,1.8284,1.0014,4.1207,0.5692,1.502
DIESEL_Constanta-DN3-Murfatlar-retur,09-10,2026-09-11 09:53:32,2350,48.93087557603704,1399.0276497695834,18.74838709677408,23.70294930875629,88.0,34.0,21.0,35.4,16.129723502304074,2.666651230403708,-0.1376,38214.1,0,urban,S4_urban_retur,0.2436,1.8287,0.6429,4.0859,0.117,0.3088
DIESEL_Constanta-DN3-Murfatlar-retur,09-10,2026-09-11 09:53:33,2351,48.00921658986195,1409.396313364053,19.39354838709664,20.80894009216653,88.0,34.0,21.0,35.4,16.526036866359362,1.6985527172773465,-0.1186,38227.4,0,urban,S4_urban_retur,0.1273,1.8288,0.336,4.2265,0.1521,0.4013
DIESEL_Constanta-DN3-Murfatlar-retur,09-10,2026-09-11 09:53:34,2352,48.076923076922974,1417.1730769230765,19.701538461538405,32.03923076923093,89.0,34.0,21.0,35.23846153846162,16.713076923076876,1.7561649555407866,0.1376,38240.8,0,urban,S4_urban_retur,0.626,1.8294,1.6519,4.2936,0.6931,1.8288
DIESEL_Constanta-DN3-Murfatlar-retur,09-10,2026-09-11 09:53:35,2353,49.0,1426.0998705780837,20.33390854184638,30.72056082830022,88.66522864538405,34.0,21.0,35.00215703192392,17.160215703192392,1.4737625916288766,0.1282,38254.4,0,urban,S4_urban_retur,0.5889,1.83,1.554,4.4314,0.689,1.818
DIESEL_Constanta-DN3-Murfatlar-retur,09-10,2026-09-11 09:53:36,2354,49.0,1432.3937032418958,20.39726932668337,28.964114713217786,88.28553615960088,34.0,21.0,35.60024937655877,17.134364089775612,1.8579007885627896,0.0,38268.0,0,urban,S4_urban_retur,0.5228,1.8305,1.3795,4.4452,0.4133,1.0906
DIESEL_Constanta-DN3-Murfatlar-retur,09-10,2026-09-11 09:53:37,2355,49.0,1423.1466078066896,19.85825278810408,23.296960966542567,89.0,34.0,21.0,34.2428438661709,16.87952602230485,2.651948941940337,0.0571,38281.6,0,urban,S4_urban_retur,0.2273,1.8308,0.5998,4.3277,0.5361,1.4146
DIESEL_Constanta-DN3-Murfatlar-retur,09-10,2026-09-11 09:53:38,2356,49.41100702576113,1424.3196721311476,19.68258782201405,26.70256440281033,88.58899297423888,34.0,21.0,34.522014051522255,16.731615925058545,2.3634184922234565,0.0915,38295.3,0,urban,S4_urban_retur,0.3967,1.8311,1.0468,4.2894,0.6165,1.6268
DIESEL_Constanta-DN3-Murfatlar-retur,09-10,2026-09-11 09:53:39,2357,49.65865384615388,1435.9338942307695,19.510240384615383,28.78923076923116,88.34134615384612,34.0,21.0,35.51225961538464,16.39,2.087984988833319,-0.0653,38309.1,0,urban,S4_urban_retur,0.5002,1.8316,1.3198,4.2519,0.2787,0.7354
DIESEL_Constanta-DN3-Murfatlar-retur,09-10,2026-09-11 09:53:40,2358,48.941176470588005,1429.941176470586,19.51470588235288,21.08000000000117,88.941176470588,34.0,21.0,35.11764705882341,16.39,2.214415644248083,-0.1824,38322.7,0,urban,S4_urban_retur,0.141,1.8318,0.3721,4.2529,0.0694,0.1832
DIESEL_Constanta-DN3-Murfatlar-retur,09-10,2026-09-11 09:53:41,2359,48.34572864321617,1415.209045226129,19.14553768844218,24.11678391959753,88.34572864321618,34.0,21.0,34.63457286432162,16.338140703517574,1.6250183494395836,0.0082,38336.2,0,urban,S4_urban_retur,0.2913,1.8321,0.7686,4.1724,0.4232,1.1167
DIESEL_Constanta-DN3-Murfatlar-retur,09-10,2026-09-11 09:53:42,2360,49.0,1409.9058627264087,18.99650142993331,24.43302192564522,89.0,34.0,21.0,34.966158245948655,16.24,1.9395306838328432,0.0424,38349.8,0,urban,S4_urban_retur,0.2941,1.8324,0.776,4.1399,0.5045,1.3312
DIESEL_Constanta-DN3-Murfatlar-retur,09-10,2026-09-11 09:53:43,2361,48.65116279069751,1409.3895348837154,19.01999999999993,28.069302325579702,89.0,34.34883720930249,21.0,35.22093023255801,16.29232558139537,1.8840371950725987,-0.1389,38363.3,0,urban,S4_urban_retur,0.4548,1.8328,1.2001,4.145,0.1127,0.2974
DIESEL_Constanta-DN3-Murfatlar-retur,09-10,2026-09-11 09:53:44,2362,48.0,1392.7581001472754,19.15796759941089,23.33787923416788,88.6759941089838,35.0,21.0,35.12120765832106,16.671885125184094,1.708174298567429,-0.07,38376.6,0,urban,S4_urban_retur,0.2284,1.8331,0.6026,4.1751,0.2544,0.6713
DIESEL_Constanta-DN3-Murfatlar-retur,09-10,2026-09-11 09:53:45,2363,48.14748201438826,1406.222571942443,20.033687050359703,28.56339928057443,88.07374100719413,35.0,21.0,35.91151079136704,17.238615107913702,2.2920594335821285,0.2703,38390.0,0,urban,S4_urban_retur,0.4742,1.8335,1.2512,4.366,0.9747,2.5719
DIESEL_Constanta-DN3-Murfatlar-retur,09-10,2026-09-11 09:53:46,2364,49.94604316546727,1430.2783273381249,20.07865107913668,37.38534172661696,88.97302158273364,35.0,21.0,34.83237410071963,16.977823741007246,1.6536252908369995,0.1184,38403.9,0,urban,S4_urban_retur,0.8713,1.8344,2.2991,4.3758,0.6839,1.8047
DIESEL_Constanta-DN3-Murfatlar-retur,09-10,2026-09-11 09:53:47,2365,49.0,1410.7246070133012,20.34879081015716,25.689081015719125,88.0,34.0,21.0,36.47811366384544,17.41472793228534,1.575557424435824,-0.1314,38417.5,0,urban,S4_urban_retur,0.3251,1.8347,0.8577,4.4346,0.1307,0.345
DIESEL_Constanta-DN3-Murfatlar-retur,09-10,2026-09-11 09:53:48,2366,49.0,1419.788225446433,20.599218749999952,30.35062500000044,88.23995535714297,34.0,21.0,34.16400669642856,17.481238839285616,2.361850563707056,0.0,38431.1,0,urban,S4_urban_retur,0.5653,1.8353,1.4915,4.4892,0.4133,1.0906
DIESEL_Constanta-DN3-Murfatlar-retur,09-10,2026-09-11 09:53:49,2367,49.0,1441.4716326530618,20.25395918367348,30.061877551020576,89.0,34.0,21.0,34.010938775510205,16.93457959183673,2.0041851941172486,0.0,38444.7,0,urban,S4_urban_retur,0.5928,1.8359,1.5641,4.414,0.4133,1.0906
DIESEL_Constanta-DN3-Murfatlar-retur,09-10,2026-09-11 09:53:50,2368,49.0,1420.3458083832347,20.19547904191617,22.38137724550956,89.0,34.140718562874305,21.0,34.15329341317374,17.219191616766455,2.544054280954588,0.0405,38458.3,0,urban,S4_urban_retur,0.1972,1.8361,0.5203,4.4012,0.5004,1.3204
DIESEL_Constanta-DN3-Murfatlar-retur,09-10,2026-09-11 09:53:51,2369,49.291381668946606,1440.9982900136797,20.278344733242136,30.102845417236978,89.0,35.0,21.0,35.29206566347476,16.92629274965801,1.746435444654176,0.1355,38472.0,0,urban,S4_urban_retur,0.539,1.8366,1.4222,4.4193,0.7098,1.873
DIESEL_Constanta-DN3-Murfatlar-retur,09-10,2026-09-11 09:53:52,2370,49.97537619699038,1445.1022571819424,20.250984952120383,25.27384404924789,89.0,35.0,21.0,34.33447332421346,16.823693570451443,1.6168568514364916,0.1885,38485.9,0,urban,S4_urban_retur,0.3232,1.8369,0.8528,4.4133,0.8382,2.2117
DIESEL_Constanta-DN3-Murfatlar-retur,09-10,2026-09-11 09:53:53,2371,50.648648648648624,1459.8716216216217,20.81972972972973,29.188108108107983,89.0,35.0,21.0,34.01756756756757,17.207297297297295,2.4975879824187563,0.0384,38500.0,0,urban,S4_urban_retur,0.5422,1.8375,1.4307,4.5373,0.5182,1.3672
DIESEL_Constanta-DN3-Murfatlar-retur,09-10,2026-09-11 09:53:54,2372,50.251608291636806,1453.9097569692651,20.70258041458184,26.76817726947792,89.0,35.0,21.0,34.06258041458184,17.18296640457467,1.980271875492938,0.0441,38513.9,0,urban,S4_urban_retur,0.4103,1.8379,1.0826,4.5117,0.5253,1.3861
DIESEL_Constanta-DN3-Murfatlar-retur,09-10,2026-09-11 09:53:55,2373,50.96640457469619,1441.5795210864908,20.738320228734807,29.291408148677554,89.0,35.0,21.0,34.09832022873481,17.390257326661892,2.3779367389888195,0.0084,38528.1,0,urban,S4_urban_retur,0.5005,1.8384,1.3206,4.5195,0.4554,1.2017
DIESEL_Constanta-DN3-Murfatlar-retur,09-10,2026-09-11 09:53:56,2374,50.31177325581397,1471.0174418604647,20.83840843023255,28.33466569767434,89.0,35.0,21.0,34.40530523255816,16.97,1.9231090559855653,-0.0023,38542.0,0,urban,S4_urban_retur,0.4891,1.8389,1.2906,4.5413,0.4237,1.1179
DIESEL_Constanta-DN3-Murfatlar-retur,09-10,2026-09-11 09:53:57,2375,50.950047125353535,1454.787229029217,20.54402450518384,25.138963242224243,89.0,35.0,21.0,35.19010367577778,16.948020735155556,2.163235684717563,-0.0423,38556.2,0,urban,S4_urban_retur,0.3186,1.8392,0.8407,4.4772,0.3419,0.902
DIESEL_Constanta-DN3-Murfatlar-retur,09-10,2026-09-11 09:53:58,2376,50.00754005655025,1460.206644674836,20.05392082940613,25.874118755890805,89.0,35.0,21.0,33.11658812441055,16.53331762488211,1.8297841294211776,-0.2545,38570.1,0,urban,S4_urban_retur,0.3781,1.8396,0.9976,4.3704,0.0694,0.1832
DIESEL_Constanta-DN3-Murfatlar-retur,09-10,2026-09-11 09:53:59,2377,49.11737523105357,1447.9905268022187,19.621691312384463,21.332837338262333,88.0,35.0,21.0,35.75868761552679,16.291645101663573,1.8576733481997685,-0.001,38583.7,0,urban,S4_urban_retur,0.1484,1.8397,0.3916,4.2762,0.4125,1.0885
DIESEL_Constanta-DN3-Murfatlar-retur,09-10,2026-09-11 09:54:00,2378,50.0,1434.8760504201728,19.93865546218497,26.113193277311662,88.07563025210094,35.0,21.0,36.23025210084037,16.70193277310927,1.7345020586196214,0.1794,38597.6,0,urban,S4_urban_retur,0.3489,1.8401,0.9205,4.3453,0.8187,2.1603
DIESEL_Constanta-DN3-Murfatlar-retur,09-10,2026-09-11 09:54:01,2379,50.40909090909078,1473.3522727272757,20.908181818181816,31.96272727272784,89.0,35.0,21.0,36.313636363636455,17.088636363636326,2.9108705016780583,0.1389,38611.6,0,urban,S4_urban_retur,0.6797,1.8408,1.7933,4.5565,0.7372,1.9452
DIESEL_Constanta-DN3-Murfatlar-retur,09-10,2026-09-11 09:54:02,2380,51.0,1462.0658554044378,20.897451682176097,28.427895490336645,88.74946313528996,35.0,21.0,35.64946313528996,17.222419470293495,2.4036195532713784,0.0821,38625.8,0,urban,S4_urban_retur,0.5204,1.8413,1.3731,4.5542,0.6208,1.6381
DIESEL_Constanta-DN3-Murfatlar-retur,09-10,2026-09-11 09:54:03,2381,51.0,1466.5397279885467,20.833027916964927,25.62188260558347,88.03364352183252,35.0,21.0,34.933643521832515,17.115046528274878,1.7117306067927471,-0.1314,38640.0,0,urban,S4_urban_retur,0.3849,1.8417,1.0156,4.5402,0.1429,0.3772
DIESEL_Constanta-DN3-Murfatlar-retur,09-10,2026-09-11 09:54:04,2382,50.05362462760684,1466.9865938430985,19.94987090367436,22.89693147964273,88.0,35.0,21.0,34.9,16.42860973187692,2.679376503623982,-0.2461,38653.9,0,urban,S4_urban_retur,0.1994,1.8419,0.5262,4.3477,0.0694,0.1832
DIESEL_Constanta-DN3-Murfatlar-retur,09-10,2026-09-11 09:54:05,2383,49.22780832678706,1452.0465435977992,19.9074548311076,23.55014925373069,89.0,35.0,21.0,36.117753338570346,16.53,1.6473866508105095,-0.0074,38667.5,0,urban,S4_urban_retur,0.2699,1.8421,0.7122,4.3385,0.4,1.0554
DIESEL_Constanta-DN3-Murfatlar-retur,09-10,2026-09-11 09:54:06,2384,50.0,1469.831595411889,20.175849843587013,32.80102189781162,89.0,35.0,21.0,35.48581856100119,16.53514077163707,1.931850329984552,0.1169,38681.4,0,urban,S4_urban_retur,0.7493,1.8429,1.977,4.3969,0.6816,1.7984
DIESEL_Constanta-DN3-Murfatlar-retur,09-10,2026-09-11 09:54:07,2385,50.06929510155316,1460.378733572282,20.54850657108721,25.398661887694114,89.0,35.0,21.0,34.71385902031064,16.870585424133807,4.002479844441233,0.1389,38695.3,0,urban,S4_urban_retur,0.3329,1.8432,0.8785,4.4782,0.7311,1.9291
DIESEL_Constanta-DN3-Murfatlar-retur,09-10,2026-09-11 09:54:08,2386,51.0,1461.896246764452,21.083684210526325,29.63500431406383,89.0,35.0,21.0,34.957204486626395,17.410802415875764,2.01301992102002,0.1293,38709.5,0,urban,S4_urban_retur,0.5798,1.8438,1.53,4.5948,0.7265,1.9168
DIESEL_Constanta-DN3-Murfatlar-retur,09-10,2026-09-11 09:54:09,2387,51.0,1474.1947806354028,20.58249621785175,29.669848714071183,89.0,35.0,21.0,34.94674735249666,16.82,2.013545963223497,0.0,38723.7,0,urban,S4_urban_retur,0.5836,1.8444,1.5398,4.4856,0.4371,1.1532
DIESEL_Constanta-DN3-Murfatlar-retur,09-10,2026-09-11 09:54:10,2388,51.0,1462.0888214904687,20.58992201039858,22.826698440207164,89.0,35.0,21.0,33.40346620450571,16.92077123050256,2.026591258690046,0.037,38737.8,0,urban,S4_urban_retur,0.2139,1.8446,0.5643,4.4872,0.5199,1.3717
DIESEL_Constanta-DN3-Murfatlar-retur,09-10,2026-09-11 09:54:11,2389,51.26645091693628,1466.2936893203862,20.80128371089534,28.655059331175263,89.0,35.0,21.0,34.67367853290196,17.07269687162892,2.1072103425709647,0.0865,38752.1,0,urban,S4_urban_retur,0.4962,1.8451,1.3093,4.5332,0.6349,1.6753
DIESEL_Constanta-DN3-Murfatlar-retur,09-10,2026-09-11 09:54:12,2390,51.62308598350989,1483.6039458186087,21.263992932862283,31.45898704357982,88.6230859835099,35.0,21.0,34.40459363957626,17.24137809187288,1.5961497366376691,-0.037,38766.4,0,urban,S4_urban_retur,0.6775,1.8458,1.7876,4.6341,0.3609,0.9521
DIESEL_Constanta-DN3-Murfatlar-retur,09-10,2026-09-11 09:54:13,2391,51.0,1486.2308648111346,21.693817097415497,30.18283300198853,88.46819085487084,35.0,21.0,36.08727634194834,17.488677932405537,1.7103710946704642,-0.0865,38780.6,0,urban,S4_urban_retur,0.6189,1.8464,1.6329,4.7278,0.2434,0.6423
DIESEL_Constanta-DN3-Murfatlar-retur,09-10,2026-09-11 09:54:14,2392,51.0,1492.1742031134163,21.561060044477376,29.26613787991017,88.65530022238688,34.655300222386884,21.0,35.71401037805771,17.308257968865835,1.8192875269008373,0.0246,38794.7,0,urban,S4_urban_retur,0.581,1.847,1.5329,4.6988,0.4921,1.2985
DIESEL_Constanta-DN3-Murfatlar-retur,09-10,2026-09-11 09:54:15,2393,51.17737003058102,1485.1284403669722,21.37678899082569,23.215290519877385,88.17737003058102,34.17737003058102,21.0,34.529051987767595,17.32373088685016,2.161835329483901,0.1389,38809.0,0,urban,S4_urban_retur,0.2493,1.8472,0.6577,4.6587,0.7512,1.9821
DIESEL_Constanta-DN3-Murfatlar-retur,09-10,2026-09-11 09:54:16,2394,52.0,1496.547220361688,20.962900200937707,30.26133288680501,89.0,35.0,21.0,34.26188881446752,16.790522438044203,2.0099776325077348,0.1143,38823.4,0,urban,S4_urban_retur,0.6054,1.8478,1.5975,4.5685,0.7102,1.8739
DIESEL_Constanta-DN3-Murfatlar-retur,09-10,2026-09-11 09:54:17,2395,52.0,1499.8961821835233,20.601212324179485,21.06508372404509,89.0,35.0,21.0,34.39584728734093,16.4020428667113,1.6695193072594328,-0.0215,38837.9,0,urban,S4_urban_retur,0.1406,1.848,0.371,4.4896,0.4003,1.0562
DIESEL_Constanta-DN3-Murfatlar-retur,09-10,2026-09-11 09:54:18,2396,51.845086705202256,1483.4208092485549,20.35091329479769,24.76538728323688,88.92254335260112,35.0,21.0,33.81479768786124,16.412462427745673,2.33835252534538,-0.2185,38852.3,0,urban,S4_urban_retur,0.3008,1.8483,0.7937,4.4351,0.0694,0.1832
DIESEL_Constanta-DN3-Murfatlar-retur,09-10,2026-09-11 09:54:19,2397,50.42661034846928,1485.6325237592455,20.79837381203821,24.87972544878972,88.21330517423463,35.0,21.0,32.885322069693856,16.771721224920892,2.2658602030906176,0.0215,38866.3,0,urban,S4_urban_retur,0.328,1.8486,0.8656,4.5326,0.4777,1.2605
DIESEL_Constanta-DN3-Murfatlar-retur,09-10,2026-09-11 09:54:20,2398,52.0,1506.9105058365756,21.379182879377403,37.27536964980494,89.0,35.0,21.0,33.497665369649866,16.994902723735386,2.979300860909968,0.2185,38880.7,0,urban,S4_urban_retur,0.9473,1.8495,2.4996,4.6592,0.948,2.5014
DIESEL_Constanta-DN3-Murfatlar-retur,09-10,2026-09-11 09:54:21,2399,52.0,1501.6575875486392,20.7877431906616,26.59054474708377,89.0,35.0,21.0,34.66498054474686,16.543540856031218,2.7967793408720114,-0.1313,38895.1,0,urban,S4_urban_retur,0.4564,1.85,1.2042,4.5303,0.1497,0.395
DIESEL_Constanta-DN3-Murfatlar-retur,09-10,2026-09-11 09:54:22,2400,51.05458089668621,1471.7192982456156,28.418440545808583,10.330233918129457,88.0545808966862,35.0,21.0,34.889083820662755,16.945984405458066,2.347774051714188,-0.1389,38909.3,0,urban,S4_urban_retur,0.0241,1.85,0.0636,6.1933,0.1265,0.3337
DIESEL_Constanta-DN3-Murfatlar-retur,09-10,2026-09-11 09:54:23,2401,51.0,1499.8237226277372,20.79483211678827,28.71935766423431,88.76496350364953,35.0,21.0,33.352554744525705,16.611839416058363,3.221345500824256,-0.0076,38923.5,0,urban,S4_urban_retur,0.5306,1.8506,1.4,4.5318,0.42,1.1083
DIESEL_Constanta-DN3-Murfatlar-retur,09-10,2026-09-11 09:54:24,2402,51.0,1492.5755813953472,20.30279069767439,29.77674418604545,88.32558139534892,35.0,21.0,33.946511627906844,16.341162790697663,2.251537228308252,0.0,38937.7,0,urban,S4_urban_retur,0.5942,1.8511,1.5679,4.4246,0.4371,1.1532
DIESEL_Constanta-DN3-Murfatlar-retur,09-10,2026-09-11 09:54:25,2403,51.0,1478.1814516128982,20.18032258064623,20.628225806450263,89.0,35.0,21.0,32.82741935483895,16.24467741935488,1.8821029092384964,0.0,38951.8,0,urban,S4_urban_retur,0.1241,1.8513,0.3276,4.3979,0.4371,1.1532
DIESEL_Constanta-DN3-Murfatlar-retur,09-10,2026-09-11 09:54:26,2404,51.0,1445.5315398886853,26.50423005565732,14.185714285717928,89.0,34.864564007420974,21.0,34.269758812615656,16.53,1.5024852179782184,0.0,38966.0,0,urban,S4_urban_retur,0.094,1.8514,0.248,5.7761,0.4371,1.1532
DIESEL_Constanta-DN3-Murfatlar-retur,09-10,2026-09-11 09:54:27,2405,51.0,1461.5372208436818,20.1364267990078,32.292456575682785,88.91563275434217,34.0,21.0,32.90967741935517,16.57893300248154,2.016395647758676,0.0321,38980.2,0,urban,S4_urban_retur,0.7046,1.8521,1.8593,4.3884,0.5089,1.3428
DIESEL_Constanta-DN3-Murfatlar-retur,09-10,2026-09-11 09:54:28,2406,51.231244483671766,1495.714033539277,21.69368049426314,33.18426301853463,88.23124448367176,34.0,21.0,34.0075022065313,17.3458693733452,2.6801927536408905,0.1389,38994.4,0,urban,S4_urban_retur,0.791,1.8529,2.0871,4.7277,0.7522,1.9847
DIESEL_Constanta-DN3-Murfatlar-retur,09-10,2026-09-11 09:54:29,2407,52.0,1502.3548076923066,22.577384615384656,31.37,89.0,34.165384615384546,21.0,33.600769230769274,18.009269230769277,1.890435941995792,0.065,39008.8,0,urban,S4_urban_retur,0.694,1.8536,1.8312,4.9203,0.5977,1.5771
DIESEL_Constanta-DN3-Murfatlar-retur,09-10,2026-09-11 09:54:30,2408,51.69913793103442,1503.841594827584,21.62862068965508,28.18387068965456,89.0,35.0,21.0,33.430948275862136,17.183379310344783,2.131773523046172,-0.1643,39023.2,0,urban,S4_urban_retur,0.5232,1.8541,1.3804,4.7135,0.0728,0.1922
DIESEL_Constanta-DN3-Murfatlar-retur,09-10,2026-09-11 09:54:31,2409,50.8172147001935,1476.8413926499034,20.447852998065795,20.78,88.8172147001935,35.0,21.0,33.90754352030961,16.626992263056117,1.7138513990616489,-0.211,39037.3,0,urban,S4_urban_retur,0.1262,1.8542,0.3329,4.4562,0.0694,0.1832
DIESEL_Constanta-DN3-Murfatlar-retur,09-10,2026-09-11 09:54:32,2410,50.17960602549264,1475.0947276940883,20.16101969872537,21.7660370799546,88.0,35.0,21.0,32.94125144843602,16.41514484356897,1.5665738686216324,0.0556,39051.3,0,urban,S4_urban_retur,0.1715,1.8544,0.4525,4.3937,0.5496,1.4502
DIESEL_Constanta-DN3-Murfatlar-retur,09-10,2026-09-11 09:54:33,2411,51.21758569299545,1467.1538748137102,20.250551415797272,28.062906110282512,88.0,34.78241430700455,21.0,34.67406855439636,16.59309985096868,1.9843875003386533,0.2477,39065.5,0,urban,S4_urban_retur,0.4746,1.8549,1.2524,4.4132,0.9965,2.6294
DIESEL_Constanta-DN3-Murfatlar-retur,09-10,2026-09-11 09:54:34,2412,51.9627421758568,1473.673994038747,20.69764530551408,34.202995529060004,88.0,34.037257824143204,21.0,35.27019374068544,16.809195230998473,1.5568150850789797,0.0939,39079.9,0,urban,S4_urban_retur,0.8037,1.8557,2.1207,4.5107,0.663,1.7495
DIESEL_Constanta-DN3-Murfatlar-retur,09-10,2026-09-11 09:54:35,2413,51.89341692789981,1497.0,21.52639498432601,26.22843260188093,88.10658307210018,34.0,21.0,35.21065830721002,17.26,2.1551704938864864,-0.1092,39094.3,0,urban,S4_urban_retur,0.4349,1.8561,1.1475,4.6913,0.1993,0.5259
DIESEL_Constanta-DN3-Murfatlar-retur,09-10,2026-09-11 09:54:36,2414,51.17618469015797,1499.951093560146,21.453147023086263,26.0878979343864,89.0,34.0,21.0,34.75382746051031,17.131385176184686,1.9039156278610097,-0.0201,39108.5,0,urban,S4_urban_retur,0.3897,1.8565,1.0281,4.6753,0.3941,1.0397
DIESEL_Constanta-DN3-Murfatlar-retur,09-10,2026-09-11 09:54:37,2415,51.74902572096637,1505.9070537801992,20.66173031956344,25.483881527668835,89.0,34.0,21.0,32.72704598597061,16.457217459080248,1.4560544263817974,-0.0341,39122.9,0,urban,S4_urban_retur,0.3625,1.8568,0.9564,4.5028,0.3688,0.9731
DIESEL_Constanta-DN3-Murfatlar-retur,09-10,2026-09-11 09:54:38,2416,50.93072824156268,1481.1665186500818,20.081776198934342,20.91646536412151,89.0,34.0,21.0,34.279218472468806,16.270479573712418,1.6058147499300297,-0.1077,39137.1,0,urban,S4_urban_retur,0.1306,1.857,0.3445,4.3764,0.1955,0.5158
DIESEL_Constanta-DN3-Murfatlar-retur,09-10,2026-09-11 09:54:39,2417,50.9734151329245,1466.048568507158,20.26920245398773,27.89936605317061,89.0,34.0,21.0,34.048670756646224,16.606993865030663,1.7132028328389548,0.1485,39151.2,0,urban,S4_urban_retur,0.4656,1.8574,1.2286,4.4173,0.7689,2.0289
DIESEL_Constanta-DN3-Murfatlar-retur,09-10,2026-09-11 09:54:40,2418,52.0,1475.3152173913047,20.50011857707512,31.145098814229083,89.0,34.0,21.0,34.2312252964427,16.625138339920955,1.6885048875919018,0.1426,39165.7,0,urban,S4_urban_retur,0.6536,1.8581,1.7246,4.4676,0.7748,2.0444
DIESEL_Constanta-DN3-Murfatlar-retur,09-10,2026-09-11 09:54:41,2419,52.0,1487.9963768115945,20.901963109354423,26.757747035573043,89.0,34.0,21.0,34.49472990777339,16.81617918313571,2.224178062646335,-0.0416,39180.1,0,urban,S4_urban_retur,0.4458,1.8585,1.1763,4.5552,0.3544,0.9352
DIESEL_Constanta-DN3-Murfatlar-retur,09-10,2026-09-11 09:54:42,2420,51.70050761421317,1485.7766497461928,21.201167512690347,25.36720812182751,88.70050761421317,34.0,21.0,33.7203045685279,17.068071065989844,2.4856043386784386,-0.133,39194.5,0,urban,S4_urban_retur,0.3721,1.8589,0.9819,4.6204,0.1439,0.3796
DIESEL_Constanta-DN3-Murfatlar-retur,09-10,2026-09-11 09:54:43,2421,51.04213135068166,1483.6474597273857,20.951883519206888,27.873283767038508,88.04213135068166,34.0,21.0,33.337918215613485,16.95146220570007,1.683635845290259,0.0004,39208.7,0,urban,S4_urban_retur,0.5047,1.8594,1.3318,4.5661,0.4385,1.1569
DIESEL_Constanta-DN3-Murfatlar-retur,09-10,2026-09-11 09:54:44,2422,51.70326797385634,1481.4362745098065,20.59341176470586,26.30065359477227,89.0,34.0,21.0,34.14065359477127,16.66056209150321,2.068635455171169,-0.0059,39223.0,0,urban,S4_urban_retur,0.3924,1.8598,1.0354,4.4879,0.4323,1.1406
DIESEL_Constanta-DN3-Murfatlar-retur,09-10,2026-09-11 09:54:45,2423,51.0,1479.5927762039637,20.654560906515595,25.22985835693958,89.0,34.0,21.0,34.043626062322936,16.778045325779075,2.733416884545916,-0.0977,39237.2,0,urban,S4_urban_retur,0.3464,1.8602,0.9139,4.5013,0.2184,0.5762
DIESEL_Constanta-DN3-Murfatlar-retur,09-10,2026-09-11 09:54:46,2424,51.0,1489.398016997169,20.427294617563792,28.068810198301385,89.0,34.0,21.0,33.90021246458931,16.447230878187,2.391357503120821,0.0,39251.4,0,urban,S4_urban_retur,0.4868,1.8606,1.2846,4.4517,0.4371,1.1532
DIESEL_Constanta-DN3-Murfatlar-retur,09-10,2026-09-11 09:54:47,2425,51.0,1477.35835694051,20.07318696883853,20.845014164306065,89.0,34.0,21.0,33.40446175637394,16.241848441926347,2.3080277167315,0.0,39265.5,0,urban,S4_urban_retur,0.1294,1.8608,0.3414,4.3746,0.4371,1.1532
DIESEL_Constanta-DN3-Murfatlar-retur,09-10,2026-09-11 09:54:48,2426,51.0,1463.6650417827293,20.31518105849583,25.717483751160582,89.0,34.0,21.0,33.518755803156935,16.628932219127215,3.005139546863376,-0.0071,39279.7,0,urban,S4_urban_retur,0.3859,1.8612,1.0181,4.4273,0.4212,1.1113
DIESEL_Constanta-DN3-Murfatlar-retur,09-10,2026-09-11 09:54:49,2427,50.948990435706925,1478.25,20.07244420828896,27.230148777896844,89.0,34.0,21.0,32.98161530286892,16.26244420828895,1.498838915178519,-0.1193,39293.8,0,urban,S4_urban_retur,0.432,1.8616,1.1398,4.3744,0.1697,0.4477
DIESEL_Constanta-DN3-Murfatlar-retur,09-10,2026-09-11 09:54:50,2428,50.14097496706188,1478.1442687747035,20.457575757575764,23.58125164690369,89.0,34.0,21.0,34.40131752305668,16.639117259552055,2.9362864735960947,0.0071,39307.8,0,urban,S4_urban_retur,0.2701,1.8619,0.7128,4.4583,0.4423,1.1672
DIESEL_Constanta-DN3-Murfatlar-retur,09-10,2026-09-11 09:54:51,2429,51.0,1468.589385474862,20.162793296089404,25.12944134078234,89.0,34.0,21.0,34.12402234636865,16.435363128491613,1.8665299297788884,0.073,39321.9,0,urban,S4_urban_retur,0.3172,1.8622,0.837,4.3941,0.6004,1.5843
DIESEL_Constanta-DN3-Murfatlar-retur,09-10,2026-09-11 09:54:52,2430,50.666260657734576,1462.348355663821,20.257028014616232,24.97270401948775,89.0,34.0,21.0,34.29939098660186,16.626784409256974,1.9949700059997368,-0.0821,39336.0,0,urban,S4_urban_retur,0.3156,1.8625,0.8328,4.4146,0.2505,0.6608
DIESEL_Constanta-DN3-Murfatlar-retur,09-10,2026-09-11 09:54:53,2431,50.40921409214091,1476.258130081301,20.59628726287264,28.60794037940381,88.59078590785909,34.0,21.0,33.750135501355,16.762710027100272,1.7243033402179009,0.0044,39350.0,0,urban,S4_urban_retur,0.5162,1.863,1.362,4.4886,0.4397,1.1601
DIESEL_Constanta-DN3-Murfatlar-retur,09-10,2026-09-11 09:54:54,2432,50.69781659388646,1463.469650655022,20.39620087336245,26.2654410480349,88.30218340611354,34.0,21.0,34.037379912663745,16.767633187772926,1.9543663184166944,-0.0314,39364.1,0,urban,S4_urban_retur,0.3844,1.8634,1.0144,4.445,0.3635,0.9592
DIESEL_Constanta-DN3-Murfatlar-retur,09-10,2026-09-11 09:54:55,2433,50.18289353958143,1469.978616924477,20.6775796178344,24.39142857142854,89.0,34.0,21.0,33.16342129208372,16.88952684258417,2.2875028755629803,0.042,39378.0,0,urban,S4_urban_retur,0.2985,1.8637,0.7877,4.5063,0.5197,1.3713
DIESEL_Constanta-DN3-Murfatlar-retur,09-10,2026-09-11 09:54:56,2434,51.0,1469.348692403489,20.13108343711094,27.392752179328543,89.0,34.0,21.0,33.21594022415914,16.475379825653867,1.8107053913726912,0.0681,39392.2,0,urban,S4_urban_retur,0.4566,1.8641,1.2049,4.3872,0.5895,1.5554
DIESEL_Constanta-DN3-Murfatlar-retur,09-10,2026-09-11 09:54:57,2435,50.673224043715855,1450.6475409836069,19.536338797814206,21.31184699453553,89.0,34.0,21.0,34.96142076502731,16.1947650273224,2.551867731233971,-0.1389,39406.3,0,urban,S4_urban_retur,0.1262,1.8643,0.3329,4.2576,0.1242,0.3277
DIESEL_Constanta-DN3-Murfatlar-retur,09-10,2026-09-11 09:54:58,2436,50.0,1442.2032418952622,19.828553615960114,23.53471321695777,88.68079800498751,34.0,21.0,35.18079800498752,16.52725685785537,2.3159408543801,-0.0656,39420.2,0,urban,S4_urban_retur,0.2672,1.8645,0.7049,4.3213,0.2811,0.7417
DIESEL_Constanta-DN3-Murfatlar-retur,09-10,2026-09-11 09:54:59,2437,50.2006651884701,1460.9648004434598,20.52046563192907,30.67017738359224,88.2006651884701,34.0,21.0,34.64046563192907,16.87819290465633,2.182257091669735,0.1389,39434.1,0,urban,S4_urban_retur,0.6311,1.8652,1.6653,4.472,0.7335,1.9353
DIESEL_Constanta-DN3-Murfatlar-retur,09-10,2026-09-11 09:55:00,2438,51.0,1475.111542730299,21.01806881243062,32.65227524972203,89.0,34.0,21.0,34.549722530521535,17.11,1.7681047965527883,0.0593,39448.3,0,urban,S4_urban_retur,0.727,1.8659,1.9182,4.5805,0.5698,1.5034
DIESEL_Constanta-DN3-Murfatlar-retur,09-10,2026-09-11 09:55:01,2439,50.62758620689652,1463.3689655172411,20.58579310344825,23.98068965517224,89.0,34.0,21.0,33.695862068965575,16.89399999999998,2.0123270048232835,-0.1817,39462.3,0,urban,S4_urban_retur,0.2846,1.8662,0.7508,4.4863,0.0694,0.1832
DIESEL_Constanta-DN3-Murfatlar-retur,09-10,2026-09-11 09:55:02,2440,49.69211195928758,1452.092875318067,19.68974554707385,20.78,88.69211195928759,34.0,21.0,34.08422391857516,16.262137404580198,2.638635120620376,-0.2503,39476.1,0,urban,S4_urban_retur,0.1262,1.8663,0.3329,4.291,0.0694,0.1832
DIESEL_Constanta-DN3-Murfatlar-retur,09-10,2026-09-11 09:55:03,2441,48.82526115859436,1435.7383665716964,18.777768281101604,20.78,88.0,34.0,21.0,32.97958214624902,15.710674264007634,3.085744334824845,-0.2136,39489.7,0,urban,S4_urban_retur,0.1262,1.8664,0.3329,4.0923,0.0694,0.1832
DIESEL_Constanta-DN3-Murfatlar-retur,09-10,2026-09-11 09:55:04,2442,48.15429917550048,1417.5703769140134,18.883557126030503,22.41402826855004,88.0,34.0,21.0,34.3,16.039493521790277,2.239179734466363,0.0621,39503.1,0,urban,S4_urban_retur,0.2041,1.8666,0.5384,4.1153,0.5349,1.4113
DIESEL_Constanta-DN3-Murfatlar-retur,09-10,2026-09-11 09:55:05,2443,49.272727272727394,1444.2500000000014,19.87818181818186,30.941818181818,88.2727272727274,34.0,21.0,34.05454545454534,16.570909090909108,1.4743810566517046,0.2563,39516.8,0,urban,S4_urban_retur,0.6137,1.8673,1.6193,4.3321,0.9707,2.5614
DIESEL_Constanta-DN3-Murfatlar-retur,09-10,2026-09-11 09:55:06,2444,50.0,1446.9816062176164,20.088601036269427,28.088414507771954,89.0,34.0,21.0,33.502797927461145,16.7159792746114,1.7809486373939054,0.0585,39530.7,0,urban,S4_urban_retur,0.4705,1.8677,1.2415,4.3779,0.5534,1.4602
DIESEL_Constanta-DN3-Murfatlar-retur,09-10,2026-09-11 09:55:07,2445,49.693722943723046,1426.7729978354994,19.84199134199137,22.898041125541205,89.0,34.0,21.0,33.27932900432917,16.777121212121227,2.4114893258481027,-0.1389,39544.5,0,urban,S4_urban_retur,0.1893,1.8679,0.4994,4.3242,0.1185,0.3126
DIESEL_Constanta-DN3-Murfatlar-retur,09-10,2026-09-11 09:55:08,2446,49.0,1417.3942211055275,19.540623115577898,25.32302512562784,89.0,34.0,21.0,32.20824120603014,16.575366834170865,1.6797263915511862,-0.0964,39558.1,0,urban,S4_urban_retur,0.3258,1.8682,0.8598,4.2585,0.206,0.5436
DIESEL_Constanta-DN3-Murfatlar-retur,09-10,2026-09-11 09:55:09,2447,49.0,1422.1071428571431,19.42,29.13285714285688,88.71428571428567,34.0,21.0,32.62857142857147,16.39,1.6573151113556048,0.0,39571.7,0,urban,S4_urban_retur,0.4957,1.8687,1.308,4.2322,0.4133,1.0906
DIESEL_Constanta-DN3-Murfatlar-retur,09-10,2026-09-11 09:55:10,2448,49.0,1425.5,19.51043478260876,25.18347826086909,88.1304347826089,34.0,21.0,33.3304347826089,16.427826086956582,2.131468923900468,0.039,39585.3,0,urban,S4_urban_retur,0.3072,1.869,0.8106,4.2519,0.4972,1.3119
DIESEL_Constanta-DN3-Murfatlar-retur,09-10,2026-09-11 09:55:11,2449,49.28109627547437,1427.8190442726636,19.552312016865763,24.241897399859525,89.0,34.0,21.0,34.4248770203795,16.47479971890371,2.0347918777707235,0.1366,39599.0,0,urban,S4_urban_retur,0.3056,1.8693,0.8063,4.2611,0.712,1.8788
DIESEL_Constanta-DN3-Murfatlar-retur,09-10,2026-09-11 09:55:12,2450,49.98383696416013,1433.6166549543211,18.98309205903029,26.99664089950771,89.0,34.0,21.0,34.98706957132811,15.961799016163104,2.0736604940043266,-0.0983,39612.9,0,urban,S4_urban_retur,0.4386,1.8698,1.1572,4.137,0.2092,0.552
DIESEL_Constanta-DN3-Murfatlar-retur,09-10,2026-09-11 09:55:13,2451,48.57327188940118,1405.800000000007,25.24425806451533,19.69718894009693,88.28663594470059,34.0,21.0,35.428018433179645,17.05312442396317,1.87591601802118,0.0022,39626.4,0,urban,S4_urban_retur,0.3617,1.8701,0.9543,5.5015,0.4131,1.09
DIESEL_Constanta-DN3-Murfatlar-retur,09-10,2026-09-11 09:55:14,2452,50.0,1449.4817204301085,20.86561290322582,42.26761290322506,88.75698924731178,34.0,21.0,34.82989247311825,17.26,2.827558346621355,0.1982,39640.2,0,urban,S4_urban_retur,1.0932,1.8712,2.8844,4.5473,0.86,2.2691
DIESEL_Constanta-DN3-Murfatlar-retur,09-10,2026-09-11 09:55:15,2453,50.0,1462.2400932400944,21.01710178710181,28.80873348873394,88.0,34.0,21.0,34.254001554001576,17.26,2.917182624620328,-0.003,39654.1,0,urban,S4_urban_retur,0.5243,1.8718,1.3834,4.5803,0.4185,1.1042
DIESEL_Constanta-DN3-Murfatlar-retur,09-10,2026-09-11 09:55:16,2454,49.9781553398058,1452.3391990291252,20.90291262135932,25.33151699029101,88.0,34.0,21.0,34.093446601941736,17.25366504854368,1.6318297655159988,-0.209,39668.0,0,urban,S4_urban_retur,0.3744,1.8721,0.9879,4.5554,0.0694,0.1832
DIESEL_Constanta-DN3-Murfatlar-retur,09-10,2026-09-11 09:55:17,2455,48.495314591700094,1397.948460508701,24.73018741633216,16.418554216867005,88.0,34.0,21.0,33.5,16.57103078982598,1.829717377107955,-0.0382,39681.5,0,urban,S4_urban_retur,0.1719,1.8723,0.4535,5.3895,0.3262,0.8607
DIESEL_Constanta-DN3-Murfatlar-retur,09-10,2026-09-11 09:55:18,2456,49.702849389416514,1416.728629579376,18.97571234735413,30.14381275440942,88.29715061058349,34.0,21.0,33.17313432835817,16.15382632293079,2.0438496389847645,0.0735,39695.3,0,urban,S4_urban_retur,0.5628,1.8729,1.4849,4.1354,0.5819,1.5353
DIESEL_Constanta-DN3-Murfatlar-retur,09-10,2026-09-11 09:55:19,2457,49.02442333785621,1421.8168249660785,18.80610583446405,23.75982360922694,88.9755766621438,34.0,21.0,32.42686567164183,15.9570827679783,2.292293721536294,-0.2316,39708.9,0,urban,S4_urban_retur,0.2631,1.8731,0.6943,4.0984,0.0694,0.1832
DIESEL_Constanta-DN3-Murfatlar-retur,09-10,2026-09-11 09:55:20,2458,48.03508771929831,1385.0614035087733,19.74456140350878,21.53087719298308,88.98245614035085,34.0,21.0,33.19473684210526,17.252280701754373,2.8037564382175804,0.0897,39722.3,0,urban,S4_urban_retur,0.1417,1.8733,0.3738,4.303,0.5914,1.5604
DIESEL_Constanta-DN3-Murfatlar-retur,09-10,2026-09-11 09:55:21,2459,49.66999334664003,1427.1999334664004,20.016500332668,35.8734930139716,88.33000665335997,34.0,21.0,32.80099800399201,16.869500998003996,1.959072228185724,0.1347,39736.1,0,urban,S4_urban_retur,0.7804,1.8741,2.0592,4.3622,0.7148,1.886
DIESEL_Constanta-DN3-Murfatlar-retur,09-10,2026-09-11 09:55:22,2460,49.004657351962784,1420.5465735196278,20.04976713240186,25.174890219561533,88.99534264803722,34.0,21.0,32.60139720558884,16.96930139720558,2.061991110196779,-0.0931,39749.7,0,urban,S4_urban_retur,0.3187,1.8744,0.8409,4.3695,0.2131,0.5624
DIESEL_Constanta-DN3-Murfatlar-retur,09-10,2026-09-11 09:55:23,2461,49.0,1418.0813043478272,19.80237391304359,25.15773913043537,88.70347826086969,34.0,21.0,32.83313043478272,16.89650434782617,2.323840889001846,-0.0006,39763.3,0,urban,S4_urban_retur,0.3037,1.8747,0.8014,4.3156,0.412,1.0872
DIESEL_Constanta-DN3-Murfatlar-retur,09-10,2026-09-11 09:55:24,2462,49.0,1415.9660218253932,19.154107142857114,22.460575396824648,88.18948412698397,34.0,21.0,32.37053571428557,16.361577380952404,2.5009561542127234,-0.0219,39776.9,0,urban,S4_urban_retur,0.174,1.8749,0.4591,4.1743,0.3662,0.9663
DIESEL_Constanta-DN3-Murfatlar-retur,09-10,2026-09-11 09:55:25,2463,48.84196891191709,1430.9974093264248,19.27629533678756,25.71373056994816,88.84196891191709,34.0,21.0,33.005181347150256,16.263704663212437,1.503490412371853,-0.1357,39790.5,0,urban,S4_urban_retur,0.3486,1.8752,0.9199,4.2009,0.1206,0.3182
DIESEL_Constanta-DN3-Murfatlar-retur,09-10,2026-09-11 09:55:26,2464,48.02312673450517,1414.9768732654948,19.15693802035155,22.89500462534741,88.02312673450517,34.0,21.0,32.511563367252585,16.393237742830724,1.928776635336677,0.0148,39803.8,0,urban,S4_urban_retur,0.1966,1.8754,0.5187,4.1749,0.4333,1.1434
DIESEL_Constanta-DN3-Murfatlar-retur,09-10,2026-09-11 09:55:27,2465,48.94819611470857,1414.0518038852915,19.43445883441257,28.695189639222747,88.94819611470857,34.0,21.0,32.97409805735428,16.5227474560592,1.4755359450201713,0.057,39817.4,0,urban,S4_urban_retur,0.4884,1.8759,1.2886,4.2354,0.5352,1.4121
DIESEL_Constanta-DN3-Murfatlar-retur,09-10,2026-09-11 09:55:28,2466,48.43342036553533,1431.1351174934744,20.05402088772848,28.601879895561883,88.0,34.0,21.0,34.44673629242826,16.9049869451697,1.5463341987879595,0.0072,39830.8,0,urban,S4_urban_retur,0.5153,1.8764,1.3596,4.3704,0.4221,1.1138
DIESEL_Constanta-DN3-Murfatlar-retur,09-10,2026-09-11 09:55:29,2467,49.0,1436.882713607593,19.944264240506243,29.2360205696192,88.2761075949368,34.0,21.0,33.96123417721485,16.70127373417717,1.6651009122100158,0.0787,39844.5,0,urban,S4_urban_retur,0.5372,1.8769,1.4175,4.3465,0.5826,1.5372
DIESEL_Constanta-DN3-Murfatlar-retur,09-10,2026-09-11 09:55:30,2468,49.0,1418.9610943775092,19.23087349397588,21.53671686746987,88.91465863453813,34.0,21.0,31.619477911646623,16.365251004016056,1.909217406553105,-0.0202,39858.1,0,urban,S4_urban_retur,0.1262,1.8771,0.3329,4.191,0.3699,0.976
DIESEL_Constanta-DN3-Murfatlar-retur,09-10,2026-09-11 09:55:31,2469,48.85481239804247,1389.9351549755308,18.463866231647643,21.18,88.0,34.0,21.0,32.84192495921699,16.1,1.4512771464513468,-0.1389,39871.6,0,urban,S4_urban_retur,0.1262,1.8772,0.3329,4.0238,0.1138,0.3003
DIESEL_Constanta-DN3-Murfatlar-retur,09-10,2026-09-11 09:55:32,2470,48.0,1386.4397753679325,18.95523625096831,25.6597831138657,88.36870642912474,34.0,21.0,32.75809450038732,16.52769945778471,1.6501437611434648,-0.0965,39885.0,0,urban,S4_urban_retur,0.3355,1.8775,0.8853,4.1309,0.1986,0.524
DIESEL_Constanta-DN3-Murfatlar-retur,09-10,2026-09-11 09:55:33,2471,48.16017316017315,1406.1980519480514,20.18173160173159,35.4667099567098,89.0,34.0,21.0,33.18398268398269,17.26,1.837015601363156,0.1389,39898.4,0,urban,S4_urban_retur,0.7849,1.8783,2.0711,4.3982,0.6973,1.8398
DIESEL_Constanta-DN3-Murfatlar-retur,09-10,2026-09-11 09:55:34,2472,49.0,1444.4748603351904,20.810502793296028,45.94681564245332,89.0,34.0,21.0,33.13910614525166,17.263910614525166,1.8422253245976503,0.1166,39912.0,0,urban,S4_urban_retur,1.2301,1.8795,3.2457,4.5353,0.6641,1.7522
DIESEL_Constanta-DN3-Murfatlar-retur,09-10,2026-09-11 09:55:35,2473,49.0,1418.6368715083763,20.493929236499028,21.84067039105823,89.0,34.0,21.0,34.44264432029813,17.39426443202981,1.5965917823046258,0.0,39925.6,0,urban,S4_urban_retur,0.1727,1.8797,0.4557,4.4663,0.4133,1.0906
DIESEL_Constanta-DN3-Murfatlar-retur,09-10,2026-09-11 09:55:36,2474,49.0,1434.1466431095396,20.23462897526481,22.27183745583138,88.0,34.0,21.0,33.05865724381581,16.931130742049344,1.9878686090384123,0.0,39939.2,0,urban,S4_urban_retur,0.2004,1.8799,0.5288,4.4098,0.4133,1.0906
DIESEL_Constanta-DN3-Murfatlar-retur,09-10,2026-09-11 09:55:37,2475,49.0,1424.5804311774475,19.48776119402987,29.10996683250318,88.40132669983406,34.0,21.0,32.20199004975108,16.53,2.1900077687674098,-0.0329,39952.8,0,urban,S4_urban_retur,0.4927,1.8804,1.3,4.247,0.3426,0.9039
DIESEL_Constanta-DN3-Murfatlar-retur,09-10,2026-09-11 09:55:38,2476,48.76320272572419,1420.663543441223,19.52444633730824,31.44584327087105,89.0,34.0,21.0,33.5972742759792,16.598671209539987,2.4898968792953493,-0.1198,39966.3,0,urban,S4_urban_retur,0.6077,1.881,1.6034,4.255,0.1542,0.4069
DIESEL_Constanta-DN3-Murfatlar-retur,09-10,2026-09-11 09:55:39,2477,48.13720316622671,1432.898416886549,19.955699208443324,22.214854881265502,88.8627968337733,34.0,21.0,35.007915567282616,16.840580474934004,2.278862304203938,0.0329,39979.7,0,urban,S4_urban_retur,0.1608,1.8812,0.4243,4.349,0.4729,1.2479
DIESEL_Constanta-DN3-Murfatlar-retur,09-10,2026-09-11 09:55:40,2478,49.0,1414.0944444444438,19.814142857142844,26.701126984126915,88.27460317460313,34.0,21.0,33.36063492063499,16.97,1.6991706622713534,0.1323,39993.3,0,urban,S4_urban_retur,0.3959,1.8816,1.0445,4.3181,0.6978,1.8413
DIESEL_Constanta-DN3-Murfatlar-retur,09-10,2026-09-11 09:55:41,2479,49.0894901144639,1425.838449531734,20.042216441207003,28.47180020811511,89.0,34.0,21.0,32.2894901144639,16.97,1.7395447206978114,0.121,40007.0,0,urban,S4_urban_retur,0.4699,1.882,1.2398,4.3678,0.675,1.7812
DIESEL_Constanta-DN3-Murfatlar-retur,09-10,2026-09-11 09:55:42,2480,49.87153134635148,1442.1927029804729,20.32246659815005,33.339105858170534,88.87153134635149,34.0,21.0,33.35416238437822,16.93274409044193,2.1729895682964697,-0.0124,40020.8,0,urban,S4_urban_retur,0.6841,1.8827,1.8052,4.4289,0.3964,1.0459
DIESEL_Constanta-DN3-Murfatlar-retur,09-10,2026-09-11 09:55:43,2481,49.0,1441.2108433734932,19.89378313253008,22.38922891566252,88.18313253012055,34.0,21.0,33.887228915662455,16.62689156626504,2.105325488843053,-0.121,40034.4,0,urban,S4_urban_retur,0.1777,1.8829,0.4689,4.3355,0.1531,0.404
DIESEL_Constanta-DN3-Murfatlar-retur,09-10,2026-09-11 09:55:44,2482,49.0,1425.1646288209586,19.074096069868865,21.22151965065519,88.71877729257632,34.0,21.0,32.19056768558974,16.145336244541394,2.040043939205159,-0.0354,40048.0,0,urban,S4_urban_retur,0.1439,1.883,0.3798,4.1568,0.3372,0.8897
DIESEL_Constanta-DN3-Murfatlar-retur,09-10,2026-09-11 09:55:45,2483,48.744956772334085,1407.1257204610924,18.16194524495675,21.949582132564515,88.25504322766591,34.0,21.0,33.64899135446682,15.555706051873228,2.364517826118328,-0.1389,40061.6,0,urban,S4_urban_retur,0.1732,1.8832,0.457,3.9581,0.1132,0.2988
DIESEL_Constanta-DN3-Murfatlar-retur,09-10,2026-09-11 09:55:46,2484,48.0,1395.391799999999,18.50890400000016,21.99329600000044,88.61359999999986,34.0,21.0,32.61127999999968,16.05412800000014,1.6131694360083566,-0.0613,40074.9,0,urban,S4_urban_retur,0.1749,1.8834,0.4616,4.0337,0.2727,0.7197
DIESEL_Constanta-DN3-Murfatlar-retur,09-10,2026-09-11 09:55:47,2485,48.30378096479803,1402.9455671447242,19.335814863103057,29.281734028685243,88.30378096479804,34.0,21.0,31.716427640156653,16.634432855280295,1.6937408382894228,0.1389,40088.3,0,urban,S4_urban_retur,0.4823,1.8839,1.2727,4.2139,0.6998,1.8465
DIESEL_Constanta-DN3-Murfatlar-retur,09-10,2026-09-11 09:55:48,2486,49.0,1411.415200391005,19.62900293255132,32.28188660801487,89.0,34.0,21.0,32.26226783968714,16.794203323558186,1.9257958766986083,0.0091,40101.9,0,urban,S4_urban_retur,0.6071,1.8845,1.6019,4.2778,0.4329,1.1422
DIESEL_Constanta-DN3-Murfatlar-retur,09-10,2026-09-11 09:55:49,2487,48.36939501779339,1399.51085409253,19.9898932384343,23.65197153024993,89.0,34.31530249110331,21.0,31.783772241992978,17.29287544483992,1.789064103948994,-0.2657,40115.4,0,urban,S4_urban_retur,0.2455,1.8847,0.6479,4.3564,0.0694,0.1832
DIESEL_Constanta-DN3-Murfatlar-retur,09-10,2026-09-11 09:55:50,2488,47.08715596330279,1421.4352064220184,20.85123853211008,29.37864678899099,89.0,35.0,21.0,32.3782110091743,17.66472477064219,1.91806010345368,0.0876,40128.5,0,urban,S4_urban_retur,0.5212,1.8853,1.3753,4.5441,0.5727,1.5111
DIESEL_Constanta-DN3-Murfatlar-retur,09-10,2026-09-11 09:55:51,2489,49.0,1426.5654685494237,20.237047496790773,35.330025673939005,88.78690629011531,35.0,21.0,32.02785622593081,17.11,1.4790126616459018,0.2657,40142.1,0,urban,S4_urban_retur,0.8026,1.8861,2.1177,4.4103,0.9847,2.5983
DIESEL_Constanta-DN3-Murfatlar-retur,09-10,2026-09-11 09:55:52,2490,49.0,1427.1930324276937,20.408536371603898,25.70974583698415,88.33917616126217,35.0,21.0,33.11051709027192,17.25923751095536,1.590912339950491,0.0318,40155.7,0,urban,S4_urban_retur,0.3763,1.8864,0.993,4.4477,0.4817,1.271
DIESEL_Constanta-DN3-Murfatlar-retur,09-10,2026-09-11 09:55:53,2491,49.22862453531607,1423.322026022306,20.427955390334503,24.54544609665565,89.0,35.0,21.0,33.93420074349429,17.351096654275022,1.8001492815119988,0.1169,40169.3,0,urban,S4_urban_retur,0.2993,1.8867,0.7896,4.4519,0.6685,1.764
DIESEL_Constanta-DN3-Murfatlar-retur,09-10,2026-09-11 09:55:54,2492,49.84200743494417,1428.7611524163556,19.719962825278788,34.647862453530536,89.0,35.0,21.0,32.74739776951675,16.68,1.898084604554531,-0.0318,40183.2,0,urban,S4_urban_retur,0.7636,1.8875,2.015,4.2976,0.3536,0.933
DIESEL_Constanta-DN3-Murfatlar-retur,09-10,2026-09-11 09:55:55,2493,49.0,1412.8131548312,19.485355064027992,21.467217694994613,89.0,35.0,21.0,33.10942956926666,16.727054714784664,1.5058687137596176,-0.0897,40196.8,0,urban,S4_urban_retur,0.1607,1.8877,0.424,4.2465,0.2204,0.5816
DIESEL_Constanta-DN3-Murfatlar-retur,09-10,2026-09-11 09:55:56,2494,49.19632414369265,1423.5,20.060242272347484,27.521361737677733,88.80367585630735,35.0,21.0,33.646616541353225,16.99613199665826,1.7719015660839723,0.1389,40210.5,0,urban,S4_urban_retur,0.454,1.8881,1.198,4.3717,0.7155,1.8879
DIESEL_Constanta-DN3-Murfatlar-retur,09-10,2026-09-11 09:55:57,2495,50.0,1423.5,19.57518013631938,29.30861733203503,88.0,35.0,21.0,32.262901655306734,16.535550146056476,2.8917914955423893,0.1092,40224.4,0,urban,S4_urban_retur,0.5001,1.8886,1.3194,4.266,0.6647,1.7538
DIESEL_Constanta-DN3-Murfatlar-retur,09-10,2026-09-11 09:55:58,2496,49.98291925465843,1423.5725931677016,19.71597826086955,26.603043478261046,88.0,35.0,21.0,33.87267080745349,16.684953416149057,2.39611349968973,-0.101,40238.2,0,urban,S4_urban_retur,0.3753,1.889,0.9903,4.2967,0.2033,0.5364
DIESEL_Constanta-DN3-Murfatlar-retur,09-10,2026-09-11 09:55:59,2497,49.2724573125465,1426.7282850779509,19.975538233110584,25.313823311062546,88.0,35.0,21.0,32.463474387527896,16.929131403118024,1.829187943873865,-0.0029,40251.9,0,urban,S4_urban_retur,0.3096,1.8893,0.8169,4.3533,0.4102,1.0824
DIESEL_Constanta-DN3-Murfatlar-retur,09-10,2026-09-11 09:56:00,2498,49.96233521657253,1424.3342749529188,19.755838041431257,32.0343879472694,88.01883239171373,35.0,21.0,32.886817325800386,16.82,2.44151625619033,-0.1657,40265.8,0,urban,S4_urban_retur,0.625,1.8899,1.649,4.3054,0.0694,0.1832
DIESEL_Constanta-DN3-Murfatlar-retur,09-10,2026-09-11 09:56:01,2499,48.07909604519759,1441.0480225988713,20.04774011299437,25.75378531073396,88.9604519774012,35.0,21.0,32.22768361581916,16.82,1.856543046731434,0.0052,40279.2,0,urban,S4_urban_retur,0.3279,1.8902,0.8653,4.369,0.4137,1.0917
DIESEL_Constanta-DN3-Murfatlar-retur,09-10,2026-09-11 09:56:02,2500,50.0,1432.9844461305,20.63074355083461,30.77107738998437,88.36418816388463,35.0,21.0,33.40804248861921,17.389757207890764,2.368873592772196,0.2668,40293.1,0,urban,S5_urban_sud,0.6025,1.8908,1.5897,4.4961,1.0105,2.6663
DIESEL_Constanta-DN3-Murfatlar-retur,09-10,2026-09-11 09:56:03,2501,50.0,1442.3567463706222,20.43584970111017,35.35192997438284,88.86165670367222,35.0,21.0,32.24150298889834,17.09063193851411,1.5408198161000082,0.0,40306.9,0,urban,S5_urban_sud,0.796,1.8916,2.1003,4.4536,0.425,1.1215
DIESEL_Constanta-DN3-Murfatlar-retur,09-10,2026-09-11 09:56:04,2502,50.0,1449.1885140905208,20.410230572160547,23.63544833475681,88.0076857386849,35.0,21.0,32.49769427839453,16.971076003415885,1.8866131804681143,0.0,40320.8,0,urban,S5_urban_sud,0.2572,1.8919,0.6787,4.448,0.425,1.1215
DIESEL_Constanta-DN3-Murfatlar-retur,09-10,2026-09-11 09:56:05,2503,50.0,1448.5394359464626,20.703699808795456,23.16050669216056,88.0,35.0,21.0,33.44741873804986,17.244751434034463,1.6062496835157771,0.1389,40334.7,0,urban,S5_urban_sud,0.2524,1.8922,0.6659,4.512,0.7298,1.9258
DIESEL_Constanta-DN3-Murfatlar-retur,09-10,2026-09-11 09:56:06,2504,51.0,1454.858326068003,19.903478639930217,30.650462074977103,88.16041848299925,35.0,21.0,31.52083696599849,16.48347863993022,1.4946986153512969,0.1291,40348.9,0,urban,S5_urban_sud,0.613,1.8928,1.6175,4.3376,0.726,1.9157
DIESEL_Constanta-DN3-Murfatlar-retur,09-10,2026-09-11 09:56:07,2505,50.92945662535785,1451.067921830317,19.657530981887525,22.68051477597748,89.0,35.0,21.0,33.14003813155418,16.24529075309816,1.565312205729133,-0.2746,40363.0,0,urban,S5_urban_sud,0.187,1.893,0.4935,4.284,0.0694,0.1832
DIESEL_Constanta-DN3-Murfatlar-retur,09-10,2026-09-11 09:56:08,2506,49.02287893231682,1439.3901334604404,19.590800762631087,20.80253574833207,89.0,35.0,21.0,31.519447092469296,16.38828408007624,1.76727329404598,-0.1297,40376.7,0,urban,S5_urban_sud,0.1269,1.8931,0.3348,4.2694,0.1345,0.355
DIESEL_Constanta-DN3-Murfatlar-retur,09-10,2026-09-11 09:56:09,2507,49.99596774193558,1439.25,19.261330645161262,25.0825806451617,88.00403225806443,35.0,21.0,31.00201612903221,16.101169354838685,1.5831476344972053,0.1395,40390.5,0,urban,S5_urban_sud,0.3147,1.8934,0.8303,4.1976,0.7311,1.9291
DIESEL_Constanta-DN3-Murfatlar-retur,09-10,2026-09-11 09:56:10,2508,50.02743902439029,1439.2096036585374,19.858384146341493,27.188963414634365,88.97256097560971,35.0,21.0,32.13018292682932,16.687957317073185,1.5001907484029389,0.093,40404.4,0,urban,S5_urban_sud,0.4468,1.8938,1.179,4.3278,0.6296,1.6612
DIESEL_Constanta-DN3-Murfatlar-retur,09-10,2026-09-11 09:56:11,2509,50.66574330563245,1452.4081255771002,20.50665743305633,29.924930747922176,88.33425669436754,35.0,21.0,33.2,17.016795937211455,1.776072507694518,-0.0038,40418.5,0,urban,S5_urban_sud,0.5465,1.8944,1.4421,4.469,0.4246,1.1202
DIESEL_Constanta-DN3-Murfatlar-retur,09-10,2026-09-11 09:56:12,2510,50.0,1449.5063025210086,20.56512605042017,26.374201680672275,88.73949579831931,35.0,21.0,33.25210084033614,17.11,1.698776683065683,-0.0925,40432.4,0,urban,S5_urban_sud,0.395,1.8948,1.0422,4.4818,0.2221,0.5859
DIESEL_Constanta-DN3-Murfatlar-retur,09-10,2026-09-11 09:56:13,2511,50.0,1461.594169246647,20.78649122807019,26.837430340557336,88.0,35.0,21.0,33.27120743034051,17.11,1.8321988360700143,0.0291,40446.3,0,urban,S5_urban_sud,0.4416,1.8952,1.1653,4.53,0.4889,1.29
DIESEL_Constanta-DN3-Murfatlar-retur,09-10,2026-09-11 09:56:14,2512,50.20946538124453,1472.2618317265558,20.905337423312883,28.107721297107847,88.20946538124454,35.0,21.0,32.78952673093777,17.080674846625765,1.956765006213709,0.1389,40460.2,0,urban,S5_urban_sud,0.4813,1.8957,1.2699,4.5559,0.7336,1.9357
DIESEL_Constanta-DN3-Murfatlar-retur,09-10,2026-09-11 09:56:15,2513,51.0,1473.085127860027,20.788008075370144,29.814441453566904,88.86810228802159,35.0,21.0,32.74340511440108,16.931749663526258,2.234370255098914,0.0607,40474.4,0,urban,S5_urban_sud,0.5893,1.8963,1.5549,4.5304,0.5729,1.5117
DIESEL_Constanta-DN3-Murfatlar-retur,09-10,2026-09-11 09:56:16,2514,50.64641434262943,1465.4586653386446,20.36939243027888,23.320408366533663,88.35358565737057,35.0,21.0,33.01822709163351,16.729501992031878,1.6009462341956722,-0.1389,40488.5,0,urban,S5_urban_sud,0.2485,1.8965,0.6558,4.4391,0.124,0.3273
DIESEL_Constanta-DN3-Murfatlar-retur,09-10,2026-09-11 09:56:17,2515,50.0,1452.6294642857142,20.31866071428572,24.60339285714308,89.0,34.651785714285694,21.0,33.07767857142854,16.82,2.1736213095457013,-0.0898,40502.4,0,urban,S5_urban_sud,0.3019,1.8968,0.7967,4.4281,0.228,0.6016
DIESEL_Constanta-DN3-Murfatlar-retur,09-10,2026-09-11 09:56:18,2516,50.0,1453.5220588235293,20.308814041745727,31.252333965844453,89.0,34.0,21.0,31.9698292220114,16.82,2.375002478408888,0.0,40516.2,0,urban,S5_urban_sud,0.6104,1.8975,1.6105,4.4259,0.425,1.1215
DIESEL_Constanta-DN3-Murfatlar-retur,09-10,2026-09-11 09:56:19,2517,50.0,1460.4832702020208,20.822335858585973,28.33901515151464,88.63510101010091,34.0,21.0,32.06489898989909,17.13746212121221,1.7236189174055891,0.0615,40530.1,0,urban,S5_urban_sud,0.4757,1.8979,1.2552,4.5378,0.56,1.4776
DIESEL_Constanta-DN3-Murfatlar-retur,09-10,2026-09-11 09:56:20,2518,50.442959001782455,1474.684714795007,21.234358288770107,29.96368983957134,88.0,34.442959001782455,21.0,32.96577540106947,17.304625668449265,1.8804084166756152,0.0794,40544.1,0,urban,S5_urban_sud,0.567,1.8985,1.496,4.6276,0.6061,1.5993
DIESEL_Constanta-DN3-Murfatlar-retur,09-10,2026-09-11 09:56:21,2519,50.57142857142857,1471.928571428571,24.068571428571428,25.15571428571429,88.42857142857143,35.0,21.0,32.44285714285714,16.884285714285713,2.2691951251628137,-0.0166,40558.2,0,urban,S5_urban_sud,0.5047,1.899,1.3318,5.2453,0.395,1.0423
DIESEL_Constanta-DN3-Murfatlar-retur,09-10,2026-09-11 09:56:22,2520,50.32341526520055,1464.3771021992254,26.264269081500405,17.69219922380418,88.67658473479945,35.0,21.0,31.62341526520056,17.15758085381632,2.37307659429946,0.0554,40572.2,0,urban,S5_urban_sud,0.2449,1.8993,0.6461,5.7238,0.5513,1.4545
DIESEL_Constanta-DN3-Murfatlar-retur,09-10,2026-09-11 09:56:23,2521,50.97024579560166,1494.1313065976765,22.072807244501213,31.896597671412547,88.02975420439833,35.0,21.0,32.27024579560166,17.532742561448966,2.1270630223716283,0.1842,40586.3,0,urban,S5_urban_sud,0.7346,1.9,1.9382,4.8103,0.8487,2.2395
DIESEL_Constanta-DN3-Murfatlar-retur,09-10,2026-09-11 09:56:24,2522,51.64946619217096,1487.265569395017,21.25475088967965,32.38797153025037,88.64946619217095,35.0,21.0,32.47419928825643,17.211654804270424,2.229718476729569,0.048,40600.7,0,urban,S5_urban_sud,0.7285,1.9007,1.9221,4.6321,0.5538,1.4613
DIESEL_Constanta-DN3-Murfatlar-retur,09-10,2026-09-11 09:56:25,2523,51.31615925058553,1491.4742388758782,21.56948477751757,24.660749414519664,88.31615925058553,35.0,21.0,31.658079625292764,17.4,2.643986405847139,0.0487,40614.9,0,urban,S5_urban_sud,0.3419,1.9011,0.9021,4.7007,0.5506,1.4528
DIESEL_Constanta-DN3-Murfatlar-retur,09-10,2026-09-11 09:56:26,2524,52.0,1492.9088050314465,21.24660377358488,24.89849056603809,89.0,35.0,21.0,32.29433962264154,17.11547169811318,2.2937657663757243,0.0775,40629.4,0,urban,S5_urban_sud,0.3325,1.9014,0.8774,4.6303,0.6262,1.6523
DIESEL_Constanta-DN3-Murfatlar-retur,09-10,2026-09-11 09:56:27,2525,51.87445510026174,1492.149302528337,20.54753269398429,31.07233653008065,88.87445510026174,35.0,21.0,33.12598081952887,16.54883173496074,2.590437100037996,-0.1385,40643.8,0,urban,S5_urban_sud,0.6779,1.9021,1.7886,4.4779,0.1325,0.3495
DIESEL_Constanta-DN3-Murfatlar-retur,09-10,2026-09-11 09:56:28,2526,51.00261551874469,1481.0333478639948,20.59984306887532,20.81078465562497,88.00261551874469,35.0,21.0,34.69529206625957,16.679607672188297,1.6391906714938027,-0.1215,40658.0,0,urban,S5_urban_sud,0.1278,1.9022,0.3373,4.4893,0.1651,0.4357
DIESEL_Constanta-DN3-Murfatlar-retur,09-10,2026-09-11 09:56:29,2527,51.0,1493.6102941176457,20.706470588235224,27.10441176470528,88.61764705882344,35.0,21.0,32.13235294117641,16.655588235294083,1.5947168033130872,-0.0004,40672.1,0,urban,S5_urban_sud,0.462,1.9027,1.2191,4.5126,0.4362,1.1508
DIESEL_Constanta-DN3-Murfatlar-retur,09-10,2026-09-11 09:56:30,2528,51.0,1482.3523809523815,20.235142857142847,23.359142857142704,88.3904761904761,35.0,21.0,31.89523809523805,16.444666666666652,1.733327214803735,0.0,40686.3,0,urban,S5_urban_sud,0.2385,1.9029,0.6294,4.4099,0.4371,1.1532
DIESEL_Constanta-DN3-Murfatlar-retur,09-10,2026-09-11 09:56:31,2529,51.0,1477.4927325581398,20.42831395348835,23.756744186046603,89.0,35.0,21.0,32.37732558139532,16.632848837209284,1.9608946846046629,0.0208,40700.5,0,urban,S5_urban_sud,0.2707,1.9032,0.7143,4.452,0.4836,1.2761
DIESEL_Constanta-DN3-Murfatlar-retur,09-10,2026-09-11 09:56:32,2530,51.14993306559576,1478.535809906293,20.780455153949163,24.92402945113857,89.0,35.0,21.0,32.595046854082966,16.86348058902277,2.3816458734901342,0.1389,40714.7,0,urban,S5_urban_sud,0.3028,1.9035,0.7989,4.5287,0.7507,1.9808
DIESEL_Constanta-DN3-Murfatlar-retur,09-10,2026-09-11 09:56:33,2531,52.0,1502.0756780402446,21.282939632545947,33.6191601049877,89.0,35.0,21.0,31.74453193350837,17.017392825896785,1.8869183497707696,0.1181,40729.1,0,urban,S5_urban_sud,0.765,1.9042,2.0186,4.6382,0.7189,1.8968
DIESEL_Constanta-DN3-Murfatlar-retur,09-10,2026-09-11 09:56:34,2532,52.0,1504.763929618767,21.196422287390075,24.773255131963925,88.78299120234587,35.0,21.0,31.13489736070376,16.882932551319698,1.516360511366149,0.0,40743.6,0,urban,S5_urban_sud,0.3238,1.9046,0.8543,4.6194,0.4494,1.1857
DIESEL_Constanta-DN3-Murfatlar-retur,09-10,2026-09-11 09:56:35,2533,52.0,1500.8716740576504,21.24997782705095,22.251541019956093,88.0,34.77937915742787,21.0,31.032372505543275,16.951152993348067,1.7836440659240125,-0.0319,40758.0,0,urban,S5_urban_sud,0.2097,1.9048,0.5533,4.631,0.3765,0.9936
DIESEL_Constanta-DN3-Murfatlar-retur,09-10,2026-09-11 09:56:36,2534,51.77065637065636,1503.9750965250964,20.678718146718143,26.82159845559844,88.22934362934363,34.0,21.0,31.63760617760618,16.42210810810811,1.9191776599041697,-0.1386,40772.4,0,urban,S5_urban_sud,0.4613,1.9052,1.2172,4.5065,0.1316,0.3472
DIESEL_Constanta-DN3-Murfatlar-retur,09-10,2026-09-11 09:56:37,2535,51.00191387559804,1486.287320574162,20.54061244019137,24.716755980861084,89.0,34.0,21.0,32.09961722488039,16.53,2.6796546316035483,0.0261,40786.5,0,urban,S5_urban_sud,0.3158,1.9055,0.8333,4.4764,0.4955,1.3074
DIESEL_Constanta-DN3-Murfatlar-retur,09-10,2026-09-11 09:56:38,2536,51.95885167464104,1504.9476076555002,20.84683253588513,28.094746411482856,89.0,34.0,21.0,31.90822966507179,16.53,1.7952613836901827,-0.0003,40801.0,0,urban,S5_urban_sud,0.4969,1.906,1.3112,4.5432,0.4482,1.1825
DIESEL_Constanta-DN3-Murfatlar-retur,09-10,2026-09-11 09:56:39,2537,51.0,1492.285214348207,20.42458442694661,21.049221347331457,89.0,34.0,21.0,31.21714785651793,16.43972878390199,2.261259597524809,-0.1332,40815.1,0,urban,S5_urban_sud,0.137,1.9062,0.3615,4.4512,0.1389,0.3665
DIESEL_Constanta-DN3-Murfatlar-retur,09-10,2026-09-11 09:56:40,2538,51.0,1474.7874015748043,20.879527559055084,23.796377952755712,89.0,34.0,21.0,31.392125984251955,16.94716535433067,2.5051257199252093,0.1389,40829.3,0,urban,S5_urban_sud,0.2474,1.9064,0.6528,4.5503,0.748,1.9735
DIESEL_Constanta-DN3-Murfatlar-retur,09-10,2026-09-11 09:56:41,2539,52.0,1497.4886792452828,21.64211320754712,34.38026415094384,89.0,34.0,21.0,31.6392452830188,17.32230188679242,2.1172781754431584,0.1389,40843.8,0,urban,S5_urban_sud,0.8078,1.9072,2.1314,4.7165,0.7663,2.0221
DIESEL_Constanta-DN3-Murfatlar-retur,09-10,2026-09-11 09:56:42,2540,52.0,1505.9666666666656,22.333810945273605,29.92239800995016,89.0,34.0,21.0,32.26945273631843,17.738955223880588,2.290669125056052,0.0,40858.2,0,urban,S5_urban_sud,0.609,1.9078,1.6069,4.8672,0.4494,1.1857
DIESEL_Constanta-DN3-Murfatlar-retur,09-10,2026-09-11 09:56:43,2541,52.0,1518.0495049504948,22.26984698469857,29.27051305130565,89.0,34.0,21.0,32.058145814581444,17.543456345634652,1.984832347728258,0.0,40872.6,0,urban,S5_urban_sud,0.6023,1.9084,1.5892,4.8533,0.4494,1.1857
DIESEL_Constanta-DN3-Murfatlar-retur,09-10,2026-09-11 09:56:44,2542,52.0,1511.1073825503338,21.228948545861257,24.075570469798457,88.76286353467557,34.0,21.0,32.46085011185688,16.78680089485458,2.178477281536884,0.0,40887.1,0,urban,S5_urban_sud,0.3187,1.9088,0.8409,4.6264,0.4494,1.1857
DIESEL_Constanta-DN3-Murfatlar-retur,09-10,2026-09-11 09:56:45,2543,52.0,1485.4492992580394,20.59981038746911,22.014773289365834,88.26215993404794,34.0,21.0,33.09027205276164,16.68,1.7900134357802613,0.0,40901.5,0,urban,S5_urban_sud,0.1923,1.909,0.5075,4.4893,0.4494,1.1857
DIESEL_Constanta-DN3-Murfatlar-retur,09-10,2026-09-11 09:56:46,2544,52.0,1495.9125766871168,20.73723926380368,25.99521472392644,89.0,34.0,21.0,32.47239263803681,16.65331288343558,1.7864013149552516,0.0,40916.0,0,urban,S5_urban_sud,0.4076,1.9094,1.0754,4.5193,0.4494,1.1857
DIESEL_Constanta-DN3-Murfatlar-retur,09-10,2026-09-11 09:56:47,2545,52.0,1516.5085451358443,20.710946538124453,30.80678352322497,89.0,34.0,21.0,32.20946538124454,16.399149868536387,1.8781211235570296,-0.1352,40930.4,0,urban,S5_urban_sud,0.684,1.91,1.8049,4.5136,0.1408,0.3715
DIESEL_Constanta-DN3-Murfatlar-retur,09-10,2026-09-11 09:56:48,2546,51.02626262626247,1515.302525252525,20.680787878787875,21.0478787878772,89.0,34.0,21.0,32.102626262626245,16.39,2.161689742457901,-0.1564,40944.6,0,urban,S5_urban_sud,0.1411,1.9102,0.3723,4.507,0.0871,0.2299
DIESEL_Constanta-DN3-Murfatlar-retur,09-10,2026-09-11 09:56:49,2547,50.87419651056003,1476.762167125801,19.68842056932961,20.78,88.87419651056004,34.0,21.0,32.82387511478405,15.95,1.730326939351639,-0.1365,40958.7,0,urban,S5_urban_sud,0.1262,1.9103,0.3329,4.2907,0.1308,0.345
DIESEL_Constanta-DN3-Murfatlar-retur,09-10,2026-09-11 09:56:50,2548,50.04343891402696,1456.3909502262427,19.346506787330245,21.223076923075016,88.0,34.0,21.0,31.6,15.956515837104044,2.189370090098614,0.0103,40972.6,0,urban,S5_urban_sud,0.1481,1.9105,0.3908,4.2162,0.4482,1.1826
DIESEL_Constanta-DN3-Murfatlar-retur,09-10,2026-09-11 09:56:51,2549,50.94841628959293,1464.5357466063365,19.690398190045315,30.45384615384789,88.0,34.0,21.0,31.6,16.09226244343894,2.211772731438682,0.1329,40986.8,0,urban,S5_urban_sud,0.6049,1.9111,1.596,4.2911,0.7336,1.9357
DIESEL_Constanta-DN3-Murfatlar-retur,09-10,2026-09-11 09:56:52,2550,51.0,1468.6679224973093,20.88870828848227,25.7165123789024,89.0,34.0,21.0,32.885468245425166,17.06489773950486,1.5779865338161854,0.0072,41000.9,0,urban,S5_urban_sud,0.3453,1.9114,0.911,4.5523,0.4532,1.1957
DIESEL_Constanta-DN3-Murfatlar-retur,09-10,2026-09-11 09:56:53,2551,51.0,1475.372401847576,21.59957274826792,33.99100461893781,89.0,34.0,21.0,32.19699769053119,17.55,2.122767257513327,0.049,41015.1,0,urban,S5_urban_sud,0.7714,1.9122,2.0355,4.7072,0.5467,1.4426
DIESEL_Constanta-DN3-Murfatlar-retur,09-10,2026-09-11 09:56:54,2552,51.35311572700295,1476.2566765578629,21.72314540059345,30.40246290801192,89.0,34.0,21.0,31.723442136498523,17.701839762611268,1.6634014886314423,0.1007,41029.4,0,urban,S5_urban_sud,0.6086,1.9128,1.6059,4.7341,0.6683,1.7634
DIESEL_Constanta-DN3-Murfatlar-retur,09-10,2026-09-11 09:56:55,2553,51.72539682539687,1504.50119047619,22.32622222222225,29.16822222222213,88.72539682539687,34.0,21.0,31.31761904761906,17.78228571428575,1.621524625666234,-0.0372,41043.7,0,urban,S5_urban_sud,0.5851,1.9134,1.5439,4.8656,0.3615,0.9538
DIESEL_Constanta-DN3-Murfatlar-retur,09-10,2026-09-11 09:56:56,2554,51.08523290386504,1513.2812190287425,21.84840436075337,29.95501486620547,88.0,34.0,21.0,31.159663032705527,17.21056491575828,1.6743037380940484,0.0381,41057.9,0,urban,S5_urban_sud,0.5986,1.914,1.5796,4.7614,0.5235,1.3813
DIESEL_Constanta-DN3-Murfatlar-retur,09-10,2026-09-11 09:56:57,2555,52.0,1507.6423116089595,21.02668024439905,22.9863136456208,88.0,34.0,21.0,31.72942973523404,16.645498981669974,2.525494719782217,0.1138,41072.4,0,urban,S5_urban_sud,0.2425,1.9142,0.6398,4.5824,0.7091,1.8709
DIESEL_Constanta-DN3-Murfatlar-retur,09-10,2026-09-11 09:56:58,2556,51.904714142427466,1498.9754262788394,20.33425275827495,21.21716148445329,88.09528585757253,34.0,21.0,30.947642928786266,16.212367101303965,2.49531230632062,-0.1268,41086.8,0,urban,S5_urban_sud,0.1262,1.9143,0.3329,4.4315,0.1593,0.4204
DIESEL_Constanta-DN3-Murfatlar-retur,09-10,2026-09-11 09:56:59,2557,51.08734402852047,1483.8667557932265,19.72659536541889,21.844260249554285,88.91265597147952,34.0,21.0,31.44367201426024,15.963101604278071,2.44413147963181,0.0103,41101.0,0,urban,S5_urban_sud,0.1427,1.9145,0.3766,4.299,0.4612,1.2169
DIESEL_Constanta-DN3-Murfatlar-retur,09-10,2026-09-11 09:57:00,2558,51.97860962566855,1477.4050802139031,19.895935828877025,24.64283422459924,88.02139037433145,34.0,21.0,31.889304812834272,16.096791443850282,2.47931171061919,-0.0113,41115.4,0,urban,S5_urban_sud,0.3114,1.9148,0.8217,4.3359,0.4233,1.1169
DIESEL_Constanta-DN3-Murfatlar-retur,09-10,2026-09-11 09:57:01,2559,51.00600240096051,1504.4789915966385,21.35915966386553,27.109399759905035,89.0,34.0,21.0,32.09459783913554,16.97,1.908631465969463,-0.0192,41129.6,0,urban,S5_urban_sud,0.4443,1.9152,1.1723,4.6548,0.3941,1.04
DIESEL_Constanta-DN3-Murfatlar-retur,09-10,2026-09-11 09:57:02,2560,51.84059314179797,1500.9601482854496,21.18652455977757,32.97700648748845,88.84059314179797,34.0,21.0,31.29564411492122,16.923772011121407,2.11808401209542,-0.0008,41144.0,0,urban,S5_urban_sud,0.7626,1.916,2.0121,4.6172,0.4456,1.1756
DIESEL_Constanta-DN3-Murfatlar-retur,09-10,2026-09-11 09:57:03,2561,51.0,1497.8835616438396,20.908082191780963,20.94667808219156,88.1061643835615,34.0,21.0,31.72568493150695,16.649212328767163,1.8221881737567,-0.1167,41158.2,0,urban,S5_urban_sud,0.1329,1.9161,0.3506,4.5565,0.1758,0.464
DIESEL_Constanta-DN3-Murfatlar-retur,09-10,2026-09-11 09:57:04,2562,51.0,1469.8918039895914,19.95966175195141,22.054518647007736,88.81179531656544,34.0,21.0,31.269384215091108,16.361769297484816,2.3249488200249946,0.0,41172.3,0,urban,S5_urban_sud,0.1774,1.9163,0.4681,4.3498,0.4371,1.1532
DIESEL_Constanta-DN3-Murfatlar-retur,09-10,2026-09-11 09:57:05,2563,51.0,1454.0582663605037,19.59204362801373,21.702158438574585,88.07347876004579,34.0,21.0,31.99265212399542,16.24,1.8397249359151555,0.0,41186.5,0,urban,S5_urban_sud,0.1725,1.9165,0.4553,4.2697,0.4371,1.1532
DIESEL_Constanta-DN3-Murfatlar-retur,09-10,2026-09-11 09:57:06,2564,51.0,1464.410121681416,19.84651548672564,30.985818584068223,88.78650442477853,34.0,21.0,31.87865044247785,16.24,1.6018304646884358,-0.0445,41200.7,0,urban,S5_urban_sud,0.6359,1.9171,1.6778,4.3252,0.3374,0.8904
DIESEL_Constanta-DN3-Murfatlar-retur,09-10,2026-09-11 09:57:07,2565,50.67960088691774,1452.985033259415,19.65747228381368,21.84697339246085,88.32039911308226,34.0,21.0,31.75194013303766,16.28805986696234,1.5498584361977483,-0.1389,41214.7,0,urban,S5_urban_sud,0.1691,1.9173,0.4461,4.284,0.1242,0.3278
DIESEL_Constanta-DN3-Murfatlar-retur,09-10,2026-09-11 09:57:08,2566,50.0,1434.2823057432452,19.50210304054056,21.806334459459745,89.0,34.0,21.0,31.60097128378377,16.34097128378377,1.6578577156759662,-0.0944,41228.6,0,urban,S5_urban_sud,0.1674,1.9175,0.4418,4.2501,0.2179,0.5749
DIESEL_Constanta-DN3-Murfatlar-retur,09-10,2026-09-11 09:57:09,2567,50.0,1450.9892051030424,19.7276153091266,25.326457311089435,88.8007850834151,34.0,21.0,31.55976447497548,16.29777232580962,1.960463613004464,0.0,41242.5,0,urban,S5_urban_sud,0.3278,1.9178,0.8649,4.2993,0.425,1.1215
DIESEL_Constanta-DN3-Murfatlar-retur,09-10,2026-09-11 09:57:10,2568,50.0,1462.640371229699,20.28436194895608,29.8913689095117,88.21345707656633,34.0,21.0,32.03480278422297,16.653805104408473,2.0103665553126007,0.0,41256.4,0,urban,S5_urban_sud,0.577,1.9184,1.5226,4.4206,0.425,1.1215
DIESEL_Constanta-DN3-Murfatlar-retur,09-10,2026-09-11 09:57:11,2569,50.0,1465.293795620438,20.937007299270093,26.987021897810703,88.76496350364953,34.0,21.0,32.87649635036495,17.14525547445257,1.851851327811072,0.0,41270.3,0,urban,S5_urban_sud,0.4379,1.9188,1.1553,4.5628,0.425,1.1215
DIESEL_Constanta-DN3-Murfatlar-retur,09-10,2026-09-11 09:57:12,2570,50.0,1466.2062043795622,21.08299270072996,30.424978102190543,88.0350364963502,34.0,21.0,32.80350364963502,17.254744525547473,1.801897784361156,0.1389,41284.2,0,urban,S5_urban_sud,0.6221,1.9194,1.6414,4.5946,0.7298,1.9258
DIESEL_Constanta-DN3-Murfatlar-retur,09-10,2026-09-11 09:57:13,2571,51.0,1469.3232819074335,20.79413744740533,26.155680224403888,88.29312762973362,34.0,21.0,31.15343618513319,16.97,2.453339320807172,0.1389,41298.4,0,urban,S5_urban_sud,0.3785,1.9198,0.9988,4.5317,0.748,1.9735
DIESEL_Constanta-DN3-Murfatlar-retur,09-10,2026-09-11 09:57:14,2572,51.0,1469.498597475456,20.780112201963533,25.88218793828887,88.99438990182341,34.0,21.0,30.80280504908829,16.97,3.421728792158888,-0.0538,41312.5,0,urban,S5_urban_sud,0.3785,1.9202,0.9988,4.5286,0.3166,0.8355
DIESEL_Constanta-DN3-Murfatlar-retur,09-10,2026-09-11 09:57:15,2573,50.61229314420807,1453.8120567375893,19.71226950354612,23.66390070922001,89.0,34.0,21.0,32.718439716312105,16.27756501182034,2.482048903377783,-0.1845,41326.6,0,urban,S5_urban_sud,0.2807,1.9205,0.7407,4.2959,0.0694,0.1832
DIESEL_Constanta-DN3-Murfatlar-retur,09-10,2026-09-11 09:57:16,2574,49.67188563648744,1442.101599727706,19.311409121851607,21.554349897889647,88.67188563648743,34.0,21.0,31.931245745405025,16.050782845473115,1.879253592799613,-0.2239,41340.4,0,urban,S5_urban_sud,0.1676,1.9206,0.4422,4.2086,0.0694,0.1832
DIESEL_Constanta-DN3-Murfatlar-retur,09-10,2026-09-11 09:57:17,2575,49.0,1439.4144838212655,19.12699537750387,23.14,88.0,34.0,21.0,32.228043143297214,15.95300462249613,1.8916679079573573,-0.0486,41354.0,0,urban,S5_urban_sud,0.2511,1.9209,0.6625,4.1684,0.3088,0.8148
DIESEL_Constanta-DN3-Murfatlar-retur,09-10,2026-09-11 09:57:18,2576,49.32183908045984,1421.1494252873558,19.19563218390809,24.652643678161247,88.0,34.0,21.0,32.956321839080324,16.286666666666708,2.575481062954106,0.1389,41367.7,0,urban,S5_urban_sud,0.2705,1.9212,0.7137,4.1833,0.7177,1.8938
DIESEL_Constanta-DN3-Murfatlar-retur,09-10,2026-09-11 09:57:19,2577,50.0,1424.1786321155523,19.85192013593896,28.69519116397675,88.0,34.0,21.0,31.639592183517443,16.765123194562502,2.8819529103478136,0.0942,41381.6,0,urban,S5_urban_sud,0.4916,1.9216,1.2971,4.3263,0.6318,1.667
DIESEL_Constanta-DN3-Murfatlar-retur,09-10,2026-09-11 09:57:20,2578,50.0,1452.623549883991,20.67324825986079,32.00668213457067,88.06496519721581,34.0,21.0,31.78700696055684,17.11,2.2128007158769765,0.0235,41395.5,0,urban,S5_urban_sud,0.6858,1.9223,1.8095,4.5053,0.4766,1.2576
DIESEL_Constanta-DN3-Murfatlar-retur,09-10,2026-09-11 09:57:21,2579,50.16884247171452,1456.6914708442123,20.758833768494338,28.542123585726856,89.0,34.0,21.0,31.76884247171452,17.15896431679721,1.6631654457371077,0.1299,41409.4,0,urban,S5_urban_sud,0.5039,1.9228,1.3296,4.524,0.7131,1.8815
DIESEL_Constanta-DN3-Murfatlar-retur,09-10,2026-09-11 09:57:22,2580,50.93543758966992,1450.8310616929707,20.90868005738875,23.03371592539554,88.93543758966992,34.0,21.0,32.41276901004277,17.35351506456234,1.4901695505278556,-0.0717,41423.6,0,urban,S5_urban_sud,0.2219,1.9231,0.5854,4.5567,0.276,0.7282
DIESEL_Constanta-DN3-Murfatlar-retur,09-10,2026-09-11 09:57:23,2581,49.65234765234761,1452.7315184815177,20.07707292707289,28.71254745254692,88.34765234765239,34.0,21.0,30.18671328671335,16.579180819180806,1.787244729297918,-0.2688,41437.3,0,urban,S5_urban_sud,0.4966,1.9236,1.3103,4.3754,0.0694,0.1832
DIESEL_Constanta-DN3-Murfatlar-retur,09-10,2026-09-11 09:57:24,2582,49.0,1438.451827875094,19.785354150799773,21.712909367860348,88.7357197258186,34.0,21.0,31.417136329017683,16.54328255902521,2.295222201728784,-0.0838,41451.0,0,urban,S5_urban_sud,0.1762,1.9237,0.4649,4.3118,0.2331,0.6151
DIESEL_Constanta-DN3-Murfatlar-retur,09-10,2026-09-11 09:57:25,2583,49.04878048780502,1433.5914634146366,20.16219512195114,24.711951219513374,88.04878048780502,34.0,21.0,32.20243902438995,16.93439024390233,1.8817746512191256,0.098,41464.6,0,urban,S5_urban_sud,0.3339,1.9241,0.8811,4.394,0.6248,1.6487
DIESEL_Constanta-DN3-Murfatlar-retur,09-10,2026-09-11 09:57:26,2584,49.70593368237353,1440.8104275741728,19.684694589877825,29.088839441536447,89.0,34.0,21.0,30.652879581151765,16.410558464223353,2.16170549724641,0.0158,41478.4,0,urban,S5_urban_sud,0.527,1.9246,1.3906,4.2899,0.456,1.2033
DIESEL_Constanta-DN3-Murfatlar-retur,09-10,2026-09-11 09:57:27,2585,49.16283034953098,1422.5358056265952,19.875822676896817,22.504373401533087,89.0,34.0,21.0,31.451150895140707,16.797203751065663,2.814781604557384,0.0408,41492.0,0,urban,S5_urban_sud,0.2084,1.9248,0.5498,4.3316,0.5032,1.3279
DIESEL_Constanta-DN3-Murfatlar-retur,09-10,2026-09-11 09:57:28,2586,50.0,1441.9736070381232,20.03835777126097,31.13193548387067,89.0,34.0,21.0,31.178885630498502,16.66469208211142,1.673495554266781,0.017,41505.9,0,urban,S5_urban_sud,0.6192,1.9254,1.6339,4.367,0.4623,1.22
DIESEL_Constanta-DN3-Murfatlar-retur,09-10,2026-09-11 09:57:29,2587,49.28510638297888,1426.9702127659605,19.415148936170176,21.78880851063841,89.0,34.0,21.0,30.57872340425528,16.410978723404188,1.5435892347522613,-0.2386,41519.6,0,urban,S5_urban_sud,0.1667,1.9256,0.4399,4.2312,0.0694,0.1832
DIESEL_Constanta-DN3-Murfatlar-retur,09-10,2026-09-11 09:57:30,2588,48.28185053380792,1413.5877224199328,19.721544483985763,25.754661921709808,88.71814946619207,34.0,21.0,30.98455516014237,16.806526690391404,1.6749703081691687,-0.0405,41533.0,0,urban,S5_urban_sud,0.3573,1.9259,0.9429,4.2979,0.3193,0.8424
DIESEL_Constanta-DN3-Murfatlar-retur,09-10,2026-09-11 09:57:31,2589,48.993594306049815,1443.4809608540922,19.700192170818504,38.31693950177919,88.00640569395019,34.0,21.0,31.198078291814944,16.39371530249111,1.923536130891769,0.2085,41546.6,0,urban,S5_urban_sud,0.9411,1.9269,2.4832,4.2933,0.8616,2.2733
DIESEL_Constanta-DN3-Murfatlar-retur,09-10,2026-09-11 09:57:32,2590,49.7828106852498,1426.5905923344965,19.624796747967487,21.859802555168137,88.2171893147502,34.0,21.0,30.961091753774777,16.56257839721253,2.149902496022782,0.0009,41560.5,0,urban,S5_urban_sud,0.1536,1.927,0.4053,4.2769,0.4244,1.1199
DIESEL_Constanta-DN3-Murfatlar-retur,09-10,2026-09-11 09:57:33,2591,49.0,1417.1347858197942,19.50980797636631,24.122200886262885,89.0,34.0,21.0,30.509305760709093,16.574062038404705,1.952807795851759,-0.1087,41574.1,0,urban,S5_urban_sud,0.2524,1.9273,0.6659,4.2518,0.1796,0.4738
DIESEL_Constanta-DN3-Murfatlar-retur,09-10,2026-09-11 09:57:34,2592,49.0,1431.3519202363398,19.325169867060524,23.54612998522884,89.0,34.0,21.0,31.76484490398844,16.24909896602652,1.630682986234191,0.0,41587.7,0,urban,S5_urban_sud,0.2524,1.9275,0.6659,4.2116,0.4133,1.0906
DIESEL_Constanta-DN3-Murfatlar-retur,09-10,2026-09-11 09:57:35,2593,49.0,1422.8042620363055,19.37346487766381,27.08844514601377,89.0,34.0,21.0,31.11247040252561,16.41112075769538,1.8607967095671487,0.0042,41601.3,0,urban,S5_urban_sud,0.416,1.928,1.0976,4.2221,0.4224,1.1144
DIESEL_Constanta-DN3-Murfatlar-retur,09-10,2026-09-11 09:57:36,2594,49.0300000000002,1414.0375000000004,19.946600000000046,21.368300000003924,88.9699999999998,34.0,21.0,30.50600000000004,16.974200000000028,1.810445561915676,0.1389,41614.9,0,urban,S5_urban_sud,0.1508,1.9281,0.3979,4.347,0.7126,1.8802
DIESEL_Constanta-DN3-Murfatlar-retur,09-10,2026-09-11 09:57:37,2595,50.0,1415.506742738591,20.146618257261327,39.96302904564048,88.0,34.0,21.0,30.737344398340483,17.096618257261326,1.5312209154457797,0.1242,41628.8,0,urban,S5_urban_sud,0.9287,1.929,2.4504,4.3906,0.6976,1.8407
DIESEL_Constanta-DN3-Murfatlar-retur,09-10,2026-09-11 09:57:38,2596,49.92448512585833,1422.310640732269,19.71112128146458,26.22521739130557,88.07551487414167,34.0,21.0,31.945308924485,16.68,1.9420887704280565,-0.1759,41642.7,0,urban,S5_urban_sud,0.3595,1.9294,0.9485,4.2957,0.0694,0.1832
DIESEL_Constanta-DN3-Murfatlar-retur,09-10,2026-09-11 09:57:39,2597,48.73333333333325,1405.0833333333326,19.37599999999997,20.78,88.73333333333325,34.0,21.0,32.15333333333322,16.639999999999986,3.017545400136282,-0.2139,41656.2,0,urban,S5_urban_sud,0.1262,1.9295,0.3329,4.2226,0.0694,0.1832
DIESEL_Constanta-DN3-Murfatlar-retur,09-10,2026-09-11 09:57:40,2598,48.384364820847054,1405.629478827365,19.43592833876235,26.510879478829573,88.38436482084705,34.0,21.0,31.27687296416941,16.699120521172706,1.932568643819449,0.0778,41669.7,0,urban,S5_urban_sud,0.3929,1.9299,1.0368,4.2357,0.5715,1.5078
DIESEL_Constanta-DN3-Murfatlar-retur,09-10,2026-09-11 09:57:41,2599,49.29362214199772,1426.251203369438,20.016425992779794,35.804512635379105,89.0,34.0,21.0,30.84211793020433,16.88484957882066,2.124579093907561,0.1331,41683.4,0,urban,S5_urban_sud,0.8202,1.9307,2.1641,4.3622,0.7047,1.8594
DIESEL_Constanta-DN3-Murfatlar-retur,09-10,2026-09-11 09:57:42,2600,49.34287987271282,1436.3003182179796,22.64276849641999,28.477120127287364,88.6714399363564,34.0,21.0,30.288544152744613,16.821280827366742,2.1770665537202305,-0.1797,41697.1,0,urban,S5_urban_sud,0.5507,1.9313,1.4531,4.9346,0.0694,0.1832
DIESEL_Constanta-DN3-Murfatlar-retur,09-10,2026-09-11 09:57:43,2601,48.0,1414.0662650602412,26.59180722891575,15.037831325301056,88.144578313253,34.0,21.0,31.422891566265093,17.00590361445784,2.6037577453314933,-0.1865,41710.4,0,urban,S5_urban_sud,0.0639,1.9313,0.1685,5.7952,0.0694,0.1832
DIESEL_Constanta-DN3-Murfatlar-retur,09-10,2026-09-11 09:57:44,2602,48.0,1394.306962025318,18.91151898734161,27.1770886075942,89.0,34.0,21.0,28.73227848101302,16.339177215189736,1.8840887642949191,0.0,41723.7,0,urban,S5_urban_sud,0.4285,1.9318,1.1305,4.1214,0.4019,1.0604
DIESEL_Constanta-DN3-Murfatlar-retur,09-10,2026-09-11 09:57:45,2603,48.0,1401.5402350813745,18.15202531645569,23.63278481012655,89.0,34.0,21.0,30.45018083182642,15.679141048824588,2.1570608268800093,-0.0413,41737.1,0,urban,S5_urban_sud,0.2573,1.932,0.679,3.9559,0.3149,0.8308
DIESEL_Constanta-DN3-Murfatlar-retur,09-10,2026-09-11 09:57:46,2604,47.70261941448379,1374.0597072419102,18.330061633282,21.18,89.0,34.0,21.0,31.42973805855162,16.16708782742683,2.009093865129361,-0.1086,41750.3,0,urban,S5_urban_sud,0.1262,1.9322,0.3329,3.9947,0.1712,0.4516
DIESEL_Constanta-DN3-Murfatlar-retur,09-10,2026-09-11 09:57:47,2605,47.21836228287888,1369.9088089330137,18.910049627791693,23.87677419355416,88.89081885856056,34.0,21.0,31.456327543424223,16.663622828784085,3.11816692810354,0.1481,41763.4,0,urban,S5_urban_sud,0.2364,1.9324,0.6237,4.1211,0.7,1.8471
DIESEL_Constanta-DN3-Murfatlar-retur,09-10,2026-09-11 09:57:48,2606,48.76904176904164,1406.687960687958,19.427714987715003,40.17533169532862,88.23095823095835,34.0,21.0,31.030712530712496,16.631621621621676,2.6241724416571413,0.1086,41777.0,0,urban,S5_urban_sud,0.9025,1.9333,2.3813,4.2339,0.6431,1.6969
DIESEL_Constanta-DN3-Murfatlar-retur,09-10,2026-09-11 09:57:49,2607,48.0,1390.0511098130864,19.56917056074777,21.68310747663661,89.0,34.0,21.0,30.742990654205485,17.00064252336455,1.61643948708325,-0.1357,41790.3,0,urban,S5_urban_sud,0.1487,1.9334,0.3923,4.2647,0.116,0.3061
DIESEL_Constanta-DN3-Murfatlar-retur,09-10,2026-09-11 09:57:50,2608,47.79208924949295,1404.0618661257606,19.954269776876327,28.156835699797178,88.79208924949295,34.0,21.0,30.187119675456348,17.15882352941182,2.820778841173712,-0.1389,41803.6,0,urban,S5_urban_sud,0.4416,1.9339,1.1653,4.3487,0.1082,0.2855
DIESEL_Constanta-DN3-Murfatlar-retur,09-10,2026-09-11 09:57:51,2609,47.0,1402.445731707317,19.0254024390244,26.480597560975564,88.0,34.0,21.0,31.006829268292684,16.317451219512197,1.9764342246673023,-0.0628,41816.6,0,urban,S5_urban_sud,0.3742,1.9343,0.9875,4.1462,0.2612,0.6891
DIESEL_Constanta-DN3-Murfatlar-retur,09-10,2026-09-11 09:57:52,2610,47.33986371379889,1388.1226575809217,19.15,23.81377342419052,88.33986371379889,34.0,21.0,31.164054514480444,16.628560477001677,2.288161423688055,0.1683,41829.8,0,urban,S5_urban_sud,0.2322,1.9345,0.6126,4.1734,0.7441,1.9635
DIESEL_Constanta-DN3-Murfatlar-retur,09-10,2026-09-11 09:57:53,2611,48.21206409048065,1379.9684260131946,19.18605089538171,27.627408105560587,89.0,34.0,21.0,30.454665409990625,16.79031102733271,2.36145211299769,0.2306,41843.2,0,urban,S5_urban_sud,0.3957,1.9349,1.0442,4.1812,0.8922,2.3542
DIESEL_Constanta-DN3-Murfatlar-retur,09-10,2026-09-11 09:57:54,2612,49.0,1398.3571428571436,19.46476190476204,32.32761904761739,88.80952380952364,34.0,21.0,28.95238095238109,16.790476190476294,2.232034124765943,0.1094,41856.8,0,urban,S5_urban_sud,0.6219,1.9355,1.6409,4.242,0.6486,1.7114
DIESEL_Constanta-DN3-Murfatlar-retur,09-10,2026-09-11 09:57:55,2613,49.0,1403.847560975609,20.16957871396892,26.817339246118824,88.2239467849223,34.0,21.0,29.66718403547669,17.32494456762747,1.617404139638981,0.0,41870.4,0,urban,S5_urban_sud,0.4002,1.9359,1.056,4.3956,0.4133,1.0906
DIESEL_Constanta-DN3-Murfatlar-retur,09-10,2026-09-11 09:57:56,2614,49.0,1409.9451219512184,20.465218033998468,33.772254249813976,88.96304508499617,34.0,21.0,29.88891352549885,17.53928307464889,2.0872713647797103,0.0,41884.0,0,urban,S5_urban_sud,0.68,1.9366,1.7943,4.46,0.4133,1.0906
DIESEL_Constanta-DN3-Murfatlar-retur,09-10,2026-09-11 09:57:57,2615,49.0,1438.9347492323425,20.13967246673492,29.91938587512816,88.02763561924263,34.0,21.0,29.99723643807574,16.840174002047117,2.24716451137543,-0.1015,41897.6,0,urban,S5_urban_sud,0.5713,1.9372,1.5074,4.3891,0.195,0.5146
DIESEL_Constanta-DN3-Murfatlar-retur,09-10,2026-09-11 09:57:58,2616,48.26886035313002,1414.8902487961475,20.02514446227929,23.83963081861968,88.26886035313002,34.0,21.0,31.839646869983923,17.104060995184586,1.947803107643017,-0.0194,41911.0,0,urban,S5_urban_sud,0.2619,1.9374,0.691,4.3641,0.3638,0.96
DIESEL_Constanta-DN3-Murfatlar-retur,09-10,2026-09-11 09:57:59,2617,48.8605015673982,1421.668887147336,19.636771159874662,31.120736677116533,89.0,34.0,21.0,29.66739811912217,16.618620689655206,1.6338579739087378,0.0161,41924.6,0,urban,S5_urban_sud,0.5869,1.938,1.5486,4.2795,0.4462,1.1774
DIESEL_Constanta-DN3-Murfatlar-retur,09-10,2026-09-11 09:58:00,2618,48.38481228668943,1412.7873293515358,19.057721843003414,23.19768771331054,89.0,34.0,21.0,31.43114334470992,16.297721843003412,1.8348644926529163,0.0194,41938.0,0,urban,S5_urban_sud,0.2426,1.9383,0.6402,4.1533,0.4474,1.1806
DIESEL_Constanta-DN3-Murfatlar-retur,09-10,2026-09-11 09:58:01,2619,49.0,1409.0002983293557,19.30980906921237,21.95526252983265,89.0,34.0,21.0,32.06730310262543,16.53316229116942,1.7629512313549085,0.1373,41951.7,0,urban,S5_urban_sud,0.1682,1.9384,0.4438,4.2082,0.7086,1.8697
DIESEL_Constanta-DN3-Murfatlar-retur,09-10,2026-09-11 09:58:02,2620,49.37309644670041,1414.9359137055822,19.78670050761417,30.60413705583588,89.0,34.0,21.0,31.111928934010123,16.875964467005062,2.071963297781625,0.1389,41965.4,0,urban,S5_urban_sud,0.5348,1.939,1.4112,4.3121,0.7186,1.8962
DIESEL_Constanta-DN3-Murfatlar-retur,09-10,2026-09-11 09:58:03,2621,50.0,1430.8263135946622,20.19256880733945,38.04564637197665,89.0,34.0,21.0,31.386405337781486,17.032643869891576,2.310359910783565,0.0796,41979.3,0,urban,S5_urban_sud,0.8732,1.9398,2.3039,4.4006,0.5997,1.5824
DIESEL_Constanta-DN3-Murfatlar-retur,09-10,2026-09-11 09:58:04,2622,49.94638069705099,1448.8880697050945,20.69069705093836,26.543458445040347,89.0,34.0,21.0,31.732171581769403,17.24445040214479,1.5785134528316465,-0.1316,41993.1,0,urban,S5_urban_sud,0.3752,1.9402,0.9899,4.5091,0.1359,0.3587
DIESEL_Constanta-DN3-Murfatlar-retur,09-10,2026-09-11 09:58:05,2623,49.05272564790008,1442.8558981233257,20.36898123324403,24.434432529044187,89.0,34.0,21.0,32.26836461125995,16.98529043789102,2.2653596588048988,-0.1314,42006.8,0,urban,S5_urban_sud,0.3188,1.9405,0.8411,4.439,0.1311,0.3458
DIESEL_Constanta-DN3-Murfatlar-retur,09-10,2026-09-11 09:58:06,2624,49.0,1412.9441295546555,19.32571659919025,23.08950607287424,88.0,34.0,21.0,30.47101214574901,16.53066396761132,3.27282157477112,0.0215,42020.4,0,urban,S5_urban_sud,0.2294,1.9408,0.6052,4.2117,0.4596,1.2126
DIESEL_Constanta-DN3-Murfatlar-retur,09-10,2026-09-11 09:58:07,2625,49.20736196319001,1424.18404907975,19.854282208588906,29.54866257668568,88.20736196319001,34.0,21.0,30.29030674846601,16.82,3.037105832223135,0.1389,42034.0,0,urban,S5_urban_sud,0.5201,1.9413,1.3724,4.3269,0.7157,1.8885
DIESEL_Constanta-DN3-Murfatlar-retur,09-10,2026-09-11 09:58:08,2626,50.0,1441.627699180939,20.229158600148867,32.77195830230962,89.0,34.0,21.0,31.08369322412522,16.935979151154086,2.8876312039747174,0.1101,42047.9,0,urban,S5_urban_sud,0.6705,1.9419,1.7692,4.4086,0.6666,1.759
DIESEL_Constanta-DN3-Murfatlar-retur,09-10,2026-09-11 09:58:09,2627,50.0,1435.0769430051812,20.5857823834197,23.601471502590453,89.0,34.0,21.0,30.21025906735748,17.254984455958567,2.356913657841322,0.0,42061.8,0,urban,S5_urban_sud,0.256,1.9422,0.6754,4.4863,0.425,1.1215
DIESEL_Constanta-DN3-Murfatlar-retur,09-10,2026-09-11 09:58:10,2628,50.0,1441.6494755244755,20.18381118881131,29.07461538461777,89.0,34.0,21.0,31.083916083916137,16.7966783216784,2.6638381854475246,0.0444,42075.7,0,urban,S5_urban_sud,0.5323,1.9427,1.4045,4.3987,0.5225,1.3786
DIESEL_Constanta-DN3-Murfatlar-retur,09-10,2026-09-11 09:58:11,2629,50.31962238705334,1445.2943358058,19.913830074174,23.289035738368725,88.68037761294666,34.0,21.0,30.93196223870533,16.577943358058,2.515334206175146,0.138,42089.7,0,urban,S5_urban_sud,0.2472,1.943,0.6522,4.3398,0.7336,1.9357
DIESEL_Constanta-DN3-Murfatlar-retur,09-10,2026-09-11 09:58:12,2630,50.99393122049898,1455.4089683074849,20.21726904922454,28.582360080916988,88.00606877950102,34.0,21.0,30.9993931220499,16.679089683074846,1.5316024715567589,0.093,42103.8,0,urban,S5_urban_sud,0.5024,1.9435,1.3257,4.406,0.6451,1.7022
DIESEL_Constanta-DN3-Murfatlar-retur,09-10,2026-09-11 09:58:13,2631,50.98942917547546,1437.8863636363612,19.308202959830822,26.21196617336028,88.98942917547546,34.01057082452454,21.0,31.98942917547546,16.24,1.603356746043219,-0.1551,42118.0,0,urban,S5_urban_sud,0.3759,1.9439,0.9918,4.2079,0.0898,0.237
DIESEL_Constanta-DN3-Murfatlar-retur,09-10,2026-09-11 09:58:14,2632,49.877041306436375,1425.9435638808864,19.14307396733909,20.78,88.0,35.0,21.0,30.975408261287274,16.257829010566724,1.6243830729007709,-0.4116,42131.9,0,urban,S5_urban_sud,0.1262,1.944,0.3329,4.1719,0.0694,0.1832
DIESEL_Constanta-DN3-Murfatlar-retur,09-10,2026-09-11 09:58:15,2633,48.025555555555705,1406.1916666666675,19.20840000000011,21.171000000002312,88.02555555555571,35.0,21.0,30.6,16.541244444444512,4.322463485233913,-0.1038,42145.2,0,urban,S5_urban_sud,0.1439,1.9441,0.3797,4.1861,0.1834,0.4839
DIESEL_Constanta-DN3-Murfatlar-retur,09-10,2026-09-11 09:58:16,2634,49.12947368421054,1416.963421052632,19.96567368421053,36.18098947368422,89.0,34.87052631578946,21.0,30.574105263157893,16.97,3.0991276318001675,0.2742,42158.9,0,urban,S5_urban_sud,0.8283,1.945,2.1857,4.3511,1.0061,2.6546
DIESEL_Constanta-DN3-Murfatlar-retur,09-10,2026-09-11 09:58:17,2635,50.0,1440.25,20.460965593784547,33.77249722530869,89.0,34.0,21.0,30.572807991120783,17.081365149833392,1.990353020870541,0.1209,42172.7,0,urban,S5_urban_sud,0.7379,1.9457,1.947,4.4591,0.6903,1.8216
DIESEL_Constanta-DN3-Murfatlar-retur,09-10,2026-09-11 09:58:18,2636,50.0,1441.657867494824,20.72503105590065,23.31979296066219,89.0,34.28157349896477,21.0,31.35631469979296,17.305031055900653,2.1217085760186944,-0.0347,42186.6,0,urban,S5_urban_sud,0.2505,1.9459,0.6611,4.5166,0.3489,0.9206
DIESEL_Constanta-DN3-Murfatlar-retur,09-10,2026-09-11 09:58:19,2637,49.75,1441.5625,19.955,27.545,89.0,35.0,21.0,31.2,16.6075,2.1864684308506,-0.1209,42200.5,0,urban,S5_urban_sud,0.4574,1.9464,1.2069,4.3488,0.1581,0.4172
DIESEL_Constanta-DN3-Murfatlar-retur,09-10,2026-09-11 09:58:20,2638,49.12933753943199,1431.211356466876,19.66615141955814,22.04880126182777,89.0,35.0,21.0,30.48107255520478,16.520630914826306,1.4711499368339649,0.1002,42214.1,0,urban,S5_urban_sud,0.1833,1.9466,0.4837,4.2859,0.6309,1.6646
DIESEL_Constanta-DN3-Murfatlar-retur,09-10,2026-09-11 09:58:21,2639,50.471083070452,1450.603575184012,20.58875920084124,33.35996845425778,88.528916929548,34.528916929548,21.0,30.899158780231595,17.126771819137836,2.426885453153936,0.2148,42228.1,0,urban,S5_urban_sud,0.7164,1.9473,1.8903,4.4869,0.9065,2.3918
DIESEL_Constanta-DN3-Murfatlar-retur,09-10,2026-09-11 09:58:22,2640,50.67558746736296,1461.1605744125334,20.653009138381183,31.37996736292488,88.0,34.0,21.0,30.032441253263706,17.008159268929482,2.848669043146202,-0.0623,42242.2,0,urban,S5_urban_sud,0.6377,1.9479,1.6825,4.5009,0.2946,0.7772
DIESEL_Constanta-DN3-Murfatlar-retur,09-10,2026-09-11 09:58:23,2641,50.02284595300252,1449.4112271540453,20.920633159268966,21.138453002609545,88.0,34.0,21.0,30.09771540469975,17.386749347258537,2.294030274323821,0.0337,42256.1,0,urban,S5_urban_sud,0.1435,1.9481,0.3786,4.5593,0.4993,1.3175
DIESEL_Constanta-DN3-Murfatlar-retur,09-10,2026-09-11 09:58:24,2642,50.918525703200935,1449.153734238604,20.548671193016588,30.174481086324764,88.91852570320093,34.0,21.0,29.8222114451986,17.0749660523764,2.126885646046682,-0.0032,42270.2,0,urban,S5_urban_sud,0.6052,1.9487,1.5969,4.4782,0.4289,1.1317
DIESEL_Constanta-DN3-Murfatlar-retur,09-10,2026-09-11 09:58:25,2643,50.0,1446.8048469387727,20.06914965986377,25.666666666666355,88.0,34.0,21.0,31.2,16.732278911564535,1.5118081776432009,-0.0742,42284.1,0,urban,S5_urban_sud,0.3268,1.949,0.8624,4.3737,0.2622,0.6919
DIESEL_Constanta-DN3-Murfatlar-retur,09-10,2026-09-11 09:58:26,2644,50.38429752066126,1461.7314049586776,20.7971487603305,29.409917355372453,88.38429752066126,34.0,21.0,31.43057851239676,17.090909090909044,1.8308129831827888,0.1101,42298.1,0,urban,S5_urban_sud,0.5386,1.9496,1.4212,4.5323,0.6731,1.776
DIESEL_Constanta-DN3-Murfatlar-retur,09-10,2026-09-11 09:58:27,2645,50.79301948051938,1459.0511363636358,20.335162337662325,30.19663149350543,89.0,34.0,21.0,31.46883116883102,16.82,2.0187571285442445,-0.0534,42312.2,0,urban,S5_urban_sud,0.5765,1.9501,1.5211,4.4317,0.3155,0.8325
DIESEL_Constanta-DN3-Murfatlar-retur,09-10,2026-09-11 09:58:28,2646,50.0,1453.4557010785825,20.22157164869019,21.318921417566248,89.0,34.0,21.0,30.22480739599397,16.804761171032276,2.243968166088916,-0.1525,42326.1,0,urban,S5_urban_sud,0.1329,1.9503,0.3506,4.4069,0.0904,0.2385
DIESEL_Constanta-DN3-Murfatlar-retur,09-10,2026-09-11 09:58:29,2647,49.69494290375212,1450.495921696575,19.76880913539966,23.78215334420916,88.69494290375212,34.30505709624788,21.0,30.59494290375212,16.432707993474704,1.698524400169562,-0.0921,42339.9,0,urban,S5_urban_sud,0.2577,1.9505,0.68,4.3082,0.2206,0.582
DIESEL_Constanta-DN3-Murfatlar-retur,09-10,2026-09-11 09:58:30,2648,49.33674630261679,1449.3623435722427,19.99112627986354,23.487440273038963,88.16837315130839,35.0,21.0,29.765301478953283,16.578828213879437,2.229005829414794,0.1435,42353.6,0,urban,S5_urban_sud,0.2537,1.9508,0.6693,4.3567,0.728,1.9208
DIESEL_Constanta-DN3-Murfatlar-retur,09-10,2026-09-11 09:58:31,2649,50.72828282828299,1467.575757575755,20.51011111111113,33.876545454547255,88.728282828283,35.0,21.0,29.42606060606041,16.741202020202067,2.149605124613072,0.0921,42367.7,0,urban,S5_urban_sud,0.7461,1.9515,1.9687,4.4698,0.6388,1.6856
DIESEL_Constanta-DN3-Murfatlar-retur,09-10,2026-09-11 09:58:32,2650,50.0,1473.7643843498283,20.64510932105865,24.24260069044908,88.0,35.0,21.0,30.524741081703063,16.8093210586881,1.9657798195625047,-0.1012,42381.6,0,urban,S5_urban_sud,0.2975,1.9518,0.785,4.4992,0.203,0.5356
DIESEL_Constanta-DN3-Murfatlar-retur,09-10,2026-09-11 09:58:33,2651,50.0,1468.2472577696508,20.961334552102432,25.483382084093176,88.37477148080424,34.625228519195765,21.0,30.962522851919577,17.182632541133543,1.6644053355347013,0.0,42395.5,0,urban,S5_urban_sud,0.3626,1.9522,0.9568,4.5681,0.425,1.1215
DIESEL_Constanta-DN3-Murfatlar-retur,09-10,2026-09-11 09:58:34,2652,50.0,1473.796703296704,20.66344322344324,31.62846153846204,88.7106227106228,34.0,21.0,31.13150183150176,16.82,1.7161574504233796,0.0416,42409.4,0,urban,S5_urban_sud,0.6658,1.9528,1.7568,4.5032,0.5163,1.3624
DIESEL_Constanta-DN3-Murfatlar-retur,09-10,2026-09-11 09:58:35,2653,50.29946524064191,1472.593582887703,20.589839572192574,26.50967914438441,88.0,34.0,21.0,31.19090909090876,16.82,1.931521025453563,0.1389,42423.4,0,urban,S5_urban_sud,0.4038,1.9533,1.0656,4.4872,0.7352,1.94
DIESEL_Constanta-DN3-Murfatlar-retur,09-10,2026-09-11 09:58:36,2654,51.0,1470.1818181818185,20.248484848484864,23.31303030303033,88.42424242424241,34.0,21.0,30.593939393939376,16.514545454545463,1.8324181323328448,0.0595,42437.5,0,urban,S5_urban_sud,0.2619,1.9535,0.6911,4.4128,0.5702,1.5046
DIESEL_Constanta-DN3-Murfatlar-retur,09-10,2026-09-11 09:58:37,2655,50.7276923076924,1453.8661538461542,19.426476923076947,21.638676923077025,88.7276923076924,34.272307692307606,21.0,30.99153846153859,16.05915384615386,1.842937713217444,-0.1461,42451.6,0,urban,S5_urban_sud,0.1721,1.9537,0.4541,4.2336,0.1085,0.2862
DIESEL_Constanta-DN3-Murfatlar-retur,09-10,2026-09-11 09:58:38,2656,49.94827586206888,1449.2155172413788,19.24758620689658,21.00344827586246,88.05172413793113,34.94827586206888,21.0,29.956896551724235,15.972758620689694,2.009527198874779,-0.2373,42465.5,0,urban,S5_urban_sud,0.136,1.9538,0.3588,4.1946,0.0694,0.1832
DIESEL_Constanta-DN3-Murfatlar-retur,09-10,2026-09-11 09:58:39,2657,49.0187969924816,1444.1832706766957,19.592180451128296,25.203195488724027,89.0,34.0,21.0,31.0,16.403533834586757,1.9985345142508468,0.1278,42479.1,0,urban,S5_urban_sud,0.3214,1.9541,0.848,4.2697,0.6885,1.8166
DIESEL_Constanta-DN3-Murfatlar-retur,09-10,2026-09-11 09:58:40,2658,50.868301544050894,1463.7354677565852,21.188492279745702,33.65510445049965,89.0,34.0,21.0,30.17511353315165,17.36180744777476,2.383564758000249,0.3763,42493.2,0,urban,S5_urban_sud,0.7679,1.9549,2.0261,4.6176,1.2756,3.3657
DIESEL_Constanta-DN3-Murfatlar-retur,09-10,2026-09-11 09:58:41,2659,51.72799422799426,1482.2581168831164,21.751839826839827,35.19650793650818,88.72799422799426,34.0,21.0,29.236002886002872,17.611118326118333,2.288073787591458,0.0192,42507.6,0,urban,S5_urban_sud,0.8434,1.9558,2.2254,4.7404,0.4896,1.2918
DIESEL_Constanta-DN3-Murfatlar-retur,09-10,2026-09-11 09:58:42,2660,51.00649350649352,1496.8685064935062,21.73019480519481,28.68857142857152,88.00649350649351,34.0,21.0,29.59675324675324,17.40188311688312,1.6240304745908762,-0.1011,42521.8,0,urban,S5_urban_sud,0.5703,1.9563,1.5047,4.7357,0.2108,0.5562
DIESEL_Constanta-DN3-Murfatlar-retur,09-10,2026-09-11 09:58:43,2661,51.0,1480.3722899729012,21.30491869918693,23.185975609757183,88.0,34.0,21.0,32.16233062330594,17.25775067750671,1.661766737862719,0.0406,42535.9,0,urban,S5_urban_sud,0.25,1.9566,0.6596,4.643,0.5279,1.393
DIESEL_Constanta-DN3-Murfatlar-retur,09-10,2026-09-11 09:58:44,2662,51.2989203778678,1488.9564777327932,20.806410256410235,29.29866396761109,88.2989203778678,34.0,21.0,30.11032388663966,16.73331309041834,2.27051848699788,0.1352,42550.2,0,urban,S5_urban_sud,0.5555,1.9571,1.4657,4.5344,0.7451,1.966
DIESEL_Constanta-DN3-Murfatlar-retur,09-10,2026-09-11 09:58:45,2663,51.97368421052618,1484.907894736843,20.55000000000005,26.38368421052691,88.97368421052617,34.0,21.0,29.907894736842145,16.53763157894741,2.493794719625831,-0.0337,42564.6,0,urban,S5_urban_sud,0.3852,1.9575,1.0163,4.4785,0.3722,0.982
DIESEL_Constanta-DN3-Murfatlar-retur,09-10,2026-09-11 09:58:46,2664,51.05599214145365,1476.725933202356,20.90816306483308,25.16551080550077,88.05599214145364,34.0,21.0,28.76719056974437,16.945363457760394,1.811516790040951,-0.1352,42578.8,0,urban,S5_urban_sud,0.319,1.9578,0.8417,4.5565,0.1348,0.3556
DIESEL_Constanta-DN3-Murfatlar-retur,09-10,2026-09-11 09:58:47,2665,51.0,1488.6962336244526,20.78981441048042,26.809650655021475,88.1277292576421,34.0,21.0,28.65545851528421,16.734923580786106,1.8471250840542923,-0.0078,42593.0,0,urban,S5_urban_sud,0.4255,1.9583,1.1228,4.5307,0.4196,1.1071
DIESEL_Constanta-DN3-Murfatlar-retur,09-10,2026-09-11 09:58:48,2666,51.0,1486.033475783477,21.15481481481482,26.747321937322297,89.0,34.0,21.0,30.28547008547006,17.083276353276347,1.8927695479386804,0.0273,42607.1,0,urban,S5_urban_sud,0.4118,1.9587,1.0866,4.6103,0.4982,1.3144
DIESEL_Constanta-DN3-Murfatlar-retur,09-10,2026-09-11 09:58:49,2667,51.1968085106385,1502.396276595742,21.252127659574462,31.336808510635908,88.80319148936151,34.0,21.0,29.977127659574645,16.997553191489388,1.685698064838796,0.1902,42621.4,0,urban,S5_urban_sud,0.6836,1.9594,1.8037,4.6315,0.8668,2.2872
DIESEL_Constanta-DN3-Murfatlar-retur,09-10,2026-09-11 09:58:50,2668,52.36974789915971,1497.4978991596647,21.19781512605042,24.613025210084416,88.3697478991597,34.0,21.0,31.14369747899165,17.002773109243684,2.452839157806864,0.1755,42635.9,0,urban,S5_urban_sud,0.3128,1.9597,0.8254,4.6197,0.8573,2.2622
DIESEL_Constanta-DN3-Murfatlar-retur,09-10,2026-09-11 09:58:51,2669,52.46013289036563,1501.3743770764145,20.935955149501734,27.365199335548976,88.73006644518281,34.0,21.0,31.792026578073123,16.741719269103015,1.7637597220265828,-0.1673,42650.5,0,urban,S5_urban_sud,0.4947,1.9602,1.3052,4.5626,0.0699,0.1845
DIESEL_Constanta-DN3-Murfatlar-retur,09-10,2026-09-11 09:58:52,2670,51.16552667578667,1484.72264021888,20.37800273597813,21.94861833105391,88.0,34.0,21.0,31.26826265389866,16.50682626538987,1.4981062254114086,-0.1174,42664.7,0,urban,S5_urban_sud,0.1888,1.9604,0.4983,4.441,0.1754,0.4629
DIESEL_Constanta-DN3-Murfatlar-retur,09-10,2026-09-11 09:58:53,2671,51.61500493583425,1490.6014313919088,20.60845014807503,25.121934846989813,88.38499506416575,34.0,21.0,30.86999012833149,16.555547877591273,1.7613363099774442,0.024,42679.0,0,urban,S5_urban_sud,0.359,1.9607,0.9472,4.4912,0.4989,1.3165
DIESEL_Constanta-DN3-Murfatlar-retur,09-10,2026-09-11 09:58:54,2672,51.33811659192828,1480.6793721973104,20.92473542600899,26.747757847534054,89.0,34.0,21.0,32.269058295964136,16.9180538116592,1.9876347972703927,0.0535,42693.3,0,urban,S5_urban_sud,0.4248,1.9611,1.1209,4.5601,0.5617,1.4822
DIESEL_Constanta-DN3-Murfatlar-retur,09-10,2026-09-11 09:58:55,2673,52.0,1502.2173659673645,21.38762237762229,34.47862470862293,88.69463869463856,34.0,21.0,32.080885780885545,17.02144522144518,1.87302915161172,0.0312,42707.7,0,urban,S5_urban_sud,0.8168,1.962,2.1552,4.661,0.5206,1.3735
DIESEL_Constanta-DN3-Murfatlar-retur,09-10,2026-09-11 09:58:56,2674,51.56277056277056,1494.2034632034631,21.43969696969698,23.946580086580063,88.0,34.0,21.0,30.81255411255411,17.200389610389617,2.066577228525254,-0.0873,42722.1,0,urban,S5_urban_sud,0.2958,1.9622,0.7805,4.6724,0.2464,0.6501
DIESEL_Constanta-DN3-Murfatlar-retur,09-10,2026-09-11 09:58:57,2675,51.37151702786382,1503.066563467493,21.83965944272444,27.20582043343707,88.37151702786382,34.0,21.0,30.55139318885448,17.366780185758483,2.4832393165884685,0.0607,42736.3,0,urban,S5_urban_sud,0.4705,1.9627,1.2416,4.7595,0.5784,1.5263
DIESEL_Constanta-DN3-Murfatlar-retur,09-10,2026-09-11 09:58:58,2676,52.0,1513.8193277310909,21.29004201680668,33.60163865546143,89.0,34.0,21.0,30.20126050420165,16.762731092436958,3.2842644033192183,0.0873,42750.8,0,urban,S5_urban_sud,0.8093,1.9635,2.1354,4.6398,0.6486,1.7114
DIESEL_Constanta-DN3-Murfatlar-retur,09-10,2026-09-11 09:58:59,2677,52.0,1494.616396761132,20.92345479082307,22.65415654520962,89.0,34.0,21.0,29.640755735492657,16.714723346828517,2.1893244379550816,0.0,42765.2,0,urban,S5_urban_sud,0.2122,1.9637,0.5598,4.5599,0.4494,1.1857
DIESEL_Constanta-DN3-Murfatlar-retur,09-10,2026-09-11 09:59:00,2678,52.0,1505.3565989847714,20.9855837563452,25.378223350253617,88.58121827411169,34.0,21.0,29.25812182741117,16.624213197969564,1.8954584391240128,-0.0464,42779.7,0,urban,S5_urban_sud,0.364,1.9641,0.9604,4.5734,0.3435,0.9062
DIESEL_Constanta-DN3-Murfatlar-retur,09-10,2026-09-11 09:59:01,2679,51.66559829059823,1503.4735576923065,22.921933760684208,24.155705128203863,88.33440170940176,34.0,21.0,29.367200854700883,16.097136752136777,1.618482767895042,-0.1389,42794.0,0,urban,S5_urban_sud,0.4619,1.9646,1.2188,4.9954,0.1302,0.3437
DIESEL_Constanta-DN3-Murfatlar-retur,09-10,2026-09-11 09:59:02,2680,51.0,1485.7102631578946,25.39892631578928,17.57988421052688,89.0,34.0,21.0,29.7,16.620168421052647,1.7014637770549004,-0.0465,42808.2,0,urban,S5_urban_sud,0.2504,1.9648,0.6606,5.5352,0.333,0.8786
DIESEL_Constanta-DN3-Murfatlar-retur,09-10,2026-09-11 09:59:03,2681,51.331007751938095,1488.7151162790717,20.81477519379838,30.46090697674414,89.0,34.0,21.0,28.93868217054237,16.728364341085186,1.5673034878452063,0.1227,42822.4,0,urban,S5_urban_sud,0.6309,1.9654,1.6647,4.5362,0.7175,1.8932
DIESEL_Constanta-DN3-Murfatlar-retur,09-10,2026-09-11 09:59:04,2682,51.88350340136044,1497.8471513605434,20.475722789115714,29.10260204081532,89.0,34.0,21.0,27.73784013605473,16.325042517006878,2.051514206575644,-0.0414,42836.9,0,urban,S5_urban_sud,0.5721,1.966,1.5096,4.4623,0.3536,0.9331
DIESEL_Constanta-DN3-Murfatlar-retur,09-10,2026-09-11 09:59:05,2683,51.03316326530629,1491.2570153061238,21.02844387755091,21.09239795918529,89.0,34.0,21.0,30.20382653061175,16.945790816326404,3.4539198346031386,-0.1227,42851.0,0,urban,S5_urban_sud,0.1429,1.9662,0.3771,4.5828,0.1626,0.4291
DIESEL_Constanta-DN3-Murfatlar-retur,09-10,2026-09-11 09:59:06,2684,51.0,1483.1815980629524,20.52158595641643,26.082082324455143,89.0,34.0,21.0,29.7854721549638,16.643861985472142,1.8388871712077528,0.0377,42865.2,0,urban,S5_urban_sud,0.3785,1.9665,0.9988,4.4723,0.5214,1.3759
DIESEL_Constanta-DN3-Murfatlar-retur,09-10,2026-09-11 09:59:07,2685,51.3047385620915,1475.0089869281046,20.298848039215684,26.32803104575163,89.0,34.0,21.0,31.0,16.53,1.5861067453064883,0.1141,42879.4,0,urban,S5_urban_sud,0.417,1.967,1.1003,4.4237,0.6977,1.8409
DIESEL_Constanta-DN3-Murfatlar-retur,09-10,2026-09-11 09:59:08,2686,51.82177033492832,1486.8116028708157,20.45771531100484,26.98169856459393,89.0,34.0,21.0,30.64354066985664,16.478313397129213,1.558556829258107,-0.0899,42893.8,0,urban,S5_urban_sud,0.4373,1.9674,1.1537,4.4584,0.2427,0.6403
DIESEL_Constanta-DN3-Murfatlar-retur,09-10,2026-09-11 09:59:09,2687,50.65754923413564,1472.551148796499,20.16259299781184,21.71764770240705,89.0,34.0,21.0,28.82877461706782,16.39067833698032,2.033048697459435,-0.2126,42907.9,0,urban,S5_urban_sud,0.1478,1.9675,0.3899,4.3941,0.0694,0.1832
DIESEL_Constanta-DN3-Murfatlar-retur,09-10,2026-09-11 09:59:10,2688,50.2910284463894,1486.0333698030622,20.55507658643328,25.25866520787658,89.0,34.0,21.0,28.47089715536106,16.595601750547075,1.9639683837326167,0.0539,42921.9,0,urban,S5_urban_sud,0.3362,1.9679,0.887,4.4796,0.5475,1.4446
DIESEL_Constanta-DN3-Murfatlar-retur,09-10,2026-09-11 09:59:11,2689,51.04560260586289,1494.7939739413712,20.46954397394137,31.030260586321504,89.0,34.0,21.0,28.4410423452766,16.396384364820804,1.9440841798585693,0.1938,42936.1,0,urban,S5_urban_sud,0.6739,1.9686,1.778,4.4609,0.8718,2.3003
DIESEL_Constanta-DN3-Murfatlar-retur,09-10,2026-09-11 09:59:12,2690,51.68612585291881,1478.109363153903,20.29364670204697,23.55276724791501,88.68612585291882,34.0,21.0,29.48832448824871,16.486057619408633,2.863980904860349,-0.0281,42950.4,0,urban,S5_urban_sud,0.2326,1.9688,0.6136,4.4226,0.3817,1.0072
DIESEL_Constanta-DN3-Murfatlar-retur,09-10,2026-09-11 09:59:13,2691,50.842975206611904,1461.2438016528952,19.787107438016832,22.440661157025453,88.15702479338809,34.0,21.0,29.42892561983572,16.27537190082669,2.379809945307846,-0.2342,42964.5,0,urban,S5_urban_sud,0.1794,1.969,0.4733,4.3122,0.0694,0.1832
DIESEL_Constanta-DN3-Murfatlar-retur,09-10,2026-09-11 09:59:14,2692,50.0,1448.5445026178036,19.353507853402995,20.78,89.0,34.0,21.0,27.706282722512736,16.033821989528633,2.246353257539701,-0.0995,42978.4,0,urban,S5_urban_sud,0.1262,1.9691,0.3329,4.2177,0.2067,0.5454
DIESEL_Constanta-DN3-Murfatlar-retur,09-10,2026-09-11 09:59:15,2693,50.12686567164165,1443.578358208949,20.0682835820894,23.56723880596712,88.87313432835835,34.0,21.0,29.087313432835835,16.71679104477608,2.6863181192891425,0.1328,42992.4,0,urban,S5_urban_sud,0.2542,1.9693,0.6708,4.3735,0.7187,1.8964
DIESEL_Constanta-DN3-Murfatlar-retur,09-10,2026-09-11 09:59:16,2694,50.95605306799345,1478.404228855725,20.972097844112863,41.784485903816126,88.04394693200655,34.0,21.0,29.004394693200656,16.9572553897181,2.6786341198840886,0.1213,43006.5,0,urban,S5_urban_sud,1.0913,1.9704,2.8794,4.5705,0.7078,1.8676
DIESEL_Constanta-DN3-Murfatlar-retur,09-10,2026-09-11 09:59:17,2695,51.0,1477.8840425531937,21.24514893617014,26.71760638297945,88.7563829787235,34.0,21.0,29.246170212765904,17.216053191489266,1.9079206440184453,0.0061,43020.7,0,urban,S5_urban_sud,0.4125,1.9709,1.0884,4.63,0.4507,1.1892
DIESEL_Constanta-DN3-Murfatlar-retur,09-10,2026-09-11 09:59:18,2696,51.0,1470.3201279527614,21.615196850393566,25.24300196850692,88.0,34.0,21.0,29.728444881889786,17.692706692913195,2.1672835960347125,0.0,43034.8,0,urban,S5_urban_sud,0.3415,1.9712,0.9012,4.7106,0.4371,1.1532
DIESEL_Constanta-DN3-Murfatlar-retur,09-10,2026-09-11 09:59:19,2697,51.0,1486.644171779139,21.046963190184027,32.85791411042786,88.2791411042946,34.0,21.0,29.8,16.97,2.921006977439508,0.0,43049.0,0,urban,S5_urban_sud,0.7072,1.9719,1.8659,4.5868,0.4371,1.1532
DIESEL_Constanta-DN3-Murfatlar-retur,09-10,2026-09-11 09:59:20,2698,51.0,1478.9163153457002,20.907512647554807,24.99256323777421,88.75126475548058,34.0,21.0,29.72537942664417,16.932689713322087,2.844077574752559,-0.0227,43063.2,0,urban,S5_urban_sud,0.3308,1.9722,0.8729,4.5564,0.3862,1.0191
DIESEL_Constanta-DN3-Murfatlar-retur,09-10,2026-09-11 09:59:21,2699,50.83658170914552,1484.84070464768,21.929535232383216,26.461934032985205,88.16341829085448,34.0,21.0,29.549025487256344,16.7252173913044,1.9814847834167533,-0.1389,43077.3,0,urban,S5_urban_sud,0.475,1.9727,1.2534,4.7791,0.1252,0.3303
DIESEL_Constanta-DN3-Murfatlar-retur,09-10,2026-09-11 09:59:22,2700,50.0,1451.8783734500364,24.87877461706796,16.173646973012147,88.67760758570388,34.0,21.0,29.73552151714078,16.333493800145874,2.5080513442481585,-0.1026,43091.2,0,urban,S5_urban_sud,0.122,1.9728,0.322,5.4219,0.1999,0.5275
DIESEL_Constanta-DN3-Murfatlar-retur,09-10,2026-09-11 09:59:23,2701,50.09820193637609,1454.8146611341626,20.02847856154907,26.540055325034263,88.0982019363761,34.0,21.0,29.698201936376098,16.544730290456414,2.368030964613878,0.1389,43105.1,0,urban,S5_urban_sud,0.3909,1.9732,1.0315,4.3648,0.7316,1.9304
DIESEL_Constanta-DN3-Murfatlar-retur,09-10,2026-09-11 09:59:24,2702,51.0,1470.260096930533,20.534555735056543,30.012277867528283,88.718901453958,34.0,21.0,30.17835218093699,16.76151857835218,1.8946635684997133,0.105,43119.3,0,urban,S5_urban_sud,0.5757,1.9738,1.5189,4.4751,0.6721,1.7733
DIESEL_Constanta-DN3-Murfatlar-retur,09-10,2026-09-11 09:59:25,2703,50.85411140583536,1493.2175066312957,21.13082228116707,30.832891246682145,88.0,34.0,21.0,29.39177718832929,16.97,1.7563467729684423,-0.0995,43133.4,0,urban,S5_urban_sud,0.665,1.9745,1.7548,4.6051,0.2132,0.5626
DIESEL_Constanta-DN3-Murfatlar-retur,09-10,2026-09-11 09:59:26,2704,50.28366533864557,1466.5537848605538,20.730231075697088,23.00677290836773,88.0,34.0,21.0,30.53266932270886,16.887737051792783,2.2611111260178007,0.0203,43147.4,0,urban,S5_urban_sud,0.2336,1.9747,0.6163,4.5178,0.4732,1.2486
DIESEL_Constanta-DN3-Murfatlar-retur,09-10,2026-09-11 09:59:27,2705,51.0,1448.6505486968456,20.133374485596693,27.923415637859552,88.13854595336088,34.0,21.0,28.989163237311303,16.65921810699587,2.1667310324172835,0.0995,43161.5,0,urban,S5_urban_sud,0.4698,1.9752,1.2395,4.3877,0.6598,1.7409
DIESEL_Constanta-DN3-Murfatlar-retur,09-10,2026-09-11 09:59:28,2706,51.0,1457.5788590604016,20.12154362416104,25.16114093959676,89.0,34.0,21.0,28.32774049217001,16.57161073825502,2.936586453097784,-0.004,43175.7,0,urban,S5_urban_sud,0.3399,1.9755,0.8968,4.3851,0.4281,1.1296
DIESEL_Constanta-DN3-Murfatlar-retur,09-10,2026-09-11 09:59:29,2707,50.9712696941613,1466.3864689527338,20.352817423540323,29.207164040778785,89.0,34.0,21.0,28.454587581093527,16.671668211306777,1.4385555453455088,-0.1327,43189.9,0,urban,S5_urban_sud,0.5569,1.9761,1.4695,4.4355,0.1398,0.369
DIESEL_Constanta-DN3-Murfatlar-retur,09-10,2026-09-11 09:59:30,2708,50.044485634846886,1470.7886932344773,20.12112140871172,22.664068582018995,89.0,34.0,21.0,30.21547729379092,16.402900834105598,2.481014266981937,-0.1349,43203.8,0,urban,S5_urban_sud,0.2061,1.9763,0.5438,4.385,0.1293,0.3411
DIESEL_Constanta-DN3-Murfatlar-retur,09-10,2026-09-11 09:59:31,2709,50.0,1448.1346767757386,19.524333599361537,23.220830007980943,88.22266560255385,34.0,21.0,29.45506783719077,16.20882681564246,2.5483507379571644,-0.0062,43217.6,0,urban,S5_urban_sud,0.2243,1.9765,0.5917,4.255,0.4114,1.0856
DIESEL_Constanta-DN3-Murfatlar-retur,09-10,2026-09-11 09:59:32,2710,50.0,1441.223831775698,19.356728971962458,21.1231028037363,89.0,33.95140186915916,21.0,28.66803738317717,16.114093457943845,1.8991815436669128,0.0462,43231.5,0,urban,S5_urban_sud,0.1415,1.9766,0.3734,4.2184,0.5264,1.389
DIESEL_Constanta-DN3-Murfatlar-retur,09-10,2026-09-11 09:59:33,2711,50.332430602572806,1454.65538253216,19.860054163845632,27.84,88.6675693974272,33.332430602572806,21.0,29.5013540961408,16.340135409614078,1.9809456914589336,0.137,43245.5,0,urban,S5_urban_sud,0.4626,1.9771,1.2206,4.3281,0.7316,1.9305
DIESEL_Constanta-DN3-Murfatlar-retur,09-10,2026-09-11 09:59:34,2712,50.986615678776175,1462.8326959847022,19.82026768642448,27.7455066921598,88.0,34.0,21.0,28.525430210325265,16.242007648183574,2.3271926735440087,-0.0419,43259.7,0,urban,S5_urban_sud,0.4997,1.9776,1.3184,4.3195,0.3431,0.9054
DIESEL_Constanta-DN3-Murfatlar-retur,09-10,2026-09-11 09:59:35,2713,50.03059273422576,1450.882409177822,19.839388145315485,20.995984703633862,88.0,34.0,21.0,30.34187380497105,16.385411089866135,1.4569504902959751,-0.2759,43273.6,0,urban,S5_urban_sud,0.1378,1.9777,0.3635,4.3236,0.0694,0.1832
DIESEL_Constanta-DN3-Murfatlar-retur,09-10,2026-09-11 09:59:36,2714,49.0,1458.3785621761606,19.41110103626925,23.06968911917056,88.97020725388583,34.0,21.0,29.597020725388585,15.937189119170906,2.2907672931922187,-0.1431,43287.2,0,urban,S5_urban_sud,0.2486,1.978,0.656,4.2303,0.1056,0.2786
DIESEL_Constanta-DN3-Murfatlar-retur,09-10,2026-09-11 09:59:37,2715,49.0,1424.4617408906845,18.47,20.78,88.2032388663969,33.7967611336031,21.0,29.357732793522167,15.578939271255102,1.7109374959564347,0.0,43300.8,0,urban,S5_urban_sud,0.1262,1.9781,0.3329,4.0252,0.4133,1.0906
DIESEL_Constanta-DN3-Murfatlar-retur,09-10,2026-09-11 09:59:38,2716,49.0,1402.776845637584,18.470153403643337,20.86421860019215,89.0,33.0,21.0,28.789261744966392,15.81,1.849221074405185,0.0,43314.4,0,urban,S5_urban_sud,0.1301,1.9782,0.3432,4.0252,0.4133,1.0906
DIESEL_Constanta-DN3-Murfatlar-retur,09-10,2026-09-11 09:59:39,2717,49.0,1404.454697986577,18.47974113135187,26.1278811121762,89.0,33.0,21.0,28.11812080536916,15.81,2.3465123334021647,-0.1372,43328.0,0,urban,S5_urban_sud,0.372,1.9786,0.9816,4.0273,0.1183,0.3121
DIESEL_Constanta-DN3-Murfatlar-retur,09-10,2026-09-11 09:59:40,2718,48.01218274111692,1392.3992385786823,19.023299492385693,23.56338071066037,88.01218274111692,33.0,21.0,30.37197969543108,16.521228426395815,1.4419414950332634,-0.0746,43341.4,0,urban,S5_urban_sud,0.2539,1.9789,0.6699,4.1458,0.2448,0.646
DIESEL_Constanta-DN3-Murfatlar-retur,09-10,2026-09-11 09:59:41,2719,48.46276595744672,1414.2486702127674,19.676861702127663,28.166329787234773,88.46276595744672,33.0,21.0,29.24627659574467,16.74478723404254,2.420042481677546,0.1372,43354.8,0,urban,S5_urban_sud,0.4557,1.9793,1.2025,4.2882,0.699,1.8443
DIESEL_Constanta-DN3-Murfatlar-retur,09-10,2026-09-11 09:59:42,2720,49.0,1407.1367713004483,19.69439461883408,26.313542600896792,89.0,33.0,21.0,29.34439461883408,16.82,2.483613440441873,0.0154,43368.4,0,urban,S5_urban_sud,0.3924,1.9797,1.0354,4.292,0.4464,1.178
DIESEL_Constanta-DN3-Murfatlar-retur,09-10,2026-09-11 09:59:43,2721,48.57351290684616,1410.5662177328843,19.451459034792308,27.292255892255387,88.57351290684615,33.0,21.0,29.14410774410769,16.57263748597077,2.1618706594346304,-0.0944,43381.9,0,urban,S5_urban_sud,0.4333,1.9801,1.1432,4.2391,0.2072,0.5466
DIESEL_Constanta-DN3-Murfatlar-retur,09-10,2026-09-11 09:59:44,2722,48.32023575638508,1406.2357563850685,19.117249508840867,23.04255402750488,88.32023575638507,33.32023575638508,21.0,28.60785854616895,16.380903732809436,1.857823416211804,0.0558,43395.3,0,urban,S5_urban_sud,0.212,1.9804,0.5593,4.1662,0.5238,1.3822
DIESEL_Constanta-DN3-Murfatlar-retur,09-10,2026-09-11 09:59:45,2723,48.97511460379829,1394.4479371316309,19.254774066797644,21.248185985592684,88.97511460379829,33.97511460379829,21.0,28.214931237721025,16.669050425671248,2.081682375117245,0.1361,43408.9,0,urban,S5_urban_sud,0.1293,1.9805,0.3412,4.1962,0.7056,1.8617
DIESEL_Constanta-DN3-Murfatlar-retur,09-10,2026-09-11 09:59:46,2724,49.30050933786065,1428.4660441426106,20.46896434634976,35.768794567061114,89.0,34.0,21.0,28.450254668930327,17.270780984719917,1.8885485263598016,0.0951,43422.6,0,urban,S5_urban_sud,0.8015,1.9813,2.1149,4.4608,0.6226,1.6428
DIESEL_Constanta-DN3-Murfatlar-retur,09-10,2026-09-11 09:59:47,2725,49.65957446808528,1444.5851063829816,21.650638297871733,39.29234042553479,88.82978723404264,34.0,21.0,28.52765957446822,16.97,2.4182022347403023,-0.1806,43436.4,0,urban,S5_urban_sud,0.9947,1.9823,2.6246,4.7183,0.0694,0.1832
DIESEL_Constanta-DN3-Murfatlar-retur,09-10,2026-09-11 09:59:48,2726,48.0,1411.4269340974256,25.86584527220815,13.05507163323567,88.20343839541526,34.0,21.0,27.70859598853816,16.852005730659148,1.6698656811365806,-0.2305,43449.8,0,urban,S5_urban_sud,0.0257,1.9823,0.0677,5.637,0.0694,0.1832
DIESEL_Constanta-DN3-Murfatlar-retur,09-10,2026-09-11 09:59:49,2727,48.0,1398.6991434689508,18.487023554603844,21.05323340471092,88.6830835117773,34.0,21.0,29.52569593147751,15.974839400428255,2.502662704514731,-0.0096,43463.1,0,urban,S5_urban_sud,0.1262,1.9824,0.3329,4.0289,0.3817,1.007
DIESEL_Constanta-DN3-Murfatlar-retur,09-10,2026-09-11 09:59:50,2728,47.93075684380014,1406.0189210950034,17.682930756843913,20.807697262479945,88.06924315619986,34.0,21.0,29.11191626409008,15.14024154589388,2.5031248553726155,-0.0818,43476.4,0,urban,S5_urban_sud,0.1262,1.9826,0.3329,3.8537,0.229,0.6043
DIESEL_Constanta-DN3-Murfatlar-retur,09-10,2026-09-11 09:59:51,2729,47.41130604288508,1381.618908382066,18.46976608187139,25.53161793372414,89.0,34.0,21.0,29.052436647173582,16.130974658869434,3.006973468631281,0.0096,43489.6,0,urban,S5_urban_sud,0.3078,1.9829,0.8122,4.0251,0.4152,1.0957
DIESEL_Constanta-DN3-Murfatlar-retur,09-10,2026-09-11 09:59:52,2730,48.0,1383.108468125595,19.029980970504308,31.17221693625113,88.62321598477637,34.0,21.0,29.097145575642184,16.608534728829706,3.069542397453024,0.1331,43502.9,0,urban,S5_urban_sud,0.544,1.9834,1.4355,4.1472,0.6823,1.8002
DIESEL_Constanta-DN3-Murfatlar-retur,09-10,2026-09-11 09:59:53,2731,48.36937901498918,1391.1126873661665,19.733340471092,30.052248394004327,88.36937901498918,34.0,21.0,28.28468950749459,17.128832976445345,2.566755851979228,0.1389,43516.4,0,urban,S5_urban_sud,0.5047,1.9839,1.3318,4.3005,0.7009,1.8495
DIESEL_Constanta-DN3-Murfatlar-retur,09-10,2026-09-11 09:59:54,2732,49.0,1405.9136609558182,20.403832281334576,29.94824165915242,88.62939585211895,34.0,21.0,29.26708746618589,17.455590622182157,2.534945576976077,0.0876,43530.0,0,urban,S5_urban_sud,0.5281,1.9844,1.3935,4.4466,0.6017,1.5877
DIESEL_Constanta-DN3-Murfatlar-retur,09-10,2026-09-11 09:59:55,2733,49.0,1426.8545176110276,20.86099540581934,30.74341500765719,88.0,34.0,21.0,30.006891271056496,17.58237366003064,1.9093184783479924,0.0,43543.6,0,urban,S5_urban_sud,0.597,1.985,1.5752,4.5463,0.4133,1.0906
DIESEL_Constanta-DN3-Murfatlar-retur,09-10,2026-09-11 09:59:56,2734,49.0,1440.445635528332,21.22852986217461,32.54280245022988,88.0,34.0,21.0,28.705206738131576,17.68957120980093,2.490843885542805,0.1389,43557.2,0,urban,S5_urban_sud,0.6936,1.9857,1.8301,4.6264,0.712,1.8788
DIESEL_Constanta-DN3-Murfatlar-retur,09-10,2026-09-11 09:59:57,2735,50.0,1446.4462264150898,21.23116981132076,32.20120754716991,88.0,34.0,21.0,28.06226415094321,17.645735849056656,2.279230016103824,0.0963,43571.1,0,urban,S5_urban_sud,0.694,1.9864,1.8312,4.6269,0.6364,1.6791
DIESEL_Constanta-DN3-Murfatlar-retur,09-10,2026-09-11 09:59:58,2736,49.69346356123216,1457.440833959429,20.91346356123216,28.39422990232907,88.30653643876785,34.0,21.0,28.59346356123216,17.268189331329825,1.7307922800179796,-0.1389,43584.9,0,urban,S5_urban_sud,0.5199,1.9869,1.3719,4.5577,0.1185,0.3126
DIESEL_Constanta-DN3-Murfatlar-retur,09-10,2026-09-11 09:59:59,2737,49.0,1435.2856811862837,20.164337349397435,21.08828544949112,89.0,34.0,21.0,27.9,16.917905468025804,1.6555461276950325,-0.0963,43598.5,0,urban,S5_urban_sud,0.1397,1.9871,0.3686,4.3944,0.2062,0.5441
DIESEL_Constanta-DN3-Murfatlar-retur,09-10,2026-09-11 10:00:00,2738,49.0,1435.7490732159406,19.441445783132497,25.09199258572772,89.0,34.0,21.0,27.9,16.241353104726564,2.8009017043825555,0.0,43612.1,0,urban,S5_urban_sud,0.3151,1.9874,0.8314,4.2369,0.4133,1.0906
DIESEL_Constanta-DN3-Murfatlar-retur,09-10,2026-09-11 10:00:01,2739,49.0,1390.1870117187427,18.065800781249784,21.2795312499994,89.0,34.0,21.0,29.069531250000185,15.674726562499911,2.467461529871412,-0.0262,43625.7,0,urban,S5_urban_sud,0.131,1.9875,0.3456,3.9371,0.357,0.9419
DIESEL_Constanta-DN3-Murfatlar-retur,09-10,2026-09-11 10:00:02,2740,48.81114012184498,1406.5,18.73498694516976,22.4576414273286,89.0,34.0,21.0,28.667798085291487,16.033098346388208,1.7403361996205378,-0.1301,43639.3,0,urban,S5_urban_sud,0.1738,1.9877,0.4587,4.0829,0.1324,0.3494
DIESEL_Constanta-DN3-Murfatlar-retur,09-10,2026-09-11 10:00:03,2741,48.063138347261095,1406.9261838440125,19.10631383472611,26.691132776231488,88.93686165273891,34.0,21.0,28.137883008356656,16.39,1.718543286177955,0.0251,43652.6,0,urban,S5_urban_sud,0.3985,1.9881,1.0514,4.1639,0.4555,1.202
DIESEL_Constanta-DN3-Murfatlar-retur,09-10,2026-09-11 10:00:04,2742,48.991643454038986,1413.1935933147631,19.199164345403897,32.88426183844003,88.00835654596102,34.0,21.0,28.69498607242339,16.39,2.925480479644641,0.0371,43666.2,0,urban,S5_urban_sud,0.6914,1.9888,1.8242,4.1841,0.493,1.3008
DIESEL_Constanta-DN3-Murfatlar-retur,09-10,2026-09-11 10:00:05,2743,48.33042635658914,1396.0,19.440697674418605,24.27921511627901,88.66957364341086,34.0,21.0,28.167829457364345,16.87417635658915,1.864759835744432,-0.0424,43679.7,0,urban,S5_urban_sud,0.2721,1.9891,0.718,4.2367,0.3157,0.833
DIESEL_Constanta-DN3-Murfatlar-retur,09-10,2026-09-11 10:00:06,2744,48.6862944162435,1392.3923857868,19.098050761421227,28.665857868018936,88.0,34.0,21.0,28.213705583756504,16.589025380710613,1.935968821112913,-0.0459,43693.2,0,urban,S5_urban_sud,0.4491,1.9895,1.1849,4.1621,0.3116,0.8223
DIESEL_Constanta-DN3-Murfatlar-retur,09-10,2026-09-11 10:00:07,2745,48.0,1388.1474086661003,18.755055225148688,23.611614273576976,88.27527612574345,34.0,21.0,28.955055225148687,16.39,2.0670856955447414,-0.0953,43706.5,0,urban,S5_urban_sud,0.2414,1.9898,0.6369,4.0873,0.2011,0.5307
DIESEL_Constanta-DN3-Murfatlar-retur,09-10,2026-09-11 10:00:08,2746,48.0,1395.6578947368432,18.83842105263161,25.137894736842465,89.0,34.0,21.0,28.92631578947377,16.366315789473695,1.8375373125352024,0.0,43719.8,0,urban,S5_urban_sud,0.3387,1.9901,0.8937,4.1055,0.4019,1.0604
DIESEL_Constanta-DN3-Murfatlar-retur,09-10,2026-09-11 10:00:09,2747,48.0,1387.2062937062933,18.69881118881116,22.856643356643083,89.0,34.0,21.0,28.100699300699283,16.350769230769213,1.7729003504514556,0.0,43733.2,0,urban,S5_urban_sud,0.2056,1.9903,0.5425,4.0751,0.4019,1.0604
DIESEL_Constanta-DN3-Murfatlar-retur,09-10,2026-09-11 10:00:10,2748,48.0,1400.1378228782312,19.35247232472329,28.98137269372748,89.0,34.0,21.0,28.45284132841331,16.68,1.7641256076913532,0.0004,43746.5,0,urban,S5_urban_sud,0.4916,1.9908,1.2972,4.2175,0.4027,1.0626
DIESEL_Constanta-DN3-Murfatlar-retur,09-10,2026-09-11 10:00:11,2749,48.00286259542,1413.7149332061051,19.6108015267176,32.14540076335802,89.0,34.0,21.0,28.598282442748005,16.681230916030596,2.0311079838844384,0.1329,43759.8,0,urban,S5_urban_sud,0.6302,1.9914,1.6628,4.2738,0.6819,1.7993
DIESEL_Constanta-DN3-Murfatlar-retur,09-10,2026-09-11 10:00:12,2750,48.95706106870223,1402.0260019083976,19.877977099236624,27.278988549618624,89.0,34.0,21.0,28.02576335877866,17.091536259541957,2.2245381951484484,0.1385,43773.4,0,urban,S5_urban_sud,0.3894,1.9918,1.0274,4.332,0.7104,1.8745
DIESEL_Constanta-DN3-Murfatlar-retur,09-10,2026-09-11 10:00:13,2751,49.0,1413.9904063205386,20.477336343115088,29.16496613995438,89.0,34.0,21.0,29.121218961625345,17.492392776523722,2.2271750171984577,0.006,43787.1,0,urban,S5_urban_sud,0.5043,1.9923,1.3306,4.4626,0.4262,1.1246
DIESEL_Constanta-DN3-Murfatlar-retur,09-10,2026-09-11 10:00:14,2752,49.0,1439.3219217491398,20.572991944764183,32.41759493670946,89.0,34.0,21.0,28.53348676639812,17.163222094361362,2.4631930720924884,0.0,43800.7,0,urban,S5_urban_sud,0.6518,1.993,1.7199,4.4835,0.4133,1.0906
DIESEL_Constanta-DN3-Murfatlar-retur,09-10,2026-09-11 10:00:15,2753,49.0,1426.113152289668,19.908264110756143,25.07465388711479,88.55165069222589,34.0,21.0,29.02417465388705,16.839978700745508,1.5998178453489107,0.0,43814.3,0,urban,S5_urban_sud,0.3002,1.9933,0.7921,4.3386,0.4133,1.0906
DIESEL_Constanta-DN3-Murfatlar-retur,09-10,2026-09-11 10:00:16,2754,49.0,1423.5604838709685,19.465842293906828,21.51688172043009,88.0,34.0,21.0,28.047491039426586,16.4899641577061,2.0513484870966567,0.0,43827.9,0,urban,S5_urban_sud,0.1262,1.9934,0.3329,4.2422,0.4133,1.0906
DIESEL_Constanta-DN3-Murfatlar-retur,09-10,2026-09-11 10:00:17,2755,49.0,1411.0685714285712,19.23005714285709,24.00959999999957,88.0,34.0,21.0,27.097142857142707,16.442171428571385,2.2862353585328865,0.0327,43841.5,0,urban,S5_urban_sud,0.2361,1.9936,0.6231,4.1908,0.4836,1.2761
DIESEL_Constanta-DN3-Murfatlar-retur,09-10,2026-09-11 10:00:18,2756,49.23546944858412,1420.122205663187,19.75183308494781,30.333621460505817,88.0,34.0,21.0,28.54128166915047,16.82,2.05274569906534,0.1362,43855.2,0,urban,S5_urban_sud,0.5605,1.9942,1.4789,4.3045,0.7104,1.8744
DIESEL_Constanta-DN3-Murfatlar-retur,09-10,2026-09-11 10:00:19,2757,49.98062593144572,1439.4962742175887,20.04244411326383,38.22482861401015,88.0,34.0,21.0,28.988375558867432,16.82,1.950736989464432,-0.0254,43869.1,0,urban,S5_urban_sud,0.9366,1.9951,2.4712,4.3679,0.3691,0.9739
DIESEL_Constanta-DN3-Murfatlar-retur,09-10,2026-09-11 10:00:20,2758,49.05252918287945,1409.6809338521423,20.277392996108933,21.707140077822288,88.0,34.0,21.0,29.284241245136165,16.89106031128404,2.0647550219138138,-0.0395,43882.7,0,urban,S5_urban_sud,0.1693,1.9953,0.4466,4.4191,0.3289,0.8678
DIESEL_Constanta-DN3-Murfatlar-retur,09-10,2026-09-11 10:00:21,2759,49.69641649763354,1448.0265382014877,22.67633536173084,29.86988505747147,88.0,34.30358350236646,21.0,28.5946585530764,16.881960784313726,2.3115497788580224,-0.0045,43896.5,0,urban,S5_urban_sud,0.6151,1.9959,1.6231,4.9419,0.4116,1.0862
DIESEL_Constanta-DN3-Murfatlar-retur,09-10,2026-09-11 10:00:22,2760,49.02028397565936,1434.1658215010168,27.45659229208832,13.43310344827906,88.0,34.97971602434064,21.0,29.47363083164283,16.685882352941213,2.6782329263670297,-0.0038,43910.1,0,urban,S5_urban_sud,0.0179,1.9959,0.0473,5.9836,0.4054,1.0696
DIESEL_Constanta-DN3-Murfatlar-retur,09-10,2026-09-11 10:00:23,2761,49.66915608663176,1431.656086631815,19.59171769977591,28.91693801344214,89.0,34.66915608663176,21.0,28.23009708737872,16.48811053024642,2.20645735792052,-0.0028,43923.9,0,urban,S5_urban_sud,0.5061,1.9964,1.3355,4.2696,0.415,1.0951
DIESEL_Constanta-DN3-Murfatlar-retur,09-10,2026-09-11 10:00:24,2762,49.0,1432.5638297872374,19.179172576832062,21.311063829786285,89.0,34.0,21.0,29.186052009456112,16.171300236406495,2.9871287330416028,-0.0929,43937.5,0,urban,S5_urban_sud,0.1494,1.9966,0.3943,4.1797,0.2135,0.5634
DIESEL_Constanta-DN3-Murfatlar-retur,09-10,2026-09-11 10:00:25,2763,49.0,1419.6474953617803,19.379220779220887,25.38001855287549,89.0,34.0,21.0,29.29740259740296,16.541187384044626,2.1268955022141096,0.0,43951.1,0,urban,S5_urban_sud,0.3306,1.9969,0.8722,4.2233,0.4133,1.0906
DIESEL_Constanta-DN3-Murfatlar-retur,09-10,2026-09-11 10:00:26,2764,49.0,1421.6687657430737,19.02695214105784,25.67755667506341,89.0,34.0,21.0,27.548866498740665,16.20881612090672,2.0206453280256573,0.0,43964.7,0,urban,S5_urban_sud,0.3499,1.9973,0.9233,4.1466,0.4133,1.0906
DIESEL_Constanta-DN3-Murfatlar-retur,09-10,2026-09-11 10:00:27,2765,49.0,1417.0507976490344,19.73224181360204,22.386204869857163,89.0,34.0,21.0,26.70923593618805,16.813350125944602,3.0376743572970977,0.0993,43978.4,0,urban,S5_urban_sud,0.191,1.9975,0.504,4.3003,0.6269,1.6541
DIESEL_Constanta-DN3-Murfatlar-retur,09-10,2026-09-11 10:00:28,2766,49.71504897595712,1431.7620213713246,19.81897595725728,32.050106856632496,88.71504897595712,34.0,21.0,27.984951024042875,16.637257346393568,1.735145122581604,0.0,43992.2,0,urban,S5_urban_sud,0.6584,1.9981,1.7372,4.3192,0.4217,1.1126
DIESEL_Constanta-DN3-Murfatlar-retur,09-10,2026-09-11 10:00:29,2767,49.0,1422.813495222931,19.54665605095545,23.61257961783429,88.15684713375802,34.0,21.0,28.527468152866184,16.575485668789824,2.1981317279898134,-0.0993,44005.8,0,urban,S5_urban_sud,0.2425,1.9984,0.6398,4.2598,0.1998,0.5271
DIESEL_Constanta-DN3-Murfatlar-retur,09-10,2026-09-11 10:00:30,2768,49.0,1434.5571257961765,20.088057324840666,22.05207006369455,88.95302547770686,34.0,21.0,27.65167197452245,16.80637738853499,1.5637389199770777,0.1305,44019.4,0,urban,S5_urban_sud,0.1922,1.9986,0.5072,4.3778,0.694,1.8311
DIESEL_Constanta-DN3-Murfatlar-retur,09-10,2026-09-11 10:00:31,2769,49.93963254593141,1441.8707349081371,19.711128608924007,28.558766404199066,88.9698162729657,34.0,21.0,26.8513123359583,16.40750656167989,1.7726180173126778,-0.0677,44033.3,0,urban,S5_urban_sud,0.5009,1.9991,1.3217,4.2957,0.2759,0.7281
DIESEL_Constanta-DN3-Murfatlar-retur,09-10,2026-09-11 10:00:32,2770,48.51226692836119,1445.6219332679098,20.5641707556428,28.180755642787226,88.0,34.0,21.0,28.653680078508355,17.118557409224742,2.190233273363924,0.0084,44046.7,0,urban,S5_urban_sud,0.4755,1.9995,1.2546,4.4816,0.4256,1.123
DIESEL_Constanta-DN3-Murfatlar-retur,09-10,2026-09-11 10:00:33,2771,50.0,1449.7649253731374,21.19039800995033,33.25743781094495,88.0,34.0,21.0,28.82910447761176,17.592139303482615,2.992143530225836,0.2571,44060.6,0,urban,S5_urban_sud,0.7381,2.0003,1.9475,4.618,0.9892,2.6102
DIESEL_Constanta-DN3-Murfatlar-retur,09-10,2026-09-11 10:00:34,2772,50.36348547717853,1464.0665975103743,21.25917842323645,31.589327800829707,88.0,34.0,21.0,27.36398340248938,17.479178423236455,2.691383396338757,0.0962,44074.6,0,urban,S5_urban_sud,0.6711,2.0009,1.7707,4.633,0.642,1.694
DIESEL_Constanta-DN3-Murfatlar-retur,09-10,2026-09-11 10:00:35,2773,50.69261213720304,1457.224934036934,22.71895778364189,24.32236147757006,88.0,34.0,21.0,26.699208443272084,16.888680738786192,1.7363935584731336,-0.1025,44088.7,0,urban,S5_urban_sud,0.437,2.0014,1.153,4.9512,0.2053,0.5417
DIESEL_Constanta-DN3-Murfatlar-retur,09-10,2026-09-11 10:00:36,2774,49.62539432176664,1419.5388406940078,23.7607413249218,14.163328075708929,88.37460567823335,34.0,21.0,28.23777602523665,16.225173501577324,1.914479587860432,-0.2351,44102.5,0,urban,S5_urban_sud,0.0473,2.0014,0.1247,5.1782,0.0694,0.1832
DIESEL_Constanta-DN3-Murfatlar-retur,09-10,2026-09-11 10:00:37,2775,49.0,1408.698640483383,18.651268882175213,21.84314199395716,89.0,34.0,21.0,27.82084592145014,15.98126888217521,1.702855339764664,-0.0571,44116.1,0,urban,S5_urban_sud,0.1656,2.0016,0.437,4.0647,0.2905,0.7666
DIESEL_Constanta-DN3-Murfatlar-retur,09-10,2026-09-11 10:00:38,2776,49.2142142142142,1418.0698198198197,19.099889889889862,27.30880880880871,88.7857857857858,34.0,21.0,28.1142142142142,16.316356356356344,1.6010154311277167,0.1389,44129.8,0,urban,S5_urban_sud,0.3965,2.002,1.0463,4.1625,0.7158,1.8888
DIESEL_Constanta-DN3-Murfatlar-retur,09-10,2026-09-11 10:00:39,2777,50.0,1439.7219289827267,20.45649712092135,32.79347408829182,88.0,34.0,21.0,28.75556621880993,17.16983685220731,1.826795858540778,0.1091,44143.6,0,urban,S5_urban_sud,0.707,2.0027,1.8655,4.4581,0.6645,1.7532
DIESEL_Constanta-DN3-Murfatlar-retur,09-10,2026-09-11 10:00:40,2778,50.0,1455.9087870105054,21.011738299904497,32.43291308500593,88.0,34.0,21.0,28.629608404966188,17.37686723973259,2.228319173288228,0.0,44157.5,0,urban,S5_urban_sud,0.6945,2.0034,1.8326,4.5791,0.425,1.1215
DIESEL_Constanta-DN3-Murfatlar-retur,09-10,2026-09-11 10:00:41,2779,50.0,1457.8958664546872,20.951971383147832,25.409252782193462,88.20031796502406,34.0,21.0,30.399364069951886,17.28804451510337,2.6265516018872708,0.0474,44171.4,0,urban,S5_urban_sud,0.3533,2.0037,0.9321,4.5661,0.5291,1.396
DIESEL_Constanta-DN3-Murfatlar-retur,09-10,2026-09-11 10:00:42,2780,50.341346153846125,1457.996394230768,21.10187499999998,27.011730769230446,89.0,34.0,21.0,28.868269230769226,17.4,2.0804440703977005,0.1389,44185.4,0,urban,S5_urban_sud,0.4246,2.0042,1.1205,4.5988,0.736,1.942
DIESEL_Constanta-DN3-Murfatlar-retur,09-10,2026-09-11 10:00:43,2781,51.0,1478.120088719898,21.55390367553875,33.81106463878358,88.94803548795925,34.0,21.0,28.890874524714413,17.42286438529793,2.3426817972172307,0.1215,44199.6,0,urban,S5_urban_sud,0.7604,2.0049,2.0063,4.6973,0.709,1.8708
DIESEL_Constanta-DN3-Murfatlar-retur,09-10,2026-09-11 10:00:44,2782,51.21593830334188,1481.0944730077117,22.06989717223649,34.782544987146586,88.0,34.0,21.0,27.310282776349567,17.84,2.983398393056281,0.1389,44213.8,0,urban,S5_urban_sud,0.8065,2.0057,2.1282,4.8097,0.7519,1.984
DIESEL_Constanta-DN3-Murfatlar-retur,09-10,2026-09-11 10:00:45,2783,52.0,1500.5,22.287425614488985,31.77551099611873,88.0,33.89003880983179,21.0,28.82199223803364,17.776222509702443,2.72515148321667,0.0684,44228.2,0,urban,S5_urban_sud,0.6946,2.0064,1.8329,4.8571,0.6055,1.5975
DIESEL_Constanta-DN3-Murfatlar-retur,09-10,2026-09-11 10:00:46,2784,51.70868347338943,1496.494397759105,21.33876750700289,22.8073669467786,88.29131652661057,33.0,21.0,28.91260504201683,17.006554621848803,2.326103057951857,-0.1389,44242.6,0,urban,S5_urban_sud,0.2076,2.0066,0.5479,4.6504,0.1305,0.3444
DIESEL_Constanta-DN3-Murfatlar-retur,09-10,2026-09-11 10:00:47,2785,51.0,1484.004678600488,20.30900732302684,23.304263628966584,89.0,33.0,21.0,28.641171684296168,16.30371847030105,1.978776797948887,-0.0984,44256.8,0,urban,S5_urban_sud,0.2276,2.0069,0.6006,4.426,0.2168,0.5721
DIESEL_Constanta-DN3-Murfatlar-retur,09-10,2026-09-11 10:00:48,2786,51.0,1472.725438596491,19.68747368421049,20.84063157894824,89.0,33.0,21.0,28.4084210526317,15.94803508771927,1.671531358051631,-0.0191,44270.9,0,urban,S5_urban_sud,0.1288,2.007,0.3399,4.2905,0.3943,1.0404
DIESEL_Constanta-DN3-Murfatlar-retur,09-10,2026-09-11 10:00:49,2787,50.86215978928873,1470.4141791044772,19.464512730465284,24.50453028972732,88.86215978928873,33.0,21.0,28.93107989464437,15.78932396839331,2.240804376445909,-0.0383,44285.1,0,urban,S5_urban_sud,0.2894,2.0073,0.7635,4.2419,0.3499,0.9232
