GPS Time,Device Time,GPS Speed (Meters/second),Horizontal Dilution of Precision,Altitude,Bearing,G(x),G(y),G(z),G(calibrated),Absolute Throttle Position B(%),Acceleration Sensor(Total)(g),Air Fuel Ratio(Measured)(:1),Ambient air temp(°C),Average trip speed(whilst stopped or moving)(km/h),Barometric pressure (from vehicle)(psi),Engine Coolant Temperature(°C),Engine kW (At the wheels)(kW),Engine Load(%),Engine RPM(rpm),Fuel flow rate/minute(gal/min),GPS Altitude(m),GPS vs OBD Speed difference(km/h),Horsepower (At the wheels)(hp),Intake Air Temperature(°C),Intake Manifold Pressure(psi),Mass Air Flow Rate(g/s),O2 Bank 1 Sensor 1 Voltage(V),O2 Bank 1 Sensor 2 Voltage(V),Percentage of City driving(%),Percentage of Highway driving(%),Percentage of Idle driving(%),Run time since engine start(s),Speed (GPS)(km/h),Speed (OBD)(km/h),Throttle Position(Manifold)(%),Timing Advance(°)
Thu Apr 02 13:10:53 GMT+03:00 2026,02-apr.-2026 15:28:27.972,0.0,2.9000000953674316,59.0,155.82000732421875,-0.05,-0.04,9.71,0.01,19.61,-0.01,-,-,0,34.95,-,-,1.57,0,0,-,0,-,-,-,-,-,-,53.25,0,46.75,0,-,0,17.65,3.5
GPS Time, Device Time,GPS Speed (Meters/second), Horizontal Dilution of Precision, Altitude, Bearing, G(x), G(y), G(z), G(calibrated), Absolute Throttle Position B(%),Acceleration Sensor(Total)(g),Air Fuel Ratio(Measured)(:1),Ambient air temp(°C),Average trip speed(whilst stopped or moving)(km/h),Barometric pressure (from vehicle)(psi),Engine Coolant Temperature(°C),Engine kW (At the wheels)(kW),Engine Load(%),Engine RPM(rpm),Fuel flow rate/minute(gal/min),GPS Altitude(m),GPS vs OBD Speed difference(km/h),Horsepower (At the wheels)(hp),Intake Air Temperature(°C),Intake Manifold Pressure(psi),Mass Air Flow Rate(g/s),O2 Bank 1 Sensor 1 Voltage(V),O2 Bank 1 Sensor 2 Voltage(V),Percentage of City driving(%),Percentage of Highway driving(%),Percentage of Idle driving(%),Run time since engine start(s),Speed (GPS)(km/h),Speed (OBD)(km/h),Throttle Position(Manifold)(%),Timing Advance(°)
Thu Apr 02 13:10:53 GMT+03:00 2026,02-apr.-2026 15:28:28.114,0.0,2.9000000953674316,59.0,155.82000732421875,-0.05,-0.04,9.71,0.01,19.61,-0.01,-,-,0,34.95,-,-,1.57,0,0,-,0,-,-,-,-,-,-,53.25,0,46.75,0,-,0,17.65,3.5
Thu Apr 02 13:10:53 GMT+03:00 2026,02-apr.-2026 15:28:28.666,0.0,2.9000000953674316,59.0,155.82000732421875,-0.05,-0.04,9.71,0.01,19.61,-0.01,-,9,0,34.95,33,-,1.57,0,0,-,0,-,23,-,-,-,-,53.25,0,46.75,0,-,0,17.65,3.5
Thu Apr 02 13:10:53 GMT+03:00 2026,02-apr.-2026 15:28:30.373,0.0,2.9000000953674316,59.0,155.82000732421875,-0.05,-0.04,9.71,0.01,18.82,-0.01,-,9,0,35.24,33,-,5.1,1096,0,-,0,-,23,5.8,4.9,-,-,53.25,0,46.75,10,-,0,16.08,-1.5
Thu Apr 02 13:10:53 GMT+03:00 2026,02-apr.-2026 15:28:32.324,0.0,2.9000000953674316,59.0,155.82000732421875,0.43,5.92,7.62,0,18.43,-0.01,-,9,0,35.24,33,-,5.1,1088.5,0,-,0,-,23,5.8,4.88,-,-,53.25,0,46.75,12,-,0,16.08,-1.5
Thu Apr 02 13:10:53 GMT+03:00 2026,02-apr.-2026 15:28:34.325,0.0,2.9000000953674316,59.0,155.82000732421875,0.31,5.45,8.12,0.02,18.43,0,-,9,0,35.24,33,-,5.1,1095.5,0.01,-,0,-,22,5.66,4.78,-,-,53.25,0,46.75,14,-,0,16.08,-1.5
Thu Apr 02 13:10:53 GMT+03:00 2026,02-apr.-2026 15:28:35.957,0.0,2.9000000953674316,59.0,155.82000732421875,-0.42,5.65,8.02,0.02,18.43,0,-,9,0,35.24,33,-,5.1,1079.25,0.01,-,0,-,22,5.66,4.8,-,-,53.25,0,46.75,15,-,0,15.69,1
Thu Apr 02 13:10:53 GMT+03:00 2026,02-apr.-2026 15:28:37.609,0.0,2.9000000953674316,59.0,155.82000732421875,0.14,5.4,7.04,-0.08,18.04,-0.1,-,9,0,35.24,33,-,5.1,1100.5,0.01,-,0,-,22,5.66,4.73,-,-,53.25,0,46.75,17,-,0,15.29,-3.5
Thu Apr 02 13:10:53 GMT+03:00 2026,02-apr.-2026 15:28:39.401,0.0,2.9000000953674316,59.0,155.82000732421875,-1.03,5.75,7.92,0.02,18.04,0,-,9,0,35.24,33,-,5.1,1092.5,0.01,-,0,-,22,5.66,4.79,-,-,53.25,0,46.75,19,-,0,15.29,1
Thu Apr 02 15:28:40 GMT+03:00 2026,02-apr.-2026 15:28:41.226,0.25787582993507385,7.199999809265137,107.1,143.89999389648438,-0.3,5.56,8.05,0.02,18.04,0,-,9,0,35.24,33,-,5.1,1087,0.01,107.1,0,-,21,5.66,4.75,-,-,53.25,0,46.75,21,-,0,15.29,-1.5
Thu Apr 02 15:28:42 GMT+03:00 2026,02-apr.-2026 15:28:42.946,0.14566639065742493,6.599999904632568,86.9,143.89999389648438,-0.48,5.56,8.07,0.02,18.04,0,-,9,0,35.24,33,-,5.1,1087.75,0.01,86.9,0,-,21,5.66,4.76,-,-,53.25,0,46.75,22,0.52,0,14.9,3.5
Thu Apr 02 15:28:44 GMT+03:00 2026,02-apr.-2026 15:28:44.669,0.27022916078567505,5.300000190734863,91.3,143.89999389648438,-0.34,5.34,8.24,0.02,17.65,0,-,9,0,35.24,33,-,5.1,1099,0.01,91.3,0.95,-,21,5.66,4.67,-,-,53.25,0,46.75,24,0.97,0,14.9,-1.5
Thu Apr 02 15:28:45 GMT+03:00 2026,02-apr.-2026 15:28:46.451,0.27640584111213684,5.099999904632568,92.6,143.89999389648438,1.23,-0.45,6.96,-0.26,17.25,0.45,-,9,0,35.24,34,-,5.1,1073.75,0.01,92.6,1,-,21,5.51,4.72,-,-,53.25,0,46.75,26,1,0,14.51,-1.5
Thu Apr 02 15:28:47 GMT+03:00 2026,02-apr.-2026 15:28:48.110,0.09522361308336258,4.900000095367432,92.3,143.89999389648438,0.32,1.73,9.6,0.01,17.65,0,-,9,0,35.24,34,-,5.1,1060.5,0.01,92.3,0.42,-,21,5.66,4.64,-,-,53.25,0,46.75,27,0.34,0,14.12,1
Thu Apr 02 15:28:49 GMT+03:00 2026,02-apr.-2026 15:28:49.830,0.058163609355688095,4.699999809265137,82.4,143.89999389648438,0.31,1.78,9.41,-0,17.25,-0.01,-,9,0,35.24,34,-,5.1,1072.25,0.01,82.4,0.22,-,21,5.66,4.69,-,-,53.25,0,46.75,29,0.21,0,14.12,1
Thu Apr 02 15:28:51 GMT+03:00 2026,02-apr.-2026 15:28:51.648,0.03139805421233177,4.5,82.4,143.89999389648438,0.34,1.72,9.64,0.02,17.25,-0.02,-,9,0,35.24,34,-,5.1,1064.5,0.01,82.4,0.38,-,21,5.66,4.71,-,-,53.25,0,46.75,31,0.11,0,14.51,3.5
Thu Apr 02 15:28:54 GMT+03:00 2026,02-apr.-2026 15:28:54.291,0.09522361308336258,4.400000095367432,76.0,89.1500015258789,0.34,1.78,9.42,-0,16.86,-0.02,-,9,0,35.24,34,-,5.1,1069,0.01,76,0.11,-,20,5.66,4.64,-,-,53.25,0,46.75,34,0.34,0,14.12,-1.5
Thu Apr 02 15:28:57 GMT+03:00 2026,02-apr.-2026 15:28:57.418,0.1158125028014183,4.199999809265137,76.0,105.58000183105469,0.46,1.78,9.5,0.01,16.86,0,-,9,0,35.24,35,-,4.71,1058.75,0.01,76,0.41,-,20,5.66,4.65,-,-,53.25,0,46.75,37,0.42,0,13.73,1
Thu Apr 02 15:29:00 GMT+03:00 2026,02-apr.-2026 15:29:00.495,0.0,4.099999904632568,76.0,105.58000183105469,0.4,1.79,9.57,0.01,16.47,0,-,9,0,35.24,35,-,4.71,1038,0.01,76,0,-,20,5.66,4.57,-,-,53.25,0,46.75,40,0,0,13.33,3.5
Thu Apr 02 15:29:03 GMT+03:00 2026,02-apr.-2026 15:29:03.579,0.0,3.9000000953674316,76.0,105.58000183105469,0.26,1.73,9.55,0.01,15.69,0,-,9,0,35.24,35,-,4.31,1069.5,0.01,76,0,-,20,5.66,4.46,-,-,53.25,0,46.75,43,0,0,12.16,5.5
Thu Apr 02 15:29:05 GMT+03:00 2026,02-apr.-2026 15:29:05.791,0.0,3.799999952316284,69.8,105.58000183105469,0.42,1.79,9.45,-0,15.29,0,-,9,0,35.24,35,-,4.31,1041,0.01,69.8,0,-,20,5.08,4,-,-,53.25,0,46.75,45,0,0,11.76,6
Thu Apr 02 15:29:07 GMT+03:00 2026,02-apr.-2026 15:29:07.488,0.0,3.799999952316284,69.7,208.33999633789062,0.45,1.76,9.56,0.01,15.29,0.01,-,9,0,35.24,36,-,4.31,1025.75,0.01,69.7,0.44,-,20,5.08,4.07,-,-,53.25,0,46.75,47,0,0,11.37,5.5
Thu Apr 02 15:29:09 GMT+03:00 2026,02-apr.-2026 15:29:09.280,0.22081583738327026,3.799999952316284,69.7,278.82000732421875,0.46,1.75,9.65,0.02,15.29,0,-,9,0,35.24,36,-,4.31,1021.25,0.01,69.7,0.7,-,20,5.22,4.06,-,-,53.25,0,46.75,49,0.79,0,11.37,13.5
Thu Apr 02 15:29:10 GMT+03:00 2026,02-apr.-2026 15:29:11.076,0.0,3.799999952316284,69.7,278.82000732421875,0.38,1.69,9.78,0.03,15.29,0,-,9,0,35.24,37,-,4.31,1008.75,0.01,69.7,0.79,-,20,5.22,4,-,-,53.25,0,46.75,50,0,0,10.98,8
Thu Apr 02 15:29:12 GMT+03:00 2026,02-apr.-2026 15:29:12.894,0.0,1.7999999523162842,69.4,278.82000732421875,0.32,1.64,9.55,0.01,16.47,0,-,9,0,35.24,37,-,6.27,996.25,0.01,69.4,0,-,20,5.51,4.19,-,-,53.25,0,46.75,52,0,0,25.1,19
Thu Apr 02 15:29:14 GMT+03:00 2026,02-apr.-2026 15:29:14.605,0.0,2.0,70.0,278.82000732421875,0.47,1.4,9.67,0.02,20.78,-0.01,-,9,0.04,35.24,37,0.06,5.1,976.75,0.01,70,1,0.08,20,5.08,4.07,-,-,0,0,100,54,0,1,17.65,10
Thu Apr 02 15:29:16 GMT+03:00 2026,02-apr.-2026 15:29:16.346,0.5466349720954895,2.200000047683716,71.6,282.3800048828125,0.37,1.5,9.59,0.01,21.18,-0.01,-,9,0.1,35.24,38,0.12,5.49,1090.25,0.01,71.6,2,0.17,20,6.38,5.84,-,-,0,0,100,56,1.97,2,20,21
Thu Apr 02 15:29:17 GMT+03:00 2026,02-apr.-2026 15:29:18.061,0.5739153027534485,2.4000000953674316,72.4,275.2300109863281,0.28,1.84,9.48,0,22.35,-0.01,-,9,0.17,35.24,38,0.12,5.49,1221.75,0.01,72.4,0.03,0.17,20,6.09,5.96,-,-,0,0,100,57,2.07,2,13.33,3
Thu Apr 02 15:29:19 GMT+03:00 2026,02-apr.-2026 15:29:19.786,0.6279610991477966,2.4000000953674316,73.7,294.54998779296875,-0.38,2.08,9.73,0.03,16.86,0.02,-,9,0.23,35.24,38,-,8.63,1333,0.01,73.7,0.16,-,20,7.54,7.39,-,-,0,0,100,59,2.26,2,22.75,20
Thu Apr 02 15:29:21 GMT+03:00 2026,02-apr.-2026 15:29:21.522,0.6660505533218384,2.299999952316284,75.1,5.0,0.14,1.59,9.85,0.04,17.25,0.01,-,9,0.31,35.24,38,0.19,4.71,1085.25,0.01,75.1,0.69,0.25,19,5.22,4.37,-,-,0,0,100,61,2.4,3,19.22,8
Thu Apr 02 15:29:23 GMT+03:00 2026,02-apr.-2026 15:29:23.256,0.6969338655471802,2.200000047683716,76.6,5.0,0.18,1.96,9.7,0.03,21.57,0,-,9,0.45,35.24,38,0.61,4.71,1166.5,0.01,76.6,2.59,0.82,19,6.53,5.27,-,-,0,0,100,63,2.51,5,12.94,6.5
Thu Apr 02 15:29:24 GMT+03:00 2026,02-apr.-2026 15:29:25.015,0.7046546936035156,2.0999999046325684,77.2,5.0,0.03,1.95,9.44,0,16.08,-0.01,-,9,0.56,35.24,38,0.61,4.71,1128.25,0.01,77.2,1.49,0.82,19,5.66,4.78,-,-,0,0,100,64,2.54,4,12.55,4
Thu Apr 02 15:29:26 GMT+03:00 2026,02-apr.-2026 15:29:26.817,0.7185522317886353,2.0999999046325684,78.8,5.0,0.62,1.68,9.6,0.01,15.69,0,-,9,0.63,35.24,39,-,4.71,992.75,0.01,78.8,0.43,-,19,5.51,4.24,-,-,0,0,100,66,2.59,3,12.16,13
Thu Apr 02 15:29:28 GMT+03:00 2026,02-apr.-2026 15:29:28.520,0.7190669178962708,2.0,78.4,5.0,0.2,1.92,9.63,0.02,15.29,0,-,9,0.67,35.24,39,-,4.31,1023,0.01,78.4,0.59,-,19,5.51,4.3,-,-,0,0,100,68,2.59,2,11.76,4.5
Thu Apr 02 15:29:30 GMT+03:00 2026,02-apr.-2026 15:29:30.238,0.7041400074958801,2.0,78.4,5.0,0.14,1.61,9.74,0.02,16.47,-0.02,-,9,0.68,35.24,39,-,6.27,1106.75,0.01,78.4,1.57,-,19,5.51,5.67,-,-,0,0,100,70,2.53,1,12.94,0.5
Thu Apr 02 15:29:31 GMT+03:00 2026,02-apr.-2026 15:29:32.041,0.7020810842514038,2.0,78.9,5.0,0.36,1.96,9.64,0.02,21.18,0,-,9,0.71,35.24,40,0.13,4.71,1090.25,0.01,78.9,0.53,0.17,19,5.8,4.77,-,-,0,0,100,71,2.53,2,12.16,2
Thu Apr 02 15:29:33 GMT+03:00 2026,02-apr.-2026 15:29:33.791,0.6681094169616699,2.0,78.9,6.0,0.59,1.82,9.51,0.01,16.08,0,-,9,0.74,35.24,40,0.13,7.45,1394.5,0.01,78.9,0.47,0.17,19,6.53,6.98,-,-,0,0,100,73,2.41,2,12.94,-8.5
Thu Apr 02 15:29:35 GMT+03:00 2026,02-apr.-2026 15:29:35.527,0.5991366505622864,2.0,79.8,6.0,0.68,2.06,9.47,0.01,15.69,-0.01,-,9,0.8,35.24,40,0.18,6.27,1365,0.01,79.8,0.75,0.25,19,8.27,8.55,-,-,0,0,100,75,2.16,3,12.55,1
Thu Apr 02 15:29:37 GMT+03:00 2026,02-apr.-2026 15:29:37.326,0.5641355514526367,2.0,79.5,6.0,0.5,1.84,9.7,0.03,23.53,0,-,9,0.83,35.24,41,0.18,4.31,1018,0.01,79.5,0.13,0.25,19,5.37,4.28,-,-,0,0,100,77,2.03,2,11.37,3.5
Thu Apr 02 15:29:38 GMT+03:00 2026,02-apr.-2026 15:29:39.053,0.5255314111709595,2.0,79.3,6.0,0.92,2.21,9.64,0.03,15.69,0.01,-,9,0.86,35.24,41,-,7.45,1580.25,0.01,79.3,0.03,-,19,6.53,7.79,-,-,0,0,100,78,1.89,2,12.94,1.5
Thu Apr 02 15:29:40 GMT+03:00 2026,02-apr.-2026 15:29:40.816,0.48692721128463745,2.0,79.3,274.5899963378906,0.49,2.5,9.41,0.01,23.92,-0.01,-,9,0.86,35.24,41,-,4.31,1010.75,0.01,79.3,0.8,-,19,5.37,4.32,-,-,0,0,100,80,1.75,1,11.76,9
Thu Apr 02 15:29:42 GMT+03:00 2026,02-apr.-2026 15:29:42.540,0.43442556262016296,1.899999976158142,78.2,357.9800109863281,-0.43,2.77,9.17,-0,25.88,0,-,9,0.84,35.24,41,-,7.84,1439.25,0.01,78.2,1.65,-,19,6.96,8.05,-,-,0,0,100,82,1.56,0,24.71,18
Thu Apr 02 15:29:44 GMT+03:00 2026,02-apr.-2026 15:29:44.355,0.41949862241744995,2.0,77.0,343.95001220703125,-0.76,0.81,9.63,0.01,15.69,0,-,9,0.98,35.24,41,2.97,6.67,1060.25,0.01,77,5.52,3.99,19,8.7,8.45,-,-,3.83,0,96.17,84,1.51,7,11.76,1
Thu Apr 02 15:29:46 GMT+03:00 2026,02-apr.-2026 15:29:46.200,0.43854331970214844,2.0999999046325684,76.5,311.57000732421875,0.43,1.41,9.6,0.01,14.9,-0.04,-,9,1.07,35.24,42,2.97,4.31,1020,0.01,76.5,3.49,3.99,19,5.22,4.15,-,-,5.31,0,94.69,86,1.58,5,11.37,11.5
Thu Apr 02 15:29:47 GMT+03:00 2026,02-apr.-2026 15:29:47.923,0.4210427701473236,2.0999999046325684,76.0,298.5400085449219,0.39,1.59,9.79,0.03,16.47,0,-,9,1.04,35.24,42,-,12.94,673.25,0.01,76,1.58,-,18,10.88,8.72,-,-,5.04,0,94.96,87,1.52,0,14.51,-4
Thu Apr 02 15:29:49 GMT+03:00 2026,02-apr.-2026 15:29:49.699,0.4210427701473236,2.0,73.8,241.41000366210938,0.44,1.08,9.76,0.02,15.69,-0.03,-,9,1.08,35.24,42,0.55,7.06,755.25,0.01,73.8,1.51,0.73,18,7.11,5.61,-,-,4.79,0,95.21,89,1.52,3,11.76,-1.5
Thu Apr 02 15:29:51 GMT+03:00 2026,02-apr.-2026 15:29:51.462,0.42516055703163147,2.0,72.6,234.49000549316406,0.43,1.92,9.68,0.03,14.9,0,-,9,1.14,35.24,43,0.25,6.67,672,0.01,72.6,2.47,0.33,19,7.25,4.41,-,-,4.57,0,95.43,91,1.53,4,10.98,-5
Thu Apr 02 15:29:53 GMT+03:00 2026,02-apr.-2026 15:29:53.181,0.0,2.0,71.8,179.75,-0.11,1.98,9.4,-0,22.75,-0.02,-,9,1.12,35.24,43,0.25,8.63,1305.5,0.01,71.8,1.53,0.33,18,6.82,6.72,-,-,4.37,0,95.63,93,0,0,22.35,20
Thu Apr 02 15:29:54 GMT+03:00 2026,02-apr.-2026 15:29:55.010,0.0,1.899999976158142,71.5,214.82000732421875,-1.2,4.01,9.29,0.06,21.96,0.03,-,9,1.18,35.24,44,1,5.88,1026.25,0.01,71.5,4,1.34,18,8.12,5.73,-,-,4.18,0,95.82,94,0,4,18.82,17.5
Thu Apr 02 15:29:56 GMT+03:00 2026,02-apr.-2026 15:29:56.711,0.0,2.0,71.2,235.77999877929688,0.32,3.41,9.26,0.03,18.43,0,-,9,1.31,35.24,44,1.92,7.45,1185,0.01,71.2,8,2.58,18,7.98,7.1,-,-,6.66,0,93.34,96,0,8,20.39,18.5
Thu Apr 02 15:29:58 GMT+03:00 2026,02-apr.-2026 15:29:58.505,0.7190669178962708,2.0,70.6,246.7100067138672,0.05,3.79,9.01,0.02,25.49,-0.01,-,9,1.49,35.24,44,2.08,7.06,1424.5,0.01,70.6,9.07,2.8,18,5.51,5.98,-,-,10.38,0,89.62,98,2.59,11,21.96,20
Thu Apr 02 15:30:00 GMT+03:00 2026,02-apr.-2026 15:30:00.225,1.2029057741165161,2.0,70.2,248.4199981689453,-0.77,2.95,9.44,0.03,20.78,0.02,-,9,1.72,35.24,44,2.57,5.1,1795.75,0.01,70.2,10.63,3.44,18,6.38,7.94,-,-,13.69,0,86.31,100,4.33,14,9.8,22
Thu Apr 02 15:30:01 GMT+03:00 2026,02-apr.-2026 15:30:02.005,1.517401099205017,2.0999999046325684,70.0,249.0500030517578,-0.99,2.81,9.88,0.07,17.25,0.07,-,9,1.96,35.24,44,0.93,5.88,1032.5,0.01,70,10.67,1.25,18,7.4,6.83,-,-,16.86,0,83.14,101,5.46,15,14.12,19.5
Thu Apr 02 15:30:03 GMT+03:00 2026,02-apr.-2026 15:30:03.752,2.239041566848755,2.4000000953674316,70.0,254.0,-0.06,3.04,9.35,0.02,15.29,0,-,9,2.21,35.24,45,0.97,4.71,1160.75,0.01,70,9.28,1.3,18,5.51,4.83,-,-,19.75,0,80.25,103,8.06,16,10.98,14
Thu Apr 02 15:30:05 GMT+03:00 2026,02-apr.-2026 15:30:05.556,2.9967126846313477,2.4000000953674316,67.9,258.0,-0.5,3.28,9.04,0,14.9,-0.05,-,9,2.44,35.24,45,0.97,3.92,1109.75,0,67.9,5.58,1.3,18,4.35,3.71,-,-,22.54,0,77.46,105,10.79,15,10.98,14
Thu Apr 02 15:30:07 GMT+03:00 2026,02-apr.-2026 15:30:07.291,3.4733455181121826,2.299999952316284,66.4,265.05999755859375,0.31,2.99,9.05,-0.01,13.73,0.08,-,9,2.64,35.24,45,-,3.92,1048.75,0,66.4,2.24,-,18,4.35,3.55,-,-,25.04,0,74.96,107,12.5,14,9.41,9
Thu Apr 02 15:30:08 GMT+03:00 2026,02-apr.-2026 15:30:09.132,3.6313652992248535,2.4000000953674316,65.8,258.0,-0.91,3.42,8.68,-0.03,16.08,-0.06,-,9,2.81,35.24,46,-,3.53,950.25,0,65.8,0.5,-,18,4.64,3.42,-,-,27.52,0,72.48,108,13.07,13,12.55,15.5
Thu Apr 02 15:30:10 GMT+03:00 2026,02-apr.-2026 15:30:10.941,3.749236583709717,2.200000047683716,64.6,264.0,-0.76,2.93,9.52,0.04,14.51,-0.04,-,9,2.97,35.24,46,-,4.31,928.75,0.01,64.6,1.41,-,18,6.09,4.26,-,-,29.81,0,70.19,110,13.5,12,10.2,11.5
Thu Apr 02 15:30:12 GMT+03:00 2026,02-apr.-2026 15:30:12.726,3.6354830265045166,2.299999952316284,62.9,264.0,0.08,2.82,8.61,-0.06,21.18,-0.07,-,8,3.11,35.24,46,-,6.27,922.25,0.01,62.9,1.38,-,18,5.51,4.62,-,-,31.92,0,68.08,112,13.09,12,19.22,15.5
Thu Apr 02 15:30:14 GMT+03:00 2026,02-apr.-2026 15:30:14.426,3.394078254699707,2.299999952316284,60.5,228.47999572753906,-1.22,3.26,9.05,0.01,19.61,0.03,-,8,3.32,35.24,47,3.88,7.45,1143.5,0.01,60.5,3.31,5.21,18,7.4,6.67,-,-,33.82,0,66.18,114,12.22,16,18.82,18.5
Thu Apr 02 15:30:15 GMT+03:00 2026,02-apr.-2026 15:30:16.126,3.280324697494507,2.4000000953674316,60.0,221.7899932861328,-1.05,2.77,9.69,0.05,18.82,-0.03,-,8,3.54,35.24,47,1.06,5.88,1311,0.01,60,4.78,1.42,18,5.66,5.47,-,-,35.62,0,64.38,115,11.81,17,16.08,20
Thu Apr 02 15:30:17 GMT+03:00 2026,02-apr.-2026 15:30:17.895,3.1840717792510986,2.4000000953674316,58.9,213.00999450683594,-0.04,2.99,9.27,0.01,14.51,-0.08,-,8,3.77,35.24,47,1.16,6.27,1362.5,0.01,58.9,6.82,1.55,18,5.51,5.9,-,-,37.39,0,62.61,117,11.46,18,11.37,14
Thu Apr 02 15:30:19 GMT+03:00 2026,02-apr.-2026 15:30:19.732,3.2834131717681885,2.5999999046325684,58.0,196.92999267578125,-0.16,3.37,9.45,0.04,13.73,-0.01,-,8,3.95,35.24,47,1.16,3.53,1211.75,0,58,4.3,1.55,18,4.06,3.63,-,-,39.13,0,60.87,119,11.82,16,9.8,8
Thu Apr 02 15:30:21 GMT+03:00 2026,02-apr.-2026 15:30:21.475,3.3055460453033447,2.700000047683716,56.7,173.57000732421875,0.17,3.11,9.27,0.02,14.12,0,-,8,4.11,35.24,47,-,3.53,1033.75,0,56.7,2.05,-,18,4.21,3.24,-,-,40.69,0,59.31,121,11.9,14,9.41,8.5
Thu Apr 02 15:30:23 GMT+03:00 2026,02-apr.-2026 15:30:23.191,3.2540738582611084,2.5999999046325684,57.2,198.0,-0.1,2.97,9.8,0.06,13.73,0.04,-,8,4.22,35.24,47,-,3.53,916,0,57.2,0.06,-,18,4.79,3.37,-,-,42.15,0,57.85,123,11.71,12,9.41,7
Thu Apr 02 15:30:24 GMT+03:00 2026,02-apr.-2026 15:30:24.871,3.251500368118286,2.4000000953674316,56.8,198.0,0.08,3.12,8.73,-0.04,14.12,-0.02,-,8,4.32,35.24,48,-,3.53,792.25,0,56.8,0.71,-,18,5.37,3.32,-,-,43.52,0,56.48,124,11.71,11,9.41,14.5
Thu Apr 02 15:30:26 GMT+03:00 2026,02-apr.-2026 15:30:26.647,3.243779420852661,2.5,56.3,165.72999572753906,-0.41,2.97,8.99,-0.02,15.69,0.04,-,8,4.42,35.24,48,-,3.53,798.25,0,56.3,0.51,-,18,5.8,3.63,-,-,44.89,0,55.11,126,11.68,11,12.55,17.5
Thu Apr 02 15:30:28 GMT+03:00 2026,02-apr.-2026 15:30:28.397,2.92928409576416,2.4000000953674316,60.1,155.52000427246094,0.08,3.54,8.88,-0.01,21.96,0.01,-,8,4.51,35.24,48,-,6.27,828.75,0.01,60.1,0.01,-,18,7.83,5.35,-,-,46.18,0,53.82,128,10.55,11,19.61,12.5
Thu Apr 02 15:30:30 GMT+03:00 2026,02-apr.-2026 15:30:30.257,2.9339165687561035,2.5,60.3,156.6699981689453,0.11,3.49,9.09,0.01,21.57,0.01,-,8,4.65,35.24,48,2.56,7.06,1013.5,0.01,60.3,3.45,3.44,18,8.56,6.92,-,-,47.48,0,52.52,130,10.56,14,20,17.5
Thu Apr 02 15:30:31 GMT+03:00 2026,02-apr.-2026 15:30:32.085,3.0450966358184814,2.5,60.8,156.4199981689453,-0.21,3.33,9.12,0.01,14.9,0.02,-,8,4.82,35.24,49,3.02,5.49,1207,0.01,60.8,6.44,4.05,18,6.82,6.2,-,-,48.7,0,51.3,131,10.96,17,11.76,22
Thu Apr 02 15:30:33 GMT+03:00 2026,02-apr.-2026 15:30:33.883,3.4043726921081543,2.5999999046325684,62.3,159.41000366210938,0.38,1.96,9.05,-0.04,14.12,-0.05,-,8,4.97,35.24,49,3.02,3.53,1191.75,0,62.3,4.54,4.05,18,4.06,3.66,-,-,49.85,0,50.15,133,12.26,16,9.8,9
Thu Apr 02 15:30:35 GMT+03:00 2026,02-apr.-2026 15:30:35.608,3.6370272636413574,2.5999999046325684,61.8,169.60000610351562,1.86,2.21,9.74,0.05,14.12,0.05,-,8,5.07,35.24,49,-,3.53,1025.5,0,61.8,0.76,-,18,4.35,3.37,-,-,50.91,0,49.09,135,13.09,12,9.8,9
Thu Apr 02 15:30:37 GMT+03:00 2026,02-apr.-2026 15:30:37.253,3.69673490524292,2.5999999046325684,61.3,170.83999633789062,1.8,3.46,8.71,-0.01,25.49,0.03,-,8,5.16,35.24,50,-,8.63,1077.5,0.01,61.3,1.05,-,18,7.54,6.45,-,-,51.87,0,48.13,137,13.31,12,25.1,9.5
Thu Apr 02 15:30:38 GMT+03:00 2026,02-apr.-2026 15:30:38.916,3.6884994506835938,2.5,58.6,184.44000244140625,1.44,3.93,8.84,0.02,26.67,0.09,-,8,5.29,35.24,51,2.88,10.2,1003,0.01,58.6,1.69,3.86,18,10.59,9.63,-,-,52.81,0,47.19,138,13.28,15,26.27,9.5
Thu Apr 02 15:30:40 GMT+03:00 2026,02-apr.-2026 15:30:40.766,3.632394790649414,2.4000000953674316,57.8,249.11000061035156,-0.8,3.57,8.84,-0.01,28.24,-0.02,-,8,5.47,35.24,52,5,14.12,1375.5,0.02,57.8,5.85,6.71,17,11.17,12.41,-,-,53.81,0,46.19,140,13.08,19,29.41,12
Thu Apr 02 15:30:42 GMT+03:00 2026,02-apr.-2026 15:30:42.485,3.931448221206665,2.5999999046325684,57.3,251.6699981689453,-1.11,3.24,9.44,0.04,14.9,0.12,-,8,5.71,35.24,52,6.97,3.92,1748,0.01,57.3,24,9.35,17,5.66,5.52,-,-,54.7,0,45.3,142,14.15,24,9.8,17.5
Thu Apr 02 15:30:44 GMT+03:00 2026,02-apr.-2026 15:30:44.330,4.242340564727783,2.700000047683716,53.3,252.77000427246094,1.18,2.2,8.64,-0.06,14.12,-0.08,-,8,5.91,35.24,53,6.97,3.53,1093,0,53.3,7.29,9.35,17,4.21,3.37,-,-,55.62,0,44.38,144,15.27,22,9.8,10
Thu Apr 02 15:30:45 GMT+03:00 2026,02-apr.-2026 15:30:46.067,4.406537055969238,2.799999952316284,52.9,258.6000061035156,-0.77,3.21,9,-0,13.73,0,-,8,6.07,35.24,53,-,3.53,911.25,0,52.9,3.73,-,17,4.79,3.35,-,-,56.46,0,43.54,145,15.86,19,9.41,11.5
Thu Apr 02 15:30:47 GMT+03:00 2026,02-apr.-2026 15:30:47.803,4.7647833824157715,2.5999999046325684,51.6,258.92999267578125,0.1,3.59,8.87,-0.01,18.82,-0.04,-,8,6.21,35.24,53,-,3.92,834,0,51.6,0.31,-,17,5.22,3.37,-,-,57.26,0,42.74,147,17.15,17,9.02,5.5
Thu Apr 02 15:30:49 GMT+03:00 2026,02-apr.-2026 15:30:49.500,5.031409740447998,2.5,49.5,254.27999877929688,0.12,3.86,8.58,-0.02,24.71,0,-,8,6.32,35.24,53,-,7.06,1114.25,0.01,49.5,2.68,-,17,6.67,6.13,-,-,58.02,0,41.98,149,18.11,15,25.1,17.5
Thu Apr 02 15:30:50 GMT+03:00 2026,02-apr.-2026 15:30:51.178,5.088029384613037,2.4000000953674316,49.1,254.19000244140625,0.64,3.33,9.02,0,15.29,0.09,-,8,6.46,35.24,53,3.3,6.67,1266,0.01,49.1,0.32,4.42,17,8.12,7.8,-,-,58.74,0,41.26,151,18.32,18,17.65,19
Thu Apr 02 15:30:52 GMT+03:00 2026,02-apr.-2026 15:30:52.817,4.818314552307129,2.299999952316284,50.1,255.16000366210938,0,1.59,9.57,0.01,14.12,-0.04,-,8,6.57,35.24,53,3.3,3.92,1308.25,0.01,50.1,1.89,4.42,17,4.35,4.05,-,-,59.42,0,40.58,152,17.35,16,9.41,10.5
Thu Apr 02 15:30:54 GMT+03:00 2026,02-apr.-2026 15:30:54.561,4.274767875671387,2.200000047683716,55.3,248.22999572753906,0.45,3.02,9.37,0.02,15.29,-0.01,-,8,6.59,35.24,54,-,3.53,1026.75,0,55.3,8.44,-,17,4.21,3.33,-,-,60.12,0,39.88,154,15.39,8,17.25,16.5
Thu Apr 02 15:30:56 GMT+03:00 2026,02-apr.-2026 15:30:56.354,3.6529836654663086,2.0999999046325684,55.4,254.4499969482422,0.44,3.88,8.69,-0.01,16.47,-0.05,-,8,6.58,35.24,54,-,3.53,1342.75,0.01,55.4,8.33,-,17,4.06,3.94,-,-,60.82,0,39.18,156,13.15,6,10.2,13
Thu Apr 02 15:30:57 GMT+03:00 2026,02-apr.-2026 15:30:58.133,3.3436355590820312,2.0,56.1,259.7099914550781,0.27,1.8,9.23,-0.02,36.08,-0.03,-,8,6.56,35.24,54,-,8.24,1115.5,0.01,56.1,8.15,-,17,7.11,7.22,-,-,60.25,0,39.75,158,12.04,5,10.98,11.5
Thu Apr 02 15:30:59 GMT+03:00 2026,02-apr.-2026 15:30:59.792,2.7779557704925537,1.899999976158142,58.5,264.6300048828125,-0.05,2.27,9.59,0.02,14.12,0,-,8,6.52,35.24,54,-,3.92,1709,0.01,58.5,8.18,-,17,7.25,6.95,-,-,59.31,0,40.69,159,10,3,9.8,-1.5
Thu Apr 02 15:31:01 GMT+03:00 2026,02-apr.-2026 15:31:01.525,2.0213141441345215,1.899999976158142,59.2,293.45001220703125,-0.03,2.89,9.38,0.02,13.73,0,-,8,6.45,35.24,55,-,3.53,942,0,59.2,8.78,-,17,4.93,3.52,-,-,58.36,0,41.64,161,7.28,0,9.41,4.5
Thu Apr 02 15:31:02 GMT+03:00 2026,02-apr.-2026 15:31:03.154,1.6002713441848755,1.899999976158142,58.8,297.3699951171875,-0.08,2.87,9.41,0.02,13.73,0,-,8,6.38,35.24,55,-,3.53,879.25,0,58.8,7.28,-,17,4.93,3.21,-,-,57.49,0,42.51,163,5.76,0,9.02,9
Thu Apr 02 15:31:04 GMT+03:00 2026,02-apr.-2026 15:31:04.928,1.0119439363479614,1.7999999523162842,57.6,245.97000122070312,-0.1,2.82,9.37,0.02,13.33,0,-,8,6.31,35.24,55,-,3.14,866,0,57.6,4.57,-,17,5.08,3.21,-,-,56.57,0,43.43,164,3.64,0,9.41,10.5
Thu Apr 02 15:31:06 GMT+03:00 2026,02-apr.-2026 15:31:06.721,0.0,1.7999999523162842,57.1,231.35000610351562,-0.07,2.86,9.37,0.02,13.33,0,-,8,6.24,35.24,56,-,3.14,843.75,0,57.1,2.99,-,17,5.08,3.15,-,-,55.68,0,44.32,166,0,0,9.02,8
Thu Apr 02 15:31:08 GMT+03:00 2026,02-apr.-2026 15:31:08.557,0.0,1.5,57.1,231.35000610351562,-0.05,2.89,9.28,0.01,13.33,0,-,8,6.17,35.24,56,-,3.14,832,0,57.1,0,-,17,5.08,3.18,-,-,54.79,0,45.21,168,0,0,9.02,5.5
Thu Apr 02 15:31:10 GMT+03:00 2026,02-apr.-2026 15:31:10.318,0.0,1.5,57.3,231.35000610351562,-0.03,2.8,9.42,0.02,13.33,0,-,8,6.11,35.24,56,-,3.14,834.25,0,57.3,0,-,17,5.08,3.15,-,-,53.96,0,46.04,170,0,0,8.63,7.5
Thu Apr 02 15:31:11 GMT+03:00 2026,02-apr.-2026 15:31:12.017,0.0,1.399999976158142,57.3,231.35000610351562,-0.08,2.87,9.33,0.01,13.33,-0.01,-,8,6.04,35.24,56,-,3.14,833.5,0,57.3,0,-,17,5.08,3.15,-,-,53.19,0,46.81,171,0,0,8.63,7.5
Thu Apr 02 15:31:13 GMT+03:00 2026,02-apr.-2026 15:31:13.672,0.0,1.399999976158142,57.3,231.35000610351562,-0.06,2.87,9.33,0.01,13.33,0,-,8,5.98,35.24,56,-,3.14,847.25,0,57.3,0,-,17,5.08,3.15,-,-,52.46,0,47.54,173,0,0,8.63,10.5
Thu Apr 02 15:31:15 GMT+03:00 2026,02-apr.-2026 15:31:15.321,0.0,1.399999976158142,57.3,231.35000610351562,-0.05,3.02,9.38,0.02,12.94,-0.01,-,8,5.92,35.24,56,-,3.14,825.25,0,57.3,0,-,17,5.08,3.09,-,-,51.74,0,48.26,175,0,0,8.63,8
Thu Apr 02 15:31:16 GMT+03:00 2026,02-apr.-2026 15:31:17.096,0.0,1.399999976158142,57.3,231.35000610351562,-0.06,3.02,9.71,0.06,14.12,0,-,8,5.86,35.24,56,-,3.14,841.75,0,57.3,0,-,17,5.22,3.25,-,-,51,0,49,176,0,0,11.37,11.5
Thu Apr 02 15:31:18 GMT+03:00 2026,02-apr.-2026 15:31:18.907,0.0,1.5,57.3,231.35000610351562,-0.08,2.78,9.41,0.02,13.33,0,-,8,5.8,35.24,57,-,3.53,1004,0,57.3,0,-,17,4.79,3.64,-,-,50.27,0,49.73,178,0,0,9.41,6
Thu Apr 02 15:31:20 GMT+03:00 2026,02-apr.-2026 15:31:20.596,0.0,1.5,57.3,231.35000610351562,-0.09,2.77,9.27,0.01,13.33,0,-,8,5.74,35.24,57,-,3.14,893.25,0,57.3,0,-,17,4.79,3.17,-,-,49.6,0,50.4,180,0,0,8.63,12
Thu Apr 02 15:31:22 GMT+03:00 2026,02-apr.-2026 15:31:22.438,0.0,1.600000023841858,57.3,231.35000610351562,-0.04,2.75,9.39,0.02,13.33,-0.01,-,8,5.68,35.24,57,-,3.14,847.25,0,57.3,0,-,17,4.79,3.08,-,-,48.89,0,51.11,182,0,0,8.63,13
Thu Apr 02 15:31:24 GMT+03:00 2026,02-apr.-2026 15:31:24.202,0.0,1.5,57.3,16.760000228881836,-0.07,2.86,9.33,0.01,12.94,0,-,8,5.63,35.24,57,-,3.14,824,0,57.3,0,-,17,4.93,3.07,-,-,48.23,0,51.77,184,0,0,8.63,8
Thu Apr 02 15:31:25 GMT+03:00 2026,02-apr.-2026 15:31:25.993,0.0,1.5,57.3,16.760000228881836,0.76,4.44,8.8,0.03,29.02,0,-,8,5.57,35.24,58,-,3.53,831.25,0,57.3,0,-,17,4.93,3.09,-,-,47.58,0,52.42,185,0,0,27.84,18.5
Thu Apr 02 15:31:27 GMT+03:00 2026,02-apr.-2026 15:31:27.669,0.0,1.600000023841858,56.9,16.760000228881836,0.93,3.4,9.68,0.07,27.06,0.03,-,8,5.6,35.24,58,3.81,13.33,1721.5,0.02,56.9,8,5.11,17,9.28,11.53,-,-,47.83,0,52.17,187,0,8,28.63,13
Thu Apr 02 15:31:29 GMT+03:00 2026,02-apr.-2026 15:31:29.384,0.634137749671936,1.899999976158142,56.8,313.3800048828125,-0.29,2.15,9.25,-0.01,15.69,0.02,-,8,5.7,35.24,58,8.29,18.04,1877.5,0.02,56.8,14.72,11.12,17,9.57,14.89,-,-,48.49,0,51.51,189,2.28,16,29.8,20
Thu Apr 02 15:31:31 GMT+03:00 2026,02-apr.-2026 15:31:31.207,5.470982551574707,2.0,57.0,336.7699890136719,-0.11,4.35,8.95,0.03,31.37,-0.03,-,8,5.83,35.1,58,4.94,20,1427.25,0.02,57,17.72,6.62,17,7.98,15.45,-,-,49.17,0,50.83,191,19.7,20,34.9,10.5
Thu Apr 02 15:31:32 GMT+03:00 2026,02-apr.-2026 15:31:33.020,6.5174126625061035,2.0999999046325684,57.0,337.07000732421875,-0.45,2.54,10.25,0.1,14.9,0,-,8,6.07,35.1,58,19.89,25.49,2192.75,0.03,57,11.3,26.67,17,11.02,20.67,-,-,49.83,0,50.17,192,23.46,31,14.12,17.5
Thu Apr 02 15:31:34 GMT+03:00 2026,02-apr.-2026 15:31:34.863,9.42662239074707,2.0999999046325684,57.6,338.04998779296875,-0.15,3.42,9.12,0.01,29.8,0.04,-,8,6.33,34.95,58,8.24,23.14,1675.5,0.03,57.6,7.14,11.05,17,11.02,20.16,-,-,50.49,0,49.51,194,33.94,35,32.55,10
Thu Apr 02 15:31:36 GMT+03:00 2026,02-apr.-2026 15:31:36.560,12.029058456420898,1.899999976158142,57.3,339.7300109863281,-0.09,3.06,9.96,0.08,15.29,0,-,8,6.66,34.95,58,17.77,29.02,2008.25,0.03,57.3,3.82,23.83,16,13.05,23.64,-,-,51.07,0,48.93,196,43.3,42,16.86,9
Thu Apr 02 15:31:38 GMT+03:00 2026,02-apr.-2026 15:31:38.187,12.619959831237793,2.200000047683716,57.4,340.5400085449219,-0.33,3.35,8.69,-0.03,33.73,-0.07,-,8,7.01,34.95,59,8.78,18.82,1684.5,0.01,57.4,0.08,11.77,16,4.79,9.24,-,-,51.62,0,48.38,198,45.43,45,34.9,12.5
Thu Apr 02 15:31:39 GMT+03:00 2026,02-apr.-2026 15:31:39.964,13.136740684509277,2.0999999046325684,56.8,338.70001220703125,-0.21,3.29,8.85,-0.02,30.59,-0.01,-,8,7.39,34.95,59,12.59,11.76,1857,0.01,56.8,3.57,16.88,16,7.83,8.88,-,-,52.21,0,47.79,199,47.29,49,27.45,22
Thu Apr 02 15:31:41 GMT+03:00 2026,02-apr.-2026 15:31:41.702,14.43281078338623,2.0999999046325684,56.3,340.4200134277344,-0.8,2.84,9.77,0.06,14.9,0.04,-,8,7.79,34.95,59,9.47,26.67,1961,0.03,56.3,3.29,12.7,16,12.18,23.16,-,-,52.77,0,47.23,201,51.96,52,12.94,17.5
Thu Apr 02 15:31:43 GMT+03:00 2026,02-apr.-2026 15:31:43.512,14.80186653137207,2.0999999046325684,56.1,337.3500061035156,-0.71,2.72,8.97,-0.02,13.33,0.02,-,8,8.19,34.95,59,3.28,3.53,1122.5,0,56.1,0.55,4.39,15,3.48,3.08,-,-,53.34,0,46.66,203,53.29,53,9.41,18
Thu Apr 02 15:31:45 GMT+03:00 2026,02-apr.-2026 15:31:45.327,15.241439819335938,2.4000000953674316,57.6,337.6499938964844,-0.25,0.57,9.55,-0.01,13.33,0.05,-,8,8.57,34.95,59,3.28,3.53,1010,0,57.6,2.33,4.39,16,4.21,3.25,-,-,53.9,0,46.1,205,54.87,52,8.63,10.5
Thu Apr 02 15:31:46 GMT+03:00 2026,02-apr.-2026 15:31:47.088,12.477895736694336,2.299999952316284,58.2,339.2099914550781,-0.14,2.07,9.85,0.05,12.94,0.01,-,8,8.88,34.95,59,-,3.14,914.25,0,58.2,10.87,-,16,4.64,3.23,-,-,54.43,0,45.57,207,44.92,44,8.63,10.5
Thu Apr 02 15:31:48 GMT+03:00 2026,02-apr.-2026 15:31:48.835,10.205397605895996,2.0999999046325684,55.7,341.29998779296875,-0.2,2.2,9.46,0.01,12.94,0,-,8,9.11,34.95,59,-,3.14,869.5,0,55.7,3.82,-,16,4.79,3.18,-,-,54.94,0,45.06,208,36.74,36,8.24,10.5
Thu Apr 02 15:31:50 GMT+03:00 2026,02-apr.-2026 15:31:50.564,8.643730163574219,1.899999976158142,56.2,341.1600036621094,-0.18,1.96,9.95,0.05,12.55,-0.04,-,8,9.31,34.95,60,-,3.53,846.75,0,56.2,1.47,-,16,4.93,3.15,-,-,55.44,0,44.56,210,31.12,32,7.84,8.5
Thu Apr 02 15:31:52 GMT+03:00 2026,02-apr.-2026 15:31:52.274,6.700139045715332,2.200000047683716,56.8,341.2900085449219,-0.11,1.56,9.57,0.01,12.94,-0.03,-,8,9.45,34.95,60,-,3.14,850.75,0,56.8,1.51,-,16,4.93,3.17,-,-,55.92,0,44.08,212,24.12,26,8.24,10.5
Thu Apr 02 15:31:53 GMT+03:00 2026,02-apr.-2026 15:31:54.115,5.200753211975098,2.200000047683716,55.7,341.67999267578125,-0.26,1.37,9.8,0.03,12.55,0,-,8,9.52,34.95,60,-,3.14,831.5,0,55.7,6.12,-,16,4.93,3.1,-,-,56.42,0,43.58,214,18.72,18,7.84,8
Thu Apr 02 15:31:55 GMT+03:00 2026,02-apr.-2026 15:31:55.810,2.98590350151062,2.200000047683716,55.4,339.1099853515625,-0.17,2.1,9.46,0.01,12.55,-0.01,-,8,9.52,34.95,61,-,3.14,816.25,0,55.4,3.44,-,16,5.08,3.14,-,-,56.88,0,43.12,215,10.75,10,7.84,10
Thu Apr 02 15:31:57 GMT+03:00 2026,02-apr.-2026 15:31:57.480,1.786086082458496,2.0999999046325684,55.0,342.8800048828125,-0.23,2,9.54,0.01,12.94,0,-,8,9.5,34.95,61,-,3.14,835.5,0,55,1.05,-,16,4.93,3.12,-,-,57.32,0,42.68,217,6.43,7,7.84,10
Thu Apr 02 15:31:59 GMT+03:00 2026,02-apr.-2026 15:31:59.298,0.0,2.0,55.0,342.8800048828125,-0.25,2.73,9.12,-0.01,12.55,0,-,8,9.44,34.95,61,-,3.53,795.25,0,55,2,-,16,5.08,3.08,-,-,57.1,0,42.9,219,0,2,7.84,9
Thu Apr 02 15:32:00 GMT+03:00 2026,02-apr.-2026 15:32:01.037,0.0,2.0,55.0,342.8800048828125,-0.23,2.82,9.27,0.01,12.94,0,-,8,9.37,34.95,62,-,3.14,818.75,0,55,0,-,16,5.22,3.15,-,-,56.51,0,43.49,220,0,0,8.24,6.5
Thu Apr 02 15:32:02 GMT+03:00 2026,02-apr.-2026 15:32:02.817,0.0,2.0,55.0,342.8800048828125,-0.21,2.83,9.29,0.01,12.55,0,-,8,9.29,34.95,62,-,3.14,812,0,55,0,-,16,5.22,3.14,-,-,55.91,0,44.09,222,0,0,7.84,6.5
Thu Apr 02 15:32:04 GMT+03:00 2026,02-apr.-2026 15:32:04.627,0.0,2.0999999046325684,55.0,342.8800048828125,-0.22,2.91,9.31,0.01,12.55,0,-,8,9.22,34.95,62,-,3.14,811.5,0,55,0,-,16,5.22,3.11,-,-,55.32,0,44.68,224,0,0,8.24,7
Thu Apr 02 15:32:06 GMT+03:00 2026,02-apr.-2026 15:32:06.361,0.0,1.100000023841858,55.0,342.8800048828125,-0.21,2.85,9.34,0.01,12.94,0,-,8,9.14,34.95,62,-,3.14,823,0,55,0,-,16,5.22,3.12,-,-,54.77,0,45.23,226,0,0,7.84,7
Thu Apr 02 15:32:07 GMT+03:00 2026,02-apr.-2026 15:32:08.062,0.0,1.0,55.0,342.8800048828125,-0.19,3.96,9.14,0.03,28.24,-0.01,-,8,9.07,34.95,62,-,3.53,798.5,0,55,0,-,16,5.08,3.1,-,-,54.23,0,45.77,227,0,0,7.84,7
Thu Apr 02 15:32:09 GMT+03:00 2026,02-apr.-2026 15:32:09.859,0.0,1.2000000476837158,55.0,342.8800048828125,-0.24,2.47,9.37,0.01,13.73,0,-,8,9.02,34.95,62,0.26,3.92,1164.75,0.01,55,2,0.34,16,6.24,6.07,-,-,53.68,0,46.32,229,0,2,9.41,9
Thu Apr 02 15:32:11 GMT+03:00 2026,02-apr.-2026 15:32:11.540,0.0,1.600000023841858,55.0,342.8800048828125,-0.21,2.9,9.22,0,12.94,0,-,8,8.95,34.95,63,0.26,3.53,913.25,0,55,0,0.34,16,4.79,3.21,-,-,53.17,0,46.83,231,0,0,8.63,9.5
Thu Apr 02 15:32:13 GMT+03:00 2026,02-apr.-2026 15:32:13.232,0.0,1.7999999523162842,55.0,342.8800048828125,-0.14,2.93,9.38,0.02,12.94,-0.01,-,8,8.88,34.95,63,-,3.14,854.25,0,55,0,-,16,4.79,3.05,-,-,52.67,0,47.33,233,0,0,8.24,8.5
Thu Apr 02 15:32:14 GMT+03:00 2026,02-apr.-2026 15:32:14.948,0.0,1.7999999523162842,55.0,342.8800048828125,-0.19,2.94,9.26,0.01,12.55,0,-,8,8.81,34.95,63,-,3.14,846.25,0,55,0,-,16,4.93,3.04,-,-,52.17,0,47.83,234,0,0,8.24,5.5
Thu Apr 02 15:32:16 GMT+03:00 2026,02-apr.-2026 15:32:16.720,0.0,1.100000023841858,55.0,342.8800048828125,-0.21,3.04,9.18,0.01,13.73,-0.01,-,8,8.74,34.95,63,-,3.14,824.25,0,55,0,-,16,4.93,3.03,-,-,51.67,0,48.33,236,0,0,20,11.5
Thu Apr 02 15:32:18 GMT+03:00 2026,02-apr.-2026 15:32:18.414,0.0,1.2999999523162842,55.0,342.8800048828125,-0.07,4.21,8.59,-0.01,24.31,0,-,8,8.69,34.95,64,0.25,8.24,1347.75,0.01,55,2,0.34,16,6.82,7.03,-,-,51.2,0,48.8,238,0,2,20.78,24
Thu Apr 02 15:32:20 GMT+03:00 2026,02-apr.-2026 15:32:20.200,3.2952516078948975,1.7999999523162842,55.9,341.2300109863281,0,3.64,9.14,0.02,25.1,-0.04,-,8,8.7,34.95,64,4.86,9.41,1131.75,0.01,55.9,10,6.51,16,8.12,7.46,-,-,51.35,0,48.65,240,11.86,10,25.1,24.5
Thu Apr 02 15:32:21 GMT+03:00 2026,02-apr.-2026 15:32:21.986,4.281459331512451,2.0,56.2,341.239990234375,0.17,3.47,9.26,0.03,27.06,-0.01,-,8,8.75,34.95,64,4.61,11.37,1889,0.01,56.2,3.14,6.18,16,7.11,9.69,-,-,51.81,0,48.19,241,15.41,15,27.45,23.5
Thu Apr 02 15:32:23 GMT+03:00 2026,02-apr.-2026 15:32:23.669,5.510616302490234,2.0,56.8,338.70001220703125,-0.41,4.41,8.51,-0,29.02,0.01,-,8,8.83,34.95,64,6.24,7.84,2494.75,0.02,56.8,2.84,8.37,16,7.54,14.04,-,-,52.24,0,47.76,243,19.84,20,14.51,27
Thu Apr 02 15:32:25 GMT+03:00 2026,02-apr.-2026 15:32:25.347,7.118093490600586,2.0,56.5,338.8299865722656,-0.2,4.04,9.69,0.09,29.02,-0.06,-,8,8.94,34.95,64,6.26,15.69,1685.25,0.02,56.5,2.36,8.4,15,10.3,14.41,-,-,52.66,0,47.34,245,25.63,24,29.8,21
Thu Apr 02 15:32:26 GMT+03:00 2026,02-apr.-2026 15:32:27.087,8.066211700439453,2.200000047683716,57.0,339.4200134277344,-0.23,2.64,9.15,-0.01,27.84,0.03,-,8,9.09,34.95,64,11.05,17.65,2150,0.02,57,4.37,14.82,15,9.43,15.77,-,-,53.08,0,46.92,247,29.04,30,30.2,21
Thu Apr 02 15:32:28 GMT+03:00 2026,02-apr.-2026 15:32:28.740,9.015874862670898,2.299999952316284,57.0,341.4100036621094,-0.7,1.91,9.67,0.03,23.53,-0.03,-,8,9.27,34.95,64,6.46,3.92,1924,0.01,57,1.05,8.66,15,3.92,5.82,-,-,53.48,0,46.52,248,32.46,33,14.12,15
Thu Apr 02 15:32:30 GMT+03:00 2026,02-apr.-2026 15:32:30.613,9.87031364440918,2.299999952316284,56.7,340.8299865722656,0.3,3.05,9.68,0.05,24.71,-0.09,-,8,9.44,34.95,64,2.09,19.61,1657,0.02,56.7,1.49,2.8,15,9.72,15.22,-,-,53.92,0,46.08,250,35.53,34,61.57,7.5
Thu Apr 02 15:32:32 GMT+03:00 2026,02-apr.-2026 15:32:32.425,11.461319923400879,2.200000047683716,55.8,341.3900146484375,-0.21,3.78,9.21,0.03,58.82,0,-,8,9.66,34.95,64,14.04,21.57,1518,0.01,55.8,1.12,18.83,15,4.35,4.42,-,-,54.34,0,45.66,252,41.26,40,69.02,4.5
Thu Apr 02 15:32:33 GMT+03:00 2026,02-apr.-2026 15:32:34.128,12.406864166259766,2.0999999046325684,55.4,342.17999267578125,-0.22,3.66,9.65,0.07,29.8,-0.01,-,8,9.92,34.95,65,16.21,15.29,1705.25,0.03,55.4,4.74,21.74,15,14.21,21.08,-,-,54.73,0,45.27,254,44.66,46,28.24,29.5
Thu Apr 02 15:32:35 GMT+03:00 2026,02-apr.-2026 15:32:35.926,13.45072078704834,2.299999952316284,55.1,339.7300109863281,-0.39,3.68,9.35,0.04,32.55,-0.06,-,8,10.2,34.95,65,12.46,20.39,1878.5,0.02,55.1,4.38,16.71,15,11.17,18.2,-,-,55.13,0,44.87,255,48.42,50,38.04,9.5
Thu Apr 02 15:32:37 GMT+03:00 2026,02-apr.-2026 15:32:37.549,14.834294319152832,2.0999999046325684,54.2,340.6499938964844,-0.35,2.43,8.71,-0.06,13.73,0,-,8,10.51,34.95,65,17.63,8.63,2049,0.02,54.2,6.08,23.64,14,10.15,15.23,-,-,55.49,0,44.51,257,53.4,55,10.59,6
Thu Apr 02 15:32:39 GMT+03:00 2026,02-apr.-2026 15:32:39.302,14.94238567352295,2.0,52.5,340.1400146484375,-0.33,2.66,9.15,-0.01,13.33,0,-,8,10.8,34.95,65,17.63,3.92,2000,0.01,52.5,0.29,23.64,14,2.76,3.75,-,-,55.87,0,44.13,259,53.79,53,9.02,31.5
Thu Apr 02 15:32:40 GMT+03:00 2026,02-apr.-2026 15:32:41.064,13.87845516204834,2.0,51.7,340.6000061035156,-0.32,2.92,9.05,0.02,20.78,0,-,8,11.08,34.95,65,-,3.53,1926.75,0,51.7,2.79,-,14,2.76,3.56,-,-,56.24,0,43.76,261,49.96,51,14.51,31
Thu Apr 02 15:32:42 GMT+03:00 2026,02-apr.-2026 15:32:42.794,14.211995124816895,2.0999999046325684,50.3,342.739990234375,-0.08,3.33,9.86,0.08,24.31,-0.05,-,8,11.34,34.95,65,-,7.84,1936.75,0.01,50.3,0.29,-,14,4.93,6.86,-,-,56.6,0,43.4,262,51.16,50,22.75,24.5
Thu Apr 02 15:32:44 GMT+03:00 2026,02-apr.-2026 15:32:44.518,13.629844665527344,2.299999952316284,49.4,345.6600036621094,-0.39,2.81,8.86,-0.03,25.88,-0.02,-,8,11.61,34.95,65,3.1,10.98,1922,0.01,49.4,2.36,4.15,14,6.53,9.64,-,-,56.96,0,43.04,264,49.07,51,26.27,23.5
Thu Apr 02 15:32:46 GMT+03:00 2026,02-apr.-2026 15:32:46.331,13.678743362426758,2.299999952316284,49.1,340.5,-0.2,2.7,9.51,0.03,13.33,0,-,8,11.87,34.95,66,3.1,3.92,1896.5,0.01,49.1,0.63,4.15,14,4.06,5.1,-,-,57.32,0,42.68,266,49.24,51,9.02,26
Thu Apr 02 15:32:47 GMT+03:00 2026,02-apr.-2026 15:32:48.069,13.686464309692383,2.4000000953674316,48.4,342.1199951171875,0.22,2.92,9.14,-0,21.57,0.07,-,8,12.12,34.95,66,-,5.49,1884.25,0,48.4,0.24,-,14,2.61,3.37,-,-,57.67,0,42.33,268,49.27,49,18.04,27
Thu Apr 02 15:32:49 GMT+03:00 2026,02-apr.-2026 15:32:49.806,13.039972305297852,2.200000047683716,47.4,342.0199890136719,-0.21,2.48,9.34,0,13.33,-0.01,-,8,12.36,34.95,66,-,5.88,1872,0.01,47.4,0.18,-,14,5.22,7.08,-,-,58.01,0,41.99,269,46.94,49,9.8,6
Thu Apr 02 15:32:51 GMT+03:00 2026,02-apr.-2026 15:32:51.560,12.675034523010254,2.200000047683716,50.0,341.3599853515625,-0.17,2.45,9.95,0.06,13.33,0.07,-,8,12.59,34.95,67,-,3.14,1787.25,0,50,0.2,-,14,2.76,3.32,-,-,58.35,0,41.65,271,45.63,47,10.2,20
Thu Apr 02 15:32:53 GMT+03:00 2026,02-apr.-2026 15:32:53.377,11.993027687072754,2.5,48.2,340.0199890136719,-0.27,1.9,9.11,-0.03,14.12,0.02,-,8,12.8,34.95,67,-,5.88,2203,0.01,48.2,0.6,-,14,3.34,3.87,-,-,58.69,0,41.31,273,43.17,45,12.16,27
Thu Apr 02 15:32:55 GMT+03:00 2026,02-apr.-2026 15:32:55.195,8.637039184570312,2.299999952316284,47.3,341.1000061035156,-0.35,-0.29,10.1,0.05,13.73,0.06,-,8,12.98,34.95,67,-,3.53,1930.75,0,47.3,3.17,-,14,2.76,3.6,-,-,59.03,0,40.97,275,31.09,40,9.02,31.5
Thu Apr 02 15:32:56 GMT+03:00 2026,02-apr.-2026 15:32:56.898,6.334686279296875,2.4000000953674316,47.1,341.04998779296875,-0.36,0.65,9.88,0.03,14.12,0,-,8,13.03,34.95,67,-,3.14,1024.75,0,47.1,11.09,-,14,3.63,2.92,-,-,59.34,0,40.66,276,22.8,20,9.8,19
Thu Apr 02 15:32:58 GMT+03:00 2026,02-apr.-2026 15:32:58.724,2.4958879947662354,2.299999952316284,47.7,345.75,-0.15,2.34,9.45,0.01,12.94,0,-,8,12.99,34.95,67,-,3.53,1094.5,0.01,47.7,8.42,-,14,7.11,4.68,-,-,59.67,0,40.33,278,8.99,8,7.84,9
Thu Apr 02 15:33:00 GMT+03:00 2026,02-apr.-2026 15:33:00.489,0.0,2.299999952316284,47.9,345.75,-0.17,2.81,9.2,-0,25.88,-0.01,-,8,12.91,34.95,68,-,3.14,846.25,0,47.9,0,-,14,4.93,3.04,-,-,59.47,0,40.53,280,0,0,7.84,7
Thu Apr 02 15:33:02 GMT+03:00 2026,02-apr.-2026 15:33:02.220,0.0,2.299999952316284,48.4,345.75,-0.28,4.08,8.53,-0.02,20.78,0.02,-,8,12.83,34.95,68,-,9.8,1889,0.01,48.4,0,-,14,8.7,10.64,-,-,59.02,0,40.98,282,0,0,23.14,19
Thu Apr 02 15:33:03 GMT+03:00 2026,02-apr.-2026 15:33:04.009,0.0,2.299999952316284,48.4,345.75,-0.27,4,8.58,-0.02,45.1,0.08,-,8,12.79,34.95,68,2.95,8.63,1047.25,0.01,48.4,7,3.96,14,12.76,8.59,-,-,59.07,0,40.93,284,0,7,23.53,29
Thu Apr 02 15:33:05 GMT+03:00 2026,02-apr.-2026 15:33:05.738,3.6138646602630615,2.200000047683716,48.3,336.4100036621094,-0.28,3.5,8.76,-0.02,27.06,-0.01,-,8,12.8,34.95,68,6.15,8.24,2287.75,0.03,48.3,14,8.25,14,12.33,22.33,-,-,59.38,0,40.62,285,13.01,14,10.59,24.5
Thu Apr 02 15:33:07 GMT+03:00 2026,02-apr.-2026 15:33:07.526,4.828094482421875,2.0999999046325684,46.6,341.3399963378906,-0.15,3.84,9.29,0.04,28.63,0.01,-,8,12.83,34.95,68,3.18,11.37,1697.25,0.02,46.6,1.77,4.26,14,9.43,11.23,-,-,59.69,0,40.31,287,17.38,17,27.84,20
Thu Apr 02 15:33:09 GMT+03:00 2026,02-apr.-2026 15:33:09.263,6.59822416305542,2.0,47.4,339.1700134277344,-0.27,2.78,9.46,0.02,14.51,-0.02,-,8,12.9,34.95,68,12.36,16.47,1730.25,0.03,47.4,7.62,16.57,14,13.63,19.22,-,-,59.98,0,40.02,289,23.75,25,10.98,20
Thu Apr 02 15:33:10 GMT+03:00 2026,02-apr.-2026 15:33:11.017,7.354866027832031,2.0,47.0,340.4200134277344,0.03,4.22,9.14,0.05,45.1,0.02,-,8,12.99,34.95,68,3.31,16.86,1856.25,0.02,47,3.25,4.44,14,14.07,18.08,-,-,60.28,0,39.72,291,26.48,27,47.06,-7
Thu Apr 02 15:33:12 GMT+03:00 2026,02-apr.-2026 15:33:12.753,9.489933967590332,1.899999976158142,47.1,339.2900085449219,-0.26,3.21,9.31,0.02,29.02,0.01,-,8,13.12,34.95,68,16.94,19.61,1625.25,0.02,47.1,5.04,22.71,14,13.63,18.14,-,-,60.57,0,39.43,292,34.16,35,33.73,10.5
Thu Apr 02 15:33:14 GMT+03:00 2026,02-apr.-2026 15:33:14.460,10.984686851501465,2.200000047683716,45.7,340.989990234375,0.12,3.47,8.72,-0.02,28.24,-0.05,-,8,13.28,34.95,68,10.16,11.37,1876.75,0.01,45.7,0.96,13.62,14,7.69,10.62,-,-,60.85,0,39.15,294,39.54,39,27.84,23.5
Thu Apr 02 15:33:15 GMT+03:00 2026,02-apr.-2026 15:33:16.110,11.27807903289795,2.0999999046325684,45.2,339.489990234375,-0.12,3.2,9.48,0.04,25.1,0.03,-,8,13.45,34.95,68,7.8,4.71,1953,0.01,45.2,2.46,10.45,14,8.12,9.01,-,-,61.11,0,38.89,296,40.6,42,21.18,22.5
Thu Apr 02 15:33:17 GMT+03:00 2026,02-apr.-2026 15:33:17.940,11.955452919006348,2.0,43.2,341.70001220703125,-0.19,2.76,9.05,-0.02,17.25,-0.02,-,8,13.62,34.95,68,7.8,3.92,1588.25,0.01,43.2,0.62,10.45,14,5.51,5.28,-,-,61.41,0,38.59,297,43.04,42,13.33,26
Thu Apr 02 15:33:19 GMT+03:00 2026,02-apr.-2026 15:33:19.725,11.331609725952148,1.899999976158142,43.8,341.8699951171875,-1.03,0.9,8.9,-0.06,13.33,-0.05,-,8,13.79,34.95,69,-,3.92,1559,0.01,43.8,0.22,-,14,3.77,4.16,-,-,61.69,0,38.31,299,40.79,42,8.63,16
Thu Apr 02 15:33:21 GMT+03:00 2026,02-apr.-2026 15:33:21.881,9.594422340393066,1.7999999523162842,44.5,340.20001220703125,-0.39,2.89,9.32,0.01,20.78,-0.03,-,8,13.92,34.95,69,-,3.53,1336.5,0,44.5,0.89,-,14,3.48,3.41,-,-,62.02,0,37.98,301,34.54,35,16.08,23
Thu Apr 02 15:33:24 GMT+03:00 2026,02-apr.-2026 15:33:24.608,10.390697479248047,1.899999976158142,43.5,341.1700134277344,-0.32,3.79,8.97,0.01,29.02,-0.05,-,8,14.05,34.95,69,1.56,11.76,1362,0.01,43.5,0.86,2.09,14,8.85,9.08,-,-,62.43,0,37.57,304,37.41,36,29.41,19
Thu Apr 02 15:33:27 GMT+03:00 2026,02-apr.-2026 15:33:27.259,12.680181503295898,2.200000047683716,43.2,343.4700012207031,-0.45,3.44,9.21,0.02,27.45,-0.01,-,8,14.22,34.95,70,1.56,21.57,1576.75,0.02,43.2,3.27,2.09,14,11.17,16.12,-,-,62.82,0,37.18,307,45.65,43,29.02,6.5
Thu Apr 02 15:33:29 GMT+03:00 2026,02-apr.-2026 15:33:30.058,13.276744842529297,2.299999952316284,42.2,340.0400085449219,-0.24,3.04,9.25,0.01,14.51,-0.06,-,8,14.41,34.95,70,1.56,15.29,1806.25,0.02,42.2,1.42,2.09,14,11.89,18.31,-,-,63.23,0,36.77,310,47.8,48,11.37,20.5
Thu Apr 02 15:33:32 GMT+03:00 2026,02-apr.-2026 15:33:32.764,13.101224899291992,2.0999999046325684,41.8,340.989990234375,-0.17,2.73,9.07,-0.02,13.73,-0.01,-,8,14.61,34.95,70,-,8.63,1539.25,0.01,41.8,0.21,-,14,4.21,3.93,-,-,63.61,0,36.39,312,47.16,48,11.76,22.5
Thu Apr 02 15:33:34 GMT+03:00 2026,02-apr.-2026 15:33:34.776,12.548413276672363,2.0,42.3,340.67999267578125,-0.17,3.7,8.67,-0.02,28.24,-0.05,-,8,14.79,34.95,71,-,11.37,1746.25,0.01,42.3,0.42,-,14,5.66,8.18,-,-,63.89,0,36.11,314,45.17,46,29.02,21
Thu Apr 02 15:33:36 GMT+03:00 2026,02-apr.-2026 15:33:36.486,12.701285362243652,2.0,41.0,340.510009765625,0.11,3.18,8.58,-0.05,32.16,0,-,8,14.98,34.95,71,6.06,19.61,1809.75,0.02,41,1.59,8.13,14,10.59,16.61,-,-,64.13,0,35.87,316,45.72,48,35.29,11
Thu Apr 02 15:33:38 GMT+03:00 2026,02-apr.-2026 15:33:38.332,14.137360572814941,1.899999976158142,39.7,343.20001220703125,-0.43,2.63,9.27,0,13.73,-0.02,-,8,15.18,34.95,71,9.56,9.41,1929.75,0.02,39.7,0.4,12.83,14,8.99,13.26,-,-,64.38,0,35.62,318,50.89,51,10.98,25
Thu Apr 02 15:33:40 GMT+03:00 2026,02-apr.-2026 15:33:40.184,13.969046592712402,1.899999976158142,38.9,343.95001220703125,0.04,3.2,9.86,0.08,22.75,0.01,-,8,15.37,34.95,71,9.56,6.67,1882.25,0,38.9,1.89,12.83,14,2.76,3.51,-,-,64.63,0,35.37,320,50.29,49,21.57,17.5
Thu Apr 02 15:33:41 GMT+03:00 2026,02-apr.-2026 15:33:41.918,13.164535522460938,1.899999976158142,38.9,339.70001220703125,-0.29,2.63,9.09,-0.02,13.73,0,-,8,15.56,34.95,71,-,5.1,1821,0.01,38.9,2.29,-,14,5.95,7.86,-,-,64.85,0,35.15,321,47.39,48,9.8,28
Thu Apr 02 15:33:43 GMT+03:00 2026,02-apr.-2026 15:33:43.706,12.449585914611816,1.899999976158142,38.1,342.1199951171875,-0.2,2.59,9.3,0,13.73,-0.02,-,8,15.73,34.95,71,-,3.53,1725.5,0,38.1,0.68,-,14,2.76,3.38,-,-,65.09,0,34.91,323,44.82,46,9.02,29.5
Thu Apr 02 15:33:45 GMT+03:00 2026,02-apr.-2026 15:33:45.510,11.27704906463623,1.899999976158142,37.9,338.69000244140625,-0.05,2.77,9.57,0.03,13.73,0.01,-,8,15.88,34.95,72,-,3.53,1618.25,0,37.9,0.23,-,14,3.05,3.39,-,-,65.32,0,34.68,325,40.6,43,9.41,29
Thu Apr 02 15:33:47 GMT+03:00 2026,02-apr.-2026 15:33:47.312,10.770048141479492,1.899999976158142,37.4,340.3999938964844,-0.04,2.69,9.13,-0.01,14.12,-0.02,-,8,16.01,34.95,72,-,3.53,1513.25,0,37.4,0.15,-,14,3.19,3.48,-,-,65.55,0,34.45,327,38.77,40,9.8,27
Thu Apr 02 15:33:48 GMT+03:00 2026,02-apr.-2026 15:33:48.998,10.44989013671875,1.899999976158142,38.0,341.3299865722656,-0.2,2.91,9.05,-0.01,12.94,0,-,8,16.12,34.95,72,-,3.14,1111.5,0,38,2.77,-,14,4.21,3.39,-,-,65.76,0,34.24,329,37.62,36,8.63,7
Thu Apr 02 15:33:50 GMT+03:00 2026,02-apr.-2026 15:33:50.794,9.888328552246094,1.899999976158142,37.1,341.1099853515625,-0.14,2.77,9.5,0.03,12.55,0.02,-,8,16.22,34.95,72,-,3.14,942.5,0,37.1,0.05,-,14,4.5,3.1,-,-,65.98,0,34.02,330,35.6,35,7.84,9
Thu Apr 02 15:33:52 GMT+03:00 2026,02-apr.-2026 15:33:52.593,8.76005744934082,1.899999976158142,36.5,342.3699951171875,-0.13,2.14,9.41,0,12.55,-0.02,-,8,16.31,34.95,73,-,3.14,866,0,36.5,1.65,-,14,4.64,2.93,-,-,66.2,0,33.8,332,31.54,32,7.45,10
Thu Apr 02 15:33:54 GMT+03:00 2026,02-apr.-2026 15:33:54.338,7.098019599914551,2.0999999046325684,35.6,341.45001220703125,-0.32,2.38,9.7,0.04,12.16,0.01,-,8,16.37,34.95,73,-,3.14,864.75,0,35.6,1.16,-,14,4.79,3.04,-,-,66.41,0,33.59,334,25.55,27,7.45,9
Thu Apr 02 15:33:55 GMT+03:00 2026,02-apr.-2026 15:33:56.070,6.491161823272705,2.0999999046325684,35.7,340.75,-0.06,2.44,9.38,0.01,12.16,-0.01,-,8,16.4,34.95,73,-,3.14,841.25,0,35.7,3.55,-,14,4.79,2.91,-,-,66.61,0,33.39,336,23.37,22,7.45,11.5
Thu Apr 02 15:33:57 GMT+03:00 2026,02-apr.-2026 15:33:57.958,5.018026828765869,1.899999976158142,36.9,341.4800109863281,-0.35,2,9.72,0.03,12.16,0,-,8,16.42,34.95,73,-,3.14,819.5,0,36.9,0.85,-,14,4.79,2.85,-,-,66.84,0,33.16,337,18.06,20,7.45,11
Thu Apr 02 15:33:59 GMT+03:00 2026,02-apr.-2026 15:33:59.752,3.239661693572998,1.899999976158142,36.6,334.54998779296875,-0.44,2.34,9.84,0.05,12.16,0.03,-,8,16.39,34.95,73,-,3.14,766.75,0,36.6,3.04,-,14,4.79,2.8,-,-,67.04,0,32.96,339,11.66,12,7.06,9
Thu Apr 02 15:34:01 GMT+03:00 2026,02-apr.-2026 15:34:01.495,1.894177794456482,1.899999976158142,37.3,338.8399963378906,0.07,2.5,9.71,0.04,12.16,0.03,-,8,16.35,34.95,74,-,3.14,791.75,0,37.3,0.99,-,14,4.93,2.88,-,-,67.24,0,32.76,341,6.82,8,7.06,8.5
Thu Apr 02 15:34:03 GMT+03:00 2026,02-apr.-2026 15:34:03.212,1.0273855924606323,1.899999976158142,38.5,349.1499938964844,-0,2.42,9.45,0.01,12.16,-0.01,-,8,16.29,34.95,74,-,3.14,788.25,0,38.5,1.82,-,14,5.08,2.87,-,-,67.02,0,32.98,343,3.7,5,7.06,9
Thu Apr 02 15:34:04 GMT+03:00 2026,02-apr.-2026 15:34:04.941,0.0,1.899999976158142,39.2,349.1499938964844,-0.08,2.89,9.25,0.01,12.16,-0.01,-,8,16.21,34.95,74,-,2.75,789.5,0,39.2,2.7,-,14,5.08,2.8,-,-,66.62,0,33.38,344,0,1,7.06,5.5
Thu Apr 02 15:34:06 GMT+03:00 2026,02-apr.-2026 15:34:06.701,0.0,1.899999976158142,39.5,349.1499938964844,-0.07,3.01,9.33,0.02,11.76,0,-,8,16.12,34.95,74,-,3.14,792.5,0,39.5,0,-,14,5.08,2.9,-,-,66.22,0,33.78,346,0,0,7.06,8.5
Thu Apr 02 15:34:08 GMT+03:00 2026,02-apr.-2026 15:34:08.457,0.0,1.899999976158142,39.5,349.1499938964844,-0.04,2.99,9.31,0.02,12.16,-0.01,-,8,16.04,34.95,74,-,2.75,801,0,39.5,0,-,14,5.08,2.93,-,-,65.83,0,34.17,348,0,0,7.06,10.5
Thu Apr 02 15:34:10 GMT+03:00 2026,02-apr.-2026 15:34:10.229,0.0,1.0,39.5,349.1499938964844,-0.11,3.03,9.27,0.01,12.16,0,-,8,15.96,34.95,74,-,2.75,798.75,0,39.5,0,-,14,4.93,2.92,-,-,65.43,0,34.57,350,0,0,7.06,6
Thu Apr 02 15:34:11 GMT+03:00 2026,02-apr.-2026 15:34:12.105,0.0,1.0,39.5,349.1499938964844,-0.11,2.96,9.29,0.01,12.16,0,-,8,15.88,34.95,74,-,2.75,777.5,0,39.5,0,-,14,4.93,2.79,-,-,65.02,0,34.98,352,0,0,7.45,10
Thu Apr 02 15:34:13 GMT+03:00 2026,02-apr.-2026 15:34:13.858,0.0,1.0,39.5,349.1499938964844,-0.06,2.98,9.33,0.02,12.16,0,-,8,15.8,34.95,74,-,3.14,780.75,0,39.5,0,-,14,5.08,2.85,-,-,64.64,0,35.36,353,0,0,7.06,5.5
Thu Apr 02 15:34:15 GMT+03:00 2026,02-apr.-2026 15:34:15.536,0.0,1.0,39.5,349.1499938964844,-0.08,2.95,9.38,0.02,12.16,0,-,8,15.72,34.95,74,-,3.14,795.25,0,39.5,0,-,14,4.93,2.85,-,-,64.28,0,35.72,355,0,0,7.06,6
Thu Apr 02 15:34:17 GMT+03:00 2026,02-apr.-2026 15:34:17.232,0.0,1.0,39.5,349.1499938964844,-0.12,3.02,9.25,0.01,12.16,0,-,8,15.64,34.95,74,-,3.14,787,0,39.5,0,-,14,5.08,2.86,-,-,63.92,0,36.08,357,0,0,7.06,6
Thu Apr 02 15:34:18 GMT+03:00 2026,02-apr.-2026 15:34:18.949,0.0,1.0,39.5,349.1499938964844,-0.14,2.95,9.27,0.01,12.16,0,-,8,15.56,34.95,74,-,2.75,786,0,39.5,0,-,14,5.08,2.85,-,-,63.56,0,36.44,359,0,0,7.06,8.5
Thu Apr 02 15:34:20 GMT+03:00 2026,02-apr.-2026 15:34:20.760,0.0,1.0,39.5,349.1499938964844,-0.03,3.03,9.22,0.01,12.16,0,-,8,15.48,34.95,74,-,2.75,792,0,39.5,0,-,14,5.08,2.84,-,-,63.19,0,36.81,360,0,0,7.06,5.5
Thu Apr 02 15:34:22 GMT+03:00 2026,02-apr.-2026 15:34:22.532,0.0,1.0,39.5,349.1499938964844,-0.09,3,9.27,0.01,12.16,0,-,8,15.4,34.95,74,-,2.75,785.5,0,39.5,0,-,14,4.93,2.78,-,-,62.83,0,37.17,362,0,0,7.45,6
Thu Apr 02 15:34:24 GMT+03:00 2026,02-apr.-2026 15:34:24.321,0.0,1.0,39.5,349.1499938964844,-0.12,3.05,9.3,0.02,12.16,0,-,8,15.33,34.95,74,-,2.75,792.75,0,39.5,0,-,14,5.08,2.83,-,-,62.47,0,37.53,364,0,0,7.45,13
Thu Apr 02 15:34:25 GMT+03:00 2026,02-apr.-2026 15:34:26.006,0.0,1.0,39.5,349.1499938964844,-0.08,2.99,9.22,0.01,12.16,-0.01,-,8,15.25,34.95,74,-,3.14,796.5,0,39.5,0,-,14,5.08,2.87,-,-,62.13,0,37.87,366,0,0,7.45,4
Thu Apr 02 15:34:27 GMT+03:00 2026,02-apr.-2026 15:34:27.785,0.0,1.0,39.5,349.1499938964844,-0.11,3.07,9.29,0.02,12.16,0,-,8,15.18,34.95,74,-,2.75,810,0,39.5,0,-,14,5.08,2.87,-,-,61.78,0,38.22,367,0,0,7.06,9
Thu Apr 02 15:34:29 GMT+03:00 2026,02-apr.-2026 15:34:29.474,0.0,1.0,39.5,349.1499938964844,-0.12,3.04,9.32,0.02,12.16,-0.01,-,8,15.1,34.95,74,-,3.14,772,0,39.5,0,-,14,4.93,2.83,-,-,61.45,0,38.55,369,0,0,7.45,6
Thu Apr 02 15:34:31 GMT+03:00 2026,02-apr.-2026 15:34:31.403,0.0,1.0,39.5,349.1499938964844,-0.09,2.95,9.3,0.01,12.16,0,-,8,15.03,34.95,74,-,3.14,791.25,0,39.5,0,-,14,5.08,2.85,-,-,61.07,0,38.93,371,0,0,7.06,6
Thu Apr 02 15:34:33 GMT+03:00 2026,02-apr.-2026 15:34:33.259,0.0,1.0,39.5,349.1499938964844,-0.04,3.01,9.25,0.01,12.16,0,-,8,14.96,34.95,74,-,2.75,791,0,39.5,0,-,14,4.93,2.84,-,-,60.72,0,39.28,373,0,0,7.06,9
Thu Apr 02 15:34:34 GMT+03:00 2026,02-apr.-2026 15:34:34.890,0.0,1.0,39.5,349.1499938964844,-0.05,2.95,9.31,0.01,12.16,0,-,8,14.88,34.95,74,-,2.75,789.25,0,39.5,0,-,14,4.93,2.84,-,-,60.41,0,39.59,374,0,0,7.06,6
Thu Apr 02 15:34:36 GMT+03:00 2026,02-apr.-2026 15:34:36.646,0.0,1.0,39.5,349.1499938964844,-0.11,2.99,9.29,0.01,11.76,-0.01,-,8,14.81,34.95,74,-,2.75,781.25,0,39.5,0,-,14,5.08,2.89,-,-,60.08,0,39.92,376,0,0,7.06,9
Thu Apr 02 15:34:38 GMT+03:00 2026,02-apr.-2026 15:34:38.319,0.0,1.0,39.5,349.1499938964844,-0.08,3.01,9.29,0.01,12.16,0,-,8,14.74,34.95,74,-,2.75,796.5,0,39.5,0,-,14,4.93,2.76,-,-,59.77,0,40.23,378,0,0,7.06,6
Thu Apr 02 15:34:39 GMT+03:00 2026,02-apr.-2026 15:34:40.137,0.0,1.0,39.5,349.1499938964844,-0.1,3.01,9.25,0.01,12.16,0,-,8,14.67,34.95,74,-,3.14,792.75,0,39.5,0,-,14,4.93,2.83,-,-,59.44,0,40.56,380,0,0,7.06,3.5
Thu Apr 02 15:34:41 GMT+03:00 2026,02-apr.-2026 15:34:41.859,0.0,1.0,39.5,349.1499938964844,-0.11,2.93,9.3,0.01,12.16,0,-,8,14.6,34.95,74,-,2.75,797.5,0,39.5,0,-,14,4.93,2.85,-,-,59.13,0,40.87,381,0,0,7.06,9
Thu Apr 02 15:34:43 GMT+03:00 2026,02-apr.-2026 15:34:43.724,0.0,1.0,39.5,349.1499938964844,-0.09,2.96,9.24,0.01,11.76,0,-,8,14.54,34.95,74,-,2.75,781.75,0,39.5,0,-,14,4.93,2.82,-,-,58.79,0,41.21,383,0,0,7.06,6
Thu Apr 02 15:34:45 GMT+03:00 2026,02-apr.-2026 15:34:45.512,0.0,1.0,39.5,349.1499938964844,-0.04,2.97,9.3,0.01,12.16,0,-,8,14.47,34.95,74,-,2.75,777.75,0,39.5,0,-,14,4.93,2.79,-,-,58.48,0,41.52,385,0,0,7.06,6
Thu Apr 02 15:34:47 GMT+03:00 2026,02-apr.-2026 15:34:47.303,0.0,1.0,39.5,349.1499938964844,-0.06,2.95,9.31,0.01,12.16,0,-,8,14.4,34.95,74,-,3.14,796.25,0,39.5,0,-,14,5.08,2.84,-,-,58.16,0,41.84,387,0,0,7.06,6.5
Thu Apr 02 15:34:48 GMT+03:00 2026,02-apr.-2026 15:34:49.022,0.0,1.0,39.5,349.1499938964844,-0.09,2.96,9.3,0.01,11.76,0,-,8,14.33,34.95,74,-,3.14,781.25,0,39.5,0,-,14,4.79,2.74,-,-,57.87,0,42.13,389,0,0,7.06,6.5
Thu Apr 02 15:34:50 GMT+03:00 2026,02-apr.-2026 15:34:50.841,0.0,1.0,39.5,349.1499938964844,-0.1,2.95,9.29,0.01,12.16,0,-,8,14.27,34.95,74,-,2.75,788,0,39.5,0,-,14,4.93,2.75,-,-,57.55,0,42.45,390,0,0,7.06,6.5
Thu Apr 02 15:34:52 GMT+03:00 2026,02-apr.-2026 15:34:52.538,0.0,1.0,39.5,349.1499938964844,-0.06,3,9.27,0.01,12.16,-0.01,-,8,14.2,34.95,74,-,2.75,788.75,0,39.5,0,-,14,4.93,2.79,-,-,57.27,0,42.73,392,0,0,7.06,6.5
Thu Apr 02 15:34:54 GMT+03:00 2026,02-apr.-2026 15:34:54.305,0.0,1.0,39.5,349.1499938964844,-0.06,3,9.21,0.01,11.76,0,-,8,14.14,34.95,75,-,2.75,795.5,0,39.5,0,-,14,4.93,2.8,-,-,56.97,0,43.03,394,0,0,7.06,6.5
Thu Apr 02 15:34:55 GMT+03:00 2026,02-apr.-2026 15:34:56.131,0.0,1.0,39.5,349.1499938964844,-0.06,3,9.21,0.01,12.16,-0.01,-,8,14.07,34.95,75,-,2.75,790.5,0,39.5,0,-,14,4.93,2.73,-,-,56.66,0,43.34,396,0,0,7.06,6.5
Thu Apr 02 15:34:57 GMT+03:00 2026,02-apr.-2026 15:34:57.983,0.0,1.0,39.5,349.1499938964844,-0.09,3.03,9.27,0.01,11.76,0,-,8,14.01,34.95,75,-,2.75,795.5,0,39.5,0,-,14,5.08,2.8,-,-,56.36,0,43.64,398,0,0,6.67,4
Thu Apr 02 15:34:59 GMT+03:00 2026,02-apr.-2026 15:34:59.867,0.0,1.0,39.5,349.1499938964844,-0.07,2.96,9.32,0.02,11.76,0,-,8,13.95,34.95,75,-,2.75,807.5,0,39.5,0,-,14,4.93,2.84,-,-,56.05,0,43.95,399,0,0,7.06,6.5
Thu Apr 02 15:35:01 GMT+03:00 2026,02-apr.-2026 15:35:01.441,0.0,1.0,39.5,349.1499938964844,-0.06,3.02,9.22,0.01,11.76,0,-,8,13.88,34.95,75,-,2.75,793.25,0,39.5,0,-,14,4.93,2.81,-,-,55.8,0,44.2,401,0,0,6.67,6.5
Thu Apr 02 15:35:02 GMT+03:00 2026,02-apr.-2026 15:35:03.027,0.0,1.0,39.5,349.1499938964844,0.03,3.07,9.14,0,11.76,-0.01,-,8,13.82,34.95,75,-,2.75,773.5,0,39.5,0,-,14,5.08,2.75,-,-,55.55,0,44.45,403,0,0,7.06,6
Thu Apr 02 15:35:04 GMT+03:00 2026,02-apr.-2026 15:35:04.636,0.0,1.100000023841858,39.5,349.1499938964844,3.06,2.17,8.75,-0.01,11.76,-0.08,-,8,13.76,34.95,75,-,2.75,790.75,0,39.5,0,-,14,4.93,2.79,-,-,55.29,0,44.71,404,0,0,6.67,4.5
Thu Apr 02 15:35:06 GMT+03:00 2026,02-apr.-2026 15:35:06.386,0.0,1.2999999523162842,39.5,349.1499938964844,-0.71,3.84,9.32,0.05,36.47,-0.01,-,8,13.7,34.95,75,-,2.75,798.5,0,39.5,0,-,14,4.93,2.79,-,-,55.02,0,44.98,406,0,0,6.67,6
Thu Apr 02 15:35:07 GMT+03:00 2026,02-apr.-2026 15:35:08.086,0.0,1.399999976158142,39.5,349.1499938964844,-1,4.99,8.41,0.02,30.98,0.07,-,8,13.65,34.95,75,0.24,14.9,2085.5,0.02,39.5,2,0.33,14,11.89,16.55,-,-,54.75,0,45.25,408,0,2,32.55,23.5
Thu Apr 02 15:35:09 GMT+03:00 2026,02-apr.-2026 15:35:09.983,0.0,1.5,39.5,349.1499938964844,-0.29,4.13,8.91,0.02,15.29,-0.09,-,8,13.66,34.95,75,15.73,26.27,2049,0.03,39.5,17,21.1,14,11.46,18.67,-,-,54.83,0,45.17,410,0,17,17.65,15.5
Thu Apr 02 15:35:11 GMT+03:00 2026,02-apr.-2026 15:35:11.682,5.546646595001221,1.7999999523162842,40.8,331.6300048828125,-0.85,4.34,7.43,-0.1,67.84,0.07,-,8,13.71,34.95,75,11.51,22.35,1827.25,0.03,40.8,12.48,15.44,13,11.89,20.16,-,-,55.04,0,44.96,411,19.97,25,50.59,5
Thu Apr 02 15:35:13 GMT+03:00 2026,02-apr.-2026 15:35:13.472,9.226395606994629,2.0999999046325684,42.1,338.8800048828125,-1.23,3.57,8.53,-0.03,33.33,0.07,-,8,13.81,34.95,75,24.93,12.16,2559.5,0.04,42.1,7.65,33.43,13,14.07,31.55,-,-,55.27,0,44.73,413,33.22,36,12.16,27
Thu Apr 02 15:35:14 GMT+03:00 2026,02-apr.-2026 15:35:15.062,10.337166786193848,2.0,42.9,340.20001220703125,-0.82,4.46,9.74,0.11,38.04,0.03,-,8,13.91,34.95,75,4.86,21.57,1784.75,0.02,42.9,4.78,6.51,13,11.89,18.35,-,-,55.46,0,44.54,415,37.21,38,37.25,10
Thu Apr 02 15:35:16 GMT+03:00 2026,02-apr.-2026 15:35:16.880,12.438262939453125,2.200000047683716,44.8,340.6400146484375,-0.4,3.65,8.55,-0.03,32.16,0.04,-,8,14.05,34.95,74,20.03,30.98,2126.75,0.04,44.8,3.69,26.86,13,14.07,26.99,-,-,55.69,0,44.31,416,44.78,45,76.08,7
Thu Apr 02 15:35:18 GMT+03:00 2026,02-apr.-2026 15:35:18.698,14.118315696716309,2.200000047683716,45.4,342.94000244140625,-0.86,3.49,8.9,-0,30.2,0,-,8,14.21,34.95,74,18.66,16.08,2403.5,0.03,45.4,2.68,25.03,12,10.88,22.41,-,-,55.91,0,44.09,418,50.83,51,31.76,19.5
Thu Apr 02 15:35:20 GMT+03:00 2026,02-apr.-2026 15:35:20.386,14.727231979370117,2.0999999046325684,45.0,343.260009765625,-1.45,3.1,8.77,-0.02,30.98,-0.03,-,8,14.38,34.95,74,9.79,8.24,2547.25,0.03,45,2.17,13.13,12,10.15,19.25,-,-,56.11,0,43.89,420,53.02,54,11.37,26
Thu Apr 02 15:35:22 GMT+03:00 2026,02-apr.-2026 15:35:22.288,15.133862495422363,1.899999976158142,44.6,345.0400085449219,-0.35,3.18,9.28,0.02,30.98,-0.05,-,8,14.54,34.95,75,9.79,22.35,2031.25,0.03,44.6,0.98,13.13,12,11.31,20.09,-,-,56.34,0,43.66,422,54.48,54,32.94,13
Thu Apr 02 15:35:23 GMT+03:00 2026,02-apr.-2026 15:35:24.158,15.334604263305664,2.299999952316284,44.5,345.1300048828125,-0.68,2.64,9.03,-0.02,17.65,-0.12,-,8,14.72,34.95,75,3.16,4.71,2058,0.01,44.5,0.52,4.24,12,4.35,5.77,-,-,56.56,0,43.44,424,55.2,55,8.63,25
Thu Apr 02 15:35:25 GMT+03:00 2026,02-apr.-2026 15:35:25.853,14.884737014770508,2.4000000953674316,45.5,347.8699951171875,-0.94,3.06,8.68,-0.04,28.63,-0.05,-,8,14.88,34.95,75,3.16,11.37,1991.25,0.01,45.5,2.25,4.24,12,5.8,9.17,-,-,56.75,0,43.25,425,53.59,53,28.24,23
Thu Apr 02 15:35:27 GMT+03:00 2026,02-apr.-2026 15:35:27.589,15.2476167678833,2.0999999046325684,45.3,349.3500061035156,-0.75,3.16,8.92,-0.01,30.2,-0.03,-,8,15.05,34.95,75,6.99,18.82,2053.5,0.02,45.3,0.19,9.38,12,9.72,16.11,-,-,56.96,0,43.04,427,54.89,55,31.37,18
Thu Apr 02 15:35:29 GMT+03:00 2026,02-apr.-2026 15:35:29.289,15.213129997253418,2.299999952316284,46.3,350.2900085449219,-0.43,2.97,9.57,0.04,25.49,0.04,-,8,15.22,34.95,76,7.08,16.08,2145,0.02,46.3,2.27,9.5,12,10.15,15.86,-,-,57.15,0,42.85,429,54.77,57,25.49,24.5
Thu Apr 02 15:35:30 GMT+03:00 2026,02-apr.-2026 15:35:31.075,15.522478103637695,2.299999952316284,46.1,351.75,-0.73,2.83,9.51,0.03,25.49,0.01,-,8,15.4,34.95,76,7.08,9.8,2159.75,0.01,46.1,2.23,9.5,12,6.24,9.42,-,-,57.35,0,42.65,431,55.88,57,24.31,24
Thu Apr 02 15:35:32 GMT+03:00 2026,02-apr.-2026 15:35:32.945,15.521448135375977,2.4000000953674316,45.3,355.20001220703125,-1.29,3.5,11.81,0.28,26.27,0.26,-,8,15.57,34.95,76,-,11.76,2141.5,0.01,45.3,1.24,-,12,6.82,10.61,-,-,57.56,0,42.44,433,55.88,57,22.75,24.5
Thu Apr 02 15:35:34 GMT+03:00 2026,02-apr.-2026 15:35:34.777,15.54564094543457,2.299999952316284,43.4,353.2900085449219,-0.42,3.31,9.77,0.07,30.2,0.01,-,8,15.74,34.95,77,-,17.65,2151.25,0.02,43.4,1.45,-,12,8.27,13.53,-,-,57.77,0,42.23,434,55.96,57,31.76,20.5
Thu Apr 02 15:35:36 GMT+03:00 2026,02-apr.-2026 15:35:36.625,16.48140525817871,2.4000000953674316,43.2,353.1199951171875,-1.09,3.28,8.76,-0.02,31.37,0,-,8,15.92,34.95,77,10.45,21.96,2254.75,0.03,43.2,3.85,14.01,12,10.59,19.28,-,-,57.97,0,42.03,436,59.33,60,32.55,16
Thu Apr 02 15:35:38 GMT+03:00 2026,02-apr.-2026 15:35:38.373,17.35334587097168,2.4000000953674316,42.9,353.1499938964844,-1.03,2.52,9.48,0.02,16.47,0.01,-,8,16.11,34.95,77,7.5,17.25,2346.5,0.03,42.9,3.92,10.05,12,10.59,21.16,-,-,58.16,0,41.84,438,62.47,62,17.65,20.5
Thu Apr 02 15:35:39 GMT+03:00 2026,02-apr.-2026 15:35:40.069,16.84788703918457,2.5,42.4,353.1400146484375,-1.11,2.58,9.85,0.06,12.94,0.04,-,8,16.29,34.95,77,7.5,4.31,2311.75,0.01,42.4,1.47,10.05,12,2.9,4.36,-,-,58.35,0,41.65,440,60.65,61,8.63,30.5
Thu Apr 02 15:35:41 GMT+03:00 2026,02-apr.-2026 15:35:41.871,15.676380157470703,2.4000000953674316,42.6,353.2300109863281,-0.62,2.5,9.11,0.05,12.94,-0.04,-,8,16.46,34.95,77,-,3.92,2185,0,42.6,3.58,-,12,2.61,3.71,-,-,58.54,0,41.46,441,56.43,58,8.63,30
Thu Apr 02 15:35:43 GMT+03:00 2026,02-apr.-2026 15:35:43.692,14.856427192687988,2.299999952316284,43.1,353.6199951171875,-0.18,3.41,9.71,0.07,25.49,-0.01,-,8,16.62,34.95,77,-,6.27,2094.75,0,43.1,1.3,-,12,2.61,3.71,-,-,58.73,0,41.27,443,53.48,54,25.49,24.5
Thu Apr 02 15:35:45 GMT+03:00 2026,02-apr.-2026 15:35:45.505,14.868266105651855,2.299999952316284,43.3,353.3299865722656,-0.83,3.36,9.41,0.04,29.02,0,-,8,16.77,34.95,78,3.28,13.73,2072.75,0.02,43.3,0.98,4.4,12,7.54,11.57,-,-,58.92,0,41.08,445,53.53,55,28.24,22.5
Thu Apr 02 15:35:47 GMT+03:00 2026,02-apr.-2026 15:35:47.194,15.017021179199219,2.299999952316284,42.4,352.94000244140625,-0.75,1.16,9.59,0.01,13.33,-0.01,-,8,16.93,34.95,78,3.43,9.02,2112.5,0.02,42.4,3.63,4.6,12,10.15,17.07,-,-,59.1,0,40.9,447,54.06,56,10.59,7.5
Thu Apr 02 15:35:48 GMT+03:00 2026,02-apr.-2026 15:35:49.021,13.966472625732422,2.200000047683716,42.1,353.45001220703125,-0.73,1.76,9.71,0.03,12.55,0.04,-,8,17.06,34.95,78,3.43,2.75,1417.5,0,42.1,4.06,4.6,12,2.76,3.18,-,-,59.29,0,40.71,449,50.28,50,8.24,9.5
Thu Apr 02 15:35:50 GMT+03:00 2026,02-apr.-2026 15:35:50.749,10.761297225952148,2.299999952316284,41.9,354.510009765625,-0.91,2.31,8.21,-0.11,12.16,-0.12,-,8,17.16,34.95,79,-,3.14,969.75,0,41.9,2.62,-,12,4.35,3.14,-,-,59.46,0,40.54,450,38.74,41,7.45,8
Thu Apr 02 15:35:52 GMT+03:00 2026,02-apr.-2026 15:35:52.449,8.31945514678955,2.0999999046325684,40.6,352.7200012207031,-0.61,-0.51,10.14,0.06,11.76,0.03,-,8,17.22,34.95,79,-,2.75,858.5,0,40.6,0.84,-,12,4.35,2.84,-,-,59.64,0,40.36,452,29.95,34,7.06,11.5
Thu Apr 02 15:35:54 GMT+03:00 2026,02-apr.-2026 15:35:54.201,3.4105494022369385,2.0999999046325684,40.3,355.1099853515625,-0.87,1.85,9.52,0.01,11.76,0,-,8,17.21,34.95,79,-,3.14,791,0,40.3,14.95,-,12,4.79,2.8,-,-,59.81,0,40.19,454,12.28,15,6.67,9
Thu Apr 02 15:35:55 GMT+03:00 2026,02-apr.-2026 15:35:55.938,1.916825532913208,2.0999999046325684,40.5,348.20001220703125,-1.05,2.78,9.26,0.01,11.76,0,-,8,17.17,34.95,79,-,2.75,771.75,0,40.5,6.28,-,12,4.93,2.82,-,-,59.99,0,40.01,456,6.9,6,6.67,11.5
Thu Apr 02 15:35:57 GMT+03:00 2026,02-apr.-2026 15:35:57.670,1.3135710954666138,2.0,41.4,348.20001220703125,-1.23,4.06,9.03,0.04,25.1,0,-,8,17.12,34.95,80,-,9.41,825.25,0,41.4,0.68,-,12,5.08,3.04,-,-,59.87,0,40.13,457,4.73,4,23.14,-9
Thu Apr 02 15:35:59 GMT+03:00 2026,02-apr.-2026 15:35:59.431,3.304516553878784,1.899999976158142,42.0,357.75,-1.17,5.08,8.55,0.04,31.37,-0.02,-,8,17.09,34.95,80,3.68,12.55,1335.75,0.01,42,3.38,4.94,12,9.28,9.83,-,-,59.91,0,40.09,459,11.9,10,34.12,2
Thu Apr 02 15:36:00 GMT+03:00 2026,02-apr.-2026 15:36:01.087,4.7956671714782715,1.899999976158142,42.3,356.6000061035156,-1.13,4.75,9.01,0.06,39.22,0,-,8,17.11,34.95,80,16.98,9.02,2747,0.03,42.3,10.1,22.76,12,11.17,25.06,-,-,60.07,0,39.93,461,17.26,22,12.94,25
Thu Apr 02 15:36:02 GMT+03:00 2026,02-apr.-2026 15:36:02.786,7.444941997528076,1.7999999523162842,42.6,354.010009765625,-0.96,4.86,8.27,0,69.8,0,-,8,17.15,34.95,80,10.76,29.41,1978.5,0.03,42.6,6.58,14.43,12,14.21,24.28,-,-,60.23,0,39.77,462,26.8,28,82.75,6
Thu Apr 02 15:36:04 GMT+03:00 2026,02-apr.-2026 15:36:04.645,10.372682571411133,2.0999999046325684,44.4,353.4100036621094,-1.25,4.22,9.13,0.05,37.25,0,-,8,17.23,34.95,80,20.29,5.88,2483.25,0.02,44.4,1.82,27.21,11,8.12,11.22,-,-,60.41,0,39.59,464,37.34,37,45.49,17.5
Thu Apr 02 15:36:06 GMT+03:00 2026,02-apr.-2026 15:36:06.450,11.512791633605957,1.899999976158142,46.9,352.57000732421875,-0.93,2.8,8.86,-0.03,25.88,0,-,8,17.32,34.95,80,9.78,12.16,1961,0.02,46.9,1.43,13.12,11,12.62,16.16,-,-,60.59,0,39.41,466,41.45,41,26.27,22.5
Thu Apr 02 15:36:07 GMT+03:00 2026,02-apr.-2026 15:36:08.167,11.699636459350586,1.7999999523162842,46.5,353.1700134277344,-0.81,3.24,9.19,0.02,26.67,0,-,8,17.42,34.95,80,5.18,12.16,2035.5,0.01,46.5,1.55,6.94,11,7.54,11.1,-,-,60.75,0,39.25,468,42.12,43,27.06,23.5
Thu Apr 02 15:36:09 GMT+03:00 2026,02-apr.-2026 15:36:09.953,11.954937934875488,1.7999999523162842,45.9,352.94000244140625,-0.98,2.26,9.1,-0.02,15.69,-0.03,-,8,17.52,34.95,80,5.7,13.33,2130.5,0.02,45.9,1.92,7.64,11,7.98,12.25,-,-,60.92,0,39.08,470,43.04,45,22.75,23.5
Thu Apr 02 15:36:11 GMT+03:00 2026,02-apr.-2026 15:36:11.770,11.880303382873535,1.7999999523162842,45.4,352.4200134277344,-0.89,2.73,9.69,0.05,12.94,-0.04,-,8,17.62,34.95,80,5.7,3.92,2076.25,0.01,45.4,0.63,7.64,11,3.05,4.21,-,-,61.09,0,38.91,471,42.77,44,8.24,29.5
Thu Apr 02 15:36:13 GMT+03:00 2026,02-apr.-2026 15:36:13.440,11.582794189453125,1.7999999523162842,45.1,353.9100036621094,-0.75,2.67,9.93,0.07,12.94,0.05,-,8,17.71,34.95,80,-,3.53,1962.25,0,45.1,0.83,-,11,2.76,3.59,-,-,61.24,0,38.76,473,41.7,41,8.63,29.5
Thu Apr 02 15:36:14 GMT+03:00 2026,02-apr.-2026 15:36:15.112,10.848285675048828,1.7999999523162842,45.1,353.8299865722656,-0.69,2.58,9.27,0,25.49,0.02,-,8,17.79,34.95,81,-,3.53,1845.25,0,45.1,3.7,-,11,2.76,3.35,-,-,61.4,0,38.6,475,39.05,38,17.65,29.5
Thu Apr 02 15:36:16 GMT+03:00 2026,02-apr.-2026 15:36:16.783,10.47819995880127,1.7000000476837158,44.5,353.6000061035156,-0.72,3.15,9.29,0.02,25.49,-0.01,-,8,17.86,34.95,81,-,10.2,1769.5,0.01,44.5,0.19,-,11,7.25,9.84,-,-,61.55,0,38.45,476,37.72,38,25.1,23
Thu Apr 02 15:36:18 GMT+03:00 2026,02-apr.-2026 15:36:18.522,10.724752426147461,1.7000000476837158,44.5,353.8699951171875,-0.92,2.69,9.43,0.02,14.12,0,-,8,17.94,34.95,81,2.51,8.24,1875.75,0.01,44.5,0.31,3.37,11,5.8,7.53,-,-,61.71,0,38.29,478,38.61,39,11.76,23
Thu Apr 02 15:36:20 GMT+03:00 2026,02-apr.-2026 15:36:20.206,10.214147567749023,1.7000000476837158,43.9,354.07000732421875,-0.77,2.62,9.73,0.05,25.49,-0.04,-,8,18.02,34.95,81,2.51,3.53,1821,0,43.9,0.61,3.37,11,2.76,3.33,-,-,61.86,0,38.14,480,36.77,38,24.71,23.5
Thu Apr 02 15:36:21 GMT+03:00 2026,02-apr.-2026 15:36:22.026,10.569820404052734,1.7000000476837158,44.0,353.29998779296875,-1.08,3.69,9.35,0.05,32.16,0.03,-,8,18.09,34.95,82,-,10.59,1832.75,0.01,44,1.23,-,11,7.54,9.79,-,-,62.02,0,37.98,482,38.05,38,30.98,21
Thu Apr 02 15:36:23 GMT+03:00 2026,02-apr.-2026 15:36:23.770,11.901407241821289,1.7000000476837158,43.3,353.3299865722656,-0.55,4.55,8.95,0.04,40.78,-0.01,-,8,18.19,34.95,82,12.96,24.71,2032.25,0.03,43.3,3.36,17.38,11,11.89,21.51,-,-,62.17,0,37.83,483,42.85,43,45.1,2
Thu Apr 02 15:36:25 GMT+03:00 2026,02-apr.-2026 15:36:25.525,13.945883750915527,1.600000023841858,43.0,354.8800048828125,-0.57,2.61,9.34,0.01,20,-0.05,-,8,18.3,34.81,82,21.51,32.94,2355.25,0.04,43,3.26,28.84,11,13.63,29.03,-,-,62.33,0,37.67,485,50.21,50,45.88,8
Thu Apr 02 15:36:26 GMT+03:00 2026,02-apr.-2026 15:36:27.149,14.153831481933594,1.600000023841858,42.8,355.8500061035156,-1.17,2.48,9.67,0.04,14.51,-0.02,-,8,18.43,34.81,82,6.54,8.24,1834.5,0.01,42.8,1.05,8.76,11,3.48,5.03,-,-,62.47,0,37.53,487,50.95,52,14.12,40.5
Thu Apr 02 15:36:28 GMT+03:00 2026,02-apr.-2026 15:36:28.866,14.707158088684082,1.600000023841858,42.6,354.6499938964844,-0.58,4.18,9.32,0.06,36.47,0.08,-,8,18.54,34.81,82,6.54,6.67,1903.5,0,42.6,1.26,8.76,11,2.9,3.69,-,-,62.62,0,37.38,489,52.95,50,32.55,36.5
Thu Apr 02 15:36:30 GMT+03:00 2026,02-apr.-2026 15:36:30.865,14.931061744689941,2.299999952316284,42.8,353.8399963378906,-0.81,3.64,8.54,-0.03,46.27,-0.04,-,8,18.67,34.66,82,9.96,26.67,1994.5,0.03,42.8,0.53,13.35,11,13.49,24.13,-,-,62.79,0,37.21,490,53.75,53,53.33,6
Thu Apr 02 15:36:32 GMT+03:00 2026,02-apr.-2026 15:36:32.692,16.00374412536621,2.5,42.4,353.4800109863281,-1.28,2.76,9.99,0.08,14.9,0.03,-,8,18.81,34.81,83,15.98,16.47,2187.5,0.03,42.4,2.59,21.42,11,14.21,23.1,-,-,62.94,0,37.06,492,57.61,58,14.12,21
Thu Apr 02 15:36:34 GMT+03:00 2026,02-apr.-2026 15:36:34.460,15.926020622253418,2.200000047683716,41.4,353.5899963378906,-0.58,2.31,9.96,0.06,12.94,0.03,-,8,18.95,34.81,83,15.98,3.92,2100.75,0.01,41.4,0.97,21.42,11,2.76,3.96,-,-,63.09,0,36.91,494,57.33,56,8.24,29
Thu Apr 02 15:36:36 GMT+03:00 2026,02-apr.-2026 15:36:36.179,13.403367042541504,2.4000000953674316,40.5,354.5,-0.97,2.41,8.71,-0.05,12.94,0,-,8,19.06,34.81,83,-,3.92,1968.25,0,40.5,5.33,-,11,2.61,3.63,-,-,63.23,0,36.77,496,48.25,52,8.63,29
Thu Apr 02 15:36:37 GMT+03:00 2026,02-apr.-2026 15:36:37.895,13.05644416809082,2.200000047683716,40.2,354.8599853515625,-0.8,2.78,9.27,0.01,26.27,0,-,8,19.17,34.81,83,-,3.53,1794,0,40.2,1.25,-,11,2.76,3.4,-,-,63.38,0,36.62,498,47,47,12.55,28.5
Thu Apr 02 15:36:39 GMT+03:00 2026,02-apr.-2026 15:36:39.546,12.561796188354492,2.299999952316284,39.5,353.3599853515625,-1,2.52,9.4,0.02,13.73,0.01,-,8,19.26,34.81,83,-,6.27,1716.75,0.01,39.5,0.67,-,11,7.69,9.46,-,-,63.51,0,36.49,499,45.22,46,9.8,5
Thu Apr 02 15:36:41 GMT+03:00 2026,02-apr.-2026 15:36:41.240,11.36146354675293,2.299999952316284,41.1,350.92999267578125,-1.03,2.54,8.63,-0.06,13.33,-0.07,-,8,19.35,34.81,83,-,3.53,1631,0,41.1,0.14,-,11,2.9,3.25,-,-,63.65,0,36.35,501,40.9,43,9.02,27.5
Thu Apr 02 15:36:42 GMT+03:00 2026,02-apr.-2026 15:36:42.929,11.114397048950195,2.200000047683716,41.1,350.510009765625,-1.46,2.75,9.76,0.06,13.73,-0.04,-,8,19.42,34.81,83,-,3.53,1531,0,41.1,0.9,-,11,3.19,3.43,-,-,63.79,0,36.21,503,40.01,40,9.02,26
Thu Apr 02 15:36:44 GMT+03:00 2026,02-apr.-2026 15:36:44.648,10.15495491027832,2.200000047683716,41.3,345.5400085449219,-1.22,2.66,9.15,-0,25.49,-0.02,-,8,19.49,34.81,83,-,4.71,1118.5,0,41.3,0.27,-,11,4.06,3.18,-,-,63.92,0,36.08,504,36.56,38,25.49,10
Thu Apr 02 15:36:46 GMT+03:00 2026,02-apr.-2026 15:36:46.392,10.15495491027832,2.299999952316284,41.3,341.5899963378906,-0.73,2.72,9.43,0.03,13.73,0,-,8,19.55,34.81,83,-,6.67,1741.5,0.01,41.3,0.54,-,11,5.8,7.1,-,-,64.06,0,35.94,506,36.56,37,10.59,23
Thu Apr 02 15:36:47 GMT+03:00 2026,02-apr.-2026 15:36:48.181,9.594422340393066,2.299999952316284,41.1,341.489990234375,-1.67,2.69,9.25,0.02,25.88,0.03,-,8,19.6,34.81,83,-,5.1,1687.5,0.01,41.1,2.56,-,11,2.9,3.98,-,-,64.2,0,35.8,508,34.54,34,26.27,34.5
Thu Apr 02 15:36:49 GMT+03:00 2026,02-apr.-2026 15:36:49.908,9.922300338745117,2.200000047683716,39.2,333.8699951171875,-0.65,1.32,9.54,0,14.12,-0.01,-,8,19.65,34.81,83,2.13,11.76,1674,0.01,39.2,0.94,2.86,11,8.41,10.27,-,-,64.34,0,35.66,510,35.72,35,12.16,20
Thu Apr 02 15:36:51 GMT+03:00 2026,02-apr.-2026 15:36:51.668,8.913959503173828,2.200000047683716,38.4,333.0799865722656,0.25,2.52,9.17,-0.01,12.55,-0.01,-,8,19.7,34.81,83,2.13,3.14,1237.75,0,38.4,1.49,2.86,11,3.05,3.17,-,-,64.48,0,35.52,511,32.09,33,7.84,13.5
Thu Apr 02 15:36:53 GMT+03:00 2026,02-apr.-2026 15:36:53.357,7.886573791503906,2.200000047683716,39.2,347.3299865722656,0.01,4.3,9.22,0.06,26.27,-0.14,-,8,19.73,34.81,83,-,12.55,1380.5,0.01,39.2,0.46,-,11,5.22,6.53,-,-,64.61,0,35.39,513,28.39,29,25.88,22
Thu Apr 02 15:36:54 GMT+03:00 2026,02-apr.-2026 15:36:55.135,8.223201751708984,2.0999999046325684,39.2,346.739990234375,-4.09,2.93,9.63,0.13,29.8,0.05,-,8,19.77,34.81,83,1.87,16.86,2201.75,0.02,39.2,1.61,2.51,11,8.27,14.37,-,-,64.74,0,35.26,515,29.6,30,30.2,21.5
Thu Apr 02 15:36:56 GMT+03:00 2026,02-apr.-2026 15:36:57.012,9.288162231445312,2.200000047683716,38.5,326.1600036621094,-0.76,4.8,9.99,0.15,53.33,-0.17,-,8,19.81,34.81,83,6.15,7.06,2420.75,0.03,38.5,1.06,8.25,11,10.15,19.22,-,-,64.89,0,35.11,517,33.44,33,24.31,25.5
Thu Apr 02 15:36:58 GMT+03:00 2026,02-apr.-2026 15:36:58.830,10.387609481811523,2.299999952316284,39.1,320.7099914550781,-1.34,3.76,9.59,0.08,65.1,-0.12,-,8,19.88,34.95,83,10.72,25.88,1797.5,0.03,39.1,4.57,14.37,11,14.21,22.03,-,-,65.02,0,34.98,518,37.4,38,76.86,4.5
Thu Apr 02 15:37:00 GMT+03:00 2026,02-apr.-2026 15:37:00.604,13.212919235229492,2.5,40.7,316.1600036621094,-1.48,3.42,9.37,0.05,31.76,0.07,-,8,19.97,34.81,83,21.98,30.98,2177.5,0.04,40.7,3.47,29.47,11,14.21,27.87,-,-,65.16,0,34.84,520,47.57,46,34.51,13
Thu Apr 02 15:37:02 GMT+03:00 2026,02-apr.-2026 15:37:02.329,13.772936820983887,2.0,39.5,313.9800109863281,-0.96,4.84,9.26,0.09,32.55,0.05,-,8,20.07,34.81,83,12.14,8.24,2159.75,0.01,39.5,0.37,16.29,11,5.22,7.3,-,-,65.28,0,34.72,522,49.58,50,31.76,27.5
Thu Apr 02 15:37:03 GMT+03:00 2026,02-apr.-2026 15:37:04.159,14.397809982299805,2.200000047683716,38.1,313.260009765625,-1.92,4.04,11.78,0.3,25.88,0.28,-,8,20.18,34.81,83,6.6,16.47,1965,0.02,38.1,2.42,8.85,11,11.6,16.65,-,-,65.42,0,34.58,524,51.83,52,29.02,20
Thu Apr 02 15:37:05 GMT+03:00 2026,02-apr.-2026 15:37:05.864,14.780248641967773,2.299999952316284,37.2,308.239990234375,-0.98,3.17,9.99,0.09,20.78,0.03,-,8,20.29,34.81,83,6.6,4.71,1955,0.01,37.2,0.15,8.85,11,4.93,6.07,-,-,65.54,0,34.46,526,53.21,52,12.16,18.5
Thu Apr 02 15:37:07 GMT+03:00 2026,02-apr.-2026 15:37:07.608,13.581460952758789,2.299999952316284,37.2,302.9800109863281,-1.27,2.48,9.42,0.02,15.29,0.01,-,8,20.39,34.81,83,-,3.14,1983,0.01,37.2,3.11,-,11,5.08,5.19,-,-,65.67,0,34.33,527,48.89,50,17.25,24.5
Thu Apr 02 15:37:09 GMT+03:00 2026,02-apr.-2026 15:37:09.414,10.92343521118164,2.200000047683716,38.0,300.4599914550781,-1.42,2.33,8.92,-0.03,13.33,-0.07,-,8,20.47,34.81,83,-,3.53,1663.5,0,38,1.2,-,11,3.05,3.62,-,-,65.8,0,34.2,529,39.32,44,8.63,19.5
Thu Apr 02 15:37:11 GMT+03:00 2026,02-apr.-2026 15:37:11.189,10.015979766845703,2.0999999046325684,37.8,295.95001220703125,-1.24,2.47,8.09,-0.11,21.96,0,-,8,20.52,34.81,84,-,4.31,1407,0,37.8,2.32,-,11,3.34,3.5,-,-,65.93,0,34.07,531,36.06,37,25.1,18
Thu Apr 02 15:37:12 GMT+03:00 2026,02-apr.-2026 15:37:12.976,9.829649925231934,2.0999999046325684,37.8,292.19000244140625,-0.74,2.59,9.32,0.01,12.55,-0.01,-,8,20.57,34.81,84,-,3.53,1357,0.01,37.8,0.06,-,11,4.79,4.54,-,-,66.06,0,33.94,533,35.39,36,8.24,11.5
Thu Apr 02 15:37:14 GMT+03:00 2026,02-apr.-2026 15:37:14.591,9.023594856262207,2.0999999046325684,38.2,291.4200134277344,-0.55,2.61,9.19,-0.01,16.86,0.03,-,8,20.62,34.81,84,-,3.14,1263.75,0,38.2,1.13,-,11,3.19,2.96,-,-,66.17,0,33.83,534,32.48,33,6.67,5
Thu Apr 02 15:37:16 GMT+03:00 2026,02-apr.-2026 15:37:16.311,8.795058250427246,2.0999999046325684,38.2,291.3299865722656,-0.32,3.08,9.29,0.02,17.25,-0.05,-,8,20.65,34.81,84,-,5.1,1201.75,0.01,38.2,0.04,-,11,5.08,4.76,-,-,66.29,0,33.71,536,31.66,32,13.73,16.5
Thu Apr 02 15:37:17 GMT+03:00 2026,02-apr.-2026 15:37:18.047,8.66071605682373,2.0999999046325684,38.6,290.82000732421875,-0.72,3.63,10.55,0.16,23.14,0.01,-,8,20.69,34.81,84,-,3.92,1123,0.01,38.6,0.66,-,11,7.54,6.06,-,-,66.41,0,33.59,538,31.18,31,22.35,40.5
Thu Apr 02 15:37:19 GMT+03:00 2026,02-apr.-2026 15:37:19.812,8.942784309387207,2.0999999046325684,39.1,292.45001220703125,-0.51,3.35,9.09,0.01,25.49,-0.01,-,8,20.73,34.81,84,2.11,9.8,1223.75,0.01,39.1,0.53,2.83,11,9.57,8.75,-,-,66.53,0,33.47,539,32.19,32,25.88,15
Thu Apr 02 15:37:21 GMT+03:00 2026,02-apr.-2026 15:37:21.596,9.734941482543945,2.200000047683716,39.2,291.3900146484375,-0.73,2.55,9.48,0.02,13.33,0,-,8,20.77,34.81,84,3.92,10.2,1302.25,0.01,39.2,1.03,5.26,11,9.72,9.49,-,-,66.66,0,33.34,541,35.05,34,9.8,12
Thu Apr 02 15:37:23 GMT+03:00 2026,02-apr.-2026 15:37:23.413,8.095551490783691,2.0999999046325684,39.2,290.760009765625,-0.39,3.05,10.12,0.1,12.55,-0.01,-,8,20.81,34.81,84,3.92,3.14,1228,0,39.2,1.45,5.26,11,3.77,3.47,-,-,66.78,0,33.22,543,29.14,32,8.24,16.5
Thu Apr 02 15:37:24 GMT+03:00 2026,02-apr.-2026 15:37:25.113,7.467589855194092,2.200000047683716,39.2,293.45001220703125,-0.74,3.25,9.04,0,25.49,0.02,-,8,20.83,34.81,84,-,6.27,976.5,0,39.2,2.14,-,11,4.35,3.03,-,-,66.89,0,33.11,545,26.88,27,25.1,28
Thu Apr 02 15:37:26 GMT+03:00 2026,02-apr.-2026 15:37:26.872,7.995695114135742,2.200000047683716,39.2,293.8500061035156,-0.76,4.18,9.03,0.04,56.86,0.03,-,8,20.85,34.95,84,3.67,18.43,1373,0.01,39.2,2.44,4.92,11,9.86,10.28,-,-,67.01,0,32.99,547,28.78,29,66.67,1
Thu Apr 02 15:37:28 GMT+03:00 2026,02-apr.-2026 15:37:28.585,9.689645767211914,2.200000047683716,38.9,293.7699890136719,-0.76,4.33,8.88,0.03,61.96,0.01,-,8,20.9,34.95,84,15.22,23.53,1674,0.03,38.9,4.52,20.41,11,14.36,20.58,-,-,67.13,0,32.87,548,34.88,36,73.73,4
Thu Apr 02 15:37:30 GMT+03:00 2026,02-apr.-2026 15:37:30.292,12.425909042358398,2.299999952316284,39.5,292.510009765625,-1.22,4.25,9.18,0.06,67.45,-0.01,-,8,20.97,34.95,83,16.37,29.41,1987,0.03,39.5,1.61,21.95,11,14.21,25.65,-,-,67.24,0,32.76,550,44.73,42,80,5.5
Thu Apr 02 15:37:31 GMT+03:00 2026,02-apr.-2026 15:37:32.037,13.334393501281738,2.4000000953674316,39.7,290.8599853515625,-0.87,2.92,9.4,0.03,25.88,-0.03,-,8,21.06,34.95,83,17.86,12.16,2300.5,0.02,39.7,3.27,23.95,11,11.6,16.46,-,-,67.35,0,32.65,552,48,48,26.27,23.5
Thu Apr 02 15:37:33 GMT+03:00 2026,02-apr.-2026 15:37:33.719,13.346747398376465,2.4000000953674316,40.2,288.20001220703125,-0.65,2.49,9.8,0.05,13.33,-0.04,-,8,21.15,34.95,83,2.99,6.67,2306.25,0.02,40.2,1.85,4.01,11,7.98,13.02,-,-,67.46,0,32.54,553,48.05,49,10.2,26
Thu Apr 02 15:37:35 GMT+03:00 2026,02-apr.-2026 15:37:35.545,12.00538158416748,2.4000000953674316,38.2,288.8599853515625,-0.62,2.55,9.66,0.04,12.94,0,-,8,21.23,34.95,83,2.99,3.92,2170,0.01,38.2,0.56,4.01,11,2.61,3.82,-,-,67.58,0,32.42,555,43.22,45,7.84,29.5
Thu Apr 02 15:37:37 GMT+03:00 2026,02-apr.-2026 15:37:37.355,10.463273048400879,2.200000047683716,38.3,288.3699951171875,-0.25,1.29,9.3,-0.02,12.94,0,-,8,21.29,34.95,83,-,3.14,1884.25,0,38.3,0.11,-,11,2.61,3.51,-,-,67.7,0,32.3,557,37.67,41,10.59,-5
Thu Apr 02 15:37:38 GMT+03:00 2026,02-apr.-2026 15:37:39.040,8.85888385772705,2.200000047683716,38.5,287.42999267578125,-0.62,2.39,9.19,-0.01,12.16,0,-,8,21.32,34.95,83,-,3.14,967,0,38.5,6.67,-,11,4.21,2.98,-,-,67.81,0,32.19,559,31.89,31,7.45,12
Thu Apr 02 15:37:40 GMT+03:00 2026,02-apr.-2026 15:37:40.817,6.793818473815918,2.0999999046325684,37.5,287.7900085449219,-0.3,0.45,9.83,0.02,11.76,0.01,-,8,21.33,34.95,83,-,2.75,842.5,0,37.5,2.57,-,11,4.35,2.76,-,-,67.92,0,32.08,561,24.46,26,6.67,10.5
Thu Apr 02 15:37:42 GMT+03:00 2026,02-apr.-2026 15:37:42.576,3.732250928878784,2.0999999046325684,37.3,289.19000244140625,-0.53,2.83,8.65,-0.05,22.35,-0.07,-,8,21.31,34.95,83,-,3.14,771.75,0,37.3,5.53,-,11,4.79,2.75,-,-,68.03,0,31.97,562,13.44,13,9.8,11
Thu Apr 02 15:37:44 GMT+03:00 2026,02-apr.-2026 15:37:44.336,4.431243419647217,2.0999999046325684,37.3,282.6499938964844,-0.83,4.61,8.5,0.01,54.12,0,-,8,21.28,34.95,83,0.87,12.55,1045,0.01,37.3,0.57,1.16,11,8.99,7.8,-,-,68.14,0,31.86,564,15.95,14,60,-2.5
Thu Apr 02 15:37:45 GMT+03:00 2026,02-apr.-2026 15:37:46.132,5.925482273101807,2.0999999046325684,37.3,282.0400085449219,-0.97,4.76,8.4,0.01,67.06,-0.01,-,8,21.29,35.1,83,14.66,25.1,1693.75,0.03,37.3,8.05,19.66,11,14.36,20.28,-,-,68.25,0,31.75,566,21.33,24,78.43,4.5
Thu Apr 02 15:37:47 GMT+03:00 2026,02-apr.-2026 15:37:47.796,8.883075714111328,2.200000047683716,37.7,286.7799987792969,-0.5,4.02,8.3,-0.04,31.37,-0.04,-,8,21.34,35.1,83,26.58,10.2,2542,0.04,37.7,9.22,35.64,11,14.21,32.16,-,-,68.35,0,31.65,568,31.98,36,11.37,24.5
Thu Apr 02 15:37:49 GMT+03:00 2026,02-apr.-2026 15:37:49.625,11.00784969329834,2.200000047683716,37.5,287.2900085449219,-0.99,3.8,9.01,0.02,33.33,0,-,8,21.39,35.1,83,4.73,25.49,1829,0.03,37.5,2.77,6.34,11,14.21,22.82,-,-,68.47,0,31.53,569,39.63,38,37.25,7.5
Thu Apr 02 15:37:52 GMT+03:00 2026,02-apr.-2026 15:37:52.235,12.122222900390625,2.0999999046325684,36.8,286.1000061035156,-0.63,2.81,9.57,0.04,16.08,0,-,8,21.46,35.1,83,13.87,14.9,2070.5,0.02,36.8,2.17,18.6,10,9.57,14.97,-,-,68.63,0,31.37,572,43.64,44,26.27,22.5
Thu Apr 02 15:37:54 GMT+03:00 2026,02-apr.-2026 15:37:54.808,11.210650444030762,2.200000047683716,36.5,285.9599914550781,-0.66,2.71,9.11,-0.01,18.82,-0.02,-,8,21.53,35.1,83,13.87,3.92,2036.75,0.01,36.5,0.2,18.6,10,3.05,4.03,-,-,68.78,0,31.22,575,40.36,42,8.24,28.5
Thu Apr 02 15:37:57 GMT+03:00 2026,02-apr.-2026 15:37:57.407,10.688206672668457,2.299999952316284,37.4,288.4100036621094,-0.58,3.66,9.29,0.04,28.63,-0.01,-,8,21.58,35.1,83,-,8.63,1945.75,0.01,37.4,0.37,-,11,5.22,7.53,-,-,68.93,0,31.07,577,38.48,39,29.41,23.5
Thu Apr 02 15:37:59 GMT+03:00 2026,02-apr.-2026 15:38:00.072,12.095457077026367,2.299999952316284,38.7,286.4200134277344,-0.78,3.34,9.58,0.06,27.84,0.03,-,8,21.65,35.1,84,-,21.18,2049,0.02,38.7,2.33,-,10,10.88,17.93,-,-,69.09,0,30.91,580,43.54,43,32.16,14.5
Thu Apr 02 15:38:02 GMT+03:00 2026,02-apr.-2026 15:38:02.639,12.561281204223633,2.0,38.7,286.57000732421875,-0.4,2.25,10.32,0.1,12.94,0.07,-,8,21.73,35.1,84,-,8.24,2242.75,0.02,38.7,1.48,-,10,8.56,12.06,-,-,69.24,0,30.76,582,45.22,47,9.41,26
Thu Apr 02 15:38:04 GMT+03:00 2026,02-apr.-2026 15:38:04.396,12.057368278503418,1.899999976158142,38.3,286.0,-0.91,3.54,9.45,0.05,27.45,0,-,8,21.79,35.1,84,-,11.37,2069.5,0.01,38.3,0.66,-,10,3.48,7.17,-,-,69.34,0,30.66,584,43.41,44,28.24,9
Thu Apr 02 15:38:05 GMT+03:00 2026,02-apr.-2026 15:38:06.149,12.405835151672363,1.899999976158142,38.5,285.75,-0.99,3.63,9.51,0.06,37.65,0.06,-,8,21.87,35.1,84,5.72,27.45,2190,0.02,38.5,2.59,7.67,10,8.85,14.16,-,-,69.44,0,30.56,586,44.66,46,43.92,8
Thu Apr 02 15:38:07 GMT+03:00 2026,02-apr.-2026 15:38:07.869,14.266040802001953,2.200000047683716,38.8,286.3999938964844,-0.13,3.41,9.45,0.04,35.69,-0.03,-,8,21.96,34.66,84,20.06,32.16,2470.25,0.04,38.8,4.07,26.9,10,13.05,28.83,-,-,69.54,0,30.46,588,51.36,52,40.78,9
Thu Apr 02 15:38:09 GMT+03:00 2026,02-apr.-2026 15:38:09.678,15.47203540802002,2.200000047683716,38.1,289.8800048828125,-1.41,2.46,10.3,0.11,15.69,0.06,-,8,22.07,34.66,85,17.3,14.12,2688,0.02,38.1,1.65,23.19,10,7.69,14.56,-,-,69.65,0,30.35,589,55.7,57,18.82,25.5
Thu Apr 02 15:38:11 GMT+03:00 2026,02-apr.-2026 15:38:11.486,15.895651817321777,2.0999999046325684,38.1,287.94000244140625,-0.72,2.43,9.44,0.02,13.73,-0.02,-,8,22.17,34.66,85,17.3,18.82,2151.25,0.03,38.1,2.11,23.19,10,13.2,24.7,-,-,69.75,0,30.25,591,57.22,57,11.37,18.5
Thu Apr 02 15:38:13 GMT+03:00 2026,02-apr.-2026 15:38:13.286,15.947638511657715,2.200000047683716,38.0,287.239990234375,-0.69,1.49,9.61,0.01,12.94,-0.01,-,8,22.27,34.66,85,-,3.92,2068.25,0,38,3.22,-,10,2.76,3.73,-,-,69.85,0,30.15,593,57.41,54,8.24,29
Thu Apr 02 15:38:14 GMT+03:00 2026,02-apr.-2026 15:38:15.034,12.504146575927734,2.0,37.8,288.2200012207031,-0.2,2.58,9.18,-0.01,13.33,-0.02,-,8,22.34,34.66,85,-,3.53,1721.5,0,37.8,12.41,-,10,2.76,3.32,-,-,69.95,0,30.05,595,45.01,45,8.63,28
Thu Apr 02 15:38:16 GMT+03:00 2026,02-apr.-2026 15:38:16.759,11.143221855163574,1.7999999523162842,37.7,288.8299865722656,-0.55,3.56,9.69,0.07,27.45,0.01,-,8,22.39,34.66,85,-,4.31,1543.75,0.01,37.7,0.51,-,10,3.19,4.35,-,-,70.04,0,29.96,596,40.12,41,27.45,22
Thu Apr 02 15:38:18 GMT+03:00 2026,02-apr.-2026 15:38:18.520,12.137664794921875,2.200000047683716,38.1,294.1700134277344,-0.61,3.91,9.19,0.04,60.39,0.02,-,8,22.46,34.81,86,5.18,21.57,1616,0.02,38.1,2.2,6.94,10,11.46,18.4,-,-,70.14,0,29.86,598,43.7,43,72.16,3
Thu Apr 02 15:38:20 GMT+03:00 2026,02-apr.-2026 15:38:20.278,13.50991439819336,2.200000047683716,38.5,297.29998779296875,-0.35,3.72,9.01,0.01,47.06,0.02,-,8,22.53,34.95,86,15.14,25.88,1820.25,0.03,38.5,1.5,20.31,10,14.21,22.8,-,-,70.23,0,29.77,600,48.64,48,56.47,4
Thu Apr 02 15:38:21 GMT+03:00 2026,02-apr.-2026 15:38:22.060,14.298983573913574,2.299999952316284,38.3,300.95001220703125,-0.37,3.33,9.39,0.04,29.8,-0.02,-,8,22.63,34.95,86,19.54,28.24,2029,0.03,38.3,5.36,26.21,10,13.92,25.41,-,-,70.33,0,29.67,602,51.48,54,30.98,12.5
Thu Apr 02 15:38:23 GMT+03:00 2026,02-apr.-2026 15:38:23.818,15.749470710754395,2.299999952316284,38.5,305.8900146484375,-0.17,3.38,9.28,0.03,27.84,0,-,8,22.73,34.95,86,10.52,19.61,2142.75,0.02,38.5,2.41,14.11,10,10.44,17.81,-,-,70.43,0,29.57,604,56.7,57,29.41,18.5
Thu Apr 02 15:38:25 GMT+03:00 2026,02-apr.-2026 15:38:25.688,16.006317138671875,2.200000047683716,38.2,311.010009765625,0.26,2.99,9.63,0.05,25.88,-0.02,-,8,22.84,34.95,86,7.11,12.55,2201.75,0.02,38.2,1.44,9.53,10,8.7,13.91,-,-,70.53,0,29.47,605,57.62,59,25.88,21
Thu Apr 02 15:38:27 GMT+03:00 2026,02-apr.-2026 15:38:27.460,15.774177551269531,2.299999952316284,38.7,316.8299865722656,-0.28,3.4,9.51,0.05,26.67,-0.08,-,8,22.94,34.95,86,7.11,12.94,2204.25,0.02,38.7,1.42,9.53,10,7.4,11.85,-,-,70.62,0,29.38,607,56.79,59,26.67,22.5
Thu Apr 02 15:38:28 GMT+03:00 2026,02-apr.-2026 15:38:29.165,15.869915962219238,2.200000047683716,40.5,318.94000244140625,0.1,3.2,9.39,0.03,27.06,-0.07,-,8,23.05,34.95,86,-,14.12,2225.25,0.02,40.5,2.21,-,10,7.83,12.75,-,-,70.71,0,29.29,609,57.13,59,27.45,23
Thu Apr 02 15:38:30 GMT+03:00 2026,02-apr.-2026 15:38:31.172,16.24823570251465,2.299999952316284,39.0,322.9200134277344,-0.2,2.55,9.68,0.04,15.29,-0.02,-,8,23.16,34.95,86,-,14.51,2225.25,0.02,39,0.51,-,10,8.27,13.25,-,-,70.82,0,29.18,611,58.49,59,15.69,23.5
Thu Apr 02 15:38:32 GMT+03:00 2026,02-apr.-2026 15:38:32.881,15.170923233032227,2.299999952316284,37.8,327.44000244140625,0.35,2.65,9.92,0.07,12.94,0.05,-,8,23.25,34.95,86,-,3.92,2118.5,0.01,37.8,0.18,-,10,3.05,4.12,-,-,70.91,0,29.09,613,54.62,56,8.24,28.5
Thu Apr 02 15:38:34 GMT+03:00 2026,02-apr.-2026 15:38:34.688,14.266555786132812,2.200000047683716,37.1,333.6000061035156,0.24,2.52,9.13,-0.01,12.94,0.05,-,8,23.34,34.95,86,-,3.53,1996.5,0,37.1,0.25,-,10,2.61,3.51,-,-,71,0,29,614,51.36,53,8.24,28.5
Thu Apr 02 15:38:36 GMT+03:00 2026,02-apr.-2026 15:38:36.532,13.598960876464844,2.299999952316284,35.6,339.9599914550781,-0.44,2.71,8.83,-0.04,15.29,-0.09,-,8,23.41,34.95,86,-,3.53,1870.25,0,35.6,0.1,-,10,2.61,3.32,-,-,71.09,0,28.91,616,48.96,49,8.63,29.5
Thu Apr 02 15:38:38 GMT+03:00 2026,02-apr.-2026 15:38:38.295,12.757905006408691,2.299999952316284,33.7,343.2799987792969,-0.52,3.06,9.2,0.01,25.49,-0.03,-,8,23.48,34.95,85,-,8.63,1928.75,0.01,33.7,0.52,-,10,4.79,4.16,-,-,71.18,0,28.82,618,45.93,47,25.1,11
Thu Apr 02 15:38:39 GMT+03:00 2026,02-apr.-2026 15:38:40.035,12.721874237060547,2.299999952316284,32.6,343.82000732421875,-0.18,2.99,8.94,-0.02,26.27,-0.01,-,8,23.55,34.95,85,2.99,10.98,1791.5,0.01,32.6,2.07,4.01,10,7.54,9.86,-,-,71.27,0,28.73,620,45.8,48,26.27,21.5
Thu Apr 02 15:38:41 GMT+03:00 2026,02-apr.-2026 15:38:41.788,13.139313697814941,2.200000047683716,35.8,349.3699951171875,-0.46,3.32,9.17,0.01,29.02,0,-,8,23.63,34.95,85,3.09,14.51,1837.25,0.02,35.8,2.07,4.15,10,8.12,11.35,-,-,71.36,0,28.64,622,47.3,49,30.2,19
Thu Apr 02 15:38:43 GMT+03:00 2026,02-apr.-2026 15:38:43.633,14.050372123718262,2.299999952316284,37.1,353.3999938964844,-0.8,2.7,9.03,-0.02,14.12,-0.03,-,8,23.71,34.95,85,6.08,12.55,1920,0.02,37.1,4.37,8.16,10,9.57,13.71,-,-,71.45,0,28.55,623,50.58,51,12.16,22.5
Thu Apr 02 15:38:45 GMT+03:00 2026,02-apr.-2026 15:38:45.276,13.260273933410645,2.4000000953674316,37.4,352.70001220703125,-0.52,2.51,9.72,0.04,12.94,-0.02,-,8,23.78,34.95,85,6.08,3.53,1867.25,0,37.4,0.77,8.16,10,2.76,3.47,-,-,71.54,0,28.46,625,47.74,49,8.24,29
Thu Apr 02 15:38:46 GMT+03:00 2026,02-apr.-2026 15:38:47.031,12.894821166992188,2.200000047683716,37.1,353.8399963378906,-0.41,0.74,9.92,0.03,12.94,0,-,8,23.85,34.95,85,-,3.14,1773.75,0,37.1,0.74,-,10,2.61,3.2,-,-,71.62,0,28.38,627,46.42,47,8.63,29
Thu Apr 02 15:38:48 GMT+03:00 2026,02-apr.-2026 15:38:48.747,10.202823638916016,2.299999952316284,34.9,351.54998779296875,-0.41,0.33,10.21,0.06,12.16,0,-,8,23.88,34.95,85,-,3.14,1102,0,34.9,7.11,-,10,3.05,2.67,-,-,71.71,0,28.29,629,36.73,37,7.84,10
Thu Apr 02 15:38:50 GMT+03:00 2026,02-apr.-2026 15:38:50.466,6.562193393707275,2.200000047683716,36.4,353.6499938964844,-0.49,0.34,9.95,0.03,11.76,0.02,-,8,23.89,34.95,85,-,2.75,921.75,0,36.4,4.18,-,10,4.21,2.83,-,-,71.79,0,28.21,630,23.62,25,7.06,11
Thu Apr 02 15:38:51 GMT+03:00 2026,02-apr.-2026 15:38:52.138,4.548085689544678,2.200000047683716,37.5,355.6099853515625,-0.77,2.42,9.5,0.02,15.29,-0.01,-,8,23.86,34.95,85,-,2.75,822.25,0,37.5,10.62,-,10,4.5,2.7,-,-,71.87,0,28.13,632,16.37,13,5.88,1
Thu Apr 02 15:38:53 GMT+03:00 2026,02-apr.-2026 15:38:53.905,3.6684253215789795,2.0999999046325684,39.0,352.4200134277344,-1,4.55,8.69,0.02,41.18,0,-,8,23.82,34.95,85,-,11.76,932.75,0.01,39,0.59,-,10,7.54,6.91,-,-,71.96,0,28.04,634,13.21,13,32.55,-1
Thu Apr 02 15:38:55 GMT+03:00 2026,02-apr.-2026 15:38:55.610,6.368143558502197,2.0999999046325684,39.2,353.07000732421875,-0.87,2.85,9.52,0.04,14.51,0.01,-,8,23.82,35.1,85,12.11,22.75,1555.75,0.02,39.2,4.24,16.24,10,14.36,18.03,-,-,72.04,0,27.96,635,22.93,22,74.51,4
Thu Apr 02 15:38:57 GMT+03:00 2026,02-apr.-2026 15:38:57.421,7.80833625793457,2.200000047683716,40.0,354.2300109863281,-1.26,4.02,8.97,0.03,56.08,-0.02,-,8,23.83,35.1,85,10.3,18.43,1438.25,0.01,40,1.58,13.81,10,3.48,3.85,-,-,72.13,0,27.87,637,28.11,28,65.1,0
Thu Apr 02 15:38:58 GMT+03:00 2026,02-apr.-2026 15:38:59.133,8.713217735290527,2.200000047683716,39.6,350.54998779296875,-0.84,4.07,8.54,-0.01,62.35,0.03,-,8,23.86,35.1,85,12.98,22.75,1618.25,0.03,39.6,5.89,17.4,10,14.36,20.07,-,-,72.21,0,27.79,639,31.37,34,72.55,3.5
Thu Apr 02 15:39:00 GMT+03:00 2026,02-apr.-2026 15:39:00.959,11.369184494018555,2.299999952316284,40.6,351.5899963378906,-1.16,4.21,9.21,0.06,67.06,0.03,-,8,23.91,35.1,85,20.3,29.02,1985,0.03,40.6,5.55,27.22,10,14.21,25.28,-,-,72.3,0,27.7,641,40.93,42,80,5.5
Thu Apr 02 15:39:02 GMT+03:00 2026,02-apr.-2026 15:39:02.757,13.870734214782715,2.4000000953674316,41.7,352.489990234375,-0.87,2.8,9.31,0.01,15.69,-0.03,-,8,23.98,34.95,85,23.51,34.51,2367.25,0.04,41.7,5.28,31.53,10,14.21,30.25,-,-,72.38,0,27.62,643,49.93,50,17.25,7
Thu Apr 02 15:39:04 GMT+03:00 2026,02-apr.-2026 15:39:04.498,14.85848617553711,2.299999952316284,42.2,351.82000732421875,-0.99,3.67,9.29,0.04,65.88,0,-,8,24.06,34.95,85,9.72,28.63,1964.25,0.03,42.2,2.29,13.04,9,10.59,24.33,-,-,72.46,0,27.54,644,53.49,53,79.22,5
Thu Apr 02 15:39:06 GMT+03:00 2026,02-apr.-2026 15:39:06.213,16.061906814575195,2.299999952316284,42.2,353.19000244140625,-0.72,3.08,8.89,-0.02,27.84,-0.03,-,8,24.16,34.95,85,18.18,24.71,2178.75,0.03,42.2,4.51,24.38,9,11.75,22.5,-,-,72.54,0,27.46,646,57.82,58,28.63,24
Thu Apr 02 15:39:07 GMT+03:00 2026,02-apr.-2026 15:39:08.015,16.088157653808594,2.299999952316284,42.5,352.1300048828125,-0.96,2.58,9.28,0.01,14.9,-0.01,-,8,24.25,34.95,85,3.68,15.69,2233.25,0.02,42.5,1.18,4.93,9,8.99,14.54,-,-,72.62,0,27.38,648,57.92,59,14.9,23.5
Thu Apr 02 15:39:09 GMT+03:00 2026,02-apr.-2026 15:39:09.739,15.688733100891113,2.299999952316284,42.9,352.0799865722656,-0.82,2.51,8.96,-0.03,12.55,0.03,-,8,24.35,34.95,85,3.68,3.92,2159.75,0.01,42.9,0.93,4.93,9,2.9,4.1,-,-,72.7,0,27.3,649,56.48,57,7.84,29
Thu Apr 02 15:39:11 GMT+03:00 2026,02-apr.-2026 15:39:11.455,14.367441177368164,2.299999952316284,41.8,351.6300048828125,-0.37,2.58,9.67,0.04,12.55,0.01,-,8,24.43,34.95,85,-,3.53,2049,0,41.8,0.12,-,9,2.61,3.59,-,-,72.78,0,27.22,651,51.72,54,7.84,29.5
Thu Apr 02 15:39:13 GMT+03:00 2026,02-apr.-2026 15:39:13.197,13.432190895080566,2.200000047683716,40.9,354.32000732421875,-0.28,2.6,9.87,0.06,12.55,0.04,-,8,24.5,34.95,85,-,3.53,1937.75,0,40.9,0.72,-,9,2.61,3.41,-,-,72.86,0,27.14,653,48.36,51,7.84,29.5
Thu Apr 02 15:39:14 GMT+03:00 2026,02-apr.-2026 15:39:14.858,13.104827880859375,2.200000047683716,40.1,355.9100036621094,-1.6,3.17,10.23,0.12,21.96,0.02,-,8,24.56,34.95,85,-,3.14,1824.75,0,40.1,0.36,-,9,2.61,3.19,-,-,72.94,0,27.06,655,47.18,48,8.24,29.5
Thu Apr 02 15:39:16 GMT+03:00 2026,02-apr.-2026 15:39:16.596,12.843348503112793,2.200000047683716,40.4,349.57000732421875,-3.75,2.48,8.81,0.03,27.45,0,-,8,24.62,34.95,85,-,9.41,1765.25,0.01,40.4,0.13,-,10,6.53,8.21,-,-,73.01,0,26.99,656,46.24,46,25.1,22.5
Thu Apr 02 15:39:18 GMT+03:00 2026,02-apr.-2026 15:39:18.443,13.38226318359375,2.4000000953674316,39.7,330.6199951171875,-0.6,3.66,9.04,0.02,30.59,0,-,8,24.68,34.95,85,2.87,15.29,1784.75,0.02,39.7,0.82,3.84,9,9.57,13.34,-,-,73.1,0,26.9,658,48.18,47,32.55,17.5
Thu Apr 02 15:39:20 GMT+03:00 2026,02-apr.-2026 15:39:20.232,14.012283325195312,2.200000047683716,37.4,334.2799987792969,0.04,3.14,8.66,-0.04,27.84,-0.06,-,8,24.76,34.95,85,12.01,16.86,1936.75,0.02,37.4,2.82,16.1,9,10.3,12.99,-,-,73.18,0,26.82,660,50.44,51,28.63,19.5
Thu Apr 02 15:39:21 GMT+03:00 2026,02-apr.-2026 15:39:22.097,13.97985553741455,2.299999952316284,36.4,337.25,-0.54,3.05,9.58,0.05,27.06,0.02,-,8,24.83,34.95,85,6.33,14.51,1995.5,0.02,36.4,2.56,8.48,9,9.14,13.39,-,-,73.26,0,26.74,662,50.33,53,28.63,22
Thu Apr 02 15:39:23 GMT+03:00 2026,02-apr.-2026 15:39:23.772,14.853854179382324,2.4000000953674316,36.0,338.6000061035156,-1.29,2.89,8.76,-0.03,25.1,0.06,-,8,24.91,34.95,85,3.19,10.2,2041,0.01,36,1.39,4.28,9,6.67,9.83,-,-,73.33,0,26.67,664,53.47,54,23.53,23.5
Thu Apr 02 15:39:25 GMT+03:00 2026,02-apr.-2026 15:39:25.472,14.650538444519043,2.299999952316284,35.5,338.2300109863281,-0.7,2.77,9.11,-0.01,25.1,0.01,-,8,24.99,34.95,85,3.19,11.37,2045.5,0.01,35.5,1.21,4.28,9,6.96,10.13,-,-,73.41,0,26.59,665,52.74,54,25.49,23.5
Thu Apr 02 15:39:27 GMT+03:00 2026,02-apr.-2026 15:39:27.216,14.832235336303711,2.0999999046325684,36.9,337.67999267578125,-0.29,3.33,9.38,0.03,25.49,-0.12,-,8,25.07,34.95,85,-,12.16,2040,0.01,36.9,0.56,-,9,7.25,11.05,-,-,73.48,0,26.52,667,53.4,54,26.27,23
Thu Apr 02 15:39:28 GMT+03:00 2026,02-apr.-2026 15:39:28.942,14.840471267700195,2.0,37.0,338.17999267578125,-0.86,3.29,8.78,-0.02,31.76,0.01,-,8,25.14,34.95,85,-,18.43,2058,0.02,37,0.6,-,9,6.82,11.91,-,-,73.56,0,26.44,669,53.43,54,32.16,15
Thu Apr 02 15:39:30 GMT+03:00 2026,02-apr.-2026 15:39:30.728,15.632113456726074,2.200000047683716,38.3,337.67999267578125,-0.89,3.36,8.87,-0.01,32.16,0.02,-,8,25.23,34.95,85,14.03,23.14,2163.75,0.03,38.3,2.58,18.82,9,11.46,21.12,-,-,73.63,0,26.37,670,56.28,58,34.51,11.5
Thu Apr 02 15:39:32 GMT+03:00 2026,02-apr.-2026 15:39:32.533,16.733619689941406,2.200000047683716,39.8,338.9599914550781,-0.69,3.43,9.39,0.04,30.98,0.02,-,8,25.33,34.95,86,11.17,24.71,2293.5,0.03,39.8,2.93,14.98,9,11.31,22.68,-,-,73.71,0,26.29,672,60.24,61,32.55,22.5
Thu Apr 02 15:39:34 GMT+03:00 2026,02-apr.-2026 15:39:34.349,16.99561309814453,1.899999976158142,39.5,340.510009765625,-0.55,3.03,8.7,-0.04,27.45,0.08,-,8,25.43,34.95,86,11.67,7.45,2394.5,0.03,39.5,2.46,15.65,9,10.44,19.66,-,-,73.79,0,26.21,674,61.18,64,11.76,13
Thu Apr 02 15:39:35 GMT+03:00 2026,02-apr.-2026 15:39:36.144,17.248855590820312,2.200000047683716,40.7,341.4200134277344,-0.72,3.33,9.3,0.03,30.2,-0.11,-,8,25.53,34.95,86,11.67,19.22,2359.75,0.02,40.7,0.82,15.65,9,8.7,16.2,-,-,73.86,0,26.14,676,62.1,62,31.37,20
Thu Apr 02 15:39:37 GMT+03:00 2026,02-apr.-2026 15:39:37.924,17.3162841796875,2.0999999046325684,39.0,343.25,-0.66,2.95,9.82,0.07,25.49,0.03,-,8,25.63,34.95,86,12.04,21.57,2430.25,0.02,39,3.54,16.15,9,9.72,18.46,-,-,73.94,0,26.06,678,62.34,65,32.16,18.5
Thu Apr 02 15:39:39 GMT+03:00 2026,02-apr.-2026 15:39:39.636,17.727033615112305,2.299999952316284,37.8,344.1300048828125,-0.41,2.83,9.12,-0.01,26.27,-0.11,-,8,25.74,34.95,86,12.04,11.37,2457,0.01,37.8,0.1,16.15,9,5.95,10.52,-,-,74.01,0,25.99,679,63.82,65,26.27,24.5
Thu Apr 02 15:39:41 GMT+03:00 2026,02-apr.-2026 15:39:41.367,17.839757919311523,2.0,37.5,345.8599853515625,-0.65,3.17,9.76,0.07,28.24,0.03,-,8,25.84,34.95,86,-,14.51,2446,0.02,37.5,1.08,-,9,6.67,12.03,-,-,74.08,0,25.92,681,64.22,65,29.02,23.5
Thu Apr 02 15:39:43 GMT+03:00 2026,02-apr.-2026 15:39:43.212,17.676589965820312,2.200000047683716,37.3,346.3500061035156,-0.9,3.13,9.25,0.02,37.65,-0.06,-,8,25.94,34.95,86,-,6.27,2438,0.02,37.3,0.78,-,9,8.12,12.23,-,-,74.15,0,25.85,683,63.64,65,55.29,25.5
Thu Apr 02 15:39:44 GMT+03:00 2026,02-apr.-2026 15:39:45.025,17.767696380615234,2.0999999046325684,39.1,346.010009765625,-0.46,2.43,9.91,0.06,14.51,0.13,-,8,26.05,34.95,86,8.05,23.53,2015,0.03,39.1,3.36,10.8,9,13.34,24.01,-,-,74.23,0,25.77,685,63.96,67,17.65,25
Thu Apr 02 15:39:46 GMT+03:00 2026,02-apr.-2026 15:39:46.858,18.028146743774414,1.899999976158142,37.2,346.0899963378906,-1.03,2.32,9.02,-0.03,12.94,0.01,-,8,26.15,34.95,86,8.05,3.92,1968.25,0.01,37.2,0.72,10.8,9,2.9,3.83,-,-,74.3,0,25.7,687,64.9,65,8.24,28
Thu Apr 02 15:39:48 GMT+03:00 2026,02-apr.-2026 15:39:48.642,16.779430389404297,2.299999952316284,40.3,345.6700134277344,-0.57,2.42,9.91,0.06,12.94,0.02,-,8,26.24,34.95,86,-,3.53,1880.25,0,40.3,0.27,-,9,2.61,3.4,-,-,74.38,0,25.62,688,60.41,62,8.24,28.5
Thu Apr 02 15:39:50 GMT+03:00 2026,02-apr.-2026 15:39:50.420,16.00889015197754,2.299999952316284,42.2,345.489990234375,-0.73,2.4,9.52,0.02,12.94,0,-,8,26.33,34.95,86,-,3.53,1785.5,0,42.2,0.15,-,9,2.61,3.24,-,-,74.45,0,25.55,690,57.63,59,8.63,28
Thu Apr 02 15:39:51 GMT+03:00 2026,02-apr.-2026 15:39:52.069,15.3901948928833,2.299999952316284,42.2,345.32000732421875,-0.26,0.63,9.97,0.04,12.94,0.01,-,8,26.41,34.95,86,-,3.53,1692.75,0,42.2,1.63,-,9,2.76,3.16,-,-,74.51,0,25.49,692,55.4,56,8.63,28
Thu Apr 02 15:39:53 GMT+03:00 2026,02-apr.-2026 15:39:53.881,12.55510425567627,2.4000000953674316,42.6,346.2300109863281,-0.44,0.92,9.74,0.02,12.55,-0.01,-,8,26.46,34.95,86,-,3.92,1112.5,0,42.6,5.89,-,9,3.34,2.97,-,-,74.59,0,25.41,694,45.2,47,7.45,3
Thu Apr 02 15:39:55 GMT+03:00 2026,02-apr.-2026 15:39:55.610,8.191803932189941,2.299999952316284,41.9,346.05999755859375,-0.19,-0.25,10.04,0.04,12.16,0.05,-,8,26.48,34.95,86,-,2.75,1271,0,41.9,4.88,-,9,3.05,3.01,-,-,74.65,0,25.35,695,29.49,33,7.84,18
Thu Apr 02 15:39:57 GMT+03:00 2026,02-apr.-2026 15:39:57.355,4.018950939178467,2.200000047683716,41.5,347.2799987792969,-1.71,4.28,7.56,-0.08,27.84,0.08,-,8,26.44,34.95,86,-,2.75,919.5,0,41.5,8.8,-,9,4.5,3.04,-,-,74.72,0,25.28,697,14.47,14,7.84,16.5
Thu Apr 02 15:39:59 GMT+03:00 2026,02-apr.-2026 15:39:59.239,4.328299045562744,2.0,41.0,345.8999938964844,-0.85,2.64,9.2,-0,12.94,0,-,8,26.41,35.1,86,-,9.41,666,0.01,41,0.47,-,9,11.17,7.75,-,-,74.8,0,25.2,699,15.58,14,49.02,-11
Thu Apr 02 15:40:00 GMT+03:00 2026,02-apr.-2026 15:40:01.097,4.5419087409973145,1.899999976158142,40.6,344.8900146484375,-1.09,4.54,8.76,0.03,32.16,0.01,-,8,26.39,35.1,86,1.85,7.45,1606.5,0.01,40.6,0.42,2.48,9,3.92,5.45,-,-,74.87,0,25.13,701,16.35,16,36.08,-6
Thu Apr 02 15:40:02 GMT+03:00 2026,02-apr.-2026 15:40:02.903,6.7145514488220215,1.7999999523162842,40.9,343.9200134277344,-0.89,4.46,8.74,0.02,33.73,0,-,8,26.38,35.1,86,11.27,20.39,1725.5,0.02,40.9,5.11,15.11,9,13.2,18,-,-,74.94,0,25.06,703,24.17,24,32.94,10.5
Thu Apr 02 15:40:04 GMT+03:00 2026,02-apr.-2026 15:40:04.605,9.255220413208008,1.7999999523162842,40.7,346.1499938964844,-0.94,2.63,9.16,-0.01,14.51,0,-,8,26.4,35.1,86,18.5,29.02,2367.25,0.03,40.7,4.28,24.81,9,12.33,25.3,-,-,75,0,25,704,33.32,33,15.69,17.5
Thu Apr 02 15:40:06 GMT+03:00 2026,02-apr.-2026 15:40:06.334,10.220839500427246,1.7000000476837158,40.2,344.6000061035156,-1.37,3.87,8.42,-0.03,62.35,0.05,-,8,26.42,35.1,86,2.15,21.57,1702.75,0.01,40.2,0.63,2.88,9,4.5,5.66,-,-,75.07,0,24.93,706,36.8,34,56.47,4
Thu Apr 02 15:40:07 GMT+03:00 2026,02-apr.-2026 15:40:07.959,11.36094856262207,1.7000000476837158,39.1,344.489990234375,-1.43,3.82,8.98,0.02,58.04,0.09,-,8,26.46,35.1,86,24.39,29.41,2019.25,0.03,39.1,6.2,32.71,9,14.21,25.78,-,-,75.13,0,24.87,708,40.9,43,80.39,5
Thu Apr 02 15:40:09 GMT+03:00 2026,02-apr.-2026 15:40:09.719,12.863937377929688,2.200000047683716,39.3,344.8900146484375,-0.78,3.84,8.7,-0.01,29.02,-0.02,-,8,26.52,35.1,85,18.24,5.88,2250.75,0.02,39.3,3.26,24.46,9,11.89,13.91,-,-,75.2,0,24.8,710,46.31,49,13.33,26
Thu Apr 02 15:40:11 GMT+03:00 2026,02-apr.-2026 15:40:11.488,13.171226501464844,2.299999952316284,39.3,343.9700012207031,-1.14,2.17,9.45,0.01,13.73,0,-,8,26.57,35.1,85,18.24,10.59,1839,0.02,39.3,2.65,24.46,9,10.3,15.29,-,-,75.27,0,24.73,711,47.42,49,11.37,19.5
Thu Apr 02 15:40:13 GMT+03:00 2026,02-apr.-2026 15:40:13.293,12.456792831420898,2.299999952316284,39.0,342.4599914550781,-1.04,2.44,9.44,0.02,12.94,0,-,8,26.62,35.1,85,-,3.53,1779.5,0,39,0.18,-,9,2.76,3.39,-,-,75.33,0,24.67,713,44.84,47,9.02,28.5
Thu Apr 02 15:40:14 GMT+03:00 2026,02-apr.-2026 15:40:15.053,12.225682258605957,2.4000000953674316,38.7,342.2900085449219,-0.72,2.32,9.09,-0.02,12.94,-0.04,-,8,26.67,35.1,84,-,3.14,1668.75,0,38.7,0.84,-,9,2.76,3.18,-,-,75.4,0,24.6,715,44.01,44,8.63,28
Thu Apr 02 15:40:16 GMT+03:00 2026,02-apr.-2026 15:40:16.763,11.184913635253906,2.299999952316284,37.6,340.7799987792969,-0.78,1.52,9.7,0.02,14.51,0,-,8,26.7,35.1,84,-,3.53,1561,0,37.6,1.11,-,9,2.9,3.19,-,-,75.46,0,24.54,717,40.27,41,9.02,27
Thu Apr 02 15:40:18 GMT+03:00 2026,02-apr.-2026 15:40:18.530,8.235555648803711,2.0999999046325684,37.2,338.989990234375,-0.35,0.54,9.98,0.04,12.16,0.01,-,8,26.72,35.1,83,-,3.14,1082,0,37.2,3.07,-,9,4.06,3.18,-,-,75.53,0,24.47,718,29.65,33,7.45,9
Thu Apr 02 15:40:20 GMT+03:00 2026,02-apr.-2026 15:40:20.294,4.270650386810303,2.0,37.2,342.4700012207031,-0.61,2.57,8.75,-0.05,11.76,-0.3,-,8,26.7,35.1,83,-,3.14,904.75,0,37.2,5.15,-,9,4.21,2.8,-,-,75.59,0,24.41,720,15.37,18,5.88,-3
Thu Apr 02 15:40:21 GMT+03:00 2026,02-apr.-2026 15:40:21.999,3.459962844848633,2.0,37.7,343.2300109863281,-0.89,4.27,8.91,0.03,28.24,0.02,-,8,26.66,35.1,83,-,4.31,887.75,0,37.7,3.37,-,9,4.06,2.65,-,-,75.65,0,24.35,722,12.46,12,25.49,-7
Thu Apr 02 15:40:23 GMT+03:00 2026,02-apr.-2026 15:40:23.725,4.594925403594971,1.899999976158142,38.3,336.4100036621094,-0.99,4.91,8.75,0.05,58.43,0.02,-,8,26.64,35.1,83,5.37,16.86,1181.25,0.02,38.3,4.21,7.2,9,13.2,13.21,-,-,75.72,0,24.28,724,16.54,17,66.67,0.5
Thu Apr 02 15:40:25 GMT+03:00 2026,02-apr.-2026 15:40:25.531,7.83510160446167,1.899999976158142,38.4,339.5,-0.94,2.69,9.33,0.01,14.51,0,-,8,26.64,35.1,83,18.9,28.63,1995.5,0.03,38.4,6,25.35,9,14.21,24.6,-,-,75.78,0,24.22,725,28.21,28,13.73,15
Thu Apr 02 15:40:27 GMT+03:00 2026,02-apr.-2026 15:40:27.261,8.998888969421387,1.7999999523162842,37.8,339.55999755859375,-1.23,4.17,8.91,0.03,59.61,0.05,-,8,26.65,35.1,83,3.51,21.18,1643.75,0.01,37.8,0.54,4.71,9,3.19,6.83,-,-,75.84,0,24.16,727,32.4,30,69.8,1.5
Thu Apr 02 15:40:28 GMT+03:00 2026,02-apr.-2026 15:40:29.003,10.19561767578125,1.7999999523162842,37.7,340.67999267578125,-0.84,4.07,8.96,0.03,64.31,0,-,8,26.68,35.1,83,19.36,25.49,1789.75,0.03,37.7,5.6,25.97,9,14.21,22.31,-,-,75.91,0,24.09,729,36.7,38,76.47,4.5
Thu Apr 02 15:40:30 GMT+03:00 2026,02-apr.-2026 15:40:30.772,12.36928939819336,1.7999999523162842,38.0,340.0799865722656,-0.52,2.54,9,-0.03,14.12,-0.03,-,8,26.72,35.1,83,19.48,26.67,2129.25,0.03,38,3.67,26.12,9,12.76,23.8,-,-,75.97,0,24.03,731,44.53,45,13.33,16.5
Thu Apr 02 15:40:32 GMT+03:00 2026,02-apr.-2026 15:40:32.596,12.800626754760742,1.7000000476837158,37.9,340.2200012207031,-0.88,3.54,9.01,0.01,30.2,0.07,-,8,26.77,35.1,83,19.48,16.47,1740,0.01,37.9,0.43,26.12,9,8.56,11.19,-,-,76.03,0,23.97,732,46.08,45,32.16,13
Thu Apr 02 15:40:34 GMT+03:00 2026,02-apr.-2026 15:40:34.308,13.690581321716309,1.7000000476837158,38.7,339.7799987792969,-0.69,3.22,9.33,0.03,27.84,-0.03,-,8,26.82,35.1,83,11.33,18.43,1845.25,0.02,38.7,0.78,15.19,9,10.44,16.19,-,-,76.09,0,23.91,734,49.29,49,28.63,14
Thu Apr 02 15:40:35 GMT+03:00 2026,02-apr.-2026 15:40:36.058,14.017430305480957,2.0999999046325684,39.2,340.32000732421875,-0.69,3.29,8.77,-0.02,30.59,0,-,8,26.88,35.1,83,6.45,20,1930.75,0.02,39.2,1.71,8.65,9,10.01,14.78,-,-,76.16,0,23.84,736,50.46,51,32.16,11.5
Thu Apr 02 15:40:37 GMT+03:00 2026,02-apr.-2026 15:40:37.975,14.838412284851074,1.899999976158142,38.3,341.30999755859375,-0.93,3.15,8.97,-0.01,27.06,-0.03,-,8,26.94,35.1,83,9.65,16.47,2040,0.02,38.3,1.6,12.94,9,10.73,18.65,-,-,76.22,0,23.78,738,53.42,54,27.45,20
Thu Apr 02 15:40:39 GMT+03:00 2026,02-apr.-2026 15:40:39.756,15.356223106384277,2.4000000953674316,38.1,341.5899963378906,-0.92,3.14,8.8,-0.02,28.24,-0.04,-,8,27.01,35.1,83,3.18,14.12,2085.5,0.02,38.1,0.79,4.26,9,8.12,12.37,-,-,76.28,0,23.72,740,55.28,55,28.24,21.5
Thu Apr 02 15:40:41 GMT+03:00 2026,02-apr.-2026 15:40:41.435,15.562111854553223,2.5999999046325684,39.2,340.5899963378906,-1.17,3.09,9.68,0.06,28.24,0,-,8,27.08,35.1,83,6.9,16.47,2143.75,0.02,39.2,1.5,9.25,9,9.57,15.14,-,-,76.34,0,23.66,741,56.02,57,29.41,21
Thu Apr 02 15:40:43 GMT+03:00 2026,02-apr.-2026 15:40:43.172,15.800942420959473,2.200000047683716,39.2,342.07000732421875,-0.68,3.25,9.13,0.01,28.63,0,-,8,27.16,35.1,83,3.69,16.08,2189,0.02,39.5,1.98,4.94,9,9.14,14.73,-,-,76.4,0,23.6,743,56.88,58,29.8,21
Thu Apr 02 15:40:44 GMT+03:00 2026,02-apr.-2026 15:40:44.860,15.898224830627441,2.0999999046325684,38.8,339.2900085449219,-1.13,3.15,9.46,0.04,27.84,0,-,8,27.24,35.1,83,3.87,16.86,2244,0.02,38.8,2.12,5.19,9,9.28,15.54,-,-,76.46,0,23.54,745,57.23,59,28.63,22
Thu Apr 02 15:40:46 GMT+03:00 2026,02-apr.-2026 15:40:46.672,16.547290802001953,2.0,39.6,338.0799865722656,-1.31,3.52,10.05,0.11,28.24,0.03,-,8,27.31,35.1,83,3.68,16.47,2269.75,0.02,39.6,0.88,4.93,9,8.41,14.39,-,-,76.52,0,23.48,747,59.57,60,29.41,21.5
Thu Apr 02 15:40:48 GMT+03:00 2026,02-apr.-2026 15:40:48.497,16.58898162841797,2.4000000953674316,39.9,334.8699951171875,-1.01,2.52,9.64,0.04,12.94,-0.01,-,8,27.39,35.1,83,3.59,5.49,2265.75,0.01,39.9,1.57,4.82,9,7.11,8.97,-,-,76.58,0,23.42,748,59.72,61,9.02,22
Thu Apr 02 15:40:50 GMT+03:00 2026,02-apr.-2026 15:40:50.371,15.384532928466797,2.200000047683716,40.0,332.67999267578125,-0.65,2.67,9.47,0.02,12.94,0,-,8,27.47,35.1,84,3.59,3.92,2161.25,0,40,0.08,4.82,9,2.61,3.68,-,-,76.65,0,23.35,750,55.38,57,8.24,29.5
Thu Apr 02 15:40:51 GMT+03:00 2026,02-apr.-2026 15:40:52.147,14.949077606201172,2.5,39.9,334.7300109863281,-0.6,2.63,9.35,0.01,16.08,0,-,8,27.53,35.1,84,-,7.06,2021.25,0.01,39.9,0.38,-,9,3.63,5.94,-,-,76.71,0,23.29,752,53.82,55,15.69,4.5
Thu Apr 02 15:40:53 GMT+03:00 2026,02-apr.-2026 15:40:53.889,14.613993644714355,2.5999999046325684,40.6,335.0400085449219,0.77,2.76,8.81,-0.04,12.94,-0.01,-,8,27.59,35.1,84,-,3.92,2008.25,0.01,40.6,0.11,-,9,3.05,4.02,-,-,76.76,0,23.24,754,52.61,53,8.24,29.5
Thu Apr 02 15:40:55 GMT+03:00 2026,02-apr.-2026 15:40:55.584,13.703449249267578,2.5,40.1,345.5799865722656,-2.47,2.42,9.65,0.06,12.94,0,-,8,27.64,35.1,84,-,3.53,1900.5,0,40.1,0.26,-,9,2.61,3.31,-,-,76.82,0,23.18,755,49.33,50,8.24,29.5
Thu Apr 02 15:40:57 GMT+03:00 2026,02-apr.-2026 15:40:57.474,13.141372680664062,2.4000000953674316,38.9,330.8500061035156,-2.94,3.27,9.26,0.06,26.27,-0.06,-,8,27.69,35.1,84,-,6.67,1702.75,0.01,38.9,1.29,-,9,3.77,4.29,-,-,76.88,0,23.12,757,47.31,47,25.1,21
Thu Apr 02 15:40:59 GMT+03:00 2026,02-apr.-2026 15:40:59.286,13.412117004394531,2.4000000953674316,40.1,322.3800048828125,-0.27,3.17,8.87,-0.02,29.8,-0.03,-,8,27.74,35.1,84,2.77,15.69,1801.75,0.02,40.1,0.57,3.71,9,8.85,12.32,-,-,76.94,0,23.06,759,48.28,48,30.2,17
Thu Apr 02 15:41:00 GMT+03:00 2026,02-apr.-2026 15:41:01.096,13.773966789245605,2.4000000953674316,40.6,323.489990234375,-0.26,3.84,9.41,0.06,30.2,-0.05,-,8,27.79,35.1,84,8.97,18.04,1904.25,0.02,40.6,2.72,12.03,9,10.73,16.39,-,-,77,0,23,761,49.59,51,31.37,15.5
Thu Apr 02 15:41:02 GMT+03:00 2026,02-apr.-2026 15:41:02.869,14.482739448547363,2.4000000953674316,41.3,327.1600036621094,-0.04,3.51,9.74,0.07,29.41,-0.01,-,8,27.85,35.1,84,6.33,20,2005.25,0.02,41.3,1.8,8.48,9,10.73,17.67,-,-,77.06,0,22.94,763,52.14,53,29.8,13.5
Thu Apr 02 15:41:04 GMT+03:00 2026,02-apr.-2026 15:41:04.600,14.711790084838867,2.299999952316284,40.7,333.30999755859375,-0.46,3.18,8.8,-0.03,27.06,0.07,-,8,27.92,35.1,84,6.97,17.25,2079.5,0.02,40.7,2.9,9.35,9,9.86,15.7,-,-,77.11,0,22.89,764,52.96,55,27.45,21
Thu Apr 02 15:41:06 GMT+03:00 2026,02-apr.-2026 15:41:06.288,15.268719673156738,2.4000000953674316,39.7,334.7799987792969,-0.1,3.11,9.2,0.01,25.49,-0.08,-,8,27.98,35.1,84,3.5,11.76,2119.5,0.02,39.7,0.2,4.7,9,8.12,12.7,-,-,77.17,0,22.83,766,54.97,56,25.49,22.5
Thu Apr 02 15:41:07 GMT+03:00 2026,02-apr.-2026 15:41:07.975,15.093714714050293,2.5,39.8,336.57000732421875,0.45,2.87,9.48,0.03,12.94,-0.04,-,8,28.05,35.1,85,3.5,6.27,2107.75,0.01,39.8,1.03,4.7,9,6.96,10.58,-,-,77.22,0,22.78,768,54.34,56,9.02,26
Thu Apr 02 15:41:09 GMT+03:00 2026,02-apr.-2026 15:41:09.730,14.996946334838867,2.299999952316284,41.8,345.1300048828125,-0.18,2.31,8.74,-0.06,12.94,-0.07,-,8,28.1,35.1,85,-,3.53,2015,0,41.8,0.44,-,9,2.61,3.46,-,-,77.28,0,22.72,770,53.99,53,8.24,29.5
Thu Apr 02 15:41:11 GMT+03:00 2026,02-apr.-2026 15:41:11.531,14.237730979919434,2.200000047683716,41.8,348.55999755859375,-0.87,2.43,9.08,-0.02,24.31,0.01,-,8,28.16,35.1,85,-,3.53,1911,0,41.8,0.52,-,9,2.61,3.32,-,-,77.33,0,22.67,771,51.26,50,22.35,22.5
Thu Apr 02 15:41:13 GMT+03:00 2026,02-apr.-2026 15:41:13.304,13.619035720825195,2.200000047683716,43.1,347.010009765625,-0.55,2.11,9.78,0.04,13.33,0.02,-,8,28.21,35.1,85,-,8.24,1891.75,0.01,43.1,0.13,-,9,6.53,8.77,-,-,77.39,0,22.61,773,49.03,50,10.59,23.5
Thu Apr 02 15:41:14 GMT+03:00 2026,02-apr.-2026 15:41:15.052,12.646210670471191,2.0,41.9,347.4700012207031,-0.7,2.56,9.64,0.04,12.94,0.01,-,8,28.24,35.1,85,-,3.14,1740.75,0,41.9,4.03,-,9,2.61,3.14,-,-,77.44,0,22.56,775,45.53,45,8.63,28.5
Thu Apr 02 15:41:16 GMT+03:00 2026,02-apr.-2026 15:41:16.752,11.198296546936035,2.200000047683716,40.1,347.739990234375,-0.72,2.74,9.85,0.06,13.33,-0.04,-,8,28.27,35.1,85,-,3.14,1563.5,0,40.1,0.12,-,9,2.76,3.08,-,-,77.5,0,22.5,777,40.31,41,9.02,28
Thu Apr 02 15:41:18 GMT+03:00 2026,02-apr.-2026 15:41:18.482,10.073113441467285,2.200000047683716,38.5,347.5299987792969,-0.72,2.68,9.08,-0.01,19.61,-0.03,-,8,28.3,35.1,85,-,3.14,1447.75,0,38.5,0.33,-,9,3.05,3.15,-,-,77.55,0,22.45,778,36.26,38,15.29,26.5
Thu Apr 02 15:41:20 GMT+03:00 2026,02-apr.-2026 15:41:20.330,9.986125946044922,2.200000047683716,38.3,346.9599914550781,-0.69,2.96,9.11,-0,14.51,0.07,-,8,28.32,35.1,85,-,7.45,1427.25,0.01,38.3,0.68,-,9,6.53,6.71,-,-,77.61,0,22.39,780,35.95,37,18.04,11
Thu Apr 02 15:41:21 GMT+03:00 2026,02-apr.-2026 15:41:21.984,9.660820960998535,2.200000047683716,38.8,346.8699951171875,-0.72,2.46,8.87,-0.04,12.55,-0.04,-,8,28.33,35.1,85,-,3.53,1337.25,0,38.8,0.05,-,9,3.92,3.61,-,-,77.66,0,22.34,782,34.78,36,7.84,10.5
Thu Apr 02 15:41:23 GMT+03:00 2026,02-apr.-2026 15:41:23.781,8.501667022705078,2.200000047683716,39.2,347.5199890136719,-0.37,2.63,9.44,0.02,11.76,0.01,-,8,28.34,35.1,85,-,2.75,1172.75,0,39.2,0.07,-,9,3.34,2.7,-,-,77.71,0,22.29,784,30.61,31,6.67,3.5
Thu Apr 02 15:41:25 GMT+03:00 2026,02-apr.-2026 15:41:25.580,7.7131123542785645,2.200000047683716,41.0,346.79998779296875,-0.72,2.49,9.26,-0,11.37,0,-,8,28.34,35.1,85,-,2.35,1079.75,0,41,0.71,-,9,3.19,2.44,-,-,77.77,0,22.23,785,27.77,28,5.88,-1.5
Thu Apr 02 15:41:27 GMT+03:00 2026,02-apr.-2026 15:41:27.330,6.793818473815918,2.200000047683716,41.5,348.69000244140625,-0.35,2.08,9.54,0.02,11.37,0.04,-,8,28.33,35.1,85,-,2.35,999,0,41.5,1.19,-,9,3.48,2.44,-,-,77.82,0,22.18,787,24.46,26,6.27,0
Thu Apr 02 15:41:28 GMT+03:00 2026,02-apr.-2026 15:41:29.071,5.651135444641113,2.200000047683716,40.8,348.79998779296875,-0.74,2.34,9.41,0.01,11.37,0,-,8,28.31,35.1,85,-,2.75,741.25,0,40.8,5.46,-,9,4.5,2.42,-,-,77.87,0,22.13,789,20.34,19,6.27,3.5
Thu Apr 02 15:41:30 GMT+03:00 2026,02-apr.-2026 15:41:30.735,3.9129183292388916,2.0999999046325684,40.6,344.0199890136719,-0.71,2.78,9.27,0.01,11.37,0,-,8,28.28,35.1,85,-,2.75,800.5,0,40.6,2.27,-,9,4.79,2.68,-,-,77.92,0,22.08,791,14.09,15,6.27,5.5
Thu Apr 02 15:41:32 GMT+03:00 2026,02-apr.-2026 15:41:32.499,3.1331140995025635,2.0999999046325684,40.6,345.0199890136719,-0.91,2.76,9.2,0,11.37,-0.01,-,8,28.25,35.1,85,-,2.75,785.25,0,40.6,0.38,-,9,4.64,2.64,-,-,77.98,0,22.02,792,11.28,13,6.27,8
Thu Apr 02 15:41:34 GMT+03:00 2026,02-apr.-2026 15:41:34.267,3.3055460453033447,1.899999976158142,41.9,345.8900146484375,-0.66,2.7,9.41,0.02,14.12,0.01,-,8,28.21,35.1,85,-,4.31,797.75,0,41.9,1.34,-,9,4.79,2.65,-,-,78.03,0,21.97,794,11.9,11,23.14,3.5
Thu Apr 02 15:41:35 GMT+03:00 2026,02-apr.-2026 15:41:36.004,3.153702974319458,1.7999999523162842,41.6,348.8699951171875,-0.7,3.23,10.1,0.1,16.47,0.02,-,8,28.17,35.1,85,0.75,5.88,1341.5,0.01,41.6,0.1,1,9,6.38,5.17,-,-,78.08,0,21.92,796,11.35,12,9.41,23.5
Thu Apr 02 15:41:37 GMT+03:00 2026,02-apr.-2026 15:41:37.781,3.176865577697754,1.7999999523162842,41.5,344.7900085449219,-0.98,4.33,9.08,0.05,28.63,0.03,-,8,28.14,35.1,85,0.8,6.27,914.75,0.01,41.5,1.68,1.07,9,5.51,4.35,-,-,78.13,0,21.87,798,11.44,13,26.67,3.5
Thu Apr 02 15:41:39 GMT+03:00 2026,02-apr.-2026 15:41:39.527,6.004749298095703,1.7999999523162842,41.5,347.760009765625,-0.72,2.72,8.99,-0.02,14.12,-0.02,-,8,28.12,35.1,85,7.05,19.61,1377,0.02,41.5,3.6,9.45,9,13.92,15.76,-,-,78.18,0,21.82,799,21.62,19,71.37,3.5
Thu Apr 02 15:41:41 GMT+03:00 2026,02-apr.-2026 15:41:41.199,7.431044578552246,1.7999999523162842,41.6,346.44000244140625,-1.02,3.67,8.85,0,52.94,-0.02,-,8,28.11,35.1,85,11.4,14.51,1419.25,0.01,41.6,0.62,15.28,9,3.77,4.04,-,-,78.23,0,21.77,801,26.75,26,62.75,-2
Thu Apr 02 15:41:42 GMT+03:00 2026,02-apr.-2026 15:41:43.039,8.145994186401367,1.7999999523162842,40.8,346.8399963378906,-0.71,4.06,9.03,0.03,59.61,0.01,-,8,28.12,35.1,85,9.44,20.78,1449.25,0.02,40.8,4.25,12.66,9,14.36,17.67,-,-,78.29,0,21.71,803,29.33,31,69.41,2.5
Thu Apr 02 15:41:44 GMT+03:00 2026,02-apr.-2026 15:41:44.894,10.640852928161621,2.0,39.7,348.67999267578125,-0.97,4.19,9.04,0.04,65.88,0.02,-,8,28.14,35.1,85,18.41,27.06,1854.25,0.03,39.7,5.07,24.68,9,14.21,23.12,-,-,78.34,0,21.66,805,38.31,39,78.04,4.5
Thu Apr 02 15:41:46 GMT+03:00 2026,02-apr.-2026 15:41:46.683,13.427043914794922,2.299999952316284,39.6,349.2900085449219,-1.37,4.08,8.17,-0.04,70.59,-0.05,-,8,28.19,34.95,85,25.84,32.94,2261.5,0.04,39.6,4.41,34.65,9,14.21,28.89,-,-,78.39,0,21.61,807,48.34,48,85.49,6
Thu Apr 02 15:41:48 GMT+03:00 2026,02-apr.-2026 15:41:48.424,15.336663246154785,2.200000047683716,39.6,349.32000732421875,-0.99,3.6,8.98,0.01,35.69,0.01,-,8,28.25,34.95,85,26.45,7.45,2605.75,0.04,39.6,1.98,35.46,9,14.21,30.39,-,-,78.44,0,21.56,808,55.21,56,32.94,25
Thu Apr 02 15:41:50 GMT+03:00 2026,02-apr.-2026 15:41:50.192,15.634172439575195,2.299999952316284,39.9,349.4100036621094,-0.84,2.5,8.98,-0.03,14.9,-0.02,-,8,28.31,34.95,84,3.52,11.76,2152.5,0.02,39.9,1.79,4.72,9,10.44,16.25,-,-,78.49,0,21.51,810,56.28,57,14.51,23.5
Thu Apr 02 15:41:51 GMT+03:00 2026,02-apr.-2026 15:41:51.929,15.312471389770508,2.0999999046325684,39.1,350.3399963378906,-1.05,2.83,9.98,0.08,17.25,-0.01,-,8,28.37,34.95,84,3.52,3.92,2083,0.01,39.1,1.28,4.72,9,2.9,3.98,-,-,78.54,0,21.46,812,55.12,55,8.24,29
Thu Apr 02 15:41:53 GMT+03:00 2026,02-apr.-2026 15:41:53.700,14.356632232666016,2.200000047683716,40.2,348.6000061035156,-0.7,3.13,9.84,0.07,23.14,0,-,8,28.43,34.95,84,-,9.02,2059,0.01,40.2,4.01,-,9,5.51,7.69,-,-,78.59,0,21.41,814,51.68,53,22.35,24.5
Thu Apr 02 15:41:55 GMT+03:00 2026,02-apr.-2026 15:41:55.498,14.440016746520996,2.200000047683716,40.7,347.82000732421875,-0.51,2.88,9.78,0.06,12.94,0.01,-,8,28.48,34.95,84,-,5.1,1993.5,0.01,40.7,1.21,-,9,6.09,8.04,-,-,78.64,0,21.36,815,51.98,53,8.63,9
Thu Apr 02 15:41:57 GMT+03:00 2026,02-apr.-2026 15:41:57.273,13.305569648742676,2.299999952316284,41.3,348.3999938964844,-1.22,3.24,9.44,0.04,23.14,0.03,-,8,28.53,34.95,84,-,3.53,1887,0,41.3,1.17,-,9,2.61,3.34,-,-,78.69,0,21.31,817,47.9,50,17.65,23.5
Thu Apr 02 15:41:58 GMT+03:00 2026,02-apr.-2026 15:41:59.001,13.043061256408691,2.299999952316284,40.8,348.010009765625,-0.6,2.74,8.83,-0.04,27.45,-0.04,-,8,28.57,34.95,84,-,10.59,1884.25,0.01,40.8,0.1,-,9,6.96,8.81,-,-,78.74,0,21.26,819,46.96,48,27.06,22
Thu Apr 02 15:42:00 GMT+03:00 2026,02-apr.-2026 15:42:00.694,13.851689338684082,2.200000047683716,41.2,349.2300109863281,-0.81,3.38,9.08,0.01,29.8,0,-,8,28.62,34.95,84,6.09,17.25,1888,0.02,41.2,2.06,8.17,9,10.15,14.74,-,-,78.79,0,21.21,821,49.87,50,31.37,15
Thu Apr 02 15:42:02 GMT+03:00 2026,02-apr.-2026 15:42:02.520,14.716423034667969,2.299999952316284,41.6,348.7300109863281,-1.89,3.66,9.21,0.05,38.43,0,-,8,28.67,34.95,84,9.84,19.61,2001.75,0.02,41.6,1.31,13.2,9,10.73,17.83,-,-,78.84,0,21.16,822,52.98,53,41.18,4.5
Thu Apr 02 15:42:04 GMT+03:00 2026,02-apr.-2026 15:42:04.273,15.958447456359863,2.0999999046325684,41.5,344.9200134277344,-0.72,3.51,8.92,-0,68.24,-0.03,-,8,28.73,34.95,84,17.27,31.37,2177.5,0.04,41.5,2.69,23.16,9,14.07,27.89,-,-,78.89,0,21.11,824,57.45,58,82.75,5.5
Thu Apr 02 15:42:05 GMT+03:00 2026,02-apr.-2026 15:42:06.042,16.281692504882812,2.299999952316284,41.3,346.4599914550781,-0.57,3.58,8.74,-0.02,62.75,-0.03,-,8,28.8,34.95,84,11.35,4.71,2171.25,0.01,41.3,3.55,15.23,9,5.95,7.92,-,-,78.93,0,21.07,826,58.61,61,61.18,-10.5
Thu Apr 02 15:42:07 GMT+03:00 2026,02-apr.-2026 15:42:07.809,16.780458450317383,2.4000000953674316,39.9,347.6700134277344,-0.62,3.85,10.07,0.12,64.31,-0.02,-,8,28.88,34.81,84,11.72,27.45,1920,0.03,39.9,4.34,15.72,9,14.21,24.75,-,-,78.98,0,21.02,828,60.41,64,77.25,4.5
Thu Apr 02 15:42:09 GMT+03:00 2026,02-apr.-2026 15:42:09.546,17.257091522216797,2.0999999046325684,39.8,348.9599914550781,-0.78,2.79,9,-0.02,26.67,-0.05,-,8,28.96,34.81,84,12.41,12.94,2008.25,0.02,39.8,5.55,16.65,9,10.15,12.07,-,-,79.03,0,20.97,829,62.13,67,26.67,23
Thu Apr 02 15:42:11 GMT+03:00 2026,02-apr.-2026 15:42:11.349,17.997777938842773,2.4000000953674316,42.0,349.4800109863281,-0.77,2.45,8.98,-0.03,13.73,-0.01,-,8,29.04,34.81,84,12.41,12.94,2005.25,0.02,42,4.33,16.65,9,8.12,11.83,-,-,79.08,0,20.92,831,64.79,67,11.37,21.5
Thu Apr 02 15:42:12 GMT+03:00 2026,02-apr.-2026 15:42:13.098,17.486143112182617,2.299999952316284,43.0,348.9200134277344,-1.17,2.82,9.63,0.05,27.45,-0.02,-,8,29.12,34.81,84,-,8.63,1983,0.01,43,0.21,-,9,3.05,5.32,-,-,79.12,0,20.88,833,62.95,65,28.24,9
Thu Apr 02 15:42:14 GMT+03:00 2026,02-apr.-2026 15:42:14.764,17.62254524230957,2.4000000953674316,43.2,348.739990234375,-0.56,2.52,9.18,-0.01,25.1,0.04,-,8,29.2,34.81,85,-,14.12,1961,0.02,43.2,1.58,-,9,8.85,13,-,-,79.17,0,20.83,835,63.44,65,25.1,22
Thu Apr 02 15:42:16 GMT+03:00 2026,02-apr.-2026 15:42:16.441,17.401729583740234,2.4000000953674316,42.4,348.4800109863281,-0.59,2.62,9.16,-0.01,13.33,-0.01,-,8,29.27,34.81,85,-,4.31,1881.25,0.01,42.4,0.42,-,9,4.06,5.05,-,-,79.21,0,20.79,836,62.65,64,8.63,23.5
Thu Apr 02 15:42:18 GMT+03:00 2026,02-apr.-2026 15:42:18.238,17.436729431152344,2.200000047683716,43.1,349.2099914550781,-0.67,2.87,9.01,-0.01,27.45,-0.01,-,8,29.34,34.81,85,-,10.98,1958,0.01,43.1,0.65,-,9,5.37,6.05,-,-,79.26,0,20.74,838,62.77,62,27.06,22
Thu Apr 02 15:42:20 GMT+03:00 2026,02-apr.-2026 15:42:20.695,17.324520111083984,2.0,42.9,350.3299865722656,-0.81,2.42,9.7,0.04,26.27,-0.12,-,8,29.41,34.81,85,3.61,11.37,1885.25,0.02,42.9,0.23,4.84,9,9.14,12.86,-,-,79.33,0,20.67,841,62.37,63,26.27,22.5
Thu Apr 02 15:42:23 GMT+03:00 2026,02-apr.-2026 15:42:23.404,17.39400863647461,2.299999952316284,42.8,349.7300109863281,-0.47,2.75,9.8,0.06,14.51,0.01,-,8,29.48,34.81,85,3.61,11.76,1900.5,0.01,42.8,0.75,4.84,9,7.98,10.85,-,-,79.4,0,20.6,843,62.62,63,24.71,22.5
Thu Apr 02 15:42:25 GMT+03:00 2026,02-apr.-2026 15:42:25.930,17.192750930786133,2.299999952316284,40.5,352.5199890136719,-0.49,3.09,10.27,0.11,25.49,0.01,-,8,29.55,34.81,85,-,3.53,1838,0,40.5,1.04,-,9,2.76,3.33,-,-,79.46,0,20.54,846,61.89,61,25.88,17.5
Thu Apr 02 15:42:28 GMT+03:00 2026,02-apr.-2026 15:42:28.576,15.933226585388184,2.4000000953674316,40.2,355.3500061035156,-0.56,2.48,9.21,-0.01,13.33,-0.02,-,8,29.61,34.81,86,-,3.92,1754.5,0.01,40.2,0.45,-,9,7.69,8.46,-,-,79.53,0,20.47,848,57.36,59,8.63,28
Thu Apr 02 15:42:31 GMT+03:00 2026,02-apr.-2026 15:42:31.275,14.679363250732422,2.5,40.8,355.1700134277344,-0.83,2.92,9.46,0.03,21.96,0.01,-,8,29.67,34.81,86,-,3.14,1412.75,0,40.8,2.44,-,9,2.76,3.12,-,-,79.6,0,20.4,851,52.85,55,16.08,12.5
Thu Apr 02 15:42:33 GMT+03:00 2026,02-apr.-2026 15:42:33.216,14.728775978088379,2.299999952316284,42.4,356.0199890136719,-0.73,3.04,9.4,0.03,27.84,0.01,-,8,29.72,34.81,86,-,12.94,2017,0.01,42.4,0.15,-,9,6.53,9.43,-,-,79.65,0,20.35,853,53.02,53,28.24,22.5
Thu Apr 02 15:42:34 GMT+03:00 2026,02-apr.-2026 15:42:35.035,15.03194808959961,2.4000000953674316,42.8,356.3399963378906,-0.4,2.32,9.37,0,12.94,-0.1,-,8,29.77,34.81,86,3.08,5.88,2048,0.02,42.8,0.98,4.13,9,9.14,13.39,-,-,79.7,0,20.3,855,54.12,54,9.02,12.5
Thu Apr 02 15:42:36 GMT+03:00 2026,02-apr.-2026 15:42:36.827,14.121918678283691,2.5,44.3,357.0899963378906,-0.81,2.77,9.83,0.06,12.94,-0.03,-,8,29.81,34.81,86,3.08,3.53,1938.75,0,44.3,0.98,4.13,9,2.61,3.36,-,-,79.74,0,20.26,857,50.84,51,8.63,29
Thu Apr 02 15:42:38 GMT+03:00 2026,02-apr.-2026 15:42:38.624,12.841804504394531,2.4000000953674316,44.7,355.4800109863281,-0.86,3.01,9.76,0.06,13.33,0.01,-,8,29.85,34.81,86,-,3.14,1836.25,0,44.7,0.22,-,9,2.61,3.17,-,-,79.79,0,20.21,859,46.23,48,8.24,29
Thu Apr 02 15:42:40 GMT+03:00 2026,02-apr.-2026 15:42:40.343,11.927143096923828,2.5999999046325684,45.1,354.1700134277344,-0.65,1.77,9.83,0.04,12.55,0.02,-,8,29.88,34.81,85,-,3.14,1098,0,45.1,0.8,-,9,3.48,2.87,-,-,79.83,0,20.17,860,42.94,46,7.84,7
Thu Apr 02 15:42:41 GMT+03:00 2026,02-apr.-2026 15:42:42.078,11.201899528503418,2.4000000953674316,44.3,354.0400085449219,-0.6,2.12,9.13,-0.02,11.76,0,-,8,29.9,34.81,85,-,2.75,932.25,0,44.3,4.94,-,9,4.06,2.79,-,-,79.87,0,20.13,862,40.33,38,7.06,7.5
Thu Apr 02 15:42:43 GMT+03:00 2026,02-apr.-2026 15:42:43.804,8.535638809204102,2.200000047683716,43.7,355.5,0.09,2.06,9.34,-0.01,11.76,0,-,8,29.9,34.81,85,-,2.75,861.5,0,43.7,4,-,9,4.21,2.64,-,-,79.92,0,20.08,864,30.73,31,6.67,10
Thu Apr 02 15:42:45 GMT+03:00 2026,02-apr.-2026 15:42:45.559,6.656902313232422,2.0999999046325684,44.8,358.7200012207031,-0.07,1.2,9.73,0.02,11.37,0.06,-,8,29.89,34.81,85,-,2.75,806.25,0,44.8,2.45,-,9,4.35,2.6,-,-,79.96,0,20.04,865,23.96,25,6.67,9
Thu Apr 02 15:42:47 GMT+03:00 2026,02-apr.-2026 15:42:47.241,4.530584812164307,2.299999952316284,42.8,4.409999847412109,0.4,3.63,9.03,0.01,21.57,-0.33,-,8,29.86,34.81,85,-,2.75,781.75,0,42.8,3.4,-,9,4.64,2.57,-,-,80,0,20,867,16.31,16,6.27,8.5
Thu Apr 02 15:42:48 GMT+03:00 2026,02-apr.-2026 15:42:49.023,4.02358341217041,2.299999952316284,42.0,7.53000020980835,-1.1,4.01,8.81,0.01,28.63,0,-,8,29.83,34.81,85,-,19.22,1282,0.01,42,1.31,-,9,9.43,8.85,-,-,80.04,0,19.96,869,14.48,15,31.37,11.5
Thu Apr 02 15:42:50 GMT+03:00 2026,02-apr.-2026 15:42:50.931,6.090708255767822,2.200000047683716,40.9,12.699999809265137,-1.96,3.93,8.89,0.03,31.37,0,-,8,29.82,34.81,85,10.54,19.22,1634.5,0.02,40.9,4.01,14.13,9,10.59,13.63,-,-,80.09,0,19.91,871,21.93,23,34.12,9
Thu Apr 02 15:42:52 GMT+03:00 2026,02-apr.-2026 15:42:52.662,7.837160587310791,2.299999952316284,39.9,357.8299865722656,-2.76,3.49,8.96,0.04,56.86,0.08,-,8,29.82,34.81,85,10.32,4.31,1927.75,0.01,39.9,1.84,13.84,9,5.37,6.93,-,-,80.13,0,19.87,873,28.21,29,44.31,19.5
Thu Apr 02 15:42:54 GMT+03:00 2026,02-apr.-2026 15:42:54.442,9.615011215209961,2.299999952316284,40.1,341.510009765625,-1.01,4.41,8.67,0.02,61.96,-0.02,-,8,29.83,34.95,85,10.2,23.53,1627.5,0.03,40.1,2.65,13.67,9,14.21,19.72,-,-,80.18,0,19.82,874,34.61,34,72.94,4
Thu Apr 02 15:42:56 GMT+03:00 2026,02-apr.-2026 15:42:56.264,12.057368278503418,2.4000000953674316,40.1,344.5299987792969,-0.32,2.89,9.95,0.08,15.69,-0.01,-,8,29.85,34.95,85,23.74,29.41,2021.25,0.03,40.1,8.39,31.84,9,14.21,25.88,-,-,80.22,0,19.78,876,43.41,43,41.57,5.5
Thu Apr 02 15:42:57 GMT+03:00 2026,02-apr.-2026 15:42:58.049,12.143326759338379,2.299999952316284,40.4,349.739990234375,-0.28,4.03,9.02,0.03,61.96,0.01,-,8,29.88,34.95,85,5.54,23.14,1884.25,0.01,40.4,1.59,7.43,9,3.19,6.77,-,-,80.26,0,19.74,878,43.72,45,75.29,-7.5
Thu Apr 02 15:42:59 GMT+03:00 2026,02-apr.-2026 15:42:59.699,14.127065658569336,2.299999952316284,39.5,355.79998779296875,-1.74,3.58,8.4,-0.03,65.1,-0.05,-,8,29.93,34.95,85,21.65,27.84,1938.75,0.03,39.5,5.02,29.04,9,14.21,24.73,-,-,80.3,0,19.7,880,50.86,52,78.43,4.5
Thu Apr 02 15:43:01 GMT+03:00 2026,02-apr.-2026 15:43:01.544,15.345928192138672,2.299999952316284,39.6,354.8599853515625,-0.68,3.19,9.16,0.01,27.84,-0.04,-,8,29.98,34.81,85,18.11,14.9,2119.5,0.03,39.6,3.14,24.29,9,14.07,21.2,-,-,80.35,0,19.65,881,55.25,57,27.84,21.5
Thu Apr 02 15:43:03 GMT+03:00 2026,02-apr.-2026 15:43:03.318,15.860136032104492,2.200000047683716,40.8,355.9100036621094,-0.98,2.22,9.17,-0.01,14.9,-0.07,-,8,30.04,34.81,85,3.42,15.69,2171.25,0.02,40.8,2.81,4.59,9,8.85,14.42,-,-,80.39,0,19.61,883,57.1,58,14.9,22.5
Thu Apr 02 15:43:04 GMT+03:00 2026,02-apr.-2026 15:43:04.980,16.050067901611328,2.299999952316284,42.3,355.2300109863281,-0.89,2.56,9.21,-0,12.55,0,-,8,30.09,34.81,85,3.42,3.92,2126.75,0.01,42.3,1.1,4.59,9,2.9,4.1,-,-,80.43,0,19.57,885,57.78,56,8.24,29
Thu Apr 02 15:43:06 GMT+03:00 2026,02-apr.-2026 15:43:06.652,14.40295696258545,2.200000047683716,42.1,355.7699890136719,-0.94,3.21,9.71,0.07,25.49,0.02,-,8,30.14,34.81,85,-,5.49,2058,0,42.1,1.24,-,9,2.61,3.54,-,-,80.47,0,19.53,887,51.85,53,25.49,17
Thu Apr 02 15:43:08 GMT+03:00 2026,02-apr.-2026 15:43:08.445,14.71848201751709,2.200000047683716,42.4,355.1600036621094,-1.09,3.35,9.21,0.02,29.41,0,-,8,30.19,34.81,85,3.42,13.33,2030.25,0.02,42.4,0.25,4.59,9,7.98,11.55,-,-,80.51,0,19.49,888,52.99,54,30.2,21
Thu Apr 02 15:43:10 GMT+03:00 2026,02-apr.-2026 15:43:10.256,14.658259391784668,2.299999952316284,41.9,355.7799987792969,-0.88,2.68,9.65,0.04,13.33,0,-,8,30.24,34.81,85,7.12,9.41,2107.75,0.02,41.9,3.01,9.55,9,10.3,15.39,-,-,80.55,0,19.45,890,52.77,56,9.8,2.5
Thu Apr 02 15:43:11 GMT+03:00 2026,02-apr.-2026 15:43:11.905,14.76223373413086,2.4000000953674316,41.9,356.44000244140625,-0.69,2.95,9.13,-0,25.88,0,-,8,30.29,34.81,85,7.12,8.63,2057,0.01,41.9,0.23,9.55,9,2.76,4.82,-,-,80.59,0,19.41,892,53.14,53,25.49,24.5
Thu Apr 02 15:43:13 GMT+03:00 2026,02-apr.-2026 15:43:13.680,14.297439575195312,2.299999952316284,45.9,355.25,-0.53,3.16,9.33,0.02,25.1,0.08,-,8,30.33,34.81,85,-,8.63,2016,0.01,45.9,1.67,-,9,7.11,9.93,-,-,80.63,0,19.37,894,51.47,53,23.92,24.5
Thu Apr 02 15:43:15 GMT+03:00 2026,02-apr.-2026 15:43:15.551,13.996326446533203,2.4000000953674316,47.5,356.1300048828125,-0.56,3.42,9.78,0.08,27.06,-0.04,-,8,30.38,34.81,85,-,13.33,2013.75,0.01,47.5,2.31,-,9,7.54,10.9,-,-,80.67,0,19.33,895,50.39,53,27.84,23
Thu Apr 02 15:43:17 GMT+03:00 2026,02-apr.-2026 15:43:17.303,15.072610855102539,2.4000000953674316,49.2,356.1700134277344,-1.74,3.24,8.86,-0,31.37,-0.01,-,8,30.43,34.81,85,6.76,20.39,2072.75,0.02,49.2,4.61,9.06,9,10.44,16.96,-,-,80.71,0,19.29,897,54.26,55,32.55,13.5
Thu Apr 02 15:43:18 GMT+03:00 2026,02-apr.-2026 15:43:19.105,15.619760513305664,2.4000000953674316,48.6,354.32000732421875,-0.68,3.57,9.23,0.03,32.94,-0.03,-,8,30.48,34.81,85,10.07,24.71,2196.5,0.03,48.6,3.74,13.5,9,11.6,21.5,-,-,80.75,0,19.25,899,56.23,58,35.69,11
Thu Apr 02 15:43:20 GMT+03:00 2026,02-apr.-2026 15:43:20.910,16.88031578063965,2.5,46.8,354.7200012207031,-0.8,2.63,9.19,-0,19.22,-0.02,-,8,30.54,34.81,85,15.26,18.82,2323,0.02,46.8,3.78,20.46,9,9.72,17.19,-,-,80.79,0,19.21,901,60.77,62,30.59,20
Thu Apr 02 15:43:22 GMT+03:00 2026,02-apr.-2026 15:43:22.709,16.77685546875,2.5,48.9,355.70001220703125,-0.52,2.68,9.57,0.03,12.94,0.01,-,8,30.6,34.81,85,15.26,4.31,2290.5,0.01,48.9,1.94,20.46,9,3.34,4.99,-,-,80.84,0,19.16,903,60.4,61,8.63,29.5
Thu Apr 02 15:43:24 GMT+03:00 2026,02-apr.-2026 15:43:24.420,15.708807945251465,2.299999952316284,48.9,355.8299865722656,-0.78,2.52,9.86,0.06,13.33,0,-,8,30.66,34.81,86,-,6.67,2225.25,0.01,48.9,4.35,-,9,2.61,5.13,-,-,80.87,0,19.13,904,56.55,58,10.59,25.5
Thu Apr 02 15:43:26 GMT+03:00 2026,02-apr.-2026 15:43:26.208,14.666495323181152,2.200000047683716,46.2,356.2900085449219,-0.7,3.16,9.97,0.09,12.94,0.05,-,8,30.71,34.81,86,-,3.53,2090,0,46.2,1.55,-,9,2.61,3.52,-,-,80.91,0,19.09,906,52.8,55,7.84,29.5
Thu Apr 02 15:43:27 GMT+03:00 2026,02-apr.-2026 15:43:28.019,14.255746841430664,2.299999952316284,44.6,355.17999267578125,-0.85,2.71,9.33,0.01,12.94,0.03,-,8,30.75,34.81,86,-,3.53,1988.25,0,44.6,0.8,-,9,2.61,3.37,-,-,80.95,0,19.05,908,51.32,52,8.24,29
Thu Apr 02 15:43:29 GMT+03:00 2026,02-apr.-2026 15:43:29.661,13.474398612976074,2.4000000953674316,44.9,354.8699951171875,-0.72,2.61,9.81,0.06,12.94,0.03,-,8,30.79,34.81,86,-,3.53,1879.5,0,44.9,0.99,-,9,2.61,3.23,-,-,80.99,0,19.01,910,48.51,50,8.24,29
Thu Apr 02 15:43:31 GMT+03:00 2026,02-apr.-2026 15:43:31.495,13.061591148376465,2.299999952316284,44.9,354.8800048828125,-1,3.15,9.57,0.05,25.49,0.08,-,8,30.82,34.81,86,-,3.14,1787.25,0,44.9,0.36,-,9,2.61,3.11,-,-,81.03,0,18.97,911,47.02,47,23.92,23.5
Thu Apr 02 15:43:32 GMT+03:00 2026,02-apr.-2026 15:43:33.001,13.391013145446777,2.299999952316284,44.6,355.739990234375,-1.09,3.75,9.5,0.07,28.24,0.04,-,8,30.85,34.81,86,-,11.37,1732,0.01,44.6,1.02,-,9,7.4,9.03,-,-,81.07,0,18.93,913,48.21,46,28.63,20
Thu Apr 02 15:43:34 GMT+03:00 2026,02-apr.-2026 15:43:34.751,13.433734893798828,2.4000000953674316,44.3,356.0799865722656,-0.74,3.49,9.95,0.1,30.98,0.07,-,8,30.88,34.81,86,9.63,15.29,1831.75,0.02,44.3,2.5,12.91,9,10.01,13.85,-,-,81.1,0,18.9,915,48.36,49,29.41,18
Thu Apr 02 15:43:36 GMT+03:00 2026,02-apr.-2026 15:43:36.637,13.531017303466797,2.4000000953674316,44.7,355.6400146484375,-0.89,3.7,8.89,0,36.47,-0.01,-,8,30.93,34.81,86,9.33,23.14,1950,0.03,44.7,3.24,12.51,9,11.75,20.1,-,-,81.14,0,18.86,917,48.71,52,36.08,9
Thu Apr 02 15:43:38 GMT+03:00 2026,02-apr.-2026 15:43:38.447,15.829767227172852,2.4000000953674316,45.6,356.1300048828125,-0.53,3.47,8.86,-0.01,37.65,0,-,8,30.98,34.52,86,16.35,29.02,2139,0.03,45.6,2.31,21.93,9,13.34,25.76,-,-,81.18,0,18.82,918,56.99,57,41.96,7
Thu Apr 02 15:43:40 GMT+03:00 2026,02-apr.-2026 15:43:40.220,16.713029861450195,2.4000000953674316,46.3,358.2300109863281,-0.42,2.66,9.43,0.02,14.12,0.07,-,8,31.04,34.52,86,18.14,13.33,2327.5,0.03,46.3,2.16,24.33,8,12.33,25.68,-,-,81.22,0,18.78,920,60.17,62,12.94,22.5
Thu Apr 02 15:43:41 GMT+03:00 2026,02-apr.-2026 15:43:42.002,16.287355422973633,2.5,47.2,358.25,-0.83,2.49,9.67,0.04,12.94,0,-,8,31.09,34.52,86,18.14,3.92,2258.75,0.01,47.2,0.17,24.33,9,2.61,3.79,-,-,81.26,0,18.74,922,58.63,60,8.24,29.5
Thu Apr 02 15:43:43 GMT+03:00 2026,02-apr.-2026 15:43:43.709,14.940327644348145,2.299999952316284,50.2,355.8800048828125,-0.96,2.67,9.64,0.04,12.94,0,-,8,31.14,34.52,86,-,3.53,2142.75,0,50.2,0.34,-,9,2.47,3.59,-,-,81.3,0,18.7,924,53.79,57,8.63,29
Thu Apr 02 15:43:45 GMT+03:00 2026,02-apr.-2026 15:43:45.434,14.604728698730469,2.5,49.7,355.04998779296875,-0.72,2.75,9.59,0.04,25.49,0.02,-,8,31.19,34.52,86,-,10.2,2031.25,0.01,49.7,1.56,-,9,3.63,6.5,-,-,81.34,0,18.66,925,52.58,54,25.49,23.5
Thu Apr 02 15:43:47 GMT+03:00 2026,02-apr.-2026 15:43:47.234,15.107097625732422,2.299999952316284,49.3,354.9100036621094,-0.89,3.08,9.12,0,26.27,-0.01,-,8,31.23,34.52,86,-,11.76,2061.5,0.01,49.3,1.42,-,8,7.11,10.35,-,-,81.37,0,18.63,927,54.39,54,26.27,23
Thu Apr 02 15:43:48 GMT+03:00 2026,02-apr.-2026 15:43:49.024,14.730320930480957,2.4000000953674316,49.0,355.260009765625,-0.81,2.77,10,0.08,14.9,0.06,-,8,31.28,34.52,86,3.36,10.98,2072.75,0.02,49,0.61,4.51,9,7.54,11.26,-,-,81.41,0,18.59,929,53.03,55,23.14,22.5
Thu Apr 02 15:43:50 GMT+03:00 2026,02-apr.-2026 15:43:50.750,14.564064979553223,2.200000047683716,50.0,356.7099914550781,-0.88,2.52,9.67,0.04,12.55,-0.03,-,8,31.32,34.52,86,3.36,3.53,2004,0.01,50,0.07,4.51,9,2.9,3.81,-,-,81.45,0,18.55,931,52.43,53,8.24,29
Thu Apr 02 15:43:52 GMT+03:00 2026,02-apr.-2026 15:43:52.443,13.596901893615723,2.299999952316284,50.2,354.5799865722656,-1.06,3.99,8.89,0.02,23.53,0,-,8,31.36,34.52,86,-,3.53,1910,0,50.2,1.17,-,9,2.61,3.26,-,-,81.48,0,18.52,932,48.95,50,17.65,23.5
Thu Apr 02 15:43:53 GMT+03:00 2026,02-apr.-2026 15:43:54.130,13.404396057128906,2.299999952316284,49.6,357.0299987792969,-0.87,2.95,9.43,0.03,26.27,0.01,-,8,31.39,34.52,86,-,9.8,1906.25,0.01,49.6,1.05,-,9,6.38,8.09,-,-,81.52,0,18.48,934,48.26,50,25.88,23
Thu Apr 02 15:43:55 GMT+03:00 2026,02-apr.-2026 15:43:55.797,13.658154487609863,2.200000047683716,48.3,354.7799987792969,-0.92,2.85,8.79,-0.03,25.49,0,-,8,31.43,34.52,86,-,10.98,1900.5,0.01,48.3,0.83,-,9,7.54,10.2,-,-,81.55,0,18.45,936,49.17,50,26.27,22.5
Thu Apr 02 15:43:57 GMT+03:00 2026,02-apr.-2026 15:43:57.533,13.592269897460938,2.200000047683716,46.0,355.1099853515625,-0.47,2.26,9.33,-0,12.94,-0.02,-,8,31.46,34.52,86,3.23,5.1,1920,0.01,46,2.51,4.34,9,6.82,7.72,-,-,81.59,0,18.41,938,48.93,51,8.63,8
Thu Apr 02 15:43:59 GMT+03:00 2026,02-apr.-2026 15:43:59.253,12.748125076293945,2.4000000953674316,44.0,355.7900085449219,-0.53,2.59,9.48,0.02,12.94,0,-,8,31.5,34.52,86,3.23,3.14,1823.75,0,44,1.22,4.34,9,2.61,3.16,-,-,81.63,0,18.37,939,45.89,48,8.63,29
Thu Apr 02 15:44:00 GMT+03:00 2026,02-apr.-2026 15:44:01.059,12.37443733215332,2.5,43.6,354.9100036621094,-0.7,2.48,9.55,0.03,12.94,-0.03,-,8,31.52,34.52,86,-,3.14,1714.5,0,43.6,0.89,-,9,2.61,3.04,-,-,81.66,0,18.34,941,44.55,45,8.63,28.5
Thu Apr 02 15:44:02 GMT+03:00 2026,02-apr.-2026 15:44:02.839,11.264181137084961,2.4000000953674316,43.6,355.17999267578125,-0.68,1.72,9.67,0.02,12.55,-0.01,-,8,31.54,34.52,86,-,3.14,1076.75,0,43.6,1.43,-,9,3.19,2.66,-,-,81.7,0,18.3,943,40.55,42,7.84,9
Thu Apr 02 15:44:04 GMT+03:00 2026,02-apr.-2026 15:44:04.591,8.867119789123535,2.5,44.4,355.010009765625,-0.63,1.25,10.06,0.05,11.76,0.03,-,8,31.55,34.52,86,-,2.75,925,0,44.4,1.66,-,9,4.06,2.77,-,-,81.74,0,18.26,945,31.92,34,6.67,12
Thu Apr 02 15:44:06 GMT+03:00 2026,02-apr.-2026 15:44:06.334,6.2868170738220215,2.299999952316284,44.8,357.8299865722656,-0.85,2.77,9.29,0.01,11.76,-0.01,-,8,31.53,34.52,86,-,2.75,821,0,44.8,3.73,-,9,4.21,2.54,-,-,81.77,0,18.23,946,22.63,24,6.67,9
Thu Apr 02 15:44:07 GMT+03:00 2026,02-apr.-2026 15:44:08.143,5.6887102127075195,2.200000047683716,45.8,357.239990234375,-0.91,2.57,9.05,-0.02,11.76,-0.03,-,8,31.5,34.52,86,-,2.75,803.25,0,45.8,5.63,-,9,4.64,2.64,-,-,81.81,0,18.19,948,20.48,17,7.06,9
Thu Apr 02 15:44:09 GMT+03:00 2026,02-apr.-2026 15:44:09.953,4.241826057434082,2.200000047683716,45.3,353.1600036621094,-0.83,2.68,9.36,0.01,16.47,-0.03,-,8,31.47,34.52,86,-,2.75,799.5,0,45.3,1.66,-,9,4.64,2.66,-,-,81.85,0,18.15,950,15.27,15,6.27,9
Thu Apr 02 15:44:11 GMT+03:00 2026,02-apr.-2026 15:44:11.710,4.3483734130859375,2.200000047683716,45.7,354.07000732421875,-0.91,0.95,9.28,-0.03,23.53,-0.04,-,8,31.44,34.52,86,-,7.06,1369.75,0.01,45.7,1.1,-,9,8.41,8.05,-,-,81.88,0,18.12,952,15.65,15,10.98,16.5
Thu Apr 02 15:44:13 GMT+03:00 2026,02-apr.-2026 15:44:13.555,5.5265727043151855,2.200000047683716,45.3,354.3900146484375,-0.89,2.7,9.11,-0.01,14.51,0,-,8,31.42,34.66,86,3.32,17.65,1525.5,0.02,45.3,2.25,4.45,9,14.07,17.32,-,-,81.92,0,18.08,954,19.9,18,45.49,3.5
Thu Apr 02 15:44:15 GMT+03:00 2026,02-apr.-2026 15:44:15.280,7.225155830383301,2.200000047683716,44.5,357.1600036621094,-0.95,3.55,9.05,0.01,25.1,0,-,8,31.41,34.66,86,10.07,14.51,1240.25,0,44.5,1.03,13.5,9,3.34,3.37,-,-,81.95,0,18.05,955,26.01,25,27.84,1.5
Thu Apr 02 15:44:16 GMT+03:00 2026,02-apr.-2026 15:44:17.000,7.419720649719238,2.299999952316284,44.5,358.3699951171875,-0.38,3.06,10.22,0.11,12.94,0.02,-,8,31.4,34.66,86,5.4,6.27,1322.5,0.01,44.5,1.99,7.25,9,9.28,7.84,-,-,81.99,0,18.01,957,26.71,28,9.41,8
Thu Apr 02 15:44:18 GMT+03:00 2026,02-apr.-2026 15:44:18.615,7.442883491516113,2.200000047683716,43.7,4.760000228881836,0.02,3.02,8.99,-0.01,22.35,-0.03,-,8,31.39,34.66,86,5.4,4.31,1258.75,0,43.7,0.32,7.25,9,3.48,3.25,-,-,82.02,0,17.98,959,26.79,27,18.04,18
Thu Apr 02 15:44:20 GMT+03:00 2026,02-apr.-2026 15:44:20.338,7.671934604644775,2.200000047683716,42.699999999999996,14.729999542236328,-1.39,3.18,8.88,-0.01,25.1,-0.02,-,8,31.38,34.66,86,-,7.84,1284.75,0.01,42.7,0.25,-,9,7.69,7.27,-,-,82.05,0,17.95,960,27.62,27,25.1,15.5
Thu Apr 02 15:44:21 GMT+03:00 2026,02-apr.-2026 15:44:22.117,8.200554847717285,2.299999952316284,42.699999999999996,12.020000457763672,-2.64,2.71,8.48,-0.03,25.49,0,-,8,31.38,34.66,86,3.69,8.24,1388.25,0.01,42.7,1.38,4.95,9,7.69,7.69,-,-,82.09,0,17.91,962,29.52,29,23.14,18.5
Thu Apr 02 15:44:23 GMT+03:00 2026,02-apr.-2026 15:44:23.855,8.549535751342773,2.200000047683716,41.3,353.5299987792969,-2.11,2.37,9.37,0.03,13.73,-0.02,-,8,31.38,34.66,86,1.84,12.16,1462.5,0.01,41.3,0.49,2.47,9,8.99,9.81,-,-,82.12,0,17.88,964,30.78,30,13.73,14
Thu Apr 02 15:44:25 GMT+03:00 2026,02-apr.-2026 15:44:25.627,8.155259132385254,2.299999952316284,40.699999999999996,340.989990234375,-0.12,1.96,9.66,0.02,12.55,-0.04,-,8,31.37,34.66,86,1.94,3.14,1135,0,40.7,0.08,2.61,9,3.34,3.19,-,-,82.16,0,17.84,966,29.36,31,7.84,12.5
Thu Apr 02 15:44:27 GMT+03:00 2026,02-apr.-2026 15:44:27.323,5.171928882598877,2.200000047683716,39.0,343.44000244140625,-0.45,1.5,9.65,0.02,12.16,-0.01,-,8,31.36,34.66,86,1.94,2.75,928.5,0,39,2.1,2.61,9,4.06,2.79,-,-,82.19,0,17.81,967,18.62,23,7.06,7
Thu Apr 02 15:44:28 GMT+03:00 2026,02-apr.-2026 15:44:29.110,3.4187850952148438,2.0999999046325684,39.699999999999996,345.3800048828125,-0.74,2.84,9.23,0.01,11.37,-0.02,-,8,31.32,34.66,86,-,2.75,816.75,0,39.7,7.62,-,9,4.35,2.62,-,-,82.23,0,17.77,969,12.31,11,6.67,9
Thu Apr 02 15:44:30 GMT+03:00 2026,02-apr.-2026 15:44:30.887,2.4907407760620117,2.0,39.8,345.4200134277344,-0.95,3.69,8.81,-0,25.49,0,-,8,31.28,34.66,86,-,8.24,835.75,0,39.8,1.08,-,9,4.5,2.65,-,-,82.26,0,17.74,971,8.97,9,24.71,10.5
Thu Apr 02 15:44:32 GMT+03:00 2026,02-apr.-2026 15:44:32.759,3.679234504699707,2.0,40.199999999999996,347.3900146484375,-0.14,2.33,7.43,-0.19,23.53,0.03,-,8,31.25,34.66,86,3.25,7.84,1127.5,0.01,40.2,2.45,4.35,9,9.28,8.69,-,-,82.3,0,17.7,973,13.25,13,20.39,9
Thu Apr 02 15:44:34 GMT+03:00 2026,02-apr.-2026 15:44:34.480,5.025747776031494,2.0,40.4,354.1000061035156,-1.05,4.49,8.21,-0.02,45.49,-0.03,-,8,31.22,34.66,86,3.91,12.16,1202,0.01,40.4,1.35,5.25,9,10.15,9.49,-,-,82.33,0,17.67,974,18.09,17,32.55,5.5
Thu Apr 02 15:44:36 GMT+03:00 2026,02-apr.-2026 15:44:36.287,7.668331623077393,2.200000047683716,41.199999999999996,352.010009765625,-1.32,4.58,8.55,0.02,43.92,0,-,8,31.21,34.81,86,16.4,29.02,1906.25,0.03,41.2,4.73,22,9,14.21,22.62,-,-,82.36,0,17.64,976,27.61,27,82.35,5
Thu Apr 02 15:44:37 GMT+03:00 2026,02-apr.-2026 15:44:38.034,9.180585861206055,2.200000047683716,41.6,354.1000061035156,-0.96,4.3,9.08,0.05,55.69,-0.02,-,8,31.22,34.81,86,17.05,5.1,2361.25,0.01,41.6,7.39,22.86,9,5.51,8.26,-,-,82.4,0,17.6,978,33.05,35,33.73,17.5
Thu Apr 02 15:44:39 GMT+03:00 2026,02-apr.-2026 15:44:39.827,11.010937690734863,2.0,42.4,353.7200012207031,-1.53,3.83,8.65,-0,65.88,-0.02,-,8,31.24,34.81,86,12.72,27.06,1868.25,0.03,42.4,4.32,17.06,9,14.21,23.64,-,-,82.43,0,17.57,980,39.64,40,78.43,4.5
Thu Apr 02 15:44:41 GMT+03:00 2026,02-apr.-2026 15:44:41.513,13.817203521728516,2.200000047683716,42.9,352.44000244140625,-0.76,4.31,8.37,-0.02,70.2,-0.03,-,8,31.27,34.81,86,22.48,32.94,2264.25,0.04,42.9,4.09,30.15,9,14.21,28.96,-,-,82.46,0,17.54,982,49.74,48,84.71,6
Thu Apr 02 15:44:43 GMT+03:00 2026,02-apr.-2026 15:44:43.301,15.902857780456543,2.200000047683716,43.199999999999996,355.07000732421875,-0.27,2.74,9.66,0.04,21.96,0.03,-,8,31.31,34.81,86,24.84,38.82,2587.75,0.05,43.2,5.26,33.32,9,14.21,34,-,-,82.5,0,17.5,983,57.25,55,89.02,5.5
Thu Apr 02 15:44:44 GMT+03:00 2026,02-apr.-2026 15:44:45.084,16.134998321533203,2.299999952316284,43.7,356.32000732421875,-0.66,4.05,8.83,0.01,68.63,-0.04,-,8,31.36,34.81,86,10.47,30.59,2286.5,0.01,43.7,0.75,14.04,8,3.34,5.3,-,-,82.53,0,17.47,985,58.09,58,84.31,5.5
Thu Apr 02 15:44:46 GMT+03:00 2026,02-apr.-2026 15:44:46.882,17.19481086730957,2.299999952316284,43.3,358.55999755859375,-0.28,3.77,8.57,-0.03,70.98,-0.04,-,8,31.42,34.81,86,27.01,35.29,2422.25,0.04,43.3,4.77,36.22,9,14.21,31.13,-,-,82.56,0,17.44,987,61.9,65,86.27,5.5
Thu Apr 02 15:44:48 GMT+03:00 2026,02-apr.-2026 15:44:48.714,19.34274673461914,2.200000047683716,42.1,0.9300000071525574,-1.08,3.73,8.98,0.02,72.94,0.01,-,8,31.49,34.81,86,21.41,39.22,2631.25,0.05,42.1,2.75,28.71,8,14.21,34.79,-,-,82.6,0,17.4,989,69.63,70,89.02,5.5
Thu Apr 02 15:44:50 GMT+03:00 2026,02-apr.-2026 15:44:50.426,20.967208862304688,2.299999952316284,41.4,0.49000000953674316,-0.81,2.4,9.69,0.04,20.39,0.01,-,8,31.57,34.81,86,26.76,33.73,2840.75,0.04,41.4,2.64,35.88,8,11.31,30.35,-,-,82.63,0,17.37,990,75.48,76,22.75,17
Thu Apr 02 15:44:52 GMT+03:00 2026,02-apr.-2026 15:44:52.242,19.605255126953125,2.4000000953674316,41.4,0.12999999523162842,-0.74,2.29,9.66,0.03,12.94,-0.04,-,8,31.65,34.81,86,26.76,5.1,2785.75,0.01,41.4,1.48,35.88,8,2.61,5.56,-,-,82.66,0,17.34,992,70.58,74,9.41,30
Thu Apr 02 15:44:53 GMT+03:00 2026,02-apr.-2026 15:44:53.920,19.331937789916992,2.4000000953674316,41.8,359.760009765625,-0.87,2.45,9.14,-0.01,12.94,-0.03,-,8,31.72,34.81,86,-,3.53,2665,0,41.8,0.58,-,8,1.89,3.61,-,-,82.69,0,17.31,994,69.59,70,8.63,31.5
Thu Apr 02 15:44:55 GMT+03:00 2026,02-apr.-2026 15:44:55.633,18.24844741821289,2.299999952316284,41.699999999999996,359.8900146484375,-0.56,2.48,9.42,0.01,12.94,0,-,8,31.78,34.81,86,-,3.53,2535.25,0,41.7,4.48,-,8,2.03,3.44,-,-,82.73,0,17.27,996,65.69,67,8.24,30.5
Thu Apr 02 15:44:57 GMT+03:00 2026,02-apr.-2026 15:44:57.405,17.384227752685547,2.4000000953674316,40.9,358.9100036621094,-0.52,2.84,9.39,0.02,26.27,0,-,8,31.84,34.81,86,-,9.41,2442.75,0.01,40.9,1.56,-,8,2.32,5.4,-,-,82.76,0,17.24,997,62.58,64,26.27,26
Thu Apr 02 15:44:58 GMT+03:00 2026,02-apr.-2026 15:44:59.138,17.009510040283203,2.4000000953674316,40.3,359.92999267578125,-0.43,2.46,9.63,0.03,12.94,0,-,8,31.89,34.81,86,-,5.49,2323,0.01,40.3,0.42,-,8,5.95,7.83,-,-,82.79,0,17.21,999,61.23,63,9.8,27.5
Thu Apr 02 15:45:00 GMT+03:00 2026,02-apr.-2026 15:45:00.817,15.94043254852295,2.299999952316284,37.3,0.3199999928474426,-0.81,2.68,9.28,0.01,12.94,-0.01,-,8,31.94,34.81,86,-,3.53,2242.75,0,37.3,0.8,-,8,2.47,3.54,-,-,82.82,0,17.18,1001,57.39,59,7.84,29.5
Thu Apr 02 15:45:02 GMT+03:00 2026,02-apr.-2026 15:45:02.599,15.096287727355957,2.299999952316284,36.199999999999996,0.4000000059604645,-0.56,2.38,9.5,0.02,12.94,0,-,8,31.98,34.81,86,-,3.53,2120.75,0,36.2,0.06,-,8,2.47,3.46,-,-,82.85,0,17.15,1003,54.35,56,8.24,29.5
Thu Apr 02 15:45:04 GMT+03:00 2026,02-apr.-2026 15:45:04.352,14.903266906738281,2.4000000953674316,37.0,0.44999998807907104,-0.96,2.85,8.57,-0.06,26.67,-0.07,-,8,32.02,34.81,86,-,11.76,2048,0.01,37,0.53,-,9,3.05,5.71,-,-,82.88,0,17.12,1004,53.65,53,27.06,24.5
Thu Apr 02 15:45:05 GMT+03:00 2026,02-apr.-2026 15:45:06.130,14.887310981750488,2.4000000953674316,37.9,359.3500061035156,-0.36,2.7,9.64,0.04,14.9,0.03,-,8,32.06,34.81,86,3.26,12.55,2060.25,0.02,37.9,0.35,4.37,8,7.83,11.7,-,-,82.92,0,17.08,1006,53.59,54,14.51,24
Thu Apr 02 15:45:07 GMT+03:00 2026,02-apr.-2026 15:45:07.888,14.640758514404297,2.4000000953674316,38.4,0.8500000238418579,0.7,1.34,10.38,0.09,12.94,0.03,-,8,32.1,34.81,86,3.26,3.14,2010.5,0,38.4,0.08,4.37,9,2.76,3.62,-,-,82.95,0,17.05,1008,52.71,53,9.41,27
Thu Apr 02 15:45:09 GMT+03:00 2026,02-apr.-2026 15:45:09.661,12.010013580322266,2.299999952316284,38.1,6.420000076293945,0.26,2.14,9.44,0.01,12.16,0,-,8,32.12,34.81,86,-,3.53,2187.5,0,38.1,3.82,-,8,2.76,3.36,-,-,82.98,0,17.02,1010,43.24,46,7.45,9
Thu Apr 02 15:45:11 GMT+03:00 2026,02-apr.-2026 15:45:11.318,10.937847137451172,2.4000000953674316,38.1,13.8100004196167,-1.3,2.2,9.64,0.04,12.55,0.03,-,8,32.14,34.81,86,-,3.14,1940.75,0,38.1,0.46,-,9,2.32,3.08,-,-,83.01,0,16.99,1011,39.38,41,7.45,5.5
Thu Apr 02 15:45:12 GMT+03:00 2026,02-apr.-2026 15:45:13.062,10.309370994567871,2.299999952316284,37.9,10.989999771118164,-4.36,2.28,8.95,0.06,25.49,0.03,-,8,32.14,34.81,86,-,4.31,1757,0,37.9,3.38,-,9,2.32,2.8,-,-,83.04,0,16.96,1013,37.11,36,17.65,28
Thu Apr 02 15:45:14 GMT+03:00 2026,02-apr.-2026 15:45:14.916,9.808032035827637,2.299999952316284,38.4,350.25,0.05,3.53,9.33,0.04,25.88,0.01,-,8,32.15,34.81,86,2.25,18.04,1798.25,0.02,38.4,1.24,3.01,9,10.15,14.46,-,-,83.07,0,16.93,1015,35.31,37,31.76,11.5
Thu Apr 02 15:45:16 GMT+03:00 2026,02-apr.-2026 15:45:16.705,11.34911060333252,2.299999952316284,39.5,347.0199890136719,0.85,3.05,9.27,0.02,20,-0.02,-,8,32.17,34.81,86,9.57,10.98,1939.75,0.02,39.5,1.26,12.84,8,8.41,11.84,-,-,83.1,0,16.9,1017,40.86,41,25.1,22.5
Thu Apr 02 15:45:18 GMT+03:00 2026,02-apr.-2026 15:45:18.486,11.171016693115234,2.299999952316284,39.6,355.8299865722656,-0.82,2.82,9.81,0.06,24.71,-0.07,-,8,32.18,34.81,86,9.57,8.63,1967.25,0.01,39.6,0.72,12.84,9,5.37,7.5,-,-,83.14,0,16.86,1019,40.22,41,21.96,23.5
Thu Apr 02 15:45:20 GMT+03:00 2026,02-apr.-2026 15:45:20.254,11.266755104064941,2.4000000953674316,40.3,357.739990234375,-0.15,2.38,10.05,0.07,15.69,0.05,-,8,32.2,34.81,86,-,10.59,1970.5,0.01,40.3,0.78,-,8,6.82,9.68,-,-,83.17,0,16.83,1020,40.56,41,24.71,22.5
Thu Apr 02 15:45:21 GMT+03:00 2026,02-apr.-2026 15:45:21.968,11.232783317565918,2.299999952316284,40.699999999999996,357.79998779296875,0.04,3.18,9.3,0.02,19.61,0,-,8,32.21,34.81,86,-,3.53,1902.5,0.01,40.7,0.56,-,9,3.05,3.77,-,-,83.2,0,16.8,1022,40.44,40,7.84,29
Thu Apr 02 15:45:23 GMT+03:00 2026,02-apr.-2026 15:45:23.698,10.983142852783203,2.0999999046325684,38.9,0.4000000059604645,-2.81,3.27,9.12,0.05,28.24,-0.06,-,8,32.23,34.81,86,-,13.73,1758,0.02,38.9,0.2,-,9,7.25,11.75,-,-,83.23,0,16.77,1024,39.54,39,28.24,15
Thu Apr 02 15:45:25 GMT+03:00 2026,02-apr.-2026 15:45:25.511,11.668752670288086,2.299999952316284,39.0,348.9800109863281,-0.17,3.56,9.4,0.04,28.24,0.04,-,8,32.24,34.81,86,5.29,15.69,1989.25,0.02,39,1.44,7.1,9,9.57,14.14,-,-,83.26,0,16.74,1026,42.01,41,29.02,20.5
Thu Apr 02 15:45:27 GMT+03:00 2026,02-apr.-2026 15:45:27.201,12.574664115905762,2.299999952316284,40.3,355.79998779296875,-0.59,3.27,9,-0,26.67,0,-,8,32.26,34.81,86,13.47,17.25,2153.75,0.02,40.3,2.64,18.06,8,9.57,15.3,-,-,83.29,0,16.71,1027,45.27,46,29.41,20.5
Thu Apr 02 15:45:28 GMT+03:00 2026,02-apr.-2026 15:45:29.015,13.01269245147705,2.299999952316284,41.1,357.3599853515625,-1.08,3.53,9.44,0.05,27.84,0,-,8,32.29,34.81,86,2.97,15.29,2250.75,0.02,41.1,1.73,3.98,8,7.69,13.22,-,-,83.32,0,16.68,1029,46.85,47,31.76,21
Thu Apr 02 15:45:30 GMT+03:00 2026,02-apr.-2026 15:45:30.718,13.682860374450684,2.4000000953674316,41.1,357.1600036621094,-1.19,3.47,9.36,0.04,29.02,0,-,8,32.32,34.81,86,9.27,12.55,2367.25,0.02,41.1,1.78,12.43,8,7.83,13.39,-,-,83.35,0,16.65,1031,49.26,50,27.84,23.5
Thu Apr 02 15:45:32 GMT+03:00 2026,02-apr.-2026 15:45:32.432,14.178023338317871,2.4000000953674316,42.5,356.1400146484375,-1.29,3.06,9.25,0.02,27.84,0,-,8,32.36,34.81,86,6.46,6.27,2436.5,0.02,42.5,0.85,8.66,8,9.72,13.05,-,-,83.38,0,16.62,1032,51.04,52,26.27,18.5
Thu Apr 02 15:45:34 GMT+03:00 2026,02-apr.-2026 15:45:34.242,14.436413764953613,2.4000000953674316,42.4,352.6600036621094,-1.22,2.88,9.2,0.01,25.49,-0.01,-,8,32.39,34.81,86,6.46,16.86,1986,0.02,42.4,0.96,8.66,8,10.01,15.26,-,-,83.41,0,16.59,1034,51.97,52,25.1,20
Thu Apr 02 15:45:35 GMT+03:00 2026,02-apr.-2026 15:45:35.962,14.86054515838623,2.4000000953674316,42.4,352.19000244140625,-0.96,2.6,9.64,0.04,12.94,0.02,-,8,32.42,34.81,86,3.17,4.31,2020.25,0.01,42.4,1.03,4.25,8,4.21,5.28,-,-,83.44,0,16.56,1036,53.5,53,8.63,28
Thu Apr 02 15:45:37 GMT+03:00 2026,02-apr.-2026 15:45:37.665,13.742568969726562,2.299999952316284,42.699999999999996,351.2699890136719,-0.92,2.81,9.19,0,23.14,0.01,-,8,32.46,34.81,86,3.17,3.53,1905.25,0,42.7,2.96,4.25,8,2.61,3.27,-,-,83.46,0,16.54,1038,49.47,50,9.02,29
Thu Apr 02 15:45:39 GMT+03:00 2026,02-apr.-2026 15:45:39.366,13.130563735961914,2.4000000953674316,43.0,350.4800109863281,-0.89,2.7,8.71,-0.05,23.53,-0.01,-,8,32.48,34.81,86,-,8.24,1839,0.01,43,0.35,-,9,5.8,6.56,-,-,83.49,0,16.51,1039,47.27,49,22.75,24
Thu Apr 02 15:45:41 GMT+03:00 2026,02-apr.-2026 15:45:41.208,13.250494003295898,2.4000000953674316,42.6,350.6099853515625,-0.85,3.21,9.2,0.02,26.27,0.02,-,8,32.51,34.81,86,-,8.63,1849,0.01,42.6,1.73,-,9,6.09,7.96,-,-,83.52,0,16.48,1041,47.7,49,25.1,23.5
Thu Apr 02 15:45:42 GMT+03:00 2026,02-apr.-2026 15:45:42.894,13.262332916259766,2.4000000953674316,42.699999999999996,349.6000061035156,-0.96,3.3,8.96,-0,28.24,0.02,-,8,32.54,34.81,86,3,12.94,1874,0.01,42.7,2.3,4.02,9,8.12,10.72,-,-,83.55,0,16.45,1043,47.74,50,28.63,20.5
Thu Apr 02 15:45:44 GMT+03:00 2026,02-apr.-2026 15:45:44.657,14.360750198364258,2.4000000953674316,40.699999999999996,351.29998779296875,-0.69,2.48,9.15,-0.01,13.33,0.02,-,8,32.58,34.81,86,6.66,12.55,1949,0.02,40.7,4.62,8.93,9,10.01,15.1,-,-,83.58,0,16.42,1045,51.7,52,10.59,21
Thu Apr 02 15:45:46 GMT+03:00 2026,02-apr.-2026 15:45:46.390,14.00610637664795,2.200000047683716,39.9,351.0199890136719,-1.04,2.6,9.08,-0.01,23.53,0.03,-,8,32.61,34.81,86,6.66,3.53,1887,0,39.9,0,8.93,9,2.61,3.31,-,-,83.61,0,16.39,1046,50.42,50,8.24,29
Thu Apr 02 15:45:48 GMT+03:00 2026,02-apr.-2026 15:45:48.241,13.579401969909668,2.299999952316284,39.5,351.2099914550781,-1.02,3.25,9.48,0.05,28.63,0.02,-,8,32.63,34.81,86,-,12.55,1849,0.01,39.5,1.42,-,9,7.69,10.1,-,-,83.64,0,16.36,1048,48.89,49,27.84,20.5
Thu Apr 02 15:45:49 GMT+03:00 2026,02-apr.-2026 15:45:50.059,13.647859573364258,2.299999952316284,39.0,351.67999267578125,-1,3.02,8.97,-0.01,28.63,-0.02,-,8,32.66,34.81,86,6.17,16.08,1928.75,0.02,39,2.11,8.27,9,10.01,14.5,-,-,83.67,0,16.33,1050,49.13,51,29.8,19
Thu Apr 02 15:45:51 GMT+03:00 2026,02-apr.-2026 15:45:51.841,14.772527694702148,2.299999952316284,39.199999999999996,351.2799987792969,-0.74,3.02,9.22,0.01,23.92,-0.06,-,8,32.7,34.81,86,6.41,12.94,2024.75,0.02,39.2,4.37,8.6,9,8.12,11.9,-,-,83.7,0,16.3,1052,53.18,53,23.53,22.5
Thu Apr 02 15:45:53 GMT+03:00 2026,02-apr.-2026 15:45:53.544,14.239275932312012,2.299999952316284,38.9,352.8599853515625,-0.51,2.7,9.68,0.04,12.94,0.02,-,8,32.73,34.81,86,6.41,4.31,1923,0.01,38.9,1.87,8.6,8,5.08,6.28,-,-,83.73,0,16.27,1054,51.26,53,8.24,28
Thu Apr 02 15:45:55 GMT+03:00 2026,02-apr.-2026 15:45:55.337,13.393072128295898,2.0999999046325684,38.6,354.04998779296875,-0.57,2.68,8.93,-0.03,12.94,-0.04,-,8,32.76,34.81,86,-,3.53,1900.5,0,38.6,0.17,-,9,2.61,3.26,-,-,83.76,0,16.24,1055,48.22,50,8.24,29
Thu Apr 02 15:45:56 GMT+03:00 2026,02-apr.-2026 15:45:57.140,13.134166717529297,2.200000047683716,38.3,355.05999755859375,-0.46,2.81,9.41,0.02,14.51,0,-,8,32.79,34.81,86,-,7.45,1817.5,0.01,38.3,0.22,-,9,2.76,4.63,-,-,83.78,0,16.22,1057,47.28,48,19.61,22.5
Thu Apr 02 15:45:58 GMT+03:00 2026,02-apr.-2026 15:45:58.889,12.537604331970215,2.200000047683716,37.8,357.1400146484375,-0.56,2.19,9.84,0.05,12.55,0.02,-,8,32.81,34.81,86,-,2.75,1409,0,37.8,1.24,-,9,2.9,3.06,-,-,83.81,0,16.19,1059,45.14,46,8.24,13
Thu Apr 02 15:46:00 GMT+03:00 2026,02-apr.-2026 15:46:00.704,11.375875473022461,2.299999952316284,39.1,358.3299865722656,-0.74,2.57,9.31,0.01,12.16,0.02,-,8,32.83,34.81,86,-,2.75,961.5,0,39.1,0.84,-,9,3.92,2.74,-,-,83.84,0,16.16,1061,40.95,42,7.06,13
Thu Apr 02 15:46:02 GMT+03:00 2026,02-apr.-2026 15:46:02.400,10.715487480163574,2.299999952316284,39.3,359.9200134277344,-0.63,2.64,9.77,0.05,11.76,-0.03,-,8,32.84,34.81,86,-,2.75,859.25,0,39.3,0.43,-,9,4.06,2.57,-,-,83.87,0,16.13,1062,38.58,39,7.06,10.5
Thu Apr 02 15:46:04 GMT+03:00 2026,02-apr.-2026 15:46:04.265,9.948551177978516,2.299999952316284,39.4,0.5400000214576721,-1.05,2.43,9.28,0,11.76,0,-,8,32.84,34.81,86,-,2.75,824,0,39.4,1.58,-,9,4.21,2.56,-,-,83.9,0,16.1,1064,35.81,37,6.67,9
Thu Apr 02 15:46:05 GMT+03:00 2026,02-apr.-2026 15:46:05.975,9.10080337524414,2.299999952316284,38.6,0.05000000074505806,-0.7,2.17,9.42,0.01,11.37,0,-,8,32.85,34.81,86,-,2.75,792.75,0,38.6,1.81,-,9,4.35,2.54,-,-,83.93,0,16.07,1066,32.76,34,6.67,8.5
Thu Apr 02 15:46:07 GMT+03:00 2026,02-apr.-2026 15:46:07.653,7.954002380371094,2.299999952316284,37.9,2.5399999618530273,-0.95,2.85,9.47,0.03,11.37,0.01,-,8,32.84,34.81,87,-,2.35,780.25,0,37.9,2.1,-,9,4.35,2.51,-,-,83.95,0,16.05,1068,28.63,28,6.27,8
Thu Apr 02 15:46:09 GMT+03:00 2026,02-apr.-2026 15:46:09.456,7.129417419433594,2.200000047683716,37.9,5.050000190734863,0.75,3.58,9.96,0.1,24.71,0.01,-,8,32.83,34.81,87,-,9.02,1385,0.01,37.9,0.28,-,9,6.24,8.14,-,-,83.98,0,16.02,1070,25.67,26,23.14,28.5
Thu Apr 02 15:46:11 GMT+03:00 2026,02-apr.-2026 15:46:11.254,7.9632673263549805,2.200000047683716,37.1,12.649999618530273,-3.48,3.09,9.26,0.08,28.63,-0.06,-,8,32.82,34.81,87,3.28,12.16,1988.25,0.01,37.1,2.42,4.4,9,7.11,9.76,-,-,84.01,0,15.99,1071,28.67,28,28.24,22.5
Thu Apr 02 15:46:12 GMT+03:00 2026,02-apr.-2026 15:46:13.070,8.566007614135742,2.200000047683716,37.4,0.800000011920929,-0.43,2.66,9.12,-0.01,14.51,-0.03,-,8,32.81,34.81,87,5.72,15.69,2257.5,0.02,37.4,2.33,7.67,9,8.99,14.64,-,-,84.04,0,15.96,1073,30.84,31,15.69,23.5
Thu Apr 02 15:46:14 GMT+03:00 2026,02-apr.-2026 15:46:14.801,8.400266647338867,2.200000047683716,37.9,354.760009765625,0.06,3.05,8.91,-0.02,22.35,-0.01,-,8,32.81,34.81,87,5.72,9.8,1557,0.01,37.9,0.47,7.67,9,3.34,4.38,-,-,84.07,0,15.93,1075,30.24,31,23.53,18
Thu Apr 02 15:46:16 GMT+03:00 2026,02-apr.-2026 15:46:16.587,9.009182929992676,2.200000047683716,39.199999999999996,2.390000104904175,-0.74,2.91,8.96,-0.02,19.22,-0.01,-,8,32.81,34.81,86,4.07,8.63,1548.75,0.01,39.2,1.13,5.46,9,6.96,7.83,-,-,84.09,0,15.91,1077,32.43,33,16.86,21
Thu Apr 02 15:46:18 GMT+03:00 2026,02-apr.-2026 15:46:18.383,9.040066719055176,2.200000047683716,38.5,2.950000047683716,-0.64,3.13,9.4,0.03,23.92,-0.01,-,8,32.81,34.81,86,4.07,6.67,1564.25,0.01,38.5,0.06,5.46,9,5.8,6.38,-,-,84.12,0,15.88,1078,32.54,32,20.78,22
Thu Apr 02 15:46:19 GMT+03:00 2026,02-apr.-2026 15:46:20.084,9.170805931091309,2.200000047683716,38.3,3.7899999618530273,-1.34,3.29,9.33,0.04,27.84,0.08,-,8,32.81,34.81,86,1.97,10.2,1588.25,0.01,38.3,0.46,2.64,9,7.54,8.7,-,-,84.15,0,15.85,1080,33.01,33,27.84,18.5
Thu Apr 02 15:46:21 GMT+03:00 2026,02-apr.-2026 15:46:21.857,9.948551177978516,2.200000047683716,38.4,1.590000033378601,-0.91,2.58,9.57,0.03,13.33,0,-,8,32.82,34.81,86,6.75,7.45,1704.25,0.01,38.4,1.8,9.05,9,9.14,10.38,-,-,84.17,0,15.83,1082,35.81,36,9.8,23
Thu Apr 02 15:46:23 GMT+03:00 2026,02-apr.-2026 15:46:23.572,8.96131420135498,2.200000047683716,39.8,0.5199999809265137,-0.41,2.55,9.43,0.02,12.94,0,-,8,32.82,34.81,86,6.75,3.14,1600.25,0,39.8,1.58,9.05,9,2.76,3.07,-,-,84.2,0,15.8,1084,32.26,33,8.63,28
Thu Apr 02 15:46:25 GMT+03:00 2026,02-apr.-2026 15:46:25.382,7.878852844238281,2.200000047683716,39.4,2.690000057220459,-0.38,1.1,9.93,0.04,12.55,0.01,-,8,32.81,34.81,86,-,2.75,1395.5,0,39.4,0.66,-,9,2.9,3.07,-,-,84.23,0,15.77,1085,28.36,31,8.24,10.5
Thu Apr 02 15:46:27 GMT+03:00 2026,02-apr.-2026 15:46:27.228,4.812138080596924,2.200000047683716,39.1,5.119999885559082,-0.33,2.25,9.42,0.01,11.76,0,-,8,32.79,34.81,86,-,2.75,936.5,0,39.1,8.36,-,9,3.92,2.67,-,-,84.26,0,15.74,1087,17.32,20,7.06,12
Thu Apr 02 15:46:28 GMT+03:00 2026,02-apr.-2026 15:46:28.982,3.891814708709717,2.200000047683716,38.5,6.96999979019165,-0.66,2.01,9.66,0.03,11.37,0,-,8,32.76,34.81,86,-,2.75,788.25,0,38.5,4.32,-,9,4.21,2.5,-,-,84.28,0,15.72,1089,14.01,13,6.27,12
Thu Apr 02 15:46:30 GMT+03:00 2026,02-apr.-2026 15:46:30.728,2.747587203979492,2.0999999046325684,38.0,8.989999771118164,-1.17,3.35,8.78,-0.02,39.61,-0.04,-,8,32.72,34.81,86,-,2.75,775.5,0,38,3.54,-,9,4.64,2.58,-,-,84.31,0,15.69,1091,9.89,9,7.45,11.5
Thu Apr 02 15:46:32 GMT+03:00 2026,02-apr.-2026 15:46:32.564,3.389960527420044,2.0999999046325684,38.0,9.720000267028809,-0.94,2.74,9,-0.02,21.57,-0.04,-,8,32.69,34.81,86,1.38,10.98,1557.75,0.02,38,1.46,1.85,9,12.91,13.77,-,-,84.34,0,15.66,1093,12.2,11,25.88,-5
Thu Apr 02 15:46:34 GMT+03:00 2026,02-apr.-2026 15:46:34.416,3.388416290283203,2.200000047683716,37.9,4.03000020980835,-0.84,2.9,9.41,0.03,20.78,-0.01,-,8,32.66,34.81,86,4.46,3.53,1181,0.01,37.9,3.06,5.98,9,5.51,4.24,-,-,84.37,0,15.63,1095,12.2,16,15.69,22.5
Thu Apr 02 15:46:35 GMT+03:00 2026,02-apr.-2026 15:46:36.118,3.6524689197540283,2.200000047683716,39.4,5.289999961853027,-1.15,3.74,8.82,0,26.67,-0.02,-,8,32.63,34.81,86,4.46,7.84,1221.25,0.01,39.4,3.8,5.98,9,10.01,7.3,-,-,84.39,0,15.61,1096,13.15,16,27.84,14
Thu Apr 02 15:46:37 GMT+03:00 2026,02-apr.-2026 15:46:37.881,5.669665336608887,2.200000047683716,39.9,6.380000114440918,-1.12,2.79,8.81,-0.03,12.94,-0.03,-,8,32.61,34.81,86,6.36,3.92,1517.5,0.01,39.9,4.65,8.53,9,8.7,6.94,-,-,84.42,0,15.58,1098,20.41,21,8.24,14
Thu Apr 02 15:46:39 GMT+03:00 2026,02-apr.-2026 15:46:39.551,4.673162937164307,2.200000047683716,40.6,6.650000095367432,-0.73,1.97,9.62,0.02,11.76,-0.04,-,8,32.59,34.81,86,6.36,3.14,1034.75,0,40.6,0.79,8.53,9,3.77,2.9,-,-,84.44,0,15.56,1100,16.82,19,7.06,14
Thu Apr 02 15:46:41 GMT+03:00 2026,02-apr.-2026 15:46:41.329,2.4063262939453125,2.0,40.3,7.730000019073486,-0.97,2.62,9.23,0,11.76,0,-,8,32.56,34.81,86,-,2.75,909.25,0,40.3,1.67,-,9,4.21,2.8,-,-,84.47,0,15.53,1101,8.66,11,6.67,8
Thu Apr 02 15:46:42 GMT+03:00 2026,02-apr.-2026 15:46:42.973,1.959547519683838,2.0,40.4,6.179999828338623,-0.95,2.99,9.38,0.03,11.37,0,-,8,32.52,34.81,86,-,2.75,819.5,0,40.4,0.34,-,9,4.35,2.59,-,-,84.49,0,15.51,1103,7.05,9,6.27,6
Thu Apr 02 15:46:44 GMT+03:00 2026,02-apr.-2026 15:46:44.649,2.2730133533477783,1.899999976158142,40.9,7.269999980926514,-1.19,2.54,9.32,0.01,11.37,0.03,-,8,32.48,34.81,86,-,2.75,832.75,0,40.9,1.08,-,9,4.64,2.67,-,-,84.52,0,15.48,1105,8.18,8,6.27,8
Thu Apr 02 15:46:46 GMT+03:00 2026,02-apr.-2026 15:46:46.437,2.3183088302612305,1.899999976158142,40.8,5.340000152587891,-1.13,3.36,9.25,0.03,18.82,0.02,-,8,32.44,34.81,86,-,11.76,870,0,40.8,0.14,-,9,4.64,2.91,-,-,84.54,0,15.46,1107,8.35,7,14.9,1
Thu Apr 02 15:46:48 GMT+03:00 2026,02-apr.-2026 15:46:48.603,2.9457552433013916,1.7999999523162842,40.699999999999996,4.75,-1.03,2.67,9.26,0.01,12.94,0.02,-,8,32.4,34.81,86,1.1,6.27,959,0.01,40.7,0.65,1.48,9,7.25,5.72,-,-,84.58,0,15.42,1109,10.6,9,11.37,11
Thu Apr 02 15:46:51 GMT+03:00 2026,02-apr.-2026 15:46:51.187,2.223599910736084,2.0,44.2,1.2899999618530273,-0.71,2.68,9.7,0.05,11.76,0.02,-,8,32.36,34.81,86,1.1,3.14,1025.25,0,44.2,1.47,1.48,9,4.06,3.08,-,-,84.61,0,15.39,1111,8,9,7.06,9
Thu Apr 02 15:46:53 GMT+03:00 2026,02-apr.-2026 15:46:53.837,2.3147058486938477,2.0,47.0,8.289999961853027,-0.8,3.72,8.92,0.01,27.84,-0.17,-,8,32.32,34.81,86,-,10.59,885.25,0,47,0.64,-,9,4.21,2.62,-,-,84.65,0,15.35,1114,8.33,8,25.49,27
Thu Apr 02 15:46:56 GMT+03:00 2026,02-apr.-2026 15:46:56.494,3.4517271518707275,2.200000047683716,50.099999999999994,13.210000038146973,-0.88,2.48,9.97,0.07,12.16,0.04,-,8,32.29,34.81,86,-,3.92,1042.75,0.01,50.1,2.53,-,9,8.12,5.44,-,-,84.69,0,15.31,1117,12.43,14,8.24,20
Thu Apr 02 15:46:58 GMT+03:00 2026,02-apr.-2026 15:46:59.062,2.8695764541625977,2.0999999046325684,51.5,16.670000076293945,-1.02,2.81,9.08,-0.01,11.76,-0.02,-,8,32.26,34.81,86,-,2.75,937,0,51.5,0.57,-,9,4.21,2.92,-,-,84.73,0,15.27,1119,10.33,11,6.67,10
Thu Apr 02 15:47:01 GMT+03:00 2026,02-apr.-2026 15:47:01.192,2.7779557704925537,1.899999976158142,52.3,359.19000244140625,-1.71,2.46,7.76,-0.13,13.73,-0.09,-,8,32.22,34.81,86,-,5.1,850,0,52.3,1.27,-,9,4.79,3.68,-,-,84.76,0,15.24,1121,10,10,8.63,11.5
Thu Apr 02 15:47:02 GMT+03:00 2026,02-apr.-2026 15:47:02.948,3.0898776054382324,1.7999999523162842,52.4,354.5400085449219,-1.18,2.75,9.34,0.02,12.16,0,-,8,32.19,34.81,86,-,3.14,993.75,0,52.4,0,-,9,4.64,3.33,-,-,84.78,0,15.22,1123,11.12,10,7.06,11.5
Thu Apr 02 15:47:04 GMT+03:00 2026,02-apr.-2026 15:47:04.673,2.081022024154663,2.0,51.3,352.760009765625,-0.87,2.75,9.48,0.03,11.37,0,-,8,32.15,34.81,86,-,2.75,844.5,0,51.3,2.15,-,9,4.35,2.74,-,-,84.81,0,15.19,1125,7.49,7,6.67,9
Thu Apr 02 15:47:06 GMT+03:00 2026,02-apr.-2026 15:47:06.372,0.557444155216217,2.0999999046325684,49.7,352.760009765625,-0.72,3.54,9.27,0.03,15.29,0,-,8,32.1,34.81,86,-,2.75,823.5,0,49.7,0.1,-,9,4.35,2.58,-,-,84.72,0,15.28,1126,2.01,5,29.02,7
Thu Apr 02 15:47:07 GMT+03:00 2026,02-apr.-2026 15:47:08.039,1.82005774974823,2.0,49.2,353.30999755859375,-1.07,3.44,9.07,0.01,18.43,0.01,-,8,32.06,34.81,86,0.92,3.14,1363.25,0.01,49.2,4.99,1.23,9,4.06,3.88,-,-,84.7,0,15.3,1128,6.55,7,9.41,19
Thu Apr 02 15:47:09 GMT+03:00 2026,02-apr.-2026 15:47:09.751,2.299778938293457,2.0999999046325684,48.5,356.010009765625,-0.91,4.69,9.2,0.08,27.45,0.01,-,8,32.03,34.81,86,1.15,7.06,1122,0.01,48.5,1.98,1.54,9,9.43,8.03,-,-,84.72,0,15.28,1130,8.28,9,29.02,19.5
Thu Apr 02 15:47:11 GMT+03:00 2026,02-apr.-2026 15:47:11.479,4.8425068855285645,2.0,47.3,4.449999809265137,-0.98,4.1,9.06,0.04,22.35,0.01,-,8,32.01,34.81,86,11.6,30.98,2299,0.04,47.3,6.65,15.56,9,13.78,26.47,-,-,84.75,0,15.25,1132,17.43,19,17.65,18.5
Thu Apr 02 15:47:13 GMT+03:00 2026,02-apr.-2026 15:47:13.255,7.828925132751465,2.0,46.3,5.949999809265137,-0.79,4.85,8.34,0.01,68.63,-0.01,-,8,32,34.81,86,9.33,27.06,1832.75,0.03,46.3,7.57,12.52,9,14.07,20.91,-,-,84.77,0,15.23,1133,28.18,25,80,4.5
Thu Apr 02 15:47:14 GMT+03:00 2026,02-apr.-2026 15:47:15.080,9.621702194213867,2.200000047683716,46.2,7.789999961853027,-1.33,2.63,9.24,0.01,24.71,-0.04,-,8,32,34.81,86,30.29,42.75,2674.5,0.05,46.2,9.82,40.61,9,14.21,34.85,-,-,84.8,0,15.2,1135,34.64,38,93.33,4.5
Thu Apr 02 15:47:16 GMT+03:00 2026,02-apr.-2026 15:47:16.925,11.782505989074707,2.299999952316284,45.3,4.869999885559082,-1.36,4.19,8.99,0.04,68.24,0,-,8,32.02,34.81,86,12.85,25.1,2420.75,0.01,45.3,2.85,17.23,9,3.05,5.99,-,-,84.82,0,15.18,1137,42.42,43,82.35,5.5
Thu Apr 02 15:47:18 GMT+03:00 2026,02-apr.-2026 15:47:18.639,14.370530128479004,2.200000047683716,40.699999999999996,2.069999933242798,-1.4,2.48,9.14,-0.01,20.78,0,-,8,32.05,34.81,86,27.57,35.69,2438,0.04,40.7,3.6,36.97,9,14.07,30.98,-,-,84.85,0,15.15,1139,51.73,52,87.45,5.5
Thu Apr 02 15:47:20 GMT+03:00 2026,02-apr.-2026 15:47:20.309,15.715498924255371,2.200000047683716,39.199999999999996,359.79998779296875,-1.63,3.47,8.43,-0.04,66.67,-0.05,-,8,32.09,34.81,86,10.78,25.88,2128,0.01,39.2,0.56,14.46,9,3.34,5.2,-,-,84.87,0,15.13,1140,56.58,55,68.24,5.5
Thu Apr 02 15:47:21 GMT+03:00 2026,02-apr.-2026 15:47:22.044,16.348093032836914,2.299999952316284,39.699999999999996,357.760009765625,-0.95,2.14,10.03,0.07,16.08,0.01,-,8,32.13,34.81,86,18.62,32.55,2263,0.04,39.7,3.42,24.98,9,14.21,29.03,-,-,84.9,0,15.1,1142,58.85,60,17.65,5.5
Thu Apr 02 15:47:23 GMT+03:00 2026,02-apr.-2026 15:47:23.684,16.917375564575195,2.299999952316284,39.0,356.8299865722656,-1.39,2.25,9.17,-0.01,12.94,0.04,-,8,32.18,34.81,86,18.62,4.31,2267,0.01,39,0.26,24.98,9,3.05,4.46,-,-,84.92,0,15.08,1144,60.9,60,8.63,28.5
Thu Apr 02 15:47:25 GMT+03:00 2026,02-apr.-2026 15:47:25.460,15.361370086669922,2.299999952316284,38.199999999999996,354.2900085449219,-1.52,2.92,8.98,-0.01,26.27,0.02,-,8,32.22,34.81,86,-,7.45,2172.25,0,38.2,4.48,-,9,2.47,3.62,-,-,84.94,0,15.06,1146,55.3,57,26.67,24
Thu Apr 02 15:47:27 GMT+03:00 2026,02-apr.-2026 15:47:27.320,15.753073692321777,2.299999952316284,36.9,352.3299865722656,-1.02,2.58,9.23,0,14.12,0.03,-,8,32.25,34.81,86,-,12.55,2155,0.02,36.9,0.61,-,9,7.54,11.69,-,-,84.97,0,15.03,1147,56.71,57,12.55,21
Thu Apr 02 15:47:28 GMT+03:00 2026,02-apr.-2026 15:47:29.139,15.122538566589355,2.4000000953674316,36.8,352.42999267578125,-0.84,2.48,9.09,-0.02,12.94,-0.03,-,8,32.29,34.81,86,-,3.53,2085.5,0,36.8,1.71,-,9,2.61,3.64,-,-,84.99,0,15.01,1149,54.44,55,8.24,29
Thu Apr 02 15:47:30 GMT+03:00 2026,02-apr.-2026 15:47:30.766,14.419942855834961,2.299999952316284,38.5,355.2300109863281,-1.2,2.42,9.1,-0.01,12.94,-0.03,-,8,32.32,34.81,86,-,3.53,1979.75,0,38.5,0.13,-,9,2.61,3.37,-,-,85.02,0,14.98,1151,51.91,52,8.24,29
Thu Apr 02 15:47:32 GMT+03:00 2026,02-apr.-2026 15:47:32.610,12.646724700927734,2.4000000953674316,39.199999999999996,352.55999755859375,-0.29,0.88,10.02,0.05,14.51,0,-,8,32.35,34.81,86,-,3.14,1875,0,39.2,0.64,-,9,2.61,3.22,-,-,85.04,0,14.96,1153,45.53,49,8.24,28.5
Thu Apr 02 15:47:34 GMT+03:00 2026,02-apr.-2026 15:47:34.399,8.815133094787598,2.4000000953674316,37.699999999999996,355.6300048828125,-0.45,2.17,9.55,0.02,12.16,0,-,8,32.35,34.81,86,-,2.75,1053.25,0,37.7,4.03,-,9,3.77,2.89,-,-,85.07,0,14.93,1155,31.73,35,7.45,13
Thu Apr 02 15:47:35 GMT+03:00 2026,02-apr.-2026 15:47:36.137,7.80730676651001,2.4000000953674316,37.6,357.5799865722656,0.51,0.98,10.21,0.07,11.76,0,-,8,32.34,34.81,86,-,2.75,869,0,37.6,4.73,-,9,4.06,2.65,-,-,85.09,0,14.91,1156,28.11,27,7.06,11.5
Thu Apr 02 15:47:37 GMT+03:00 2026,02-apr.-2026 15:47:37.906,5.619222640991211,2.299999952316284,39.1,6.400000095367432,-1.16,2.42,8.47,-0.08,11.37,-0.05,-,8,32.31,34.81,86,-,2.75,789.25,0,39.1,12.7,-,9,4.35,2.6,-,-,85.11,0,14.89,1158,20.23,13,6.67,12
Thu Apr 02 15:47:39 GMT+03:00 2026,02-apr.-2026 15:47:39.743,3.2463531494140625,2.299999952316284,38.8,17.420000076293945,-0.95,2.94,9.47,0.03,18.82,0.01,-,8,32.28,34.81,86,-,4.71,842.25,0,38.8,5.3,-,9,4.64,2.8,-,-,85.14,0,14.86,1160,11.69,10,16.08,7
Thu Apr 02 15:47:41 GMT+03:00 2026,02-apr.-2026 15:47:41.441,3.272603988647461,2.200000047683716,38.4,9.239999771118164,-0.79,3.02,8.39,-0.07,13.73,-0.08,-,8,32.24,34.81,86,-,10.2,625.75,0.01,38.4,2.13,-,9,14.36,6.05,-,-,85.16,0,14.84,1162,11.78,9,10.2,-2.5
Thu Apr 02 15:47:42 GMT+03:00 2026,02-apr.-2026 15:47:43.129,2.6919972896575928,2.200000047683716,37.1,5.380000114440918,-0.45,2.6,8.76,-0.05,12.55,-0.05,-,8,32.2,34.81,86,-,3.53,1070.5,0,37.1,3.78,-,9,4.35,3.33,-,-,85.18,0,14.82,1163,9.69,8,7.84,9.5
Thu Apr 02 15:47:44 GMT+03:00 2026,02-apr.-2026 15:47:44.891,2.0156521797180176,2.0999999046325684,36.5,353.5400085449219,-1.92,3.61,10.21,0.14,19.22,0.07,-,8,32.16,34.81,86,-,5.49,1022.25,0,36.5,2.85,-,9,4.21,3.2,-,-,85.21,0,14.79,1165,7.26,6,17.65,7.5
Thu Apr 02 15:47:46 GMT+03:00 2026,02-apr.-2026 15:47:46.611,2.174701452255249,2.0,36.199999999999996,348.1400146484375,-0.82,2.98,8.94,0.05,15.69,0,-,8,32.13,34.81,86,1.69,7.45,738.5,0.01,36.2,1.78,2.26,9,7.54,5.16,-,-,85.23,0,14.77,1167,7.83,9,17.65,-3.5
Thu Apr 02 15:47:48 GMT+03:00 2026,02-apr.-2026 15:47:48.369,3.196424961090088,2.0,36.3,349.67999267578125,-1.29,2.76,9.01,-0.01,12.55,0.09,-,8,32.1,34.81,87,2.18,4.31,885.25,0.01,36.3,0.49,2.93,9,6.82,4.1,-,-,85.25,0,14.75,1169,11.51,12,8.63,11.5
Thu Apr 02 15:47:50 GMT+03:00 2026,02-apr.-2026 15:47:50.174,2.85876727104187,2.0,36.3,348.6000061035156,-0.53,3.84,9.35,0.01,17.65,-0.04,-,8,32.07,34.81,87,2.18,4.31,848,0,36.3,0.51,2.93,9,5.08,3.11,-,-,85.28,0,14.72,1170,10.29,11,17.65,11.5
Thu Apr 02 15:47:51 GMT+03:00 2026,02-apr.-2026 15:47:51.986,3.2911338806152344,2.0,36.6,346.8699951171875,-0.63,4.54,8.39,-0.01,37.25,-0.02,-,8,32.04,34.81,87,2.48,7.45,958.75,0.01,36.6,3.71,3.33,9,7.83,5.85,-,-,85.3,0,14.7,1172,11.85,14,35.29,5.5
Thu Apr 02 15:47:53 GMT+03:00 2026,02-apr.-2026 15:47:53.735,4.053952217102051,2.0999999046325684,37.1,349.44000244140625,-1.39,4.54,8.72,0.03,56.86,0.01,-,8,32.02,34.95,87,10.46,21.96,1505.75,0.02,37.1,10.13,14.03,9,14.21,17.76,-,-,85.32,0,14.68,1174,14.59,22,74.9,4
Thu Apr 02 15:47:55 GMT+03:00 2026,02-apr.-2026 15:47:55.442,5.462747097015381,2.299999952316284,38.0,345.5199890136719,-2.24,4.13,8.79,0.03,34.9,0.06,-,8,32.02,34.95,87,22.99,30.2,2307.5,0.04,38,16.18,30.82,9,13.63,27.69,-,-,85.35,0,14.65,1176,19.67,33,39.22,9.5
Thu Apr 02 15:47:57 GMT+03:00 2026,02-apr.-2026 15:47:57.199,9.56971549987793,2.5,38.8,347.1700134277344,-0.82,4.14,9.1,0.04,41.96,0,-,8,32.04,34.95,87,20.49,10.2,2955,0.04,38.8,21.33,27.48,9,11.31,31.06,-,-,85.37,0,14.63,1177,34.45,41,21.18,25.5
Thu Apr 02 15:47:58 GMT+03:00 2026,02-apr.-2026 15:47:58.880,10.43702220916748,2.4000000953674316,38.699999999999996,350.8999938964844,-0.47,4.44,9.12,0.05,68.24,0.03,-,8,32.06,34.95,86,10.87,30.59,2100.75,0.03,38.7,10.55,14.58,9,13.78,26.07,-,-,85.39,0,14.61,1179,37.57,45,82.35,5.5
Thu Apr 02 15:48:00 GMT+03:00 2026,02-apr.-2026 15:48:00.576,14.131698608398438,2.299999952316284,39.4,356.44000244140625,-1.23,4.31,8.72,0.02,71.76,0,-,8,32.09,34.81,86,23.7,36.08,2463.5,0.04,39.4,6.32,31.78,9,14.21,31.51,-,-,85.41,0,14.59,1181,50.87,52,87.45,5.5
Thu Apr 02 15:48:02 GMT+03:00 2026,02-apr.-2026 15:48:02.275,15.677409172058105,2.0999999046325684,44.599999999999994,356.3800048828125,-0.93,3.74,8.37,-0.04,61.96,-0.06,-,8,32.13,34.81,86,22.28,6.27,2699.5,0.02,44.6,1.69,29.88,9,12.18,15.23,-,-,85.43,0,14.57,1182,56.44,58,48.24,16.5
Thu Apr 02 15:48:03 GMT+03:00 2026,02-apr.-2026 15:48:04.092,16.50251007080078,2.0999999046325684,45.2,356.5400085449219,-0.88,3.65,9,0.01,70.2,0,-,8,32.17,34.81,86,15.42,33.33,2316,0.04,45.2,5.56,20.68,9,14.21,29.64,-,-,85.46,0,14.54,1184,59.41,62,85.1,6
Thu Apr 02 15:48:05 GMT+03:00 2026,02-apr.-2026 15:48:05.946,18.224769592285156,2.299999952316284,45.099999999999994,357.57000732421875,-0.29,2.64,8.94,-0.03,24.71,-0.02,-,8,32.23,34.66,86,23.89,27.06,2537,0.04,45.1,5.6,32.03,8,14.21,30.25,-,-,85.48,0,14.52,1186,65.61,68,34.9,13
Thu Apr 02 15:48:07 GMT+03:00 2026,02-apr.-2026 15:48:07.716,18.733829498291016,2.5999999046325684,44.099999999999994,1.059999942779541,-0.63,2.43,10.06,0.08,13.33,0,-,8,32.28,34.66,86,23.89,5.1,2595,0.01,44.1,0.15,32.03,9,3.63,5.96,-,-,85.5,0,14.5,1188,67.44,68,9.8,29
Thu Apr 02 15:48:09 GMT+03:00 2026,02-apr.-2026 15:48:09.457,17.690488815307617,2.5999999046325684,42.1,3.240000009536743,-0.68,2.52,9.45,0.02,12.94,0.03,-,8,32.33,34.66,86,-,3.53,2468.5,0,42.1,0.05,-,9,2.18,3.57,-,-,85.53,0,14.47,1190,63.69,65,8.24,30.5
Thu Apr 02 15:48:11 GMT+03:00 2026,02-apr.-2026 15:48:11.272,16.728471755981445,2.4000000953674316,38.3,5.150000095367432,-0.59,2.73,9.7,0.05,12.55,0.02,-,8,32.37,34.66,86,-,3.53,2353.75,0,38.3,0.08,-,9,2.18,3.42,-,-,85.55,0,14.45,1191,60.22,62,8.24,30
Thu Apr 02 15:48:12 GMT+03:00 2026,02-apr.-2026 15:48:13.042,16.43096351623535,2.4000000953674316,37.9,6.690000057220459,-0.74,3.52,9.36,0.04,29.02,0.02,-,8,32.41,34.66,86,-,8.24,2260.25,0,37.9,1.22,-,9,2.32,3.45,-,-,85.57,0,14.43,1193,59.15,59,28.24,22
Thu Apr 02 15:48:14 GMT+03:00 2026,02-apr.-2026 15:48:14.857,16.264192581176758,2.299999952316284,37.6,8.829999923706055,-0.66,3.01,8.91,-0.02,28.24,-0.06,-,8,32.46,34.66,86,7.06,17.65,2275.25,0.02,37.6,1.55,9.47,9,9.28,15.67,-,-,85.59,0,14.41,1195,58.55,61,30.2,21
Thu Apr 02 15:48:16 GMT+03:00 2026,02-apr.-2026 15:48:16.701,16.49736213684082,2.4000000953674316,39.0,10.6899995803833,-0.57,2.45,9.4,0.01,13.73,-0.01,-,8,32.5,34.66,86,3.73,9.41,2327.5,0.02,39,2.58,5,9,7.83,13.21,-,-,85.62,0,14.38,1197,59.39,62,11.37,4.5
Thu Apr 02 15:48:18 GMT+03:00 2026,02-apr.-2026 15:48:18.445,16.073745727539062,2.5,39.6,12.300000190734863,-0.8,2.58,9.06,-0.02,25.88,-0.06,-,8,32.54,34.66,86,3.73,3.53,2226.75,0,39.6,0.2,5,9,2.47,3.62,-,-,85.64,0,14.36,1199,57.87,59,23.92,22.5
Thu Apr 02 15:48:20 GMT+03:00 2026,02-apr.-2026 15:48:20.203,15.9296236038208,2.299999952316284,41.8,12.859999656677246,-1.1,3.12,8.62,-0.04,27.84,-0.06,-,8,32.58,34.66,86,-,13.73,2203,0.02,41.8,0.99,-,9,7.11,11.62,-,-,85.66,0,14.34,1200,57.35,58,28.24,22.5
Thu Apr 02 15:48:21 GMT+03:00 2026,02-apr.-2026 15:48:22.026,16.031538009643555,2.299999952316284,41.0,13.489999771118164,-0.88,3.28,9.42,0.04,30.2,0.02,-,8,32.62,34.66,86,3.66,18.43,2242.75,0.02,41,1.65,4.91,9,8.85,16.09,-,-,85.68,0,14.32,1202,57.71,59,31.76,19.5
Thu Apr 02 15:48:23 GMT+03:00 2026,02-apr.-2026 15:48:23.815,16.94053840637207,2.4000000953674316,40.5,13.9399995803833,-1.1,3.72,9.79,0.09,32.94,0.07,-,8,32.66,34.66,86,10.87,21.57,2324.75,0.03,40.5,1.65,14.57,9,10.3,19.16,-,-,85.71,0,14.29,1204,60.99,62,34.9,15
Thu Apr 02 15:48:25 GMT+03:00 2026,02-apr.-2026 15:48:25.559,18.17123794555664,2.4000000953674316,39.5,13.010000228881836,-1.31,3.72,9.03,0.02,34.12,-0.08,-,8,32.71,34.66,86,12.09,28.63,2458.75,0.03,39.5,2.12,16.22,9,12.18,25.97,-,-,85.73,0,14.27,1206,65.42,65,38.04,10.5
Thu Apr 02 15:48:27 GMT+03:00 2026,02-apr.-2026 15:48:27.220,18.893909454345703,2.4000000953674316,39.699999999999996,13.270000457763672,-0.49,2.62,9.04,-0.02,21.57,-0.03,-,8,32.76,34.66,86,17.55,14.51,2602.25,0.03,39.7,0.49,23.53,8,11.31,22.31,-,-,85.75,0,14.25,1207,68.02,69,26.27,23.5
Thu Apr 02 15:48:28 GMT+03:00 2026,02-apr.-2026 15:48:28.992,18.3143310546875,2.5,38.5,13.5600004196167,-0.6,2.46,9.18,-0.01,12.94,0.01,-,8,32.82,34.66,86,17.55,4.71,2528.5,0.01,38.5,0.02,23.53,8,3.19,5.6,-,-,85.77,0,14.23,1209,65.93,68,9.41,29.5
Thu Apr 02 15:48:30 GMT+03:00 2026,02-apr.-2026 15:48:30.704,17.478422164916992,2.299999952316284,41.0,14.09000015258789,-0.85,2.7,9.36,0.02,26.67,0.01,-,8,32.86,34.66,86,-,3.53,2441.25,0,41,0.58,-,8,2.18,3.41,-,-,85.79,0,14.21,1211,62.92,65,12.16,30.5
Thu Apr 02 15:48:32 GMT+03:00 2026,02-apr.-2026 15:48:32.524,17.121719360351562,2.299999952316284,41.4,13.5,-1.34,2.94,9.34,0.03,27.84,0,-,8,32.91,34.66,86,-,14.12,2368.75,0.02,41.4,1.33,-,8,6.82,11.87,-,-,85.81,0,14.19,1213,61.64,63,29.02,23
Thu Apr 02 15:48:34 GMT+03:00 2026,02-apr.-2026 15:48:34.336,16.816490173339844,2.299999952316284,43.7,8.930000305175781,-2.06,2.44,9.27,0.02,12.94,0.02,-,8,32.95,34.66,86,-,5.49,2364.25,0.01,43.7,1.36,-,8,6.96,8.93,-,-,85.84,0,14.16,1215,60.54,63,9.02,28.5
Thu Apr 02 15:48:36 GMT+03:00 2026,02-apr.-2026 15:48:36.197,15.95535945892334,2.299999952316284,42.699999999999996,2.8399999141693115,-1.61,2.42,9.3,0.01,12.94,-0.01,-,8,32.99,34.66,86,-,3.53,2263,0,42.7,1.54,-,8,2.32,3.43,-,-,85.86,0,14.14,1216,57.44,59,8.24,29.5
Thu Apr 02 15:48:37 GMT+03:00 2026,02-apr.-2026 15:48:37.969,15.634687423706055,2.299999952316284,42.3,0.41999998688697815,-1.29,2.12,8.82,-0.05,12.94,0.03,-,8,33.03,34.66,86,-,3.53,2140,0,42.3,1.44,-,8,2.47,3.46,-,-,85.88,0,14.12,1218,56.28,56,8.24,29.5
Thu Apr 02 15:48:39 GMT+03:00 2026,02-apr.-2026 15:48:39.783,14.6773042678833,2.299999952316284,41.199999999999996,356.760009765625,-1.35,2.96,9.13,0.01,25.49,0,-,8,33.05,34.66,86,-,3.53,2030.25,0,41.2,2.14,-,9,2.47,3.34,-,-,85.9,0,14.1,1220,52.84,53,25.49,24
Thu Apr 02 15:48:41 GMT+03:00 2026,02-apr.-2026 15:48:41.525,14.920767784118652,2.200000047683716,40.9,351.4100036621094,-1.47,2.97,8.23,-0.08,30.59,-0.02,-,8,33.08,34.66,86,-,13.73,2020.25,0.02,40.9,0.61,-,9,7.54,11.21,-,-,85.92,0,14.08,1222,53.71,53,30.2,22
Thu Apr 02 15:48:43 GMT+03:00 2026,02-apr.-2026 15:48:43.238,16.076318740844727,2.200000047683716,42.3,346.6400146484375,-1.92,3.3,9.81,0.09,29.41,0.08,-,8,33.12,34.66,86,10.1,20.39,2119.5,0.03,42.3,0.86,13.54,8,10.88,19.3,-,-,85.94,0,14.06,1223,57.87,56,30.59,17
Thu Apr 02 15:48:44 GMT+03:00 2026,02-apr.-2026 15:48:45.005,16.254413604736328,2.200000047683716,43.3,344.1400146484375,-1.85,3.17,9.66,0.07,30.59,0.03,-,8,33.15,34.66,86,11.25,18.04,2217.5,0.02,43.3,1.13,15.09,8,9.72,16.36,-,-,85.97,0,14.03,1225,58.52,59,31.37,20
Thu Apr 02 15:48:46 GMT+03:00 2026,02-apr.-2026 15:48:46.764,17.244224548339844,2.299999952316284,41.8,339.6600036621094,-2.09,3.44,9.09,0.03,30.59,0.03,-,8,33.2,34.66,86,7.43,21.57,2307.5,0.03,41.8,1.08,9.97,8,10.44,19.54,-,-,85.99,0,14.01,1227,62.08,61,32.55,17
Thu Apr 02 15:48:48 GMT+03:00 2026,02-apr.-2026 15:48:48.512,17.239591598510742,2.299999952316284,40.699999999999996,332.6099853515625,-1.11,2.39,9.29,0.05,14.51,-0.02,-,8,33.24,34.66,86,11.81,15.69,2411.5,0.03,40.7,2.04,15.84,8,10.88,22.78,-,-,86.01,0,13.99,1229,62.06,64,13.73,22.5
Thu Apr 02 15:48:50 GMT+03:00 2026,02-apr.-2026 15:48:50.239,17.282312393188477,2.5,39.9,331.5299987792969,-0.71,3.49,8.98,0,30.98,0,-,8,33.28,34.66,86,11.81,11.76,2359.75,0.01,39.9,1.07,15.84,8,2.47,4.41,-,-,86.03,0,13.97,1230,62.22,62,32.55,13
Thu Apr 02 15:48:51 GMT+03:00 2026,02-apr.-2026 15:48:51.914,17.422832489013672,2.5,39.4,331.239990234375,-0.91,2.73,8.99,-0.02,19.61,0.03,-,8,33.33,34.66,86,12.7,24.31,2422.25,0.03,39.4,2.78,17.03,8,10.44,21.13,-,-,86.05,0,13.95,1232,62.72,65,32.16,14
Thu Apr 02 15:48:53 GMT+03:00 2026,02-apr.-2026 15:48:53.751,17.5206298828125,2.200000047683716,38.699999999999996,332.5899963378906,-0.67,2.46,9.62,0.03,12.94,-0.02,-,8,33.37,34.66,86,12.7,4.31,2427,0.01,38.7,0.43,17.03,8,3.05,4.69,-,-,86.07,0,13.93,1234,63.07,64,8.63,30
Thu Apr 02 15:48:55 GMT+03:00 2026,02-apr.-2026 15:48:55.502,16.50714111328125,2.299999952316284,38.699999999999996,331.92999267578125,-0.62,2.52,9.25,-0,12.94,-0.02,-,8,33.41,34.66,86,-,3.53,2293.5,0,38.7,2.24,-,8,2.32,3.44,-,-,86.09,0,13.91,1236,59.43,61,8.24,30
Thu Apr 02 15:48:56 GMT+03:00 2026,02-apr.-2026 15:48:57.157,15.82513427734375,2.299999952316284,39.199999999999996,332.260009765625,-0.56,2.52,9.31,0,12.94,-0.04,-,8,33.45,34.66,85,-,3.53,2185,0,39.2,1.43,-,8,2.32,3.48,-,-,86.11,0,13.89,1237,56.97,58,8.24,30
Thu Apr 02 15:48:58 GMT+03:00 2026,02-apr.-2026 15:48:58.914,15.106067657470703,2.4000000953674316,39.0,333.2300109863281,-0.52,2.64,9.21,-0,12.94,0.06,-,8,33.48,34.66,85,-,3.53,2092.5,0,39,0.83,-,8,2.47,3.42,-,-,86.13,0,13.87,1239,54.38,55,8.24,29.5
Thu Apr 02 15:49:00 GMT+03:00 2026,02-apr.-2026 15:49:00.563,14.391633033752441,2.4000000953674316,37.5,333.3900146484375,-0.27,2.55,8.89,-0.04,12.94,0,-,8,33.51,34.66,85,-,3.53,1991.25,0,37.5,0.3,-,8,2.47,3.31,-,-,86.15,0,13.85,1241,51.81,53,8.24,29.5
Thu Apr 02 15:49:02 GMT+03:00 2026,02-apr.-2026 15:49:02.414,13.946398735046387,2.4000000953674316,36.699999999999996,333.5899963378906,-0.83,3.2,9.31,0.03,28.24,-0.02,-,8,33.53,34.66,85,-,9.41,1869.25,0.01,36.7,0.84,-,9,3.63,5.75,-,-,86.17,0,13.83,1243,50.21,51,29.02,24.5
Thu Apr 02 15:49:04 GMT+03:00 2026,02-apr.-2026 15:49:04.228,14.518769264221191,2.299999952316284,35.0,337.9700012207031,0.62,2.84,9.24,0.01,14.51,-0.02,-,8,33.56,34.66,85,6.23,11.37,1970.5,0.02,35,2.79,8.36,9,9.28,13.57,-,-,86.19,0,13.81,1244,52.27,53,25.1,23.5
Thu Apr 02 15:49:05 GMT+03:00 2026,02-apr.-2026 15:49:05.969,13.65249252319336,2.4000000953674316,35.1,342.8999938964844,0.4,2.82,8.71,-0.05,28.24,-0.04,-,8,33.59,34.66,85,6.23,3.53,1927.75,0,35.1,1.27,8.36,9,2.76,3.58,-,-,86.21,0,13.79,1246,49.15,51,10.2,29.5
Thu Apr 02 15:49:07 GMT+03:00 2026,02-apr.-2026 15:49:07.635,13.95206069946289,2.200000047683716,38.3,352.0400085449219,-0.48,2.93,10.49,0.13,25.49,0,-,8,33.61,34.66,85,-,13.73,1890,0.02,38.3,1.48,-,9,8.7,12.05,-,-,86.23,0,13.77,1248,50.23,51,28.24,22
Thu Apr 02 15:49:09 GMT+03:00 2026,02-apr.-2026 15:49:09.468,13.82492446899414,2.200000047683716,39.8,355.67999267578125,0.02,2.51,9.61,0.03,12.94,0.03,-,8,33.63,34.66,85,-,3.92,1948,0.01,39.8,0.6,-,9,4.35,4.84,-,-,86.25,0,13.75,1250,49.77,50,8.24,29
Thu Apr 02 15:49:11 GMT+03:00 2026,02-apr.-2026 15:49:11.244,12.726507186889648,2.299999952316284,38.6,4.369999885559082,1.11,3.5,9.06,0.02,24.71,-0.05,-,8,33.65,34.66,85,-,5.88,1806.25,0,38.6,0.34,-,9,2.61,3.08,-,-,86.27,0,13.73,1251,45.82,47,23.53,41
Thu Apr 02 15:49:12 GMT+03:00 2026,02-apr.-2026 15:49:12.938,12.614811897277832,2.299999952316284,37.5,11.0600004196167,-0.45,3.58,8.87,-0.01,27.84,0,-,8,33.67,34.66,85,-,11.37,1767.75,0.01,37.5,1.18,-,9,7.54,9.67,-,-,86.29,0,13.71,1253,45.41,47,28.24,21
Thu Apr 02 15:49:14 GMT+03:00 2026,02-apr.-2026 15:49:14.718,13.476457595825195,2.4000000953674316,37.9,17.68000030517578,-0.74,3.08,8.55,-0.05,30.2,-0.03,-,8,33.69,34.66,85,6.27,16.08,1836.25,0.02,37.9,1.62,8.41,9,9.72,13.43,-,-,86.31,0,13.69,1255,48.52,49,31.37,14
Thu Apr 02 15:49:16 GMT+03:00 2026,02-apr.-2026 15:49:16.501,13.683890342712402,2.299999952316284,39.699999999999996,18.450000762939453,-0.59,2.6,9.09,-0.01,12.94,-0.01,-,8,33.72,34.66,85,6.07,4.31,1871,0.01,39.7,0.41,8.14,9,6.67,7.42,-,-,86.33,0,13.67,1257,49.26,51,8.24,21
Thu Apr 02 15:49:18 GMT+03:00 2026,02-apr.-2026 15:49:18.229,12.960705757141113,2.4000000953674316,40.3,19.489999771118164,-0.38,2.41,8.86,-0.04,21.96,0.06,-,8,33.74,34.66,85,6.07,4.71,1806.25,0,40.3,0.6,8.14,8,2.61,3.12,-,-,86.35,0,13.65,1258,46.66,48,19.22,26
Thu Apr 02 15:49:19 GMT+03:00 2026,02-apr.-2026 15:49:19.978,12.660107612609863,2.4000000953674316,40.3,21.200000762939453,-0.42,2.46,9.48,0.02,14.12,0,-,8,33.76,34.66,85,-,7.45,1706,0.01,40.3,0.66,-,9,5.66,7.29,-,-,86.37,0,13.63,1260,45.58,46,12.94,23.5
Thu Apr 02 15:49:21 GMT+03:00 2026,02-apr.-2026 15:49:21.632,12.0872220993042,2.4000000953674316,38.8,26.15999984741211,0.18,2.52,9.19,-0.01,12.94,-0.01,-,8,33.77,34.66,85,-,3.14,1656.25,0,38.8,0.37,-,9,2.9,3.27,-,-,86.39,0,13.61,1262,43.51,44,8.63,29
Thu Apr 02 15:49:23 GMT+03:00 2026,02-apr.-2026 15:49:23.484,10.7777681350708,2.299999952316284,38.3,35.380001068115234,-0.01,1.41,10.01,0.05,12.94,0.02,-,8,33.78,34.66,85,-,3.14,1567.5,0,38.3,0.74,-,9,2.76,3.05,-,-,86.41,0,13.59,1264,38.8,42,9.41,27
Thu Apr 02 15:49:25 GMT+03:00 2026,02-apr.-2026 15:49:25.232,8.751821517944336,2.299999952316284,38.3,40.34000015258789,-0.58,2.86,9.33,0.02,12.94,0,-,8,33.78,34.66,85,-,2.75,1632.25,0,38.3,4.8,-,9,3.05,3.17,-,-,86.43,0,13.57,1265,31.51,34,8.24,2
Thu Apr 02 15:49:26 GMT+03:00 2026,02-apr.-2026 15:49:26.957,8.399237632751465,2.200000047683716,38.1,40.02000045776367,-0.71,1.74,10.14,0.07,12.16,0,-,8,33.78,34.66,85,-,2.75,1038.25,0,38.1,1.51,-,9,3.05,2.49,-,-,86.45,0,13.55,1267,30.24,30,7.84,14
Thu Apr 02 15:49:28 GMT+03:00 2026,02-apr.-2026 15:49:28.820,7.106769561767578,2.0,39.1,40.66999816894531,-1.05,3.23,8.86,-0.01,24.71,0,-,8,33.77,34.66,85,-,2.75,896.75,0,39.1,2.59,-,9,4.06,2.64,-,-,86.47,0,13.53,1269,25.58,25,27.84,13
Thu Apr 02 15:49:30 GMT+03:00 2026,02-apr.-2026 15:49:30.580,6.383070468902588,2.200000047683716,40.4,40.88999938964844,-1.19,3.23,9.12,0.01,18.43,0,-,8,33.75,34.66,85,-,3.53,1690.5,0.01,40.4,1.05,-,9,4.06,4.01,-,-,86.49,0,13.51,1271,22.98,24,8.24,28.5
Thu Apr 02 15:49:32 GMT+03:00 2026,02-apr.-2026 15:49:32.219,6.218873977661133,2.200000047683716,41.8,39.20000076293945,-1,2.75,9.66,0.05,13.33,0,-,8,33.73,34.66,85,-,5.88,1762,0.01,41.8,0.51,-,9,6.96,8.25,-,-,86.51,0,13.49,1272,22.39,21,10.98,15
Thu Apr 02 15:49:33 GMT+03:00 2026,02-apr.-2026 15:49:33.851,5.890995979309082,2.200000047683716,42.1,41.099998474121094,-0.81,4.27,9.26,0.06,27.84,0.02,-,8,33.72,34.66,85,-,10.98,1553.25,0.01,42.1,1.39,-,9,9.72,6.75,-,-,86.53,0,13.47,1274,21.21,21,25.49,21.5
Thu Apr 02 15:49:35 GMT+03:00 2026,02-apr.-2026 15:49:35.656,7.971503257751465,2.200000047683716,41.8,43.7400016784668,-1.26,4.09,8.61,0.05,31.76,0.02,-,8,33.71,34.66,85,10.13,21.96,1914,0.02,41.8,3.09,13.59,9,12.47,18.63,-,-,86.55,0,13.45,1276,28.7,27,34.51,11
Thu Apr 02 15:49:37 GMT+03:00 2026,02-apr.-2026 15:49:37.428,9.461624145507812,2.0999999046325684,40.9,40.540000915527344,-1.03,3.83,9.01,0.02,59.61,-0.01,-,8,33.71,34.81,85,12,4.71,2185,0.01,40.9,0.31,16.09,9,5.08,6.82,-,-,86.57,0,13.43,1278,34.06,33,53.33,-11
Thu Apr 02 15:49:39 GMT+03:00 2026,02-apr.-2026 15:49:39.218,11.684709548950195,2.0999999046325684,40.3,41.5099983215332,-1.12,3.99,8.37,-0.03,65.1,0.01,-,8,33.71,34.81,85,14.52,26.67,1831,0.03,40.3,4.94,19.47,9,14.21,22.72,-,-,86.59,0,13.41,1279,42.06,39,77.65,4.5
Thu Apr 02 15:49:40 GMT+03:00 2026,02-apr.-2026 15:49:40.931,12.962764739990234,2.0999999046325684,40.5,40.95000076293945,-2.11,4.36,9.99,0.15,49.8,0.05,-,8,33.73,34.81,85,22.78,32.16,2212.25,0.04,40.5,4.94,30.55,9,14.21,28.38,-,-,86.6,0,13.4,1281,46.67,47,84.31,6
Thu Apr 02 15:49:42 GMT+03:00 2026,02-apr.-2026 15:49:42.708,15.203865051269531,2.200000047683716,39.1,36.58000183105469,-1.63,2.53,9.01,-0.01,19.61,-0.02,-,8,33.76,34.81,84,23.37,35.69,2570,0.04,39.1,2.67,31.34,9,13.63,31.76,-,-,86.62,0,13.38,1283,54.73,54,18.43,17.5
Thu Apr 02 15:49:44 GMT+03:00 2026,02-apr.-2026 15:49:44.399,15.092684745788574,2.200000047683716,38.8,30.25,-1.47,2.99,9.35,0.03,25.49,0.03,-,8,33.79,34.81,84,3.42,15.69,2080.75,0.02,38.8,0.77,4.58,8,8.12,13.55,-,-,86.64,0,13.36,1285,54.33,55,30.98,20.5
Thu Apr 02 15:49:45 GMT+03:00 2026,02-apr.-2026 15:49:46.153,15.490565299987793,2.200000047683716,37.199999999999996,28.360000610351562,-1.49,2.17,9.72,0.05,13.73,0,-,8,33.82,34.81,84,3.64,11.76,2123.25,0.01,37.2,1.67,4.89,8,6.96,10.81,-,-,86.66,0,13.34,1286,55.77,56,12.16,23.5
Thu Apr 02 15:49:47 GMT+03:00 2026,02-apr.-2026 15:49:47.894,14.699437141418457,2.299999952316284,36.9,23.809999465942383,-1.16,2.55,9.2,0.02,12.94,-0.04,-,8,33.85,34.81,84,3.64,3.53,2027.75,0,36.9,1.63,4.89,8,2.61,3.64,-,-,86.68,0,13.32,1288,52.92,53,8.24,29.5
Thu Apr 02 15:49:49 GMT+03:00 2026,02-apr.-2026 15:49:49.626,13.314834594726562,2.4000000953674316,37.6,19.479999542236328,-1.49,2.72,9.39,0.03,19.61,0,-,8,33.87,34.81,85,-,3.53,1914,0,37.6,0.9,-,8,2.61,3.3,-,-,86.7,0,13.3,1290,47.93,50,8.24,29.5
Thu Apr 02 15:49:51 GMT+03:00 2026,02-apr.-2026 15:49:51.405,13.63705062866211,2.200000047683716,39.3,16.559999465942383,-1.28,3.78,9.09,0.03,37.25,0.01,-,8,33.89,34.81,85,-,12.16,1765.25,0.01,39.3,0.04,-,9,7.11,9.54,-,-,86.72,0,13.28,1292,49.09,48,32.94,20
Thu Apr 02 15:49:53 GMT+03:00 2026,02-apr.-2026 15:49:53.188,13.143431663513184,2.200000047683716,42.1,14.4399995803833,-1.8,2.67,9.74,0.06,12.94,0.04,-,8,33.91,34.81,85,12.43,4.71,1926.75,0.02,42.1,2.91,16.67,8,12.76,12.58,-,-,86.74,0,13.26,1293,47.32,52,9.41,26.5
Thu Apr 02 15:49:54 GMT+03:00 2026,02-apr.-2026 15:49:54.961,13.606681823730469,2.299999952316284,42.199999999999996,11.3100004196167,-0.75,2.25,9.42,0.01,12.16,0,-,8,33.94,34.81,85,12.43,3.14,994.75,0,42.2,2.68,16.67,8,3.92,2.92,-,-,86.76,0,13.24,1295,48.98,50,7.45,10.5
Thu Apr 02 15:49:56 GMT+03:00 2026,02-apr.-2026 15:49:56.643,11.37639045715332,2.299999952316284,41.5,10.619999885559082,-0.09,1.12,10.04,0.05,11.76,-0.1,-,8,33.95,34.81,85,-,2.75,886.5,0,41.5,4.8,-,8,4.06,2.68,-,-,86.77,0,13.23,1297,40.96,43,7.06,10.5
Thu Apr 02 15:49:58 GMT+03:00 2026,02-apr.-2026 15:49:58.471,8.798147201538086,2.200000047683716,40.699999999999996,20.079999923706055,-1.44,3.34,8.66,-0.02,27.06,0.03,-,8,33.95,34.81,85,-,2.75,818.75,0,40.7,2.43,-,8,4.21,2.63,-,-,86.79,0,13.21,1299,31.67,32,9.41,9
Thu Apr 02 15:50:00 GMT+03:00 2026,02-apr.-2026 15:50:00.229,9.330883979797363,2.200000047683716,38.9,5.090000152587891,-4.52,3.04,8.58,0.06,30.98,0.03,-,8,33.94,34.81,85,-,14.12,1600.25,0.01,38.9,0.33,-,9,8.12,9.85,-,-,86.81,0,13.19,1300,33.59,32,29.41,15
Thu Apr 02 15:50:01 GMT+03:00 2026,02-apr.-2026 15:50:02.060,10.135395050048828,2.200000047683716,40.0,355.1199951171875,-0.31,4.53,9.31,0.06,39.61,0.04,-,8,33.95,34.81,85,13.44,20.78,1762,0.02,40,4.41,18.03,9,12.47,18.54,-,-,86.83,0,13.17,1302,36.49,38,42.35,6
Thu Apr 02 15:50:03 GMT+03:00 2026,02-apr.-2026 15:50:03.902,12.182445526123047,2.200000047683716,40.8,2.8299999237060547,-1.44,4.44,10.6,0.2,68.24,0.08,-,8,33.96,34.81,85,15.99,30.59,2072.75,0.04,40.8,4.73,21.44,8,14.07,26.64,-,-,86.85,0,13.15,1304,43.86,44,81.96,5.5
Thu Apr 02 15:50:05 GMT+03:00 2026,02-apr.-2026 15:50:05.807,13.961840629577637,2.0999999046325684,39.0,3.5999999046325684,-1.4,3.39,9.21,0.03,53.33,0.01,-,8,33.99,34.81,85,23.71,7.84,2417.75,0.04,39,4.43,31.8,8,14.21,29.03,-,-,86.87,0,13.13,1306,50.26,52,40.78,19.5
Thu Apr 02 15:50:07 GMT+03:00 2026,02-apr.-2026 15:50:07.546,15.31658935546875,2.200000047683716,38.199999999999996,3.4700000286102295,-0.84,2.82,9.24,0.01,14.12,0,-,8,34.02,34.81,85,9.56,11.37,2049,0.04,38.2,2.82,12.82,8,14.21,26.41,-,-,86.89,0,13.11,1308,55.14,55,13.33,23
Thu Apr 02 15:50:09 GMT+03:00 2026,02-apr.-2026 15:50:09.314,15.163202285766602,2.299999952316284,38.3,1.7300000190734863,-1.43,2.2,5.43,-0.37,17.25,0.05,-,8,34.04,34.81,85,9.56,3.92,1956,0.01,38.3,0.02,12.82,8,2.76,3.79,-,-,86.91,0,13.09,1310,54.59,52,8.24,29
Thu Apr 02 15:50:10 GMT+03:00 2026,02-apr.-2026 15:50:11.012,13.290127754211426,2.200000047683716,38.5,359.6199951171875,-1.25,3.55,8.83,-0,31.76,-0.01,-,8,34.06,34.81,85,-,12.94,1804.25,0.01,38.5,6.59,-,8,5.08,7.59,-,-,86.93,0,13.07,1311,47.84,48,30.59,20
Thu Apr 02 15:50:12 GMT+03:00 2026,02-apr.-2026 15:50:12.749,13.945883750915527,2.200000047683716,41.1,359.2300109863281,-0.61,3.87,8.89,0.01,33.73,-0.01,-,8,34.08,34.81,85,9.61,22.75,1907.25,0.03,41.1,3.13,12.89,8,11.75,19.95,-,-,86.94,0,13.06,1313,50.21,51,35.29,9
Thu Apr 02 15:50:14 GMT+03:00 2026,02-apr.-2026 15:50:14.585,15.464829444885254,2.299999952316284,42.1,0.46000000834465027,-1.08,3.9,8.99,0.02,66.67,0.07,-,8,34.11,34.81,85,9.99,27.84,2039,0.03,42.1,5.64,13.4,8,12.18,22.15,-,-,86.96,0,13.04,1315,55.67,54,70.59,5.5
Thu Apr 02 15:50:16 GMT+03:00 2026,02-apr.-2026 15:50:16.395,16.815975189208984,2.299999952316284,41.0,359.9200134277344,-1.27,3.68,9.05,0.02,35.69,0.02,-,8,34.15,34.81,85,21.39,31.76,2238.5,0.04,41,2.55,28.69,8,14.21,28.8,-,-,86.98,0,13.02,1317,60.54,60,39.61,8.5
Thu Apr 02 15:50:18 GMT+03:00 2026,02-apr.-2026 15:50:18.253,18.272123336791992,2.200000047683716,40.9,0.12999999523162842,-0.86,2.74,8.48,-0.07,19.61,-0.07,-,8,34.19,34.81,86,15.45,29.8,2411.5,0.04,40.9,3.46,20.72,8,12.62,27.01,-,-,87,0,13,1318,65.78,64,38.82,9.5
Thu Apr 02 15:50:19 GMT+03:00 2026,02-apr.-2026 15:50:19.944,17.781078338623047,2.299999952316284,41.3,0.05000000074505806,-0.77,3.32,8.75,-0.02,34.9,-0.01,-,8,34.23,34.81,86,3.92,21.96,1969.5,0.01,41.3,0.78,5.25,8,3.48,5,-,-,87.02,0,12.98,1320,64.01,65,38.43,8
Thu Apr 02 15:50:21 GMT+03:00 2026,02-apr.-2026 15:50:21.636,18.570663452148438,2.4000000953674316,41.5,0.019999999552965164,-0.89,3.17,9.48,0.04,28.63,-0.02,-,8,34.27,34.81,86,12.44,19.61,2022.25,0.03,41.5,1.93,16.69,8,12.76,20.58,-,-,87.03,0,12.97,1322,66.85,68,31.76,14.5
Thu Apr 02 15:50:23 GMT+03:00 2026,02-apr.-2026 15:50:23.389,18.394628524780273,2.299999952316284,41.4,359.95001220703125,-0.85,2.84,9.95,0.08,13.33,0.05,-,8,34.32,34.81,86,12.44,6.67,2041,0.02,41.4,0.93,16.69,8,10.01,15.64,-,-,87.05,0,12.95,1324,66.22,68,9.8,25.5
Thu Apr 02 15:50:25 GMT+03:00 2026,02-apr.-2026 15:50:25.167,17.613794326782227,2.299999952316284,42.5,0.6299999952316284,-0.93,2.56,9.72,0.05,12.94,0.02,-,8,34.36,34.81,86,-,3.92,1963.25,0,41.7,1.22,-,8,2.61,3.61,-,-,87.07,0,12.93,1325,63.41,65,8.24,28
Thu Apr 02 15:50:26 GMT+03:00 2026,02-apr.-2026 15:50:26.998,17.211795806884766,2.4000000953674316,43.4,0.8299999833106995,-0.85,2.99,9.79,0.07,13.73,-0.05,-,8,34.4,34.81,86,-,7.06,1892.75,0,43.4,1.41,-,8,2.61,3.46,-,-,87.09,0,12.91,1327,61.96,62,12.16,18
Thu Apr 02 15:50:28 GMT+03:00 2026,02-apr.-2026 15:50:28.801,16.928699493408203,2.4000000953674316,43.9,1.0,-0.87,3.03,9.47,0.04,29.02,0.01,-,8,34.43,34.81,86,-,17.25,1345.75,0.01,43.9,0.05,-,8,3.63,5.46,-,-,87.11,0,12.89,1329,60.94,61,28.24,22.5
Thu Apr 02 15:50:30 GMT+03:00 2026,02-apr.-2026 15:50:30.534,16.70685386657715,2.200000047683716,43.5,1.149999976158142,-0.49,2.62,8.99,-0.03,18.43,-0.04,-,8,34.47,34.81,86,-,18.43,2307.5,0.02,43.5,0.85,-,8,9.57,16.7,-,-,87.13,0,12.87,1331,60.14,61,30.98,20
Thu Apr 02 15:50:32 GMT+03:00 2026,02-apr.-2026 15:50:32.278,16.31412124633789,2.200000047683716,42.3,0.14000000059604645,-1,3.46,9.08,0.01,30.98,-0.01,-,8,34.5,34.81,86,-,4.71,2264.25,0.01,42.3,0.11,-,8,3.34,5.03,-,-,87.14,0,12.86,1333,58.73,60,29.41,20.5
Thu Apr 02 15:50:34 GMT+03:00 2026,02-apr.-2026 15:50:34.252,17.641590118408203,2.299999952316284,41.3,0.23000000417232513,-0.84,3.75,9.12,0.03,35.69,0.01,-,8,34.54,34.81,86,7.4,27.84,2310.25,0.03,41.3,3.27,9.93,8,12.18,23.68,-,-,87.16,0,12.84,1335,63.51,62,40,9.5
Thu Apr 02 15:50:35 GMT+03:00 2026,02-apr.-2026 15:50:36.020,18.094030380249023,2.4000000953674316,41.1,0.4399999976158142,-0.8,2.98,9.2,0.01,30.98,-0.02,-,8,34.58,34.81,86,14.41,22.75,2484.75,0.02,41.1,2.49,19.32,8,10.15,18.3,-,-,87.18,0,12.82,1336,65.14,66,32.94,17.5
Thu Apr 02 15:50:37 GMT+03:00 2026,02-apr.-2026 15:50:37.790,18.40028953552246,2.4000000953674316,41.199999999999996,359.4200134277344,-0.68,2.31,9.62,0.03,14.51,0.01,-,8,34.63,34.81,86,8.44,8.24,2532,0.03,41.2,1.34,11.32,8,10.01,20.61,-,-,87.2,0,12.8,1338,66.24,68,12.55,26
Thu Apr 02 15:50:39 GMT+03:00 2026,02-apr.-2026 15:50:39.559,18.474924087524414,2.4000000953674316,40.3,359.6400146484375,-0.55,2.32,9.21,-0.01,25.1,0.03,-,8,34.67,34.81,86,8.44,3.53,2406.75,0.01,40.3,0.5,11.32,8,2.32,3.75,-,-,87.22,0,12.78,1340,66.51,64,15.69,30.5
Thu Apr 02 15:50:41 GMT+03:00 2026,02-apr.-2026 15:50:41.279,17.42849349975586,2.299999952316284,40.6,0.09000000357627869,-0.71,2.91,9.45,0.03,29.41,0.01,-,8,34.7,34.81,86,-,16.08,2321.75,0.02,40.6,1.7,-,8,6.53,11.5,-,-,87.23,0,12.77,1342,62.74,62,30.59,21
Thu Apr 02 15:50:42 GMT+03:00 2026,02-apr.-2026 15:50:43.059,17.369300842285156,2.4000000953674316,40.9,0.5600000023841858,-1.01,3.14,8.63,-0.04,30.2,-0.05,-,8,34.74,34.81,86,-,18.43,2337.75,0.02,40.9,0.74,-,8,9.72,16.88,-,-,87.25,0,12.75,1343,62.53,62,30.98,20
Thu Apr 02 15:50:44 GMT+03:00 2026,02-apr.-2026 15:50:44.861,17.59680938720703,2.299999952316284,42.6,359.6400146484375,-1.02,3.58,9.43,0.05,30.98,0,-,8,34.78,34.81,86,7.88,21.18,2419.25,0.02,42.6,2.39,10.57,8,10.01,18.62,-,-,87.27,0,12.73,1345,63.35,64,32.94,17.5
Thu Apr 02 15:50:46 GMT+03:00 2026,02-apr.-2026 15:50:46.685,17.497467041015625,2.200000047683716,42.9,359.3800048828125,-0.64,3.9,9.65,0.08,43.53,0.02,-,8,34.82,34.81,86,7.9,5.49,2408.25,0.01,42.9,3.81,10.59,8,8.27,10.41,-,-,87.29,0,12.71,1347,62.99,66,44.31,27
Thu Apr 02 15:50:48 GMT+03:00 2026,02-apr.-2026 15:50:48.520,18.048219680786133,2.200000047683716,41.9,0.6499999761581421,-1.27,2.96,9.12,0.01,31.37,-0.04,-,8,34.86,34.66,86,12.04,24.31,2043.5,0.03,41.9,2.72,16.15,8,14.07,26.12,-,-,87.3,0,12.7,1349,64.97,69,33.33,11.5
Thu Apr 02 15:50:50 GMT+03:00 2026,02-apr.-2026 15:50:50.185,18.740007400512695,2.299999952316284,41.0,358.8999938964844,-0.8,2.41,9.57,0.03,14.12,0,-,8,34.91,34.66,86,4.3,17.25,2099.5,0.02,41,5.03,5.76,8,9.57,15.98,-,-,87.32,0,12.68,1350,67.46,70,13.33,20.5
Thu Apr 02 15:50:51 GMT+03:00 2026,02-apr.-2026 15:50:51.958,18.697799682617188,2.200000047683716,40.8,359.45001220703125,-0.74,2.42,9.44,0.01,12.94,0,-,8,34.95,34.66,86,4.3,3.92,2032.25,0.01,40.8,0.46,5.76,8,2.76,3.78,-,-,87.34,0,12.66,1352,67.31,67,8.24,28.5
Thu Apr 02 15:50:53 GMT+03:00 2026,02-apr.-2026 15:50:53.797,18.405437469482422,2.299999952316284,41.3,1.7999999523162842,-0.15,0.39,8.25,-0.14,13.33,-0.04,-,8,34.99,34.66,86,-,3.53,1925,0,41.3,1.49,-,8,2.61,3.46,-,-,87.36,0,12.64,1354,66.26,64,8.24,28.5
Thu Apr 02 15:50:55 GMT+03:00 2026,02-apr.-2026 15:50:55.507,13.89338207244873,2.200000047683716,42.0,3.2200000286102295,0.21,-0.08,10.78,0.12,12.55,0.01,-,8,35.02,34.66,86,-,3.14,1660.5,0,42,4.9,-,8,2.61,3.14,-,-,87.37,0,12.63,1356,50.02,54,10.59,19.5
Thu Apr 02 15:50:57 GMT+03:00 2026,02-apr.-2026 15:50:57.215,9.759133338928223,2.200000047683716,42.1,4.679999828338623,-0.23,2.51,9.56,0.03,11.37,-0.14,-,8,35.02,34.66,86,-,2.75,992.75,0,42.1,12.02,-,8,3.77,2.85,-,-,87.39,0,12.61,1358,35.13,38,7.45,12.5
Thu Apr 02 15:50:58 GMT+03:00 2026,02-apr.-2026 15:50:58.955,8.705496788024902,2.200000047683716,41.699999999999996,4.989999771118164,-0.12,2.19,9.85,0.05,12.16,0.1,-,8,35.02,34.66,86,-,3.92,1746.25,0,41.7,3.13,-,8,3.19,3.3,-,-,87.41,0,12.59,1359,31.34,32,7.06,7.5
Thu Apr 02 15:51:00 GMT+03:00 2026,02-apr.-2026 15:51:00.780,5.871436595916748,2.0999999046325684,40.5,5.980000019073486,-0.42,2.93,9.51,0.03,12.16,0,-,8,35,34.66,86,-,2.75,1144.5,0,40.5,5.46,-,8,2.61,2.65,-,-,87.42,0,12.58,1361,21.14,22,7.45,20
Thu Apr 02 15:51:02 GMT+03:00 2026,02-apr.-2026 15:51:02.600,4.728238105773926,2.200000047683716,39.8,17.719999313354492,-0.05,2.64,9.71,0.05,26.67,0,-,8,34.98,34.66,86,-,2.75,933.5,0,39.8,0.11,-,8,4.21,2.84,-,-,87.44,0,12.56,1363,17.02,18,7.06,9
Thu Apr 02 15:51:04 GMT+03:00 2026,02-apr.-2026 15:51:04.317,6.046956539154053,2.200000047683716,38.3,20.18000030517578,-3.36,4.21,8.49,0.04,60,0.07,-,8,34.96,34.81,86,1.18,12.94,1282.75,0.01,38.3,1.13,1.58,8,8.56,8.67,-,-,87.46,0,12.54,1365,21.77,19,61.18,1
Thu Apr 02 15:51:05 GMT+03:00 2026,02-apr.-2026 15:51:06.096,7.013605117797852,2.200000047683716,37.9,9.529999732971191,-1.22,3.94,8.74,0,53.33,0.02,-,8,34.95,34.81,86,11.1,4.31,1877.5,0.01,37.9,4.23,14.88,8,9.72,9.98,-,-,87.47,0,12.53,1366,25.25,26,47.84,14.5
Thu Apr 02 15:51:07 GMT+03:00 2026,02-apr.-2026 15:51:07.829,8.237099647521973,2.0999999046325684,39.3,2.5799999237060547,0.48,4.53,9.13,0.03,60,0.01,-,8,34.94,34.95,86,9.51,20.39,1464.75,0.02,39.3,3.54,12.75,8,14.36,17.9,-,-,87.49,0,12.51,1368,29.65,31,70.2,2
Thu Apr 02 15:51:09 GMT+03:00 2026,02-apr.-2026 15:51:09.524,10.982627868652344,2.200000047683716,40.3,12.640000343322754,-0.4,4.29,9.12,0.05,65.1,-0.16,-,8,34.95,34.95,86,20.09,26.67,1831,0.03,40.3,5.45,26.94,8,14.21,22.95,-,-,87.51,0,12.49,1370,39.54,39,77.25,4.5
Thu Apr 02 15:51:11 GMT+03:00 2026,02-apr.-2026 15:51:11.205,13.399249076843262,2.200000047683716,41.6,12.40999984741211,-1.16,4.08,8.86,0.02,69.41,-0.01,-,8,34.96,34.81,86,19.99,31.76,2181.25,0.04,41.6,1.57,26.81,8,14.21,27.95,-,-,87.52,0,12.48,1372,48.24,46,83.53,5.5
Thu Apr 02 15:51:12 GMT+03:00 2026,02-apr.-2026 15:51:12.969,14.058093070983887,2.200000047683716,44.0,11.779999732971191,-1.3,3.63,9.23,0.04,65.1,0.03,-,8,34.98,34.81,86,16.33,7.45,2271.25,0.01,44,2.76,21.9,8,5.8,8.69,-,-,87.54,0,12.46,1373,50.61,51,72.16,4.5
Thu Apr 02 15:51:14 GMT+03:00 2026,02-apr.-2026 15:51:14.765,15.608951568603516,2.299999952316284,44.3,10.800000190734863,-1.11,3.97,8.9,0.02,67.45,0.04,-,8,35.01,34.81,86,17.11,30.59,2110,0.04,44.3,3.17,22.94,8,14.21,27.33,-,-,87.56,0,12.44,1375,56.19,56,81.57,5.5
Thu Apr 02 15:51:16 GMT+03:00 2026,02-apr.-2026 15:51:16.563,17.175251007080078,2.299999952316284,42.699999999999996,11.630000114440918,-1.04,3.83,9.17,0.04,70.2,-0.06,-,8,35.04,34.66,86,22.18,33.33,2311.75,0.04,42.7,2.16,29.74,8,14.21,29.75,-,-,87.57,0,12.43,1377,61.83,62,84.71,5.5
Thu Apr 02 15:51:19 GMT+03:00 2026,02-apr.-2026 15:51:19.280,18.571178436279297,2.5,42.9,10.050000190734863,-1.04,3.34,8.89,-0.01,65.88,0.03,-,8,35.08,34.66,86,17.73,30.98,2520,0.04,42.9,2.06,23.78,8,14.21,33.13,-,-,87.6,0,12.4,1380,66.86,67,17.65,23.5
Thu Apr 02 15:51:21 GMT+03:00 2026,02-apr.-2026 15:51:21.965,18.705005645751953,2.299999952316284,41.4,10.399999618530273,-0.85,2.98,8.97,-0.01,14.9,0,-,8,35.13,34.66,86,17.73,5.88,2099.5,0.03,41.4,2.3,23.78,8,13.05,23.65,-,-,87.62,0,12.38,1382,67.34,70,9.02,17.5
Thu Apr 02 15:51:24 GMT+03:00 2026,02-apr.-2026 15:51:24.635,18.608753204345703,2.200000047683716,40.5,10.869999885559082,-1.03,2.99,9,-0.01,30.2,0.04,-,8,35.17,34.66,86,-,19.61,2042.25,0.02,40.5,1.8,-,8,9.86,16.56,-,-,87.65,0,12.35,1385,66.99,68,31.37,15.5
Thu Apr 02 15:51:27 GMT+03:00 2026,02-apr.-2026 15:51:27.362,19.15487289428711,2.200000047683716,42.6,11.1899995803833,-0.71,3.27,9.54,0.05,30.59,0.03,-,8,35.22,34.66,86,-,20.78,2107.75,0.03,42.6,1.69,-,8,10.73,18.9,-,-,87.67,0,12.33,1388,68.96,70,32.16,14.5
Thu Apr 02 15:51:29 GMT+03:00 2026,02-apr.-2026 15:51:29.778,19.554811477661133,2.299999952316284,42.6,11.050000190734863,-0.97,2.65,9.41,0.02,12.55,0.02,-,8,35.26,34.66,86,-,4.71,2058,0.01,42.6,0.23,-,8,9.57,8.93,-,-,87.7,0,12.3,1390,70.4,71,8.24,28
Thu Apr 02 15:51:31 GMT+03:00 2026,02-apr.-2026 15:51:31.555,18.405437469482422,2.299999952316284,42.9,11.520000457763672,-1.28,3.13,9.26,0.02,28.24,0.01,-,8,35.31,34.66,86,-,3.92,2031.25,0,42.9,2.68,-,8,2.61,3.61,-,-,87.71,0,12.29,1392,66.26,68,29.02,15.5
Thu Apr 02 15:51:33 GMT+03:00 2026,02-apr.-2026 15:51:33.218,18.04924964904785,2.299999952316284,43.599999999999994,9.949999809265137,-0.81,2.72,8.86,-0.03,28.24,0.22,-,8,35.35,34.66,86,-,15.29,2018,0.02,43.6,1.73,-,8,9.43,14.37,-,-,87.73,0,12.27,1394,64.98,68,29.41,20.5
Thu Apr 02 15:51:34 GMT+03:00 2026,02-apr.-2026 15:51:34.955,18.237638473510742,2.4000000953674316,43.599999999999994,10.039999961853027,-0.6,2.88,8.98,-0.02,28.24,-0.08,-,8,35.39,34.66,86,-,15.69,1986,0.02,43.6,1.02,-,8,9.57,14.17,-,-,87.74,0,12.26,1395,65.66,66,29.02,20
Thu Apr 02 15:51:36 GMT+03:00 2026,02-apr.-2026 15:51:36.704,17.934467315673828,2.299999952316284,43.9,11.529999732971191,-0.93,2.7,9.54,0.03,13.33,0,-,8,35.43,34.66,86,4.17,6.27,1995.5,0.02,43.9,1.41,5.59,8,9.28,13.97,-,-,87.76,0,12.24,1397,64.56,67,9.41,18.5
Thu Apr 02 15:51:38 GMT+03:00 2026,02-apr.-2026 15:51:38.555,17.114513397216797,2.299999952316284,44.9,11.119999885559082,-0.91,2.58,9.7,0.05,12.94,0.05,-,8,35.46,34.66,86,4.17,3.53,1922,0,44.9,0.82,5.59,8,2.61,3.48,-,-,87.78,0,12.22,1399,61.61,64,8.24,28.5
Thu Apr 02 15:51:40 GMT+03:00 2026,02-apr.-2026 15:51:40.375,16.219926834106445,2.4000000953674316,44.4,11.300000190734863,-0.9,1.89,7.12,-0.03,13.33,-0.04,-,8,35.5,34.66,87,-,3.53,1822,0,44.4,0.46,-,8,2.61,3.24,-,-,87.79,0,12.21,1401,58.39,61,8.63,28.5
Thu Apr 02 15:51:42 GMT+03:00 2026,02-apr.-2026 15:51:42.257,15.39791488647461,2.4000000953674316,44.2,10.300000190734863,-0.84,2.31,9.21,-0.01,12.94,0,-,8,35.52,34.66,86,-,3.14,1724.75,0,44.2,1.39,-,8,2.61,3.17,-,-,87.81,0,12.19,1403,55.43,57,8.63,28.5
Thu Apr 02 15:51:43 GMT+03:00 2026,02-apr.-2026 15:51:44.009,14.682966232299805,2.299999952316284,45.5,10.300000190734863,-0.56,1.22,9.32,-0.02,13.33,-0.04,-,8,35.55,34.66,86,-,3.14,1626.75,0,45.5,1.43,-,8,2.76,3.08,-,-,87.83,0,12.17,1404,52.86,54,8.63,28
Thu Apr 02 15:51:45 GMT+03:00 2026,02-apr.-2026 15:51:45.800,12.584444046020508,2.299999952316284,45.7,11.15999984741211,-0.25,2.27,9.64,0.03,12.55,0.02,-,8,35.56,34.66,86,-,3.14,1102.5,0,45.7,3.42,-,8,3.05,2.91,-,-,87.84,0,12.16,1406,45.3,48,7.84,8
Thu Apr 02 15:51:47 GMT+03:00 2026,02-apr.-2026 15:51:47.544,10.799386978149414,2.200000047683716,45.5,13.699999809265137,-0.35,1.63,10.74,0.13,11.37,0.01,-,8,35.57,34.66,86,-,3.14,939.25,0,45.5,1.06,-,8,4.06,2.82,-,-,87.86,0,12.14,1408,38.88,41,6.27,-3
Thu Apr 02 15:51:49 GMT+03:00 2026,02-apr.-2026 15:51:49.320,9.146614074707031,2.299999952316284,44.599999999999994,21.43000030517578,1.36,1.57,9.39,-0,24.31,-0.01,-,8,35.57,34.66,86,-,3.14,1609.75,0,44.6,0.67,-,8,2.9,3.16,-,-,87.87,0,12.13,1410,32.93,34,9.02,0
Thu Apr 02 15:51:50 GMT+03:00 2026,02-apr.-2026 15:51:51.068,8.80329418182373,2.200000047683716,44.599999999999994,33.779998779296875,-3.66,3.49,8.88,0.06,39.61,0,-,8,35.56,34.66,86,-,12.16,1583.5,0.01,44.6,0.07,-,8,7.54,8.4,-,-,87.89,0,12.11,1411,31.69,33,33.33,14
Thu Apr 02 15:51:52 GMT+03:00 2026,02-apr.-2026 15:51:52.801,10.075687408447266,2.200000047683716,43.4,20.190000534057617,-1.13,4.13,8.98,0.03,64.31,0.01,-,8,35.56,34.66,86,9.24,24.71,1809.75,0.03,43.4,2.28,12.39,8,13.92,21.48,-,-,87.9,0,12.1,1413,36.27,37,75.29,4.5
Thu Apr 02 15:51:54 GMT+03:00 2026,02-apr.-2026 15:51:54.592,11.742873191833496,2.299999952316284,44.599999999999994,16.0,-0.86,3.78,9.16,0.03,60.39,0.05,-,8,35.57,34.81,86,18.4,4.71,2055.75,0.01,44.6,2.11,24.68,8,11.17,11.12,-,-,87.92,0,12.08,1415,42.27,44,48.63,7
Thu Apr 02 15:51:56 GMT+03:00 2026,02-apr.-2026 15:51:56.251,13.94948673248291,2.299999952316284,44.7,19.719999313354492,-0.53,4.46,9.43,0.08,63.14,0.01,-,8,35.59,34.81,86,12.21,25.88,1773,0.03,44.7,2.52,16.37,8,14.21,22.23,-,-,87.93,0,12.07,1417,50.22,48,75.69,4
Thu Apr 02 15:51:57 GMT+03:00 2026,02-apr.-2026 15:51:58.049,14.56303596496582,2.4000000953674316,44.0,21.579999923706055,0.21,3.83,8.67,-0.01,33.33,-0.04,-,8,35.61,34.81,86,16.96,14.9,2004,0.02,44,2.78,22.74,8,13.34,18.29,-,-,87.95,0,12.05,1418,52.43,53,28.24,21
Thu Apr 02 15:51:59 GMT+03:00 2026,02-apr.-2026 15:51:59.767,15.637775421142578,2.4000000953674316,43.8,26.209999084472656,-0.44,2.9,9.09,-0.01,31.76,0.07,-,8,35.64,34.81,86,13.42,29.41,2128,0.03,43.8,3.42,18,8,12.18,25.49,-,-,87.97,0,12.03,1420,56.3,57,50.59,6
Thu Apr 02 15:52:01 GMT+03:00 2026,02-apr.-2026 15:52:01.478,16.611116409301758,2.4000000953674316,44.0,32.540000915527344,-0.45,3.73,9.27,0.04,62.75,-0.02,-,8,35.67,34.81,86,11.62,14.51,1983,0.01,44,0.25,15.58,8,4.64,6.38,-,-,87.98,0,12.02,1422,59.8,60,64.71,0.5
Thu Apr 02 15:52:03 GMT+03:00 2026,02-apr.-2026 15:52:03.220,18.0955753326416,2.299999952316284,44.7,35.59000015258789,-0.23,3.43,8.79,-0.02,64.31,-0.03,-,8,35.71,34.81,86,16.22,27.45,1902.5,0.03,44.7,4.2,21.75,8,14.21,24.51,-,-,88,0,12,1424,65.14,64,77.25,4.5
Thu Apr 02 15:52:04 GMT+03:00 2026,02-apr.-2026 15:52:05.048,18.81412696838379,2.299999952316284,45.5,38.369998931884766,-0.53,3.72,9.11,0.02,65.88,0,-,8,35.75,34.81,86,16.71,29.41,2037.75,0.04,45.5,2.86,22.41,8,14.21,26.43,-,-,88.01,0,11.99,1425,67.73,68,79.61,5
Thu Apr 02 15:52:06 GMT+03:00 2026,02-apr.-2026 15:52:06.873,20.272335052490234,2.4000000953674316,43.5,43.72999954223633,-0.78,2.1,9.12,-0.02,16.08,0,-,8,35.79,34.81,86,21.12,31.37,2177.5,0.04,43.5,2.42,28.32,8,14.21,28.21,-,-,88.03,0,11.97,1427,72.98,73,23.92,5
Thu Apr 02 15:52:08 GMT+03:00 2026,02-apr.-2026 15:52:08.590,20.720142364501953,2.4000000953674316,42.6,44.16999816894531,-0.62,2.77,9.44,0.02,26.27,-0.03,-,8,35.84,34.81,86,21.12,3.92,2187.5,0.01,42.6,1.25,28.32,8,2.9,4.25,-,-,88.04,0,11.96,1429,74.59,72,18.04,28.5
Thu Apr 02 15:52:10 GMT+03:00 2026,02-apr.-2026 15:52:10.300,19.593931198120117,2.299999952316284,40.5,43.91999816894531,-1.24,3.06,9.29,0.02,27.45,0.03,-,8,35.88,34.81,86,-,13.33,2142.75,0.02,40.5,1.6,-,8,7.4,11.67,-,-,88.06,0,11.94,1431,70.54,72,27.84,22.5
Thu Apr 02 15:52:11 GMT+03:00 2026,02-apr.-2026 15:52:12.051,19.57231330871582,2.299999952316284,39.9,44.29999923706055,-1.3,2.42,9.66,0.04,12.94,0.01,-,8,35.93,34.81,86,-,4.71,2166,0.01,39.9,0.46,-,8,5.22,6.36,-,-,88.07,0,11.93,1432,70.46,71,8.63,28
Thu Apr 02 15:52:13 GMT+03:00 2026,02-apr.-2026 15:52:13.900,19.18627166748047,2.299999952316284,38.9,43.439998626708984,-1.23,2.5,9.42,0.02,12.94,0,-,8,35.97,34.81,86,-,3.92,2067,0,38.9,0.36,-,8,2.61,3.6,-,-,88.09,0,11.91,1434,69.07,69,8.24,29
Thu Apr 02 15:52:15 GMT+03:00 2026,02-apr.-2026 15:52:15.804,17.87115478515625,2.4000000953674316,39.1,39.790000915527344,-1.75,3,9.29,0.03,26.67,-0.02,-,8,36.01,34.81,86,-,4.31,1986,0,39.1,0.27,-,8,2.61,3.5,-,-,88.11,0,11.89,1436,64.34,66,26.67,22.5
Thu Apr 02 15:52:17 GMT+03:00 2026,02-apr.-2026 15:52:17.693,17.991085052490234,2.200000047683716,38.9,35.849998474121094,-2.08,2.98,9.19,0.03,27.84,0,-,8,36.04,34.81,86,-,13.73,1979.75,0.02,38.9,1.53,-,8,8.27,11.74,-,-,88.12,0,11.88,1438,64.77,66,28.63,21
Thu Apr 02 15:52:19 GMT+03:00 2026,02-apr.-2026 15:52:19.556,17.76049041748047,2.299999952316284,40.3,30.75,-1.56,2.37,9.75,0.05,12.94,0.03,-,8,36.08,34.81,86,-,4.71,1908,0.01,40.3,2.3,-,8,6.53,7.28,-,-,88.14,0,11.86,1440,63.94,66,9.02,28
Thu Apr 02 15:52:21 GMT+03:00 2026,02-apr.-2026 15:52:21.289,16.71148681640625,2.4000000953674316,40.8,24.799999237060547,-2.03,2.34,9.8,0.07,12.94,0.03,-,8,36.11,34.81,86,-,3.53,1916.75,0,40.8,0.66,-,8,2.61,3.39,-,-,88.15,0,11.85,1442,60.16,63,8.63,29
Thu Apr 02 15:52:22 GMT+03:00 2026,02-apr.-2026 15:52:22.940,16.374343872070312,2.5,40.699999999999996,19.829999923706055,-1.74,2.31,9.19,0,13.33,0.02,-,8,36.15,34.81,86,-,3.14,1838,0,40.7,0.84,-,8,2.61,3.21,-,-,88.17,0,11.83,1443,58.95,61,8.63,29
Thu Apr 02 15:52:24 GMT+03:00 2026,02-apr.-2026 15:52:24.712,15.702630996704102,2.4000000953674316,43.7,14.729999542236328,-0.58,1.11,9.5,-0,12.16,0,-,8,36.17,34.81,86,-,3.14,1293.75,0,43.7,1.51,-,8,2.61,2.91,-,-,88.18,0,11.82,1445,56.53,58,7.06,2.5
Thu Apr 02 15:52:26 GMT+03:00 2026,02-apr.-2026 15:52:26.548,11.90398120880127,2.200000047683716,44.2,13.34000015258789,-0.85,0.89,8.9,-0.07,12.55,0.13,-,8,36.19,34.81,86,-,2.75,1797.5,0,44.2,2.7,-,8,2.32,2.97,-,-,88.2,0,11.8,1447,42.85,48,8.63,5.5
Thu Apr 02 15:52:28 GMT+03:00 2026,02-apr.-2026 15:52:28.454,8.344676971435547,2.0999999046325684,43.3,16.81999969482422,0.14,2.85,9.34,0.01,21.18,0,-,8,36.18,34.81,86,-,2.75,1550.75,0,43.3,2.84,-,8,2.76,3,-,-,88.21,0,11.79,1449,30.04,32,7.45,-2.5
Thu Apr 02 15:52:30 GMT+03:00 2026,02-apr.-2026 15:52:30.245,8.665349006652832,2.200000047683716,42.199999999999996,28.059999465942383,-1.55,4.17,8.82,0.03,58.04,0,-,8,36.17,34.81,86,-,10.98,1594.75,0.01,42.2,0.04,-,8,8.56,10.23,-,-,88.23,0,11.77,1451,31.2,30,59.61,-3
Thu Apr 02 15:52:31 GMT+03:00 2026,02-apr.-2026 15:52:31.921,9.9840669631958,2.200000047683716,41.5,25.479999542236328,-2.02,4.1,9.09,0.06,63.53,-0.05,-,8,36.18,34.95,86,15.36,24.71,1728.75,0.03,41.5,5.8,20.6,8,14.21,21.17,-,-,88.24,0,11.76,1452,35.94,37,75.29,4
Thu Apr 02 15:52:33 GMT+03:00 2026,02-apr.-2026 15:52:33.745,12.27200698852539,2.299999952316284,40.1,15.539999961853027,-0.92,4.2,8.67,0.01,68.63,0.05,-,8,36.18,34.81,86,20.26,30.59,2099.5,0.04,40.1,3.61,27.17,8,14.21,27.1,-,-,88.26,0,11.74,1454,44.18,44,82.35,5.5
Thu Apr 02 15:52:35 GMT+03:00 2026,02-apr.-2026 15:52:35.426,15.319677352905273,2.200000047683716,40.5,14.170000076293945,-1.31,4.34,8.56,0.01,72.55,-0.01,-,8,36.21,34.81,86,28.61,36.86,2493,0.04,40.5,2.49,38.37,8,14.21,32.29,-,-,88.27,0,11.73,1456,55.15,53,87.84,5.5
Thu Apr 02 15:52:36 GMT+03:00 2026,02-apr.-2026 15:52:37.080,16.495302200317383,2.200000047683716,41.8,13.569999694824219,-1.24,3.91,9,0.03,39.22,0.02,-,8,36.24,34.81,86,31.79,14.51,2853.5,0.05,41.8,5.85,42.64,8,14.21,39.3,-,-,88.29,0,11.71,1457,59.38,61,16.86,23.5
Thu Apr 02 15:52:38 GMT+03:00 2026,02-apr.-2026 15:52:38.821,17.100616455078125,2.200000047683716,42.6,13.010000228881836,-0.8,2.31,9.07,-0.02,18.43,-0.01,-,8,36.27,34.81,86,3.87,12.16,2345,0.03,42.6,1.98,5.19,8,14.07,22.81,-,-,88.3,0,11.7,1459,61.56,62,27.45,23.5
Thu Apr 02 15:52:40 GMT+03:00 2026,02-apr.-2026 15:52:40.547,16.574569702148438,2.299999952316284,42.8,13.329999923706055,-0.92,2.62,9.76,0.05,12.55,0.03,-,8,36.3,34.81,86,3.87,4.31,2267,0.01,42.8,0.47,5.19,8,3.19,4.85,-,-,88.31,0,11.69,1461,59.67,61,8.24,29
Thu Apr 02 15:52:42 GMT+03:00 2026,02-apr.-2026 15:52:42.264,15.406665802001953,2.4000000953674316,42.6,13.210000038146973,-0.64,1.34,9.72,0.02,12.94,-0.02,-,8,36.32,34.81,86,-,3.92,2189,0,42.6,0.27,-,8,2.47,3.55,-,-,88.33,0,11.67,1463,55.46,58,8.24,29.5
Thu Apr 02 15:52:43 GMT+03:00 2026,02-apr.-2026 15:52:44.032,13.884632110595703,2.299999952316284,42.6,13.539999961853027,-0.45,3.27,9.89,0.08,12.55,0.06,-,8,36.34,34.81,86,-,2.75,1548.75,0,42.6,5.46,-,8,2.61,3.08,-,-,88.34,0,11.66,1464,49.98,50,8.24,15
Thu Apr 02 15:52:45 GMT+03:00 2026,02-apr.-2026 15:52:45.813,12.307008743286133,2.4000000953674316,41.5,15.369999885559082,0.49,3.1,8.63,-0.05,27.45,-0.06,-,8,36.35,34.81,86,-,9.41,2070.5,0.01,41.5,1.56,-,8,4.06,5.08,-,-,88.36,0,11.64,1466,44.31,44,26.67,25
Thu Apr 02 15:52:47 GMT+03:00 2026,02-apr.-2026 15:52:47.573,12.836657524108887,2.4000000953674316,40.0,23.959999084472656,-1.87,3.05,11.55,0.25,34.12,0.09,-,8,36.36,34.81,86,5.57,18.04,2171.25,0.02,40,1.29,7.47,8,9.14,14.82,-,-,88.37,0,11.63,1468,46.21,46,32.55,16.5
Thu Apr 02 15:52:49 GMT+03:00 2026,02-apr.-2026 15:52:49.301,14.157949447631836,2.4000000953674316,37.699999999999996,17.0,-1.03,2.78,8.61,-0.05,31.76,-0.01,-,8,36.38,34.81,86,9.35,29.8,2349.5,0.04,37.7,1.02,12.53,8,12.76,26.43,-,-,88.39,0,11.61,1470,50.97,49,40.39,9
Thu Apr 02 15:52:50 GMT+03:00 2026,02-apr.-2026 15:52:50.924,14.188833236694336,2.299999952316284,38.9,16.489999771118164,-1.13,3.53,9.36,0.04,65.1,0.02,-,8,36.4,34.81,86,13.4,15.69,2181.25,0.01,38.9,2.03,17.97,8,4.06,5.98,-,-,88.4,0,11.6,1471,51.08,53,78.82,5
Thu Apr 02 15:52:52 GMT+03:00 2026,02-apr.-2026 15:52:52.728,14.71796703338623,2.200000047683716,41.4,13.380000114440918,-1.31,3.77,8.8,0,68.24,0.01,-,8,36.42,34.81,86,14.44,30.98,2147.5,0.04,41.4,5.28,19.36,8,14.21,27.82,-,-,88.42,0,11.58,1473,52.98,57,82.35,5
Thu Apr 02 15:52:54 GMT+03:00 2026,02-apr.-2026 15:52:54.486,17.66269302368164,2.299999952316284,41.9,12.90999984741211,-0.8,3.28,8.54,-0.05,70.59,-0.06,-,8,36.46,34.81,86,22.89,34.12,2364.25,0.04,41.9,2.74,30.69,8,14.21,30.46,-,-,88.43,0,11.57,1475,63.59,63,86.27,5.5
Thu Apr 02 15:52:56 GMT+03:00 2026,02-apr.-2026 15:52:56.320,19.58209228515625,2.299999952316284,42.4,12.470000267028809,-0.96,2.48,9.08,-0.02,21.18,-0.03,-,8,36.49,34.81,86,24.57,38.04,2580.75,0.05,42.4,1.57,32.95,8,14.21,33.99,-,-,88.44,0,11.56,1477,70.5,69,45.1,7
Thu Apr 02 15:52:57 GMT+03:00 2026,02-apr.-2026 15:52:58.157,19.715404510498047,2.299999952316284,42.699999999999996,12.630000114440918,-0.95,3.55,9.1,0.02,67.06,0.01,-,8,36.54,34.81,86,4.19,29.41,2198,0.01,42.7,0.5,5.62,8,3.34,5.12,-,-,88.46,0,11.54,1479,70.98,70,81.96,5.5
Thu Apr 02 15:52:59 GMT+03:00 2026,02-apr.-2026 15:52:59.892,20.423662185668945,2.4000000953674316,41.5,12.859999656677246,-0.72,3.39,9.41,0.04,32.94,-0.01,-,8,36.58,34.81,86,22.66,25.49,2232,0.03,41.5,2.96,30.38,8,14.21,25.69,-,-,88.47,0,11.53,1480,73.53,75,35.69,10.5
Thu Apr 02 15:53:01 GMT+03:00 2026,02-apr.-2026 15:53:01.670,21.186996459960938,2.299999952316284,40.699999999999996,13.229999542236328,-0.93,3.09,9.47,0.04,28.24,-0.03,-,8,36.63,34.81,86,9.55,25.1,2296.25,0.03,40.7,2.19,12.81,8,11.31,22.86,-,-,88.49,0,11.51,1482,76.27,77,29.41,18.5
Thu Apr 02 15:53:03 GMT+03:00 2026,02-apr.-2026 15:53:03.414,21.27810287475586,2.299999952316284,40.5,13.289999961853027,-0.48,1.77,8.82,-0.06,16.47,-0.01,-,8,36.68,34.81,86,4.77,21.57,2332,0.02,40.5,2.3,6.4,8,8.85,17.02,-,-,88.5,0,11.5,1484,76.6,78,31.37,17
Thu Apr 02 15:53:04 GMT+03:00 2026,02-apr.-2026 15:53:05.118,20.893089294433594,2.299999952316284,40.199999999999996,13.640000343322754,-1.16,2.03,9.5,0.02,12.94,0,-,8,36.73,34.81,86,4.77,4.31,2291.75,0.01,40.2,0.6,6.4,8,3.05,4.42,-,-,88.52,0,11.48,1486,75.22,76,8.63,29
Thu Apr 02 15:53:06 GMT+03:00 2026,02-apr.-2026 15:53:06.919,20.735584259033203,2.299999952316284,41.8,12.760000228881836,-1.15,2.47,9.1,-0.01,12.94,-0.01,-,8,36.77,34.81,86,-,3.92,2191.5,0,41.8,0.86,-,8,2.47,3.67,-,-,88.53,0,11.47,1487,74.65,73,8.24,29
Thu Apr 02 15:53:08 GMT+03:00 2026,02-apr.-2026 15:53:08.654,18.975749969482422,2.299999952316284,39.699999999999996,12.390000343322754,-0.71,2.58,8.96,-0.03,17.65,-0.04,-,8,36.81,34.81,86,-,9.02,2141.5,0.01,39.7,0.69,-,8,5.08,4.97,-,-,88.54,0,11.46,1489,68.31,69,22.35,24
Thu Apr 02 15:53:10 GMT+03:00 2026,02-apr.-2026 15:53:10.498,17.970497131347656,2.299999952316284,38.4,13.770000457763672,-0.41,2.94,11.11,0.19,12.94,0.05,-,8,36.85,34.81,86,-,3.92,2011.5,0.01,38.4,0.22,-,8,3.34,4.53,-,-,88.56,0,11.44,1491,64.69,68,8.24,28.5
Thu Apr 02 15:53:12 GMT+03:00 2026,02-apr.-2026 15:53:12.298,17.000246047973633,2.4000000953674316,37.699999999999996,11.829999923706055,-0.78,2.91,10.24,0.11,12.16,0.08,-,8,36.88,34.81,86,-,3.53,1110.25,0,37.7,1.51,-,8,2.76,2.91,-,-,88.57,0,11.43,1493,61.2,65,7.45,6
Thu Apr 02 15:53:13 GMT+03:00 2026,02-apr.-2026 15:53:13.971,16.438684463500977,2.4000000953674316,37.199999999999996,12.260000228881836,-0.66,2.52,9.71,0.04,12.16,0.05,-,8,36.91,34.81,86,-,3.14,2275.25,0,37.2,1.2,-,8,2.18,3.2,-,-,88.59,0,11.41,1494,59.18,60,7.06,13
Thu Apr 02 15:53:15 GMT+03:00 2026,02-apr.-2026 15:53:15.820,15.548728942871094,2.299999952316284,37.9,13.8100004196167,-0.8,0.95,9.49,-0.01,12.16,-0.02,-,8,36.93,34.81,86,-,3.14,2177.5,0,37.9,1.31,-,8,2.18,3.14,-,-,88.6,0,11.4,1496,55.98,57,7.45,8
Thu Apr 02 15:53:17 GMT+03:00 2026,02-apr.-2026 15:53:17.718,13.357556343078613,2.299999952316284,38.6,12.760000228881836,-0.79,2.28,9.25,-0.01,12.55,-0.02,-,8,36.95,34.81,86,-,3.14,1953,0,38.6,2.91,-,8,2.32,3.06,-,-,88.62,0,11.38,1498,48.09,51,7.84,3.5
Thu Apr 02 15:53:19 GMT+03:00 2026,02-apr.-2026 15:53:19.569,11.64919376373291,2.4000000953674316,38.699999999999996,11.720000267028809,-1.1,1.28,10.06,0.06,12.16,0.02,-,8,36.96,34.81,86,-,2.75,1380,0,38.7,0.2,-,8,2.47,2.59,-,-,88.63,0,11.37,1500,41.94,44,7.84,16.5
Thu Apr 02 15:53:21 GMT+03:00 2026,02-apr.-2026 15:53:21.426,10.061275482177734,2.299999952316284,39.5,5.650000095367432,-1.38,0.87,10.08,0.06,13.33,0.02,-,8,36.96,34.81,86,-,2.75,1875.75,0,39.5,3.24,-,8,2.61,3.01,-,-,88.64,0,11.36,1502,36.22,37,8.24,2
Thu Apr 02 15:53:23 GMT+03:00 2026,02-apr.-2026 15:53:23.234,6.1205620765686035,2.200000047683716,39.4,4.320000171661377,0.29,1.35,9.6,0.01,11.76,0.02,-,8,36.95,34.81,86,-,3.14,968,0,39.4,10.22,-,8,4.06,2.82,-,-,88.66,0,11.34,1504,22.03,26,7.06,10.5
Thu Apr 02 15:53:24 GMT+03:00 2026,02-apr.-2026 15:53:25.030,3.919609785079956,2.0999999046325684,39.3,8.470000267028809,-0.85,3.17,8.81,-0.02,31.37,0,-,8,36.92,34.81,86,-,2.75,841,0,39.3,10.03,-,8,4.21,2.58,-,-,88.67,0,11.33,1505,14.11,12,6.67,13
Thu Apr 02 15:53:26 GMT+03:00 2026,02-apr.-2026 15:53:26.812,2.747587203979492,2.0999999046325684,40.0,18.6200008392334,-1.71,4.86,8.37,0.02,33.33,0.02,-,8,36.88,34.81,86,-,12.16,1425,0.01,40,1.22,-,8,10.01,9.48,-,-,88.69,0,11.31,1507,9.89,10,29.8,12
Thu Apr 02 15:53:28 GMT+03:00 2026,02-apr.-2026 15:53:28.638,5.349508285522461,2.0,40.199999999999996,4.210000038146973,-3.11,3.1,8.9,0.03,22.35,0.01,-,8,36.86,34.81,86,12.17,13.33,2486.5,0.03,40.2,3.82,16.32,8,11.02,21.38,-,-,88.7,0,11.3,1509,19.26,20,14.51,25
Thu Apr 02 15:53:30 GMT+03:00 2026,02-apr.-2026 15:53:30.460,5.5852508544921875,2.0999999046325684,40.3,331.7900085449219,-3.75,3.09,9.04,0.07,26.67,0.03,-,8,36.84,34.81,86,12.17,10.59,1497.25,0.01,40.3,1.12,16.32,8,8.41,9.89,-,-,88.72,0,11.28,1511,20.11,18,25.49,17
Thu Apr 02 15:53:32 GMT+03:00 2026,02-apr.-2026 15:53:32.564,6.4098358154296875,2.200000047683716,40.599999999999994,300.44000244140625,-0.02,4.16,9.13,0.04,31.37,0.04,-,8,36.82,34.81,86,2.35,14.12,1552.5,0.02,40.6,1.63,3.15,8,10.3,12.07,-,-,88.73,0,11.27,1513,23.08,20,33.73,1
Thu Apr 02 15:53:33 GMT+03:00 2026,02-apr.-2026 15:53:34.002,7.264789581298828,2.200000047683716,41.0,292.239990234375,0.5,4.43,8.87,0.03,34.12,0.01,-,8,36.81,34.81,86,12.9,25.49,1950.75,0.03,41,4.92,17.3,8,11.31,19.9,-,-,88.74,0,11.26,1514,26.15,28,38.43,7.5
Thu Apr 02 15:53:35 GMT+03:00 2026,02-apr.-2026 15:53:35.801,8.748218536376953,2.200000047683716,41.099999999999994,306.6700134277344,-1,4.33,8.84,0.03,41.18,-0.01,-,8,36.81,34.81,86,16.15,9.41,2446,0.04,41.1,5.52,21.65,8,13.92,30.53,-,-,88.76,0,11.24,1516,31.49,35,11.76,24.5
Thu Apr 02 15:53:37 GMT+03:00 2026,02-apr.-2026 15:53:37.589,10.125615119934082,2.200000047683716,42.5,309.67999267578125,-0.58,4.41,8.65,0.01,61.57,0,-,8,36.81,34.95,86,16.15,23.14,1651,0.03,42.5,1.84,21.65,8,14.21,20.27,-,-,88.77,0,11.23,1518,36.45,35,72.94,3.5
Thu Apr 02 15:53:39 GMT+03:00 2026,02-apr.-2026 15:53:39.378,11.585368156433105,2.200000047683716,44.0,308.7799987792969,-0.54,3.89,8.77,-0,65.1,-0.08,-,8,36.81,34.81,86,11.87,27.45,1913,0.03,44,1.32,15.92,8,14.21,24.22,-,-,88.78,0,11.22,1520,41.71,40,78.04,4.5
Thu Apr 02 15:53:41 GMT+03:00 2026,02-apr.-2026 15:53:41.255,12.507235527038574,2.299999952316284,45.0,311.2099914550781,-1.52,4.02,9.38,0.07,38.04,0.05,-,8,36.82,34.81,86,16.24,31.37,2157.5,0.04,45,4.29,21.78,8,14.21,28,-,-,88.8,0,11.2,1522,45.03,46,11.76,17
Thu Apr 02 15:53:42 GMT+03:00 2026,02-apr.-2026 15:53:43.099,12.497455596923828,2.0999999046325684,45.4,310.260009765625,-1.44,3.85,8.76,0.01,61.57,0.04,-,8,36.83,34.95,86,16.24,23.92,1740,0.03,45.4,0.97,21.78,8,14.21,21.89,-,-,88.81,0,11.19,1524,44.99,46,73.33,3.5
Thu Apr 02 15:53:44 GMT+03:00 2026,02-apr.-2026 15:53:44.779,13.396160125732422,2.200000047683716,46.099999999999994,309.8900146484375,-0.85,4.18,8.76,0.01,63.14,0.03,-,8,36.85,34.81,86,8.73,26.67,1858,0.03,46.1,2.46,11.71,8,14.21,23.66,-,-,88.82,0,11.18,1525,48.23,49,76.08,4
Thu Apr 02 15:53:46 GMT+03:00 2026,02-apr.-2026 15:53:46.527,14.665980339050293,2.0999999046325684,46.5,310.4700012207031,-0.85,3.74,9.04,0.02,65.1,-0.01,-,8,36.86,34.81,86,10.23,28.63,1969.5,0.03,46.5,1.12,13.72,8,14.21,25.69,-,-,88.84,0,11.16,1527,52.8,52,78.43,4.5
Thu Apr 02 15:53:48 GMT+03:00 2026,02-apr.-2026 15:53:48.197,15.714983940124512,2.0999999046325684,46.5,311.04998779296875,-1.04,3.74,8.57,-0.02,66.67,0.02,-,8,36.89,34.81,86,13.78,30.2,2103,0.04,46.5,1.46,18.48,8,14.21,27.19,-,-,88.85,0,11.15,1529,56.57,56,80.78,5
Thu Apr 02 15:53:49 GMT+03:00 2026,02-apr.-2026 15:53:50.077,16.209632873535156,2.0999999046325684,47.0,310.8999938964844,-1.15,4.36,9.97,0.13,68.24,-0.02,-,8,36.91,34.66,86,11.07,31.76,2234.75,0.04,47,2.43,14.85,8,14.21,28.78,-,-,88.87,0,11.13,1530,58.35,59,83.14,5.5
Thu Apr 02 15:53:51 GMT+03:00 2026,02-apr.-2026 15:53:51.903,17.344079971313477,2.0999999046325684,48.0,310.1700134277344,-0.87,3.34,7.53,-0.14,51.37,-0.24,-,8,36.94,34.66,86,14.57,34.12,2368.75,0.04,48,2.78,19.53,8,14.21,30.61,-,-,88.88,0,11.12,1532,62.44,63,85.49,5.5
Thu Apr 02 15:53:53 GMT+03:00 2026,02-apr.-2026 15:53:53.610,18.383304595947266,2.0999999046325684,49.8,309.5899963378906,-0.57,2.85,9.92,0.07,16.47,0.02,-,8,36.98,34.66,86,16.55,36.08,2501.5,0.04,49.8,2.57,22.2,8,13.92,32.02,-,-,88.89,0,11.11,1534,66.18,67,17.65,13
Thu Apr 02 15:53:55 GMT+03:00 2026,02-apr.-2026 15:53:55.313,18.556764602661133,2.0999999046325684,51.5,310.04998779296875,-0.5,2.83,8.97,-0.02,27.84,-0.04,-,8,37.01,34.66,86,16.55,20.78,2018,0.03,51.5,1.38,22.2,8,10.88,21.45,-,-,88.9,0,11.1,1536,66.8,67,28.24,29
Thu Apr 02 15:53:56 GMT+03:00 2026,02-apr.-2026 15:53:57.121,18.185136795043945,2.0999999046325684,53.699999999999996,310.4700012207031,-0.67,2.33,9.53,0.02,12.94,0.01,-,8,37.05,34.66,86,-,4.31,2035.5,0.01,53.7,0.8,-,8,4.64,5.73,-,-,88.92,0,11.08,1538,65.47,66,8.63,23
Thu Apr 02 15:53:58 GMT+03:00 2026,02-apr.-2026 15:53:58.888,17.313196182250977,2.200000047683716,53.8,310.5400085449219,-0.76,2.89,9,-0.01,25.88,-0.07,-,8,37.08,34.66,87,-,7.45,1935.75,0.01,53.8,0.35,-,8,2.76,3.89,-,-,88.93,0,11.07,1539,62.33,63,25.49,23
Thu Apr 02 15:54:00 GMT+03:00 2026,02-apr.-2026 15:54:00.696,17.03679084777832,2.0999999046325684,54.099999999999994,310.0400085449219,-0.96,2.62,9.58,0.04,18.04,0.03,-,8,37.11,34.66,87,-,10.98,1875.75,0.01,54.1,0.78,-,8,7.54,10.19,-,-,88.94,0,11.06,1541,61.33,63,26.27,22.5
Thu Apr 02 15:54:02 GMT+03:00 2026,02-apr.-2026 15:54:02.372,16.428388595581055,2.200000047683716,53.9,310.0199890136719,-0.52,2.52,9.03,-0.02,13.33,0.08,-,8,37.13,34.66,87,-,3.53,1888,0.01,53.9,0.17,-,8,3.48,4.3,-,-,88.96,0,11.04,1543,59.14,61,8.63,28
Thu Apr 02 15:54:03 GMT+03:00 2026,02-apr.-2026 15:54:04.131,16.105144500732422,2.200000047683716,54.0,309.8500061035156,0.2,0.6,10.77,0.12,12.94,0,-,8,37.16,34.66,87,-,3.53,1754.5,0,54,1.14,-,8,2.76,3.23,-,-,88.97,0,11.03,1545,57.98,58,8.63,28
Thu Apr 02 15:54:05 GMT+03:00 2026,02-apr.-2026 15:54:05.973,12.351274490356445,2.200000047683716,54.8,310.8800048828125,-0.95,1.61,9.54,0.01,12.55,0,-,8,37.17,34.66,88,-,3.14,1076,0,54.8,7.19,-,8,3.19,2.66,-,-,88.98,0,11.02,1546,44.46,46,7.84,15
Thu Apr 02 15:54:07 GMT+03:00 2026,02-apr.-2026 15:54:07.769,10.02267074584961,2.0999999046325684,55.099999999999994,309.3599853515625,-0.6,2.73,8.98,-0.02,11.76,-0.04,-,8,37.17,34.66,88,-,2.75,905.5,0,55.1,1.98,-,8,4.21,2.83,-,-,89,0,11,1548,36.08,37,7.06,12
Thu Apr 02 15:54:09 GMT+03:00 2026,02-apr.-2026 15:54:09.598,9.257279396057129,2.0999999046325684,56.0,310.3500061035156,-1,2.9,9.68,0.05,14.51,0,-,8,37.17,34.66,88,-,2.75,840.25,0,56,0.05,-,8,4.35,2.67,-,-,89.01,0,10.99,1550,33.33,34,7.06,14
Thu Apr 02 15:54:11 GMT+03:00 2026,02-apr.-2026 15:54:11.359,8.654539108276367,2.0999999046325684,56.199999999999996,310.9200134277344,-0.57,2.62,9.74,0.05,14.12,0.03,-,8,37.16,34.66,88,-,5.49,1646.75,0.01,56.2,0.09,-,8,8.12,8.36,-,-,89.02,0,10.98,1552,31.16,32,9.02,23
Thu Apr 02 15:54:13 GMT+03:00 2026,02-apr.-2026 15:54:13.192,6.267772674560547,2.0999999046325684,56.0,314.44000244140625,-0.12,0.36,10.08,0.05,12.16,0.04,-,8,37.15,34.66,88,-,3.14,1003.75,0,56,1.16,-,8,4.06,2.93,-,-,89.04,0,10.96,1554,22.56,30,7.84,14
Thu Apr 02 15:54:14 GMT+03:00 2026,02-apr.-2026 15:54:15.002,4.164102554321289,2.0999999046325684,55.599999999999994,318.2099914550781,-0.47,1.81,9.67,0.02,12.16,0,-,8,37.12,34.66,88,-,2.75,826.75,0,55.6,8.56,-,8,4.35,2.74,-,-,89.05,0,10.95,1555,14.99,14,7.06,10.5
Thu Apr 02 15:54:16 GMT+03:00 2026,02-apr.-2026 15:54:16.804,0.0,2.0,55.8,330.3299865722656,-0.77,2.59,9.33,0.01,12.16,0,-,8,37.09,34.66,88,-,2.75,796.5,0,55.8,4.75,-,8,4.64,2.67,-,-,88.98,0,11.02,1557,0,4,6.67,9.5
Thu Apr 02 15:54:18 GMT+03:00 2026,02-apr.-2026 15:54:18.657,0.0,2.0999999046325684,55.5,330.3299865722656,-0.95,3.46,9.01,0.01,22.75,0,-,8,37.04,34.66,88,-,3.92,791.5,0,55.5,0,-,8,4.93,2.81,-,-,88.87,0,11.13,1559,0,0,20.78,13
Thu Apr 02 15:54:20 GMT+03:00 2026,02-apr.-2026 15:54:20.401,0.0,2.0,55.5,330.3299865722656,-0.77,5.37,8.71,0.06,29.41,0.01,-,8,37,34.66,88,0.06,8.24,1915,0.01,55.5,1,0.08,8,5.08,7.63,-,-,88.77,0,11.23,1561,0,1,25.88,20.5
Thu Apr 02 15:54:22 GMT+03:00 2026,02-apr.-2026 15:54:22.169,3.1835570335388184,2.0,55.3,342.04998779296875,-0.16,5.3,9.05,0.09,34.12,0.06,-,8,36.97,34.66,88,8.27,15.29,1454.25,0.02,55.3,12,11.09,8,12.62,12.92,-,-,88.75,0,11.25,1563,11.46,12,37.65,0.5
Thu Apr 02 15:54:23 GMT+03:00 2026,02-apr.-2026 15:54:23.948,4.742136001586914,1.899999976158142,55.3,353.7300109863281,-2.56,2.23,9.45,0.04,15.29,0.02,-,8,36.96,34.66,88,13.12,5.49,2236,0.01,55.3,10.54,17.6,8,5.22,6.91,-,-,88.76,0,11.24,1564,17.07,22,13.73,31.5
Thu Apr 02 15:54:25 GMT+03:00 2026,02-apr.-2026 15:54:25.586,6.110267639160156,2.0,54.9,332.0299987792969,-3.95,2.69,9.37,0.09,25.1,0.08,-,8,36.94,34.66,87,13.12,7.06,1495,0.01,54.9,0.81,17.6,8,5.22,5.39,-,-,88.77,0,11.23,1566,22,19,22.35,21
Thu Apr 02 15:54:27 GMT+03:00 2026,02-apr.-2026 15:54:27.253,6.109752655029297,2.0999999046325684,54.699999999999996,296.92999267578125,-3.71,3.15,8.53,0.02,29.41,0.01,-,8,36.92,34.66,86,1.33,12.55,1565,0.01,54.7,2.05,1.79,8,8.85,10.25,-,-,88.79,0,11.21,1568,22,20,30.59,14
Thu Apr 02 15:54:28 GMT+03:00 2026,02-apr.-2026 15:54:29.121,6.663079261779785,2.0999999046325684,56.0,274.3399963378906,-0.33,4.69,9.45,0.09,45.1,0.07,-,8,36.91,34.66,86,11.46,21.57,1972.25,0.02,56,5,15.36,8,10.15,15.1,-,-,88.8,0,11.2,1570,23.99,27,56.08,7
Thu Apr 02 15:54:30 GMT+03:00 2026,02-apr.-2026 15:54:30.858,9.65670394897461,2.200000047683716,56.3,255.24000549316406,1.62,3.47,9.4,0.05,27.06,0.04,-,8,36.91,34.66,86,25,7.06,2578.75,0.03,56.3,9.47,33.53,8,13.05,25.88,-,-,88.81,0,11.19,1571,34.76,38,23.53,24.5
Thu Apr 02 15:54:32 GMT+03:00 2026,02-apr.-2026 15:54:32.606,10.3536376953125,2.0999999046325684,55.699999999999996,272.95001220703125,-0.22,2.75,9.79,0.06,20,-0.01,-,8,36.91,34.66,85,25,12.16,1812.25,0.02,55.7,2.03,33.53,8,8.7,11.36,-,-,88.82,0,11.18,1573,37.27,38,13.33,20
Thu Apr 02 15:54:34 GMT+03:00 2026,02-apr.-2026 15:54:34.459,10.53945255279541,2.0999999046325684,54.5,278.8699951171875,-0.4,3.95,8.26,-0.05,31.37,-0.04,-,8,36.91,34.66,85,-,10.59,1734.25,0.01,54.5,0.26,-,8,5.37,7.02,-,-,88.84,0,11.16,1575,37.94,37,33.73,4.5
Thu Apr 02 15:54:36 GMT+03:00 2026,02-apr.-2026 15:54:36.194,11.210135459899902,2.0999999046325684,54.3,277.69000244140625,-1.14,2.93,8.78,-0.03,25.49,-0.04,-,8,36.91,34.66,85,9.61,15.29,1943.75,0.03,54.3,3.06,12.89,8,11.31,18.86,-,-,88.85,0,11.15,1577,40.36,41,27.84,20
Thu Apr 02 15:54:37 GMT+03:00 2026,02-apr.-2026 15:54:37.932,11.551910400390625,2.0999999046325684,54.5,277.2799987792969,-0.72,3.26,8.68,-0.03,27.84,0,-,8,36.92,34.66,85,2.6,13.33,1990.25,0.01,54.5,1.64,3.49,8,6.96,10.08,-,-,88.86,0,11.14,1578,41.59,42,30.2,20.5
Thu Apr 02 15:54:39 GMT+03:00 2026,02-apr.-2026 15:54:39.799,12.283330917358398,2.0999999046325684,54.9,278.79998779296875,-0.86,3.29,9.41,0.04,25.1,0.02,-,8,36.93,34.66,84,8.19,12.94,2115,0.02,54.9,1.45,10.99,8,8.7,13.69,-,-,88.88,0,11.12,1580,44.22,45,26.67,23.5
Thu Apr 02 15:54:41 GMT+03:00 2026,02-apr.-2026 15:54:41.573,12.479954719543457,2.0999999046325684,54.9,277.9800109863281,-0.54,3.08,9.34,0.02,25.1,0,-,8,36.94,34.66,85,2.7,11.37,2173.75,0.01,54.9,1.09,3.63,8,6.53,10.33,-,-,88.89,0,11.11,1582,44.93,46,25.1,24.5
Thu Apr 02 15:54:43 GMT+03:00 2026,02-apr.-2026 15:54:43.397,12.812980651855469,2.0999999046325684,55.5,278.3399963378906,-0.46,2.86,9.56,0.04,25.49,0.01,-,8,36.95,34.66,85,2.7,11.37,2204.25,0.01,55.5,0.44,3.63,8,6.53,10.33,-,-,88.9,0,11.1,1584,46.13,46,25.49,24.5
Thu Apr 02 15:54:44 GMT+03:00 2026,02-apr.-2026 15:54:45.155,12.904086112976074,2.0999999046325684,55.5,278.44000244140625,-0.44,2.68,9.26,0,14.12,-0.02,-,8,36.96,34.66,85,2.7,6.67,2213.5,0.01,55.5,0.87,3.63,8,6.53,9.66,-,-,88.92,0,11.08,1586,46.45,47,11.37,16.5
Thu Apr 02 15:54:46 GMT+03:00 2026,02-apr.-2026 15:54:46.894,11.895230293273926,2.0999999046325684,54.599999999999994,278.7699890136719,-1.02,3.21,9.02,0,21.18,0.02,-,8,36.97,34.66,85,2.7,4.31,2080.75,0.01,54.6,1.79,3.63,8,2.76,3.96,-,-,88.93,0,11.07,1587,42.82,43,9.8,28
Thu Apr 02 15:54:48 GMT+03:00 2026,02-apr.-2026 15:54:48.649,11.63066291809082,2.0999999046325684,54.099999999999994,278.9700012207031,-0.54,3.35,9.86,0.08,26.27,-0.05,-,8,36.97,34.66,85,-,9.8,1941.75,0.01,54.1,0.15,-,8,6.09,9.11,-,-,88.94,0,11.06,1589,41.87,42,25.49,24.5
Thu Apr 02 15:54:50 GMT+03:00 2026,02-apr.-2026 15:54:50.390,12.637974739074707,2.0999999046325684,53.9,276.7300109863281,-2.31,3.19,9.3,0.05,31.76,0.04,-,8,36.98,34.66,85,5.77,16.47,2069.5,0.02,53.9,1.06,7.74,8,8.7,13.5,-,-,88.95,0,11.05,1591,45.5,44,32.94,17
Thu Apr 02 15:54:51 GMT+03:00 2026,02-apr.-2026 15:54:52.069,13.32409954071045,2.0999999046325684,54.4,269.5299987792969,-4.1,3.26,7.68,-0.03,32.55,-0.05,-,8,36.99,34.66,85,14.64,23.53,2330.25,0.03,54.4,3.5,19.63,8,10.88,22.21,-,-,88.97,0,11.03,1593,47.97,49,34.9,13
Thu Apr 02 15:54:53 GMT+03:00 2026,02-apr.-2026 15:54:53.885,14.742158889770508,2.200000047683716,54.9,248.0500030517578,-3.21,3.15,8.31,-0.02,32.55,0.03,-,8,37.01,34.66,85,13.4,7.45,2496.25,0.03,54.9,2.05,17.97,8,11.02,22.21,-,-,88.98,0,11.02,1594,53.07,53,21.57,24
Thu Apr 02 15:54:55 GMT+03:00 2026,02-apr.-2026 15:54:55.725,14.740614891052246,2.200000047683716,54.099999999999994,230.25,-2.95,2.55,9.43,0.06,17.25,0.01,-,8,37.03,34.66,85,3.22,7.84,2033.5,0.03,54.1,0.97,4.31,8,11.75,18.98,-,-,88.99,0,11.01,1596,53.07,54,11.37,24
Thu Apr 02 15:54:57 GMT+03:00 2026,02-apr.-2026 15:54:57.491,14.552227020263672,2.200000047683716,52.3,210.44000244140625,-3.77,1.75,7.45,-0.11,26.67,-0.13,-,8,37.05,34.66,85,3.22,14.51,2034.5,0.01,52.3,0.69,4.31,8,6.96,9.56,-,-,89,0,11,1598,52.39,52,28.63,21
Thu Apr 02 15:54:59 GMT+03:00 2026,02-apr.-2026 15:54:59.191,14.660833358764648,2.200000047683716,52.199999999999996,189.9600067138672,-2.19,2.69,9.74,0.07,16.08,0.05,-,8,37.07,34.66,85,6.84,14.12,2045.5,0.02,52.2,1.61,9.17,8,7.69,11.67,-,-,89.02,0,10.98,1600,52.78,54,16.47,23
Thu Apr 02 15:55:00 GMT+03:00 2026,02-apr.-2026 15:55:01.011,14.641788482666016,2.200000047683716,52.0,184.97000122070312,-1.3,3.66,8.47,-0.03,38.43,-0.04,-,8,37.08,34.66,85,6.84,4.31,1980.75,0.01,52,0.22,9.17,8,3.19,4.35,-,-,89.03,0,10.97,1601,52.71,53,25.88,27.5
Thu Apr 02 15:55:02 GMT+03:00 2026,02-apr.-2026 15:55:02.798,14.678333282470703,2.200000047683716,50.5,184.30999755859375,-0.93,4.34,9.2,0.06,67.06,0.04,-,8,37.1,34.66,85,9.8,30.2,2078.5,0.03,50.5,3.32,13.14,8,13.78,26.1,-,-,89.04,0,10.96,1603,52.84,56,81.18,5.5
Thu Apr 02 15:55:04 GMT+03:00 2026,02-apr.-2026 15:55:04.482,17.181941986083984,2.200000047683716,52.8,184.6199951171875,-1.15,3.72,8.65,-0.01,70.2,-0.02,-,8,37.13,34.66,85,22.9,33.33,2308.75,0.04,52.8,3.48,30.71,8,14.21,29.76,-,-,89.05,0,10.95,1605,61.85,62,84.71,6
Thu Apr 02 15:55:06 GMT+03:00 2026,02-apr.-2026 15:55:06.278,18.444555282592773,2.299999952316284,52.9,186.47000122070312,-0.64,2.5,9.41,0.01,17.65,0.01,-,8,37.17,34.66,85,21.64,37.65,2516.5,0.04,52.9,1.97,29.02,8,14.07,33.18,-,-,89.07,0,10.93,1607,66.4,67,18.82,17.5
Thu Apr 02 15:55:07 GMT+03:00 2026,02-apr.-2026 15:55:08.144,18.342641830444336,2.299999952316284,52.8,186.75,0.03,1.41,9.55,0,14.12,0.05,-,8,37.2,34.66,85,21.64,4.31,2493,0.01,52.8,0.4,29.02,8,2.76,4.65,-,-,89.08,0,10.92,1609,66.03,66,9.8,29.5
Thu Apr 02 15:55:09 GMT+03:00 2026,02-apr.-2026 15:55:09.885,18.14138412475586,2.200000047683716,53.0,190.41000366210938,-1.09,2.27,9.27,-0,14.12,-0.02,-,8,37.22,34.66,85,-,3.92,2170,0.01,53,4.48,-,8,2.61,3.89,-,-,89.09,0,10.91,1610,65.31,58,10.98,26
Thu Apr 02 15:55:11 GMT+03:00 2026,02-apr.-2026 15:55:11.609,13.10945987701416,2.200000047683716,51.9,187.1999969482422,-0.69,0.84,8.83,0.05,14.12,0.03,-,8,37.23,34.66,84,-,4.31,2390,0.01,51.9,0.99,-,8,2.61,3.85,-,-,89.1,0,10.9,1612,47.19,49,9.8,29.5
Thu Apr 02 15:55:13 GMT+03:00 2026,02-apr.-2026 15:55:13.444,10.371137619018555,2.200000047683716,51.8,187.61000061035156,-0.05,0.57,10,0.04,15.29,0.02,-,8,37.24,34.66,84,-,3.92,1976.75,0.01,51.8,1.61,-,8,2.76,3.75,-,-,89.12,0,10.88,1614,37.34,41,10.98,27
Thu Apr 02 15:55:14 GMT+03:00 2026,02-apr.-2026 15:55:15.158,8.050769805908203,2.200000047683716,52.4,190.22000122070312,2.93,2.68,9.45,0.06,13.33,0.06,-,8,37.23,34.66,84,-,3.14,1097.25,0,52.4,8.34,-,8,4.21,3.33,-,-,89.13,0,10.87,1616,28.98,29,9.02,4.5
Thu Apr 02 15:55:16 GMT+03:00 2026,02-apr.-2026 15:55:17.013,6.3979973793029785,2.200000047683716,51.0,221.19000244140625,2.35,3.18,9.58,0.08,12.55,0.08,-,8,37.22,34.66,84,-,3.14,862,0,51,0.75,-,8,4.64,3.05,-,-,89.14,0,10.86,1618,23.03,26,8.24,8.5
Thu Apr 02 15:55:18 GMT+03:00 2026,02-apr.-2026 15:55:18.706,5.316051006317139,2.200000047683716,51.5,258.0199890136719,2.55,2.35,7.7,-0.12,12.55,-0.13,-,8,37.2,34.66,84,-,3.14,833.75,0,51.5,4.92,-,8,4.79,2.94,-,-,89.15,0,10.85,1619,19.14,26,7.84,8
Thu Apr 02 15:55:20 GMT+03:00 2026,02-apr.-2026 15:55:20.479,4.5650715827941895,2.299999952316284,53.2,314.6400146484375,1.66,2.78,9.61,0.05,27.84,0.03,-,8,37.19,34.66,84,-,3.14,830.75,0,53.2,8.02,-,8,4.93,2.97,-,-,89.17,0,10.83,1621,16.43,26,12.94,14.5
Thu Apr 02 15:55:22 GMT+03:00 2026,02-apr.-2026 15:55:22.287,5.869377613067627,2.299999952316284,52.9,5.989999771118164,1.38,3.64,8.47,-0.03,28.24,-0.01,-,8,37.18,34.66,85,-,9.8,1943.75,0.01,52.9,8.38,-,8,7.69,10.33,-,-,89.18,0,10.82,1623,21.13,26,26.27,23
Thu Apr 02 15:55:23 GMT+03:00 2026,02-apr.-2026 15:55:24.072,6.432998180389404,2.200000047683716,53.4,23.639999389648438,-2.5,2.31,8.99,-0,14.9,0.05,-,8,37.17,34.66,85,5.24,20.39,2060.25,0.02,53.4,7.87,7.02,8,10.73,17.82,-,-,89.19,0,10.81,1625,23.16,29,14.51,18.5
Thu Apr 02 15:55:25 GMT+03:00 2026,02-apr.-2026 15:55:25.788,7.840249061584473,2.200000047683716,51.9,21.030000686645508,-0.08,1.45,9.46,-0,13.33,-0.01,-,8,37.16,34.66,85,5.24,3.53,1124,0,51.9,0.23,7.02,8,3.92,3.42,-,-,89.2,0,10.8,1626,28.22,28,9.02,8.5
Thu Apr 02 15:55:27 GMT+03:00 2026,02-apr.-2026 15:55:27.604,5.1379570960998535,2.200000047683716,51.5,9.649999618530273,-1.16,0.3,9.95,0.04,12.94,0.02,-,8,37.14,34.66,85,-,3.14,955,0,51.5,3.5,-,8,4.21,3.07,-,-,89.22,0,10.78,1628,18.5,20,8.24,6
Thu Apr 02 15:55:29 GMT+03:00 2026,02-apr.-2026 15:55:29.434,1.9981516599655151,2.0999999046325684,50.5,349.92999267578125,0.5,2.69,9.31,0.01,28.24,0,-,8,37.11,34.66,85,-,3.14,670.25,0,50.5,7.22,-,8,4.93,2.61,-,-,89.23,0,10.77,1630,7.19,6,18.82,11.5
Thu Apr 02 15:55:31 GMT+03:00 2026,02-apr.-2026 15:55:31.272,1.332615852355957,2.0,50.3,349.92999267578125,-0.19,3.61,8.92,0,25.49,0,-,8,37.07,34.66,85,-,7.45,2279.25,0.02,50.3,1.19,-,8,8.56,12.02,-,-,89.24,0,10.76,1632,4.8,6,16.86,0
Thu Apr 02 15:55:32 GMT+03:00 2026,02-apr.-2026 15:55:33.025,1.8313816785812378,1.899999976158142,50.599999999999994,27.6299991607666,-1.71,2.7,9.3,0.02,26.27,0,-,8,37.04,34.66,85,0.41,9.41,1287.5,0.01,50.6,2.2,0.55,8,8.56,9.28,-,-,89.25,0,10.75,1634,6.59,7,13.73,7
Thu Apr 02 15:55:34 GMT+03:00 2026,02-apr.-2026 15:55:34.769,2.475813865661621,1.899999976158142,51.599999999999994,339.32000732421875,0.2,0.98,10.12,0.06,14.51,0.01,-,8,37.01,34.66,85,0.49,5.1,1362,0.01,51.6,0.56,0.66,8,10.73,7.81,-,-,89.26,0,10.74,1635,8.91,8,10.2,5.5
Thu Apr 02 15:55:36 GMT+03:00 2026,02-apr.-2026 15:55:36.504,0.0,1.899999976158142,50.5,339.32000732421875,-0.43,2.99,9.46,0.03,13.33,-0.01,-,8,36.97,34.66,85,0.49,3.53,999.25,0,50.5,3.79,0.66,8,4.35,3.28,-,-,89.2,0,10.8,1637,0,0,8.63,4
Thu Apr 02 15:55:38 GMT+03:00 2026,02-apr.-2026 15:55:38.259,0.0,1.899999976158142,50.4,339.32000732421875,-0.66,2.33,9.46,0.01,21.96,-0.01,-,8,36.93,34.66,85,-,6.27,797.25,0,50.4,0,-,8,4.79,3.03,-,-,89.1,0,10.9,1639,0,0,18.82,2.5
Thu Apr 02 15:55:39 GMT+03:00 2026,02-apr.-2026 15:55:39.969,0.0,1.899999976158142,50.4,339.32000732421875,-0.02,2.99,9.23,0.01,14.51,0.01,-,8,36.89,34.66,85,0.95,6.27,970.5,0.01,50.4,4,1.28,8,6.53,5.87,-,-,89,0,11,1640,0,4,13.73,3.5
Thu Apr 02 15:55:41 GMT+03:00 2026,02-apr.-2026 15:55:41.724,0.0,2.0,50.4,339.32000732421875,-0.27,2.52,9.32,0,21.18,0,-,8,36.86,34.66,85,0.95,3.92,1026.75,0,50.4,4,1.28,8,4.79,3.73,-,-,88.9,0,11.1,1642,0,4,20.39,10.5
Thu Apr 02 15:55:43 GMT+03:00 2026,02-apr.-2026 15:55:43.525,0.0,2.0,50.4,339.32000732421875,-0.49,3.09,9.23,0.01,13.73,0,-,8,36.82,34.66,85,0.31,4.71,1047.25,0.01,50.4,5,0.42,8,6.82,4.97,-,-,88.8,0,11.2,1644,0,5,10.59,4.5
Thu Apr 02 15:55:45 GMT+03:00 2026,02-apr.-2026 15:55:45.244,0.0,2.0999999046325684,50.4,339.32000732421875,-0.39,2.51,9.31,0,23.92,0,-,8,36.78,34.66,85,0.31,3.53,983.25,0,50.4,2,0.42,8,4.64,3.33,-,-,88.71,0,11.29,1646,0,2,25.1,4.5
Thu Apr 02 15:55:47 GMT+03:00 2026,02-apr.-2026 15:55:47.568,0.0,2.0999999046325684,50.4,339.32000732421875,-0.67,2.67,9.48,0.03,18.04,0,-,8,36.75,34.66,85,-,3.92,1134,0.01,50.4,2,-,9,6.09,4.66,-,-,88.58,0,11.42,1648,0,2,10.2,5
Thu Apr 02 15:55:50 GMT+03:00 2026,02-apr.-2026 15:55:50.290,0.0,2.0999999046325684,50.4,339.32000732421875,-0.6,2.85,9.57,0.04,13.73,0,-,8,36.71,34.66,85,-,4.31,1123,0.01,50.4,0,-,8,5.95,5.32,-,-,88.43,0,11.57,1651,0,0,9.41,7.5
Thu Apr 02 15:55:52 GMT+03:00 2026,02-apr.-2026 15:55:52.850,0.0,2.0999999046325684,50.4,339.32000732421875,-0.56,2.68,9.44,0.02,12.94,0,-,8,36.67,34.66,85,-,3.14,931.25,0,50.4,0,-,9,4.79,3.27,-,-,88.29,0,11.71,1653,0,0,8.63,4.5
Thu Apr 02 15:55:55 GMT+03:00 2026,02-apr.-2026 15:55:55.375,0.0,1.0,50.4,339.32000732421875,-0.64,2.73,9.27,0.01,12.55,-0.01,-,8,36.63,34.66,85,-,3.14,829,0,50.4,0,-,9,4.79,2.94,-,-,88.15,0,11.85,1656,0,0,7.84,1
Thu Apr 02 15:55:57 GMT+03:00 2026,02-apr.-2026 15:55:58.019,0.0,1.2999999523162842,50.4,339.32000732421875,-0.56,2.61,9.43,0.02,12.55,0,-,8,36.59,34.66,86,-,3.14,812.5,0,50.4,0,-,9,4.79,2.87,-,-,88,0,12,1659,0,0,7.45,0
Thu Apr 02 15:55:59 GMT+03:00 2026,02-apr.-2026 15:55:59.896,0.0,1.399999976158142,50.4,339.32000732421875,-0.59,2.68,9.33,0.01,12.16,0,-,8,36.55,34.66,86,-,2.75,824,0,50.4,0,-,9,4.79,2.82,-,-,87.9,0,12.1,1660,0,0,7.45,2.5
Thu Apr 02 15:56:01 GMT+03:00 2026,02-apr.-2026 15:56:01.601,0.0,1.100000023841858,50.4,339.32000732421875,-0.59,2.58,9.34,0.01,12.16,-0.01,-,8,36.51,34.66,86,-,2.75,814.25,0,50.4,0,-,9,4.64,2.79,-,-,87.81,0,12.19,1662,0,0,7.45,-1.5
Thu Apr 02 15:56:03 GMT+03:00 2026,02-apr.-2026 15:56:03.380,0.0,1.0,50.4,339.32000732421875,-0.59,2.68,9.42,0.02,12.16,0,-,8,36.47,34.66,86,-,2.75,818.25,0,50.4,0,-,9,4.64,2.75,-,-,87.71,0,12.29,1664,0,0,7.06,1
Thu Apr 02 15:56:04 GMT+03:00 2026,02-apr.-2026 15:56:05.102,0.0,1.0,50.4,339.32000732421875,-0.6,2.68,9.37,0.01,12.16,0,-,8,36.43,34.66,86,-,2.75,821.25,0,50.4,0,-,9,4.64,2.72,-,-,87.61,0,12.39,1666,0,0,7.06,1
Thu Apr 02 15:56:06 GMT+03:00 2026,02-apr.-2026 15:56:06.869,0.0,1.0,50.4,339.32000732421875,-0.63,2.7,9.29,0.01,12.16,-0.01,-,8,36.39,34.66,86,-,2.75,818.75,0,50.4,0,-,9,4.64,2.72,-,-,87.52,0,12.48,1667,0,0,7.06,1
Thu Apr 02 15:56:08 GMT+03:00 2026,02-apr.-2026 15:56:08.595,0.0,1.0,50.4,339.32000732421875,-0.6,2.56,9.35,0.01,12.16,0,-,8,36.35,34.66,86,-,2.75,812,0,50.4,0,-,9,4.64,2.67,-,-,87.43,0,12.57,1669,0,0,7.06,3.5
Thu Apr 02 15:56:10 GMT+03:00 2026,02-apr.-2026 15:56:10.246,0.0,1.0,50.4,339.32000732421875,-0.55,2.67,9.4,0.02,12.16,0,-,8,36.31,34.66,86,-,2.75,826.25,0,50.4,0,-,9,4.64,2.66,-,-,87.34,0,12.66,1671,0,0,7.06,3.5
Thu Apr 02 15:56:11 GMT+03:00 2026,02-apr.-2026 15:56:12.063,0.0,1.0,50.4,339.32000732421875,-0.59,2.73,9.34,0.01,12.16,0,-,8,36.27,34.66,86,-,2.75,796.25,0,50.4,0,-,9,4.64,2.63,-,-,87.24,0,12.76,1673,0,0,7.06,1
Thu Apr 02 15:56:13 GMT+03:00 2026,02-apr.-2026 15:56:13.847,0.0,1.0,50.4,339.32000732421875,-0.55,2.65,9.36,0.01,11.76,0,-,8,36.23,34.66,86,-,2.75,816,0,50.4,0,-,9,4.64,2.66,-,-,87.14,0,12.86,1674,0,0,6.67,0
Thu Apr 02 15:56:15 GMT+03:00 2026,02-apr.-2026 15:56:15.521,0.0,1.0,50.4,339.32000732421875,-0.64,2.65,9.33,0.01,11.76,0,-,8,36.2,34.66,86,-,2.75,810.25,0,50.4,0,-,9,4.5,2.55,-,-,87.05,0,12.95,1676,0,0,7.06,1.5
Thu Apr 02 15:56:17 GMT+03:00 2026,02-apr.-2026 15:56:17.332,0.0,1.0,50.4,339.32000732421875,-0.56,2.68,9.35,0.01,11.76,0,-,8,36.16,34.66,86,-,2.75,794.5,0,50.4,0,-,9,4.5,2.57,-,-,86.95,0,13.05,1678,0,0,6.67,3.5
Thu Apr 02 15:56:18 GMT+03:00 2026,02-apr.-2026 15:56:19.073,0.0,1.0,50.4,339.32000732421875,-0.61,2.59,9.41,0.02,11.76,-0.01,-,8,36.12,34.66,86,-,2.75,808,0,50.4,0,-,9,4.64,2.62,-,-,86.86,0,13.14,1680,0,0,6.67,5.5
Thu Apr 02 15:56:20 GMT+03:00 2026,02-apr.-2026 15:56:20.820,0.0,1.0,50.4,339.32000732421875,-0.62,2.67,9.33,0.01,11.76,0,-,8,36.08,34.66,86,-,2.75,808,0,50.4,0,-,9,4.64,2.59,-,-,86.77,0,13.23,1681,0,0,6.67,3.5
Thu Apr 02 15:56:22 GMT+03:00 2026,02-apr.-2026 15:56:22.474,0.0,1.0,50.4,339.32000732421875,-0.57,2.6,9.33,0.01,11.76,0,-,8,36.04,34.66,86,-,2.75,802.25,0,50.4,0,-,9,4.5,2.53,-,-,86.68,0,13.32,1683,0,0,6.27,6
Thu Apr 02 15:56:24 GMT+03:00 2026,02-apr.-2026 15:56:24.198,0.0,1.0,50.4,339.32000732421875,-0.6,2.6,9.36,0.01,11.76,0,-,8,36,34.66,86,-,2.75,797.75,0,50.4,0,-,9,4.5,2.57,-,-,86.59,0,13.41,1685,0,0,6.27,3.5
Thu Apr 02 15:56:25 GMT+03:00 2026,02-apr.-2026 15:56:25.907,0.0,1.0,50.4,339.32000732421875,-0.54,2.63,9.36,0.01,11.76,0,-,8,35.96,34.66,86,-,2.75,803,0,50.4,0,-,10,4.5,2.56,-,-,86.5,0,13.5,1686,0,0,6.67,4
Thu Apr 02 15:56:27 GMT+03:00 2026,02-apr.-2026 15:56:27.790,0.0,1.0,50.4,339.32000732421875,-0.6,2.63,9.39,0.02,11.37,0,-,8,35.93,34.66,86,-,2.75,804,0,50.4,0,-,10,4.35,2.51,-,-,86.4,0,13.6,1688,0,0,6.27,4
Thu Apr 02 15:56:29 GMT+03:00 2026,02-apr.-2026 15:56:29.629,0.0,1.0,50.4,339.32000732421875,-0.55,2.66,9.34,0.01,11.37,0,-,8,35.89,34.66,87,-,2.75,805.25,0,50.4,0,-,10,4.5,2.51,-,-,86.3,0,13.7,1690,0,0,6.27,4
Thu Apr 02 15:56:31 GMT+03:00 2026,02-apr.-2026 15:56:31.419,0.0,1.0,50.4,339.32000732421875,-0.57,2.67,9.35,0.01,11.76,0,-,8,35.85,34.66,87,-,2.35,799.75,0,50.4,0,-,10,4.35,2.44,-,-,86.21,0,13.79,1692,0,0,6.67,6
Thu Apr 02 15:56:33 GMT+03:00 2026,02-apr.-2026 15:56:33.176,0.0,1.0,50.4,339.32000732421875,-0.62,2.59,9.38,0.01,11.37,0,-,8,35.81,34.66,87,-,2.35,800.25,0,50.4,0,-,10,4.35,2.48,-,-,86.11,0,13.89,1694,0,0,6.67,6.5
Thu Apr 02 15:56:34 GMT+03:00 2026,02-apr.-2026 15:56:35.036,0.0,1.0,50.4,339.32000732421875,-0.6,2.63,9.41,0.01,11.37,0,-,8,35.77,34.66,87,-,2.35,808.75,0,50.4,0,-,10,4.35,2.52,-,-,86.02,0,13.98,1696,0,0,6.27,6.5
Thu Apr 02 15:56:36 GMT+03:00 2026,02-apr.-2026 15:56:36.734,0.0,1.0,50.4,339.32000732421875,-0.55,2.66,9.33,0.01,11.37,0,-,8,35.74,34.66,87,-,2.35,792.25,0,50.4,0,-,10,4.35,2.46,-,-,85.93,0,14.07,1697,0,0,6.27,2
Thu Apr 02 15:56:38 GMT+03:00 2026,02-apr.-2026 15:56:38.362,0.0,1.0,50.4,339.32000732421875,-0.62,2.66,9.34,0.01,11.37,-0.01,-,8,35.7,34.66,87,-,2.35,803,0,50.4,0,-,10,4.35,2.48,-,-,85.84,0,14.16,1699,0,0,6.27,4.5
Thu Apr 02 15:56:39 GMT+03:00 2026,02-apr.-2026 15:56:40.046,0.0,1.0,50.4,339.32000732421875,-0.57,2.63,9.34,0.01,11.37,0,-,8,35.66,34.66,87,-,2.35,805.75,0,50.4,0,-,10,4.35,2.5,-,-,85.76,0,14.24,1701,0,0,6.27,4.5
Thu Apr 02 15:56:41 GMT+03:00 2026,02-apr.-2026 15:56:41.764,0.0,1.0,50.4,339.32000732421875,-0.55,2.67,9.33,0.01,11.37,0,-,8,35.62,34.66,87,-,2.35,799,0,50.4,0,-,10,4.5,2.48,-,-,85.67,0,14.33,1702,0,0,6.27,4
Thu Apr 02 15:56:43 GMT+03:00 2026,02-apr.-2026 15:56:43.557,0.0,1.0,50.4,339.32000732421875,-0.62,2.67,9.34,0.01,11.37,-0.01,-,8,35.59,34.66,87,-,2.75,790,0,50.4,0,-,10,4.35,2.41,-,-,85.57,0,14.43,1704,0,0,5.88,4.5
Thu Apr 02 15:56:45 GMT+03:00 2026,02-apr.-2026 15:56:45.341,0.0,1.0,50.4,339.32000732421875,-0.55,2.63,9.23,-0,11.37,0,-,8,35.55,34.66,87,-,2.35,802.5,0,50.4,0,-,10,4.35,2.44,-,-,85.48,0,14.52,1706,0,0,5.88,6.5
Thu Apr 02 15:56:46 GMT+03:00 2026,02-apr.-2026 15:56:46.984,0.0,1.0,50.4,339.32000732421875,-0.56,2.64,9.36,0.01,7.45,0,-,8,35.51,34.66,87,-,0.78,290,0,50.4,0,-,10,4.35,0.91,-,-,85.4,0,14.6,0,0,0,1.18,3
Thu Apr 02 15:56:48 GMT+03:00 2026,02-apr.-2026 15:56:48.658,0.0,1.0,50.4,339.32000732421875,-5.85,-1.49,11.2,0.32,19.61,-0.27,-,8,35.47,34.66,87,-,1.57,0,0,50.4,0,-,11,11.46,1.51,-,-,85.31,0,14.69,0,0,0,17.65,3
Thu Apr 02 15:56:50 GMT+03:00 2026,02-apr.-2026 15:56:50.548,0.0,1.399999976158142,50.4,339.32000732421875,-4.03,-1.26,8.87,0.02,19.61,0,-,8,35.44,34.66,87,-,1.57,0,0,50.4,0,-,11,14.36,1.51,-,-,85.21,0,14.79,0,0,0,17.65,3
Thu Apr 02 15:56:51 GMT+03:00 2026,02-apr.-2026 15:56:52.049,0.0,1.5,50.4,339.32000732421875,-3.93,-1.12,8.74,0,19.61,-0.01,-,8,35.44,34.66,87,-,1.57,0,0,50.4,0,-,11,14.36,1.51,-,-,85.18,0,14.82,0,0,0,17.65,3
Thu Apr 02 15:56:53 GMT+03:00 2026,02-apr.-2026 15:56:54.001,0.0,1.5,50.4,339.32000732421875,-4.41,-1.08,8.94,0.04,19.61,-0.01,-,8,35.44,34.66,87,-,1.57,0,0,50.4,0,-,11,14.36,1.51,-,-,85.08,0,14.92,0,0,0,17.65,3
Thu Apr 02 15:56:55 GMT+03:00 2026,02-apr.-2026 15:56:55.665,0.0,1.600000023841858,50.4,339.32000732421875,-4.11,-1.07,8.79,0.01,19.61,0,-,8,35.44,34.66,87,-,1.57,0,0,50.4,0,-,11,14.36,1.51,-,-,84.98,0,15.02,0,0,0,17.65,3
Thu Apr 02 16:02:47 GMT+03:00 2026,02-apr.-2026 16:02:47.174,0.0,1.399999976158142,50.4,339.32000732421875,-4.38,-1.2,8.84,0.03,19.61,0,-,8,35.44,34.66,87,-,1.57,1223,0,50.4,0,-,11,9.72,1.51,-,-,70.12,0,29.88,0,0,0,9.41,3
Thu Apr 02 16:02:48 GMT+03:00 2026,02-apr.-2026 16:02:49.142,0.0,1.100000023841858,50.4,339.32000732421875,-4.04,-0.95,8.72,0,13.73,-0.01,-,8,35.4,35.1,86,-,2.75,935.5,0,50.4,0,-,15,4.5,3.37,-,-,70.05,0,29.95,2,0,0,9.02,5.5
Thu Apr 02 16:02:50 GMT+03:00 2026,02-apr.-2026 16:02:50.968,0.0,1.0,50.4,339.32000732421875,-4.17,-1.08,8.72,0.01,14.12,0,-,8,35.36,35.1,86,-,2.75,801.75,0,50.4,0,-,15,4.93,2.58,-,-,69.99,0,30.01,4,0,0,9.8,4
Thu Apr 02 16:02:52 GMT+03:00 2026,02-apr.-2026 16:02:52.798,0.0,1.0,50.4,339.32000732421875,-4.25,-1.14,8.83,0.02,14.12,-0.01,-,8,35.33,35.1,87,-,2.75,813,0,50.4,0,-,15,5.08,2.69,-,-,69.92,0,30.08,5,0,0,9.8,2
Thu Apr 02 16:02:54 GMT+03:00 2026,02-apr.-2026 16:02:54.507,0.0,1.0,50.4,339.32000732421875,-4.15,-0.97,8.7,0.01,14.12,-0.01,-,8,35.29,35.1,86,-,2.75,801.5,0,50.4,0,-,15,5.08,2.71,-,-,69.87,0,30.13,7,0,0,9.41,4.5
Thu Apr 02 16:02:56 GMT+03:00 2026,02-apr.-2026 16:02:56.227,0.0,1.0,50.4,339.32000732421875,-4.14,-1.14,8.85,0.02,13.73,0,-,8,35.25,35.1,86,-,2.75,799,0,50.4,0,-,15,5.08,2.66,-,-,69.81,0,30.19,9,0,0,9.41,4.5
Thu Apr 02 16:02:57 GMT+03:00 2026,02-apr.-2026 16:02:57.888,0.0,1.2000000476837158,50.4,339.32000732421875,0.98,7.66,2.05,-0.17,13.73,-0.11,-,8,35.22,35.1,85,-,2.75,802.5,0,50.4,0,-,16,5.08,2.66,-,-,69.75,0,30.25,10,0,0,9.41,4.5
Thu Apr 02 16:02:59 GMT+03:00 2026,02-apr.-2026 16:02:59.819,0.0,1.399999976158142,50.4,339.32000732421875,-0.98,0.85,10.11,0.06,13.73,-0.21,-,8,35.18,35.1,84,-,2.75,792,0,50.4,0,-,16,5.08,2.64,-,-,69.68,0,30.32,12,0,0,9.41,4.5
Thu Apr 02 16:03:01 GMT+03:00 2026,02-apr.-2026 16:03:01.595,0.0,1.600000023841858,50.4,339.32000732421875,-2.01,1.66,9.33,0.01,13.33,0,-,8,35.14,35.1,83,-,2.75,794.5,0,50.4,0,-,16,5.08,2.7,-,-,69.62,0,30.38,14,0,0,9.02,0
Thu Apr 02 16:03:03 GMT+03:00 2026,02-apr.-2026 16:03:03.357,0.0,1.7000000476837158,50.4,339.32000732421875,-1.97,1.62,9.41,0.01,13.33,0,-,8,35.11,35.1,83,-,2.75,816.75,0,50.4,0,-,16,4.79,2.61,-,-,69.56,0,30.44,16,0,0,9.02,1
Thu Apr 02 16:03:04 GMT+03:00 2026,02-apr.-2026 16:03:05.099,0.0,1.7999999523162842,50.4,339.32000732421875,-2,1.66,9.38,0.01,13.33,0,-,8,35.07,35.1,82,-,2.75,826,0,50.4,0,-,16,4.64,2.55,-,-,69.5,0,30.5,18,0,0,8.63,1
Thu Apr 02 16:03:06 GMT+03:00 2026,02-apr.-2026 16:03:06.851,0.0,1.100000023841858,50.4,339.32000732421875,-1.97,1.65,9.33,0.01,13.33,0,-,8,35.03,35.1,81,-,2.75,816,0,50.4,0,-,16,4.64,2.5,-,-,69.44,0,30.56,19,0,0,8.63,2
Thu Apr 02 16:03:08 GMT+03:00 2026,02-apr.-2026 16:03:08.605,0.0,1.0,50.4,339.32000732421875,-1.92,1.67,9.46,0.02,12.94,0,-,8,35,35.1,80,-,2.75,807.75,0,50.4,0,-,16,4.64,2.53,-,-,69.38,0,30.62,21,0,0,8.63,0
Thu Apr 02 16:03:10 GMT+03:00 2026,02-apr.-2026 16:03:10.415,0.0,1.0,50.4,339.32000732421875,-1.99,1.62,9.38,0.01,12.94,0,-,8,34.96,35.1,80,-,2.35,815.5,0,50.4,0,-,16,4.64,2.51,-,-,69.32,0,30.68,23,0,0,8.24,4.5
Thu Apr 02 16:03:11 GMT+03:00 2026,02-apr.-2026 16:03:12.160,0.0,1.0,50.4,339.32000732421875,-2.03,1.65,9.35,0.01,12.94,0,-,8,34.93,35.1,80,-,2.75,811,0,50.4,0,-,16,4.64,2.5,-,-,69.26,0,30.74,25,0,0,8.24,4.5
Thu Apr 02 16:03:13 GMT+03:00 2026,02-apr.-2026 16:03:13.922,0.0,1.0,50.4,339.32000732421875,-2.07,1.63,9.32,0.01,12.94,-0.01,-,8,34.89,35.1,79,-,2.35,829,0,50.4,0,-,16,4.64,2.47,-,-,69.2,0,30.8,27,0,0,8.24,3
Thu Apr 02 16:03:15 GMT+03:00 2026,02-apr.-2026 16:03:15.593,0.0,1.0,50.4,339.32000732421875,-1.99,1.62,9.34,0.01,12.94,-0.01,-,8,34.85,35.1,79,-,2.35,804.25,0,50.4,0,-,16,4.5,2.42,-,-,69.14,0,30.86,28,0,0,7.84,5
Thu Apr 02 16:03:17 GMT+03:00 2026,02-apr.-2026 16:03:17.380,0.0,1.0,50.4,339.32000732421875,-2,1.73,9.81,0.06,12.94,0.03,-,8,34.82,35.1,79,-,2.75,789.25,0,50.4,0,-,17,4.64,2.41,-,-,69.08,0,30.92,30,0,0,7.84,4.5
Thu Apr 02 16:03:18 GMT+03:00 2026,02-apr.-2026 16:03:19.150,0.0,1.2000000476837158,50.4,339.32000732421875,-1.99,1.62,9.37,0.01,12.55,0,-,8,34.78,35.1,79,-,2.35,797.25,0,50.4,0,-,17,4.64,2.49,-,-,69.02,0,30.98,32,0,0,7.84,9.5
Thu Apr 02 16:03:20 GMT+03:00 2026,02-apr.-2026 16:03:20.909,0.0,1.399999976158142,50.4,339.32000732421875,-2.05,1.92,9.17,-0,15.29,-0.01,-,8,34.75,35.1,78,-,5.49,811.5,0,50.4,0,-,17,4.79,2.63,-,-,68.96,0,31.04,34,0,0,13.33,14
Thu Apr 02 16:03:22 GMT+03:00 2026,02-apr.-2026 16:03:22.662,0.0,1.600000023841858,50.4,339.32000732421875,-1.99,3.31,9.02,0.02,23.92,0,-,8,34.71,35.1,78,0.55,6.67,1153.25,0,50.4,3,0.73,17,4.64,3.65,-,-,68.91,0,31.09,35,0,3,23.92,-1.5
Thu Apr 02 16:03:24 GMT+03:00 2026,02-apr.-2026 16:03:24.492,2.4258859157562256,1.7000000476837158,55.8,317.17999267578125,-1.07,2.53,9.46,0.02,17.25,0,-,8,34.69,35.1,79,5.42,9.41,1144.25,0.01,55.8,11,7.27,17,8.41,7.17,-,-,68.91,0,31.09,37,8.73,11,25.49,18
Thu Apr 02 16:03:26 GMT+03:00 2026,02-apr.-2026 16:03:26.232,3.339003086090088,1.899999976158142,56.5,351.79998779296875,-3.62,0.73,9.33,0.04,14.51,0,-,8,34.67,35.1,79,2.52,5.49,1237.5,0.01,56.5,5.27,3.38,17,4.06,3.79,-,-,68.93,0,31.07,39,12.02,14,11.37,0
Thu Apr 02 16:03:27 GMT+03:00 2026,02-apr.-2026 16:03:28.031,3.6375420093536377,2.0,57.099999999999994,332.1499938964844,-3.26,1.41,8.72,-0.02,21.96,0,-,8,34.65,35.1,79,2.52,5.49,971.75,0,57.1,0.02,3.38,17,4.35,3.42,-,-,68.96,0,31.04,41,13.1,12,19.22,14
Thu Apr 02 16:03:29 GMT+03:00 2026,02-apr.-2026 16:03:29.767,3.9638757705688477,2.0,58.099999999999994,282.6700134277344,-3.69,-0.25,9.32,0.04,14.12,0.02,-,8,34.62,35.1,79,1.67,4.31,1068.5,0.01,58.1,0.31,2.24,17,7.4,5.45,-,-,68.99,0,31.01,42,14.27,14,10.59,12
Thu Apr 02 16:03:31 GMT+03:00 2026,02-apr.-2026 16:03:31.526,3.5963642597198486,2.0999999046325684,57.5,238.8800048828125,-3.2,1.42,9.22,0.02,23.53,0.02,-,8,34.6,35.1,79,1.67,7.84,1064.75,0.01,57.5,0.55,2.24,17,5.66,6.21,-,-,69.01,0,30.99,44,12.95,13,23.92,36
Thu Apr 02 16:03:33 GMT+03:00 2026,02-apr.-2026 16:03:33.364,5.010305881500244,2.0999999046325684,55.9,188.1300048828125,-2.25,1.95,8.48,-0.06,16.08,0.01,-,8,34.58,35.1,79,4.23,8.24,1284.75,0.01,55.9,3.49,5.67,17,8.41,7.55,-,-,69.04,0,30.96,46,18.04,17,23.14,19
Thu Apr 02 16:03:34 GMT+03:00 2026,02-apr.-2026 16:03:35.001,5.150825500488281,2.0999999046325684,56.0,186.72000122070312,-1.6,0.61,9.93,0.07,14.12,0,-,8,34.57,35.1,79,1.08,3.53,1416,0.01,56,0.04,1.45,17,4.35,4.12,-,-,69.07,0,30.93,48,18.54,18,10.2,13
Thu Apr 02 16:03:36 GMT+03:00 2026,02-apr.-2026 16:03:36.696,3.1995134353637695,2.0999999046325684,55.099999999999994,184.4600067138672,-1.88,1.88,8.32,-0.09,12.55,-0.1,-,8,34.54,35.1,79,1.08,3.14,1032.5,0,55.1,3,1.45,17,3.92,2.94,-,-,69.09,0,30.91,49,11.52,11,8.24,8
Thu Apr 02 16:03:38 GMT+03:00 2026,02-apr.-2026 16:03:38.525,2.372354745864868,2.0,53.9,184.47999572753906,-2.62,2.49,9.5,0.06,18.82,-0.01,-,8,34.52,35.1,80,-,4.31,948,0,53.9,0.46,-,17,4.06,2.7,-,-,69.12,0,30.88,51,8.54,9,17.65,15.5
Thu Apr 02 16:03:40 GMT+03:00 2026,02-apr.-2026 16:03:40.273,3.0039188861846924,2.0,52.5,181.32000732421875,-2.62,2.62,9.09,0.02,21.96,0,-,8,34.49,35.1,80,1.33,7.06,804.5,0.01,52.5,1.16,1.79,17,7.83,5.03,-,-,69.14,0,30.86,53,10.81,11,21.18,8
Thu Apr 02 16:03:41 GMT+03:00 2026,02-apr.-2026 16:03:41.980,3.9103448390960693,2.0,52.3,181.8000030517578,-3.49,1.99,8.83,0.01,25.88,0.04,-,8,34.47,35.1,80,2.59,7.84,1039.25,0.01,52.3,3.19,3.47,17,8.56,6.89,-,-,69.17,0,30.83,55,14.08,14,25.88,21.5
Thu Apr 02 16:03:43 GMT+03:00 2026,02-apr.-2026 16:03:43.808,5.280020713806152,2.0,52.199999999999996,178.42999267578125,-1.17,2.34,9.17,-0.01,14.9,0,-,8,34.46,35.1,80,5.91,10.2,1356,0.01,52.2,2.61,7.93,18,9.57,9.37,-,-,69.2,0,30.8,56,19.01,19,25.49,17.5
Thu Apr 02 16:03:45 GMT+03:00 2026,02-apr.-2026 16:03:45.614,5.5013508796691895,2.0999999046325684,52.3,188.69000244140625,-0.93,1.48,9.66,0.02,13.73,-0.02,-,8,34.44,35.1,80,1.16,3.53,1413.25,0,52.3,0.46,1.55,18,3.19,3.44,-,-,69.22,0,30.78,58,19.8,20,9.41,12
Thu Apr 02 16:03:47 GMT+03:00 2026,02-apr.-2026 16:03:47.378,2.973550319671631,2.200000047683716,51.5,202.5399932861328,-1.82,1.26,9.37,0,12.94,-0.03,-,8,34.42,35.1,80,1.16,3.14,1041.75,0,51.5,2.51,1.55,18,3.92,2.92,-,-,69.25,0,30.75,60,10.7,13,7.84,7
Thu Apr 02 16:03:48 GMT+03:00 2026,02-apr.-2026 16:03:49.034,2.067639112472534,2.0999999046325684,50.8,207.57000732421875,-2.36,2.53,8.76,-0.02,25.49,-0.02,-,8,34.39,35.1,80,-,2.75,885.75,0,50.8,2.7,-,18,4.21,2.73,-,-,69.27,0,30.73,62,7.44,8,38.43,8
Thu Apr 02 16:03:50 GMT+03:00 2026,02-apr.-2026 16:03:50.938,2.5036089420318604,1.899999976158142,50.4,247.25999450683594,-1.68,2.93,8.97,-0,25.1,-0.02,-,8,34.37,35.1,81,2.97,4.31,982.75,0.01,50.4,3.55,3.98,18,7.83,7.25,-,-,69.3,0,30.7,64,9.01,12,19.22,10
Thu Apr 02 16:03:52 GMT+03:00 2026,02-apr.-2026 16:03:52.641,3.7739434242248535,1.7999999523162842,50.3,284.2699890136719,-2.61,3.09,9.21,0.04,27.06,0.03,-,8,34.35,35.1,81,2.63,7.84,1005.25,0.01,50.3,3.44,3.52,18,9.86,7.6,-,-,69.33,0,30.67,65,13.59,15,24.31,12
Thu Apr 02 16:03:54 GMT+03:00 2026,02-apr.-2026 16:03:54.385,6.045412540435791,2.0,51.0,292.8299865722656,-2.87,2.89,9.13,0.04,29.02,0.01,-,8,34.34,35.1,81,7.77,14.51,1469.25,0.02,51,3.87,10.42,18,10.88,11.26,-,-,69.35,0,30.65,67,21.76,21,29.8,12.5
Thu Apr 02 16:03:55 GMT+03:00 2026,02-apr.-2026 16:03:56.076,6.941029071807861,2.0999999046325684,51.2,295.5199890136719,-2.04,2.5,9.42,0.03,26.67,-0.05,-,8,34.33,35.1,82,10.19,3.92,1782,0.01,51.2,5.24,13.66,17,5.51,6.46,-,-,69.38,0,30.62,69,24.99,27,29.02,22
Thu Apr 02 16:03:57 GMT+03:00 2026,02-apr.-2026 16:03:57.856,8.030180931091309,2.0,51.4,295.82000732421875,-2.49,2.45,9.04,0.01,30.2,-0.02,-,8,34.33,35.1,82,3.67,10.59,1354.5,0.01,51.4,2.97,4.93,17,9.28,9.67,-,-,69.4,0,30.6,71,28.91,29,30.2,12
Thu Apr 02 16:03:59 GMT+03:00 2026,02-apr.-2026 16:03:59.612,9.019991874694824,1.899999976158142,50.9,296.80999755859375,-2.43,1.86,9.21,0.01,16.08,0.01,-,8,34.32,35.1,82,8.22,3.92,1665.75,0.01,50.9,2.03,11.03,17,5.66,5.75,-,-,69.43,0,30.57,72,32.47,33,21.96,20
Thu Apr 02 16:04:01 GMT+03:00 2026,02-apr.-2026 16:04:01.430,8.821309089660645,2.200000047683716,51.8,294.8699951171875,-1.98,1.66,9.81,0.05,13.33,0,-,8,34.32,35.1,82,8.22,3.53,1252.5,0.01,51.8,0.57,11.03,17,4.35,3.81,-,-,69.46,0,30.54,74,31.76,33,9.41,10.5
Thu Apr 02 16:04:02 GMT+03:00 2026,02-apr.-2026 16:04:03.117,8.458945274353027,11.5,52.4,295.0299987792969,-2.17,1.79,9.51,0.03,12.16,0,-,8,34.32,35.1,83,-,2.75,1190,0,52.4,0.76,-,17,3.34,2.76,-,-,69.48,0,30.52,76,30.45,31,7.45,3
Thu Apr 02 16:04:04 GMT+03:00 2026,02-apr.-2026 16:04:04.868,7.839219570159912,11.5,55.599999999999994,295.760009765625,-1.41,1.23,9.29,-0.01,12.16,-0.01,-,8,34.31,35.1,83,-,2.35,1135.5,0,55.6,0.54,-,17,3.19,2.49,-,-,69.51,0,30.49,78,28.22,29,7.06,-1.5
Thu Apr 02 16:04:06 GMT+03:00 2026,02-apr.-2026 16:04:06.690,6.8689680099487305,11.399999618530273,57.699999999999996,295.4200134277344,-2.44,1.45,9.18,-0,12.16,0.04,-,8,34.31,35.1,83,-,2.35,980.75,0,57.7,2.28,-,17,3.63,2.43,-,-,69.53,0,30.47,79,24.73,25,7.45,1.5
Thu Apr 02 16:04:08 GMT+03:00 2026,02-apr.-2026 16:04:08.377,6.188505172729492,11.399999618530273,61.9,293.1099853515625,-0.46,1.98,9.54,0.01,12.55,-0.01,-,8,34.29,35.1,83,-,2.75,890.25,0,61.9,0.58,-,17,4.06,2.53,-,-,69.56,0,30.44,81,22.28,23,7.45,0.5
Thu Apr 02 16:04:10 GMT+03:00 2026,02-apr.-2026 16:04:10.165,3.919609785079956,11.399999618530273,65.6,303.69000244140625,-1.74,0.53,9.62,0.02,12.16,0.05,-,8,34.28,35.1,83,-,2.75,836,0,65.6,3.28,-,17,5.08,2.91,-,-,69.58,0,30.42,83,14.11,19,7.45,5.5
Thu Apr 02 16:04:11 GMT+03:00 2026,02-apr.-2026 16:04:11.957,2.9184749126434326,11.600000381469727,66.9,302.3299865722656,-3.4,0.9,9.35,0.04,25.1,0,-,8,34.25,35.1,83,-,2.75,804.25,0,66.9,5.11,-,17,4.79,2.76,-,-,69.61,0,30.39,85,10.51,9,10.2,10.5
Thu Apr 02 16:04:13 GMT+03:00 2026,02-apr.-2026 16:04:13.747,2.250880241394043,11.899999618530273,69.0,267.6700134277344,-4.25,0.82,9.78,0.11,27.06,0.09,-,8,34.23,35.1,83,0.61,5.88,1201.25,0.01,69,0.62,0.82,17,8.7,7.68,-,-,69.64,0,30.36,86,8.1,10,28.63,-2
Thu Apr 02 16:04:15 GMT+03:00 2026,02-apr.-2026 16:04:15.469,4.126013278961182,11.699999809265137,68.5,210.22000122070312,-3.04,3.14,8.68,0.01,40.78,0,-,8,34.21,35.1,83,3.3,14.51,1067.25,0.01,68.5,2.41,4.43,17,11.31,10.84,-,-,69.66,0,30.34,88,14.85,14,47.06,-2
Thu Apr 02 16:04:17 GMT+03:00 2026,02-apr.-2026 16:04:17.309,6.2358598709106445,11.899999618530273,67.6,206.66000366210938,-2.07,1.85,9.7,0.05,14.9,0.02,-,8,34.2,34.95,83,10.75,16.47,1515,0.02,67.6,3.02,14.41,17,12.76,15,-,-,69.69,0,30.31,90,22.45,22,19.22,10.5
Thu Apr 02 16:04:18 GMT+03:00 2026,02-apr.-2026 16:04:19.120,5.969748497009277,11.5,67.1,207.64999389648438,-1.59,0.2,9.97,0.05,13.33,0.01,-,8,34.18,34.95,83,10.75,3.53,1066,0,67.1,0.45,14.41,17,3.92,3.19,-,-,69.71,0,30.29,92,21.49,22,9.41,4.5
Thu Apr 02 16:04:20 GMT+03:00 2026,02-apr.-2026 16:04:20.947,2.2400710582733154,11.699999809265137,65.7,219.3699951171875,-3.05,1.92,8.73,-0.02,29.8,0,-,8,34.16,34.95,84,-,3.14,936.75,0,65.7,8.34,-,17,4.21,2.82,-,-,69.74,0,30.26,94,8.06,6,9.41,10.5
Thu Apr 02 16:04:22 GMT+03:00 2026,02-apr.-2026 16:04:22.687,2.0213141441345215,11.800000190734863,63.4,203.88999938964844,-3.51,0.98,8.96,0.01,27.45,0,-,8,34.13,34.95,84,-,9.8,1382,0.01,63.4,0.06,-,17,9.43,8.63,-,-,69.71,0,30.29,95,7.28,5,28.63,13.5
Thu Apr 02 16:04:24 GMT+03:00 2026,02-apr.-2026 16:04:24.456,4.222781181335449,11.800000190734863,62.0,147.16000366210938,-3.01,1.79,9.17,0.02,27.84,0,-,8,34.11,34.95,84,5.34,9.8,1626,0.02,62,0.04,7.17,17,10.59,12.51,-,-,69.71,0,30.29,97,15.2,12,10.59,20.5
Thu Apr 02 16:04:26 GMT+03:00 2026,02-apr.-2026 16:04:26.285,4.234619617462158,11.600000381469727,61.9,127.98999786376953,-2.08,1.7,9.57,0.03,13.73,0.02,-,8,34.09,34.95,84,1.66,5.88,1206.25,0.01,61.9,1.2,2.22,17,8.85,6.37,-,-,69.74,0,30.26,99,15.24,14,9.8,8
Thu Apr 02 16:04:27 GMT+03:00 2026,02-apr.-2026 16:04:27.954,4.197559833526611,11.699999809265137,61.7,127.5999984741211,-1.87,1.78,9.14,-0.01,12.55,-0.01,-,8,34.07,34.95,84,1.66,3.14,1052.25,0,61.7,1.24,2.22,17,4.21,3.16,-,-,69.76,0,30.24,101,15.11,14,7.84,3.5
Thu Apr 02 16:04:29 GMT+03:00 2026,02-apr.-2026 16:04:29.599,3.4517271518707275,11.399999618530273,61.9,127.81999969482422,-2.28,1.71,9.99,0.08,12.16,0.03,-,8,34.04,34.95,84,-,2.75,926.25,0,61.9,2.03,-,17,4.06,2.65,-,-,69.78,0,30.22,102,12.43,12,7.45,3
Thu Apr 02 16:04:31 GMT+03:00 2026,02-apr.-2026 16:04:31.374,3.309663772583008,11.5,62.599999999999994,123.87000274658203,-2.19,1.9,9.44,0.03,12.55,0.04,-,8,34.02,34.95,84,-,2.75,816.75,0,62.6,0.4,-,17,4.35,2.58,-,-,69.81,0,30.19,104,11.91,11,7.06,10
Thu Apr 02 16:04:33 GMT+03:00 2026,02-apr.-2026 16:04:33.175,3.2072341442108154,11.5,62.599999999999994,122.23999786376953,-1.78,2.25,8.9,-0.03,15.69,-0.04,-,8,34,34.95,84,-,2.35,748,0,62.6,1.91,-,17,4.93,2.42,-,-,69.83,0,30.17,106,11.55,10,14.51,10.5
Thu Apr 02 16:04:34 GMT+03:00 2026,02-apr.-2026 16:04:34.909,3.466654062271118,11.5,63.2,132.66000366210938,-2.3,2.34,9.92,0.08,23.14,0.06,-,8,33.98,34.95,84,0.65,4.31,785.25,0.01,63.2,0.55,0.87,17,6.96,3.99,-,-,69.86,0,30.14,108,12.48,11,22.75,-6
Thu Apr 02 16:04:36 GMT+03:00 2026,02-apr.-2026 16:04:36.653,4.6258087158203125,11.5,64.0,130.3699951171875,-3.5,1.8,8.08,-0.07,33.33,0,-,8,33.95,34.95,84,1.64,11.37,969,0.01,64,1.69,2.2,17,10.59,8.79,-,-,69.88,0,30.12,109,16.65,13,30.98,1
Thu Apr 02 16:04:38 GMT+03:00 2026,02-apr.-2026 16:04:38.453,6.6275634765625,12.199999809265137,63.599999999999994,110.76000213623047,-1.94,1.44,9.07,-0.02,14.51,0.08,-,8,33.94,34.95,85,8.56,13.33,1466.25,0.02,63.6,0.74,11.48,16,12.76,14.09,-,-,69.91,0,30.09,111,23.86,20,11.76,24.5
Thu Apr 02 16:04:40 GMT+03:00 2026,02-apr.-2026 16:04:40.196,5.2079596519470215,11.5,63.5,117.26000213623047,-0.3,3.18,9.58,0.05,13.33,0,-,8,33.93,34.95,85,1.32,3.53,1073,0,63.5,2.86,1.76,16,3.92,3.22,-,-,69.93,0,30.07,113,18.75,21,9.02,7.5
Thu Apr 02 16:04:41 GMT+03:00 2026,02-apr.-2026 16:04:42.038,5.553338050842285,11.699999809265137,63.8,136.02000427246094,-1.8,3.28,9.1,0.02,27.84,0,-,8,33.91,34.95,85,1.32,6.67,967,0,63.8,0.25,1.76,16,4.35,3,-,-,69.96,0,30.04,115,19.99,19,24.31,-1
Thu Apr 02 16:04:43 GMT+03:00 2026,02-apr.-2026 16:04:44.034,6.316670894622803,11.800000190734863,63.7,177.05999755859375,-0.86,4.5,9.68,0.11,30.2,0.02,-,8,33.9,34.95,85,1.15,19.22,1386,0.01,63.7,1.68,1.54,16,9.43,10.55,-,-,69.99,0,30.01,117,22.74,20,34.51,4
Thu Apr 02 16:04:46 GMT+03:00 2026,02-apr.-2026 16:04:46.738,7.927751541137695,11.5,64.2,217.82000732421875,-2.09,1.49,9.48,0.02,14.12,-0.01,-,8,33.9,34.95,85,13.65,26.67,2045.5,0.02,64.2,6.85,18.3,15,10.88,18.59,-,-,70.03,0,29.97,119,28.54,30,14.9,18.5
Thu Apr 02 16:04:49 GMT+03:00 2026,02-apr.-2026 16:04:49.201,7.2148613929748535,11.5,63.0,218.1300048828125,-1.1,1.5,10.13,0.07,12.94,0,-,8,33.89,34.95,84,13.65,3.14,1094.5,0,63,2.2,18.3,15,4.5,3.48,-,-,70.06,0,29.94,122,25.97,28,8.63,9.5
Thu Apr 02 16:04:51 GMT+03:00 2026,02-apr.-2026 16:04:51.730,4.181088447570801,11.5,61.9,224.4600067138672,-2.07,1.99,9.51,0.03,12.16,0,-,8,33.87,34.95,84,-,2.75,845.5,0,61.9,5.1,-,15,4.35,2.74,-,-,70.1,0,29.9,124,15.05,13,7.45,6
Thu Apr 02 16:04:54 GMT+03:00 2026,02-apr.-2026 16:04:54.246,3.392019510269165,12.199999809265137,61.9,251.5399932861328,-2.02,3.31,9.21,0.04,25.49,-0.01,-,8,33.84,34.95,84,-,2.75,791,0,61.9,4.68,-,15,4.64,2.75,-,-,70.05,0,29.95,127,12.21,5,27.84,-11
Thu Apr 02 16:04:56 GMT+03:00 2026,02-apr.-2026 16:04:56.488,3.112525224685669,12.100000381469727,63.8,304.3599853515625,-1.56,2.36,9.38,0.02,14.12,-0.02,-,8,33.82,34.95,84,-,10.2,1338.25,0.01,63.8,0.95,-,15,8.12,8.39,-,-,70.04,0,29.96,129,11.21,13,10.59,11.5
Thu Apr 02 16:04:58 GMT+03:00 2026,02-apr.-2026 16:04:58.310,2.245218276977539,11.899999618530273,64.4,317.4200134277344,-1.68,1.26,9.44,0.01,12.55,-0.01,-,8,33.8,34.95,84,-,3.53,1060.75,0,64.4,0.07,-,15,4.35,3.5,-,-,70.07,0,29.93,131,8.08,10,8.63,6.5
Thu Apr 02 16:04:59 GMT+03:00 2026,02-apr.-2026 16:05:00.069,1.5657850503921509,11.800000190734863,64.7,315.42999267578125,-1.99,1.35,9.38,0.01,12.55,0,-,8,33.77,34.95,85,-,2.75,889.5,0,64.7,3.08,-,15,4.35,2.84,-,-,70.04,0,29.96,133,5.64,5,7.84,10.5
Thu Apr 02 16:05:01 GMT+03:00 2026,02-apr.-2026 16:05:01.774,1.1745960712432861,11.800000190734863,64.7,307.82000732421875,-3.31,2.7,9.04,0.04,25.49,0.01,-,8,33.74,34.95,85,-,4.71,815.25,0,64.7,1.35,-,15,4.64,2.76,-,-,69.98,0,30.02,134,4.23,3,25.49,-6
Thu Apr 02 16:05:03 GMT+03:00 2026,02-apr.-2026 16:05:03.460,2.919504404067993,11.899999618530273,65.0,298.55999755859375,-2.21,2.94,9.02,0.01,25.88,0,-,8,33.72,34.95,85,2.65,10.2,1451,0.01,65,2.21,3.55,15,8.7,9.52,-,-,69.98,0,30.02,136,10.51,8,26.27,14.5
Thu Apr 02 16:05:05 GMT+03:00 2026,02-apr.-2026 16:05:05.274,3.694676160812378,11.5,65.2,304.55999755859375,-2.57,1.47,9.83,0.07,13.73,0.04,-,8,33.7,34.95,85,6.42,4.31,1750.5,0.01,65.2,1.73,8.61,15,7.98,8.66,-,-,70.01,0,29.99,138,13.3,15,10.59,23.5
Thu Apr 02 16:05:06 GMT+03:00 2026,02-apr.-2026 16:05:06.943,3.719897508621216,11.5,65.2,305.42999267578125,-2.55,2.15,8.99,-0,25.1,-0.05,-,8,33.68,34.95,85,6.42,4.71,1050,0,65.2,0.3,8.61,15,4.06,3.01,-,-,70.03,0,29.97,140,13.39,13,24.71,7.5
Thu Apr 02 16:05:08 GMT+03:00 2026,02-apr.-2026 16:05:08.797,4.3679327964782715,11.5,64.9,307.17999267578125,-2.15,1.78,9.29,0.01,14.9,0.04,-,8,33.66,34.95,85,1.9,7.45,1429,0.01,64.9,1.62,2.54,15,8.56,9.04,-,-,70.06,0,29.94,141,15.72,15,12.16,15
Thu Apr 02 16:05:10 GMT+03:00 2026,02-apr.-2026 16:05:10.602,4.350432395935059,11.399999618530273,64.3,305.739990234375,-2.17,1.32,9.49,0.02,12.94,0.06,-,8,33.64,34.95,85,1.9,3.53,1126.75,0,64.3,0.79,2.54,15,4.21,3.29,-,-,70.08,0,29.92,143,15.66,15,8.63,8.5
Thu Apr 02 16:05:12 GMT+03:00 2026,02-apr.-2026 16:05:12.346,3.138261318206787,11.399999618530273,63.7,305.1600036621094,-0.28,1.01,9.76,0.02,12.55,-0.03,-,8,33.62,34.95,85,-,2.75,938.25,0,63.7,1.83,-,15,4.21,2.81,-,-,70.11,0,29.89,145,11.3,12,7.84,8.5
Thu Apr 02 16:05:13 GMT+03:00 2026,02-apr.-2026 16:05:14.029,1.8910894393920898,11.399999618530273,63.599999999999994,315.1099853515625,-2.24,1.8,9.26,-0,12.16,-0.02,-,8,33.59,34.95,85,-,3.14,789.25,0,63.6,4.3,-,15,4.64,2.65,-,-,70.13,0,29.87,147,6.81,7,7.06,3
Thu Apr 02 16:05:15 GMT+03:00 2026,02-apr.-2026 16:05:15.707,0.0,2.0,65.3,318.239990234375,-3.15,3.73,8.76,0.03,27.06,0.01,-,8,33.56,34.95,85,-,2.75,810.5,0,65.3,0,-,15,4.64,2.73,-,-,70.1,0,29.9,148,0,0,45.1,-11
Thu Apr 02 16:05:17 GMT+03:00 2026,02-apr.-2026 16:05:17.449,0.0,12.0,66.3,338.6700134277344,-1.54,2.77,9.48,0.04,15.69,0.01,-,8,33.54,34.95,85,4.04,9.8,1457.25,0.01,66.3,8,5.42,15,10.01,9.76,-,-,70.1,0,29.9,150,0,8,21.57,20
Thu Apr 02 16:05:19 GMT+03:00 2026,02-apr.-2026 16:05:19.242,1.9245463609695435,11.800000190734863,69.0,25.100000381469727,-1.27,1.83,9.85,0.05,13.33,0,-,8,33.52,34.95,85,2.07,3.53,1235.5,0.01,69,11,2.77,15,4.64,4,-,-,70.12,0,29.88,152,6.93,11,9.02,15
Thu Apr 02 16:05:20 GMT+03:00 2026,02-apr.-2026 16:05:21.041,2.4922850131988525,11.699999809265137,70.19999999999999,47.5,-2.61,1.46,9.83,0.07,12.55,-0.02,-,8,33.49,34.95,86,2.07,3.14,991.25,0,70.2,3.07,2.77,15,4.21,2.99,-,-,70.15,0,29.85,154,8.97,10,7.84,5.5
Thu Apr 02 16:05:22 GMT+03:00 2026,02-apr.-2026 16:05:22.844,2.5092709064483643,11.600000381469727,73.1,59.40999984741211,-2.49,0.17,9.28,-0,12.16,-0.02,-,8,33.47,34.95,86,-,3.14,829.75,0,73.1,0.97,-,15,4.64,2.72,-,-,70.17,0,29.83,156,9.03,10,7.45,6
Thu Apr 02 16:05:24 GMT+03:00 2026,02-apr.-2026 16:05:24.576,1.113858938217163,11.5,72.9,24.84000015258789,-2.41,2.03,9.57,0.05,13.33,0.03,-,8,33.44,34.95,86,-,3.14,752.75,0,72.9,2.03,-,15,5.22,2.66,-,-,70.2,0,29.8,157,4.01,6,7.06,1
Thu Apr 02 16:05:26 GMT+03:00 2026,02-apr.-2026 16:05:26.284,0.0,2.0,72.3,38.66999816894531,-1.74,1.22,9.64,0.03,27.45,0,-,8,33.41,34.95,86,-,3.92,711.75,0,72.3,0,-,15,6.09,3.08,-,-,70.17,0,29.83,159,0,0,32.55,5.5
Thu Apr 02 16:05:27 GMT+03:00 2026,02-apr.-2026 16:05:28.005,0.0,2.0,72.0,38.66999816894531,-1.96,1.7,9.46,0.02,15.69,0,-,8,33.38,34.95,86,0.55,6.67,1570.25,0.01,72,3,0.73,15,7.11,8.99,-,-,70.11,0,29.89,161,0,3,13.33,18.5
Thu Apr 02 16:05:29 GMT+03:00 2026,02-apr.-2026 16:05:29.729,0.0,1.899999976158142,72.0,38.66999816894531,-2.29,1.92,9.22,0.01,16.47,-0.01,-,8,33.35,34.95,86,0.55,7.45,997,0.01,72,3,0.73,15,6.09,5.29,-,-,70.06,0,29.94,162,0,3,12.94,-11
Thu Apr 02 16:05:31 GMT+03:00 2026,02-apr.-2026 16:05:31.401,0.0,1.899999976158142,72.0,38.66999816894531,-1.95,1.55,9.48,0.02,16.86,0,-,8,33.32,34.95,86,-,8.63,854.25,0.01,72,2,-,15,7.4,4.92,-,-,70,0,30,164,0,2,14.51,-9
Thu Apr 02 16:05:33 GMT+03:00 2026,02-apr.-2026 16:05:33.212,0.0,1.7999999523162842,72.0,38.66999816894531,-2,1.61,9.26,-0,25.1,-0.02,-,8,33.3,34.95,86,0.19,5.88,791.5,0.01,72,3,0.25,15,6.67,4.3,-,-,69.94,0,30.06,166,0,3,12.55,-3
Thu Apr 02 16:05:34 GMT+03:00 2026,02-apr.-2026 16:05:34.943,0.0,1.7999999523162842,72.0,38.66999816894531,-2.24,1.35,9.54,0.03,23.92,0,-,8,33.27,34.95,86,0.19,5.49,1059.5,0.01,72,2,0.25,15,7.69,6.29,-,-,69.89,0,30.11,168,0,2,12.55,3.5
Thu Apr 02 16:05:36 GMT+03:00 2026,02-apr.-2026 16:05:36.707,0.0,1.7999999523162842,72.0,38.66999816894531,-1.93,2.25,9.52,0.04,16.08,0.01,-,8,33.24,34.95,86,-,5.49,1288.25,0.01,72,2,-,15,7.54,7.21,-,-,69.83,0,30.17,169,0,2,13.73,15
Thu Apr 02 16:05:38 GMT+03:00 2026,02-apr.-2026 16:05:38.454,0.0,1.899999976158142,72.0,38.66999816894531,-2.22,1.56,9.26,0,14.51,0,-,8,33.2,34.95,86,-,4.31,1036.25,0.01,72,1,-,15,5.08,4.05,-,-,69.78,0,30.22,171,0,1,10.2,-2.5
Thu Apr 02 16:05:39 GMT+03:00 2026,02-apr.-2026 16:05:40.078,0.0,1.899999976158142,72.0,38.66999816894531,-3.05,1.95,9.1,0.02,24.31,0,-,8,33.17,34.95,86,-,5.1,859,0,72,0,-,15,5.66,3.58,-,-,69.73,0,30.27,173,0,0,25.1,3.5
Thu Apr 02 16:05:41 GMT+03:00 2026,02-apr.-2026 16:05:41.914,0.0,1.899999976158142,72.0,38.66999816894531,-2.26,0.83,9.67,0.03,16.86,-0.06,-,8,33.15,34.95,86,1.03,8.63,1283.75,0.01,72,4,1.39,15,6.38,7.52,-,-,69.67,0,30.33,175,0,4,25.1,-11
Thu Apr 02 16:05:43 GMT+03:00 2026,02-apr.-2026 16:05:43.645,2.2230851650238037,13.399999618530273,72.1,278.9200134277344,-1.86,1.76,9.16,-0.01,14.51,-0.02,-,8,33.12,34.95,86,1.31,4.71,1184.25,0.01,72.1,7,1.75,15,5.51,4.75,-,-,69.67,0,30.33,176,8,7,12.16,3
Thu Apr 02 16:05:45 GMT+03:00 2026,02-apr.-2026 16:05:45.433,1.5436519384384155,12.800000190734863,72.6,292.9100036621094,-1.87,1.08,9.57,0.02,15.29,-0.01,-,8,33.09,34.95,86,1.31,7.45,1220,0.01,72.6,0.14,1.75,15,5.51,5.44,-,-,69.69,0,30.31,178,5.56,6,12.16,11
Thu Apr 02 16:05:47 GMT+03:00 2026,02-apr.-2026 16:05:47.252,0.0,13.199999809265137,72.6,306.1000061035156,-2.37,1.68,9.27,0.01,14.12,0,-,8,33.07,34.95,86,-,3.92,1074,0.01,72.6,3,-,15,4.64,3.8,-,-,69.67,0,30.33,180,0,3,10.2,-1.5
Thu Apr 02 16:05:48 GMT+03:00 2026,02-apr.-2026 16:05:49.107,0.0,13.399999618530273,72.3,308.6000061035156,-2.39,1.75,9.16,0,13.73,0,-,8,33.04,34.95,86,-,3.92,817.75,0,72.3,0,-,15,5.08,3.25,-,-,69.61,0,30.39,182,0,0,9.41,0.5
Thu Apr 02 16:05:50 GMT+03:00 2026,02-apr.-2026 16:05:50.831,0.0,13.199999809265137,72.3,308.7300109863281,-2.52,1.86,9.31,0.02,13.33,0,-,8,33,34.95,86,-,3.53,870.5,0,72.3,0,-,15,5.51,3.34,-,-,69.55,0,30.45,184,0,0,9.41,-1
Thu Apr 02 16:05:52 GMT+03:00 2026,02-apr.-2026 16:05:52.548,0.0,13.399999618530273,72.3,308.7699890136719,-2.54,1.83,9.29,0.02,13.33,0,-,8,32.97,34.95,86,-,3.14,850,0,72.3,0,-,15,5.22,3.19,-,-,69.5,0,30.5,185,0,0,8.63,-4
Thu Apr 02 16:05:54 GMT+03:00 2026,02-apr.-2026 16:05:54.196,0.0,11.600000381469727,72.3,308.7200012207031,-2.43,1.79,9.26,0.01,12.94,-0.01,-,8,32.94,34.95,86,-,3.14,850.25,0,72.3,0,-,15,5.08,3.14,-,-,69.45,0,30.55,187,0,0,8.24,-4
Thu Apr 02 16:05:55 GMT+03:00 2026,02-apr.-2026 16:05:56.015,0.0,11.600000381469727,72.3,308.7300109863281,-2.52,1.79,9.24,0.01,7.45,0,-,8,32.91,34.95,86,-,0.78,293.75,0,72.3,0,-,15,4.79,1.34,-,-,69.39,0,30.61,0,0,0,1.18,3.5
