GPS Time,Device Time,GPS Speed (Meters/second),Horizontal Dilution of Precision,Altitude,Bearing,G(x),G(y),G(z),G(calibrated),Absolute Throttle Position B(%),Acceleration Sensor(Total)(g),Air Fuel Ratio(Measured)(:1),Ambient air temp(°C),Average trip speed(whilst stopped or moving)(km/h),Barometric pressure (from vehicle)(psi),Engine Coolant Temperature(°C),Engine kW (At the wheels)(kW),Engine Load(%),Engine RPM(rpm),Fuel flow rate/minute(gal/min),GPS Altitude(m),GPS vs OBD Speed difference(km/h),Horsepower (At the wheels)(hp),Intake Air Temperature(°C),Intake Manifold Pressure(psi),Mass Air Flow Rate(g/s),O2 Bank 1 Sensor 1 Voltage(V),O2 Bank 1 Sensor 2 Voltage(V),Percentage of City driving(%),Percentage of Highway driving(%),Percentage of Idle driving(%),Run time since engine start(s),Speed (GPS)(km/h),Speed (OBD)(km/h),Throttle Position(Manifold)(%),Timing Advance(°)
Thu Apr 02 11:38:40 GMT+03:00 2026,02-apr.-2026 11:38:40.875,0.06228138878941536,1.7999999523162842,67.6,218.5399932861328,2.91,2.93,10.57,0.18,12.94,0.3,-,11,0,35.1,75,-,2.35,813.25,0,67.6,0.22,-,28,4.64,2.49,-,-,-,-,-,27,0.22,0,8.24,5.5
Thu Apr 02 11:38:41 GMT+03:00 2026,02-apr.-2026 11:38:41.374,0.06073722243309021,1.899999976158142,67.5,202.2100067138672,-0.75,2.25,9.41,0.01,12.94,0.01,-,11,0,35.1,75,-,2.35,813.25,0,67.5,0.22,-,28,4.64,2.49,-,-,-,-,-,27,0.22,0,7.84,3.5
Thu Apr 02 11:38:41 GMT+03:00 2026,02-apr.-2026 11:38:41.875,0.06073722243309021,1.899999976158142,67.5,202.2100067138672,-0.71,2.21,9.34,0,12.94,-0.01,-,11,0,35.1,75,-,2.35,813.25,0,67.5,0.22,-,28,4.64,2.49,-,-,-,-,-,29,0.22,0,7.84,3.5
Thu Apr 02 11:38:42 GMT+03:00 2026,02-apr.-2026 11:38:42.375,0.05867833271622658,1.899999976158142,67.4,208.66000366210938,-0.74,2.24,9.5,0.02,12.94,0,-,11,0,35.1,75,-,2.35,817,0,67.4,0.22,-,28,4.5,2.47,-,-,-,-,-,29,0.21,0,7.84,3.5
Thu Apr 02 11:38:42 GMT+03:00 2026,02-apr.-2026 11:38:42.875,0.05867833271622658,1.899999976158142,67.4,208.66000366210938,-0.72,2.12,9.48,0.01,12.94,-0.01,-,11,0,35.1,75,-,2.35,817,0,67.4,0.21,-,28,4.5,2.47,-,-,-,-,-,29,0.21,0,7.84,3.5
Thu Apr 02 11:38:43 GMT+03:00 2026,02-apr.-2026 11:38:43.376,0.07257582992315292,2.0,67.3,205.47000122070312,-0.64,2.07,9.56,0.02,12.94,0,-,11,0,35.1,75,-,2.35,817,0,67.3,0.21,-,28,4.5,2.47,-,-,-,-,-,29,0.26,0,7.84,5.5
Thu Apr 02 11:38:43 GMT+03:00 2026,02-apr.-2026 11:38:43.876,0.07257582992315292,2.0,67.3,205.47000122070312,-0.72,2.05,9.45,0.01,12.55,0,-,11,0,35.1,75,-,2.35,817,0,67.3,0.21,-,28,4.5,2.47,-,-,-,-,-,31,0.26,0,7.84,5.5
Thu Apr 02 11:38:44 GMT+03:00 2026,02-apr.-2026 11:38:44.378,0.08441444486379623,2.0,67.2,183.08999633789062,-0.78,2.13,9.33,-0,12.55,-0.02,-,11,0,35.1,75,-,2.35,813.25,0,67.2,0.3,-,28,4.5,2.5,-,-,-,-,-,31,0.3,0,7.84,5.5
Thu Apr 02 11:38:44 GMT+03:00 2026,02-apr.-2026 11:38:44.877,0.08441444486379623,2.0,67.2,183.08999633789062,-0.76,2.13,9.45,0.01,12.55,0,-,11,0,35.1,75,-,2.35,813.25,0,67.2,0.3,-,28,4.5,2.5,-,-,-,-,-,31,0.3,0,7.84,5.5
Thu Apr 02 11:38:45 GMT+03:00 2026,02-apr.-2026 11:38:45.377,0.09213528037071228,2.0,67.2,190.05999755859375,-0.66,2.09,9.52,0.02,12.55,0,-,11,0,35.1,75,-,2.35,813.25,0,67.2,0.3,-,28,4.5,2.5,-,-,-,-,-,33,0.33,0,7.84,5.5
Thu Apr 02 11:38:45 GMT+03:00 2026,02-apr.-2026 11:38:45.878,0.09213528037071228,2.0,67.2,190.05999755859375,-0.75,2.09,9.48,0.01,12.55,0,-,11,0,35.1,75,-,2.35,813.25,0,67.2,0.3,-,28,4.5,2.47,-,-,-,-,-,33,0.33,0,7.84,5.5
Thu Apr 02 11:38:46 GMT+03:00 2026,02-apr.-2026 11:38:46.375,0.10757694393396378,2.0,67.2,176.1300048828125,-0.69,2.18,9.45,0.01,12.55,0,-,11,0,35.1,75,-,2.35,812.75,0,67.2,0.33,-,28,4.5,2.47,-,-,-,-,-,33,0.39,0,7.84,5
Thu Apr 02 11:38:46 GMT+03:00 2026,02-apr.-2026 11:38:46.878,0.10757694393396378,2.0,67.2,176.1300048828125,-0.75,2.16,9.59,0.02,12.55,0,-,11,0,35.1,75,-,2.35,812.75,0,67.2,0.33,-,28,4.5,2.47,-,-,-,-,-,33,0.39,0,7.84,5
Thu Apr 02 11:38:47 GMT+03:00 2026,02-apr.-2026 11:38:47.377,0.0,2.0,67.0,162.9499969482422,-0.53,1.75,8.99,-0.05,12.55,-0.01,-,11,0,35.1,75,-,2.35,812.75,0,67,0.33,-,28,4.64,2.47,-,-,-,-,-,34,0,0,7.84,5
Thu Apr 02 11:38:47 GMT+03:00 2026,02-apr.-2026 11:38:47.878,0.0,2.0,67.0,162.9499969482422,-0.6,2.08,9.51,0.01,12.55,0,-,11,0,35.1,75,-,2.35,815.25,0,67,0,-,28,4.64,2.51,-,-,-,-,-,34,0,0,7.84,5
Thu Apr 02 11:38:48 GMT+03:00 2026,02-apr.-2026 11:38:48.379,0.0,2.0,67.0,169.0399932861328,-0.78,2.17,9.39,0,12.55,0,-,11,0,35.1,75,-,2.35,815.25,0,67,0,-,28,4.64,2.51,-,-,-,-,-,34,0,0,7.84,5.5
Thu Apr 02 11:38:48 GMT+03:00 2026,02-apr.-2026 11:38:48.878,0.0,2.0,67.0,169.0399932861328,-0.75,2.14,9.45,0.01,12.55,0,-,11,0,35.1,75,-,2.35,815.25,0,67,0,-,28,4.64,2.51,-,-,-,-,-,36,0,0,7.84,5.5
Thu Apr 02 11:38:49 GMT+03:00 2026,02-apr.-2026 11:38:49.378,0.0,2.0999999046325684,66.9,174.6699981689453,-0.61,2.08,9.52,0.01,12.55,0,-,11,0,35.1,75,-,2.35,812.25,0,66.9,0,-,28,4.64,2.48,-,-,-,-,-,36,0,0,7.84,5.5
Thu Apr 02 11:38:49 GMT+03:00 2026,02-apr.-2026 11:38:49.875,0.0,2.0999999046325684,66.9,174.6699981689453,-0.77,2.11,9.49,0.01,12.55,0,-,11,0,35.1,75,-,2.35,812.25,0,66.9,0,-,28,4.64,2.48,-,-,-,-,-,36,0,0,7.84,5.5
Thu Apr 02 11:38:50 GMT+03:00 2026,02-apr.-2026 11:38:50.377,0.0,2.0999999046325684,66.9,174.6699981689453,-0.59,2.27,9.4,0.01,12.55,0,-,11,0,35.1,75,-,2.35,812.25,0,66.9,0,-,28,4.64,2.48,-,-,-,-,-,36,0,0,7.84,5.5
Thu Apr 02 11:38:50 GMT+03:00 2026,02-apr.-2026 11:38:50.878,0.0,2.0999999046325684,66.9,174.6699981689453,-0.66,2.07,9.53,0.01,12.55,0,-,11,0,35.1,75,-,2.35,812.25,0,66.9,0,-,28,4.5,2.48,-,-,-,-,-,38,0,0,7.84,5.5
Thu Apr 02 11:38:51 GMT+03:00 2026,02-apr.-2026 11:38:51.377,0.0,2.0999999046325684,66.9,174.6699981689453,-0.74,2.13,9.42,0.01,12.55,-0.01,-,11,0,35.1,75,-,2.35,812.25,0,66.9,0,-,28,4.5,2.48,-,-,-,-,-,38,0,0,7.84,5.5
Thu Apr 02 11:38:51 GMT+03:00 2026,02-apr.-2026 11:38:51.878,0.0,2.0999999046325684,66.9,174.6699981689453,-0.74,2.19,9.33,-0,12.55,0,-,11,0,35.1,75,-,2.35,812.25,0,66.9,0,-,28,4.5,2.48,-,-,-,-,-,38,0,0,7.84,5.5
Thu Apr 02 11:38:52 GMT+03:00 2026,02-apr.-2026 11:38:52.378,0.0,2.0999999046325684,66.9,174.6699981689453,-0.78,2.09,9.42,0.01,12.55,-0.01,-,11,0,35.1,75,-,2.35,812.25,0,66.9,0,-,28,4.5,2.48,-,-,-,-,-,38,0,0,7.84,5.5
Thu Apr 02 11:38:52 GMT+03:00 2026,02-apr.-2026 11:38:52.876,0.0,2.0999999046325684,66.9,174.6699981689453,-0.65,2.06,9.49,0.01,12.55,0,-,11,0,35.1,75,-,2.35,812.25,0,66.9,0,-,28,4.5,2.48,-,-,-,-,-,38,0,0,7.84,5.5
Thu Apr 02 11:38:53 GMT+03:00 2026,02-apr.-2026 11:38:53.377,0.0,2.0999999046325684,66.9,174.6699981689453,-0.69,2.1,9.44,0.01,12.55,0,-,11,0,35.1,75,-,2.35,812.25,0,66.9,0,-,28,4.5,2.48,-,-,-,-,-,38,0,0,7.84,5.5
Thu Apr 02 11:38:53 GMT+03:00 2026,02-apr.-2026 11:38:53.877,0.0,2.0999999046325684,66.9,174.6699981689453,-0.71,2.1,9.56,0.02,12.55,-0.01,-,11,0,35.1,75,-,2.35,812.25,0,66.9,0,-,28,4.5,2.48,-,-,-,-,-,38,0,0,7.84,5.5
Thu Apr 02 11:38:54 GMT+03:00 2026,02-apr.-2026 11:38:54.378,0.0,2.0999999046325684,66.9,174.6699981689453,-0.69,2.08,9.56,0.02,12.55,0,-,11,0,35.1,75,-,2.35,812.25,0,66.9,0,-,28,4.5,2.48,-,-,-,-,-,38,0,0,7.84,5.5
Thu Apr 02 11:38:54 GMT+03:00 2026,02-apr.-2026 11:38:54.877,0.0,2.0999999046325684,66.9,174.6699981689453,-0.67,2.19,9.34,-0,12.55,-0.01,-,11,0,35.1,75,-,2.35,812.25,0,66.9,0,-,28,4.5,2.48,-,-,-,-,-,38,0,0,7.84,5.5
Thu Apr 02 11:38:55 GMT+03:00 2026,02-apr.-2026 11:38:55.378,0.0,2.0999999046325684,66.9,174.6699981689453,-0.79,2.16,9.44,0.01,12.55,0,-,11,0,35.1,75,-,2.35,812.25,0,66.9,0,-,28,4.5,2.48,-,-,-,-,-,38,0,0,7.84,5.5
Thu Apr 02 11:38:55 GMT+03:00 2026,02-apr.-2026 11:38:55.874,0.0,2.0999999046325684,66.9,174.6699981689453,-0.65,2.1,9.42,0.01,12.55,-0.01,-,11,0,35.1,75,-,2.35,812.25,0,66.9,0,-,28,4.5,2.48,-,-,-,-,-,38,0,0,7.84,5.5
Thu Apr 02 11:38:56 GMT+03:00 2026,02-apr.-2026 11:38:56.375,0.0,2.0999999046325684,66.9,174.6699981689453,-0.69,2.2,9.41,0.01,12.55,0,-,11,0,35.1,75,-,2.35,812.25,0,66.9,0,-,28,4.5,2.48,-,-,-,-,-,38,0,0,7.84,5.5
GPS Time, Device Time,GPS Speed (Meters/second), Horizontal Dilution of Precision, Altitude, Bearing, G(x), G(y), G(z), G(calibrated), Absolute Throttle Position B(%),Acceleration Sensor(Total)(g),Air Fuel Ratio(Measured)(:1),Ambient air temp(°C),Average trip speed(whilst stopped or moving)(km/h),Barometric pressure (from vehicle)(psi),Engine Coolant Temperature(°C),Engine kW (At the wheels)(kW),Engine Load(%),Engine RPM(rpm),Fuel flow rate/minute(gal/min),GPS Altitude(m),GPS vs OBD Speed difference(km/h),Horsepower (At the wheels)(hp),Intake Air Temperature(°C),Intake Manifold Pressure(psi),Mass Air Flow Rate(g/s),O2 Bank 1 Sensor 1 Voltage(V),O2 Bank 1 Sensor 2 Voltage(V),Percentage of City driving(%),Percentage of Highway driving(%),Percentage of Idle driving(%),Run time since engine start(s),Speed (GPS)(km/h),Speed (OBD)(km/h),Throttle Position(Manifold)(%),Timing Advance(°)
Thu Apr 02 11:44:47 GMT+03:00 2026,02-apr.-2026 11:47:57.768,0.0,2.0999999046325684,69.2,226.94000244140625,-0.27,6.53,7.21,0.01,12.55,0,-,11,0,35.1,75,-,2.35,795.25,0,-,0,-,28,4.5,2.48,-,-,65.26,0,34.74,38,-,0,7.84,5.5
Thu Apr 02 11:44:47 GMT+03:00 2026,02-apr.-2026 11:47:57.913,0.0,2.0999999046325684,69.2,226.94000244140625,-0.27,6.53,7.21,0.01,12.55,0,-,11,0,35.1,75,-,2.35,794.5,0,-,0,-,28,4.5,2.48,-,-,65.26,0,34.74,38,-,0,7.84,5.5
Thu Apr 02 11:44:47 GMT+03:00 2026,02-apr.-2026 11:47:58.048,0.0,2.0999999046325684,69.2,226.94000244140625,-0.27,6.53,7.21,0.01,12.55,0,-,11,0,35.1,75,-,2.35,788.25,0,-,0,-,28,4.5,2.48,-,-,65.26,0,34.74,38,-,0,7.84,5.5
Thu Apr 02 11:44:47 GMT+03:00 2026,02-apr.-2026 11:47:58.183,0.0,2.0999999046325684,69.2,226.94000244140625,-0.27,6.53,7.21,0.01,12.55,0,-,11,0,35.1,75,-,2.35,784.25,0,-,0,-,28,4.5,2.48,-,-,65.26,0,34.74,38,-,0,7.84,5.5
Thu Apr 02 11:44:47 GMT+03:00 2026,02-apr.-2026 11:47:58.330,0.0,2.0999999046325684,69.2,226.94000244140625,-0.27,6.53,7.21,0.01,12.55,0,-,11,0,35.1,75,-,2.35,790.5,0,-,0,-,28,4.5,2.48,-,-,65.26,0,34.74,38,-,0,7.84,5.5
Thu Apr 02 11:44:47 GMT+03:00 2026,02-apr.-2026 11:47:58.898,0.0,2.0999999046325684,69.2,226.94000244140625,-0.66,5.75,7.99,0.02,12.55,-0.01,-,8,0,35.1,94,-,2.35,785,0,-,0,-,20,4.5,2.48,-,-,65.26,0,34.74,38,-,0,7.84,5.5
Thu Apr 02 11:44:47 GMT+03:00 2026,02-apr.-2026 11:48:00.239,0.0,2.0999999046325684,69.2,226.94000244140625,-0.83,5.76,7.99,0.03,11.76,0,-,8,0,34.66,94,-,2.75,795.5,0,-,0,-,20,4.64,2.56,-,-,65.04,0,34.96,588,-,0,6.67,2
Thu Apr 02 11:44:47 GMT+03:00 2026,02-apr.-2026 11:48:02.069,0.0,2.0999999046325684,69.2,226.94000244140625,-0.87,5.79,7.94,0.02,11.76,0,-,8,0,34.66,94,-,2.75,791.5,0,-,0,-,20,4.64,2.53,-,-,64.62,0,35.38,590,-,0,6.67,4.5
Thu Apr 02 11:44:47 GMT+03:00 2026,02-apr.-2026 11:48:03.781,0.0,2.0999999046325684,69.2,226.94000244140625,-1.12,5.87,7.92,0.03,11.76,-0.03,-,8,0,34.66,94,-,2.75,792.75,0,-,0,-,20,4.64,2.54,-,-,64.23,0,35.77,591,-,0,6.67,2
Thu Apr 02 11:48:04 GMT+03:00 2026,02-apr.-2026 11:48:05.479,0.0,8.0,34.9,0.0,-0.79,5.38,7.74,-0.02,11.76,0.03,-,8,0,34.66,94,-,2.75,791,0,34.9,0,-,20,4.64,2.55,-,-,63.86,0,36.14,593,-,0,6.67,2
Thu Apr 02 11:48:06 GMT+03:00 2026,02-apr.-2026 11:48:07.237,0.15338721871376038,4.800000190734863,35.300000000000004,242.69000244140625,-1.6,4.61,8.64,0.03,11.76,0.01,-,8,0,34.66,94,-,2.75,796.5,0,35.3,0,-,20,4.64,2.49,-,-,63.47,0,36.53,595,0.55,0,6.67,4.5
Thu Apr 02 11:48:07 GMT+03:00 2026,02-apr.-2026 11:48:08.865,0.1621374934911728,4.5,34.6,272.4100036621094,-1.28,4.93,8.55,0.03,11.76,0,-,8,0,34.66,94,-,2.75,788.25,0,34.6,0.58,-,20,4.64,2.52,-,-,63.11,0,36.89,596,0.58,0,6.67,4.5
Thu Apr 02 11:48:10 GMT+03:00 2026,02-apr.-2026 11:48:10.667,0.17294666171073914,3.700000047683716,36.9,232.4600067138672,-0.43,6.79,7.6,0.06,25.49,0.03,-,8,0,34.66,95,-,2.75,790,0,36.9,0.75,-,20,4.64,2.51,-,-,62.73,0,37.27,598,0.62,0,48.24,4.5
Thu Apr 02 11:48:12 GMT+03:00 2026,02-apr.-2026 11:48:12.426,0.0,3.200000047683716,40.7,232.83999633789062,-0.25,8.17,6.63,0.09,19.61,0.03,-,8,0.07,34.66,95,0.25,7.84,1925,0.01,40.7,1.48,0.33,20,6.24,9.33,-,-,62.35,0,37.65,600,0,2,17.65,16.5
Thu Apr 02 11:48:13 GMT+03:00 2026,02-apr.-2026 11:48:14.143,1.841676115989685,3.0,42.5,230.44000244140625,-2.39,6.07,5.66,-0.1,23.92,-0.46,-,8,0.43,34.66,95,4.87,7.84,1095,0,42.5,10,6.53,20,6.67,3.63,-,-,62.38,0,37.62,602,6.63,10,24.31,23.5
Thu Apr 02 11:48:15 GMT+03:00 2026,02-apr.-2026 11:48:15.910,2.668834686279297,2.700000047683716,45.1,237.6999969482422,7.72,6.93,5.17,0.2,14.51,0.25,-,8,0.9,34.66,95,3.44,5.88,1720.75,0.01,45.1,5.56,4.61,20,7.54,8.24,-,-,62.61,0,37.39,603,9.61,14,9.41,23
Thu Apr 02 11:48:17 GMT+03:00 2026,02-apr.-2026 11:48:17.698,3.6998233795166016,2.5999999046325684,49.2,225.82000732421875,1.7,6.48,7.73,0.06,12.16,0.02,-,8,1.3,34.66,95,3.44,2.75,1105,0,49.2,0.71,4.61,20,3.92,2.95,-,-,62.83,0,37.17,605,13.32,13,7.45,13
Thu Apr 02 11:48:19 GMT+03:00 2026,02-apr.-2026 11:48:19.434,2.7810442447662354,2.799999952316284,50.6,225.0399932861328,-0.66,4.67,7.92,-0.04,12.16,-0.04,-,8,1.55,34.66,95,-,2.35,884,0,50.6,2.85,-,20,4.06,2.42,-,-,63.04,0,36.96,607,10.01,9,7.06,10.5
Thu Apr 02 11:48:20 GMT+03:00 2026,02-apr.-2026 11:48:21.128,2.4341213703155518,2.700000047683716,52.3,219.3300018310547,6.82,6.64,10.17,0.44,11.76,-0.14,-,8,1.62,34.66,95,-,2.35,834.75,0,52.3,6.01,-,20,4.21,2.46,-,-,62.88,0,37.12,609,8.76,4,6.67,8.5
Thu Apr 02 11:48:22 GMT+03:00 2026,02-apr.-2026 11:48:23.039,0.9378238916397095,2.4000000953674316,58.900000000000006,211.3300018310547,-0.37,6.23,8.42,0.09,11.76,0.04,-,8,1.58,34.66,95,-,2.75,796.25,0,58.9,5.45,-,20,4.35,2.47,-,-,62.48,0,37.52,611,3.38,0,6.67,5
Thu Apr 02 11:48:24 GMT+03:00 2026,02-apr.-2026 11:48:24.798,2.1093316078186035,2.299999952316284,61.900000000000006,190.17999267578125,0.28,5.67,7.26,-0.04,11.76,-0.05,-,8,1.53,34.66,95,-,2.35,788,0,61.9,0.87,-,20,4.5,2.42,-,-,62.12,0,37.88,612,7.59,0,6.67,5
Thu Apr 02 11:48:26 GMT+03:00 2026,02-apr.-2026 11:48:26.582,1.5194599628448486,2.0999999046325684,64.0,163.5800018310547,-0.16,6.71,6.94,0,26.67,-0.01,-,8,1.49,34.66,95,-,2.35,785.75,0,64,6.66,-,20,4.5,2.41,-,-,61.77,0,38.23,614,5.47,0,6.67,8
Thu Apr 02 11:48:28 GMT+03:00 2026,02-apr.-2026 11:48:28.323,0.8601008057594299,2.0,65.4,204.1699981689453,-0.51,6.45,7.31,0.01,13.33,0,-,8,1.44,34.66,95,-,3.53,1291,0.01,65.4,4.2,-,20,7.11,5.54,-,-,61.42,0,38.58,616,3.1,0,9.02,14
Thu Apr 02 11:48:29 GMT+03:00 2026,02-apr.-2026 11:48:29.970,0.6037691831588745,2.0,65.9,216.8800048828125,-0.47,6.32,7.51,0.02,12.16,0,-,8,1.41,34.66,95,-,2.75,969,0,65.9,3.1,-,20,4.06,2.73,-,-,61.1,0,38.9,618,2.17,0,7.45,7
Thu Apr 02 11:48:31 GMT+03:00 2026,02-apr.-2026 11:48:31.646,0.26096415519714355,2.0,66.7,217.27000427246094,-0.62,6.3,7.55,0.02,12.16,0,-,8,1.37,34.66,95,-,2.35,860.75,0,66.7,1.39,-,20,4.06,2.42,-,-,60.77,0,39.23,619,0.94,0,7.06,7
Thu Apr 02 11:48:33 GMT+03:00 2026,02-apr.-2026 11:48:33.357,0.1981680542230606,2.0,67.2,220.27999877929688,-0.45,6.19,7.62,0.02,23.53,0,-,8,1.33,34.66,95,-,2.35,806.75,0,67.2,0.7,-,20,4.21,2.39,-,-,60.44,0,39.56,621,0.71,0,6.67,8
Thu Apr 02 11:48:34 GMT+03:00 2026,02-apr.-2026 11:48:35.091,0.21721278131008148,2.0,67.3,208.6699981689453,-0.43,6.18,7.33,-0,12.94,0.01,-,8,1.3,34.66,95,-,3.14,1175,0,67.3,0.71,-,20,4.79,3.66,-,-,60.11,0,39.89,623,0.78,0,8.24,16.5
Thu Apr 02 11:48:36 GMT+03:00 2026,02-apr.-2026 11:48:36.912,0.0,2.0,67.5,210.5,-0.28,6.95,7.23,0.04,25.88,0.03,-,8,1.27,34.66,95,-,6.27,1213.75,0.01,67.5,0,-,20,4.64,4.35,-,-,59.77,0,40.23,624,0,0,22.75,19
Thu Apr 02 11:48:38 GMT+03:00 2026,02-apr.-2026 11:48:38.758,0.0,2.0999999046325684,67.6,228.35000610351562,-0.36,7.52,6.2,0.01,18.04,0,-,8,1.36,34.66,95,1.49,10.98,1847.25,0.01,67.6,5,1.99,20,7.54,9.1,-,-,59.43,0,40.57,626,0,5,26.67,21
Thu Apr 02 11:48:40 GMT+03:00 2026,02-apr.-2026 11:48:40.534,0.641343891620636,2.200000047683716,67.4,233.64999389648438,-0.33,6.27,7.37,0.01,12.94,-0.01,-,8,1.56,34.66,95,2.93,3.14,1489.75,0.01,67.4,8.33,3.93,20,4.06,3.76,-,-,59.48,0,40.52,628,2.31,10,8.24,14.5
Thu Apr 02 11:48:42 GMT+03:00 2026,02-apr.-2026 11:48:42.219,1.0546658039093018,2.200000047683716,67.3,232.35000610351562,-0.56,6.39,7.17,0,14.12,-0.03,-,8,1.68,34.66,95,2.93,4.71,1084.75,0,67.3,4.69,3.93,20,3.77,2.78,-,-,59.69,0,40.31,630,3.8,7,21.18,0.5
Thu Apr 02 11:48:43 GMT+03:00 2026,02-apr.-2026 11:48:43.960,1.3377630710601807,2.299999952316284,67.3,227.6300048828125,3.03,1.66,3.83,-0.46,12.55,-0.32,-,8,1.87,34.66,95,1.85,3.14,1242.25,0,67.3,6.2,2.48,20,3.77,3.17,-,-,59.91,0,40.09,632,4.82,10,8.63,14
Thu Apr 02 11:48:45 GMT+03:00 2026,02-apr.-2026 11:48:45.693,1.815940022468567,2.5,67.1,230.5,-0.91,2.37,9.37,0.01,12.16,0,-,8,2.02,34.66,96,1.85,2.75,1002.75,0,67.1,3.31,2.48,21,3.77,2.65,-,-,60.12,0,39.88,633,6.54,9,7.06,8
Thu Apr 02 11:48:47 GMT+03:00 2026,02-apr.-2026 11:48:47.492,2.274557590484619,2.4000000953674316,67.2,225.25,-0.42,1.35,9.76,0.02,12.94,-0.01,-,8,2.19,34.66,96,0.6,6.27,1013.5,0.01,67.2,2.65,0.8,21,4.79,3.75,-,-,60.33,0,39.67,635,8.19,10,10.2,7.5
Thu Apr 02 11:48:49 GMT+03:00 2026,02-apr.-2026 11:48:49.228,2.475813865661621,2.4000000953674316,67.0,225.91000366210938,-0.74,1.78,9.5,0.01,12.55,0,-,8,2.29,34.66,96,0.6,2.75,1214.25,0,67,1.19,0.8,21,3.34,2.96,-,-,60.54,0,39.46,637,8.91,7,7.84,13.5
Thu Apr 02 11:48:50 GMT+03:00 2026,02-apr.-2026 11:48:51.054,2.3589718341827393,2.5,67.0,224.4499969482422,-0.86,2.52,9.44,0.02,11.76,0,-,8,2.27,34.66,96,-,2.75,921.25,0,67,7.91,-,21,4.06,2.6,-,-,60.38,0,39.62,639,8.49,1,7.06,5.5
Thu Apr 02 11:48:52 GMT+03:00 2026,02-apr.-2026 11:48:52.847,1.9204286336898804,2.4000000953674316,67.0,268.4800109863281,-0.87,2.52,9.35,0.01,11.76,0,-,8,2.22,34.66,96,-,2.75,841.75,0,67,7.82,-,21,4.35,2.52,-,-,60.06,0,39.94,640,6.91,0,6.67,5
Thu Apr 02 11:48:54 GMT+03:00 2026,02-apr.-2026 11:48:54.551,0.0,1.899999976158142,67.0,268.4800109863281,-0.81,2.57,9.34,0.01,11.76,0,-,8,2.18,34.66,96,-,2.35,804.25,0,67,0,-,21,4.5,2.49,-,-,59.75,0,40.25,642,0,0,6.67,4.5
Thu Apr 02 11:48:56 GMT+03:00 2026,02-apr.-2026 11:48:56.358,0.0,1.7000000476837158,67.0,268.4800109863281,-0.86,2.54,9.3,0.01,11.37,0,-,8,2.13,34.66,96,-,2.75,800.75,0,67,0,-,21,4.64,2.53,-,-,59.43,0,40.57,644,0,0,6.67,4.5
Thu Apr 02 11:48:58 GMT+03:00 2026,02-apr.-2026 11:48:58.328,0.0,1.899999976158142,69.4,268.4800109863281,-0.86,2.8,9.03,-0.01,15.69,0,-,8,2.09,34.66,97,-,7.84,924,0,69.4,0,-,21,4.64,3.16,-,-,59.09,0,40.91,646,0,0,23.53,13
Thu Apr 02 11:49:00 GMT+03:00 2026,02-apr.-2026 11:49:00.160,0.0,2.0999999046325684,69.80000000000001,197.99000549316406,-0.98,3.06,9.17,0.01,25.88,-0.02,-,8,2.13,34.66,97,0.89,3.14,1094,0,69.8,4,1.19,21,4.5,3.35,-,-,58.78,0,41.22,648,0,4,8.24,5.5
Thu Apr 02 11:49:01 GMT+03:00 2026,02-apr.-2026 11:49:01.961,0.5054572224617004,2.200000047683716,69.9,197.8699951171875,-0.86,2.43,9.33,0.01,14.9,0,-,8,2.2,34.66,97,0.71,8.24,1507.75,0.01,69.9,6,0.95,21,8.27,8.28,-,-,58.82,0,41.18,650,1.82,6,22.35,18
Thu Apr 02 11:49:03 GMT+03:00 2026,02-apr.-2026 11:49:03.811,0.880174994468689,2.200000047683716,70.1,207.5800018310547,-0.83,2.55,9.43,0.02,12.55,0,-,8,2.34,34.66,97,2.39,3.14,1333.25,0,70.1,7.52,3.21,21,4.21,3.54,-,-,59.04,0,40.96,651,3.17,10,7.84,13
Thu Apr 02 11:49:05 GMT+03:00 2026,02-apr.-2026 11:49:05.449,1.2811436653137207,2.4000000953674316,70.4,222.02000427246094,-0.31,1.35,9.86,0.03,11.76,0.02,-,8,2.47,34.66,97,2.39,2.75,1002.25,0,70.4,6.14,3.21,21,3.77,2.64,-,-,59.24,0,40.76,653,4.61,10,7.06,7.5
Thu Apr 02 11:49:06 GMT+03:00 2026,02-apr.-2026 11:49:07.149,1.3907794952392578,2.5,70.6,225.66000366210938,-0.69,2.36,9.46,0.02,11.76,0,-,8,2.48,34.66,97,-,2.35,866.75,0,70.6,1.61,-,21,4.06,2.36,-,-,59.1,0,40.9,655,5.01,3,6.67,6.5
Thu Apr 02 11:49:08 GMT+03:00 2026,02-apr.-2026 11:49:08.849,1.4726202487945557,2.5,70.6,237.4600067138672,-0.69,2.27,9.53,0.02,11.76,0,-,8,2.44,34.66,98,-,2.75,813.5,0,70.6,0,-,21,4.5,2.57,-,-,58.82,0,41.18,656,5.3,0,6.67,5
Thu Apr 02 11:49:10 GMT+03:00 2026,02-apr.-2026 11:49:10.568,0.0,2.4000000953674316,71.4,233.80999755859375,-0.7,2.43,9.39,0.01,11.76,0,-,8,2.4,34.66,98,-,2.75,791.75,0,71.4,5.05,-,21,4.5,2.45,-,-,58.53,0,41.47,658,0,0,6.67,4.5
Thu Apr 02 11:49:12 GMT+03:00 2026,02-apr.-2026 11:49:12.328,0.0,1.7000000476837158,71.4,233.80999755859375,-0.75,2.48,9.4,0.01,11.76,0,-,8,2.36,34.66,98,-,2.75,788.25,0,71.4,0,-,21,4.64,2.52,-,-,58.24,0,41.76,660,0,0,6.67,4.5
Thu Apr 02 11:49:14 GMT+03:00 2026,02-apr.-2026 11:49:14.166,0.0,1.7000000476837158,71.80000000000001,233.80999755859375,-0.73,2.48,9.42,0.01,11.37,0,-,8,2.32,34.66,98,-,2.75,786.25,0,71.8,0,-,21,4.64,2.48,-,-,57.94,0,42.06,662,0,0,6.67,7.5
Thu Apr 02 11:49:15 GMT+03:00 2026,02-apr.-2026 11:49:15.955,0.0,1.600000023841858,71.9,233.80999755859375,-0.68,2.45,9.44,0.01,11.37,0,-,8,2.29,34.66,98,-,2.35,795,0,71.9,0,-,22,4.64,2.53,-,-,57.65,0,42.35,664,0,0,6.27,4.5
Thu Apr 02 11:49:17 GMT+03:00 2026,02-apr.-2026 11:49:17.597,0.0,1.600000023841858,71.9,233.80999755859375,-0.76,2.48,9.38,0.01,11.37,0,-,8,2.25,34.66,98,-,2.75,783,0,71.9,0,-,22,4.64,2.46,-,-,57.39,0,42.61,665,0,0,6.27,4.5
Thu Apr 02 11:49:19 GMT+03:00 2026,02-apr.-2026 11:49:19.346,0.0,1.600000023841858,71.9,233.80999755859375,-0.75,2.64,9.5,0.03,22.75,0,-,8,2.22,34.66,98,-,2.75,787.75,0,71.9,0,-,22,4.64,2.48,-,-,57.11,0,42.89,667,0,0,6.27,2.5
Thu Apr 02 11:49:21 GMT+03:00 2026,02-apr.-2026 11:49:21.159,0.0,1.7999999523162842,71.9,233.80999755859375,-0.5,2.3,9.82,0.05,13.33,0.02,-,8,2.18,34.66,98,-,5.1,1399.5,0.01,71.9,0,-,22,7.54,7.35,-,-,56.83,0,43.17,669,0,0,9.02,0.5
Thu Apr 02 11:49:22 GMT+03:00 2026,02-apr.-2026 11:49:22.960,0.22750721871852875,1.899999976158142,72.30000000000001,218.8000030517578,-1.08,3.36,9.13,0.02,22.75,0,-,8,2.18,34.66,98,0.24,9.41,1035.5,0,72.3,2,0.32,22,4.06,2.8,-,-,56.55,0,43.45,671,0.82,2,11.37,5
Thu Apr 02 11:49:24 GMT+03:00 2026,02-apr.-2026 11:49:24.729,0.3628791570663452,2.0,72.7,229.08999633789062,-0.56,2.58,9.24,-0,18.82,-0.01,-,8,2.25,34.66,98,2.14,7.06,942.75,0.01,72.7,5.97,2.87,22,9.14,6.43,-,-,56.61,0,43.39,672,1.31,7,17.65,11.5
Thu Apr 02 11:49:26 GMT+03:00 2026,02-apr.-2026 11:49:26.505,0.7411999702453613,2.200000047683716,73.2,228.47000122070312,-1.27,2.26,9.37,0.01,12.94,0.04,-,8,2.36,34.66,98,1.81,7.84,1315.5,0.01,73.2,8.14,2.43,22,7.25,5.68,-,-,56.82,0,43.18,674,2.67,10,10.98,17.5
Thu Apr 02 11:49:28 GMT+03:00 2026,02-apr.-2026 11:49:28.258,1.2533485889434814,2.4000000953674316,73.6,223.72999572753906,-1.2,2.21,9.25,-0,12.16,0,-,8,2.49,34.66,98,0.66,2.75,1208,0,73.6,7.47,0.88,22,3.34,2.8,-,-,57.02,0,42.98,676,4.51,11,7.45,16
Thu Apr 02 11:49:29 GMT+03:00 2026,02-apr.-2026 11:49:30.026,1.5323280096054077,2.4000000953674316,73.7,221.9199981689453,-0.38,2.2,9.43,0.01,11.76,-0.01,-,8,2.61,34.66,98,0.66,2.35,932,0,73.7,6.49,0.88,22,3.77,2.46,-,-,57.23,0,42.77,678,5.52,11,6.67,9
Thu Apr 02 11:49:31 GMT+03:00 2026,02-apr.-2026 11:49:31.707,1.9796216487884521,2.4000000953674316,74.1,227.3300018310547,-0.66,2.31,9.43,0.01,11.76,0,-,8,2.68,34.66,98,-,2.35,850.75,0,74.1,1.62,-,22,4.21,2.42,-,-,57.42,0,42.58,679,7.13,8,6.67,4.5
Thu Apr 02 11:49:33 GMT+03:00 2026,02-apr.-2026 11:49:33.487,2.3219120502471924,2.299999952316284,74.80000000000001,229.52000427246094,-0.66,1.98,9.52,0.01,11.37,0,-,8,2.74,34.66,98,-,2.35,817,0,74.8,0.81,-,22,4.35,2.47,-,-,57.62,0,42.38,681,8.36,7,6.67,8
Thu Apr 02 11:49:35 GMT+03:00 2026,02-apr.-2026 11:49:35.269,2.4418423175811768,2.4000000953674316,76.1,230.94000244140625,-0.71,2.47,9.39,0.01,11.76,0,-,8,2.78,34.66,98,-,2.35,775,0,76.1,2.75,-,22,4.5,2.36,-,-,57.82,0,42.18,683,8.79,6,6.67,8
Thu Apr 02 11:49:36 GMT+03:00 2026,02-apr.-2026 11:49:37.057,0.0,2.4000000953674316,76.5,230.94000244140625,-0.69,2.07,9.56,0.02,11.37,0,-,8,2.81,34.66,99,-,2.35,793.25,0,76.5,3.79,-,22,4.5,2.46,-,-,57.68,0,42.32,685,0,5,6.27,7
Thu Apr 02 11:49:38 GMT+03:00 2026,02-apr.-2026 11:49:38.798,2.0367558002471924,2.4000000953674316,77.4,229.9600067138672,-0.64,2.09,9.55,0.02,11.37,-0.01,-,8,2.82,34.66,99,-,2.35,786.5,0,77.4,3,-,22,4.5,2.42,-,-,57.41,0,42.59,686,7.33,3,6.27,5
Thu Apr 02 11:49:40 GMT+03:00 2026,02-apr.-2026 11:49:40.716,1.5570347309112549,2.299999952316284,77.6,148.41000366210938,0.55,5.66,8.97,0.1,11.37,0.08,-,8,2.78,34.66,99,-,2.35,796.5,0,77.6,6.58,-,22,4.5,2.4,-,-,57.13,0,42.87,688,5.61,0,6.27,8
Thu Apr 02 11:49:42 GMT+03:00 2026,02-apr.-2026 11:49:42.383,1.0953289270401,2.0999999046325684,76.5,162.14999389648438,-0.19,7.81,6.09,0.03,11.37,-0.01,-,8,2.74,34.66,99,-,2.35,795,0,76.5,4.76,-,23,4.5,2.43,-,-,56.88,0,43.12,690,3.94,0,6.27,8
Thu Apr 02 11:49:43 GMT+03:00 2026,02-apr.-2026 11:49:44.086,0.891498863697052,2.0999999046325684,76.4,182.63999938964844,0.01,7.19,6.72,0.02,11.37,0,-,8,2.71,34.66,99,-,2.35,781,0,76.4,3.94,-,23,4.5,2.36,-,-,56.63,0,43.37,692,3.21,0,6.27,5
Thu Apr 02 11:49:46 GMT+03:00 2026,02-apr.-2026 11:49:46.403,0.0,2.0,75.80000000000001,32.31999969482422,0.11,7.21,6.61,0.02,11.76,0,-,8,2.67,34.66,99,-,2.35,788.25,0,75.8,2.54,-,23,4.5,2.37,-,-,56.29,0,43.71,694,0,0,6.67,8
Thu Apr 02 11:49:49 GMT+03:00 2026,02-apr.-2026 11:49:49.230,0.0,2.0,74.9,56.400001525878906,0.03,7.28,6.63,0.02,11.37,0,-,8,2.64,34.66,100,-,2.35,787.25,0,74.9,0,-,23,4.5,2.36,-,-,55.89,0,44.11,697,0,0,6.27,8
Thu Apr 02 11:49:51 GMT+03:00 2026,02-apr.-2026 11:49:51.747,0.0,2.0,74.9,56.400001525878906,0.05,7.23,6.59,0.02,11.37,0,-,8,2.61,34.66,100,-,2.35,781.25,0,74.9,0,-,23,4.5,2.35,-,-,55.53,0,44.47,699,0,0,6.67,5.5
Thu Apr 02 11:49:54 GMT+03:00 2026,02-apr.-2026 11:49:54.300,0.0,1.899999976158142,74.9,56.400001525878906,0.26,7.27,6.94,0.04,11.76,-0.03,-,8,2.58,34.66,100,-,2.35,784,0,74.9,0,-,23,4.5,2.32,-,-,55.17,0,44.83,702,0,0,6.27,8
Thu Apr 02 11:49:56 GMT+03:00 2026,02-apr.-2026 11:49:57.076,0.0,2.0,74.9,56.400001525878906,-0.38,6.78,6.86,0,15.29,-0.01,-,8,2.55,34.66,100,-,3.53,811.25,0,74.9,0,-,23,4.64,2.53,-,-,54.79,0,45.21,705,0,0,24.71,11.5
Thu Apr 02 11:49:58 GMT+03:00 2026,02-apr.-2026 11:49:59.098,0.22081583738327026,2.0,74.6,224.61000061035156,2.79,8.79,1.98,-0.02,20,0.05,-,8,2.55,34.66,100,-,9.02,1114.5,0.01,74.6,3,-,23,7.83,6.09,-,-,54.51,0,45.49,707,0.79,3,23.14,16
Thu Apr 02 11:50:00 GMT+03:00 2026,02-apr.-2026 11:50:00.828,0.5528116822242737,2.0999999046325684,75.1,243.75999450683594,-0.54,2.33,9.45,0.01,12.94,-0.02,-,8,2.64,34.66,100,4.07,6.67,1222.5,0.01,75.1,8.69,5.45,23,7.54,6.43,-,-,54.58,0,45.42,708,1.99,10,10.98,17.5
Thu Apr 02 11:50:02 GMT+03:00 2026,02-apr.-2026 11:50:02.582,1.0592982769012451,2.200000047683716,75.5,231.3000030517578,-0.49,2.25,9.75,0.04,12.16,0,-,8,2.72,34.66,100,4.07,2.75,1211,0,75.5,7.1,5.45,23,3.34,2.8,-,-,54.78,0,45.22,710,3.81,10,7.84,16
Thu Apr 02 11:50:04 GMT+03:00 2026,02-apr.-2026 11:50:04.378,1.5580642223358154,2.299999952316284,75.7,231.91000366210938,-0.39,2.19,9.42,0.01,11.76,0,-,8,2.78,34.66,100,-,2.35,941.5,0,75.7,3.27,-,23,3.77,2.42,-,-,54.98,0,45.02,712,5.61,8,6.67,10.5
Thu Apr 02 11:50:05 GMT+03:00 2026,02-apr.-2026 11:50:06.051,1.7783652544021606,2.299999952316284,76.6,231.52000427246094,-0.46,2.28,9.44,0.01,11.76,0,-,8,2.84,34.66,100,-,2.35,814.25,0,76.6,2.39,-,23,4.21,2.35,-,-,55.16,0,44.84,714,6.4,8,6.27,5
Thu Apr 02 11:50:07 GMT+03:00 2026,02-apr.-2026 11:50:07.888,2.1644070148468018,2.4000000953674316,77.30000000000001,231.0399932861328,-0.22,2.28,9.46,0.01,11.37,0,-,8,2.9,34.66,100,-,2.35,802,0,77.3,0.8,-,23,4.21,2.33,-,-,55.36,0,44.64,716,7.79,8,6.27,8
Thu Apr 02 11:50:09 GMT+03:00 2026,02-apr.-2026 11:50:09.651,2.3342652320861816,2.299999952316284,79.0,229.30999755859375,-0.51,1.29,9.61,0.01,11.37,-0.02,-,8,2.95,34.66,100,-,2.35,783.75,0,79,1.23,-,23,4.35,2.34,-,-,55.56,0,44.44,717,8.4,7,6.27,8
Thu Apr 02 11:50:11 GMT+03:00 2026,02-apr.-2026 11:50:11.352,2.137641429901123,2.299999952316284,81.2,226.6300048828125,-0.44,1.82,9.59,0.01,11.76,0,-,8,2.95,34.66,101,-,2.35,773.75,0,81.2,5.28,-,23,4.5,2.33,-,-,55.46,0,44.54,719,7.7,3,6.27,9.5
Thu Apr 02 11:50:13 GMT+03:00 2026,02-apr.-2026 11:50:13.167,0.0,2.200000047683716,82.4,228.92999267578125,-0.39,1.93,9.59,0.02,11.76,0,-,8,2.92,34.66,101,-,2.35,783.75,0,82.4,6.7,-,23,4.64,2.42,-,-,55.21,0,44.79,721,0,1,6.67,8
Thu Apr 02 11:50:14 GMT+03:00 2026,02-apr.-2026 11:50:15.026,0.0,1.7999999523162842,82.4,228.92999267578125,-0.39,2.23,9.49,0.01,11.76,0,-,8,2.89,34.66,101,-,2.35,786.5,0,82.4,0,-,23,4.5,2.4,-,-,54.97,0,45.03,723,0,0,6.67,5
Thu Apr 02 11:50:16 GMT+03:00 2026,02-apr.-2026 11:50:16.814,0.0,1.600000023841858,82.9,228.92999267578125,-0.33,2.2,9.45,0.01,16.08,0,-,8,2.86,34.66,101,-,2.35,790,0,82.9,0,-,23,4.5,2.39,-,-,54.73,0,45.27,724,0,0,6.27,4.5
Thu Apr 02 11:50:18 GMT+03:00 2026,02-apr.-2026 11:50:18.459,0.0,1.7000000476837158,83.0,228.92999267578125,-0.32,2.24,9.52,0.02,15.69,0,-,8,2.83,34.66,101,-,8.24,1506.25,0.01,83,0,-,23,7.69,7.72,-,-,54.52,0,45.48,726,0,0,11.76,-11
Thu Apr 02 11:50:20 GMT+03:00 2026,02-apr.-2026 11:50:20.232,0.40199804306030273,1.899999976158142,83.1,249.25,-0.45,2.27,9.49,0.01,13.73,-0.01,-,8,2.81,34.66,101,0.06,8.24,1349,0.01,83.1,1,0.08,23,5.37,5.92,-,-,54.29,0,45.71,728,1.45,1,10.98,22
Thu Apr 02 11:50:21 GMT+03:00 2026,02-apr.-2026 11:50:22.052,0.38604167103767395,2.0,83.2,242.52000427246094,-0.44,1.9,9.56,0.01,12.55,0,-,8,2.82,34.66,101,0.36,2.75,1084.25,0,83.2,1.55,0.48,23,4.06,2.93,-,-,54.06,0,45.94,730,1.39,3,8.24,9
Thu Apr 02 11:50:23 GMT+03:00 2026,02-apr.-2026 11:50:23.700,0.4328813850879669,2.0999999046325684,83.4,225.61000061035156,-0.4,2.13,9.43,0.01,12.16,0,-,8,2.81,34.66,101,0.36,2.35,918.25,0,83.4,0.49,0.48,23,4.06,2.45,-,-,53.85,0,46.15,731,1.56,2,7.06,6.5
Thu Apr 02 11:50:25 GMT+03:00 2026,02-apr.-2026 11:50:25.465,0.0,2.200000047683716,83.6,211.22999572753906,-0.4,2.09,9.45,0.01,11.76,-0.01,-,8,2.78,34.66,101,-,2.35,817.25,0,83.6,1.63,-,23,4.21,2.34,-,-,53.63,0,46.37,733,0,0,6.67,6
Thu Apr 02 11:50:27 GMT+03:00 2026,02-apr.-2026 11:50:27.287,0.0,1.7000000476837158,83.6,211.22999572753906,-0.38,2.24,9.49,0.01,11.76,-0.01,-,8,2.75,34.66,101,-,2.35,800.25,0,83.6,0,-,23,4.35,2.37,-,-,53.4,0,46.6,735,0,0,7.06,8
Thu Apr 02 11:50:28 GMT+03:00 2026,02-apr.-2026 11:50:29.011,0.0,1.600000023841858,83.7,211.22999572753906,-0.44,2.3,9.45,0.01,11.76,0,-,8,2.73,34.66,101,-,2.35,777.25,0,83.7,0,-,23,4.5,2.33,-,-,53.19,0,46.81,737,0,0,6.67,9.5
Thu Apr 02 11:50:30 GMT+03:00 2026,02-apr.-2026 11:50:30.644,0.0,1.600000023841858,83.7,211.22999572753906,-0.41,2.37,9.45,0.01,11.76,-0.01,-,8,2.7,34.66,101,-,2.35,787.25,0,83.7,0,-,23,4.64,2.46,-,-,52.99,0,47.01,738,0,0,6.67,5
Thu Apr 02 11:50:32 GMT+03:00 2026,02-apr.-2026 11:50:32.499,0.0,1.600000023841858,83.7,211.22999572753906,-0.35,3.48,8.97,0,22.75,0,-,8,2.67,34.66,101,-,7.06,845,0,83.7,0,-,23,4.5,2.44,-,-,52.76,0,47.24,740,0,0,21.18,12.5
Thu Apr 02 11:50:34 GMT+03:00 2026,02-apr.-2026 11:50:34.270,0.0,1.899999976158142,83.7,211.22999572753906,0.03,2.47,9.2,-0.01,14.51,0,-,8,2.7,34.66,101,2.12,9.41,804.75,0.01,83.7,6,2.85,23,9.86,6.18,-,-,52.8,0,47.2,742,0,6,21.18,11.5
Thu Apr 02 11:50:35 GMT+03:00 2026,02-apr.-2026 11:50:36.102,0.6655358076095581,2.0999999046325684,83.7,227.80999755859375,-0.03,2.92,9.45,0.03,23.92,0.02,-,8,2.77,34.66,101,2.4,3.14,1275,0,83.7,10,3.21,23,3.92,3.3,-,-,53,0,47,744,2.4,10,8.63,12.5
Thu Apr 02 11:50:37 GMT+03:00 2026,02-apr.-2026 11:50:37.910,1.2168033123016357,2.4000000953674316,83.80000000000001,231.36000061035156,-0.57,2.1,9.46,0.01,13.73,0,-,8,2.86,34.66,101,1.43,9.8,1362,0.01,83.8,8.68,1.92,23,11.31,9.69,-,-,53.19,0,46.81,746,4.38,12,12.16,17
Thu Apr 02 11:50:39 GMT+03:00 2026,02-apr.-2026 11:50:39.667,1.9199138879776,2.5,83.9,228.91000366210938,-0.48,0.73,9.95,0.04,12.94,0,-,8,2.96,34.66,101,1.72,3.14,1096.25,0,83.9,8.32,2.31,23,4.06,3.07,-,-,53.37,0,46.63,747,6.91,14,8.63,5.5
Thu Apr 02 11:50:41 GMT+03:00 2026,02-apr.-2026 11:50:41.370,2.4042675495147705,2.799999952316284,84.0,225.22000122070312,-0.27,3.2,9.41,0.03,16.08,0.01,-,8,2.99,34.66,101,1.72,2.75,932,0,84,1.97,2.31,23,4.21,2.63,-,-,53.55,0,46.45,749,8.66,6,7.45,5.5
Thu Apr 02 11:50:42 GMT+03:00 2026,02-apr.-2026 11:50:43.114,2.4907407760620117,2.799999952316284,83.7,225.9499969482422,-0.66,2.42,9.42,0.01,13.33,-0.01,-,8,2.99,34.66,101,-,3.92,1716,0.01,83.7,5.66,-,23,12.47,9.87,-,-,53.46,0,46.54,751,8.97,3,10.98,22.5
Thu Apr 02 11:50:44 GMT+03:00 2026,02-apr.-2026 11:50:44.953,2.3574278354644775,2.4000000953674316,83.2,231.74000549316406,-0.64,2.37,9.47,0.02,12.16,0,-,8,2.96,34.66,101,-,2.75,955.25,0,83.2,8.91,-,23,4.06,2.64,-,-,53.24,0,46.76,753,8.49,0,7.84,11.5
Thu Apr 02 11:50:46 GMT+03:00 2026,02-apr.-2026 11:50:46.752,1.884398102760315,2.4000000953674316,83.0,218.14999389648438,0.6,3.21,9.41,0.03,29.41,0.03,-,8,2.94,34.66,101,-,17.25,1717.75,0.02,83,7.74,-,23,13.34,14.62,-,-,53.03,0,46.97,754,6.78,0,31.37,15
Thu Apr 02 11:50:48 GMT+03:00 2026,02-apr.-2026 11:50:48.531,1.6898330450057983,2.299999952316284,82.2,294.6199951171875,-0.33,1.97,9.18,-0.02,20.78,0,-,8,3.05,34.66,101,15.12,22.35,1832.75,0.02,82.2,9.99,20.28,23,11.46,15.14,-,-,53.09,0,46.91,756,6.08,16,36.86,11
Thu Apr 02 11:50:50 GMT+03:00 2026,02-apr.-2026 11:50:50.348,4.736988544464111,2.5999999046325684,80.7,299.3500061035156,-1.56,3.95,8.86,0.02,37.65,0.01,-,8,3.22,34.66,101,7.84,23.92,2034.5,0.01,80.7,15.66,10.51,23,3.63,8.05,-,-,53.27,0,46.73,758,17.05,22,46.67,3
Thu Apr 02 11:50:52 GMT+03:00 2026,02-apr.-2026 11:50:52.155,8.927857398986816,2.700000047683716,78.4,288.57000732421875,-1.15,2.32,9.84,0.06,16.08,-0.07,-,8,3.49,34.52,101,23.97,23.53,2450.75,0.04,78.4,16.95,32.14,23,13.63,27.41,-,-,53.46,0,46.54,760,32.14,34,17.65,23.5
Thu Apr 02 11:50:53 GMT+03:00 2026,02-apr.-2026 11:50:53.890,9.963993072509766,2.5999999046325684,77.1,285.32000732421875,-0.94,1.88,9.57,0.02,12.94,0,-,8,3.76,34.52,101,2.23,3.14,1350,0,77.1,2.86,2.99,23,3.05,3.24,-,-,53.64,0,46.36,762,35.87,35,9.02,14.5
Thu Apr 02 11:50:55 GMT+03:00 2026,02-apr.-2026 11:50:55.606,9.202718734741211,2.4000000953674316,75.1,282.19000244140625,-0.89,0.38,9.5,-0.01,12.16,-0.02,-,8,4.02,34.52,101,2.23,2.75,975.75,0,75.1,1.49,2.99,23,3.77,2.71,-,-,53.81,0,46.19,763,33.13,34,7.45,9
Thu Apr 02 11:50:57 GMT+03:00 2026,02-apr.-2026 11:50:57.285,5.9388651847839355,2.5,71.5,285.29998779296875,-0.78,0.49,9.66,0.01,12.16,0,-,8,4.19,34.52,101,-,2.75,859.75,0,71.5,2.29,-,23,4.21,2.55,-,-,53.98,0,46.02,765,21.38,25,7.45,4.5
Thu Apr 02 11:50:58 GMT+03:00 2026,02-apr.-2026 11:50:59.069,4.324696063995361,2.5,69.4,283.7900085449219,-0.81,1.41,9.42,-0.01,11.76,-0.02,-,8,4.27,34.52,101,-,2.75,828.5,0,69.4,8.38,-,23,4.35,2.58,-,-,54.16,0,45.84,767,15.57,13,7.06,9.5
Thu Apr 02 11:51:00 GMT+03:00 2026,02-apr.-2026 11:51:00.926,0.0,2.4000000953674316,67.3,284.45001220703125,-0.81,2.14,9.47,0.01,11.76,0,-,8,4.25,34.52,101,-,2.75,785.5,0,67.3,6.74,-,23,4.64,2.53,-,-,54.07,0,45.93,769,0,2,6.67,7
Thu Apr 02 11:51:02 GMT+03:00 2026,02-apr.-2026 11:51:02.790,0.0,2.299999952316284,65.7,284.45001220703125,-0.97,2.25,9.58,0.03,29.8,-0.01,-,8,4.22,34.52,101,-,2.75,786.5,0,65.7,1,-,23,4.64,2.53,-,-,53.85,0,46.15,770,0,1,6.67,7
Thu Apr 02 11:51:04 GMT+03:00 2026,02-apr.-2026 11:51:04.528,0.0,2.299999952316284,65.7,284.45001220703125,-0.72,3.27,9.12,0.01,28.24,0,-,8,4.2,34.52,101,0.12,10.98,2170,0.02,65.7,2,0.16,23,10.3,13.71,-,-,53.65,0,46.35,772,0,2,28.63,20
Thu Apr 02 11:51:06 GMT+03:00 2026,02-apr.-2026 11:51:06.175,4.596469402313232,2.299999952316284,63.900000000000006,277.5799865722656,-0.88,3.9,8.92,0.02,32.55,0.02,-,8,4.28,34.52,101,10.74,12.94,1709.75,0.02,63.9,14,14.4,23,10.01,11.26,-,-,53.68,0,46.32,774,16.55,14,36.47,7
Thu Apr 02 11:51:07 GMT+03:00 2026,02-apr.-2026 11:51:07.950,6.095855236053467,2.299999952316284,64.6,278.7900085449219,-0.58,3.68,9.23,0.03,30.2,-0.04,-,8,4.45,34.52,101,17.41,31.37,3081.25,0.03,64.6,8.45,23.35,22,10.44,24.49,-,-,53.85,0,46.15,776,21.95,25,22.75,21
Thu Apr 02 11:51:09 GMT+03:00 2026,02-apr.-2026 11:51:09.750,8.245849609375,2.5,64.9,276.44000244140625,-1.22,3.95,9.36,0.06,38.04,0,-,8,4.66,34.52,101,9.44,12.16,2130.5,0.01,64.9,3.62,12.66,22,7.83,9.73,-,-,54.03,0,45.97,777,29.69,30,40.78,7
Thu Apr 02 11:51:11 GMT+03:00 2026,02-apr.-2026 11:51:11.426,10.617690086364746,2.799999952316284,64.4,274.57000732421875,-0.5,0.65,8.62,-0.1,17.25,-0.38,-,8,4.93,34.52,101,21.12,17.65,2759.25,0.04,64.4,5.09,28.33,22,12.33,29.64,-,-,54.19,0,45.81,779,38.22,39,21.18,21.5
Thu Apr 02 11:51:13 GMT+03:00 2026,02-apr.-2026 11:51:13.189,10.435993194580078,2.700000047683716,64.4,270.3500061035156,-1.28,1.33,9.77,0.03,13.33,0.01,-,8,5.18,34.52,101,21.12,3.14,1420.75,0,64.4,1.22,28.33,22,3.19,3.48,-,-,54.36,0,45.64,781,37.57,37,8.63,10.5
Thu Apr 02 11:51:14 GMT+03:00 2026,02-apr.-2026 11:51:14.909,9.362796783447266,2.5999999046325684,66.7,270.80999755859375,-0.94,1.91,9.6,0.02,12.16,-0.07,-,8,5.41,34.52,101,-,2.75,982.5,0,66.7,3.57,-,22,4.06,2.76,-,-,54.53,0,45.47,783,33.71,34,7.45,5.5
Thu Apr 02 11:51:16 GMT+03:00 2026,02-apr.-2026 11:51:16.764,8.027092933654785,2.5,65.9,269.6199951171875,-1,1.61,9.77,0.03,12.16,-0.04,-,8,5.59,34.52,101,-,2.75,859.5,0,65.9,1.48,-,22,4.35,2.62,-,-,54.7,0,45.3,784,28.9,29,7.45,8.5
Thu Apr 02 11:51:18 GMT+03:00 2026,02-apr.-2026 11:51:18.589,7.775908470153809,2.5999999046325684,68.6,269.1700134277344,-0.7,1.63,8.09,-0.14,11.76,-0.03,-,8,5.75,34.52,101,-,2.75,827.5,0,68.6,0.34,-,22,4.5,2.64,-,-,54.87,0,45.13,786,27.99,27,7.06,8
Thu Apr 02 11:51:20 GMT+03:00 2026,02-apr.-2026 11:51:20.350,6.970882892608643,2.5,71.9,268.54998779296875,-0.34,2.58,9.39,0.01,25.49,-0.01,-,8,5.91,34.52,101,-,2.75,821.25,0,71.9,0.97,-,22,4.64,2.64,-,-,55.04,0,44.96,788,25.1,26,25.49,3
Thu Apr 02 11:51:21 GMT+03:00 2026,02-apr.-2026 11:51:22.131,7.262215614318848,2.4000000953674316,76.4,270.55999755859375,-0.55,2.05,9.44,0.01,13.73,0,-,8,6.07,34.52,101,1.64,9.41,1953,0.01,76.4,1.9,2.2,22,7.25,9.55,-,-,55.2,0,44.8,790,26.14,27,11.37,22.5
Thu Apr 02 11:51:23 GMT+03:00 2026,02-apr.-2026 11:51:23.941,7.005884170532227,2.299999952316284,76.9,267.3999938964844,-0.41,1.32,9.03,-0.05,16.08,0,-,8,6.21,34.52,101,1.64,4.71,1902.5,0.01,76.9,1.26,2.2,22,2.76,3.9,-,-,55.37,0,44.63,792,25.22,25,19.61,5.5
Thu Apr 02 11:51:25 GMT+03:00 2026,02-apr.-2026 11:51:25.734,6.070633888244629,2.200000047683716,80.1,270.1400146484375,-0.45,2.09,9.6,0.02,23.92,0,-,8,6.34,34.52,101,-,3.14,1773,0,80.1,1.88,-,22,3.05,3.33,-,-,55.53,0,44.47,793,21.85,23,12.16,27
Thu Apr 02 11:51:27 GMT+03:00 2026,02-apr.-2026 11:51:27.534,6.433513164520264,2.5,81.0,272.8800048828125,-0.51,3.43,9.18,0.02,27.45,0,-,8,6.58,34.52,101,-,9.8,1710.5,0.01,81,0.49,-,22,6.67,7.55,-,-,55.7,0,44.3,795,23.16,23,25.88,18.5
Thu Apr 02 11:51:29 GMT+03:00 2026,02-apr.-2026 11:51:29.321,7.774364471435547,2.4000000953674316,79.9,272.17999267578125,-0.61,3.3,9.24,0.03,29.41,0,-,8,6.73,34.52,101,6.35,13.73,1937.75,0.02,79.9,1.62,8.52,22,9.28,12.26,-,-,55.86,0,44.14,797,27.99,27,29.02,20
Thu Apr 02 11:51:30 GMT+03:00 2026,02-apr.-2026 11:51:31.107,8.826457023620605,2.5999999046325684,80.1,268.69000244140625,-0.66,2.88,8.98,-0.02,31.37,-0.01,-,8,6.91,34.52,100,9.61,20,2304.5,0.02,80.1,4.01,12.88,21,10.44,17.32,-,-,56.02,0,43.98,799,31.78,32,32.94,17
Thu Apr 02 11:51:32 GMT+03:00 2026,02-apr.-2026 11:51:32.880,9.65567398071289,2.700000047683716,80.1,264.95001220703125,-0.8,0.79,9.82,0.03,14.9,0.01,-,8,7.12,34.52,100,8.88,4.71,2226.75,0.01,80.1,1.72,11.91,21,4.21,6.13,-,-,56.17,0,43.83,801,34.76,36,9.8,26
Thu Apr 02 11:51:34 GMT+03:00 2026,02-apr.-2026 11:51:34.546,7.950399398803711,2.5999999046325684,80.4,260.9100036621094,-0.27,3.3,9.32,0.03,12.55,-0.14,-,8,7.29,34.52,100,8.88,2.75,1093.75,0,80.4,1.91,11.91,21,3.92,2.94,-,-,56.32,0,43.68,802,28.62,30,7.84,6
Thu Apr 02 11:51:36 GMT+03:00 2026,02-apr.-2026 11:51:36.212,6.945661544799805,2.700000047683716,80.9,262.6099853515625,-0.6,0.48,9.44,-0.02,12.16,0.21,-,8,7.43,34.52,100,-,2.75,907,0,80.9,0.28,-,21,4.21,2.63,-,-,56.47,0,43.53,804,25,27,7.45,4.5
Thu Apr 02 11:51:37 GMT+03:00 2026,02-apr.-2026 11:51:37.963,5.508557319641113,2.700000047683716,84.6,259.2099914550781,-0.51,2.26,9.46,0.01,11.76,0,-,8,7.51,34.52,100,-,2.75,837.5,0,84.6,6,-,21,4.35,2.54,-,-,56.62,0,43.38,806,19.83,19,6.67,8
Thu Apr 02 11:51:39 GMT+03:00 2026,02-apr.-2026 11:51:39.756,3.997332811355591,2.5999999046325684,89.7,264.25,-0.37,2.13,9.46,0.01,14.12,-0.01,-,8,7.56,34.52,100,-,2.75,823,0,89.7,1.32,-,21,4.35,2.54,-,-,56.77,0,43.23,807,14.39,15,20.39,7
Thu Apr 02 11:51:41 GMT+03:00 2026,02-apr.-2026 11:51:41.476,3.1109812259674072,2.5,88.2,270.29998779296875,-0.32,1.4,9.52,0,12.94,0,-,8,7.6,34.52,100,-,2.75,1339.25,0,88.2,0.73,-,21,3.34,3.41,-,-,56.92,0,43.08,809,11.2,13,9.02,17
Thu Apr 02 11:51:43 GMT+03:00 2026,02-apr.-2026 11:51:43.279,1.2533485889434814,2.4000000953674316,84.7,275.8299865722656,-0.49,1.44,9.7,0.02,12.16,0,-,8,7.6,34.52,100,-,2.75,960.75,0,84.7,0.43,-,21,4.06,2.68,-,-,57.08,0,42.92,811,4.51,8,7.45,7.5
Thu Apr 02 11:51:44 GMT+03:00 2026,02-apr.-2026 11:51:45.051,0.0,2.299999952316284,84.9,275.8299865722656,-0.49,2.58,9.53,0.03,30.2,-0.02,-,8,7.55,34.52,99,-,2.75,852.5,0,84.9,3.51,-,21,4.21,2.56,-,-,56.98,0,43.02,813,0,1,7.06,1.5
Thu Apr 02 11:51:46 GMT+03:00 2026,02-apr.-2026 11:51:46.772,0.0,2.200000047683716,84.80000000000001,275.8299865722656,-0.65,4.41,8.95,0.02,27.45,0.01,-,8,7.52,34.52,99,0.12,9.41,2120.75,0.02,84.8,2,0.16,21,8.27,11.56,-,-,56.79,0,43.21,814,0,2,27.45,21
Thu Apr 02 11:51:48 GMT+03:00 2026,02-apr.-2026 11:51:48.505,3.2967958450317383,2.200000047683716,84.5,278.9599914550781,-0.62,2.22,9.02,-0.03,17.25,-0.05,-,8,7.55,34.52,99,9.54,14.12,1609.75,0.02,84.5,13,12.79,21,11.6,12.06,-,-,56.84,0,43.16,816,11.87,13,29.02,15
Thu Apr 02 11:51:50 GMT+03:00 2026,02-apr.-2026 11:51:50.229,5.471497058868408,2.299999952316284,84.30000000000001,260.6300048828125,-3.53,2.73,9.29,0.07,26.27,0.04,-,8,7.62,34.52,99,4.12,12.55,1468.75,0.01,84.3,0.41,5.52,21,3.34,3.9,-,-,56.99,0,43.01,818,19.7,17,26.67,13
Thu Apr 02 11:51:51 GMT+03:00 2026,02-apr.-2026 11:51:51.973,5.709813594818115,2.5,84.4,246.5800018310547,-1.53,-0.16,10.05,0.05,13.33,0.04,-,8,7.71,34.52,99,5.12,4.71,1568.75,0.01,84.4,1.3,6.86,21,8.27,7.29,-,-,57.13,0,42.87,820,20.56,21,9.02,16
Thu Apr 02 11:51:53 GMT+03:00 2026,02-apr.-2026 11:51:53.807,3.167085886001587,2.5,82.4,223.9499969482422,-0.68,2.13,9.48,0.01,12.16,0,-,8,7.72,34.52,99,5.12,2.75,1161.25,0,82.4,8.79,6.86,21,3.48,2.84,-,-,57.28,0,42.72,821,11.4,10,7.84,11.5
Thu Apr 02 11:51:55 GMT+03:00 2026,02-apr.-2026 11:51:55.541,1.1045938730239868,2.4000000953674316,81.6,223.9499969482422,-0.63,3.3,9.24,0.02,23.14,0,-,8,7.69,34.52,99,-,3.14,905.25,0,81.6,1.66,-,21,4.06,2.59,-,-,57.2,0,42.8,823,3.98,3,27.06,-11
Thu Apr 02 11:51:57 GMT+03:00 2026,02-apr.-2026 11:51:57.327,2.0506532192230225,2.4000000953674316,78.6,212.72999572753906,-0.52,3.13,9.31,0.02,21.18,0.02,-,8,7.68,34.52,99,1.13,9.41,1618.25,0.01,78.6,0.21,1.51,21,7.11,8.19,-,-,57.23,0,42.77,825,7.38,6,24.71,17.5
Thu Apr 02 11:51:59 GMT+03:00 2026,02-apr.-2026 11:51:59.180,1.8735889196395874,2.4000000953674316,78.2,211.2100067138672,-0.41,1.42,9.44,-0.01,13.33,-0.01,-,8,7.69,34.52,99,2.22,3.92,1397,0.01,78.2,2.62,2.98,21,6.82,5.63,-,-,57.38,0,42.62,827,6.74,10,8.63,11.5
Thu Apr 02 11:52:00 GMT+03:00 2026,02-apr.-2026 11:52:00.889,0.0,2.4000000953674316,78.0,211.2100067138672,-0.47,3.36,9.27,0.03,30.2,0.01,-,8,7.66,34.52,99,2.22,2.75,973,0,78,3.74,2.98,21,4.21,3.03,-,-,57.3,0,42.7,829,0,3,7.45,8.5
Thu Apr 02 11:52:02 GMT+03:00 2026,02-apr.-2026 11:52:02.660,0.0,2.5,77.7,211.2100067138672,0.23,3.32,9.02,-0,27.45,-0.01,-,8,7.65,34.52,99,1.13,13.33,1909,0.02,77.7,6,1.51,21,10.01,13.39,-,-,57.34,0,42.66,830,0,6,27.45,16.5
Thu Apr 02 11:52:04 GMT+03:00 2026,02-apr.-2026 11:52:04.402,3.288045644760132,2.5,77.0,244.36000061035156,-0.15,2.08,9.54,0.01,16.86,0,-,8,7.71,34.52,100,9.95,18.82,1910,0.02,77,6.24,13.34,21,10.59,15.07,-,-,57.48,0,42.52,832,11.84,16,20,16.5
Thu Apr 02 11:52:05 GMT+03:00 2026,02-apr.-2026 11:52:06.121,4.474995136260986,2.4000000953674316,76.30000000000001,248.08999633789062,-0.53,3.15,8.97,-0.01,27.84,0,-,8,7.78,34.52,100,3.55,13.73,1458,0.01,76.3,7.16,4.76,21,3.77,5.5,-,-,57.62,0,42.38,834,16.11,19,29.02,15
Thu Apr 02 11:52:07 GMT+03:00 2026,02-apr.-2026 11:52:07.860,6.095855236053467,2.5,75.7,247.30999755859375,-0.85,1.74,9.59,0.02,14.9,0.01,-,8,7.88,34.52,100,7.39,23.14,1758.75,0.02,75.7,5.63,9.92,21,10.01,13.04,-,-,57.75,0,42.25,836,21.95,24,12.16,3.5
Thu Apr 02 11:52:09 GMT+03:00 2026,02-apr.-2026 11:52:09.585,7.242656230926514,2.5,76.2,244.94000244140625,-0.67,2.03,9.77,0.04,12.94,0.01,-,8,7.99,34.52,100,3.25,3.53,1028.5,0,76.2,0.66,4.36,21,3.48,2.88,-,-,57.89,0,42.11,837,26.07,26,9.41,5
Thu Apr 02 11:52:11 GMT+03:00 2026,02-apr.-2026 11:52:11.380,5.789595603942871,2.5,76.0,247.3300018310547,-0.39,3.21,9.29,0.02,26.27,-0.02,-,8,8.07,34.52,100,3.25,3.53,1008.75,0,76,1.08,4.36,21,4.06,2.9,-,-,58.03,0,41.97,839,20.84,21,25.1,9
Thu Apr 02 11:52:13 GMT+03:00 2026,02-apr.-2026 11:52:13.217,7.3028788566589355,2.5,76.80000000000001,245.7100067138672,-0.31,2.68,9.72,0.05,25.49,0.02,-,8,8.17,34.52,101,4.24,17.25,1733.5,0.02,76.8,3.16,5.68,21,10.01,12.74,-,-,58.18,0,41.82,841,26.29,24,31.76,10
Thu Apr 02 11:52:14 GMT+03:00 2026,02-apr.-2026 11:52:15.056,7.967385292053223,2.5,77.9,244.27999877929688,-0.24,2.93,10.18,0.1,26.27,-0.05,-,8,8.3,34.52,101,8.53,11.37,2075,0.01,77.9,2.71,11.44,21,7.25,10.52,-,-,58.32,0,41.68,843,28.68,29,26.27,22
Thu Apr 02 11:52:16 GMT+03:00 2026,02-apr.-2026 11:52:16.882,8.40438461303711,2.4000000953674316,77.1,246.9600067138672,-0.69,3.4,9.85,0.08,29.41,0.03,-,8,8.44,34.52,101,3.61,14.12,2194,0.01,77.1,1.44,4.85,21,6.96,10.67,-,-,58.46,0,41.54,845,30.26,31,29.8,20.5
Thu Apr 02 11:52:18 GMT+03:00 2026,02-apr.-2026 11:52:18.467,9.101318359375,2.4000000953674316,79.2,249.52999877929688,-0.88,2.4,9.15,-0.01,25.49,0,-,8,8.6,34.52,101,8.84,10.59,2483.25,0.03,79.2,3.88,11.86,21,9.43,19.77,-,-,58.58,0,41.42,846,32.76,35,14.12,21.5
Thu Apr 02 11:52:20 GMT+03:00 2026,02-apr.-2026 11:52:20.256,10.057157516479492,2.5999999046325684,79.5,246.10000610351562,-1.37,2.65,9.4,0.02,27.45,0.02,-,8,8.76,34.52,101,8.84,12.94,1699.75,0.01,79.5,0.94,11.86,21,8.85,10.76,-,-,58.72,0,41.28,848,36.21,35,28.24,16
Thu Apr 02 11:52:21 GMT+03:00 2026,02-apr.-2026 11:52:22.116,10.298562049865723,2.700000047683716,79.9,245.57000732421875,-0.66,2.51,9.21,-0.01,25.49,0,-,8,8.93,34.52,101,4.54,10.2,1773.75,0.01,79.9,0.79,6.09,21,7.69,9.56,-,-,58.86,0,41.14,850,37.07,37,25.49,19.5
Thu Apr 02 11:52:23 GMT+03:00 2026,02-apr.-2026 11:52:23.985,10.070540428161621,2.5999999046325684,82.4,248.3800048828125,-0.78,2.57,9.22,-0,24.71,-0.02,-,8,9.1,34.52,101,2.18,8.24,1823.75,0.01,82.4,0.31,2.92,21,7.4,8.59,-,-,59,0,41,852,36.25,38,22.75,21
Thu Apr 02 11:52:25 GMT+03:00 2026,02-apr.-2026 11:52:25.744,10.52658462524414,2.5999999046325684,82.9,246.39999389648438,-0.39,2.47,8.8,-0.05,25.88,0,-,8,9.28,34.52,101,2.32,10.98,1859,0.01,82.9,2.81,3.11,21,7.11,9.2,-,-,59.13,0,40.87,853,37.9,39,26.67,20.5
Thu Apr 02 11:52:27 GMT+03:00 2026,02-apr.-2026 11:52:27.491,11.101529121398926,2.700000047683716,83.1,247.24000549316406,-0.81,2.54,9.08,-0.02,25.88,-0.01,-,8,9.46,34.52,101,2.44,10.2,1922,0.01,83.1,0.52,3.27,21,7.25,9.59,-,-,59.26,0,40.74,855,39.97,40,25.49,21
Thu Apr 02 11:52:29 GMT+03:00 2026,02-apr.-2026 11:52:29.239,11.179766654968262,2.5999999046325684,82.4,248.9199981689453,-0.75,2.64,9.31,0.01,28.24,-0.02,-,8,9.65,34.52,101,5.14,10.59,1974.5,0.01,82.4,2.12,6.9,20,7.25,9.71,-,-,59.39,0,40.61,857,40.25,42,29.41,22
Thu Apr 02 11:52:30 GMT+03:00 2026,02-apr.-2026 11:52:30.898,11.798977851867676,2.5999999046325684,81.2,247.63999938964844,-0.94,1.93,9.6,0.02,13.73,-0.04,-,8,9.85,34.52,101,5.69,12.16,2087.75,0.02,81.2,3.75,7.62,20,9.14,12.76,-,-,59.51,0,40.49,859,42.48,44,11.76,20
Thu Apr 02 11:52:32 GMT+03:00 2026,02-apr.-2026 11:52:32.736,11.77324104309082,2.5999999046325684,80.0,247.42999267578125,-0.48,1.1,9.92,0.04,12.94,-0.09,-,8,10.04,34.52,101,5.69,3.14,1130.75,0,80,0.13,7.62,20,3.92,3.18,-,-,59.65,0,40.35,860,42.38,43,7.84,7.5
Thu Apr 02 11:52:34 GMT+03:00 2026,02-apr.-2026 11:52:34.484,9.721558570861816,2.5,78.1,247.94000244140625,-1.35,0.89,9.71,0.02,12.55,0,-,8,10.2,34.52,100,-,2.75,939.25,0,78.1,2.58,-,20,4.06,2.72,-,-,59.77,0,40.23,862,35,37,7.45,7.5
Thu Apr 02 11:52:36 GMT+03:00 2026,02-apr.-2026 11:52:36.264,6.93897008895874,2.5999999046325684,76.80000000000001,243.25,-1.28,0.49,9.63,0.01,12.16,0,-,8,10.3,34.52,100,-,2.75,842.25,0,76.8,6,-,20,4.35,2.55,-,-,59.9,0,40.1,864,24.98,29,7.06,6.5
Thu Apr 02 11:52:37 GMT+03:00 2026,02-apr.-2026 11:52:37.938,5.266637802124023,2.5999999046325684,77.30000000000001,241.38999938964844,-0.99,1.13,9.81,0.07,11.76,0.01,-,8,10.34,34.52,100,-,2.75,801.75,0,77.3,7.98,-,20,4.64,2.57,-,-,60.02,0,39.98,866,18.96,17,6.67,5.5
Thu Apr 02 11:52:39 GMT+03:00 2026,02-apr.-2026 11:52:39.739,2.4840495586395264,2.5,77.9,231.8699951171875,-0.69,1.17,9.75,0.02,11.76,0,-,8,10.33,34.52,100,-,2.75,771.25,0,77.9,6.71,-,20,4.64,2.47,-,-,60.15,0,39.85,867,8.94,8,6.67,7
Thu Apr 02 11:52:41 GMT+03:00 2026,02-apr.-2026 11:52:41.605,0.0,2.4000000953674316,77.2,222.85000610351562,-0.89,2.31,9.45,0.01,11.76,0,-,8,10.28,34.52,100,-,2.75,777.25,0,77.2,4.54,-,21,4.64,2.54,-,-,60.06,0,39.94,869,0,1,6.67,7
Thu Apr 02 11:52:43 GMT+03:00 2026,02-apr.-2026 11:52:43.304,0.0,2.4000000953674316,77.7,222.85000610351562,-0.88,2.21,9.47,0.01,11.76,0,-,8,10.22,34.52,100,-,2.75,796.25,0,77.7,0,-,21,4.79,2.61,-,-,59.88,0,40.12,871,0,0,6.67,4.5
Thu Apr 02 11:52:44 GMT+03:00 2026,02-apr.-2026 11:52:45.064,0.0,2.299999952316284,77.7,222.85000610351562,-0.84,2.21,9.51,0.02,11.76,0,-,8,10.16,34.52,100,-,2.75,784.75,0,77.7,0,-,21,4.64,2.5,-,-,59.69,0,40.31,873,0,0,6.67,4.5
Thu Apr 02 11:52:46 GMT+03:00 2026,02-apr.-2026 11:52:46.739,0.0,2.299999952316284,77.7,222.85000610351562,-0.79,2.31,9.36,0,11.76,0,-,8,10.1,34.52,100,-,2.75,775.5,0,77.7,0,-,21,4.64,2.51,-,-,59.51,0,40.49,874,0,0,6.67,4.5
Thu Apr 02 11:52:48 GMT+03:00 2026,02-apr.-2026 11:52:48.498,0.0,1.100000023841858,77.7,222.85000610351562,-0.84,2.19,9.46,0.01,11.76,0,-,8,10.05,34.52,99,-,2.75,788,0,77.7,0,-,21,4.64,2.52,-,-,59.33,0,40.67,876,0,0,7.06,4.5
Thu Apr 02 11:52:50 GMT+03:00 2026,02-apr.-2026 11:52:50.252,0.0,1.0,77.7,222.85000610351562,-0.79,2.28,9.49,0.02,11.76,0,-,8,9.99,34.52,99,-,2.35,788,0,77.7,0,-,21,4.64,2.51,-,-,59.15,0,40.85,878,0,0,6.67,4.5
Thu Apr 02 11:52:51 GMT+03:00 2026,02-apr.-2026 11:52:52.050,0.0,1.100000023841858,77.7,222.85000610351562,-0.8,2.32,9.36,0.01,11.76,0,-,8,9.94,34.52,99,-,2.35,796.75,0,77.7,0,-,21,4.64,2.49,-,-,58.96,0,41.04,880,0,0,7.06,7.5
Thu Apr 02 11:52:53 GMT+03:00 2026,02-apr.-2026 11:52:53.903,0.0,1.100000023841858,77.7,222.85000610351562,-0.87,2.29,9.44,0.01,11.76,-0.01,-,8,9.89,34.52,99,-,2.75,796.5,0,77.7,0,-,21,4.64,2.5,-,-,58.77,0,41.23,882,0,0,6.67,4.5
Thu Apr 02 11:52:55 GMT+03:00 2026,02-apr.-2026 11:52:55.579,0.0,1.100000023841858,77.7,222.85000610351562,-0.9,2.29,9.42,0.01,11.76,0,-,8,9.83,34.52,99,-,2.35,786.25,0,77.7,0,-,21,4.5,2.47,-,-,58.6,0,41.4,883,0,0,6.67,4.5
Thu Apr 02 11:52:57 GMT+03:00 2026,02-apr.-2026 11:52:57.372,0.0,1.100000023841858,77.7,222.85000610351562,-0.88,2.19,9.46,0.01,11.76,0,-,8,9.78,34.52,99,-,2.35,792.75,0,77.7,0,-,21,4.64,2.48,-,-,58.42,0,41.58,885,0,0,6.67,4.5
Thu Apr 02 11:52:59 GMT+03:00 2026,02-apr.-2026 11:52:59.180,0.0,1.100000023841858,77.7,222.85000610351562,-0.89,2.21,9.43,0.01,11.76,0,-,8,9.73,34.52,99,-,2.35,794.5,0,77.7,0,-,21,4.64,2.48,-,-,58.24,0,41.76,887,0,0,6.67,4.5
Thu Apr 02 11:53:00 GMT+03:00 2026,02-apr.-2026 11:53:01.001,0.0,1.100000023841858,77.7,222.85000610351562,-0.88,2.24,9.37,0,11.76,0,-,8,9.68,34.52,100,-,2.35,783.5,0,77.7,0,-,21,4.64,2.46,-,-,58.06,0,41.94,889,0,0,6.67,4.5
Thu Apr 02 11:53:02 GMT+03:00 2026,02-apr.-2026 11:53:02.706,0.0,1.100000023841858,77.7,222.85000610351562,-0.85,2.28,9.47,0.02,11.76,-0.01,-,8,9.63,34.52,100,-,2.35,786.5,0,77.7,0,-,21,4.64,2.4,-,-,57.89,0,42.11,890,0,0,6.67,4.5
Thu Apr 02 11:53:04 GMT+03:00 2026,02-apr.-2026 11:53:04.513,0.0,1.100000023841858,77.7,222.85000610351562,-0.8,2.23,9.46,0.01,11.76,0,-,8,9.58,34.52,100,-,2.35,798.5,0,77.7,0,-,21,4.5,2.45,-,-,57.71,0,42.29,892,0,0,6.67,5
Thu Apr 02 11:53:06 GMT+03:00 2026,02-apr.-2026 11:53:06.288,0.0,1.0,77.7,222.85000610351562,-0.9,2.31,9.47,0.02,11.76,-0.01,-,8,9.53,34.52,100,-,2.35,783.75,0,77.7,0,-,21,4.5,2.44,-,-,57.54,0,42.46,894,0,0,6.67,5
Thu Apr 02 11:53:07 GMT+03:00 2026,02-apr.-2026 11:53:07.957,0.0,1.0,77.7,222.85000610351562,-0.88,2.31,9.47,0.02,11.76,0,-,8,9.48,34.52,100,-,2.35,784.75,0,77.7,0,-,21,4.5,2.42,-,-,57.38,0,42.62,896,0,0,6.67,5
Thu Apr 02 11:53:09 GMT+03:00 2026,02-apr.-2026 11:53:09.731,0.0,1.0,77.7,222.85000610351562,-0.88,2.23,9.42,0.01,11.76,0,-,8,9.43,34.52,100,-,2.35,789.25,0,77.7,0,-,21,4.64,2.44,-,-,57.2,0,42.8,897,0,0,6.67,5
Thu Apr 02 11:53:11 GMT+03:00 2026,02-apr.-2026 11:53:11.565,0.0,1.0,77.7,222.85000610351562,-0.87,2.24,9.4,0.01,11.76,0,-,8,9.38,34.52,100,-,2.35,781.25,0,77.7,0,-,21,4.5,2.39,-,-,57.03,0,42.97,899,0,0,6.67,5
Thu Apr 02 11:53:13 GMT+03:00 2026,02-apr.-2026 11:53:13.266,0.0,1.0,77.7,222.85000610351562,-0.91,2.3,9.47,0.02,11.76,-0.01,-,8,9.33,34.52,101,-,2.35,795.75,0,77.7,0,-,21,4.5,2.41,-,-,56.86,0,43.14,901,0,0,6.67,5
Thu Apr 02 11:53:14 GMT+03:00 2026,02-apr.-2026 11:53:15.130,0.0,1.0,77.7,222.85000610351562,-0.78,2.22,9.5,0.02,11.76,0,-,8,9.28,34.52,101,-,2.35,790.25,0,77.7,0,-,21,4.5,2.41,-,-,56.69,0,43.31,903,0,0,6.67,5
Thu Apr 02 11:53:16 GMT+03:00 2026,02-apr.-2026 11:53:16.924,0.0,1.0,77.7,222.85000610351562,4.02,1.96,8.26,-0.02,11.76,-0.04,-,8,9.24,34.52,101,-,2.35,799,0,77.7,0,-,21,4.5,2.45,-,-,56.52,0,43.48,905,0,0,6.67,8
Thu Apr 02 11:53:18 GMT+03:00 2026,02-apr.-2026 11:53:18.799,0.0,1.399999976158142,77.7,222.85000610351562,3.47,2.25,8.84,0.01,11.76,0,-,8,9.19,34.52,101,-,2.35,793,0,77.7,0,-,21,4.64,2.42,-,-,56.34,0,43.66,907,0,0,6.67,8
Thu Apr 02 11:53:20 GMT+03:00 2026,02-apr.-2026 11:53:20.456,0.0,1.7000000476837158,77.7,222.85000610351562,5.54,1.64,7.99,0.02,11.76,0,-,8,9.15,34.52,101,-,2.35,795.25,0,77.7,0,-,22,4.5,2.41,-,-,56.19,0,43.81,908,0,0,6.67,5.5
Thu Apr 02 11:53:22 GMT+03:00 2026,02-apr.-2026 11:53:22.256,0.0,1.899999976158142,77.7,222.85000610351562,-0.16,2.21,9.58,0.02,11.37,0,-,8,9.1,34.52,101,-,2.35,790.5,0,77.7,0,-,21,4.5,2.39,-,-,56.02,0,43.98,910,0,0,6.27,5
Thu Apr 02 11:53:23 GMT+03:00 2026,02-apr.-2026 11:53:24.121,0.0,2.0,77.7,222.85000610351562,0.53,4.37,9.35,0.07,28.63,0.05,-,8,9.05,34.52,101,-,14.51,1190.75,0.01,77.7,0,-,22,5.66,9.76,-,-,55.85,0,44.15,912,0,0,27.84,14.5
Thu Apr 02 11:53:25 GMT+03:00 2026,02-apr.-2026 11:53:25.997,0.0,2.0999999046325684,77.7,222.85000610351562,0.05,3.11,9.47,0.04,29.02,0,-,8,9.07,34.52,101,8.3,9.41,1453.75,0.01,77.7,12,11.13,21,10.88,10.06,-,-,55.89,0,44.11,914,0,12,9.41,11.5
Thu Apr 02 11:53:27 GMT+03:00 2026,02-apr.-2026 11:53:27.777,4.057040691375732,2.299999952316284,77.6,236.63999938964844,0.37,3.29,9.25,0.02,28.24,0,-,8,9.1,34.52,101,2.65,12.16,1437.25,0.02,77.6,3.87,3.56,21,11.89,11.67,-,-,56.02,0,43.98,916,14.61,15,30.59,7.5
Thu Apr 02 11:53:29 GMT+03:00 2026,02-apr.-2026 11:53:29.580,6.763964653015137,2.4000000953674316,78.0,246.91000366210938,-0.37,3.01,9.21,0.01,32.16,0.01,-,8,9.17,34.52,101,10.93,20,1630.25,0.02,78,4.28,14.66,22,11.17,13.35,-,-,56.15,0,43.85,917,24.35,23,35.29,5.5
Thu Apr 02 11:53:31 GMT+03:00 2026,02-apr.-2026 11:53:31.357,8.415708541870117,2.5999999046325684,78.80000000000001,245.9199981689453,-0.2,3.06,8.79,-0.03,29.02,0,-,8,9.27,34.52,101,12.83,5.49,2153.75,0.02,78.8,0.05,17.21,22,9.28,11.35,-,-,56.28,0,43.72,919,30.3,30,16.86,25.5
Thu Apr 02 11:53:32 GMT+03:00 2026,02-apr.-2026 11:53:33.086,8.331294059753418,2.5,78.5,243.3300018310547,-0.26,2.36,9.29,-0,23.92,0.01,-,8,9.38,34.52,101,3.87,12.55,1504.5,0.02,78.5,1.7,5.19,22,11.31,12.9,-,-,56.4,0,43.6,921,29.99,32,22.35,15
Thu Apr 02 11:53:34 GMT+03:00 2026,02-apr.-2026 11:53:34.887,8.44762134552002,2.5,78.7,240.44000244140625,-0.26,1.97,9.23,-0.02,12.55,-0.03,-,8,9.49,34.52,101,3.87,3.53,1516,0.01,78.7,0.59,5.19,22,4.5,4.1,-,-,56.53,0,43.47,923,30.41,32,8.63,18.5
Thu Apr 02 11:53:36 GMT+03:00 2026,02-apr.-2026 11:53:36.684,8.507328987121582,2.700000047683716,78.7,240.47999572753906,0.15,2.83,9.62,0.04,25.1,0.07,-,8,9.58,34.52,101,-,9.02,1534,0.01,78.7,0.62,-,22,3.34,4.23,-,-,56.65,0,43.35,924,30.63,30,25.49,3.5
Thu Apr 02 11:53:38 GMT+03:00 2026,02-apr.-2026 11:53:38.444,9.324707984924316,2.5999999046325684,80.1,243.05999755859375,-0.21,2.33,9.66,0.03,24.31,0.01,-,8,9.69,34.52,101,3.81,11.76,1529.75,0.01,80.1,0.95,5.11,22,8.99,10.07,-,-,56.77,0,43.23,926,33.57,32,27.45,15
Thu Apr 02 11:53:40 GMT+03:00 2026,02-apr.-2026 11:53:40.275,9.20065975189209,2.5999999046325684,80.2,242.7899932861328,0.46,1.88,9.37,-0.01,13.73,0,-,8,9.8,34.52,101,2.05,6.67,1594.75,0.01,80.2,0.68,2.76,22,6.24,6.76,-,-,56.9,0,43.1,928,33.12,33,10.2,21
Thu Apr 02 11:53:41 GMT+03:00 2026,02-apr.-2026 11:53:41.969,8.64527416229248,2.700000047683716,80.0,243.17999267578125,-0.15,1.86,9.07,-0.04,13.33,0.02,-,8,9.9,34.52,101,2.05,3.14,1493.25,0,80,2.12,2.76,22,3.05,3.12,-,-,57.02,0,42.98,930,31.12,31,9.02,25
Thu Apr 02 11:53:43 GMT+03:00 2026,02-apr.-2026 11:53:43.781,7.6389923095703125,2.5999999046325684,79.7,241.2899932861328,0.82,2.52,9.5,0.02,22.75,-0.03,-,8,9.99,34.52,101,-,5.49,1356.5,0.01,79.7,1.04,-,22,4.06,4.42,-,-,57.14,0,42.86,932,27.5,28,21.96,19
Thu Apr 02 11:53:45 GMT+03:00 2026,02-apr.-2026 11:53:45.518,8.08834457397461,2.5,79.6,242.97000122070312,-0.2,2.08,8.83,-0.06,24.31,0,-,8,10.07,34.52,101,-,8.24,1357.5,0.01,79.6,0.33,-,22,7.98,7.5,-,-,57.26,0,42.74,933,29.12,28,23.53,17.5
Thu Apr 02 11:53:47 GMT+03:00 2026,02-apr.-2026 11:53:47.326,7.953487873077393,2.5,79.7,244.72000122070312,-0.01,2.18,8.96,-0.04,26.27,0.04,-,8,10.16,34.52,101,1.71,9.02,1391.75,0.01,79.7,0.7,2.3,22,8.56,8.41,-,-,57.38,0,42.62,935,28.63,29,25.49,16.5
Thu Apr 02 11:53:48 GMT+03:00 2026,02-apr.-2026 11:53:49.048,8.33283805847168,2.5,79.9,245.52000427246094,0.23,2.31,9.25,-0.01,26.67,0,-,8,10.25,34.52,101,3.79,11.76,1463,0.01,79.9,2.37,5.08,22,10.15,10.55,-,-,57.5,0,42.5,937,30,31,27.45,14
Thu Apr 02 11:53:50 GMT+03:00 2026,02-apr.-2026 11:53:50.811,8.997859001159668,2.5,80.1,247.82000732421875,0.03,2.12,8.86,-0.05,19.22,0,-,8,10.36,34.52,101,4.22,9.8,1561.5,0.01,80.1,1.67,5.66,22,9.72,10.72,-,-,57.62,0,42.38,939,32.39,33,16.08,17.5
Thu Apr 02 11:53:52 GMT+03:00 2026,02-apr.-2026 11:53:52.592,8.990138053894043,2.5,80.6,250.17999267578125,-0.24,1.97,10.1,0.07,21.18,0,-,8,10.46,34.52,101,4.22,6.67,1584.75,0.01,80.6,0.67,5.66,22,5.8,6.36,-,-,57.74,0,42.26,940,32.36,33,18.04,20
Thu Apr 02 11:53:54 GMT+03:00 2026,02-apr.-2026 11:53:54.308,8.783220291137695,2.5999999046325684,79.7,248.41000366210938,-0.48,2.34,9.79,0.05,23.14,0.01,-,8,10.56,34.52,101,-,7.45,1550.75,0.01,79.7,0.46,-,22,6.53,6.76,-,-,57.85,0,42.15,942,31.62,32,20,20
Thu Apr 02 11:53:55 GMT+03:00 2026,02-apr.-2026 11:53:56.008,8.662260055541992,2.5,79.1,249.85000610351562,0.29,2.39,9.27,-0,25.88,-0.02,-,8,10.66,34.52,101,-,10.2,1552.5,0.01,79.1,0.38,-,22,7.4,7.94,-,-,57.96,0,42.04,944,31.18,32,25.88,17
Thu Apr 02 11:53:57 GMT+03:00 2026,02-apr.-2026 11:53:57.685,9.560965538024902,2.4000000953674316,78.5,252.3000030517578,0.2,2.2,9.3,-0.01,16.08,-0.01,-,8,10.76,34.52,101,4.38,10.59,1641.75,0.01,78.5,0.94,5.88,21,8.7,9.82,-,-,58.07,0,41.93,945,34.42,34,16.86,17.5
Thu Apr 02 11:53:59 GMT+03:00 2026,02-apr.-2026 11:53:59.571,9.260367393493652,2.200000047683716,78.6,252.11000061035156,-0.05,3.06,9.9,0.08,25.88,0,-,8,10.87,34.52,101,4.38,4.71,1699,0,78.6,0.5,5.88,21,3.34,3.38,-,-,58.2,0,41.8,947,33.34,34,25.1,20
Thu Apr 02 11:54:01 GMT+03:00 2026,02-apr.-2026 11:54:01.377,9.713837623596191,2.4000000953674316,79.80000000000001,251.02000427246094,0.04,2.29,9.68,0.03,26.27,0.01,-,8,10.98,34.52,101,1.94,10.59,1641,0.01,79.8,0.96,2.6,21,8.41,9.55,-,-,58.31,0,41.69,949,34.97,35,25.88,17.5
Thu Apr 02 11:54:03 GMT+03:00 2026,02-apr.-2026 11:54:03.181,10.202823638916016,2.4000000953674316,80.1,252.25,0.21,2.52,9.05,-0.02,26.27,-0.01,-,8,11.09,34.52,100,2.19,10.59,1724,0.01,80.1,1.03,2.94,21,8.12,9.8,-,-,58.43,0,41.57,951,36.73,36,26.27,19
Thu Apr 02 11:54:04 GMT+03:00 2026,02-apr.-2026 11:54:05.074,10.419007301330566,2.4000000953674316,80.2,252.9199981689453,-0.3,2.11,9.4,0,14.9,0.02,-,8,11.21,34.52,100,4.48,10.59,1800.75,0.01,80.2,1.27,6,21,7.98,9.88,-,-,58.55,0,41.45,953,37.51,38,22.35,20.5
Thu Apr 02 11:54:06 GMT+03:00 2026,02-apr.-2026 11:54:06.920,10.021126747131348,2.200000047683716,79.80000000000001,252.6199951171875,0.72,2.12,9.45,0.01,18.43,-0.01,-,8,11.32,34.52,100,4.48,3.14,1710.5,0,79.8,1.56,6,21,2.9,3.23,-,-,58.67,0,41.33,955,36.08,36,14.12,16.5
Thu Apr 02 11:54:08 GMT+03:00 2026,02-apr.-2026 11:54:08.652,9.920756340026855,2.0999999046325684,79.6,253.6999969482422,-0.24,2.05,9.64,0.02,13.33,0,-,8,11.42,34.52,100,-,5.88,1329.25,0.01,79.6,0.14,-,21,6.38,6.25,-,-,58.78,0,41.22,956,35.71,35,9.02,11.5
Thu Apr 02 11:54:10 GMT+03:00 2026,02-apr.-2026 11:54:10.427,9.076096534729004,2.299999952316284,79.0,251.0500030517578,0.04,1.45,9.75,0.02,12.55,0,-,8,11.52,34.52,100,-,2.75,1294.5,0,79,0.56,-,21,3.34,2.97,-,-,58.89,0,41.11,958,32.67,34,7.84,11.5
Thu Apr 02 11:54:11 GMT+03:00 2026,02-apr.-2026 11:54:12.108,8.77241039276123,2.299999952316284,77.80000000000001,251.50999450683594,0,1.93,9.55,0.01,13.33,0.02,-,8,11.61,34.52,100,-,4.31,1480.75,0,77.8,1.67,-,21,3.19,3.08,-,-,59,0,41,960,31.58,31,10.59,14.5
Thu Apr 02 11:54:14 GMT+03:00 2026,02-apr.-2026 11:54:14.340,5.6887102127075195,2.4000000953674316,78.30000000000001,253.25,-0.33,2.11,9.85,0.04,12.16,-0.01,-,8,11.67,34.52,99,-,2.75,1221.75,0,78.3,2.77,-,21,3.34,2.86,-,-,59.14,0,40.86,962,20.48,27,7.84,15.5
Thu Apr 02 11:54:16 GMT+03:00 2026,02-apr.-2026 11:54:17.082,4.949568748474121,2.299999952316284,79.2,254.39999389648438,-0.41,2.43,9.02,-0.03,20.78,-0.03,-,8,11.71,34.52,99,-,2.35,893.75,0,79.2,0.78,-,21,3.92,2.45,-,-,59.31,0,40.69,965,17.82,19,20.39,12
Thu Apr 02 11:54:19 GMT+03:00 2026,02-apr.-2026 11:54:19.636,4.258296966552734,2.4000000953674316,79.80000000000001,249.1300048828125,-0.13,1.9,9.19,-0.02,12.55,0,-,8,11.73,34.52,99,-,3.14,1262.5,0,79.8,1.19,-,21,4.64,3.6,-,-,59.46,0,40.54,967,15.33,17,7.84,10
Thu Apr 02 11:54:22 GMT+03:00 2026,02-apr.-2026 11:54:22.332,3.501655340194702,2.4000000953674316,78.80000000000001,252.02999877929688,-0.03,2.42,9.54,0.02,23.14,0,-,8,11.73,34.52,98,-,2.35,979.5,0,78.8,1.29,-,21,3.63,2.47,-,-,59.63,0,40.37,970,12.61,13,24.71,17.5
Thu Apr 02 11:54:24 GMT+03:00 2026,02-apr.-2026 11:54:24.978,3.3616509437561035,2.299999952316284,77.7,253.6300048828125,0.03,2.81,9.28,0.01,23.92,0,-,8,11.74,34.52,98,-,4.71,1342.5,0,77.7,0.69,-,21,3.63,3.42,-,-,59.79,0,40.21,973,12.1,12,24.71,10
Thu Apr 02 11:54:27 GMT+03:00 2026,02-apr.-2026 11:54:27.174,4.280429840087891,2.299999952316284,76.0,247.75,-0.14,2.09,9.38,-0,15.69,-0.02,-,8,11.75,34.52,98,-,3.92,1135,0.01,76,1.02,-,21,7.83,6.11,-,-,59.92,0,40.08,975,15.41,15,9.02,12.5
Thu Apr 02 11:54:28 GMT+03:00 2026,02-apr.-2026 11:54:29.000,4.190868377685547,2.299999952316284,76.0,243.22000122070312,0.41,2.1,9.29,-0.01,12.94,-0.01,-,8,11.76,34.52,98,-,3.92,1048,0.01,76,0.41,-,21,6.09,5.13,-,-,60.03,0,39.97,977,15.09,15,9.02,12.5
Thu Apr 02 11:54:30 GMT+03:00 2026,02-apr.-2026 11:54:30.652,3.911374092102051,2.299999952316284,75.5,252.42999267578125,0.68,2.27,9.57,0.02,14.12,0,-,8,11.77,34.52,98,-,2.75,1029.25,0,75.5,0.53,-,21,4.06,2.8,-,-,60.13,0,39.87,978,14.08,14,7.45,9.5
Thu Apr 02 11:54:32 GMT+03:00 2026,02-apr.-2026 11:54:32.364,3.460477590560913,2.299999952316284,76.7,259.5,0.29,2.01,9.51,0.01,12.94,0,-,8,11.78,34.52,98,-,3.53,939.75,0,76.7,0.02,-,21,4.64,3.34,-,-,60.23,0,39.77,980,12.46,13,8.24,17.5
Thu Apr 02 11:54:33 GMT+03:00 2026,02-apr.-2026 11:54:34.032,3.4635658264160156,2.299999952316284,77.0,260.82000732421875,-0.24,0.7,9.68,0.01,12.16,0.01,-,8,11.78,34.52,98,-,2.75,935.75,0,77,0.54,-,21,4.35,2.78,-,-,60.33,0,39.67,982,12.47,13,7.45,11.5
Thu Apr 02 11:54:35 GMT+03:00 2026,02-apr.-2026 11:54:35.850,1.2909233570098877,2.299999952316284,76.9,262.6600036621094,0.27,2.88,9.3,0.01,25.88,0,-,8,11.75,34.52,98,-,2.75,849,0,76.9,4.17,-,21,4.21,2.44,-,-,60.24,0,39.76,984,4.65,5,8.63,7
Thu Apr 02 11:54:37 GMT+03:00 2026,02-apr.-2026 11:54:37.566,1.868956446647644,2.200000047683716,76.6,265.3599853515625,0.18,2.68,9.49,0.02,24.31,0,-,8,11.73,34.52,98,0.37,6.67,1597,0.01,76.6,1.26,0.49,21,7.83,7.73,-,-,60.27,0,39.73,985,6.73,6,10.59,18.5
Thu Apr 02 11:54:39 GMT+03:00 2026,02-apr.-2026 11:54:39.447,2.7033212184906006,2.200000047683716,77.4,276.04998779296875,1.13,2.3,9.39,0.01,21.18,-0.01,-,8,11.72,34.52,98,1.62,9.02,1347.25,0.01,77.4,1.57,2.18,21,9.57,8.35,-,-,60.38,0,39.62,987,9.73,9,18.82,16.5
Thu Apr 02 11:54:41 GMT+03:00 2026,02-apr.-2026 11:54:41.291,3.4023139476776123,2.299999952316284,78.9,295.6199951171875,0.59,2.14,9.25,-0.01,20.39,0,-,8,11.73,34.52,98,4.04,9.02,1688.25,0.01,78.9,1.67,5.41,21,7.25,8.14,-,-,60.48,0,39.52,989,12.25,14,23.53,20.5
Thu Apr 02 11:54:42 GMT+03:00 2026,02-apr.-2026 11:54:43.049,3.5886433124542236,2.4000000953674316,79.1,293.2699890136719,-0.64,2.2,9.51,0.02,16.08,0,-,8,11.74,34.52,98,0.88,2.75,1384,0,79.1,2.75,1.18,21,3.63,3.63,-,-,60.58,0,39.42,991,12.92,15,12.94,18.5
Thu Apr 02 11:54:44 GMT+03:00 2026,02-apr.-2026 11:54:44.720,4.42197847366333,2.4000000953674316,78.6,292.2099914550781,-2.29,3.08,9.26,0.04,24.31,0.02,-,8,11.76,34.52,98,0.88,5.88,1132,0.01,78.6,0.13,1.18,21,5.51,4.73,-,-,60.68,0,39.32,993,15.92,15,20.39,19.5
Thu Apr 02 11:54:46 GMT+03:00 2026,02-apr.-2026 11:54:46.482,4.675736904144287,2.4000000953674316,79.1,253.3000030517578,-0.69,2.4,9.64,0.03,23.53,0.1,-,8,11.77,34.52,98,1,8.63,1254.75,0.01,79.1,0.08,1.34,21,8.99,7.69,-,-,60.78,0,39.22,994,16.83,16,23.14,16
Thu Apr 02 11:54:48 GMT+03:00 2026,02-apr.-2026 11:54:48.214,5.516278266906738,2.4000000953674316,81.1,212.75999450683594,0.34,3.01,9.72,0.06,27.06,0,-,8,11.8,34.52,99,2.3,9.8,1375.75,0.01,81.1,1.17,3.09,21,8.85,8.76,-,-,60.88,0,39.12,996,19.86,18,26.27,14.5
Thu Apr 02 11:54:49 GMT+03:00 2026,02-apr.-2026 11:54:49.950,5.418995380401611,2.5,81.80000000000001,210.07000732421875,2.27,2.88,10.07,0.11,28.24,0.02,-,8,11.84,34.52,99,7.09,11.37,1624.5,0.01,81.8,3.14,9.51,21,9.57,10.73,-,-,60.98,0,39.02,998,19.51,23,25.49,17.5
Thu Apr 02 11:54:51 GMT+03:00 2026,02-apr.-2026 11:54:51.693,6.235344886779785,2.5,83.4,232.72999572753906,1.27,3.18,9.4,0.04,32.55,0.04,-,8,11.9,34.52,99,6.44,18.82,1864.5,0.02,83.4,6.29,8.63,20,10.01,14.22,-,-,61.08,0,38.92,1000,22.45,27,32.55,11
Thu Apr 02 11:54:53 GMT+03:00 2026,02-apr.-2026 11:54:53.539,9.1594820022583,2.4000000953674316,84.0,249.3699951171875,1.29,2.06,9.79,0.05,16.08,-0.02,-,8,11.99,34.52,99,12.76,26.27,2340.75,0.03,84,5.03,17.11,20,11.75,21.8,-,-,61.18,0,38.82,1001,32.97,33,17.65,16.5
Thu Apr 02 11:54:55 GMT+03:00 2026,02-apr.-2026 11:54:55.313,10.202823638916016,2.5,83.0,253.6699981689453,0.27,1.94,9.36,-0.01,24.31,-0.04,-,8,12.08,34.52,99,4.03,19.61,1781.25,0.02,83,0.77,5.41,20,5.8,15.96,-,-,61.28,0,38.72,1003,36.73,35,46.27,3.5
Thu Apr 02 11:54:56 GMT+03:00 2026,02-apr.-2026 11:54:57.075,10.33562183380127,2.5,81.80000000000001,254.39999389648438,0.32,1.98,9.72,0.03,13.33,0.01,-,8,12.18,34.52,99,4.39,3.53,1714.5,0.01,81.8,0.27,5.89,20,4.5,5.1,-,-,61.37,0,38.63,1005,37.21,37,8.63,26.5
Thu Apr 02 11:54:58 GMT+03:00 2026,02-apr.-2026 11:54:58.880,9.322649002075195,2.5,79.4,253.3000030517578,-0.68,0.86,8.79,-0.08,13.33,0.03,-,8,12.26,34.52,99,4.39,3.14,1625.25,0,79.4,0.78,5.89,20,2.76,3.14,-,-,61.47,0,38.53,1007,33.56,34,9.02,26
Thu Apr 02 11:55:00 GMT+03:00 2026,02-apr.-2026 11:55:00.693,7.344571590423584,2.5999999046325684,77.2,251.6300048828125,0.31,2.51,8.99,-0.03,18.43,0,-,8,12.32,34.52,99,-,3.14,1332,0,77.2,2.27,-,20,3.34,3.2,-,-,61.57,0,38.43,1009,26.44,27,16.08,22
Thu Apr 02 11:55:02 GMT+03:00 2026,02-apr.-2026 11:55:02.535,6.957500457763672,2.5999999046325684,76.4,256.0,-0.4,0.9,9.95,0.04,13.33,-0.02,-,8,12.38,34.52,99,-,5.1,1279.25,0.01,76.4,2.4,-,20,5.8,5.11,-,-,61.67,0,38.33,1010,25.05,27,9.8,8
Thu Apr 02 11:55:04 GMT+03:00 2026,02-apr.-2026 11:55:04.372,4.532643795013428,2.4000000953674316,76.30000000000001,250.13999938964844,-0.66,-0.74,10.3,0.07,12.16,0.04,-,8,12.4,34.52,99,-,2.75,1163.75,0,76.3,4.01,-,20,3.63,2.96,-,-,61.77,0,38.23,1012,16.32,18,7.84,9.5
Thu Apr 02 11:55:05 GMT+03:00 2026,02-apr.-2026 11:55:06.146,2.4058115482330322,2.4000000953674316,76.7,253.3300018310547,-0.08,1.44,9.74,0.02,11.76,-0.01,-,8,12.37,34.52,99,-,2.75,926.75,0,76.7,13.32,-,20,3.92,2.55,-,-,61.7,0,38.3,1014,8.66,3,7.06,4.5
Thu Apr 02 11:55:07 GMT+03:00 2026,02-apr.-2026 11:55:07.886,0.0,2.4000000953674316,77.0,253.3300018310547,0.12,2.6,9.36,0.01,23.14,-0.01,-,8,12.32,34.52,99,-,2.75,820.25,0,77,0,-,20,4.21,2.52,-,-,61.55,0,38.45,1016,0,0,6.67,5.5
Thu Apr 02 11:55:09 GMT+03:00 2026,02-apr.-2026 11:55:09.614,0.0,2.4000000953674316,76.9,253.3300018310547,0.09,2.51,9.56,0.03,19.61,0,-,8,12.27,34.52,99,-,8.24,1555.25,0.01,76.9,0,-,20,7.54,8.24,-,-,61.4,0,38.6,1017,0,0,10.2,-11
Thu Apr 02 11:55:11 GMT+03:00 2026,02-apr.-2026 11:55:11.313,0.0,2.5,76.9,253.3300018310547,-0.06,2,9.46,0,13.33,-0.01,-,8,12.23,34.52,99,0.26,7.06,1654.75,0.01,76.9,2,0.35,20,9.43,10.54,-,-,61.25,0,38.75,1019,0,2,9.8,10.5
Thu Apr 02 11:55:12 GMT+03:00 2026,02-apr.-2026 11:55:13.008,0.0,2.5,76.9,253.3300018310547,-0.01,1.94,9.52,0.01,12.16,-0.01,-,8,12.19,34.52,99,0.26,2.75,1030.5,0,76.9,2,0.35,20,3.92,2.8,-,-,61.11,0,38.89,1021,0,2,7.84,10.5
Thu Apr 02 11:55:14 GMT+03:00 2026,02-apr.-2026 11:55:14.856,0.0,2.5,76.9,253.3300018310547,0.08,2.4,9.42,0.01,11.76,-0.01,-,8,12.15,34.52,98,-,2.35,899.25,0,76.9,0,-,20,4.06,2.51,-,-,60.95,0,39.05,1023,0,0,7.06,5.5
Thu Apr 02 11:55:16 GMT+03:00 2026,02-apr.-2026 11:55:16.706,0.0,2.4000000953674316,76.9,253.3300018310547,0.04,2.12,9.57,0.02,13.33,0,-,8,12.1,34.52,98,-,7.45,1051,0.01,76.9,0,-,20,4.79,3.99,-,-,60.79,0,39.21,1025,0,0,9.41,-4
Thu Apr 02 11:55:18 GMT+03:00 2026,02-apr.-2026 11:55:18.459,0.0,1.2000000476837158,76.9,253.3300018310547,-0.04,2.16,9.43,0,15.29,-0.01,-,8,12.05,34.52,98,-,2.75,1035.5,0,76.9,0,-,20,3.92,2.76,-,-,60.64,0,39.36,1026,0,0,18.82,11
Thu Apr 02 11:55:19 GMT+03:00 2026,02-apr.-2026 11:55:20.150,0.0,1.100000023841858,76.9,253.3300018310547,0.27,2.92,9.27,0.01,22.75,0,-,8,12.01,34.52,99,-,3.14,1107,0,76.9,0,-,20,4.35,3.14,-,-,60.5,0,39.5,1028,0,0,22.35,15.5
Thu Apr 02 11:55:21 GMT+03:00 2026,02-apr.-2026 11:55:21.845,0.0,1.100000023841858,76.9,253.3300018310547,0.04,2.22,9.58,0.02,12.94,0,-,8,11.97,34.52,99,0.26,3.92,1077.5,0.01,76.9,2,0.35,20,7.25,5.35,-,-,60.36,0,39.64,1030,0,2,9.02,6.5
Thu Apr 02 11:55:23 GMT+03:00 2026,02-apr.-2026 11:55:23.603,0.0,1.100000023841858,76.9,253.3300018310547,0.08,2.13,9.49,0.01,15.29,-0.01,-,8,11.93,34.52,99,0.26,3.53,989.25,0,76.9,0,0.35,20,4.06,2.7,-,-,60.21,0,39.79,1031,0,0,16.08,13.5
Thu Apr 02 11:55:25 GMT+03:00 2026,02-apr.-2026 11:55:25.303,0.0,1.100000023841858,76.9,253.3300018310547,0.16,2.94,9.33,0.02,22.75,0,-,8,11.88,34.52,99,-,3.14,1114.5,0,76.9,0,-,20,4.35,3.24,-,-,60.07,0,39.93,1033,0,0,8.63,4.5
Thu Apr 02 11:55:26 GMT+03:00 2026,02-apr.-2026 11:55:26.955,0.0,1.100000023841858,76.9,253.3300018310547,0.51,3.68,9.37,0.05,23.92,0,-,8,11.84,34.52,99,0.26,7.45,1144.75,0.01,76.9,2,0.35,20,8.41,7.13,-,-,59.94,0,40.06,1035,0,2,23.14,15
Thu Apr 02 11:55:28 GMT+03:00 2026,02-apr.-2026 11:55:28.755,0.0,1.7000000476837158,77.6,253.3300018310547,-0.05,2.21,9.63,0.03,12.94,0,-,8,11.83,34.52,100,3.03,3.14,1178.25,0.01,77.6,8,4.07,20,6.67,4.71,-,-,59.96,0,40.04,1037,0,8,9.41,21
Thu Apr 02 11:55:30 GMT+03:00 2026,02-apr.-2026 11:55:30.541,2.282278299331665,2.0,77.9,253.72000122070312,0.26,3.05,9.38,0.02,25.49,0,-,8,11.81,34.52,100,3.03,8.63,1023.5,0,77.9,0.58,4.07,20,4.06,2.83,-,-,60.06,0,39.94,1038,8.22,7,25.49,14
Thu Apr 02 11:55:32 GMT+03:00 2026,02-apr.-2026 11:55:32.296,4.13836669921875,2.200000047683716,78.80000000000001,256.69000244140625,0.78,3.44,8.94,-0,29.8,-0.02,-,8,11.82,34.52,100,4.69,10.98,1654.75,0.01,78.8,1.3,6.29,20,7.98,8.42,-,-,60.15,0,39.85,1040,14.9,13,27.45,18.5
Thu Apr 02 11:55:33 GMT+03:00 2026,02-apr.-2026 11:55:34.028,5.008247375488281,2.299999952316284,79.7,259.0199890136719,0.56,3.25,8.64,-0.04,26.67,0.05,-,8,11.84,34.52,100,7.44,5.88,2244,0.02,79.7,4.1,9.98,20,9.86,11.43,-,-,60.24,0,39.76,1042,18.03,19,26.27,16.5
Thu Apr 02 11:55:35 GMT+03:00 2026,02-apr.-2026 11:55:35.746,5.891510486602783,2.299999952316284,81.5,263.04998779296875,-0.02,1.52,10.12,0.06,14.12,0.11,-,8,11.88,34.52,100,4.03,11.76,1564.25,0.01,81.5,2.46,5.41,21,10.01,10.67,-,-,60.34,0,39.66,1044,21.21,22,11.37,16.5
Thu Apr 02 11:55:37 GMT+03:00 2026,02-apr.-2026 11:55:37.495,4.825520992279053,2.200000047683716,82.1,263.010009765625,-0.27,1.67,9.45,-0,12.55,-0.02,-,8,11.91,34.52,100,4.03,3.14,1077,0,82.1,1.66,5.41,21,3.19,3,-,-,60.43,0,39.57,1045,17.37,19,7.84,5
Thu Apr 02 11:55:39 GMT+03:00 2026,02-apr.-2026 11:55:39.360,3.884093999862671,2.299999952316284,82.9,263.1300048828125,-0.11,2.26,9.39,0,11.76,-0.01,-,8,11.92,34.52,101,-,2.75,934.75,0,82.9,0.69,-,21,4.06,2.59,-,-,60.53,0,39.47,1047,13.98,15,7.06,11
Thu Apr 02 11:55:41 GMT+03:00 2026,02-apr.-2026 11:55:41.200,3.122304916381836,2.4000000953674316,83.5,263.6600036621094,-0.08,2.2,9.39,0,11.76,0,-,8,11.92,34.52,101,-,2.35,845.25,0,83.5,0.98,-,21,4.21,2.42,-,-,60.63,0,39.37,1049,11.24,13,6.67,6
Thu Apr 02 11:55:42 GMT+03:00 2026,02-apr.-2026 11:55:43.014,2.7795000076293945,2.4000000953674316,86.1,260.75,0.58,2.92,9.38,0.02,21.57,0.01,-,8,11.92,34.52,101,-,2.35,825,0,86.1,0.76,-,21,4.35,2.44,-,-,60.72,0,39.28,1051,10.01,12,20.39,2
Thu Apr 02 11:55:44 GMT+03:00 2026,02-apr.-2026 11:55:44.695,3.0589940547943115,2.5999999046325684,87.5,265.30999755859375,0.21,2.5,9.35,0.01,18.04,-0.01,-,8,11.92,34.52,101,0.8,6.67,978.25,0.01,87.5,3.78,1.07,21,8.27,6.09,-,-,60.81,0,39.19,1053,11.01,13,14.51,12
Thu Apr 02 11:55:46 GMT+03:00 2026,02-apr.-2026 11:55:46.401,3.8310775756835938,2.5999999046325684,89.30000000000001,274.510009765625,0.13,2.47,9.34,0,18.04,-0.01,-,8,11.94,34.52,101,1.97,5.49,1101.75,0.01,89.3,2.43,2.64,21,6.82,5.54,-,-,60.9,0,39.1,1054,13.79,15,13.33,15
Thu Apr 02 11:55:47 GMT+03:00 2026,02-apr.-2026 11:55:48.096,4.202706813812256,2.5999999046325684,90.4,268.79998779296875,0.93,4.03,9.48,0.07,20,0.05,-,8,11.95,34.52,101,0.98,6.67,1103,0.01,90.4,2.21,1.31,21,5.95,4.71,-,-,60.99,0,39.01,1056,15.13,16,17.65,19
Thu Apr 02 11:55:49 GMT+03:00 2026,02-apr.-2026 11:55:49.858,4.128072261810303,2.5999999046325684,91.0,265.260009765625,0.13,2.1,9.58,0.02,12.94,-0.04,-,8,11.96,34.52,101,0.98,3.92,1312.5,0.01,91,1,1.31,21,7.54,5.72,-,-,61.08,0,38.92,1058,14.86,16,9.02,9
Thu Apr 02 11:55:51 GMT+03:00 2026,02-apr.-2026 11:55:51.702,3.8506369590759277,2.700000047683716,91.6,261.1600036621094,-0.11,2.17,9.67,0.03,12.16,0,-,8,11.97,34.52,101,-,2.75,987.25,0,91.6,0.23,-,21,4.06,2.71,-,-,61.18,0,38.82,1060,13.86,14,7.45,6
Thu Apr 02 11:55:53 GMT+03:00 2026,02-apr.-2026 11:55:53.436,2.8222219944000244,2.5999999046325684,92.9,255.07000732421875,0,2.12,9.54,0.01,11.76,-0.01,-,8,11.97,34.52,101,-,2.75,867.5,0,92.9,1.18,-,22,4.21,2.52,-,-,61.27,0,38.73,1061,10.16,12,7.06,6.5
Thu Apr 02 11:55:54 GMT+03:00 2026,02-apr.-2026 11:55:55.154,2.207643508911133,2.5999999046325684,94.9,252.24000549316406,0.01,3.61,9.14,0.02,26.67,0,-,8,11.96,34.52,101,-,2.75,815,0,94.9,1.16,-,22,4.35,2.49,-,-,61.35,0,38.65,1063,7.95,9,42.35,3
Thu Apr 02 11:55:56 GMT+03:00 2026,02-apr.-2026 11:55:56.959,2.7589111328125,2.5999999046325684,97.7,269.8900146484375,0.13,2.75,9.18,-0,24.71,-0.02,-,8,11.96,34.52,101,2.25,11.76,946.5,0.01,97.7,4.17,3.01,22,11.89,8.46,-,-,61.44,0,38.56,1065,9.93,12,29.41,-7.5
Thu Apr 02 11:55:58 GMT+03:00 2026,02-apr.-2026 11:55:58.713,4.111086368560791,2.700000047683716,98.7,265.7200012207031,0.26,2.39,8.92,-0.04,14.9,-0.05,-,8,11.98,34.52,101,5.17,7.06,1172.25,0.01,98.7,3.25,6.93,22,8.56,7.03,-,-,61.53,0,38.47,1067,14.8,17,20.78,16.5
Thu Apr 02 11:56:00 GMT+03:00 2026,02-apr.-2026 11:56:00.612,4.731326580047607,2.700000047683716,98.2,266.7699890136719,-0.11,2.23,9.45,0.01,14.9,-0.01,-,8,12,34.52,101,5.17,3.14,1254,0,98.2,1.65,6.93,21,4.35,3.51,-,-,61.63,0,38.37,1068,17.03,17,8.24,10
Thu Apr 02 11:56:02 GMT+03:00 2026,02-apr.-2026 11:56:02.324,4.27940034866333,2.700000047683716,97.6,266.8900146484375,0.02,2.63,9.39,0.03,18.43,0,-,8,12.01,34.52,101,-,4.71,1218.5,0.01,97.6,1.04,-,21,4.5,3.92,-,-,61.72,0,38.28,1070,15.41,16,15.69,14
Thu Apr 02 11:56:03 GMT+03:00 2026,02-apr.-2026 11:56:03.979,4.3602118492126465,2.700000047683716,96.4,270.4599914550781,0.15,3.09,9.64,0.05,25.88,0.03,-,8,12.03,34.52,101,1.12,7.45,1234,0.01,96.4,1.59,1.51,21,7.25,6.13,-,-,61.8,0,38.2,1072,15.7,17,23.53,16.5
Thu Apr 02 11:56:05 GMT+03:00 2026,02-apr.-2026 11:56:05.775,5.596059799194336,2.5,94.5,264.8699951171875,-0.07,2.89,9.31,0.01,22.75,0.04,-,8,12.05,34.52,101,3.72,10.2,1419.5,0.01,94.5,2.88,4.99,21,9.57,9.35,-,-,61.89,0,38.11,1074,20.15,20,22.35,17
Thu Apr 02 11:56:07 GMT+03:00 2026,02-apr.-2026 11:56:07.568,5.999602317810059,2.5999999046325684,95.2,262.6099853515625,-0.34,2.74,9.76,0.05,25.49,0,-,8,12.09,34.52,101,2.67,9.41,1572.75,0.01,95.2,1.11,3.59,21,7.69,8.51,-,-,61.98,0,38.02,1075,21.6,22,25.1,18
Thu Apr 02 11:56:09 GMT+03:00 2026,02-apr.-2026 11:56:09.422,6.562193393707275,2.700000047683716,93.2,263.6499938964844,-0.42,2.77,9.61,0.04,23.14,0.01,-,8,12.13,34.52,101,2.82,10.2,1744,0.01,93.2,0.28,3.79,21,7.83,9.37,-,-,62.07,0,37.93,1077,23.62,24,21.96,20
Thu Apr 02 11:56:10 GMT+03:00 2026,02-apr.-2026 11:56:11.055,7.077430725097656,2.799999952316284,93.2,262.95001220703125,-0.25,2.39,9.58,0.03,18.43,-0.01,-,8,12.17,34.52,101,1.51,8.63,1842.5,0.01,93.2,1.38,2.02,21,6.24,7.85,-,-,62.15,0,37.85,1079,25.48,25,23.14,21.5
Thu Apr 02 11:56:12 GMT+03:00 2026,02-apr.-2026 11:56:12.762,6.930220127105713,2.700000047683716,90.5,261.7200012207031,-0.26,2.19,9.49,0.01,19.61,0,-,8,12.22,34.52,101,1.51,6.67,1860.75,0.01,90.5,0.45,2.02,21,4.93,6.26,-,-,62.23,0,37.77,1081,24.95,25,17.65,23
Thu Apr 02 11:56:14 GMT+03:00 2026,02-apr.-2026 11:56:14.622,6.587929725646973,2.700000047683716,90.6,261.3699951171875,0.22,2.36,8.67,-0.07,18.43,-0.05,-,8,12.26,34.52,101,-,7.06,1795.75,0.01,90.6,0.87,-,21,5.66,7.03,-,-,62.32,0,37.68,1082,23.72,25,14.51,17.5
Thu Apr 02 11:56:16 GMT+03:00 2026,02-apr.-2026 11:56:16.400,6.596680164337158,2.700000047683716,89.1,263.5299987792969,0.25,1.96,9.35,-0.01,19.61,-0.01,-,8,12.3,34.52,101,-,5.1,1744.75,0.01,89.1,0.69,-,21,3.77,4.5,-,-,62.41,0,37.59,1084,23.75,24,15.29,21.5
Thu Apr 02 11:56:18 GMT+03:00 2026,02-apr.-2026 11:56:18.280,6.2868170738220215,2.700000047683716,90.2,265.70001220703125,-0.7,2.7,9.17,-0,24.71,0.05,-,8,12.34,34.52,101,-,7.84,1745.5,0.01,90.2,0.25,-,21,5.66,6.72,-,-,62.5,0,37.5,1086,22.63,24,22.75,21.5
Thu Apr 02 11:56:19 GMT+03:00 2026,02-apr.-2026 11:56:19.991,6.638372421264648,2.799999952316284,90.9,264.67999267578125,-0.05,2.3,9.33,-0,25.1,0.06,-,8,12.38,34.52,101,1.46,9.8,1849,0.01,90.9,2.37,1.96,21,7.25,8.92,-,-,62.58,0,37.42,1088,23.9,25,24.71,21.5
Thu Apr 02 11:56:21 GMT+03:00 2026,02-apr.-2026 11:56:21.666,7.547371864318848,3.0,91.2,265.4100036621094,0.23,2.56,9.73,0.04,25.49,0,-,8,12.43,34.52,101,5.54,10.2,1990.25,0.01,91.2,1.94,7.42,20,6.96,9.23,-,-,62.66,0,37.34,1090,27.17,28,25.1,22.5
Thu Apr 02 11:56:23 GMT+03:00 2026,02-apr.-2026 11:56:23.276,7.928266525268555,2.9000000953674316,91.0,265.04998779296875,-0.05,2.26,9.63,0.03,17.65,0,-,8,12.49,34.52,101,1.83,10.59,2107.75,0.01,91,0.91,2.46,20,6.82,9.78,-,-,62.74,0,37.26,1091,28.54,29,25.1,22.5
Thu Apr 02 11:56:24 GMT+03:00 2026,02-apr.-2026 11:56:25.051,8.056946754455566,2.9000000953674316,91.1,261.95001220703125,-0.12,1.76,9.81,0.04,13.73,0.01,-,8,12.54,34.52,101,1.83,4.31,1574,0,91.1,0.46,2.46,20,3.19,3.45,-,-,62.82,0,37.18,1093,29.01,29,12.16,21.5
Thu Apr 02 11:56:26 GMT+03:00 2026,02-apr.-2026 11:56:26.916,8.035842895507812,2.799999952316284,91.4,265.6199951171875,-0.18,2.61,9.33,0.01,21.57,0.05,-,8,12.6,34.52,101,-,5.88,1468,0.01,91.4,0.58,-,20,3.63,4.19,-,-,62.91,0,37.09,1095,28.93,29,20,18.5
Thu Apr 02 11:56:28 GMT+03:00 2026,02-apr.-2026 11:56:28.727,7.846940040588379,2.700000047683716,91.0,265.54998779296875,0.12,2.17,10.16,0.08,12.94,0,-,8,12.65,34.52,101,-,7.84,1397,0.01,91,0.19,-,20,7.25,7.01,-,-,62.99,0,37.01,1097,28.25,29,11.37,17.5
Thu Apr 02 11:56:30 GMT+03:00 2026,02-apr.-2026 11:56:30.570,7.598844051361084,2.5999999046325684,90.2,266.1099853515625,-0.15,1.75,8.32,-0.11,12.16,0,-,8,12.7,34.52,100,-,3.14,1352,0,90.2,0.2,-,20,3.34,3.1,-,-,63.08,0,36.92,1098,27.36,29,7.45,8
Thu Apr 02 11:56:32 GMT+03:00 2026,02-apr.-2026 11:56:32.314,7.471192836761475,2.5999999046325684,89.80000000000001,260.6600036621094,-0.09,2.19,9.92,0.05,19.61,0,-,8,12.75,34.52,100,-,2.75,1307.25,0,89.8,0.34,-,20,3.05,2.64,-,-,63.16,0,36.84,1100,26.9,27,17.65,24
Thu Apr 02 11:56:33 GMT+03:00 2026,02-apr.-2026 11:56:34.165,7.334277153015137,2.5,89.80000000000001,263.7300109863281,0.18,2.27,8.62,-0.07,14.12,-0.05,-,8,12.79,34.52,100,-,6.27,1260.25,0.01,89.8,0.9,-,20,6.24,5.78,-,-,63.25,0,36.75,1102,26.4,26,16.47,17.5
Thu Apr 02 11:56:35 GMT+03:00 2026,02-apr.-2026 11:56:36.039,7.168536186218262,2.5,89.0,265.3399963378906,-0.18,1.72,9.97,0.05,12.16,0.03,-,8,12.84,34.52,100,-,3.14,1276.75,0,89,0.52,-,20,3.77,3.12,-,-,63.33,0,36.67,1104,25.81,26,7.84,5.5
Thu Apr 02 11:56:37 GMT+03:00 2026,02-apr.-2026 11:56:37.771,6.76859712600708,2.700000047683716,86.2,266.0899963378906,-0.66,-0.39,10.53,0.09,11.37,0.07,-,8,12.88,34.52,100,-,2.35,1215.25,0,86.2,0.47,-,20,3.19,2.42,-,-,63.41,0,36.59,1106,24.37,25,6.27,1.5
Thu Apr 02 11:56:39 GMT+03:00 2026,02-apr.-2026 11:56:39.603,3.7600457668304443,2.5999999046325684,82.5,265.7799987792969,-0.46,1.46,9.38,-0.01,11.76,-0.03,-,8,12.88,34.52,100,-,2.35,831.25,0,82.5,5.2,-,20,3.48,2.08,-,-,63.49,0,36.51,1107,13.54,15,6.67,7.5
Thu Apr 02 11:56:41 GMT+03:00 2026,02-apr.-2026 11:56:41.454,1.4798263311386108,2.5,83.80000000000001,263.79998779296875,0.2,1.95,9.2,-0.02,12.16,-0.03,-,8,12.86,34.52,100,-,2.35,796.5,0,83.8,2.08,-,20,4.35,2.43,-,-,63.42,0,36.58,1109,5.33,5,6.27,7.5
Thu Apr 02 11:56:43 GMT+03:00 2026,02-apr.-2026 11:56:43.239,1.8164547681808472,2.299999952316284,83.30000000000001,258.2799987792969,-0.13,2.23,9.44,0.01,18.43,-0.01,-,8,12.84,34.52,99,0.35,9.8,1523,0.01,83.3,0.55,0.47,20,8.12,9.54,-,-,63.41,0,36.59,1111,6.54,6,8.63,-5.5
Thu Apr 02 11:56:44 GMT+03:00 2026,02-apr.-2026 11:56:45.017,2.1695542335510254,2.299999952316284,82.6,268.55999755859375,0.35,4.06,8.73,0,29.8,-0.01,-,8,12.82,34.52,99,1.01,13.73,1884.25,0.02,82.6,1.46,1.35,20,10.88,13.04,-,-,63.49,0,36.51,1113,7.81,8,29.02,15
Thu Apr 02 11:56:46 GMT+03:00 2026,02-apr.-2026 11:56:46.728,4.828608989715576,2.4000000953674316,82.6,261.760009765625,0.11,3.65,9.58,0.06,30.59,0.04,-,8,12.84,34.52,99,12.37,5.88,2221.25,0.02,82.6,6.16,16.59,20,10.88,15.37,-,-,63.57,0,36.43,1115,17.38,19,32.16,17
Thu Apr 02 11:56:48 GMT+03:00 2026,02-apr.-2026 11:56:48.483,7.2246413230896,2.5,81.6,264.4599914550781,0.58,3.54,9.34,0.04,31.37,-0.03,-,8,12.88,34.52,99,9.58,19.22,1754.5,0.02,81.6,3.1,12.84,20,12.04,16.71,-,-,63.65,0,36.35,1116,26.01,25,32.55,10
Thu Apr 02 11:56:50 GMT+03:00 2026,02-apr.-2026 11:56:50.271,8.679760932922363,2.799999952316284,81.1,266.8900146484375,-0.37,2.44,10.42,0.11,14.9,0.16,-,8,12.94,34.52,98,13.84,4.71,2178.75,0.01,81.1,2.47,18.55,20,7.83,9.31,-,-,63.73,0,36.27,1118,31.25,32,18.43,20
Thu Apr 02 11:56:51 GMT+03:00 2026,02-apr.-2026 11:56:52.065,8.41673755645752,2.700000047683716,81.0,264.3800048828125,-0.21,2.4,8.89,-0.04,18.82,-0.06,-,8,13,34.52,98,13.84,5.88,1475,0,81,0.25,18.55,20,3.63,3.48,-,-,63.81,0,36.19,1120,30.3,31,18.82,22
Thu Apr 02 11:56:53 GMT+03:00 2026,02-apr.-2026 11:56:53.859,8.20261287689209,2.700000047683716,80.5,265.54998779296875,1.11,1.52,9.67,0.02,12.94,0,-,8,13.05,34.52,98,-,3.53,1507,0.01,80.5,1.34,-,20,5.22,4.81,-,-,63.89,0,36.11,1122,29.53,31,8.24,14
Thu Apr 02 11:56:55 GMT+03:00 2026,02-apr.-2026 11:56:55.648,8.352911949157715,2.5999999046325684,77.9,275.8399963378906,1.85,3.09,9.15,0.02,30.2,0,-,8,13.11,34.52,98,-,9.02,1546.75,0.01,77.9,0.95,-,20,3.63,4.72,-,-,63.97,0,36.03,1124,30.07,31,29.41,8
Thu Apr 02 11:56:57 GMT+03:00 2026,02-apr.-2026 11:56:57.399,9.105951309204102,2.4000000953674316,76.7,287.70001220703125,0.07,1.89,9.84,0.04,13.33,0.07,-,8,13.17,34.52,98,4.17,3.92,1580.75,0.01,76.7,1.44,5.6,20,8.99,7.83,-,-,64.05,0,35.95,1125,32.78,33,9.02,15
Thu Apr 02 11:56:58 GMT+03:00 2026,02-apr.-2026 11:56:59.147,8.486225128173828,2.4000000953674316,77.0,290.6499938964844,0.03,2,9.52,0.01,13.73,0,-,8,13.22,34.52,98,4.17,3.53,1427.25,0,77,3.78,5.6,20,3.19,3.23,-,-,64.12,0,35.88,1127,30.55,29,22.75,11.5
Thu Apr 02 11:57:00 GMT+03:00 2026,02-apr.-2026 11:57:00.896,7.469134330749512,2.5999999046325684,77.2,295.6600036621094,0.65,1.88,9.37,-0,12.55,-0.02,-,8,13.27,34.52,98,-,3.14,1311.75,0,77.2,0.53,-,20,3.63,3.17,-,-,64.2,0,35.8,1129,26.89,28,8.24,15.5
Thu Apr 02 11:57:02 GMT+03:00 2026,02-apr.-2026 11:57:02.588,6.567855358123779,2.5999999046325684,78.1,304.4700012207031,0.54,1.53,9.75,0.03,23.14,-0.03,-,8,13.3,34.52,98,-,2.75,991.25,0,78.1,0.56,-,20,3.77,2.64,-,-,64.27,0,35.73,1131,23.64,25,14.9,18.5
Thu Apr 02 11:57:04 GMT+03:00 2026,02-apr.-2026 11:57:04.308,6.057765960693359,2.5999999046325684,82.1,306.8900146484375,-0.29,2.12,9.31,-0.01,13.33,-0.02,-,8,13.33,34.52,98,-,5.1,1703.5,0.01,82.1,0.07,-,20,6.24,7.37,-,-,64.35,0,35.65,1132,21.81,23,9.41,2
Thu Apr 02 11:57:05 GMT+03:00 2026,02-apr.-2026 11:57:06.149,5.960483551025391,2.700000047683716,83.1,309.2300109863281,0.45,3.64,9.88,0.09,30.98,-0.02,-,8,13.36,34.52,98,-,9.02,1546.75,0.01,83.1,0.81,-,20,4.93,4.65,-,-,64.42,0,35.58,1134,21.46,21,30.98,15
Thu Apr 02 11:57:07 GMT+03:00 2026,02-apr.-2026 11:57:07.892,7.261186599731445,2.5999999046325684,84.9,302.79998779296875,0.45,2.26,9.25,-0.01,16.08,-0.04,-,8,13.4,34.52,98,11.35,19.61,1955,0.02,84.9,4.64,15.22,20,11.46,18.03,-,-,64.5,0,35.5,1136,26.14,28,30.59,11.5
Thu Apr 02 11:57:09 GMT+03:00 2026,02-apr.-2026 11:57:09.589,7.74965763092041,2.700000047683716,85.4,306.6000061035156,0.09,0.11,10.14,0.05,12.94,0.08,-,8,13.45,34.52,98,1.9,2.75,1500,0,85.4,0.04,2.54,20,3.05,3.28,-,-,64.57,0,35.43,1138,27.9,29,9.02,21
Thu Apr 02 11:57:11 GMT+03:00 2026,02-apr.-2026 11:57:11.302,4.885228633880615,2.5999999046325684,88.1,306.510009765625,0,0.94,9.9,0.03,12.16,-0.01,-,8,13.46,34.52,98,1.9,2.75,977.5,0,88.1,4.62,2.54,19,3.77,2.7,-,-,64.64,0,35.36,1139,17.59,18,7.45,9.5
Thu Apr 02 11:57:12 GMT+03:00 2026,02-apr.-2026 11:57:12.948,2.6266274452209473,2.700000047683716,88.7,317.17999267578125,-0.05,1.22,9.73,0.02,11.76,0,-,8,13.44,34.52,98,-,2.75,860.5,0,88.7,11.59,-,20,4.21,2.55,-,-,64.71,0,35.29,1141,9.46,6,7.06,7.5
Thu Apr 02 11:57:14 GMT+03:00 2026,02-apr.-2026 11:57:14.676,0.0,2.5,91.4,317.17999267578125,0.24,2.35,9.32,-0,11.76,-0.01,-,8,13.4,34.52,98,-,2.75,812.5,0,91.4,0,-,20,4.35,2.5,-,-,64.65,0,35.35,1143,0,0,6.67,8
Thu Apr 02 11:57:16 GMT+03:00 2026,02-apr.-2026 11:57:16.440,0.0,2.4000000953674316,91.5,317.17999267578125,0.4,3.11,9.19,0.01,23.53,0,-,8,13.36,34.52,98,-,2.75,773.25,0,91.5,0,-,20,4.5,2.5,-,-,64.51,0,35.49,1144,0,0,25.1,4.5
Thu Apr 02 11:57:18 GMT+03:00 2026,02-apr.-2026 11:57:18.232,0.0,2.299999952316284,91.5,317.17999267578125,0.54,3.35,8.97,-0,30.59,-0.01,-,8,13.33,34.52,98,0.57,7.84,1493.25,0.01,91.5,3,0.77,20,6.96,8.41,-,-,64.38,0,35.62,1146,0,3,9.8,10
Thu Apr 02 11:57:19 GMT+03:00 2026,02-apr.-2026 11:57:19.931,2.0218288898468018,2.299999952316284,90.30000000000001,302.7300109863281,0.37,2.96,9.3,0.01,12.94,0.01,-,8,13.32,34.52,98,3.14,3.53,1831,0.01,90.3,9,4.21,20,6.09,5.94,-,-,64.38,0,35.62,1148,7.28,9,8.24,-2.5
Thu Apr 02 11:57:21 GMT+03:00 2026,02-apr.-2026 11:57:21.593,0.0,2.299999952316284,90.30000000000001,302.7300109863281,0.12,2.21,9.62,0.03,12.16,0,-,8,13.28,34.52,97,3.14,2.75,985.75,0,90.3,0,4.21,20,4.06,2.91,-,-,64.32,0,35.68,1150,0,0,7.45,2.5
Thu Apr 02 11:57:23 GMT+03:00 2026,02-apr.-2026 11:57:23.404,0.0,2.200000047683716,90.30000000000001,302.7300109863281,0.17,2.22,9.54,0.02,11.76,-0.01,-,8,13.24,34.52,97,-,2.75,862.75,0,90.3,0,-,20,4.06,2.46,-,-,64.18,0,35.82,1151,0,0,7.06,6.5
Thu Apr 02 11:57:25 GMT+03:00 2026,02-apr.-2026 11:57:25.211,0.0,2.200000047683716,90.30000000000001,302.7300109863281,0.14,2.25,9.44,0.01,11.76,-0.01,-,8,13.2,34.52,97,-,2.75,816.75,0,90.3,0,-,20,4.35,2.57,-,-,64.04,0,35.96,1153,0,0,6.67,3
Thu Apr 02 11:57:26 GMT+03:00 2026,02-apr.-2026 11:57:26.927,0.0,1.2000000476837158,90.30000000000001,302.7300109863281,0.13,2.14,9.55,0.02,11.76,0,-,8,13.16,34.52,97,-,2.35,794,0,90.3,0,-,20,4.5,2.48,-,-,63.91,0,36.09,1155,0,0,6.67,9
Thu Apr 02 11:57:28 GMT+03:00 2026,02-apr.-2026 11:57:28.789,0.0,1.100000023841858,90.30000000000001,302.7300109863281,0.22,2.2,9.45,0.01,11.76,0,-,8,13.12,34.52,98,-,2.35,775.5,0,90.3,0,-,20,4.5,2.49,-,-,63.77,0,36.23,1157,0,0,6.67,7.5
Thu Apr 02 11:57:30 GMT+03:00 2026,02-apr.-2026 11:57:30.625,0.0,1.100000023841858,90.30000000000001,302.7300109863281,0.21,2.24,9.41,0.01,12.16,0,-,8,13.08,34.52,98,-,2.75,768.75,0,90.3,0,-,20,4.64,2.44,-,-,63.64,0,36.36,1159,0,0,6.67,7
Thu Apr 02 11:57:32 GMT+03:00 2026,02-apr.-2026 11:57:32.285,0.0,1.0,90.30000000000001,302.7300109863281,0.24,2.23,9.4,0,11.76,-0.01,-,8,13.04,34.52,98,-,2.75,783.5,0,90.3,0,-,20,4.64,2.51,-,-,63.51,0,36.49,1160,0,0,6.67,7.5
Thu Apr 02 11:57:33 GMT+03:00 2026,02-apr.-2026 11:57:33.956,0.0,1.0,90.30000000000001,302.7300109863281,0.17,2.21,9.43,0.01,11.76,0,-,8,13,34.52,98,-,2.35,795,0,90.3,0,-,20,4.64,2.56,-,-,63.39,0,36.61,1162,0,0,6.67,4.5
Thu Apr 02 11:57:35 GMT+03:00 2026,02-apr.-2026 11:57:35.682,0.0,1.0,90.30000000000001,302.7300109863281,0.18,2.24,9.46,0.01,11.76,0,-,8,12.96,34.52,98,-,2.35,775,0,90.3,0,-,20,4.5,2.44,-,-,63.26,0,36.74,1164,0,0,6.67,7.5
Thu Apr 02 11:57:37 GMT+03:00 2026,02-apr.-2026 11:57:37.475,0.0,1.0,90.30000000000001,302.7300109863281,0.23,2.25,9.41,0.01,12.16,-0.01,-,8,12.93,34.52,98,-,2.35,795.75,0,90.3,0,-,20,4.64,2.52,-,-,63.13,0,36.87,1165,0,0,6.67,4.5
Thu Apr 02 11:57:39 GMT+03:00 2026,02-apr.-2026 11:57:39.146,0.0,1.0,90.30000000000001,302.7300109863281,0.25,2.24,9.38,0,11.76,0,-,8,12.89,34.52,98,-,2.75,791.75,0,90.3,0,-,20,4.5,2.46,-,-,63.01,0,36.99,1167,0,0,6.67,7.5
Thu Apr 02 11:57:40 GMT+03:00 2026,02-apr.-2026 11:57:40.972,0.0,1.0,90.30000000000001,302.7300109863281,0.21,2.25,9.41,0.01,11.76,-0.01,-,8,12.85,34.52,98,-,2.35,785.5,0,90.3,0,-,20,4.64,2.5,-,-,62.87,0,37.13,1169,0,0,7.06,4.5
Thu Apr 02 11:57:42 GMT+03:00 2026,02-apr.-2026 11:57:42.831,0.0,1.0,90.30000000000001,302.7300109863281,0.64,4.54,8.86,0.04,49.02,0.01,-,8,12.82,34.66,98,-,2.75,795.5,0,90.3,0,-,20,4.5,2.48,-,-,62.74,0,37.26,1171,0,0,48.24,9
Thu Apr 02 11:57:44 GMT+03:00 2026,02-apr.-2026 11:57:44.537,0.0,1.399999976158142,90.30000000000001,302.7300109863281,1.35,4.94,9.1,0.08,47.06,0.06,-,8,12.8,34.66,98,3.85,30.59,2104.25,0.03,90.3,8,5.16,20,14.21,24.04,-,-,62.75,0,37.25,1172,0,8,80,4
Thu Apr 02 11:57:46 GMT+03:00 2026,02-apr.-2026 11:57:46.279,5.0988383293151855,1.7999999523162842,90.5,319.8599853515625,0.39,1.47,9.27,-0.02,15.29,-0.17,-,8,12.83,34.66,98,21.97,5.49,2371.75,0.01,90.5,9.58,29.47,20,5.08,7.76,-,-,62.83,0,37.17,1174,18.36,23,17.65,13
Thu Apr 02 11:57:47 GMT+03:00 2026,02-apr.-2026 11:57:48.049,5.122515678405762,2.0999999046325684,90.4,318.5400085449219,-1.38,2.02,9,-0.03,13.33,0.02,-,8,12.85,34.66,99,21.97,3.53,1404.25,0,90.4,0.36,29.47,20,3.77,3.69,-,-,62.9,0,37.1,1176,18.44,18,10.2,-4.5
Thu Apr 02 11:57:49 GMT+03:00 2026,02-apr.-2026 11:57:49.801,3.8115179538726807,2.299999952316284,89.7,290.8500061035156,-1.25,2.94,9.54,0.04,25.1,0.04,-,8,12.84,34.66,99,-,2.75,986,0,89.7,3.52,-,19,4.06,2.85,-,-,62.98,0,37.02,1178,13.72,12,12.16,5.5
Thu Apr 02 11:57:51 GMT+03:00 2026,02-apr.-2026 11:57:51.668,4.093070983886719,2.299999952316284,88.7,243.69000244140625,-2.21,3.06,9.82,0.09,25.88,-0.06,-,8,12.85,34.66,99,1.68,7.84,1363.25,0.01,88.7,0.99,2.25,19,8.85,9.02,-,-,63.06,0,36.94,1180,14.74,14,17.65,13
Thu Apr 02 11:57:53 GMT+03:00 2026,02-apr.-2026 11:57:53.470,5.426201820373535,2.4000000953674316,86.9,206.32000732421875,0.5,3.74,9.07,0.02,31.76,0,-,8,12.86,34.66,99,4.19,13.73,1333,0.01,86.9,1.87,5.62,19,10.01,10.04,-,-,63.13,0,36.87,1181,19.53,18,31.37,7
Thu Apr 02 11:57:55 GMT+03:00 2026,02-apr.-2026 11:57:55.267,8.07856559753418,2.4000000953674316,85.6,204.35000610351562,0.72,1.82,9.78,0.04,15.69,0.01,-,8,12.9,34.66,99,14.38,22.75,1937.75,0.02,85.6,3.3,19.28,19,11.31,17.44,-,-,63.21,0,36.79,1183,29.08,27,13.33,8
Thu Apr 02 11:57:56 GMT+03:00 2026,02-apr.-2026 11:57:57.111,8.267983436584473,2.5,85.4,211.4199981689453,0.88,1.74,8.91,-0.05,15.69,-0.15,-,8,12.95,34.66,99,7.45,16.47,1672.25,0.02,85.4,1.92,10,19,8.7,17.32,-,-,63.29,0,36.71,1185,29.76,31,29.8,3.5
Thu Apr 02 11:57:58 GMT+03:00 2026,02-apr.-2026 11:57:58.913,9.212498664855957,2.4000000953674316,82.5,217.72999572753906,-0.13,3.14,9.66,0.05,27.84,0.01,-,8,13.01,34.66,99,3.91,5.88,1663.5,0.01,82.5,1.87,5.24,19,3.63,3.77,-,-,63.36,0,36.64,1187,33.16,33,28.24,9
Thu Apr 02 11:58:00 GMT+03:00 2026,02-apr.-2026 11:58:00.982,10.333563804626465,2.299999952316284,82.30000000000001,216.8699951171875,0.13,2.79,9.95,0.07,25.88,-0.03,-,8,13.08,34.66,99,9.05,14.51,1745.5,0.02,82.3,2.47,12.14,19,9.72,12.71,-,-,63.45,0,36.55,1189,37.2,37,28.63,17.5
Thu Apr 02 11:58:02 GMT+03:00 2026,02-apr.-2026 11:58:02.501,11.232268333435059,2.4000000953674316,80.30000000000001,215.3800048828125,0.33,2.46,9.21,-0.01,25.1,-0.02,-,8,13.15,34.66,99,6.91,9.8,1906.25,0.01,80.3,0.74,9.27,19,7.25,9.53,-,-,63.51,0,36.49,1190,40.44,40,25.1,22
Thu Apr 02 11:58:04 GMT+03:00 2026,02-apr.-2026 11:58:04.337,11.586397171020508,2.5999999046325684,79.7,216.42999267578125,0.42,2.94,8.94,-0.02,36.86,-0.11,-,8,13.23,34.66,100,2.56,10.2,1971.25,0.01,79.7,0.66,3.44,19,6.82,9.48,-,-,63.58,0,36.42,1192,41.71,41,40.78,4.5
Thu Apr 02 11:58:05 GMT+03:00 2026,02-apr.-2026 11:58:06.131,12.166489601135254,2.5999999046325684,79.4,217.17999267578125,-0.42,2.32,8.11,-0.12,26.67,-0.13,-,8,13.33,34.66,100,19.72,30.98,2253.5,0.04,79.4,6.29,26.44,19,13.78,27.16,-,-,63.66,0,36.34,1194,43.8,48,27.06,17.5
Thu Apr 02 11:58:07 GMT+03:00 2026,02-apr.-2026 11:58:07.918,13.801761627197266,2.5999999046325684,78.2,216.47000122070312,-0.46,1.87,9.66,0.02,18.04,0,-,8,13.43,34.66,100,5.93,12.55,2406.75,0.02,78.2,0.36,7.95,18,7.11,11.45,-,-,63.73,0,36.27,1196,49.69,50,21.96,22.5
Thu Apr 02 11:58:09 GMT+03:00 2026,02-apr.-2026 11:58:09.687,14.292806625366211,2.700000047683716,76.30000000000001,215.97999572753906,0.39,1.9,9.6,0.02,21.96,-0.02,-,8,13.53,34.66,100,5.93,4.71,2356.75,0.01,76.3,0.05,7.95,18,3.05,4.5,-,-,63.8,0,36.2,1198,51.45,50,20,23.5
Thu Apr 02 11:58:11 GMT+03:00 2026,02-apr.-2026 11:58:11.515,13.501678466796875,2.799999952316284,74.2,217.22000122070312,-0.06,2.31,9.66,0.03,25.49,-0.01,-,8,13.63,34.66,99,-,9.02,2334.75,0.01,74.2,0.11,-,18,4.79,7.37,-,-,63.88,0,36.12,1199,48.61,49,25.1,26
Thu Apr 02 11:58:13 GMT+03:00 2026,02-apr.-2026 11:58:13.257,12.652386665344238,2.700000047683716,71.80000000000001,214.58999633789062,-0.16,1.97,8.76,-0.07,14.51,-0.08,-,8,13.72,34.66,99,-,9.02,2355.25,0.01,71.8,3.79,-,18,6.09,9.6,-,-,63.95,0,36.05,1201,45.55,49,13.73,22.5
Thu Apr 02 11:58:14 GMT+03:00 2026,02-apr.-2026 11:58:14.949,13.029678344726562,2.5999999046325684,74.0,216.25999450683594,-0.05,1.29,9.63,0.01,13.73,0.01,-,8,13.82,34.66,99,-,3.53,1649,0,74,1.45,-,18,3.05,3.3,-,-,64.01,0,35.99,1203,46.91,47,9.41,26.5
Thu Apr 02 11:58:16 GMT+03:00 2026,02-apr.-2026 11:58:16.653,10.89358139038086,2.5999999046325684,74.6,215.13999938964844,-0.49,2.54,9.65,0.04,29.41,0.01,-,8,13.89,34.66,99,-,3.53,1538,0,74.6,2.69,-,18,3.05,3.23,-,-,64.08,0,35.92,1205,39.22,40,9.41,24.5
Thu Apr 02 11:58:18 GMT+03:00 2026,02-apr.-2026 11:58:18.436,11.367125511169434,2.5,75.4,214.6199951171875,0.67,2.94,9.78,0.06,58.82,0.1,-,8,13.96,34.81,99,-,19.61,1505.25,0.02,75.4,1.14,-,18,11.31,13.57,-,-,64.15,0,35.85,1206,40.92,40,70.2,1.5
Thu Apr 02 11:58:20 GMT+03:00 2026,02-apr.-2026 11:58:20.212,13.22475814819336,2.4000000953674316,76.6,214.75999450683594,0.75,3.66,8.53,-0.03,62.35,0.11,-,8,14.05,34.81,98,16.69,23.53,1730.25,0.03,76.6,5.08,22.39,18,14.21,20.91,-,-,64.22,0,35.78,1208,47.61,46,73.73,2
Thu Apr 02 11:58:21 GMT+03:00 2026,02-apr.-2026 11:58:21.891,13.900074005126953,2.5999999046325684,77.30000000000001,215.60000610351562,-0.2,2.51,10.07,0.08,28.24,0.03,-,8,14.15,34.81,98,15.94,12.94,1912,0.02,77.3,3.39,21.38,18,12.62,16.64,-,-,64.29,0,35.71,1210,50.04,51,29.02,19.5
Thu Apr 02 11:58:23 GMT+03:00 2026,02-apr.-2026 11:58:23.651,13.905735969543457,2.700000047683716,78.9,214.27000427246094,0.16,2.35,9.16,-0.02,27.45,-0.03,-,8,14.25,34.81,98,3.19,12.16,1971.25,0.01,78.9,0.25,4.28,18,8.12,11.06,-,-,64.36,0,35.64,1212,50.06,52,27.84,20
Thu Apr 02 11:58:25 GMT+03:00 2026,02-apr.-2026 11:58:25.383,14.394721984863281,2.700000047683716,80.5,215.1699981689453,-0.12,2.33,9.74,0.04,19.22,0.08,-,8,14.35,34.81,98,3.32,11.76,2011.5,0.01,80.5,3.33,4.45,18,8.27,11.15,-,-,64.43,0,35.57,1213,51.82,53,26.67,22
Thu Apr 02 11:58:27 GMT+03:00 2026,02-apr.-2026 11:58:27.236,14.326778411865234,2.700000047683716,83.2,214.80999755859375,0.33,2.37,9.33,0,25.1,-0.03,-,8,14.46,34.81,98,3.32,3.92,2016,0.01,83.2,1.18,4.45,18,3.77,4.69,-,-,64.5,0,35.5,1215,51.58,53,14.9,27
Thu Apr 02 11:58:28 GMT+03:00 2026,02-apr.-2026 11:58:28.992,14.210451126098633,2.799999952316284,84.30000000000001,214.9499969482422,-0.14,2.49,8.47,0.06,25.49,0.04,-,8,14.56,34.81,98,-,9.8,1964.25,0.01,84.3,0.42,-,18,6.82,8.96,-,-,64.57,0,35.43,1217,51.16,52,25.49,23.5
Thu Apr 02 11:58:30 GMT+03:00 2026,02-apr.-2026 11:58:30.708,14.406559944152832,2.5999999046325684,84.30000000000001,212.2100067138672,-0.47,2.64,10.13,0.09,25.49,0.07,-,8,14.66,34.81,98,3.25,10.2,1983,0.01,84.3,1.13,4.36,18,7.11,9.51,-,-,64.64,0,35.36,1219,51.86,53,25.49,22.5
Thu Apr 02 11:58:32 GMT+03:00 2026,02-apr.-2026 11:58:32.421,14.44619369506836,2.5,82.0,212.38999938964844,-0.73,2.18,9.27,-0.01,17.65,0.02,-,8,14.76,34.81,98,3.25,10.2,1998.75,0.01,82,0.65,4.36,17,7.11,9.39,-,-,64.7,0,35.3,1220,52.01,53,25.49,21.5
Thu Apr 02 11:58:34 GMT+03:00 2026,02-apr.-2026 11:58:34.234,14.46420955657959,2.5,83.4,206.25999450683594,-0.8,2.35,9.99,0.07,13.33,-0.01,-,8,14.86,34.81,98,-,3.92,1955,0.01,83.4,1.01,-,17,3.48,4.36,-,-,64.77,0,35.23,1222,52.07,51,9.02,27
Thu Apr 02 11:58:35 GMT+03:00 2026,02-apr.-2026 11:58:36.057,13.300422668457031,2.5999999046325684,83.1,202.63999938964844,-1.07,1.54,10.07,0.06,16.08,0.02,-,8,14.95,34.81,97,-,6.67,1840,0.01,83.1,4.07,-,17,3.48,5.42,-,-,64.84,0,35.16,1224,47.88,48,23.14,20.5
Thu Apr 02 11:58:37 GMT+03:00 2026,02-apr.-2026 11:58:37.790,12.833569526672363,2.700000047683716,83.6,194.58999633789062,-0.3,2.98,9.19,0,28.63,-0.03,-,8,15.03,34.81,97,-,3.53,1808,0,83.6,0.38,-,18,3.19,3.71,-,-,64.91,0,35.09,1226,46.2,47,30.59,19.5
Thu Apr 02 11:58:39 GMT+03:00 2026,02-apr.-2026 11:58:39.644,12.850555419921875,2.700000047683716,82.0,189.10000610351562,-1.54,1.92,9.66,0.04,16.08,0,-,8,15.12,34.81,97,5.94,18.43,1820.25,0.02,82,2.79,7.97,17,11.31,16.62,-,-,64.98,0,35.02,1228,46.26,49,28.24,9
Thu Apr 02 11:58:41 GMT+03:00 2026,02-apr.-2026 11:58:41.344,13.5629301071167,2.9000000953674316,82.9,183.6199951171875,-0.43,1.63,9.59,0.01,13.33,0.04,-,8,15.21,34.81,97,5.94,3.53,1878.5,0,82.9,0.88,7.97,17,3.05,3.66,-,-,65.04,0,34.96,1229,48.83,49,9.41,27
Thu Apr 02 11:58:43 GMT+03:00 2026,02-apr.-2026 11:58:43.467,12.268404006958008,2.5999999046325684,83.30000000000001,180.6300048828125,-0.31,2.12,10.43,0.1,12.94,0.08,-,8,15.3,34.81,96,-,3.14,1787.25,0,83.3,1.83,-,17,2.76,3.23,-,-,65.12,0,34.88,1231,44.17,47,11.37,-6
Thu Apr 02 11:58:46 GMT+03:00 2026,02-apr.-2026 11:58:46.225,8.032754898071289,2.700000047683716,82.6,186.1300048828125,-0.71,-1.44,10.25,0.08,12.16,0.02,-,8,15.36,34.81,96,-,2.75,963.5,0,82.6,3.78,-,17,3.77,2.66,-,-,65.23,0,34.77,1234,28.92,41,7.45,4
Thu Apr 02 11:58:48 GMT+03:00 2026,02-apr.-2026 11:58:49.042,3.9757144451141357,2.5999999046325684,83.1,200.41000366210938,-0.01,1.87,9.64,0.02,11.76,0,-,8,15.34,34.81,96,-,2.75,814,0,83.1,17.01,-,17,4.35,2.5,-,-,65.13,0,34.87,1237,14.31,4,7.06,5.5
Thu Apr 02 11:58:51 GMT+03:00 2026,02-apr.-2026 11:58:52.124,0.0,2.5999999046325684,84.5,202.0399932861328,0.14,2.68,9.36,0.01,21.18,0,-,8,15.3,34.81,96,-,2.75,788.75,0,84.5,0,-,18,4.5,2.5,-,-,64.92,0,35.08,1240,0,0,17.65,7
Thu Apr 02 11:58:54 GMT+03:00 2026,02-apr.-2026 11:58:55.080,0.0,2.5999999046325684,84.6,202.0399932861328,0.34,4.92,9.13,0.08,39.61,0.02,-,8,15.27,34.81,96,-,9.8,1548,0.01,84.6,4,-,18,5.22,6.68,-,-,64.71,0,35.29,1243,0,4,27.45,17
Thu Apr 02 11:58:56 GMT+03:00 2026,02-apr.-2026 11:58:56.815,4.5866899490356445,2.5,87.1,178.52000427246094,0.54,3.83,9.3,0.05,29.41,0.03,-,8,15.28,34.81,95,-,7.06,2417.75,0.02,87.1,10.2,-,17,12.47,18.52,-,-,64.71,0,35.29,1245,16.51,21,26.67,23
Thu Apr 02 11:58:58 GMT+03:00 2026,02-apr.-2026 11:58:58.505,7.133535385131836,2.700000047683716,87.9,179.49000549316406,0.85,3.75,9.84,0.1,32.94,0.03,-,8,15.31,34.81,95,6.4,21.96,1806.25,0.02,87.9,4.33,8.58,17,10.88,18.19,-,-,64.78,0,35.22,1247,25.68,25,35.69,7.5
Thu Apr 02 11:59:00 GMT+03:00 2026,02-apr.-2026 11:59:00.302,8.85888385772705,2.5999999046325684,88.2,182.33999633789062,0.39,1.34,7.65,-0.19,14.12,-0.18,-,8,15.35,34.81,95,18.85,6.67,2370.25,0.03,88.2,4.5,25.27,17,11.17,22.21,-,-,64.84,0,35.16,1248,31.89,34,10.2,23.5
Thu Apr 02 11:59:01 GMT+03:00 2026,02-apr.-2026 11:59:02.036,8.440929412841797,2.5,87.9,184.27000427246094,-0.52,-0.16,9.98,0.04,12.55,0.02,-,8,15.39,34.81,95,18.85,3.14,1143.5,0,87.9,0.89,25.27,17,4.21,3.32,-,-,64.91,0,35.09,1250,30.39,31,8.24,5
Thu Apr 02 11:59:03 GMT+03:00 2026,02-apr.-2026 11:59:03.784,5.894598960876465,2.5,89.4,187.75,-0.19,-0.18,10.03,0.04,12.16,0.03,-,8,15.4,34.81,95,-,2.75,924,0,89.4,7.38,-,17,4.06,2.72,-,-,64.97,0,35.03,1252,21.22,19,7.45,5
Thu Apr 02 11:59:05 GMT+03:00 2026,02-apr.-2026 11:59:05.613,2.4742696285247803,2.4000000953674316,89.80000000000001,187.60000610351562,0.63,3.03,9.49,0.04,21.18,0.01,-,8,15.38,34.81,95,-,2.75,838,0,89.8,7.02,-,17,4.35,2.65,-,-,65.04,0,34.96,1254,8.91,7,25.1,2
Thu Apr 02 11:59:07 GMT+03:00 2026,02-apr.-2026 11:59:07.419,2.895827293395996,2.5,89.9,190.1300048828125,1.1,5.78,8.59,0.08,44.31,0.03,-,8,15.37,34.81,95,2.57,3.92,1349.75,0.01,89.9,1.64,3.45,17,5.8,4.67,-,-,65.11,0,34.89,1255,10.42,11,25.1,6
Thu Apr 02 11:59:08 GMT+03:00 2026,02-apr.-2026 11:59:09.091,4.222781181335449,2.5,90.2,194.97000122070312,0.34,2.13,9.86,0.05,22.35,0.02,-,8,15.38,34.66,95,7.97,26.67,2186.5,0.03,90.2,7.58,10.69,17,12.76,21.26,-,-,65.17,0,34.83,1257,15.2,18,35.69,10.5
Thu Apr 02 11:59:10 GMT+03:00 2026,02-apr.-2026 11:59:10.740,6.888012886047363,2.5,89.2,195.02999877929688,-1.82,3.47,9.34,0.05,30.59,0.02,-,8,15.4,34.66,95,9.1,21.18,2304.5,0.01,89.2,3.12,12.21,17,3.92,8.99,-,-,65.23,0,34.77,1259,24.8,24,32.16,10.5
Thu Apr 02 11:59:12 GMT+03:00 2026,02-apr.-2026 11:59:12.557,8.367324829101562,2.5999999046325684,89.1,174.6699981689453,-0.23,4.24,9.29,0.06,37.25,0,-,8,15.43,34.66,95,9.16,20.39,2146.25,0.02,89.1,2.57,12.28,17,7.69,11.66,-,-,65.29,0,34.71,1261,30.12,29,32.94,14
Thu Apr 02 11:59:14 GMT+03:00 2026,02-apr.-2026 11:59:14.313,11.31771183013916,2.5999999046325684,88.4,168.17999267578125,1.18,2.04,10.09,0.08,23.92,-0.01,-,8,15.49,34.66,95,23.99,40.39,2735,0.04,88.4,4.05,32.17,17,12.76,30.29,-,-,65.36,0,34.64,1262,40.74,39,46.27,1.5
Thu Apr 02 11:59:15 GMT+03:00 2026,02-apr.-2026 11:59:16.128,11.566837310791016,2.700000047683716,88.2,172.10000610351562,1.39,3.36,9.01,0.01,67.45,0,-,8,15.56,34.66,96,10.1,25.49,2189,0.01,88.2,2.26,13.55,17,3.34,6.93,-,-,65.42,0,34.58,1264,41.64,43,54.12,4.5
Thu Apr 02 11:59:17 GMT+03:00 2026,02-apr.-2026 11:59:17.849,12.915410041809082,2.799999952316284,89.30000000000001,180.22000122070312,1.15,3.44,9.23,0.03,70.59,0.01,-,8,15.65,34.66,96,17.83,32.55,2323,0.04,89.3,5.91,23.91,17,14.21,28.71,-,-,65.49,0,34.51,1266,46.5,49,85.1,4.5
Thu Apr 02 11:59:19 GMT+03:00 2026,02-apr.-2026 11:59:19.682,14.704070091247559,2.700000047683716,90.6,183.6199951171875,0.42,3.45,9.54,0.05,72.55,0,-,8,15.74,34.66,96,16.98,36.86,2537,0.04,90.6,4.23,22.77,17,14.07,32.26,-,-,65.55,0,34.45,1268,52.93,54,87.84,4
Thu Apr 02 11:59:21 GMT+03:00 2026,02-apr.-2026 11:59:21.307,16.480375289916992,2.799999952316284,88.80000000000001,184.72999572753906,0.63,2.62,9.28,0,74.12,0,-,8,15.85,34.66,96,17.97,41.57,2773.5,0.05,88.8,3.08,24.1,16,14.07,36.63,-,-,65.61,0,34.39,1269,59.33,59,90.59,3.5
Thu Apr 02 11:59:22 GMT+03:00 2026,02-apr.-2026 11:59:23.028,16.72075080871582,2.799999952316284,89.80000000000001,187.1999969482422,0.91,3.1,9.62,0.05,69.02,0.09,-,8,15.96,34.66,96,3.81,31.76,2627.5,0.01,89.8,0.67,5.11,16,4.06,7.36,-,-,65.67,0,34.33,1271,60.19,60,83.92,4.5
Thu Apr 02 11:59:24 GMT+03:00 2026,02-apr.-2026 11:59:24.794,17.2617244720459,2.799999952316284,89.80000000000001,189.33999633789062,0.7,3.33,9.63,0.06,69.8,-0.02,-,8,16.08,34.66,96,11.82,32.94,2370.25,0.04,89.8,2.04,15.85,16,14.21,29.32,-,-,65.73,0,34.27,1273,62.14,63,85.49,4.5
Thu Apr 02 11:59:26 GMT+03:00 2026,02-apr.-2026 11:59:26.556,18.143444061279297,2.5,86.9,192.11000061035156,0.66,2.96,8.78,-0.03,70.59,-0.01,-,8,16.2,34.66,96,12.19,35.29,2475,0.04,86.9,2.38,16.34,15,14.07,31.22,-,-,65.8,0,34.2,1275,65.32,66,86.67,4.5
Thu Apr 02 11:59:28 GMT+03:00 2026,02-apr.-2026 11:59:28.314,18.87383460998535,2.5,90.5,194.3000030517578,0.79,2.17,9.32,-0,29.02,-0.02,-,8,16.33,34.66,96,8.5,37.25,2563,0.04,90.5,1.17,11.39,15,14.07,33.06,-,-,65.86,0,34.14,1276,67.95,68,39.22,6
Thu Apr 02 11:59:30 GMT+03:00 2026,02-apr.-2026 11:59:30.158,18.2072696685791,2.5999999046325684,93.1,198.36000061035156,0.46,2.33,8.53,-0.08,30.98,-0.05,-,8,16.46,34.66,96,8.5,16.86,2578.75,0.02,93.1,0.05,11.39,15,7.83,15.36,-,-,65.92,0,34.08,1278,65.55,68,29.41,21
Thu Apr 02 11:59:31 GMT+03:00 2026,02-apr.-2026 11:59:31.981,18.713241577148438,2.5,93.1,199.0800018310547,0.62,2.33,9.78,0.05,27.45,-0.04,-,8,16.59,34.66,96,-,20.39,2564.75,0.03,93.1,2.45,-,15,10.73,23.07,-,-,65.99,0,34.01,1280,67.37,68,27.84,22.5
Thu Apr 02 11:59:33 GMT+03:00 2026,02-apr.-2026 11:59:33.644,18.39565658569336,2.5,94.9,200.35000610351562,0.45,2.62,8.94,-0.03,32.55,0,-,8,16.71,34.66,96,-,23.14,2516.5,0.02,94.9,0.48,-,15,9.28,17.81,-,-,66.04,0,33.96,1282,66.22,67,35.29,11.5
Thu Apr 02 11:59:35 GMT+03:00 2026,02-apr.-2026 11:59:35.438,18.791479110717773,2.5999999046325684,99.1,203.60000610351562,0.56,1.86,10.35,0.09,20.39,0.07,-,8,16.84,34.66,96,8.51,16.47,2571.75,0.03,99.1,1.84,11.42,14,10.88,22.56,-,-,66.11,0,33.89,1283,67.65,69,29.02,20
Thu Apr 02 11:59:37 GMT+03:00 2026,02-apr.-2026 11:59:37.238,18.124914169311523,2.799999952316284,99.30000000000001,206.89999389648438,-0.23,1.96,9.5,0.01,13.33,0,-,8,16.96,34.66,96,8.51,3.53,1842.5,0.01,99.3,0.65,11.42,15,3.48,4.84,-,-,66.17,0,33.83,1285,65.25,67,11.37,-5.5
Thu Apr 02 11:59:38 GMT+03:00 2026,02-apr.-2026 11:59:39.005,18.41521644592285,2.799999952316284,99.0,207.9600067138672,0.32,1.79,9.06,-0.04,12.55,-0.05,-,8,17.08,34.66,96,-,3.14,1032,0,99,0.75,-,15,3.92,2.97,-,-,66.23,0,33.77,1287,66.29,66,8.24,7.5
Thu Apr 02 11:59:40 GMT+03:00 2026,02-apr.-2026 11:59:40.765,18.194400787353516,2.5999999046325684,99.9,209.2899932861328,-0.16,2.59,9.55,0.03,12.55,0.22,-,8,17.2,34.66,96,-,2.75,925.75,0,99.9,0.97,-,15,4.35,2.88,-,-,66.29,0,33.71,1289,65.5,65,7.84,8
Thu Apr 02 11:59:42 GMT+03:00 2026,02-apr.-2026 11:59:42.631,17.549453735351562,2.700000047683716,99.6,209.1699981689453,-0.11,2.38,9.07,-0.02,12.55,-0.08,-,8,17.32,34.66,96,-,2.75,871.5,0,99.6,0.27,-,15,4.35,2.73,-,-,66.35,0,33.65,1291,63.18,65,7.45,9
Thu Apr 02 11:59:44 GMT+03:00 2026,02-apr.-2026 11:59:44.423,17.509305953979492,2.799999952316284,100.0,208.08999633789062,-0.07,2,9.45,0,12.16,-0.01,-,8,17.43,34.66,97,-,2.75,848.5,0,100,0.81,-,15,4.35,2.66,-,-,66.41,0,33.59,1292,63.03,65,7.06,6.5
Thu Apr 02 11:59:46 GMT+03:00 2026,02-apr.-2026 11:59:46.252,17.945789337158203,2.9000000953674316,99.80000000000001,207.27999877929688,-0.01,1.68,9.04,-0.04,12.16,-0.02,-,8,17.54,34.66,97,-,2.75,852.5,0,99.8,0.97,-,15,4.35,2.67,-,-,66.48,0,33.52,1294,64.6,64,7.45,6.5
Thu Apr 02 11:59:47 GMT+03:00 2026,02-apr.-2026 11:59:48.036,17.928804397583008,2.9000000953674316,99.5,208.35000610351562,0.26,1.75,10.01,0.05,12.16,0.1,-,8,17.65,34.66,97,-,2.75,854.5,0,99.5,1.6,-,15,4.35,2.68,-,-,66.54,0,33.46,1296,64.54,63,7.06,6
Thu Apr 02 11:59:49 GMT+03:00 2026,02-apr.-2026 11:59:49.700,17.327608108520508,2.799999952316284,98.5,209.10000610351562,-0.01,1.93,9.92,0.05,12.16,0.05,-,8,17.76,34.66,97,-,2.75,841.75,0,98.5,0.59,-,15,4.35,2.61,-,-,66.59,0,33.41,1298,62.38,62,7.06,9
Thu Apr 02 11:59:51 GMT+03:00 2026,02-apr.-2026 11:59:51.377,17.185544967651367,2.9000000953674316,96.1,210.0800018310547,0.06,2.14,10.21,0.08,12.16,0.01,-,8,17.86,34.66,97,-,2.75,838.75,0,96.1,2.43,-,15,4.35,2.56,-,-,66.65,0,33.35,1299,61.87,60,7.06,6
Thu Apr 02 11:59:52 GMT+03:00 2026,02-apr.-2026 11:59:53.095,17.013113021850586,2.700000047683716,94.80000000000001,208.3800048828125,0.06,2.09,9.09,-0.03,12.16,-0.04,-,8,17.96,34.66,97,-,2.75,839.75,0,94.8,2.87,-,15,4.5,2.64,-,-,66.71,0,33.29,1301,61.25,59,7.06,6.5
Thu Apr 02 11:59:54 GMT+03:00 2026,02-apr.-2026 11:59:54.824,15.205924034118652,2.9000000953674316,92.2,208.89999389648438,-0.26,2.05,9.74,0.03,12.16,0.02,-,8,18.06,34.66,96,-,2.75,846.25,0,92.2,0.29,-,15,4.35,2.57,-,-,66.76,0,33.24,1303,54.74,57,7.06,6.5
Thu Apr 02 11:59:56 GMT+03:00 2026,02-apr.-2026 11:59:56.690,14.466782569885254,2.700000047683716,91.0,207.97000122070312,-0.02,0.86,9.67,0.01,11.76,-0.03,-,8,18.14,34.66,96,-,2.75,828,0,91,1.72,-,15,4.35,2.61,-,-,66.83,0,33.17,1305,52.08,55,7.06,8
Thu Apr 02 11:59:58 GMT+03:00 2026,02-apr.-2026 11:59:58.454,12.019278526306152,2.5999999046325684,92.1,206.94000244140625,-0.26,-0.66,10.07,0.05,12.16,0,-,8,18.21,34.66,96,-,2.75,824,0,92.1,2.79,-,15,4.5,2.57,-,-,66.89,0,33.11,1306,43.27,47,7.06,8
Thu Apr 02 12:00:00 GMT+03:00 2026,02-apr.-2026 12:00:00.366,7.8047332763671875,2.5999999046325684,91.9,208.25,-0.65,-0.25,10.11,0.05,11.76,0.03,-,8,18.24,34.66,95,-,2.75,805.25,0,91.9,3.07,-,16,4.5,2.58,-,-,66.95,0,33.05,1308,28.1,31,6.67,7.5
Thu Apr 02 12:00:01 GMT+03:00 2026,02-apr.-2026 12:00:02.110,5.686136245727539,2.5999999046325684,91.6,207.9499969482422,-0.22,2.16,9.39,0,11.76,0,-,8,18.23,34.66,95,-,2.75,790,0,91.6,13.1,-,16,4.64,2.6,-,-,67.01,0,32.99,1310,20.47,15,6.67,4.5
Thu Apr 02 12:00:03 GMT+03:00 2026,02-apr.-2026 12:00:03.841,2.397061347961426,2.5,90.4,204.24000549316406,-0.86,4.97,8.4,0.02,29.02,0.04,-,8,18.2,34.66,95,-,16.86,811.25,0,90.4,10.7,-,16,4.79,2.62,-,-,66.94,0,33.06,1312,8.63,4,30.98,10.5
Thu Apr 02 12:00:05 GMT+03:00 2026,02-apr.-2026 12:00:05.630,3.1758360862731934,2.5,89.7,171.72000122070312,-2.96,2.5,9.51,0.07,25.88,0,-,8,18.18,34.66,95,4.73,7.45,1441.5,0.01,89.7,0.67,6.35,16,6.82,6.08,-,-,66.94,0,33.06,1314,11.43,11,25.88,2
Thu Apr 02 12:00:07 GMT+03:00 2026,02-apr.-2026 12:00:07.361,3.1665711402893066,2.5,89.7,124.9000015258789,-4.05,3.91,8.81,0.09,31.76,0.08,-,8,18.17,34.66,95,1.6,16.47,1925,0.01,89.7,0.79,2.15,15,8.12,10.75,-,-,67,0,33,1315,11.4,13,34.12,11.5
Thu Apr 02 12:00:08 GMT+03:00 2026,02-apr.-2026 12:00:09.114,6.013499736785889,2.5,90.0,48.150001525878906,1.52,3.78,8.31,-0.04,41.96,0.07,-,8,18.18,34.66,94,12.09,7.06,2611.25,0.01,90,10.6,16.21,15,5.95,9.07,-,-,67.06,0,32.94,1317,21.65,22,42.35,1
Thu Apr 02 12:00:10 GMT+03:00 2026,02-apr.-2026 12:00:10.926,7.79186487197876,2.5,90.30000000000001,30.860000610351562,0.06,4.19,9.69,0.1,73.73,-0.03,-,8,18.22,34.66,94,21.7,34.51,2324.75,0.04,90.3,10.58,29.1,15,14.07,28.48,-,-,67.12,0,32.88,1319,28.05,33,88.24,4.5
Thu Apr 02 12:00:12 GMT+03:00 2026,02-apr.-2026 12:00:12.649,10.967700958251953,2.5,90.6,28.56999969482422,-0.47,3.59,9.53,0.06,54.12,-0.01,-,8,18.27,34.66,93,25.98,6.67,2900,0.02,90.6,9.29,34.84,15,8.12,11.76,-,-,67.17,0,32.83,1321,39.48,43,30.98,24.5
Thu Apr 02 12:00:14 GMT+03:00 2026,02-apr.-2026 12:00:14.458,13.456382751464844,2.5999999046325684,92.6,26.3799991607666,-0.4,3.47,8.96,-0,70.2,0.03,-,8,18.34,34.66,94,11.93,31.76,2224,0.04,92.6,3.24,15.99,15,14.07,27.79,-,-,67.23,0,32.77,1323,48.44,47,84.31,5.5
Thu Apr 02 12:00:16 GMT+03:00 2026,02-apr.-2026 12:00:16.187,15.339237213134766,2.5,95.6,26.649999618530273,0.88,1.89,9.9,0.05,22.35,0.01,-,8,18.43,34.66,94,29.53,38.82,2616.75,0.04,95.6,4.59,39.59,15,14.07,33.57,-,-,67.29,0,32.71,1324,55.22,56,89.02,4.5
Thu Apr 02 12:00:17 GMT+03:00 2026,02-apr.-2026 12:00:18.005,15.179673194885254,2.5,95.1,27.979999542236328,-0.79,3.52,9.99,0.1,69.41,-0.05,-,8,18.52,34.66,94,10.98,30.98,2420.75,0.01,95.1,3.78,14.72,14,3.34,9.17,-,-,67.35,0,32.65,1326,54.65,59,83.53,2
Thu Apr 02 12:00:19 GMT+03:00 2026,02-apr.-2026 12:00:19.896,17.705928802490234,2.5999999046325684,93.0,25.829999923706055,0.5,2.65,8.37,-0.08,71.37,-0.1,-,8,18.63,34.66,94,27.12,35.69,2455.5,0.04,93,5.06,36.37,14,14.07,30.97,-,-,67.41,0,32.59,1328,63.74,66,87.06,4.5
Thu Apr 02 12:00:21 GMT+03:00 2026,02-apr.-2026 12:00:21.594,19.808570861816406,2.299999952316284,90.80000000000001,26.90999984741211,0.34,2.66,10.16,0.09,30.2,0.07,-,8,18.75,34.66,94,21.46,29.02,2670.75,0.05,90.8,2.25,28.78,14,14.07,35.01,-,-,67.46,0,32.54,1330,71.31,71,31.76,18.5
Thu Apr 02 12:00:23 GMT+03:00 2026,02-apr.-2026 12:00:23.331,19.345834732055664,2.200000047683716,89.1,28.040000915527344,0.28,1.23,10.16,0.06,31.76,0.01,-,8,18.88,34.66,94,4.48,5.1,2316,0.01,89.1,0.7,6,14,3.77,6.25,-,-,67.52,0,32.48,1331,69.65,72,9.8,25.5
Thu Apr 02 12:00:25 GMT+03:00 2026,02-apr.-2026 12:00:25.223,19.798789978027344,2.5,96.9,29.959999084472656,0.14,2.61,9.2,-0.01,66.67,-0.02,-,8,19,34.66,94,4.48,29.8,2147.5,0.04,96.9,1.35,6,14,14.07,28.91,-,-,67.57,0,32.43,1333,71.28,71,80.78,4.5
Thu Apr 02 12:00:26 GMT+03:00 2026,02-apr.-2026 12:00:27.005,19.904823303222656,2.700000047683716,96.7,30.190000534057617,-0.03,2.89,9.82,0.06,67.84,0.04,-,8,19.12,34.66,94,12.63,30.98,2217.5,0.04,96.7,2.72,16.94,14,14.21,27.93,-,-,67.63,0,32.37,1335,71.66,74,81.96,4.5
Thu Apr 02 12:00:28 GMT+03:00 2026,02-apr.-2026 12:00:28.737,20.270275115966797,2.5999999046325684,97.30000000000001,29.3700008392334,0.19,2.49,9.01,-0.03,27.45,0,-,8,19.25,34.66,94,9.61,26.27,2267,0.03,97.3,3.06,12.89,14,12.33,24.58,-,-,67.69,0,32.31,1337,72.97,76,27.45,16.5
Thu Apr 02 12:00:30 GMT+03:00 2026,02-apr.-2026 12:00:30.581,20.49366569519043,2.4000000953674316,97.2,27.6299991607666,-0.54,1.82,9.67,0.02,19.22,0,-,8,19.38,34.66,94,9.61,14.9,2245.5,0.02,97.2,0.87,12.89,14,8.56,13.95,-,-,67.74,0,32.26,1339,73.78,75,23.92,21
Thu Apr 02 12:00:32 GMT+03:00 2026,02-apr.-2026 12:00:32.323,19.619667053222656,2.5999999046325684,97.0,24.65999984741211,-1.07,1.47,8.72,-0.07,13.33,0.1,-,8,19.5,34.66,94,-,4.31,2196.5,0.01,97,0.23,-,14,3.63,5,-,-,67.8,0,32.2,1340,70.63,73,9.41,27
Thu Apr 02 12:00:33 GMT+03:00 2026,02-apr.-2026 12:00:33.992,19.033912658691406,2.700000047683716,96.2,23.139999389648438,-0.49,1.58,9.73,0.03,13.33,-0.01,-,8,19.62,34.66,94,-,3.92,2106.5,0.01,96.2,0.63,-,14,2.76,3.75,-,-,67.85,0,32.15,1342,68.52,70,9.02,27.5
Thu Apr 02 12:00:35 GMT+03:00 2026,02-apr.-2026 12:00:35.636,18.499116897583008,2.5999999046325684,95.5,19.280000686645508,-0.26,1.37,9.75,0.02,14.12,0.01,-,8,19.73,34.66,93,-,3.92,2052.5,0,95.5,0.58,-,14,2.76,3.66,-,-,67.9,0,32.1,1344,66.6,68,9.41,27.5
Thu Apr 02 12:00:37 GMT+03:00 2026,02-apr.-2026 12:00:37.412,18.26388931274414,2.5999999046325684,95.7,17.8700008392334,-0.36,2.52,8.8,-0.05,13.33,-0.02,-,8,19.83,34.66,93,-,3.92,2568.25,0.01,95.7,1.35,-,14,3.05,4.04,-,-,67.95,0,32.05,1345,65.75,66,9.02,29.5
Thu Apr 02 12:00:39 GMT+03:00 2026,02-apr.-2026 12:00:39.243,18.0338077545166,2.5999999046325684,94.9,15.720000267028809,-0.44,1.49,8.45,-0.11,13.33,-0.12,-,8,19.93,34.66,93,-,3.92,2496.25,0,94.9,0.25,-,14,2.18,3.58,-,-,68.01,0,31.99,1347,64.92,66,8.63,29.5
Thu Apr 02 12:00:40 GMT+03:00 2026,02-apr.-2026 12:00:41.019,17.507246017456055,2.700000047683716,93.80000000000001,14.470000267028809,-0.75,1.65,10.05,0.06,13.33,-0.03,-,8,20.03,34.66,93,-,3.53,2431.75,0,93.8,0.92,-,14,2.32,3.54,-,-,68.07,0,31.93,1349,63.03,64,9.02,29.5
Thu Apr 02 12:00:42 GMT+03:00 2026,02-apr.-2026 12:00:42.904,16.96678924560547,2.799999952316284,91.6,11.0,-0,1.07,9.9,0.03,13.33,-0.02,-,8,20.13,34.66,92,-,3.53,2349.5,0,91.6,0.32,-,14,2.32,3.45,-,-,68.12,0,31.88,1351,61.08,62,9.02,29
Thu Apr 02 12:00:44 GMT+03:00 2026,02-apr.-2026 12:00:44.788,15.167319297790527,2.799999952316284,87.1,9.569999694824219,-1.08,1.86,9.74,0.04,12.94,0.05,-,8,20.21,34.66,92,-,3.53,2100.75,0,87.1,1.68,-,14,2.47,3.49,-,-,68.18,0,31.82,1353,54.6,55,9.02,28
Thu Apr 02 12:00:46 GMT+03:00 2026,02-apr.-2026 12:00:46.455,14.47707748413086,2.799999952316284,83.7,7.21999979019165,-0.01,1.85,9.41,-0,13.33,-0.02,-,8,20.28,34.66,92,-,3.53,2037.75,0,83.7,1.27,-,14,2.61,3.39,-,-,68.23,0,31.77,1355,52.12,54,9.02,28
Thu Apr 02 12:00:47 GMT+03:00 2026,02-apr.-2026 12:00:48.168,14.693775177001953,2.5999999046325684,81.7,6.289999961853027,-0.6,1.18,10.08,0.05,13.33,-0.02,-,8,20.36,34.66,92,-,3.53,2027.75,0,81.7,1.88,-,14,2.61,3.35,-,-,68.28,0,31.72,1356,52.9,54,9.02,28
Thu Apr 02 12:00:49 GMT+03:00 2026,02-apr.-2026 12:00:49.953,14.479650497436523,2.5999999046325684,77.1,2.7100000381469727,-0.65,-0.24,9.93,0.03,13.73,0.05,-,8,20.42,34.66,92,-,3.14,1886,0,77.1,4.57,-,14,2.61,3.21,-,-,68.34,0,31.66,1358,52.13,49,9.41,28
Thu Apr 02 12:00:51 GMT+03:00 2026,02-apr.-2026 12:00:51.672,10.002081871032715,2.5999999046325684,75.7,3.190000057220459,-0.84,-0,9.98,0.04,12.94,0.08,-,8,20.46,34.66,91,-,3.14,1229,0,75.7,4.75,-,14,2.9,2.9,-,-,68.39,0,31.61,1360,36.01,38,8.63,12.5
Thu Apr 02 12:00:53 GMT+03:00 2026,02-apr.-2026 12:00:53.387,6.459764003753662,2.5999999046325684,75.30000000000001,2.390000104904175,-0.31,0.19,10.1,0.05,12.16,0.11,-,8,20.47,34.66,91,-,2.75,940,0,75.3,1.81,-,14,3.92,2.61,-,-,68.44,0,31.56,1361,23.26,27,7.45,9
Thu Apr 02 12:00:55 GMT+03:00 2026,02-apr.-2026 12:00:55.175,3.6622486114501953,2.5999999046325684,76.30000000000001,9.970000267028809,0.17,1.85,9.59,0.01,12.16,-0.02,-,8,20.46,34.66,91,-,2.75,829.5,0,76.3,7.26,-,14,4.21,2.51,-,-,68.49,0,31.51,1363,13.18,16,7.06,7
Thu Apr 02 12:00:56 GMT+03:00 2026,02-apr.-2026 12:00:56.901,3.358562469482422,2.5,77.4,11.390000343322754,-0.06,2.17,9.46,0.01,11.76,-0.01,-,8,20.45,34.66,91,-,2.75,798.25,0,77.4,0.18,-,14,4.35,2.48,-,-,68.54,0,31.46,1365,12.09,13,6.67,8
Thu Apr 02 12:00:58 GMT+03:00 2026,02-apr.-2026 12:00:58.605,3.8228418827056885,2.4000000953674316,77.5,12.960000038146973,-0.39,0.86,9.92,0.03,11.76,0.01,-,8,20.43,34.66,91,0.9,2.35,764.5,0,77.5,1.45,1.21,14,4.35,2.35,-,-,68.59,0,31.41,1367,13.76,14,6.67,8
Thu Apr 02 12:01:00 GMT+03:00 2026,02-apr.-2026 12:01:00.313,3.118187189102173,2.4000000953674316,77.5,12.220000267028809,0.29,2.94,9.61,0.04,25.49,0.02,-,8,20.41,34.66,90,0.9,2.75,797.75,0,77.5,1.84,1.21,14,4.5,2.48,-,-,68.65,0,31.35,1368,11.23,10,7.06,4.5
Thu Apr 02 12:01:01 GMT+03:00 2026,02-apr.-2026 12:01:02.033,3.3132669925689697,2.4000000953674316,77.4,14.75,-0.77,-1.12,9.97,0.04,14.9,-0.01,-,8,20.39,34.81,90,2.48,9.02,1376.5,0.01,77.4,1.77,3.33,14,8.56,7.25,-,-,68.7,0,31.3,1370,11.93,13,57.25,-3
Thu Apr 02 12:01:03 GMT+03:00 2026,02-apr.-2026 12:01:03.806,2.508756160736084,2.5,77.2,16.940000534057617,-0.23,1.4,9.7,0.02,12.94,0,-,8,20.37,34.81,90,2.48,3.14,1589.5,0.01,77.2,7.1,3.33,14,3.63,4.09,-,-,68.75,0,31.25,1372,9.03,8,8.63,11.5
Thu Apr 02 12:01:05 GMT+03:00 2026,02-apr.-2026 12:01:05.553,0.0,2.5,77.2,16.940000534057617,-0.15,1.56,9.59,0.01,15.29,-0.01,-,8,20.32,34.81,90,-,2.75,934.75,0,77.2,0,-,14,4.21,2.77,-,-,68.69,0,31.31,1374,0,0,29.41,-11
Thu Apr 02 12:01:07 GMT+03:00 2026,02-apr.-2026 12:01:07.352,0.0,2.5999999046325684,77.1,16.940000534057617,0.03,2.12,9.41,0,12.94,-0.01,-,8,20.28,34.81,89,-,3.14,1122,0,77.1,0,-,14,3.77,3.1,-,-,68.57,0,31.43,1375,0,0,29.41,14.5
Thu Apr 02 12:01:09 GMT+03:00 2026,02-apr.-2026 12:01:09.223,0.0,2.5,77.1,16.940000534057617,-0.06,2.05,9.48,0.01,12.16,-0.01,-,8,20.23,34.81,89,-,2.75,898,0,77.1,0,-,14,4.06,2.58,-,-,68.45,0,31.55,1377,0,0,7.84,10.5
Thu Apr 02 12:01:10 GMT+03:00 2026,02-apr.-2026 12:01:10.951,0.0,2.5,77.1,16.940000534057617,0.81,5.24,8.83,0.07,29.02,0.05,-,8,20.19,34.81,89,-,14.12,965,0,77.1,0,-,14,4.21,3.28,-,-,68.34,0,31.66,1379,0,0,29.41,14
Thu Apr 02 12:01:12 GMT+03:00 2026,02-apr.-2026 12:01:12.630,0.0,2.5999999046325684,77.1,16.940000534057617,0.44,5.24,8.91,0.07,72.55,0.05,-,8,20.17,34.81,89,9.24,22.35,1493.75,0.02,77.1,12,12.39,14,14.07,15.14,-,-,68.34,0,31.66,1381,0,12,80,2.5
Thu Apr 02 12:01:14 GMT+03:00 2026,02-apr.-2026 12:01:14.320,6.144753932952881,2.5,78.6,20.690000534057617,-2.39,2.5,9.63,0.06,15.29,0,-,8,20.18,34.81,89,20.41,5.49,2488.25,0.01,78.6,9.26,27.37,14,4.79,8.18,-,-,68.39,0,31.61,1382,22.12,25,9.8,25
Thu Apr 02 12:01:15 GMT+03:00 2026,02-apr.-2026 12:01:16.089,5.749961853027344,2.5999999046325684,78.9,8.430000305175781,-2.38,1.67,9.8,0.06,13.73,0.03,-,8,20.19,34.81,89,20.41,3.53,1605.25,0,78.9,1.12,27.37,14,3.19,3.71,-,-,68.44,0,31.56,1384,20.7,21,9.41,25.5
Thu Apr 02 12:01:17 GMT+03:00 2026,02-apr.-2026 12:01:17.874,5.452967166900635,2.700000047683716,80.1,336.6600036621094,-2.24,2.49,9.3,0.03,20.78,0.02,-,8,20.18,34.81,89,-,6.27,1302.75,0.01,80.1,4.25,-,14,4.06,5.48,-,-,68.49,0,31.51,1386,19.63,16,9.41,9.5
Thu Apr 02 12:01:19 GMT+03:00 2026,02-apr.-2026 12:01:19.624,5.5049543380737305,2.5,79.2,267.3800048828125,-0.79,4.3,9.11,0.05,60.78,0.01,-,8,20.17,34.95,89,1.03,17.25,1516.75,0.02,79.2,0.23,1.38,14,11.6,13.61,-,-,68.55,0,31.45,1388,19.82,17,69.41,1
Thu Apr 02 12:01:21 GMT+03:00 2026,02-apr.-2026 12:01:21.259,8.127978324890137,2.5,79.4,253.60000610351562,1.24,1.95,9.29,-0.01,27.84,-0.02,-,8,20.19,34.95,89,21.88,30.59,2068.25,0.03,79.4,5.12,29.34,14,14.21,25.76,-,-,68.59,0,31.41,1389,29.26,29,84.31,5
Thu Apr 02 12:01:22 GMT+03:00 2026,02-apr.-2026 12:01:22.987,9.405004501342773,2.5,79.4,258.5,0.36,1.95,9.35,-0.01,13.33,-0.03,-,8,20.22,34.95,90,13.58,3.92,2020.25,0.01,79.4,5.74,18.21,14,3.92,5.51,-,-,68.64,0,31.36,1391,33.86,35,9.41,25.5
Thu Apr 02 12:01:24 GMT+03:00 2026,02-apr.-2026 12:01:24.729,9.095656394958496,2.5999999046325684,81.1,263.8999938964844,-0.19,2.04,9.18,-0.02,12.55,-0.03,-,8,20.25,34.95,90,13.58,2.75,1076.5,0,81.1,0.93,18.21,14,3.63,2.87,-,-,68.69,0,31.31,1393,32.74,33,7.84,9.5
Thu Apr 02 12:01:26 GMT+03:00 2026,02-apr.-2026 12:01:26.562,8.09349250793457,2.5999999046325684,81.9,264.3399963378906,-0.22,0.98,9.87,0.03,12.16,0.01,-,8,20.27,34.95,90,-,2.75,904.75,0,81.9,0.44,-,14,4.06,2.65,-,-,68.75,0,31.25,1395,29.14,32,7.45,8
Thu Apr 02 12:01:28 GMT+03:00 2026,02-apr.-2026 12:01:28.387,6.354760646820068,2.5,82.0,263.8999938964844,0.21,4.08,9.04,0.03,39.61,0.03,-,8,20.28,34.95,90,-,8.24,875.75,0,82,0.63,-,14,4.21,2.64,-,-,68.8,0,31.2,1396,22.88,23,24.71,-1
Thu Apr 02 12:01:29 GMT+03:00 2026,02-apr.-2026 12:01:30.134,7.49281120300293,2.5999999046325684,82.6,263.9700012207031,0.51,3.99,8.75,0,41.96,-0.01,-,8,20.3,34.81,90,10.32,29.41,2035.5,0.03,82.6,6.12,13.83,14,14.21,24.72,-,-,68.85,0,31.15,1398,26.97,29,57.65,5.5
Thu Apr 02 12:01:31 GMT+03:00 2026,02-apr.-2026 12:01:31.954,10.428272247314453,2.700000047683716,84.1,263.04998779296875,0.33,3.46,9.3,0.03,38.43,0.01,-,8,20.34,34.81,90,23.84,8.63,2731,0.04,84.1,6.28,31.97,14,12.76,31.85,-,-,68.9,0,31.1,1400,37.54,39,12.94,24.5
Thu Apr 02 12:01:33 GMT+03:00 2026,02-apr.-2026 12:01:33.788,11.684194564819336,2.799999952316284,86.2,265.2900085449219,0.02,3.56,8.78,-0.02,66.67,0.04,-,8,20.38,34.81,91,7.65,28.24,1944.75,0.03,86.2,2.41,10.25,14,14.07,24.37,-,-,68.95,0,31.05,1402,42.06,42,79.61,4
Thu Apr 02 12:01:35 GMT+03:00 2026,02-apr.-2026 12:01:35.581,12.87011432647705,2.9000000953674316,85.7,264.239990234375,-0.09,3.32,9.22,0.02,43.92,0,-,8,20.44,34.81,90,16.57,6.67,2290.5,0.03,85.7,2.94,22.22,14,14.21,21.33,-,-,69,0,31,1404,46.33,48,40.78,18.5
Thu Apr 02 12:01:37 GMT+03:00 2026,02-apr.-2026 12:01:37.360,14.442590713500977,2.5,82.5,264.69000244140625,0.21,3.16,9.21,0.02,64.71,0,-,8,20.5,34.81,90,9.39,27.06,1908,0.03,82.5,1.91,12.59,14,14.21,24.14,-,-,69.05,0,30.95,1405,51.99,51,78.04,3.5
Thu Apr 02 12:01:38 GMT+03:00 2026,02-apr.-2026 12:01:39.128,15.262028694152832,2.700000047683716,82.5,265.3299865722656,0.05,2.55,9.57,0.04,29.02,0.02,-,8,20.58,34.81,91,17.53,25.88,2101.75,0.03,82.5,4.01,23.51,13,12.76,23.61,-,-,69.1,0,30.9,1407,54.94,56,29.8,18.5
Thu Apr 02 12:01:40 GMT+03:00 2026,02-apr.-2026 12:01:40.927,15.79733943939209,2.799999952316284,82.9,265.510009765625,-0.47,1.46,9.18,-0.03,17.25,0.04,-,8,20.66,34.81,91,6.97,13.33,2171.25,0.02,82.9,1.81,9.34,13,9.57,13.46,-,-,69.15,0,30.85,1409,56.87,58,27.06,21
Thu Apr 02 12:01:42 GMT+03:00 2026,02-apr.-2026 12:01:42.644,15.09989070892334,2.700000047683716,82.9,263.9700012207031,-0.02,1.81,9.74,0.03,13.33,-0.01,-,8,20.73,34.81,91,6.97,4.31,2112.5,0.01,82.9,0.94,9.34,13,3.34,4.71,-,-,69.2,0,30.8,1411,54.36,56,8.63,27
Thu Apr 02 12:01:44 GMT+03:00 2026,02-apr.-2026 12:01:44.477,14.292806625366211,2.799999952316284,83.9,265.1300048828125,-0.02,1.9,9.15,-0.03,13.33,0,-,8,20.8,34.81,91,-,3.53,2003,0,83.9,0.35,-,13,2.61,3.47,-,-,69.25,0,30.75,1413,51.45,53,9.02,28
Thu Apr 02 12:01:46 GMT+03:00 2026,02-apr.-2026 12:01:46.258,13.49653148651123,2.799999952316284,84.30000000000001,264.8800048828125,0.35,2.3,9.46,0.01,25.49,0,-,8,20.86,34.81,91,-,9.41,1891,0.01,84.3,0.13,-,13,3.34,5.99,-,-,69.3,0,30.7,1414,48.59,50,25.49,21
Thu Apr 02 12:01:47 GMT+03:00 2026,02-apr.-2026 12:01:47.959,13.765730857849121,2.700000047683716,84.5,265.42999267578125,0.29,2.45,9.33,0,25.88,0,-,8,20.92,34.81,91,-,10.2,1889,0.01,84.5,1.41,-,13,7.25,9.49,-,-,69.35,0,30.65,1416,49.56,50,25.49,22
Thu Apr 02 12:01:49 GMT+03:00 2026,02-apr.-2026 12:01:49.669,13.89389705657959,2.5999999046325684,82.30000000000001,265.20001220703125,0.11,2.33,8.73,-0.06,25.88,-0.03,-,8,20.98,34.81,91,-,10.59,1899.5,0.01,82.3,1.27,-,13,7.25,9.63,-,-,69.4,0,30.6,1418,50.02,50,25.49,22
Thu Apr 02 12:01:51 GMT+03:00 2026,02-apr.-2026 12:01:51.430,13.39461612701416,2.5999999046325684,80.9,265.44000244140625,-0.15,1.71,9.28,-0.02,13.33,-0.03,-,8,21.04,34.81,91,3.17,5.1,1907.25,0.01,80.9,3.09,4.25,13,7.25,9.41,-,-,69.44,0,30.56,1420,48.22,51,9.8,25.5
Thu Apr 02 12:01:53 GMT+03:00 2026,02-apr.-2026 12:01:53.206,12.707977294921875,2.5,78.30000000000001,265.0799865722656,-0.35,1.99,9.68,0.03,13.73,0,-,8,21.09,34.81,91,3.17,3.14,1800.75,0,78.3,0.18,4.25,14,2.61,3.17,-,-,69.49,0,30.51,1421,45.75,47,9.02,28
Thu Apr 02 12:01:54 GMT+03:00 2026,02-apr.-2026 12:01:55.017,12.44546890258789,2.5,77.4,265.6099853515625,0.17,0.54,9.93,0.03,13.33,0,-,8,21.14,34.81,90,-,3.14,1697.25,0,77.4,0.75,-,14,2.61,3.03,-,-,69.54,0,30.46,1423,44.8,45,9.41,27.5
Thu Apr 02 12:01:56 GMT+03:00 2026,02-apr.-2026 12:01:56.764,10.787548065185547,2.5,77.30000000000001,264.8299865722656,0.84,1.27,9.76,0.03,12.94,0,-,8,21.18,34.81,90,-,3.14,1090.5,0,77.3,5.51,-,14,3.48,2.97,-,-,69.59,0,30.41,1425,38.84,37,7.84,-3
Thu Apr 02 12:01:58 GMT+03:00 2026,02-apr.-2026 12:01:58.508,8.608729362487793,2.4000000953674316,77.2,276.3599853515625,0.4,1.3,10.43,0.09,12.55,0.02,-,8,21.2,34.81,90,-,3.14,1515.5,0,77.2,2.61,-,14,2.76,2.89,-,-,69.64,0,30.36,1427,30.99,32,8.24,-2.5
Thu Apr 02 12:02:00 GMT+03:00 2026,02-apr.-2026 12:02:00.208,6.958529949188232,2.4000000953674316,77.80000000000001,274.1400146484375,-2.39,3.02,9.78,0.1,29.8,0.08,-,8,21.21,34.81,90,-,2.75,1259.5,0,77.8,1.43,-,14,3.05,2.7,-,-,69.68,0,30.32,1428,25.05,26,27.06,22
Thu Apr 02 12:02:01 GMT+03:00 2026,02-apr.-2026 12:02:02.068,7.098534107208252,2.4000000953674316,78.2,257.0400085449219,1.68,2.73,9.26,0.02,55.69,0.03,-,8,21.22,34.81,90,-,14.12,1767,0.02,78.2,1.24,-,14,10.15,13.61,-,-,69.73,0,30.27,1430,25.55,26,64.71,-1.5
Thu Apr 02 12:02:03 GMT+03:00 2026,02-apr.-2026 12:02:03.884,8.73483657836914,2.5,79.9,256.1199951171875,0.73,3.23,9.25,0.02,61.18,0.02,-,8,21.24,34.95,90,13.18,21.57,1559.75,0.02,79.9,4.11,17.67,13,14.21,18.62,-,-,69.78,0,30.22,1432,31.45,33,71.37,2.5
Thu Apr 02 12:02:05 GMT+03:00 2026,02-apr.-2026 12:02:05.666,11.322859764099121,2.5,80.0,264.2300109863281,-0.26,3.22,9.81,0.07,30.59,-0.04,-,8,21.28,34.95,90,19.05,27.45,1912,0.03,80,5.06,25.55,13,14.21,23.77,-,-,69.83,0,30.17,1434,40.76,41,32.55,6.5
Thu Apr 02 12:02:07 GMT+03:00 2026,02-apr.-2026 12:02:07.448,12.853643417358398,2.4000000953674316,80.4,264.9700012207031,0.06,2.01,9.39,-0,21.96,0,-,8,21.33,34.95,90,14.29,21.96,2162.5,0.03,80.4,2.1,19.16,13,10.88,19.87,-,-,69.88,0,30.12,1436,46.27,46,33.73,13
Thu Apr 02 12:02:09 GMT+03:00 2026,02-apr.-2026 12:02:09.275,12.408923149108887,2.5,80.30000000000001,264.510009765625,-0.12,2.58,9.4,0.01,26.67,0,-,8,21.38,34.95,89,14.29,4.31,2222.75,0.01,80.3,0.27,19.16,13,3.63,5.17,-,-,69.93,0,30.07,1437,44.67,46,25.88,13
Thu Apr 02 12:02:10 GMT+03:00 2026,02-apr.-2026 12:02:10.994,12.582385063171387,2.5,80.2,264.75,-0.08,2.29,9.54,0.02,26.67,0.02,-,8,21.43,34.95,89,-,12.55,2200.5,0.01,80.2,1.33,-,13,7.54,11,-,-,69.97,0,30.03,1439,45.3,46,26.67,21.5
Thu Apr 02 12:02:12 GMT+03:00 2026,02-apr.-2026 12:02:12.852,12.256051063537598,2.5,81.1,263.9599914550781,-0.15,0.31,9.74,0.01,14.9,0,-,8,21.48,34.95,89,-,7.84,2244,0.01,81.1,0.33,-,13,4.35,5.82,-,-,70.02,0,29.98,1441,44.12,46,15.69,13
Thu Apr 02 12:02:14 GMT+03:00 2026,02-apr.-2026 12:02:14.603,9.211468696594238,2.5999999046325684,81.7,266.1000061035156,-0.54,0.74,10.18,0.06,12.94,0,-,8,21.51,34.95,90,-,2.75,1412.25,0,81.7,4.85,-,13,2.9,3.07,-,-,70.07,0,29.93,1443,33.16,36,8.63,13
Thu Apr 02 12:02:16 GMT+03:00 2026,02-apr.-2026 12:02:16.347,6.348069190979004,2.5,82.2,265.3599853515625,-0.15,1.99,9.36,-0.01,12.16,0,-,8,21.52,34.95,90,-,2.75,955.25,0,82.2,3.65,-,13,3.92,2.67,-,-,70.11,0,29.89,1444,22.85,24,7.45,9
Thu Apr 02 12:02:17 GMT+03:00 2026,02-apr.-2026 12:02:18.130,5.91621732711792,2.4000000953674316,81.9,265.75,0.32,3.32,9.11,0.01,29.02,0,-,8,21.52,34.95,90,-,12.94,899,0,81.9,1.85,-,13,4.21,2.61,-,-,70.16,0,29.84,1446,21.3,21,26.67,23.5
Thu Apr 02 12:02:19 GMT+03:00 2026,02-apr.-2026 12:02:19.973,6.989927768707275,2.200000047683716,81.30000000000001,264.4100036621094,0.07,2.21,9.49,0.01,19.61,0,-,8,21.52,34.95,90,5.96,22.75,1787.25,0.02,81.3,4.45,7.99,13,11.02,16.16,-,-,70.21,0,29.79,1448,25.16,25,38.43,7
Thu Apr 02 12:02:21 GMT+03:00 2026,02-apr.-2026 12:02:21.715,7.756349086761475,2.200000047683716,82.9,264.20001220703125,0.42,2.64,9.44,0.02,26.67,0,-,8,21.54,34.95,90,6.77,3.53,1729.5,0.01,82.9,0.4,9.07,13,3.77,4.92,-,-,70.25,0,29.75,1450,27.92,29,32.94,20
Thu Apr 02 12:02:23 GMT+03:00 2026,02-apr.-2026 12:02:23.379,8.333353042602539,2.0999999046325684,83.5,266.42999267578125,0.02,3.15,8.99,-0.01,56.47,0,-,8,21.55,34.95,90,6.77,13.73,1447.75,0.01,83.5,1.15,9.07,13,8.41,10.2,-,-,70.3,0,29.7,1452,30,29,50.59,-4
Thu Apr 02 12:02:25 GMT+03:00 2026,02-apr.-2026 12:02:25.212,9.481183052062988,2.299999952316284,83.2,264.6000061035156,0.12,2.69,9.34,0.01,26.67,0,-,8,21.58,34.95,90,10.51,11.37,1601,0.02,83.2,4,14.09,13,14.21,16.7,-,-,70.34,0,29.66,1453,34.13,34,29.41,14
Thu Apr 02 12:02:26 GMT+03:00 2026,02-apr.-2026 12:02:26.901,9.65876293182373,2.200000047683716,83.1,264.239990234375,0.06,2.37,9.42,0.01,23.92,0,-,8,21.61,34.95,90,4.47,8.63,1683,0.01,83.1,1.87,5.99,13,8.56,9.41,-,-,70.39,0,29.61,1455,34.77,36,18.82,21
Thu Apr 02 12:02:28 GMT+03:00 2026,02-apr.-2026 12:02:28.620,9.965537071228027,2.4000000953674316,83.7,265.6600036621094,0.12,3.33,8.78,-0.02,33.33,0.02,-,8,21.63,34.95,90,4.47,14.9,1687.5,0.02,83.7,1.1,5.99,13,9.14,11.69,-,-,70.43,0,29.57,1457,35.88,36,31.37,13.5
Thu Apr 02 12:02:30 GMT+03:00 2026,02-apr.-2026 12:02:30.424,11.344477653503418,2.5,84.5,264.55999755859375,0.43,2.91,9.79,0.06,30.59,0,-,8,21.67,34.95,90,10.11,17.65,1896.5,0.03,84.5,1.68,13.55,13,12.62,20.11,-,-,70.48,0,29.52,1459,40.84,40,31.76,21
Thu Apr 02 12:02:32 GMT+03:00 2026,02-apr.-2026 12:02:32.227,11.833463668823242,2.299999952316284,83.30000000000001,264.30999755859375,-0.24,2.57,9.52,0.02,25.49,-0.03,-,8,21.71,34.95,90,7.76,11.76,2040,0.02,83.3,2.16,10.41,13,9.57,13.07,-,-,70.52,0,29.48,1460,42.6,43,25.88,22.5
Thu Apr 02 12:02:33 GMT+03:00 2026,02-apr.-2026 12:02:33.930,11.855596542358398,2.299999952316284,84.30000000000001,265.3500061035156,0.2,2.62,9.38,0.01,28.63,0,-,8,21.75,34.95,91,7.76,14.51,2054.5,0.02,84.3,0.4,10.41,13,7.83,12.66,-,-,70.57,0,29.43,1462,42.68,43,28.63,21.5
Thu Apr 02 12:02:35 GMT+03:00 2026,02-apr.-2026 12:02:35.566,12.366201400756836,2.4000000953674316,85.0,264.3800048828125,0.07,2.88,9.93,0.07,29.02,0.05,-,8,21.8,34.95,91,5.76,16.47,2137.75,0.02,85,1.62,7.72,13,9.43,15.17,-,-,70.61,0,29.39,1464,44.52,45,30.2,19.5
Thu Apr 02 12:02:37 GMT+03:00 2026,02-apr.-2026 12:02:37.307,12.877835273742676,2.5999999046325684,85.7,265.6600036621094,-0.11,2.22,9.13,-0.02,26.67,0,-,8,21.85,34.95,91,6.02,13.33,2224,0.02,85.7,0.93,8.08,13,9.57,15.54,-,-,70.65,0,29.35,1465,46.36,47,27.06,21
Thu Apr 02 12:02:38 GMT+03:00 2026,02-apr.-2026 12:02:39.106,13.037914276123047,2.5,85.7,265.1300048828125,-0.19,2.52,8.89,-0.04,26.27,-0.01,-,8,21.9,34.95,91,6.02,11.76,2253.5,0.01,85.7,0.64,8.08,13,7.25,11.1,-,-,70.7,0,29.3,1467,46.94,47,25.88,21.5
Thu Apr 02 12:02:40 GMT+03:00 2026,02-apr.-2026 12:02:40.930,12.992103576660156,2.5,87.7,264.20001220703125,-0.06,2.54,9.38,0.01,26.67,0.04,-,8,21.95,34.95,91,-,12.55,2263,0.02,87.7,1.04,-,13,7.25,11.56,-,-,70.74,0,29.26,1469,46.77,47,26.27,22.5
Thu Apr 02 12:02:42 GMT+03:00 2026,02-apr.-2026 12:02:42.721,13.321525573730469,2.5,85.1,264.44000244140625,0.12,2.09,9.46,0.01,19.61,-0.02,-,8,22,34.95,91,2.9,24.71,2283.75,0.02,85.1,1.17,3.89,13,8.12,13.36,-,-,70.79,0,29.21,1471,47.96,48,41.57,11.5
Thu Apr 02 12:02:44 GMT+03:00 2026,02-apr.-2026 12:02:44.555,13.6246976852417,2.5,87.1,265.7900085449219,0.06,2.21,9.67,0.03,25.49,0.01,-,8,22.05,34.95,91,2.9,8.63,2000,0.01,87.1,0.44,3.89,13,3.63,5.15,-,-,70.83,0,29.17,1473,49.05,49,25.49,21
Thu Apr 02 12:02:46 GMT+03:00 2026,02-apr.-2026 12:02:46.275,13.568592071533203,2.5999999046325684,88.4,265.2300109863281,0.19,2.63,8.79,-0.05,29.02,0.01,-,8,22.1,34.95,91,2.9,11.76,1850,0.01,88.4,0.88,3.89,13,7.25,9.53,-,-,70.88,0,29.12,1474,48.85,49,29.02,20.5
Thu Apr 02 12:02:47 GMT+03:00 2026,02-apr.-2026 12:02:48.014,13.805879592895508,2.4000000953674316,87.30000000000001,265.1400146484375,0.14,2.24,9.6,0.02,21.57,-0.01,-,8,22.16,34.95,91,6.37,18.43,1914,0.02,87.3,2.15,8.54,13,10.15,16.37,-,-,70.92,0,29.08,1476,49.7,51,27.06,15.5
Thu Apr 02 12:02:49 GMT+03:00 2026,02-apr.-2026 12:02:49.766,13.883602142333984,2.5,89.1,265.0299987792969,-0.16,2.85,9.21,0,25.49,0,-,8,22.21,34.95,90,6.37,3.92,1884.25,0.01,89.1,1.19,8.54,13,3.92,4.87,-,-,70.96,0,29.04,1478,49.98,50,20.39,23
Thu Apr 02 12:02:51 GMT+03:00 2026,02-apr.-2026 12:02:51.574,13.314319610595703,2.5,90.80000000000001,264.5199890136719,0.03,2.67,9.25,0,27.45,0,-,8,22.26,34.95,91,-,12.94,1874,0.02,90.8,0.95,-,13,8.27,11.44,-,-,71.01,0,28.99,1480,47.93,49,27.84,20
Thu Apr 02 12:02:53 GMT+03:00 2026,02-apr.-2026 12:02:53.399,13.990150451660156,2.4000000953674316,91.0,265.07000732421875,0.07,2.52,9.4,0.01,25.49,0.01,-,8,22.32,34.95,90,2.96,11.76,1882.25,0.01,91,0.75,3.97,13,8.56,11.14,-,-,71.05,0,28.95,1482,50.36,50,25.49,21.5
Thu Apr 02 12:02:54 GMT+03:00 2026,02-apr.-2026 12:02:55.117,13.573225021362305,2.4000000953674316,91.6,265.07000732421875,-0.06,1.9,9.37,-0.01,13.73,-0.03,-,8,22.37,34.95,90,2.96,5.88,1864.5,0.01,91.6,0.36,3.97,13,7.4,9.74,-,-,71.1,0,28.9,1483,48.86,50,9.8,25
Thu Apr 02 12:02:56 GMT+03:00 2026,02-apr.-2026 12:02:56.935,12.770772933959961,2.299999952316284,90.4,264.6199951171875,-0.38,1.77,9.72,0.03,13.33,0.01,-,8,22.42,34.95,90,-,3.14,1758,0,90.4,1.32,-,13,2.76,3.2,-,-,71.14,0,28.86,1485,45.97,46,9.02,27.5
Thu Apr 02 12:02:58 GMT+03:00 2026,02-apr.-2026 12:02:58.749,11.653310775756836,2.299999952316284,90.9,265.0400085449219,0.11,2.63,9.68,0.04,23.53,0.02,-,8,22.46,34.95,90,-,3.92,1628.75,0,90.9,1.06,-,13,2.76,3.05,-,-,71.18,0,28.82,1487,41.95,43,22.35,30
Thu Apr 02 12:03:00 GMT+03:00 2026,02-apr.-2026 12:03:00.734,11.569926261901855,2.4000000953674316,91.2,265.0899963378906,0.05,2.9,9.37,0.02,27.45,-0.02,-,8,22.49,34.95,90,-,10.59,1603.75,0.01,91.2,0.36,-,13,7.69,8.96,-,-,71.23,0,28.77,1489,41.65,42,28.24,17
Thu Apr 02 12:03:02 GMT+03:00 2026,02-apr.-2026 12:03:02.234,11.57558822631836,2.5,92.0,264.32000732421875,-0.25,2.05,9.36,-0,14.12,-0.03,-,8,22.53,34.95,90,2.55,4.71,1609.25,0.01,92,0.93,3.42,13,9.57,8.43,-,-,71.27,0,28.73,1490,41.67,43,10.2,23
Thu Apr 02 12:03:03 GMT+03:00 2026,02-apr.-2026 12:03:04.002,11.824198722839355,2.5,92.2,265.79998779296875,-0.01,2,10.21,0.08,12.55,0.06,-,8,22.57,34.95,90,2.55,3.14,1084.25,0,92.2,0.67,3.42,13,4.06,3.14,-,-,71.31,0,28.69,1492,42.57,41,8.24,11
Thu Apr 02 12:03:05 GMT+03:00 2026,02-apr.-2026 12:03:05.710,11.588456153869629,2.9000000953674316,93.6,265.0799865722656,0.23,1.97,9.95,0.05,12.16,0.02,-,8,22.6,34.95,90,-,2.75,925.5,0,93.6,3.58,-,13,4.06,2.68,-,-,71.35,0,28.65,1494,41.72,39,7.84,10.5
Thu Apr 02 12:03:07 GMT+03:00 2026,02-apr.-2026 12:03:07.552,9.76788330078125,2.5999999046325684,94.1,266.510009765625,0.05,2.03,8.88,-0.05,12.16,-0.07,-,8,22.63,34.95,90,-,2.75,858.25,0,94.1,1.07,-,13,4.21,2.6,-,-,71.4,0,28.6,1496,35.16,37,7.06,9
Thu Apr 02 12:03:09 GMT+03:00 2026,02-apr.-2026 12:03:09.360,9.749868392944336,2.4000000953674316,94.2,265.2699890136719,-0.25,1.4,9.56,0,12.16,-0.09,-,8,22.65,34.95,90,-,2.75,810.5,0,94.2,0.94,-,13,4.35,2.57,-,-,71.44,0,28.56,1498,35.1,36,6.67,8.5
Thu Apr 02 12:03:10 GMT+03:00 2026,02-apr.-2026 12:03:11.160,8.942784309387207,2.299999952316284,94.5,266.3500061035156,-0.18,1.59,9.82,0.03,11.76,0,-,8,22.67,34.95,90,-,2.75,775.75,0,94.5,4.1,-,13,4.5,2.52,-,-,71.48,0,28.52,1499,32.19,31,7.06,9
Thu Apr 02 12:03:13 GMT+03:00 2026,02-apr.-2026 12:03:13.703,5.683562755584717,2.4000000953674316,94.0,270.9200134277344,-0.1,0.8,9.95,0.04,11.76,0.01,-,8,22.67,34.95,90,-,2.75,752,0,94,4.76,-,13,4.64,2.53,-,-,71.55,0,28.45,1502,20.46,25,7.06,11
Thu Apr 02 12:03:16 GMT+03:00 2026,02-apr.-2026 12:03:16.359,4.142484664916992,2.299999952316284,94.30000000000001,279.29998779296875,0.13,3.55,9.19,0.02,34.9,-0.02,-,8,22.65,34.95,90,-,3.14,765.75,0,94.3,1.94,-,13,4.64,2.46,-,-,71.61,0,28.39,1505,14.91,13,26.27,0
Thu Apr 02 12:03:18 GMT+03:00 2026,02-apr.-2026 12:03:18.946,5.996513843536377,2.299999952316284,94.6,271.1099853515625,-3.96,1.85,9.38,0.07,13.73,0.05,-,8,22.65,34.95,90,-,10.98,765.75,0.02,94.6,2.19,-,13,14.21,18.07,-,-,71.67,0,28.33,1507,21.59,22,9.8,2
Thu Apr 02 12:03:21 GMT+03:00 2026,02-apr.-2026 12:03:21.411,4.519775867462158,2.4000000953674316,93.0,175.49000549316406,-4.03,2.54,9.47,0.1,25.88,0.08,-,8,22.64,34.95,89,-,3.53,1315,0,93,5.93,-,13,3.34,3.29,-,-,71.73,0,28.27,1510,16.27,15,26.67,14.5
Thu Apr 02 12:03:23 GMT+03:00 2026,02-apr.-2026 12:03:23.922,3.677690267562866,2.299999952316284,91.9,143.99000549316406,-0.71,3.05,9.24,0.01,29.02,-0.03,-,8,22.63,34.95,89,-,13.33,1462.5,0.01,91.9,1.84,-,13,9.28,9.75,-,-,71.79,0,28.21,1512,13.24,18,30.2,14.5
Thu Apr 02 12:03:25 GMT+03:00 2026,02-apr.-2026 12:03:25.719,7.7424516677856445,2.4000000953674316,92.1,72.5999984741211,1.26,3.11,9.47,0.04,31.76,0,-,8,22.64,34.95,89,13.87,20.39,1990.25,0.02,92.1,4.83,18.6,13,10.15,16.72,-,-,71.83,0,28.17,1514,27.87,28,33.33,14
Thu Apr 02 12:03:27 GMT+03:00 2026,02-apr.-2026 12:03:27.600,9.64383602142334,2.4000000953674316,91.80000000000001,83.04000091552734,1.06,3,9.5,0.04,31.37,-0.01,-,8,22.66,34.95,89,14.79,23.92,2496.25,0.03,91.8,3.24,19.83,13,10.59,21.52,-,-,71.87,0,28.13,1516,34.72,35,33.73,16.5
Thu Apr 02 12:03:29 GMT+03:00 2026,02-apr.-2026 12:03:29.337,11.468010902404785,2.5,91.4,87.8499984741211,-0.98,2.16,9.26,-0.01,25.49,-0.02,-,8,22.7,34.95,89,17.1,9.8,3041,0.03,91.4,3.36,22.93,12,9.28,24.42,-,-,71.91,0,28.09,1518,41.28,42,16.47,23.5
Thu Apr 02 12:03:30 GMT+03:00 2026,02-apr.-2026 12:03:31.042,11.573014259338379,2.4000000953674316,91.4,84.9800033569336,-0.09,1.77,9.59,0.01,13.73,0,-,8,22.73,34.95,89,17.1,5.88,2018,0.01,91.4,0.72,22.93,12,7.11,8.81,-,-,71.95,0,28.05,1519,41.66,42,9.8,25.5
Thu Apr 02 12:03:32 GMT+03:00 2026,02-apr.-2026 12:03:32.845,10.62386703491211,2.5,91.2,87.01000213623047,0.21,4.72,10.07,0.15,23.92,-0.02,-,8,22.77,34.95,89,-,3.53,1914,0,91.2,1.19,-,12,2.61,3.34,-,-,71.99,0,28.01,1521,38.25,40,20,23
Thu Apr 02 12:03:34 GMT+03:00 2026,02-apr.-2026 12:03:34.622,9.55736255645752,2.5999999046325684,91.30000000000001,82.19000244140625,0.07,2.73,9.15,-0.01,26.67,0.01,-,8,22.8,34.95,89,-,10.2,1903.5,0.01,91.3,3.45,-,13,6.24,8.57,-,-,72.03,0,27.97,1523,34.41,40,26.27,23.5
Thu Apr 02 12:03:36 GMT+03:00 2026,02-apr.-2026 12:03:36.251,11.726916313171387,2.4000000953674316,89.5,83.83000183105469,-0.01,2.54,9.62,0.03,29.02,0.05,-,8,22.84,34.95,89,7.93,13.73,2022.25,0.02,89.5,6.39,10.63,13,8.56,12.44,-,-,72.07,0,27.93,1524,42.22,43,29.8,22
Thu Apr 02 12:03:37 GMT+03:00 2026,02-apr.-2026 12:03:38.016,12.537604331970215,2.4000000953674316,89.4,84.97000122070312,0.41,1.68,8.83,-0.06,25.49,-0.01,-,8,22.88,34.95,89,5.94,12.55,2161.25,0.02,89.4,2.78,7.96,12,7.98,11.85,-,-,72.11,0,27.89,1526,45.14,45,25.1,23.5
Thu Apr 02 12:03:39 GMT+03:00 2026,02-apr.-2026 12:03:39.671,12.940116882324219,2.200000047683716,88.4,84.2300033569336,0.44,3.28,9.16,0.01,40,0,-,8,22.92,34.95,89,5.97,18.43,2263,0.01,88.4,1.81,8.01,13,6.67,10.57,-,-,72.15,0,27.85,1528,46.58,47,31.76,18.5
Thu Apr 02 12:03:41 GMT+03:00 2026,02-apr.-2026 12:03:41.471,15.231659889221191,2.299999952316284,87.80000000000001,85.43000030517578,0.11,1.99,10.23,0.08,21.96,0.02,-,8,22.98,34.81,89,20.12,36.47,2513.25,0.04,87.8,3.22,26.99,12,14.07,31.49,-,-,72.19,0,27.81,1530,54.83,53,60.78,5.5
Thu Apr 02 12:03:43 GMT+03:00 2026,02-apr.-2026 12:03:43.194,15.737116813659668,2.0999999046325684,86.30000000000001,84.44000244140625,-0.31,1.22,9.59,0,13.73,0,-,8,23.04,34.81,89,13.63,5.49,2721.25,0.01,86.3,0.36,18.28,12,3.19,6.1,-,-,72.23,0,27.77,1531,56.65,57,10.98,28
Thu Apr 02 12:03:44 GMT+03:00 2026,02-apr.-2026 12:03:44.963,16.194705963134766,2.4000000953674316,84.7,84.9800033569336,-0.56,0.4,10.12,0.05,13.73,0,-,8,23.09,34.81,88,13.63,3.14,2062.5,0,84.7,3.65,18.28,12,2.18,3.3,-,-,72.27,0,27.73,1533,58.3,53,9.02,4.5
Thu Apr 02 12:03:46 GMT+03:00 2026,02-apr.-2026 12:03:46.684,11.640957832336426,2.299999952316284,84.5,84.7699966430664,-0.51,-0.41,10.51,0.09,13.73,0.01,-,8,23.13,34.81,88,-,3.14,1669.5,0,84.5,3.3,-,12,2.76,3.13,-,-,72.31,0,27.69,1535,41.91,43,9.41,27
Thu Apr 02 12:03:48 GMT+03:00 2026,02-apr.-2026 12:03:48.453,7.720318794250488,2.299999952316284,85.0,83.5999984741211,-0.51,0.1,10.36,0.08,12.55,0,-,8,23.14,34.81,88,-,3.14,1207,0,85,5.62,-,12,3.34,3.21,-,-,72.35,0,27.65,1537,27.79,30,9.02,14.5
Thu Apr 02 12:03:50 GMT+03:00 2026,02-apr.-2026 12:03:50.204,3.919609785079956,2.299999952316284,85.80000000000001,79.69000244140625,-0.54,-0.15,10.09,0.05,12.16,0.03,-,8,23.13,34.81,88,-,2.75,947.25,0,85.8,11.79,-,12,4.21,2.85,-,-,72.39,0,27.61,1538,14.11,16,7.45,10
Thu Apr 02 12:03:51 GMT+03:00 2026,02-apr.-2026 12:03:51.952,2.268380880355835,2.200000047683716,85.80000000000001,87.94000244140625,-0.24,1.76,9.76,0.03,12.16,0,-,8,23.1,34.81,88,-,2.75,848,0,85.8,6.11,-,12,4.35,2.67,-,-,72.43,0,27.57,1540,8.17,8,7.06,6
Thu Apr 02 12:03:53 GMT+03:00 2026,02-apr.-2026 12:03:53.758,1.0680485963821411,2.0999999046325684,86.6,87.94000244140625,-0.12,2.07,9.58,0.02,21.57,-0.01,-,8,23.07,34.81,88,-,2.75,794.5,0,86.6,0.59,-,12,4.5,2.6,-,-,72.37,0,27.63,1542,3.84,4,6.67,7.5
Thu Apr 02 12:03:55 GMT+03:00 2026,02-apr.-2026 12:03:55.487,1.7191722393035889,2.0,86.5,92.87999725341797,-0.01,2.15,9.44,0.01,13.73,-0.02,-,8,23.03,34.81,89,-,9.8,1328.5,0.01,86.5,0.19,-,12,6.96,7.1,-,-,72.27,0,27.73,1544,6.19,4,10.2,-7.5
Thu Apr 02 12:03:57 GMT+03:00 2026,02-apr.-2026 12:03:57.274,2.2030110359191895,2.0999999046325684,86.7,100.36000061035156,0.18,1.96,9.72,0.03,12.55,0,-,8,23,34.81,89,0.74,3.14,1050,0,86.7,0.32,1,12,4.06,3.13,-,-,72.25,0,27.75,1546,7.93,6,8.24,8
Thu Apr 02 12:03:58 GMT+03:00 2026,02-apr.-2026 12:03:59.059,2.2261736392974854,2.200000047683716,87.0,111.30999755859375,0.9,1.35,9.66,0.02,23.92,0.01,-,8,22.97,34.81,89,0.43,2.75,915,0,87,0.93,0.57,12,4.21,2.69,-,-,72.29,0,27.71,1547,8.01,7,9.02,16.5
Thu Apr 02 12:04:00 GMT+03:00 2026,02-apr.-2026 12:04:00.686,1.8164547681808472,2.200000047683716,87.30000000000001,172.3300018310547,1.28,1.33,9.65,0.02,13.73,0,-,8,22.95,34.81,89,1.11,5.88,1415,0.01,87.3,2.96,1.48,13,7.54,7.39,-,-,72.33,0,27.67,1549,6.54,9,9.41,10
Thu Apr 02 12:04:02 GMT+03:00 2026,02-apr.-2026 12:04:02.705,2.192201852798462,2.200000047683716,87.30000000000001,211.02000427246094,0.11,3.62,8.86,-0.01,25.49,0,-,8,22.92,34.81,89,1.11,5.49,1147.5,0.01,87.3,2.33,1.48,13,4.06,3.75,-,-,72.37,0,27.63,1551,7.89,9,24.31,24
Thu Apr 02 12:04:04 GMT+03:00 2026,02-apr.-2026 12:04:04.519,3.9185802936553955,2.200000047683716,86.1,202.74000549316406,0.11,2.14,9.52,0.01,26.27,0,-,8,22.91,34.81,89,3.77,15.29,1657.75,0.02,86.1,3.49,5.06,13,10.59,12.7,-,-,72.41,0,27.59,1553,14.11,14,30.2,17.5
Thu Apr 02 12:04:06 GMT+03:00 2026,02-apr.-2026 12:04:06.300,5.607383728027344,2.299999952316284,84.6,205.33999633789062,-0.04,4,8.59,-0.01,41.57,0,-,8,22.9,34.81,88,4.37,13.33,1857,0.01,84.6,2.4,5.87,13,3.77,4.71,-,-,72.45,0,27.55,1555,20.19,18,36.47,4.5
Thu Apr 02 12:04:07 GMT+03:00 2026,02-apr.-2026 12:04:08.059,7.410970687866211,2.299999952316284,84.4,206.0500030517578,0.64,4.16,10.17,0.14,70.59,0.06,-,8,22.91,34.81,88,16.76,29.02,1977.5,0.03,84.4,7.81,22.47,12,14.21,23.67,-,-,72.49,0,27.51,1556,26.68,28,82.75,5
Thu Apr 02 12:04:09 GMT+03:00 2026,02-apr.-2026 12:04:09.918,9.971199035644531,2.5,84.4,207.0500030517578,0.51,1.8,9.71,0.03,14.12,-0.02,-,8,22.94,34.81,88,25.73,9.8,2757,0.05,84.4,7.9,34.51,12,13.78,34.71,-,-,72.53,0,27.47,1558,35.9,39,12.55,24.5
Thu Apr 02 12:04:11 GMT+03:00 2026,02-apr.-2026 12:04:11.670,9.403974533081055,2.5999999046325684,82.5,204.83999633789062,-1.81,2.27,9.21,-0.07,21.18,-0.08,-,8,22.96,34.81,88,25.73,3.53,1713.75,0,82.5,1.6,34.51,12,2.76,3.36,-,-,72.57,0,27.43,1560,33.85,36,12.55,27
Thu Apr 02 12:04:13 GMT+03:00 2026,02-apr.-2026 12:04:13.419,9.191909790039062,2.5999999046325684,82.7,185.47999572753906,-0.08,2.95,8.47,-0.07,36.08,-0.02,-,8,22.98,34.81,88,-,10.2,1658.25,0.01,82.7,0.53,-,12,6.09,6.91,-,-,72.61,0,27.39,1562,33.09,33,30.98,15
Thu Apr 02 12:04:15 GMT+03:00 2026,02-apr.-2026 12:04:15.156,10.79321002960205,2.5,85.2,170.25999450683594,0.33,1.81,9.96,0.05,14.12,-0.05,-,8,23.01,34.81,88,14.02,26.27,1829,0.03,85.2,5.91,18.8,12,14.07,22.73,-,-,72.65,0,27.35,1563,38.86,39,12.16,15
Thu Apr 02 12:04:16 GMT+03:00 2026,02-apr.-2026 12:04:16.928,10.815857887268066,2.5999999046325684,86.0,173.5,0.28,0.89,10.19,0.06,12.94,0.04,-,8,23.03,34.81,89,14.02,3.53,1060.25,0,86,0.14,18.8,12,3.63,3.04,-,-,72.69,0,27.31,1565,38.94,39,8.63,11
Thu Apr 02 12:04:18 GMT+03:00 2026,02-apr.-2026 12:04:18.676,8.129522323608398,2.5999999046325684,87.4,174.25,-0.18,-0.56,10.11,0.05,12.16,0.07,-,8,23.05,34.81,89,-,2.75,944.5,0,87.4,4.94,-,12,4.21,2.88,-,-,72.72,0,27.28,1567,29.27,30,7.84,8
Thu Apr 02 12:04:20 GMT+03:00 2026,02-apr.-2026 12:04:20.461,3.4949638843536377,2.5,90.5,174.24000549316406,0.12,0.81,9.65,0.01,12.16,0,-,8,23.03,34.81,89,-,2.75,828.5,0,90.5,8.28,-,12,4.21,2.63,-,-,72.76,0,27.24,1569,12.58,12,7.06,8
Thu Apr 02 12:04:21 GMT+03:00 2026,02-apr.-2026 12:04:22.136,1.445854663848877,2.4000000953674316,92.0,174.24000549316406,0.69,4.62,8.67,0.02,28.63,0,-,8,22.99,34.81,89,-,3.92,796.25,0,92,10.58,-,12,4.5,2.67,-,-,72.71,0,27.29,1570,5.21,2,29.8,-11
Thu Apr 02 12:04:23 GMT+03:00 2026,02-apr.-2026 12:04:23.907,2.881929636001587,2.299999952316284,94.2,159.61000061035156,0.67,4.53,9.55,0.1,34.12,0.07,-,8,22.97,34.81,89,8.93,17.65,1406,0.02,94.2,7.73,11.97,12,10.88,14.77,-,-,72.7,0,27.3,1572,10.37,13,42.75,11.5
Thu Apr 02 12:04:25 GMT+03:00 2026,02-apr.-2026 12:04:25.781,6.003719806671143,2.299999952316284,95.7,167.57000732421875,1.11,2.69,10.09,0.09,24.31,0.04,-,8,22.97,34.81,89,11.74,5.49,2428.5,0.01,95.7,4.48,15.74,12,5.08,7.8,-,-,72.74,0,27.26,1574,21.61,22,23.92,23.5
Thu Apr 02 12:04:27 GMT+03:00 2026,02-apr.-2026 12:04:27.635,5.916731834411621,2.4000000953674316,97.0,173.99000549316406,0.11,1.63,9.77,0.03,13.73,0.01,-,8,22.97,34.81,89,1.32,4.31,1619.5,0.01,97,0.53,1.77,12,7.11,6.91,-,-,72.78,0,27.22,1576,21.3,23,9.41,25.5
Thu Apr 02 12:04:29 GMT+03:00 2026,02-apr.-2026 12:04:29.428,5.318624496459961,2.4000000953674316,98.0,175.6300048828125,-0.08,2.37,9.51,0.02,21.18,-0.01,-,8,22.96,34.81,89,1.32,7.84,1383,0.01,98,0.81,1.77,12,3.77,4.93,-,-,72.82,0,27.18,1578,19.15,20,19.61,20
Thu Apr 02 12:04:31 GMT+03:00 2026,02-apr.-2026 12:04:31.235,4.782798767089844,2.4000000953674316,98.5,175.11000061035156,1.59,1.28,9.66,0.03,13.33,0.02,-,8,22.96,34.81,89,-,3.53,1482.5,0.01,98.5,0.85,-,12,5.22,4.92,-,-,72.86,0,27.14,1579,17.22,20,9.41,11
Thu Apr 02 12:04:32 GMT+03:00 2026,02-apr.-2026 12:04:32.998,4.039539813995361,2.299999952316284,98.5,186.52999877929688,-0.28,1.25,10.72,0.12,12.16,0.04,-,8,22.95,34.81,89,-,2.75,1041.5,0,98.5,2.22,-,12,3.77,2.84,-,-,72.89,0,27.11,1581,14.54,15,7.84,10.5
Thu Apr 02 12:04:34 GMT+03:00 2026,02-apr.-2026 12:04:34.748,2.4552249908447266,2.299999952316284,98.2,189.02000427246094,0.11,1.6,9.63,0.01,12.16,0,-,8,22.92,34.81,89,-,2.75,850,0,98.2,3.14,-,13,4.06,2.52,-,-,72.93,0,27.07,1583,8.84,8,7.45,12
Thu Apr 02 12:04:36 GMT+03:00 2026,02-apr.-2026 12:04:36.447,1.017091155052185,2.299999952316284,98.6,189.02000427246094,0.45,1.45,9.69,0.02,11.76,0,-,8,22.89,34.81,89,-,2.75,792.75,0,98.6,1.96,-,13,4.35,2.54,-,-,72.87,0,27.13,1585,3.66,3,7.06,8
Thu Apr 02 12:04:37 GMT+03:00 2026,02-apr.-2026 12:04:38.151,0.0,2.299999952316284,98.5,189.02000427246094,0.45,2.06,9.49,0.01,12.94,0,-,8,22.85,34.81,89,-,3.53,632.25,0,98.5,3.66,-,13,5.08,2.35,-,-,72.78,0,27.22,1586,0,0,7.45,-8
Thu Apr 02 12:04:39 GMT+03:00 2026,02-apr.-2026 12:04:39.791,0.0,2.299999952316284,98.0,189.02000427246094,0.44,2.11,9.48,0.01,7.45,0,-,8,22.81,34.81,89,-,1.96,814.5,0,98,0,-,13,5.08,2.94,-,-,72.68,0,27.32,0,0,0,1.18,24.5
Thu Apr 02 12:04:41 GMT+03:00 2026,02-apr.-2026 12:04:41.530,0.0,2.299999952316284,98.0,189.02000427246094,0.39,2.15,9.46,0.01,19.61,-0.01,-,8,22.77,34.81,89,-,1.57,0,0,98,0,-,13,12.18,1.44,-,-,72.59,0,27.41,0,0,0,11.37,2
Thu Apr 02 12:04:43 GMT+03:00 2026,02-apr.-2026 12:04:43.311,0.0,1.2000000476837158,98.0,189.02000427246094,0.38,2.2,9.52,0.02,19.61,0,-,8,22.73,34.81,89,-,1.57,0,0,98,0,-,13,14.36,1.44,-,-,72.49,0,27.51,0,0,0,17.65,2
Thu Apr 02 12:04:44 GMT+03:00 2026,02-apr.-2026 12:04:44.959,0.0,1.100000023841858,98.0,189.02000427246094,0.31,1.98,9.51,0.01,19.61,0,-,8,22.69,34.81,89,-,1.57,0,0,98,0,-,13,14.36,1.44,-,-,72.44,0,27.56,0,0,0,17.65,2
Thu Apr 02 12:04:46 GMT+03:00 2026,02-apr.-2026 12:04:46.505,0.0,1.100000023841858,98.0,189.02000427246094,0.4,2.14,9.5,0.01,19.61,0,-,8,22.69,34.81,89,-,1.57,0,0,98,0,-,13,14.36,1.44,-,-,72.32,0,27.68,0,0,0,17.65,2
Thu Apr 02 12:04:48 GMT+03:00 2026,02-apr.-2026 12:04:48.418,0.0,1.100000023841858,98.0,189.02000427246094,0.45,2.11,9.48,0.01,19.61,-0.01,-,8,22.69,34.81,89,-,1.57,0,0,98,0,-,13,14.36,1.44,-,-,72.21,0,27.79,0,0,0,17.65,2
Thu Apr 02 12:47:57 GMT+03:00 2026,02-apr.-2026 12:47:57.486,0.0,1.7000000476837158,98.0,189.02000427246094,0.28,2.16,9.47,0.01,19.61,0,-,-,22.69,34.81,-,-,1.57,0,0,98,0,-,-,-,-,-,-,24.03,0,75.97,0,0,-,10.98,2
Thu Apr 02 12:47:59 GMT+03:00 2026,02-apr.-2026 12:47:59.649,0.0,1.899999976158142,98.0,189.02000427246094,0.44,2.17,9.53,0.02,14.12,0,-,9,0,35.1,68,-,2.75,976.75,0,98,0,-,33,4.35,2.93,-,-,24.03,0,75.97,2,0,0,9.8,3.5
Thu Apr 02 12:48:02 GMT+03:00 2026,02-apr.-2026 12:48:02.466,0.0,1.899999976158142,98.0,189.02000427246094,-0.06,6.4,7.58,0.03,14.9,0,-,9,0,35.1,68,-,3.14,803.75,0,98,0,-,32,5.22,2.92,-,-,24.03,0,75.97,5,0,0,10.98,4
Thu Apr 02 12:48:05 GMT+03:00 2026,02-apr.-2026 12:48:05.377,0.0,1.899999976158142,98.0,189.02000427246094,-0.06,6.29,7.49,0.02,14.9,0,-,9,0,35.1,68,-,3.14,786.25,0,98,0,-,32,5.22,2.9,-,-,24.03,0,75.97,8,0,0,10.59,4
Thu Apr 02 12:48:07 GMT+03:00 2026,02-apr.-2026 12:48:08.139,0.0,1.899999976158142,98.0,189.02000427246094,-0.3,5.85,7.88,0.02,14.51,0,-,9,0,35.1,68,-,3.14,821,0,98,0,-,32,5.22,2.93,-,-,24.03,0,75.97,10,0,0,10.59,7
Thu Apr 02 12:48:10 GMT+03:00 2026,02-apr.-2026 12:48:10.673,0.0,2.0,98.0,189.02000427246094,0.18,5.95,7.28,-0.02,14.12,0,-,9,0,35.1,68,-,3.14,841,0,98,0,-,32,5.08,2.94,-,-,24.03,0,75.97,13,0,0,10.2,7
Thu Apr 02 12:48:12 GMT+03:00 2026,02-apr.-2026 12:48:13.140,0.0,2.0,98.0,189.02000427246094,0.12,6.1,7.58,0.01,17.65,-0.01,-,9,0,35.1,68,-,3.53,1498.5,0.01,98,0,-,31,9.57,8.04,-,-,24.03,0,75.97,15,0,0,34.51,5.5
Thu Apr 02 12:48:14 GMT+03:00 2026,02-apr.-2026 12:48:14.923,0.0,2.0,98.0,189.02000427246094,-0.49,6.5,7.34,0.02,15.29,0,-,9,0,35.1,68,-,3.92,991.25,0,98,0,-,31,4.21,3.42,-,-,24.03,0,75.97,17,0,0,11.76,1
Thu Apr 02 12:48:16 GMT+03:00 2026,02-apr.-2026 12:48:16.880,0.0,2.0999999046325684,98.0,189.02000427246094,0.74,2.22,9.26,-0.01,14.12,-0.01,-,9,0,35.1,68,-,3.14,958,0,98,0,-,31,4.5,3.03,-,-,24.03,0,75.97,19,0,0,10.2,1.5
Thu Apr 02 12:48:18 GMT+03:00 2026,02-apr.-2026 12:48:18.592,0.0,2.0999999046325684,98.0,189.02000427246094,0.74,2.42,9.43,0.01,14.12,0,-,9,0,35.1,68,-,3.14,902,0,98,0,-,30,4.5,2.85,-,-,24.03,0,75.97,21,0,0,10.2,1
Thu Apr 02 12:48:20 GMT+03:00 2026,02-apr.-2026 12:48:20.378,0.0,2.0999999046325684,98.0,189.02000427246094,0.71,2.33,9.39,0.01,13.73,-0.01,-,9,0,35.1,67,-,2.75,909.25,0,98,0,-,30,4.5,2.83,-,-,24.03,0,75.97,23,0,0,9.41,1.5
Thu Apr 02 12:48:21 GMT+03:00 2026,02-apr.-2026 12:48:22.144,0.0,2.0999999046325684,98.0,189.02000427246094,0.75,2.37,9.44,0.01,13.73,-0.01,-,9,0,35.1,67,-,2.75,858,0,98,0,-,30,4.5,2.69,-,-,24.03,0,75.97,24,0,0,9.41,2
Thu Apr 02 12:48:23 GMT+03:00 2026,02-apr.-2026 12:48:23.953,0.0,1.2000000476837158,98.0,189.02000427246094,0.77,2.28,9.35,0,13.33,-0.01,-,9,0,35.1,67,-,2.75,844,0,98,0,-,30,4.64,2.75,-,-,24.03,0,75.97,26,0,0,9.02,4.5
Thu Apr 02 12:48:25 GMT+03:00 2026,02-apr.-2026 12:48:25.754,0.0,1.0,98.0,189.02000427246094,0.77,2.35,9.39,0.01,13.33,0,-,9,0,35.1,67,-,2.75,853.25,0,98,0,-,30,4.64,2.73,-,-,24.03,0,75.97,28,0,0,9.02,3
Thu Apr 02 12:48:27 GMT+03:00 2026,02-apr.-2026 12:48:27.433,0.0,1.0,98.0,189.02000427246094,0.78,2.38,9.37,0.01,13.33,-0.01,-,9,0,35.1,67,-,2.75,854.5,0,98,0,-,30,4.5,2.67,-,-,24.03,0,75.97,30,0,0,8.63,3.5
Thu Apr 02 12:48:29 GMT+03:00 2026,02-apr.-2026 12:48:29.294,0.0,1.0,98.0,189.02000427246094,0.76,2.34,9.41,0.01,13.33,0,-,9,0,35.1,67,-,2.75,841.5,0,98,0,-,30,4.5,2.66,-,-,24.03,0,75.97,32,0,0,8.63,3
Thu Apr 02 12:48:30 GMT+03:00 2026,02-apr.-2026 12:48:31.138,0.0,1.0,98.0,189.02000427246094,0.74,2.31,9.34,0,12.94,0,-,9,0,35.1,67,-,2.75,851.75,0,98,0,-,29,4.5,2.57,-,-,24.03,0,75.97,33,0,0,8.63,3.5
Thu Apr 02 12:48:32 GMT+03:00 2026,02-apr.-2026 12:48:32.924,0.0,1.0,98.0,189.02000427246094,0.78,2.35,9.42,0.01,12.94,0,-,9,0,35.1,67,-,2.75,837.75,0,98,0,-,29,4.5,2.62,-,-,24.03,0,75.97,35,0,0,8.63,3.5
Thu Apr 02 12:48:34 GMT+03:00 2026,02-apr.-2026 12:48:34.640,0.0,1.0,98.0,189.02000427246094,0.71,2.31,9.39,0.01,12.94,-0.01,-,9,0,35.1,67,-,2.75,844,0,98,0,-,29,4.35,2.58,-,-,24.03,0,75.97,37,0,0,8.24,3.5
Thu Apr 02 12:48:36 GMT+03:00 2026,02-apr.-2026 12:48:36.315,0.0,1.0,98.0,189.02000427246094,0.79,2.32,9.44,0.01,12.94,0,-,9,0,35.1,67,-,2.75,837.5,0,98,0,-,29,4.64,2.67,-,-,24.03,0,75.97,39,0,0,8.24,7
Thu Apr 02 12:48:37 GMT+03:00 2026,02-apr.-2026 12:48:38.090,0.0,1.0,98.0,189.02000427246094,0.87,2.69,9.34,0.01,19.22,0,-,9,0,35.1,67,-,3.14,822.25,0,98,0,-,29,4.64,2.69,-,-,24.03,0,75.97,40,0,0,17.65,16.5
Thu Apr 02 12:48:39 GMT+03:00 2026,02-apr.-2026 12:48:39.820,0.0,1.2999999523162842,98.0,189.02000427246094,0.85,3.07,9.24,0.02,21.18,0,-,9,0,35.1,67,-,4.31,1289.25,0.01,98,0,-,29,5.08,4.98,-,-,24.03,0,75.97,42,0,0,15.69,24
Thu Apr 02 12:48:41 GMT+03:00 2026,02-apr.-2026 12:48:41.682,0.0,1.600000023841858,98.0,189.02000427246094,1.7,3.37,9.35,0.05,22.75,0.02,-,9,0.18,35.1,67,0.91,6.27,1135,0.01,98,4,1.22,29,6.38,5.55,-,-,0,0,100,44,0,4,20.78,16.5
Thu Apr 02 12:48:43 GMT+03:00 2026,02-apr.-2026 12:48:43.420,2.6245687007904053,1.899999976158142,101.5,176.39999389648438,-1.36,2.57,8.2,-0.09,14.51,0,-,9,0.61,35.1,68,3.67,5.1,1239.25,0.01,101.5,10,4.92,29,7.54,6.6,-,-,41.86,0,58.14,46,9.45,10,9.8,15
Thu Apr 02 12:48:44 GMT+03:00 2026,02-apr.-2026 12:48:45.137,2.6173624992370605,2.0,101.80000000000001,145.16000366210938,0.25,0.07,9.89,0.03,13.33,0,-,9,0.92,35.1,68,3.67,3.53,848,0,101.8,1.45,4.92,29,4.64,2.94,-,-,64,0,36,47,9.42,8,9.02,8
Thu Apr 02 12:48:46 GMT+03:00 2026,02-apr.-2026 12:48:46.920,0.0,1.899999976158142,101.9,108.91000366210938,0.56,2.3,9.39,0.01,12.94,0,-,9,0.96,35.1,68,-,2.75,936.5,0,101.9,6.11,-,29,4.5,2.97,-,-,54.44,0,45.56,49,0,2,8.63,4.5
Thu Apr 02 12:48:48 GMT+03:00 2026,02-apr.-2026 12:48:48.636,0.0,1.7999999523162842,102.1,108.91000366210938,0.32,1.65,9.64,0.02,21.57,0,-,9,0.92,35.1,68,-,6.67,935.25,0,102.1,0,-,29,4.79,2.98,-,-,42.77,0,57.23,51,0,0,19.22,18.5
Thu Apr 02 12:48:50 GMT+03:00 2026,02-apr.-2026 12:48:50.452,0.0,1.7999999523162842,102.1,108.91000366210938,0.28,1.94,9.76,0.03,16.47,0,-,9,0.96,35.1,68,0.25,8.63,726.5,0.01,102.1,2,0.34,28,8.85,5.82,-,-,34.87,0,65.13,53,0,2,23.92,-1
Thu Apr 02 12:48:52 GMT+03:00 2026,02-apr.-2026 12:48:52.202,0.0,2.0,102.1,108.91000366210938,0.6,2.3,9.4,0.01,14.9,-0.01,-,9,1.04,35.1,68,0.18,9.41,965.5,0.01,102.1,3,0.24,28,6.09,4.12,-,-,29.58,0,70.42,55,0,3,10.98,-11
Thu Apr 02 12:48:53 GMT+03:00 2026,02-apr.-2026 12:48:54.003,0.0,2.0,102.1,108.91000366210938,0.61,2.76,9.4,0.02,14.51,0,-,9,1.07,35.1,68,0.18,5.1,842.75,0,102.1,2,0.24,28,4.79,3.23,-,-,25.61,0,74.39,56,0,2,10.2,-5.5
Thu Apr 02 12:48:55 GMT+03:00 2026,02-apr.-2026 12:48:55.753,0.0,2.0999999046325684,102.1,108.91000366210938,0.31,3.19,9.36,0.03,25.88,0,-,9,1.03,35.1,68,-,3.92,803.75,0,102.1,0,-,28,5.08,3.24,-,-,22.64,0,77.36,58,0,0,12.16,13
Thu Apr 02 12:48:57 GMT+03:00 2026,02-apr.-2026 12:48:57.483,0.0,2.200000047683716,102.1,108.91000366210938,-1.54,3.61,9.13,0.03,25.49,0.01,-,9,1.1,35.1,69,0.56,8.63,1387.5,0.01,102.1,3,0.75,27,7.4,8.37,-,-,20.32,0,79.68,60,0,3,29.8,21.5
Thu Apr 02 12:48:59 GMT+03:00 2026,02-apr.-2026 12:48:59.293,3.0080366134643555,2.200000047683716,101.1,358.760009765625,0.36,4.05,9.24,0.05,27.84,0.09,-,9,1.38,35.1,69,4.11,10.2,1471,0.01,101.1,10,5.52,27,9.28,9.55,-,-,24.43,0,75.57,62,10.83,10,26.67,20
Thu Apr 02 12:49:00 GMT+03:00 2026,02-apr.-2026 12:49:00.995,4.342196464538574,2.200000047683716,99.80000000000001,351.57000732421875,0.26,2.16,9.3,-0.01,16.86,-0.04,-,9,1.85,35.1,69,7.47,14.12,2085.5,0.02,99.8,6.17,10.02,27,8.7,12.65,-,-,30.75,0,69.25,63,15.63,17,17.65,23.5
Thu Apr 02 12:49:02 GMT+03:00 2026,02-apr.-2026 12:49:02.695,5.585765361785889,2.299999952316284,98.4,352.1700134277344,0.56,3.07,9.73,0.06,26.67,0.07,-,9,2.35,35.1,69,2.37,10.98,1450.5,0.01,98.4,0.76,3.17,26,5.37,7.19,-,-,36.08,0,63.92,65,20.11,19,27.06,17.5
Thu Apr 02 12:49:04 GMT+03:00 2026,02-apr.-2026 12:49:04.428,6.350642681121826,2.4000000953674316,97.6,354.7099914550781,1,3.07,9.35,0.03,28.24,0.01,-,9,2.94,35.1,70,5.98,13.33,1667.75,0.01,97.6,2.97,8.01,26,8.7,10.54,-,-,40.74,0,59.26,67,22.86,23,29.41,18
Thu Apr 02 12:49:06 GMT+03:00 2026,02-apr.-2026 12:49:06.213,7.50825309753418,2.4000000953674316,97.0,357.6000061035156,-0.08,1.63,10.34,0.09,14.9,-0.04,-,9,3.64,35.1,70,8.81,7.06,1988.25,0.02,97,5.14,11.82,26,9.14,13.31,-,-,44.87,0,55.13,69,27.03,28,10.59,27
Thu Apr 02 12:49:07 GMT+03:00 2026,02-apr.-2026 12:49:07.882,6.192623138427734,2.4000000953674316,96.9,356.2699890136719,-0.42,-0.01,10.19,0.06,13.33,0.02,-,9,4.11,35.1,71,8.81,3.53,1076,0,96.9,6.03,11.82,26,4.35,3.42,-,-,48.25,0,51.75,70,22.29,21,9.02,8
Thu Apr 02 12:49:09 GMT+03:00 2026,02-apr.-2026 12:49:09.570,2.448533535003662,2.299999952316284,96.30000000000001,356.8500061035156,0.04,1.15,10,0.05,12.94,0.02,-,9,4.18,35.1,71,-,3.14,898,0,96.3,9.46,-,26,4.35,2.84,-,-,51.27,0,48.73,72,8.81,7,8.63,7
Thu Apr 02 12:49:11 GMT+03:00 2026,02-apr.-2026 12:49:11.364,0.0,2.299999952316284,95.7,356.8500061035156,0.81,4.62,8.39,-0,27.06,-0.05,-,9,4.15,35.1,71,-,6.27,852.5,0,95.7,3,-,26,4.79,2.9,-,-,50.14,0,49.86,74,0,3,28.24,-7.5
Thu Apr 02 12:49:13 GMT+03:00 2026,02-apr.-2026 12:49:13.161,3.614894151687622,2.200000047683716,94.80000000000001,354.1199951171875,0.87,2.44,10.19,0.09,16.08,0.07,-,9,4.35,35.1,71,6.36,10.59,1464.75,0.01,94.8,12,8.54,26,10.88,10.76,-,-,51.2,0,48.8,76,13.01,12,30.59,11.5
Thu Apr 02 12:49:14 GMT+03:00 2026,02-apr.-2026 12:49:14.884,4.375138759613037,2.200000047683716,94.4,351.1600036621094,0.47,3.65,9.06,0.02,30.2,0,-,9,4.61,35.1,71,2.73,15.69,1468.75,0.01,94.4,1.99,3.66,25,3.77,5.26,-,-,53.66,0,46.34,77,15.75,15,34.51,11.5
Thu Apr 02 12:49:16 GMT+03:00 2026,02-apr.-2026 12:49:16.735,6.6208720207214355,2.299999952316284,94.2,348.1600036621094,0.79,2.85,9.23,0.01,30.59,0.01,-,9,5.07,35.1,72,13.5,18.43,1720.75,0.02,94.2,4.49,18.11,24,11.75,16.05,-,-,56.04,0,43.96,79,23.84,24,32.16,13.5
Thu Apr 02 12:49:18 GMT+03:00 2026,02-apr.-2026 12:49:18.579,7.937016487121582,2.5,94.9,352.7300109863281,0.18,2.07,9.3,-0.01,13.33,-0.05,-,9,5.65,35.1,72,10.28,3.92,1888,0.01,94.9,1.42,13.78,24,4.93,6.11,-,-,58.17,0,41.83,81,28.57,30,10.59,-4
Thu Apr 02 12:49:20 GMT+03:00 2026,02-apr.-2026 12:49:20.283,7.23853874206543,2.5,95.80000000000001,350.8800048828125,0.33,0.8,9.68,0.01,13.33,0.02,-,9,6.16,35.1,73,10.28,3.14,1341.75,0,95.8,0.52,13.78,24,3.34,3.17,-,-,59.97,0,40.03,83,26.06,28,8.24,9
Thu Apr 02 12:49:21 GMT+03:00 2026,02-apr.-2026 12:49:22.035,5.841582298278809,2.5,97.1,354.1700134277344,-0.21,0.52,9.9,0.06,12.94,0.04,-,9,6.47,35.1,73,-,2.75,1000.75,0,97.1,6.06,-,24,3.63,2.77,-,-,61.66,0,38.34,84,21.03,20,8.63,8
Thu Apr 02 12:49:23 GMT+03:00 2026,02-apr.-2026 12:49:23.759,2.7836177349090576,2.4000000953674316,96.80000000000001,351.0199890136719,0.44,3.09,9.42,0.03,25.1,0,-,9,6.5,35.1,74,-,3.14,835.25,0,96.8,6.87,-,24,4.64,2.83,-,-,63.2,0,36.8,86,10.02,8,12.94,13
Thu Apr 02 12:49:25 GMT+03:00 2026,02-apr.-2026 12:49:25.503,3.2087783813476562,2.299999952316284,95.0,6.710000038146973,0.76,3.9,9.01,0.02,47.84,0,-,9,6.6,35.1,74,2.01,9.41,1054,0.01,95,1.57,2.7,24,8.12,6.39,-,-,64.63,0,35.37,88,11.55,11,52.55,-7
Thu Apr 02 12:49:27 GMT+03:00 2026,02-apr.-2026 12:49:27.373,5.863715648651123,2.299999952316284,95.30000000000001,25.219999313354492,1.32,3.81,9.26,0.05,41.96,0.02,-,9,6.88,35.1,74,11,18.43,1336.5,0.02,95.3,3.89,14.75,24,14.21,15.16,-,-,66.04,0,33.96,90,21.11,20,41.18,6.5
Thu Apr 02 12:49:28 GMT+03:00 2026,02-apr.-2026 12:49:29.141,7.902530193328857,12.100000381469727,95.0,24.84000015258789,0.52,2.28,9.78,0.04,16.47,-0.04,-,9,7.35,34.81,74,17.17,16.86,2147.5,0.03,95,8.89,23.03,23,12.62,21.12,-,-,67.28,0,32.72,92,28.45,30,17.65,22.5
Thu Apr 02 12:49:30 GMT+03:00 2026,02-apr.-2026 12:49:30.929,8.999917984008789,11.5,94.5,26.489999771118164,-0.18,2.47,8.83,-0.05,26.27,-0.06,-,9,7.82,34.81,74,1.9,7.45,1551.25,0.01,94.5,0.38,2.55,23,3.63,4.81,-,-,68.44,0,31.56,93,32.4,31,25.88,19.5
Thu Apr 02 12:49:32 GMT+03:00 2026,02-apr.-2026 12:49:32.627,9.084332466125488,11.399999618530273,94.5,25.25,-0.1,1.08,9.66,0.01,14.12,-0.04,-,9,8.33,34.81,74,6.35,5.49,1621.75,0.01,94.5,0.92,8.52,23,8.99,10.28,-,-,69.47,0,30.53,95,32.7,34,9.41,18.5
Thu Apr 02 12:49:34 GMT+03:00 2026,02-apr.-2026 12:49:34.389,7.454207420349121,11.399999618530273,95.30000000000001,22.860000610351562,-0.05,-0.21,10.41,0.08,12.94,-0.02,-,9,8.75,34.81,75,6.35,3.14,1119.5,0,95.3,1.35,8.52,23,3.77,3.08,-,-,70.47,0,29.53,97,26.84,30,8.63,12.5
Thu Apr 02 12:49:36 GMT+03:00 2026,02-apr.-2026 12:49:36.176,3.3837838172912598,11.399999618530273,95.7,20.31999969482422,0.26,2.03,9.57,0.02,12.55,0,-,9,8.87,34.81,75,-,2.75,956,0,95.7,11.84,-,23,4.21,2.98,-,-,71.42,0,28.58,99,12.18,15,8.24,8.5
Thu Apr 02 12:49:37 GMT+03:00 2026,02-apr.-2026 12:49:37.869,1.4885766506195068,11.5,96.1,21.399999618530273,0.2,2.17,9.59,0.02,12.55,0,-,9,8.76,34.81,75,-,3.14,844,0,96.1,9.18,-,23,4.79,2.91,-,-,70.33,0,29.67,100,5.36,3,7.84,8
Thu Apr 02 12:49:39 GMT+03:00 2026,02-apr.-2026 12:49:39.624,0.0,11.800000190734863,96.30000000000001,23.31999969482422,0.71,2.5,9.35,0.01,16.86,0,-,9,8.62,34.81,76,-,4.31,813.25,0,96.3,1,-,23,4.93,2.91,-,-,68.24,0,31.76,102,0,1,26.67,-6
Thu Apr 02 12:49:41 GMT+03:00 2026,02-apr.-2026 12:49:41.432,0.0,12.600000381469727,96.4,37.380001068115234,2.12,3.93,9.13,0.06,29.02,0.04,-,8,8.55,34.81,76,1.18,11.37,1269.25,0.01,96.4,5,1.58,23,9.57,10.76,-,-,66.22,0,33.78,104,0,5,28.63,18.5
Thu Apr 02 12:49:43 GMT+03:00 2026,02-apr.-2026 12:49:43.194,6.7536702156066895,12.100000381469727,95.5,76.70999908447266,1.04,3.72,9.91,0.1,18.82,0.08,-,8,8.7,34.81,76,12.48,25.1,2018,0.03,95.5,17,16.73,23,11.02,21.11,-,-,66.32,0,33.68,106,24.31,17,18.04,16.5
Thu Apr 02 12:49:44 GMT+03:00 2026,02-apr.-2026 12:49:44.937,6.716095447540283,11.699999809265137,95.4,78.19000244140625,1.19,4.19,9,0.04,66.27,0,-,8,8.97,34.81,77,10.1,23.92,1791.5,0.03,95.4,0.31,13.55,22,12.33,21.71,-,-,67.24,0,32.76,107,24.18,24,63.14,5.5
Thu Apr 02 12:49:46 GMT+03:00 2026,02-apr.-2026 12:49:46.644,9.441549301147461,11.5,95.80000000000001,83.37000274658203,0.17,3.53,9.4,0.04,48.24,-0.01,-,8,9.41,34.81,77,24.93,12.16,2490,0.04,95.8,6.03,33.44,22,14.07,30.11,-,-,68.08,0,31.92,109,33.99,35,14.51,23.5
Thu Apr 02 12:49:48 GMT+03:00 2026,02-apr.-2026 12:49:48.484,10.734017372131348,11.5,95.6,83.51000213623047,0.38,1.93,9.61,0.02,14.51,0.01,-,8,9.9,34.81,77,9.48,11.76,1847.25,0.03,95.6,2.24,12.71,21,14.07,22.4,-,-,68.95,0,31.05,111,38.64,39,12.16,23
Thu Apr 02 12:49:50 GMT+03:00 2026,02-apr.-2026 12:49:50.215,10.059731483459473,11.399999618530273,95.1,84.69999694824219,-0.11,1.77,9.23,-0.02,14.12,-0.04,-,8,10.34,34.81,77,9.48,3.92,1810.5,0,95.1,0.31,12.71,21,2.9,3.59,-,-,69.72,0,30.28,113,36.22,37,9.8,28
Thu Apr 02 12:49:51 GMT+03:00 2026,02-apr.-2026 12:49:52.021,9.815237998962402,2.700000047683716,94.9,86.5999984741211,0.14,0.11,10.08,0.05,13.33,0.03,-,8,10.74,34.81,77,-,3.53,1120.25,0,94.9,1.22,-,21,3.63,3.22,-,-,70.49,0,29.51,114,35.33,35,9.02,9
Thu Apr 02 12:49:53 GMT+03:00 2026,02-apr.-2026 12:49:53.839,6.9528679847717285,11.399999618530273,96.2,85.4000015258789,0.12,2.19,9.47,0.01,12.94,0,-,8,10.94,34.81,78,-,3.14,928.25,0,96.2,8.65,-,21,4.21,2.98,-,-,71.22,0,28.78,116,25.03,23,8.24,7.5
Thu Apr 02 12:49:55 GMT+03:00 2026,02-apr.-2026 12:49:55.530,4.861036777496338,11.399999618530273,92.9,86.16999816894531,-0.14,1.73,10.02,0.06,22.75,0.05,-,8,11.03,34.81,78,-,4.31,861.75,0,92.9,2.53,-,21,4.64,2.85,-,-,71.87,0,28.13,118,17.5,17,20.78,15
Thu Apr 02 12:49:57 GMT+03:00 2026,02-apr.-2026 12:49:57.212,5.881216049194336,11.399999618530273,91.0,86.06999969482422,0.24,3.81,9.36,0.05,32.94,0.02,-,8,11.15,34.81,79,2.44,10.2,1374.5,0.01,91,0.69,3.27,21,7.98,8.39,-,-,72.49,0,27.51,120,21.17,19,29.8,16.5
Thu Apr 02 12:49:58 GMT+03:00 2026,02-apr.-2026 12:49:58.946,7.3162617683410645,11.399999618530273,90.7,84.66999816894531,0.2,2.43,8.91,-0.04,15.29,-0.01,-,8,11.39,34.81,79,13.62,27.84,1901.5,0.03,90.7,5.83,18.27,21,14.07,22.41,-,-,73.1,0,26.9,121,26.34,27,14.9,16
Thu Apr 02 12:50:00 GMT+03:00 2026,02-apr.-2026 12:50:00.877,8.254600524902344,11.399999618530273,90.1,85.3499984741211,0.61,3.52,8.83,-0.01,47.45,-0.01,-,8,11.66,34.81,80,3.53,18.82,1642.25,0.01,90.1,0.61,4.73,21,3.63,9.12,-,-,73.74,0,26.26,123,29.72,29,36.86,17.5
Thu Apr 02 12:50:02 GMT+03:00 2026,02-apr.-2026 12:50:02.658,10.29238510131836,11.399999618530273,88.4,84.68000030517578,-0.77,2.25,9.53,0.02,27.06,-0.07,-,8,12.03,34.81,80,16.89,23.53,1765.25,0.03,88.4,4.18,22.65,20,14.21,21.13,-,-,74.31,0,25.69,125,37.05,37,34.51,7
Thu Apr 02 12:50:04 GMT+03:00 2026,02-apr.-2026 12:50:04.511,11.740814208984375,11.399999618530273,88.7,85.04000091552734,0.24,2.45,9.31,0,26.27,-0.02,-,8,12.46,34.81,80,12.55,16.47,2001.75,0.02,88.7,2.26,16.84,20,9.14,14.04,-,-,74.88,0,25.12,127,42.27,42,30.59,19.5
Thu Apr 02 12:50:06 GMT+03:00 2026,02-apr.-2026 12:50:06.408,12.124796867370605,11.399999618530273,87.2,84.41999816894531,0.18,2.01,9.4,0.02,14.12,0,-,8,12.93,34.81,80,7.87,9.41,2143.75,0.02,87.2,0.04,10.56,20,7.4,11.25,-,-,75.44,0,24.56,129,43.65,45,12.16,23.5
Thu Apr 02 12:50:08 GMT+03:00 2026,02-apr.-2026 12:50:08.191,11.647134780883789,11.399999618530273,86.9,84.55999755859375,0.17,2.35,9.27,-0.01,20.78,-0.02,-,8,13.35,34.81,80,7.87,3.92,2067,0.01,86.9,0.65,10.56,20,2.76,3.85,-,-,75.94,0,24.06,131,41.93,43,9.41,28.5
Thu Apr 02 12:50:09 GMT+03:00 2026,02-apr.-2026 12:50:09.884,11.287858009338379,11.399999618530273,86.80000000000001,84.55999755859375,0.5,2.53,9.11,-0.02,25.49,-0.03,-,8,13.75,34.81,81,-,9.02,2084.25,0.01,86.8,0.07,-,20,5.37,7.6,-,-,76.39,0,23.61,132,40.64,42,25.1,20
Thu Apr 02 12:50:11 GMT+03:00 2026,02-apr.-2026 12:50:11.720,12.029573440551758,11.399999618530273,86.7,84.33999633789062,0.16,2.24,9.64,0.03,18.82,0,-,8,14.16,34.81,81,5.38,14.51,2072.75,0.01,86.7,2.57,7.21,20,7.25,10.55,-,-,76.87,0,23.13,134,43.31,44,14.12,23.5
Thu Apr 02 12:50:13 GMT+03:00 2026,02-apr.-2026 12:50:13.438,12.205608367919922,11.399999618530273,87.1,83.98999786376953,0.3,2.4,9.21,-0.01,18.43,-0.01,-,8,14.57,34.81,82,5.38,8.63,1709,0.01,87.1,0.1,7.21,20,8.27,10.67,-,-,77.3,0,22.7,136,43.94,44,21.96,21.5
Thu Apr 02 12:50:15 GMT+03:00 2026,02-apr.-2026 12:50:15.326,11.978615760803223,11.399999618530273,87.9,84.43000030517578,0.15,2.14,9.61,0.02,14.12,0.01,-,8,14.96,34.81,82,-,3.92,1732.75,0.01,87.9,0.13,-,20,3.92,4.25,-,-,77.75,0,22.25,138,43.12,44,9.8,27
Thu Apr 02 12:50:16 GMT+03:00 2026,02-apr.-2026 12:50:17.117,11.76088809967041,11.399999618530273,88.30000000000001,84.41000366210938,0.23,1.99,9.07,-0.03,14.12,-0.01,-,8,15.33,34.81,82,-,3.53,1621,0,88.3,0.12,-,20,3.05,3.44,-,-,78.16,0,21.84,140,42.34,43,10.2,26.5
Thu Apr 02 12:50:18 GMT+03:00 2026,02-apr.-2026 12:50:18.927,11.244621276855469,11.399999618530273,88.1,84.58000183105469,0.16,2.06,9.63,0.02,14.51,0.01,-,8,15.66,34.81,83,-,3.53,1549.25,0,88.1,0.26,-,20,3.34,3.58,-,-,78.56,0,21.44,141,40.48,41,9.8,26
Thu Apr 02 12:50:20 GMT+03:00 2026,02-apr.-2026 12:50:20.683,10.833358764648438,11.399999618530273,87.1,84.5199966430664,0.09,1.7,9.6,0.01,26.27,0.04,-,8,15.96,34.81,83,-,3.14,1420.75,0,87.1,0.37,-,20,3.48,3.64,-,-,78.94,0,21.06,143,39,39,9.8,5.5
Thu Apr 02 12:50:22 GMT+03:00 2026,02-apr.-2026 12:50:22.368,10.973362922668457,11.399999618530273,86.9,84.48999786376953,0.36,3.37,9.32,0.03,36.47,-0.03,-,8,16.25,34.81,83,-,11.37,1866.25,0.01,86.9,1.02,-,20,8.27,11.16,-,-,79.29,0,20.71,145,39.5,39,38.04,20.5
Thu Apr 02 12:50:23 GMT+03:00 2026,02-apr.-2026 12:50:24.121,11.828316688537598,11.399999618530273,86.5,84.80999755859375,0.21,2.19,9.36,-0,16.86,-0.01,-,8,16.59,34.81,83,10.99,4.71,1978.5,0.01,86.5,3.5,14.74,20,7.25,8.67,-,-,79.64,0,20.36,147,42.58,43,28.63,3.5
Thu Apr 02 12:50:25 GMT+03:00 2026,02-apr.-2026 12:50:25.899,11.736696243286133,11.399999618530273,85.5,84.87000274658203,-0.12,1.93,10.26,0.08,14.12,0,-,8,16.9,34.81,83,10.99,3.92,1584.75,0.01,85.5,0.22,14.74,20,3.77,4.07,-,-,79.98,0,20.02,148,42.25,42,9.8,26
Thu Apr 02 12:50:27 GMT+03:00 2026,02-apr.-2026 12:50:27.567,9.84251880645752,11.399999618530273,85.30000000000001,84.83000183105469,0.25,1.67,9.55,0,14.51,-0.02,-,8,17.15,34.81,83,-,3.92,1398.5,0,85.3,2,-,20,3.63,3.73,-,-,80.3,0,19.7,150,35.43,37,10.2,23.5
Thu Apr 02 12:50:29 GMT+03:00 2026,02-apr.-2026 12:50:29.399,8.227319717407227,11.399999618530273,85.30000000000001,86.98999786376953,-0.09,1.65,9.16,-0.03,13.33,-0.05,-,8,17.34,34.81,83,-,3.14,1139.5,0,85.3,1.18,-,20,4.35,3.51,-,-,80.63,0,19.37,152,29.62,33,9.02,8
Thu Apr 02 12:50:31 GMT+03:00 2026,02-apr.-2026 12:50:31.235,6.657931804656982,11.399999618530273,84.9,87.25,0.32,2.26,9.8,0.05,12.94,-0.02,-,8,17.43,34.81,83,-,2.75,902.5,0,84.9,4.62,-,20,4.5,2.97,-,-,80.95,0,19.05,154,23.97,25,7.84,9.5
Thu Apr 02 12:50:32 GMT+03:00 2026,02-apr.-2026 12:50:32.969,6.682638645172119,11.399999618530273,84.1,89.20999908447266,0.39,4.11,9.19,0.05,38.04,0.02,-,8,17.52,34.81,83,-,10.98,1941.75,0.02,84.1,1.03,-,20,10.59,11.72,-,-,81.24,0,18.76,155,24.06,25,30.2,22
Thu Apr 02 12:50:34 GMT+03:00 2026,02-apr.-2026 12:50:34.702,8.991168022155762,11.399999618530273,83.7,88.1500015258789,-0.57,2.59,9.75,0.05,16.08,0,-,8,17.69,34.81,83,14.34,28.63,2286.5,0.03,83.7,5.12,19.22,19,13.05,25.18,-,-,81.53,0,18.47,157,32.37,32,18.82,16.5
Thu Apr 02 12:50:36 GMT+03:00 2026,02-apr.-2026 12:50:36.466,9.949066162109375,11.399999618530273,83.1,81.0199966430664,0.68,2.82,8.91,-0.03,27.45,-0.01,-,8,17.89,34.81,84,6.48,14.51,1716.75,0.01,83.1,0.03,8.69,19,6.09,8.75,-,-,81.81,0,18.19,159,35.82,35,30.2,14.5
Thu Apr 02 12:50:37 GMT+03:00 2026,02-apr.-2026 12:50:38.115,10.522980690002441,11.399999618530273,82.7,82.43000030517578,0.42,2.41,10.19,0.09,25.49,-0.04,-,8,18.12,34.81,84,9.79,10.98,1843.5,0.02,82.7,3.18,13.12,19,10.44,14.96,-,-,82.07,0,17.93,161,37.88,39,12.16,20
Thu Apr 02 12:50:39 GMT+03:00 2026,02-apr.-2026 12:50:39.978,10.971303939819336,11.399999618530273,82.5,84.41000366210938,0.52,2.99,8.9,-0.02,28.63,-0.01,-,8,18.36,34.81,84,9.79,14.51,1920,0.01,82.5,0.09,13.12,19,7.83,11.12,-,-,82.35,0,17.65,162,39.5,39,30.2,14.5
Thu Apr 02 12:50:41 GMT+03:00 2026,02-apr.-2026 12:50:41.752,11.952879905700684,11.399999618530273,81.7,84.77999877929688,0.18,2.42,9.44,0.01,25.49,-0.01,-,8,18.63,34.81,84,10.15,14.12,2050,0.02,81.7,1.16,13.62,18,9.72,14.63,-,-,82.6,0,17.4,164,43.03,43,26.67,22.5
Thu Apr 02 12:50:43 GMT+03:00 2026,02-apr.-2026 12:50:43.585,12.391937255859375,11.399999618530273,81.4,84.70999908447266,0.4,2.31,9.17,-0.02,25.88,0.08,-,8,18.91,34.81,84,2.65,11.76,2118.5,0.01,81.4,0.31,3.56,18,6.67,9.93,-,-,82.86,0,17.14,166,44.61,44,25.88,23.5
Thu Apr 02 12:50:45 GMT+03:00 2026,02-apr.-2026 12:50:45.283,12.009498596191406,11.399999618530273,82.1,84.22000122070312,0.3,2.04,9.19,-0.02,17.65,0,-,8,19.21,34.81,84,5.58,11.37,2178.75,0.02,82.1,3.24,7.48,18,7.11,11.76,-,-,83.1,0,16.9,168,43.23,46,25.1,22.5
Thu Apr 02 12:50:46 GMT+03:00 2026,02-apr.-2026 12:50:46.990,12.169062614440918,11.399999618530273,82.4,84.94000244140625,0.25,2.29,9.74,0.04,14.9,0,-,8,19.48,34.81,84,5.58,4.31,2166,0.01,82.4,1.77,7.48,18,3.34,4.54,-,-,83.33,0,16.67,169,43.81,45,9.41,28
Thu Apr 02 12:50:48 GMT+03:00 2026,02-apr.-2026 12:50:48.702,11.44845199584961,11.399999618530273,82.5,84.87999725341797,0.01,2.37,9.61,0.03,23.14,0,-,8,19.73,34.81,84,-,5.88,2070.5,0.01,82.5,0.41,-,18,3.19,5.04,-,-,83.55,0,16.45,171,41.21,43,10.59,26
Thu Apr 02 12:50:50 GMT+03:00 2026,02-apr.-2026 12:50:50.548,11.693459510803223,11.399999618530273,82.9,84.5999984741211,0.2,2.87,9.23,0,28.24,-0.01,-,8,19.97,34.81,84,-,9.41,1640,0.01,82.9,0.21,-,18,7.25,7.54,-,-,83.78,0,16.22,173,42.1,42,25.1,18.5
Thu Apr 02 12:50:52 GMT+03:00 2026,02-apr.-2026 12:50:52.315,12.226197242736816,11.399999618530273,82.4,85.23999786376953,0.09,2.53,9.36,0.01,24.31,-0.01,-,8,20.22,34.81,84,5.33,14.9,1670.25,0.02,82.4,1.82,7.15,18,10.3,13.09,-,-,84,0,16,175,44.01,44,26.27,14.5
Thu Apr 02 12:50:53 GMT+03:00 2026,02-apr.-2026 12:50:54.000,12.449071884155273,11.399999618530273,82.2,85.27999877929688,0.06,2.67,8.56,-0.07,27.06,0,-,8,20.48,34.81,84,5.71,9.41,1736.75,0.01,82.2,1.99,7.66,18,6.24,7.61,-,-,84.2,0,15.8,176,44.82,46,25.1,22.5
Thu Apr 02 12:50:55 GMT+03:00 2026,02-apr.-2026 12:50:55.774,13.043061256408691,11.399999618530273,81.4,85.83000183105469,0.78,2.18,9.13,-0.02,17.25,-0.08,-,8,20.77,34.81,84,5.9,14.12,1803.5,0.02,81.4,2.89,7.91,18,10.15,13.51,-,-,84.41,0,15.59,178,46.96,48,28.63,18.5
Thu Apr 02 12:50:57 GMT+03:00 2026,02-apr.-2026 12:50:57.483,13.02864933013916,11.399999618530273,80.80000000000001,88.19999694824219,-0.16,2.04,9.42,0,14.12,0.01,-,8,21.04,34.81,84,5.9,3.92,1805.25,0.01,80.8,0.05,7.91,18,3.34,4.24,-,-,84.6,0,15.4,180,46.9,48,9.8,27.5
Thu Apr 02 12:50:59 GMT+03:00 2026,02-apr.-2026 12:50:59.319,12.176268577575684,11.399999618530273,79.7,86.93000030517578,0.06,1.89,9.44,0,22.35,-0.03,-,8,21.29,34.81,84,-,3.53,1734.25,0,79.7,1.08,-,18,2.9,3.41,-,-,84.81,0,15.19,182,43.83,46,21.57,24.5
Thu Apr 02 12:51:00 GMT+03:00 2026,02-apr.-2026 12:51:01.140,12.299287796020508,11.399999618530273,80.1,85.69000244140625,0.04,2.73,9.25,0,26.27,0.06,-,8,21.52,34.81,84,-,9.02,1665.75,0.01,80.1,1.17,-,18,6.53,8.32,-,-,85.01,0,14.99,184,44.28,45,26.27,21
Thu Apr 02 12:51:02 GMT+03:00 2026,02-apr.-2026 12:51:02.916,12.684814453125,11.399999618530273,79.5,85.23999786376953,-0.13,1.82,9.8,0.03,15.29,0.03,-,8,21.77,34.81,84,5.45,11.76,1767.75,0.01,79.5,1.89,7.31,17,8.41,10.61,-,-,85.19,0,14.81,185,45.67,47,14.12,20
Thu Apr 02 12:51:04 GMT+03:00 2026,02-apr.-2026 12:51:04.723,12.707462310791016,11.399999618530273,79.5,84.08000183105469,-0.03,2.2,9.39,0,14.51,-0.04,-,8,22.01,34.81,84,5.45,3.53,1757,0,79.5,0.6,7.31,17,3.05,3.63,-,-,85.38,0,14.62,187,45.75,46,9.8,27
Thu Apr 02 12:51:06 GMT+03:00 2026,02-apr.-2026 12:51:06.576,11.927658081054688,11.399999618530273,81.30000000000001,84.8499984741211,-0.15,1.43,9.45,-0.01,13.33,-0.02,-,8,22.22,34.81,84,-,3.14,1135,0,81.3,0.23,-,17,4.35,3.58,-,-,85.56,0,14.44,189,42.94,44,8.63,8.5
Thu Apr 02 12:51:08 GMT+03:00 2026,02-apr.-2026 12:51:08.288,10.826152801513672,11.5,82.5,85.06999969482422,0.36,2.26,9,-0.03,12.55,0.02,-,8,22.39,34.81,84,-,3.14,900.75,0,82.5,0.47,-,17,4.35,2.96,-,-,85.73,0,14.27,191,38.97,40,8.24,8
Thu Apr 02 12:51:09 GMT+03:00 2026,02-apr.-2026 12:51:10.056,10.518863677978516,11.399999618530273,82.80000000000001,85.31999969482422,0.13,2.06,9.5,0.01,12.16,0,-,8,22.54,34.81,84,-,2.75,861,0,82.8,0.97,-,17,4.5,2.76,-,-,85.9,0,14.1,193,37.87,38,7.45,8.5
Thu Apr 02 12:51:11 GMT+03:00 2026,02-apr.-2026 12:51:11.798,8.798661231994629,11.399999618530273,83.80000000000001,85.73999786376953,0.13,-0.15,9.65,0,11.76,0,-,8,22.63,34.81,84,-,2.75,830.5,0,83.8,1.45,-,17,4.64,2.75,-,-,86.06,0,13.94,194,31.68,32,7.06,0.5
Thu Apr 02 12:51:13 GMT+03:00 2026,02-apr.-2026 12:51:13.435,6.018646717071533,11.399999618530273,84.30000000000001,91.05999755859375,-0.03,-0.28,9.75,0.01,12.16,0.03,-,8,22.62,34.81,84,-,2.35,933.5,0,84.3,4.73,-,18,4.06,2.58,-,-,86.21,0,13.79,196,21.67,22,7.84,17
Thu Apr 02 12:51:15 GMT+03:00 2026,02-apr.-2026 12:51:15.183,2.1520535945892334,11.399999618530273,85.2,96.61000061035156,0.04,1.12,9.83,0.03,12.16,0,-,8,22.5,34.81,84,-,2.75,805,0,85.2,12.67,-,18,4.79,2.75,-,-,86.37,0,13.63,198,7.75,9,7.45,7.5
Thu Apr 02 12:51:16 GMT+03:00 2026,02-apr.-2026 12:51:16.950,0.0,11.399999618530273,85.9,97.66999816894531,0.22,2.28,9.46,0.01,12.16,0,-,8,22.3,34.81,84,-,2.75,781.25,0,85.9,6.75,-,18,4.79,2.67,-,-,85.74,0,14.26,199,0,1,7.06,4.5
Thu Apr 02 12:51:18 GMT+03:00 2026,02-apr.-2026 12:51:18.673,0.0,11.699999809265137,86.1,98.44999694824219,0.43,2.75,9.34,0.01,25.49,0,-,8,22.1,34.81,85,-,2.75,793.75,0,86.1,0,-,18,4.79,2.71,-,-,84.81,0,15.19,201,0,0,22.75,4.5
Thu Apr 02 12:51:20 GMT+03:00 2026,02-apr.-2026 12:51:20.520,0.0,11.600000381469727,86.1,99.23999786376953,1.11,3.93,9.03,0.03,36.08,0.01,-,8,21.92,34.81,85,0.24,9.02,2086.5,0.01,86.1,2,0.32,18,5.95,9.7,-,-,83.83,0,16.17,203,0,2,20,-5
Thu Apr 02 12:51:22 GMT+03:00 2026,02-apr.-2026 12:51:22.259,4.613455295562744,11.800000190734863,84.2,109.18000030517578,-0.12,4.89,9.47,0.11,34.12,0.2,-,8,21.81,34.81,85,4.77,12.94,1387.5,0.01,84.2,0.61,6.4,17,8.56,10.39,-,-,83.6,0,16.4,205,16.61,10,52.55,3.5
Thu Apr 02 12:51:23 GMT+03:00 2026,02-apr.-2026 12:51:24.091,7.681199550628662,12.199999809265137,83.80000000000001,109.13999938964844,-0.59,2.79,9.51,0.03,27.45,-0.01,-,8,21.82,34.81,85,16.76,14.9,2779.5,0.04,83.8,5.39,22.47,17,12.62,29.16,-,-,83.79,0,16.21,207,27.65,22,16.47,23.5
Thu Apr 02 12:51:25 GMT+03:00 2026,02-apr.-2026 12:51:25.758,7.59318208694458,11.600000381469727,83.4,88.75,-1.41,3.85,9.29,0.05,32.55,0,-,8,21.84,34.81,85,4.34,23.92,1864.5,0.02,83.4,0.58,5.83,17,8.7,11.94,-,-,83.95,0,16.05,208,27.34,25,35.69,5.5
Thu Apr 02 12:51:27 GMT+03:00 2026,02-apr.-2026 12:51:27.405,9.62787914276123,11.399999618530273,82.0,66.01000213623047,1.72,2.17,10.1,0.09,16.08,0.06,-,8,21.96,34.81,84,23.12,25.49,2476.75,0.03,82,4.3,31.01,17,11.02,22.7,-,-,84.11,0,15.89,210,34.66,35,17.65,20
Thu Apr 02 12:51:28 GMT+03:00 2026,02-apr.-2026 12:51:29.144,9.891416549682617,11.399999618530273,81.4,68.47000122070312,2.93,3.14,8.25,-0.03,42.35,-0.05,-,8,22.08,34.81,84,2.34,16.08,1889,0.01,81.4,1.34,3.13,17,3.48,8.89,-,-,84.27,0,15.73,212,35.61,36,33.33,10
Thu Apr 02 12:51:30 GMT+03:00 2026,02-apr.-2026 12:51:30.936,11.558602333068848,11.399999618530273,83.1,85.33999633789062,0.09,2.14,9.22,-0.02,18.43,0.04,-,8,22.25,34.66,84,18.22,26.27,2001.75,0.03,83.1,5.46,24.43,17,13.78,23.89,-,-,84.44,0,15.56,213,41.61,43,39.61,7.5
Thu Apr 02 12:51:32 GMT+03:00 2026,02-apr.-2026 12:51:32.777,12.74091911315918,11.399999618530273,82.5,83.63999938964844,0.32,2.59,8.28,-0.1,32.16,-0.07,-,8,22.45,34.66,83,5.41,16.86,1778.75,0.01,82.5,0.81,7.26,17,3.48,4.79,-,-,84.6,0,15.4,215,45.87,45,34.12,10
Thu Apr 02 12:51:34 GMT+03:00 2026,02-apr.-2026 12:51:34.626,13.606681823730469,11.399999618530273,82.4,83.25,0.42,2.51,10.18,0.09,26.27,0.04,-,8,22.67,34.66,83,14.9,12.16,1870.25,0.02,82.4,2.71,19.98,16,11.6,16.92,-,-,84.77,0,15.23,217,48.98,50,26.67,21
Thu Apr 02 12:51:36 GMT+03:00 2026,02-apr.-2026 12:51:36.369,14.198098182678223,11.399999618530273,77.4,83.5999984741211,0.17,2.67,9.75,0.05,26.67,0.03,-,8,22.91,34.66,83,3.03,11.76,1926.75,0.01,77.4,0.33,4.07,16,7.83,10.91,-,-,84.92,0,15.08,219,51.11,51,26.67,22
Thu Apr 02 12:51:37 GMT+03:00 2026,02-apr.-2026 12:51:38.106,14.612448692321777,11.399999618530273,77.2,83.37999725341797,0.17,2.71,8.55,-0.07,29.8,-0.06,-,8,23.16,34.66,83,6.67,14.12,1986,0.02,77.2,1.89,8.94,16,8.85,12.75,-,-,85.07,0,14.93,221,52.6,53,30.98,19.5
Thu Apr 02 12:51:39 GMT+03:00 2026,02-apr.-2026 12:51:39.907,15.179158210754395,11.399999618530273,75.30000000000001,83.95999908447266,0.04,2.38,9.27,-0.01,25.49,-0.02,-,8,23.41,34.66,83,6.53,12.16,2061.5,0.01,75.3,1.35,8.76,16,7.4,10.86,-,-,85.22,0,14.78,222,54.64,55,26.67,22.5
Thu Apr 02 12:51:41 GMT+03:00 2026,02-apr.-2026 12:51:41.710,14.8461332321167,11.399999618530273,75.1,84.3499984741211,0.44,2.23,9.55,0.02,13.33,-0.1,-,8,23.67,34.66,83,6.53,5.1,2022.25,0.01,75.1,0.52,8.76,16,5.51,7.13,-,-,85.36,0,14.64,224,53.45,55,9.41,26.5
Thu Apr 02 12:51:43 GMT+03:00 2026,02-apr.-2026 12:51:43.382,14.230010986328125,11.399999618530273,77.4,84.55999755859375,0.42,2.66,9.39,0.02,27.06,0.03,-,8,23.9,34.66,83,-,5.88,1983.75,0,77.4,0.14,-,16,2.76,3.69,-,-,85.5,0,14.5,226,51.23,52,27.06,34
Thu Apr 02 12:51:44 GMT+03:00 2026,02-apr.-2026 12:51:45.064,14.534211158752441,11.399999618530273,78.0,84.56999969482422,0.37,2.74,9.23,0,27.06,-0.01,-,8,24.13,34.66,83,3.46,12.16,2010.5,0.02,78,1.77,4.64,16,8.12,11.35,-,-,85.63,0,14.37,228,52.32,53,27.45,22.5
Thu Apr 02 12:51:46 GMT+03:00 2026,02-apr.-2026 12:51:46.821,15.032977104187012,11.399999618530273,78.80000000000001,84.52999877929688,0.18,2.72,9.4,0.02,27.06,0.02,-,8,24.36,34.66,83,3.47,12.94,2061.5,0.02,78.8,0.95,4.65,16,8.12,11.89,-,-,85.77,0,14.23,229,54.12,54,27.45,22.5
Thu Apr 02 12:51:48 GMT+03:00 2026,02-apr.-2026 12:51:48.678,15.012903213500977,11.399999618530273,79.1,83.9800033569336,0.43,2.21,10.37,0.1,28.24,-0.06,-,8,24.6,34.66,84,3.26,14.12,2084.25,0.02,79.1,0.92,4.37,16,8.41,12.76,-,-,85.91,0,14.09,231,54.05,55,28.24,22
Thu Apr 02 12:51:50 GMT+03:00 2026,02-apr.-2026 12:51:50.485,15.564684867858887,11.399999618530273,79.30000000000001,84.9000015258789,0.37,2.58,8.27,-0.1,27.84,-0.11,-,8,24.85,34.66,84,6.68,15.29,2135.25,0.02,79.3,2.07,8.96,16,9.43,14.85,-,-,86.04,0,13.96,233,56.03,57,29.02,21
Thu Apr 02 12:51:52 GMT+03:00 2026,02-apr.-2026 12:51:52.275,15.170408248901367,11.399999618530273,77.80000000000001,85.93000030517578,0.81,1.92,8.9,-0.05,13.33,0.07,-,8,25.1,34.66,84,6.68,5.49,2060.25,0.01,77.8,0.97,8.96,16,6.09,7.6,-,-,86.17,0,13.83,235,54.61,57,9.8,27
Thu Apr 02 12:51:53 GMT+03:00 2026,02-apr.-2026 12:51:54.136,14.783851623535156,11.399999618530273,79.6,87.88999938964844,-0.79,1.27,10.25,0.07,24.31,-0.11,-,8,25.32,34.66,84,-,5.49,2077.5,0.01,79.6,0.61,-,16,2.9,5.09,-,-,86.3,0,13.7,237,53.22,54,21.96,23.5
Thu Apr 02 12:51:55 GMT+03:00 2026,02-apr.-2026 12:51:55.856,14.48943042755127,11.399999618530273,80.6,84.23999786376953,0.89,2.86,9.29,0.01,27.06,-0.07,-,8,25.53,34.66,84,-,9.8,1987,0.01,80.6,0.85,-,15,6.53,9.08,-,-,86.42,0,13.58,238,52.16,53,24.71,23.5
Thu Apr 02 12:51:57 GMT+03:00 2026,02-apr.-2026 12:51:57.560,14.446708679199219,11.399999618530273,80.80000000000001,84.20999908447266,-0.29,2.86,10.46,0.12,30.2,-0.04,-,8,25.74,34.66,84,-,17.25,2013.75,0.02,80.8,1.71,-,15,9.43,15.17,-,-,86.54,0,13.46,240,52.01,53,31.76,18.5
Thu Apr 02 12:51:59 GMT+03:00 2026,02-apr.-2026 12:51:59.195,15.683586120605469,11.399999618530273,81.2,83.2699966430664,0.31,2.31,9,-0.03,27.06,-0.01,-,8,25.96,34.66,85,11.03,20.78,2093.75,0.03,81.2,1.75,14.79,15,11.02,18.93,-,-,86.65,0,13.35,242,56.46,56,31.76,14.5
Thu Apr 02 12:52:00 GMT+03:00 2026,02-apr.-2026 12:52:01.088,15.548213958740234,11.399999618530273,81.6,83.58000183105469,0.1,2.19,8.99,-0.04,27.45,-0.05,-,8,26.19,34.66,85,3.47,13.33,2166,0.02,81.6,0.54,4.65,15,7.98,12.28,-,-,86.78,0,13.22,244,55.97,57,28.24,22.5
Thu Apr 02 12:52:02 GMT+03:00 2026,02-apr.-2026 12:52:02.852,15.426739692687988,11.399999618530273,79.7,84.98999786376953,0.14,1.75,8.65,-0.08,13.73,0.01,-,8,26.42,34.66,85,3.47,4.71,2143.75,0.01,79.7,0.18,4.65,15,4.64,6.39,-,-,86.89,0,13.11,245,55.54,57,9.41,27.5
Thu Apr 02 12:52:04 GMT+03:00 2026,02-apr.-2026 12:52:04.679,14.767895698547363,11.399999618530273,79.80000000000001,86.4800033569336,-0.25,2.56,9.76,0.05,25.88,-0.02,-,8,26.62,34.66,85,-,7.06,2087.75,0.01,79.8,0.24,-,15,2.9,5.07,-,-,87.01,0,12.99,247,53.16,54,24.31,27.5
Thu Apr 02 12:52:06 GMT+03:00 2026,02-apr.-2026 12:52:06.458,14.664436340332031,11.399999618530273,80.1,83.12999725341797,0.33,2.39,9.03,-0.03,25.88,0.03,-,8,26.82,34.66,85,-,11.37,2039,0.01,80.1,0.87,-,15,7.4,10.53,-,-,87.12,0,12.88,249,52.79,54,25.88,23.5
Thu Apr 02 12:52:08 GMT+03:00 2026,02-apr.-2026 12:52:08.210,15.124597549438477,11.399999618530273,79.4,83.12999725341797,0.93,2.45,9.41,0.02,26.27,0,-,8,27.02,34.66,85,3.29,16.47,2072.75,0.02,79.4,2.21,4.41,15,8.99,13.57,-,-,87.23,0,12.77,251,54.45,55,26.27,19.5
Thu Apr 02 12:52:09 GMT+03:00 2026,02-apr.-2026 12:52:09.993,14.895545959472656,11.399999618530273,77.80000000000001,84.55999755859375,-4.08,-2.37,18.4,0.96,21.96,0.93,-,8,27.22,34.66,86,3.29,5.1,2031.25,0.01,77.8,0.55,4.41,15,5.08,6.48,-,-,87.34,0,12.66,253,53.62,55,9.8,21
Thu Apr 02 12:52:11 GMT+03:00 2026,02-apr.-2026 12:52:11.834,14.393692016601562,2.4000000953674316,76.5,84.6500015258789,0.4,8.16,5.97,0.05,25.49,-0.01,-,8,27.4,34.66,86,-,9.8,2004,0.01,76.5,1.13,-,15,5.8,8.48,-,-,87.45,0,12.55,254,51.82,53,25.49,23
Thu Apr 02 12:52:13 GMT+03:00 2026,02-apr.-2026 12:52:13.585,14.340676307678223,2.5,77.80000000000001,85.5,-0.24,8.65,4.91,0.03,27.45,0.01,-,8,27.58,34.66,86,-,11.76,1981.75,0.01,77.8,1.33,-,15,7.54,10.38,-,-,87.56,0,12.44,256,51.63,53,28.24,22.5
Thu Apr 02 12:52:15 GMT+03:00 2026,02-apr.-2026 12:52:15.313,14.44825267791748,2.5,76.1,84.45999908447266,6.59,7.19,3.87,0.09,23.92,0.14,-,8,27.76,34.66,86,-,11.76,2010.5,0.02,76.1,0.87,-,15,8.85,12.66,-,-,87.66,0,12.34,258,52.01,53,22.75,23.5
Thu Apr 02 12:52:17 GMT+03:00 2026,02-apr.-2026 12:52:17.199,14.728261947631836,2.5999999046325684,76.4,85.69999694824219,-1.53,2.95,9.43,0.04,29.41,0.01,-,8,27.94,34.66,86,-,10.59,2003,0.01,76.4,0.99,-,15,6.38,9.11,-,-,87.76,0,12.24,260,53.02,53,29.41,23.5
Thu Apr 02 12:52:18 GMT+03:00 2026,02-apr.-2026 12:52:18.986,14.33141040802002,2.5999999046325684,76.30000000000001,84.16999816894531,-1.92,2.8,8.53,-0.05,67.06,0.02,-,8,28.12,34.66,86,6.56,18.04,2060.25,0.02,76.3,1.98,8.8,15,10.73,17,-,-,87.86,0,12.14,262,51.59,55,44.31,17.5
Thu Apr 02 12:52:20 GMT+03:00 2026,02-apr.-2026 12:52:20.805,16.475744247436523,2.4000000953674316,77.2,82.63999938964844,-1.3,2.92,8.08,-0.09,69.02,0.03,-,8,28.34,34.66,86,17.27,31.37,2241.25,0.04,77.2,4.17,23.15,14,14.21,28.24,-,-,87.96,0,12.04,263,59.31,60,83.53,5.5
Thu Apr 02 12:52:22 GMT+03:00 2026,02-apr.-2026 12:52:22.479,18.10586929321289,2.5999999046325684,78.4,82.5199966430664,-1.12,1.71,9.11,-0.03,18.04,-0.06,-,8,28.59,34.66,86,20.65,34.9,2436.5,0.04,78.4,2.94,27.69,14,14.07,30.67,-,-,88.05,0,11.95,265,65.18,65,18.43,15
Thu Apr 02 12:52:24 GMT+03:00 2026,02-apr.-2026 12:52:24.192,16.714059829711914,2.4000000953674316,78.1,83.29000091552734,-1.13,1.68,10.13,0.07,13.73,0.03,-,8,28.82,34.66,86,20.65,4.31,2383.75,0.01,78.1,2.18,27.69,14,3.05,4.73,-,-,88.15,0,11.85,267,60.17,63,9.02,28
Thu Apr 02 12:52:25 GMT+03:00 2026,02-apr.-2026 12:52:25.919,15.91160774230957,2.5999999046325684,78.2,85.37999725341797,-0.74,2.52,7.97,-0.13,29.8,0.01,-,8,29.02,34.66,86,-,14.9,2253.5,0.01,78.2,2.17,-,14,5.51,7.23,-,-,88.24,0,11.76,268,57.28,58,29.8,20.5
Thu Apr 02 12:52:27 GMT+03:00 2026,02-apr.-2026 12:52:27.663,16.58383560180664,2.799999952316284,78.0,84.61000061035156,-1.36,2.48,9.03,-0.02,31.76,-0.04,-,8,29.23,34.66,86,7.45,23.53,2264.25,0.03,78,2.09,10,14,11.46,20.71,-,-,88.33,0,11.67,270,59.7,60,34.51,12.5
Thu Apr 02 12:52:29 GMT+03:00 2026,02-apr.-2026 12:52:29.766,17.57621955871582,2.5999999046325684,80.7,84.02999877929688,-1.78,2.38,9.21,0.01,30.2,0.04,-,8,29.46,34.66,86,15.87,24.71,2394.5,0.03,80.7,4.19,21.28,14,10.73,22.41,-,-,88.43,0,11.57,272,63.27,64,32.55,13
Thu Apr 02 12:52:32 GMT+03:00 2026,02-apr.-2026 12:52:32.341,17.74968147277832,2.5,80.5,85.7699966430664,-1.6,1.52,9.84,0.05,21.96,-0.02,-,8,29.69,34.66,86,2.96,7.06,2139,0.01,80.5,0.12,3.96,14,5.8,7.28,-,-,88.56,0,11.44,275,63.9,65,19.61,21
Thu Apr 02 12:52:34 GMT+03:00 2026,02-apr.-2026 12:52:34.793,17.5252628326416,2.5,80.5,85.44000244140625,-1.22,2.24,9.74,0.05,24.31,0.03,-,8,29.92,34.66,86,2.96,8.63,1920,0.01,80.5,0.47,3.96,14,5.8,7.89,-,-,88.68,0,11.32,277,63.09,64,22.75,24.5
Thu Apr 02 12:52:37 GMT+03:00 2026,02-apr.-2026 12:52:37.402,17.186059951782227,2.5999999046325684,80.5,84.88999938964844,-0.7,0.41,10.57,0.1,16.08,0.03,-,8,30.13,34.66,86,-,9.8,1891,0.01,80.5,0.97,-,14,6.82,8.95,-,-,88.81,0,11.19,280,61.87,63,25.1,22.5
Thu Apr 02 12:52:39 GMT+03:00 2026,02-apr.-2026 12:52:40.084,13.76418685913086,2.5,81.1,85.5199966430664,-0.79,1.16,9.8,0.03,13.33,0,-,8,30.27,34.66,86,-,4.31,1093.5,0,81.1,5.6,-,14,3.34,3.17,-,-,88.93,0,11.07,283,49.55,52,9.02,9
Thu Apr 02 12:52:42 GMT+03:00 2026,02-apr.-2026 12:52:42.343,8.88770866394043,2.200000047683716,78.9,86.04000091552734,-0.34,0.6,9.46,-0.01,12.94,0.01,-,8,30.33,34.66,86,-,3.53,1488,0,78.9,3.97,-,14,3.05,3.21,-,-,89.04,0,10.96,285,32,39,8.24,-1.5
Thu Apr 02 12:52:43 GMT+03:00 2026,02-apr.-2026 12:52:44.114,7.830469131469727,2.0999999046325684,78.1,86.05000305175781,-0.77,1.17,9.72,0.02,12.55,-0.02,-,8,30.3,34.66,86,-,2.75,1039,0,78.1,6,-,14,3.63,2.71,-,-,89.12,0,10.88,287,28.19,26,7.45,1
Thu Apr 02 12:52:45 GMT+03:00 2026,02-apr.-2026 12:52:45.898,5.4853949546813965,2.200000047683716,77.4,86.16999816894531,-0.27,0.36,10.06,0.05,11.76,0,-,8,30.23,34.66,86,-,2.75,784.25,0,77.4,3.35,-,14,4.64,2.71,-,-,89.19,0,10.81,288,19.75,20,7.06,8
Thu Apr 02 12:52:47 GMT+03:00 2026,02-apr.-2026 12:52:47.665,2.663172721862793,2.299999952316284,77.7,91.94999694824219,-1.73,3.29,8.76,-0.01,25.1,0,-,8,30.09,34.66,86,-,3.14,790,0,77.7,5.27,-,14,4.79,2.77,-,-,89.27,0,10.73,290,9.59,8,29.41,3.5
Thu Apr 02 12:52:49 GMT+03:00 2026,02-apr.-2026 12:52:49.380,3.948948860168457,2.299999952316284,77.2,84.4000015258789,-2.07,3.59,8.45,-0.02,50.98,0,-,8,29.98,34.81,86,3,12.16,820.25,0.01,77.2,1.73,4.02,14,10.88,8.72,-,-,89.35,0,10.65,292,14.22,12,56.08,-6
Thu Apr 02 12:52:51 GMT+03:00 2026,02-apr.-2026 12:52:51.180,7.164933204650879,2.299999952316284,79.2,86.16999816894531,-2.52,3.78,9.23,0.07,64.71,0.07,-,8,29.93,34.95,86,11.58,21.57,1492,0.02,79.2,6.78,15.53,14,14.21,17.25,-,-,89.42,0,10.58,294,25.79,21,74.12,3.5
Thu Apr 02 12:52:52 GMT+03:00 2026,02-apr.-2026 12:52:52.984,8.699319839477539,2.4000000953674316,80.30000000000001,87.05000305175781,-1.5,1.76,8.93,0.01,21.96,-0.01,-,8,29.94,34.95,86,23.83,32.16,2326,0.04,80.3,7.21,31.96,14,14.21,28.26,-,-,89.5,0,10.5,296,31.32,33,40.78,8.5
Thu Apr 02 12:52:54 GMT+03:00 2026,02-apr.-2026 12:52:54.733,10.788578033447266,2.5999999046325684,80.6,85.77999877929688,-1.86,3.16,9.15,0.02,64.71,0.01,-,8,29.99,34.95,86,11.22,24.31,2027.75,0.01,80.6,2.34,15.04,14,3.48,5.54,-,-,89.57,0,10.43,297,38.84,38,76.86,2
Thu Apr 02 12:52:56 GMT+03:00 2026,02-apr.-2026 12:52:56.540,12.963793754577637,2.5999999046325684,80.80000000000001,83.83000183105469,-1.75,3.51,9.03,0.02,69.41,0,-,8,30.09,34.95,86,22.72,30.98,2162.5,0.04,80.8,3.23,30.46,14,14.21,27.09,-,-,89.64,0,10.36,299,46.67,46,83.14,5.5
Thu Apr 02 12:52:58 GMT+03:00 2026,02-apr.-2026 12:52:58.231,15.038639068603516,2.5,79.30000000000001,82.04000091552734,-1.95,3.44,9.47,0.07,72.55,0.03,-,8,30.23,34.81,86,22.9,36.47,2500,0.04,79.3,2.48,30.71,13,14.21,31.77,-,-,89.71,0,10.29,301,54.14,53,87.84,5.5
Thu Apr 02 12:52:59 GMT+03:00 2026,02-apr.-2026 12:52:59.959,16.234338760375977,2.5,79.9,83.86000061035156,-1.36,2.9,9.13,0.01,68.24,0,-,8,30.41,34.81,86,26.88,12.94,2836.5,0.05,79.9,5.86,36.04,13,14.21,38.2,-,-,89.78,0,10.22,302,58.44,60,33.73,23
Thu Apr 02 12:53:01 GMT+03:00 2026,02-apr.-2026 12:53:01.716,17.36775779724121,2.700000047683716,81.1,86.87999725341797,-1.67,2.73,9.32,0.02,70.2,0.09,-,8,30.6,34.66,86,11.85,33.33,2346.5,0.04,81.1,3.63,15.89,13,14.21,29.89,-,-,89.85,0,10.15,304,62.52,63,85.49,6
Thu Apr 02 12:53:03 GMT+03:00 2026,02-apr.-2026 12:53:03.508,18.45742416381836,2.799999952316284,81.7,86.33999633789062,-0.93,1.62,9.12,-0.03,15.69,-0.05,-,8,30.83,34.66,86,20.25,12.16,2528.5,0.04,81.7,2,27.15,13,14.21,32.97,-,-,89.92,0,10.08,306,66.45,68,14.9,0
Thu Apr 02 12:53:05 GMT+03:00 2026,02-apr.-2026 12:53:05.337,17.572616577148438,2.5,79.30000000000001,86.44000244140625,-1.4,1.87,8.83,-0.05,25.49,-0.05,-,8,31.02,34.66,86,20.25,9.8,2462,0.01,79.3,0.03,27.15,13,2.76,5.41,-,-,89.99,0,10.01,308,63.26,64,25.88,24.5
Thu Apr 02 12:53:07 GMT+03:00 2026,02-apr.-2026 12:53:07.188,17.187604904174805,2.700000047683716,81.1,85.19000244140625,-1,2.06,8.55,-0.08,26.27,-0.08,-,8,31.21,34.66,86,-,12.16,2388.25,0.01,81.1,0.26,-,13,6.24,10.93,-,-,90.06,0,9.94,310,61.88,63,26.27,24
Thu Apr 02 12:53:08 GMT+03:00 2026,02-apr.-2026 12:53:08.983,16.99612808227539,2.5,81.7,84.16999816894531,-1.53,2.01,9.2,-0.01,26.27,0.01,-,8,31.39,34.66,86,-,12.55,2349.5,0.02,81.7,0.12,-,13,6.96,11.35,-,-,90.12,0,9.88,312,61.19,62,26.67,24
Thu Apr 02 12:53:10 GMT+03:00 2026,02-apr.-2026 12:53:10.806,17.004878997802734,2.5999999046325684,83.4,85.80999755859375,-1.02,1.93,8.82,-0.05,20,-0.05,-,8,31.57,34.66,86,-,12.55,2323,0.02,83.4,1.17,-,13,7.11,11.48,-,-,90.19,0,9.81,313,61.22,62,18.82,23.5
Thu Apr 02 12:53:12 GMT+03:00 2026,02-apr.-2026 12:53:12.579,16.169998168945312,2.5999999046325684,83.80000000000001,85.33000183105469,-1.66,1.86,9.39,0.01,20,-0.01,-,8,31.73,34.66,86,-,7.45,2263,0.01,83.8,1.01,-,13,4.64,7.1,-,-,90.25,0,9.75,315,58.21,60,16.86,25
Thu Apr 02 12:53:14 GMT+03:00 2026,02-apr.-2026 12:53:14.327,15.695939064025879,2.799999952316284,83.0,84.7699966430664,-1.11,2.03,10.1,0.08,20.78,0.02,-,8,31.88,34.66,86,-,8.63,2208.25,0.01,83,0.56,-,13,4.93,7.57,-,-,90.32,0,9.68,317,56.51,57,22.35,24.5
Thu Apr 02 12:53:15 GMT+03:00 2026,02-apr.-2026 12:53:16.067,14.992314338684082,2.5999999046325684,87.1,85.48999786376953,-1.42,1.92,9.08,-0.02,13.33,-0.01,-,8,32.01,34.66,86,-,3.53,1794,0.01,87.1,1.51,-,13,4.35,5.66,-,-,90.38,0,9.62,319,53.97,55,11.37,-4.5
Thu Apr 02 12:53:17 GMT+03:00 2026,02-apr.-2026 12:53:17.884,14.780763626098633,2.700000047683716,88.80000000000001,87.2300033569336,-0.7,-0.04,10.48,0.09,12.94,-0.04,-,8,32.13,34.66,86,-,3.14,1033.75,0,88.8,0.92,-,13,4.06,3.04,-,-,90.44,0,9.56,320,53.21,53,8.24,7.5
Thu Apr 02 12:53:19 GMT+03:00 2026,02-apr.-2026 12:53:19.750,11.501982688903809,2.5,90.2,83.86000061035156,-1.31,0.96,9.7,0.02,12.55,-0.05,-,8,32.19,34.66,86,-,3.14,887.25,0,90.2,5.26,-,13,4.5,2.94,-,-,90.51,0,9.49,322,41.41,43,7.45,9
Thu Apr 02 12:53:21 GMT+03:00 2026,02-apr.-2026 12:53:21.399,9.130657196044922,2.5,91.2,83.56999969482422,-1.16,0.95,9.42,-0.01,12.55,-0.02,-,8,32.21,34.66,86,-,2.75,838.75,0,91.2,2.66,-,13,4.64,2.82,-,-,90.56,0,9.44,324,32.87,35,7.45,8
Thu Apr 02 12:53:23 GMT+03:00 2026,02-apr.-2026 12:53:23.223,6.28527307510376,2.4000000953674316,92.6,85.0199966430664,-0.56,0.9,9.93,0.04,12.16,-0.03,-,8,32.18,34.66,86,-,2.75,806.25,0,92.6,5.87,-,13,4.79,2.78,-,-,90.62,0,9.38,326,22.63,27,7.06,7
Thu Apr 02 12:53:24 GMT+03:00 2026,02-apr.-2026 12:53:25.033,4.866698741912842,2.4000000953674316,93.1,82.73999786376953,-0.72,0.67,9.68,0.01,12.16,0,-,8,32.09,34.66,86,-,2.75,797.75,0,93.1,5.63,-,13,4.79,2.8,-,-,90.68,0,9.32,328,17.52,17,7.06,7
Thu Apr 02 12:53:26 GMT+03:00 2026,02-apr.-2026 12:53:26.646,1.7742475271224976,2.4000000953674316,93.4,82.83000183105469,-1.07,1.72,9.49,0.01,11.76,0,-,8,32.09,34.66,86,-,2.75,784.25,0,93.4,5.63,-,13,4.93,2.77,-,-,90.73,0,9.27,329,6.39,17,7.06,7
Thu Apr 02 12:53:28 GMT+03:00 2026,02-apr.-2026 12:53:28.421,0.0,2.299999952316284,92.7,82.83000183105469,-1.28,1.9,9.56,0.02,11.76,-0.01,-,8,31.93,34.66,86,-,2.75,779.25,0,92.7,2.1,-,13,4.93,2.73,-,-,90.37,0,9.63,331,0,2,7.06,7
Thu Apr 02 12:53:30 GMT+03:00 2026,02-apr.-2026 12:53:30.236,0.0,2.299999952316284,92.6,82.83000183105469,-1.27,1.97,9.49,0.02,12.16,0,-,8,31.75,34.66,86,-,2.75,783.5,0,92.6,0,-,13,4.93,2.79,-,-,89.8,0,10.2,333,0,0,7.06,7
Thu Apr 02 12:53:31 GMT+03:00 2026,02-apr.-2026 12:53:31.959,0.0,2.299999952316284,92.6,82.83000183105469,-1.33,2.08,9.4,0.01,12.16,0,-,8,31.58,34.66,86,-,3.14,798,0,92.6,0,-,13,4.93,2.81,-,-,89.27,0,10.73,335,0,0,7.06,4
Thu Apr 02 12:53:33 GMT+03:00 2026,02-apr.-2026 12:53:33.692,0.0,2.200000047683716,92.6,82.83000183105469,-1.37,2.16,9.4,0.01,12.16,0,-,8,31.41,34.66,87,-,2.75,790.5,0,92.6,0,-,13,4.93,2.8,-,-,88.74,0,11.26,336,0,0,7.06,4.5
Thu Apr 02 12:53:35 GMT+03:00 2026,02-apr.-2026 12:53:35.471,0.0,2.200000047683716,92.6,82.83000183105469,-1.31,2.13,9.42,0.01,12.16,0,-,8,31.24,34.66,87,-,2.75,792.75,0,92.6,0,-,13,4.79,2.79,-,-,88.21,0,11.79,338,0,0,7.06,4
Thu Apr 02 12:53:36 GMT+03:00 2026,02-apr.-2026 12:53:37.133,0.0,2.200000047683716,92.6,82.83000183105469,-1.36,2.08,9.39,0.01,12.16,0,-,8,31.07,34.66,87,-,2.75,782.75,0,92.6,0,-,13,4.93,2.72,-,-,87.71,0,12.29,340,0,0,7.06,7
Thu Apr 02 12:53:38 GMT+03:00 2026,02-apr.-2026 12:53:38.850,0.0,1.0,92.6,82.83000183105469,-1.38,2.21,9.41,0.01,12.16,0,-,8,30.9,34.66,87,-,2.75,784.75,0,92.6,0,-,13,4.93,2.75,-,-,87.21,0,12.79,341,0,0,7.06,7
Thu Apr 02 12:53:40 GMT+03:00 2026,02-apr.-2026 12:53:40.634,0.0,1.0,92.6,82.83000183105469,-1.33,2.15,9.46,0.02,11.76,0,-,8,30.74,34.66,87,-,2.75,789.25,0,92.6,0,-,13,4.79,2.69,-,-,86.69,0,13.31,343,0,0,7.06,4.5
Thu Apr 02 12:53:42 GMT+03:00 2026,02-apr.-2026 12:53:42.434,0.0,1.0,92.6,82.83000183105469,-1.36,2.09,9.42,0.01,12.16,0,-,8,30.58,34.66,87,-,2.75,789.25,0,92.6,0,-,13,4.79,2.73,-,-,86.17,0,13.83,345,0,0,7.06,4.5
Thu Apr 02 12:53:44 GMT+03:00 2026,02-apr.-2026 12:53:44.204,0.0,1.0,92.6,82.83000183105469,-1.31,2.18,9.4,0.01,12.16,0,-,8,30.42,34.66,88,-,2.75,788.75,0,92.6,0,-,13,4.79,2.67,-,-,85.67,0,14.33,347,0,0,7.06,4.5
Thu Apr 02 12:53:45 GMT+03:00 2026,02-apr.-2026 12:53:45.907,0.0,1.0,92.6,82.83000183105469,-1.4,2.18,9.41,0.01,12.16,0,-,8,30.26,34.66,87,-,2.75,780.25,0,92.6,0,-,13,4.79,2.71,-,-,85.19,0,14.81,348,0,0,7.06,7
Thu Apr 02 12:53:47 GMT+03:00 2026,02-apr.-2026 12:53:47.717,0.0,1.0,92.6,82.83000183105469,-1.35,2.2,9.34,0.01,12.16,0,-,8,30.1,34.66,87,-,2.75,787.25,0,92.6,0,-,13,4.79,2.71,-,-,84.69,0,15.31,350,0,0,7.06,4.5
Thu Apr 02 12:53:49 GMT+03:00 2026,02-apr.-2026 12:53:49.473,0.0,1.0,92.6,82.83000183105469,-1.35,2.09,9.4,0.01,11.76,0,-,8,29.94,34.66,87,-,2.75,801.75,0,92.6,0,-,13,4.93,2.78,-,-,84.21,0,15.79,352,0,0,6.67,2
Thu Apr 02 12:53:51 GMT+03:00 2026,02-apr.-2026 12:53:51.236,0.0,1.0,92.6,82.83000183105469,-1.37,2.11,9.44,0.01,11.76,0,-,8,29.79,34.66,87,-,2.75,784.5,0,92.6,0,-,13,4.79,2.68,-,-,83.73,0,16.27,354,0,0,7.06,4.5
Thu Apr 02 12:53:52 GMT+03:00 2026,02-apr.-2026 12:53:53.032,0.0,1.2000000476837158,92.6,82.83000183105469,-1.28,1.95,9.33,-0,13.73,0.01,-,8,29.64,34.66,87,-,7.84,1357,0.01,92.6,0,-,13,7.25,6.98,-,-,83.25,0,16.75,356,0,0,9.8,-10.5
Thu Apr 02 12:53:54 GMT+03:00 2026,02-apr.-2026 12:53:54.859,0.0,1.5,92.6,82.83000183105469,-1.29,2.11,9.12,-0.02,13.73,-0.03,-,8,29.48,34.66,87,-,5.49,1456.25,0.01,92.6,0,-,13,4.93,6.35,-,-,82.77,0,17.23,357,0,0,9.8,0
Thu Apr 02 12:53:56 GMT+03:00 2026,02-apr.-2026 12:53:56.729,0.0,1.600000023841858,92.6,82.83000183105469,-1.5,2.35,9.56,0.03,15.69,0,-,8,29.34,34.66,87,-,3.14,991.25,0,92.6,0,-,13,4.35,3.04,-,-,82.28,0,17.72,359,0,0,15.29,17.5
Thu Apr 02 12:53:58 GMT+03:00 2026,02-apr.-2026 12:53:58.536,0.0,1.7000000476837158,92.6,82.83000183105469,-1.29,1.97,9.18,-0.01,13.33,0,-,8,29.19,34.66,86,-,3.53,1158.25,0.01,92.6,0,-,13,4.79,3.78,-,-,81.81,0,18.19,361,0,0,9.02,3
Thu Apr 02 12:53:59 GMT+03:00 2026,02-apr.-2026 12:54:00.156,0.0,1.100000023841858,92.6,82.83000183105469,-1.35,2.22,9.4,0.01,12.55,-0.01,-,8,29.04,34.66,86,-,2.75,967,0,92.6,0,-,13,4.21,2.86,-,-,81.39,0,18.61,363,0,0,7.84,5
Thu Apr 02 12:54:01 GMT+03:00 2026,02-apr.-2026 12:54:02.000,0.0,1.0,92.6,82.83000183105469,-1.34,2.18,9.37,0.01,12.16,0,-,8,28.9,34.66,86,-,2.75,868.25,0,92.6,0,-,13,4.35,2.67,-,-,80.93,0,19.07,365,0,0,7.06,7
Thu Apr 02 12:54:03 GMT+03:00 2026,02-apr.-2026 12:54:03.770,0.0,1.0,92.6,82.83000183105469,-1.3,2.16,9.47,0.02,12.16,-0.01,-,8,28.75,34.66,86,-,2.75,841,0,92.6,0,-,13,4.64,2.74,-,-,80.48,0,19.52,366,0,0,7.06,3.5
Thu Apr 02 12:54:05 GMT+03:00 2026,02-apr.-2026 12:54:05.571,0.0,1.2999999523162842,92.6,82.83000183105469,-1.78,2.66,9.26,0.02,25.49,0.01,-,8,28.61,34.66,86,-,9.02,1319.25,0.01,92.6,0,-,13,7.4,7.2,-,-,80.04,0,19.96,368,0,0,11.76,-11
Thu Apr 02 12:54:07 GMT+03:00 2026,02-apr.-2026 12:54:07.410,0.0,1.600000023841858,92.6,82.83000183105469,-1.69,3.1,9.17,0.02,26.27,0,-,8,28.49,34.66,86,0.94,10.98,1101.75,0.01,92.6,4,1.26,13,8.56,5.85,-,-,79.59,0,20.41,370,0,4,25.88,16.5
Thu Apr 02 12:54:08 GMT+03:00 2026,02-apr.-2026 12:54:09.126,3.2283377647399902,1.7999999523162842,91.5,77.70999908447266,-0.99,2.05,9.45,0.01,18.43,-0.03,-,8,28.41,34.66,86,6.96,9.8,1603.75,0.02,91.5,13,9.33,13,10.88,12.21,-,-,79.52,0,20.48,372,11.62,13,10.59,20
Thu Apr 02 12:54:10 GMT+03:00 2026,02-apr.-2026 12:54:10.827,4.057040691375732,2.0999999046325684,90.7,80.69999694824219,-1.65,2.53,9.15,0,24.31,-0.01,-,8,28.34,34.66,86,0.88,6.27,1202,0.01,90.7,0.67,1.18,13,8.56,6.73,-,-,79.63,0,20.37,373,14.61,14,23.92,16
Thu Apr 02 12:54:12 GMT+03:00 2026,02-apr.-2026 12:54:12.494,4.87905216217041,2.299999952316284,90.4,76.4000015258789,-1.56,2.6,9.38,0.02,21.57,-0.04,-,8,28.29,34.66,86,4.84,7.45,1308.25,0.01,90.4,1.7,6.49,14,8.27,7.3,-,-,79.73,0,20.27,375,17.56,18,18.82,18.5
Thu Apr 02 12:54:14 GMT+03:00 2026,02-apr.-2026 12:54:14.281,5.760256290435791,2.299999952316284,87.5,82.9000015258789,-1.79,2.77,9.31,0.03,26.27,0,-,8,28.25,34.66,86,2.53,10.59,1425.75,0.01,87.5,2.44,3.39,14,8.56,8.84,-,-,79.84,0,20.16,377,20.74,20,26.67,17.5
Thu Apr 02 12:54:15 GMT+03:00 2026,02-apr.-2026 12:54:16.098,6.522045135498047,2.4000000953674316,86.80000000000001,83.87000274658203,-0.7,1.32,9.61,0.01,14.12,0,-,8,28.23,34.66,86,5.61,10.98,1735.75,0.01,86.8,3.26,7.52,14,8.7,10.58,-,-,79.95,0,20.05,379,23.48,24,11.37,19
Thu Apr 02 12:54:17 GMT+03:00 2026,02-apr.-2026 12:54:17.903,5.544073104858398,2.4000000953674316,86.6,86.97000122070312,-1,1.24,9.6,0.01,12.55,0,-,8,28.19,34.66,86,5.61,3.14,1148.75,0,86.6,4.23,7.52,14,4.5,3.59,-,-,80.05,0,19.95,380,19.96,20,9.02,8.5
Thu Apr 02 12:54:19 GMT+03:00 2026,02-apr.-2026 12:54:19.684,3.1269373893737793,2.200000047683716,85.4,77.61000061035156,-1.04,1.47,9.66,0.02,12.55,0,-,8,28.11,34.66,86,-,2.75,927.5,0,85.4,2.24,-,14,4.21,2.84,-,-,80.16,0,19.84,382,11.26,12,7.45,7
Thu Apr 02 12:54:21 GMT+03:00 2026,02-apr.-2026 12:54:21.519,1.7716739177703857,2.200000047683716,84.1,92.41999816894531,-1.1,1.75,9.52,0.01,12.16,0,-,8,28.02,34.66,86,-,2.75,846.75,0,84.1,1.54,-,14,4.35,2.72,-,-,80.27,0,19.73,384,6.38,8,7.06,8
Thu Apr 02 12:54:23 GMT+03:00 2026,02-apr.-2026 12:54:23.297,0.0,2.0999999046325684,83.0,92.41999816894531,-1.29,2.04,9.42,0.01,11.76,0,-,8,27.9,34.66,86,-,2.75,796,0,83,1.2,-,14,4.5,2.63,-,-,80.04,0,19.96,386,0,3,7.06,5
Thu Apr 02 12:54:24 GMT+03:00 2026,02-apr.-2026 12:54:25.031,0.0,2.0999999046325684,82.7,92.41999816894531,-1.13,1.81,9.54,0.02,11.76,0,-,8,27.78,34.66,86,-,2.75,785,0,82.7,2,-,14,4.64,2.67,-,-,79.63,0,20.37,388,0,2,7.06,7.5
Thu Apr 02 12:54:26 GMT+03:00 2026,02-apr.-2026 12:54:26.774,0.0,2.200000047683716,82.6,92.41999816894531,-1.31,2.11,9.39,0.01,11.76,0,-,8,27.65,34.66,86,-,2.75,787,0,82.6,0,-,14,4.79,2.71,-,-,79.23,0,20.77,389,0,0,6.67,4.5
Thu Apr 02 12:54:28 GMT+03:00 2026,02-apr.-2026 12:54:28.542,0.0,1.0,82.6,92.41999816894531,-1.32,2.14,9.47,0.02,12.16,0,-,8,27.52,34.66,86,-,2.75,792,0,82.6,0,-,14,4.79,2.69,-,-,78.83,0,21.17,391,0,0,7.06,7.5
Thu Apr 02 12:54:30 GMT+03:00 2026,02-apr.-2026 12:54:30.371,0.0,1.0,82.6,92.41999816894531,-1.31,2.17,9.39,0.01,11.76,0,-,8,27.39,34.66,86,-,2.75,796.25,0,82.6,0,-,14,4.64,2.71,-,-,78.42,0,21.58,393,0,0,7.06,5
Thu Apr 02 12:54:31 GMT+03:00 2026,02-apr.-2026 12:54:32.122,0.0,1.0,82.6,92.41999816894531,-1.33,2.15,9.4,0.01,12.16,0,-,8,27.27,34.66,86,-,2.75,785.5,0,82.6,0,-,14,4.64,2.62,-,-,78.03,0,21.97,395,0,0,7.06,5.5
Thu Apr 02 12:54:33 GMT+03:00 2026,02-apr.-2026 12:54:33.917,0.0,1.0,82.6,92.41999816894531,-1.38,2.14,9.43,0.01,11.76,0,-,8,27.14,34.66,87,-,2.75,780.25,0,82.6,0,-,14,4.64,2.57,-,-,77.63,0,22.37,397,0,0,7.06,5
Thu Apr 02 12:54:35 GMT+03:00 2026,02-apr.-2026 12:54:35.649,0.0,1.0,82.6,92.41999816894531,-1.29,2.13,9.49,0.02,11.76,0,-,8,27.02,34.66,87,-,2.75,788.25,0,82.6,0,-,14,4.64,2.6,-,-,77.25,0,22.75,398,0,0,6.67,5
Thu Apr 02 12:54:37 GMT+03:00 2026,02-apr.-2026 12:54:37.456,0.0,1.0,82.6,92.41999816894531,-1.29,2.12,9.42,0.01,11.76,0,-,8,26.9,34.66,87,-,2.75,792.75,0,82.6,0,-,14,4.64,2.57,-,-,76.86,0,23.14,400,0,0,6.67,5
Thu Apr 02 12:54:39 GMT+03:00 2026,02-apr.-2026 12:54:39.242,0.0,1.0,82.6,92.41999816894531,-1.29,2.15,9.38,0.01,11.76,0,-,8,26.77,34.66,87,-,2.75,791.5,0,82.6,0,-,14,4.64,2.6,-,-,76.48,0,23.52,402,0,0,7.06,4.5
Thu Apr 02 12:54:40 GMT+03:00 2026,02-apr.-2026 12:54:41.062,0.0,1.0,82.6,92.41999816894531,-1.3,2.12,9.37,0.01,11.76,0,-,8,26.65,34.66,87,-,2.75,787,0,82.6,0,-,14,4.64,2.63,-,-,76.09,0,23.91,404,0,0,6.67,5
Thu Apr 02 12:54:42 GMT+03:00 2026,02-apr.-2026 12:54:42.732,0.0,1.0,82.6,92.41999816894531,-1.3,2.13,9.35,0.01,11.76,0,-,8,26.53,34.66,87,-,2.75,800.5,0,82.6,0,-,14,4.64,2.6,-,-,75.74,0,24.26,405,0,0,6.67,8
Thu Apr 02 12:54:44 GMT+03:00 2026,02-apr.-2026 12:54:44.490,0.0,1.0,82.6,92.41999816894531,-1.3,2.08,9.47,0.02,11.76,0,-,8,26.42,34.66,87,-,2.75,789.25,0,82.6,0,-,14,4.64,2.62,-,-,75.38,0,24.62,407,0,0,7.06,8
Thu Apr 02 12:54:45 GMT+03:00 2026,02-apr.-2026 12:54:46.151,0.0,1.0,82.6,92.41999816894531,-1.31,2.08,9.39,0.01,11.76,0,-,8,26.3,34.66,87,-,2.75,782,0,82.6,0,-,14,4.64,2.61,-,-,75.03,0,24.97,409,0,0,7.06,5
Thu Apr 02 12:54:47 GMT+03:00 2026,02-apr.-2026 12:54:47.906,0.0,1.2000000476837158,82.6,92.41999816894531,11.68,7.59,5.09,0.53,11.76,0.51,-,8,26.18,34.66,88,-,2.75,799.75,0,82.6,0,-,14,4.79,2.72,-,-,74.67,0,25.33,411,0,0,6.67,2.5
Thu Apr 02 12:54:49 GMT+03:00 2026,02-apr.-2026 12:54:49.503,0.0,1.5,82.6,92.41999816894531,-0.05,6.58,7.19,0.01,11.76,0.01,-,8,26.07,34.66,88,-,2.75,801,0,82.6,0,-,14,4.64,2.61,-,-,74.35,0,25.65,412,0,0,6.67,5
Thu Apr 02 12:54:51 GMT+03:00 2026,02-apr.-2026 12:54:51.237,0.0,1.600000023841858,82.6,92.41999816894531,-0.12,6.48,7.38,0.02,11.76,0,-,8,25.95,34.66,88,-,2.75,795.5,0,82.6,0,-,14,4.64,2.58,-,-,74,0,26,414,0,0,6.67,5
Thu Apr 02 12:54:52 GMT+03:00 2026,02-apr.-2026 12:54:52.935,0.0,1.600000023841858,82.6,92.41999816894531,-0.3,6.42,7.47,0.02,11.76,0,-,8,25.84,34.66,88,-,2.75,781,0,82.6,0,-,14,4.64,2.57,-,-,73.67,0,26.33,416,0,0,6.67,5
Thu Apr 02 12:54:54 GMT+03:00 2026,02-apr.-2026 12:54:54.776,0.0,1.7000000476837158,82.6,92.41999816894531,-0.25,6.48,7.29,0.01,11.76,0,-,8,25.73,34.66,87,-,2.75,790.25,0,82.6,0,-,14,4.64,2.59,-,-,73.3,0,26.7,417,0,0,6.67,5
Thu Apr 02 12:54:56 GMT+03:00 2026,02-apr.-2026 12:54:56.482,0.0,1.2999999523162842,82.6,92.41999816894531,-0.1,6.26,7.4,0.01,11.37,0.08,-,8,25.61,34.66,87,-,2.75,790.75,0,82.6,0,-,14,4.64,2.5,-,-,72.97,0,27.03,419,0,0,6.67,5
Thu Apr 02 12:54:57 GMT+03:00 2026,02-apr.-2026 12:54:58.158,0.0,1.2999999523162842,82.6,92.41999816894531,-0.74,4.76,23.69,1.48,11.76,0.52,-,8,25.5,34.66,87,-,2.75,802,0,82.6,0,-,14,4.64,2.55,-,-,72.65,0,27.35,421,0,0,6.67,3
Thu Apr 02 12:54:59 GMT+03:00 2026,02-apr.-2026 12:54:59.890,0.0,1.5,82.6,92.41999816894531,-0.23,1.94,9.48,0.01,11.37,0,-,8,25.39,34.66,87,-,2.75,803.25,0,82.6,0,-,14,4.64,2.57,-,-,72.32,0,27.68,423,0,0,6.67,5
Thu Apr 02 12:55:01 GMT+03:00 2026,02-apr.-2026 12:55:01.622,0.0,1.7000000476837158,82.6,92.41999816894531,-0.14,1.93,9.54,0.01,11.76,0,-,8,25.29,34.66,87,-,2.75,801.75,0,82.6,0,-,14,4.64,2.64,-,-,71.99,0,28.01,424,0,0,6.27,5
Thu Apr 02 12:55:03 GMT+03:00 2026,02-apr.-2026 12:55:03.370,0.0,1.7999999523162842,82.6,92.41999816894531,-0.16,1.98,9.49,0.01,11.76,0,-,8,25.18,34.66,87,-,2.75,798.25,0,82.6,0,-,14,4.64,2.57,-,-,71.66,0,28.34,426,0,0,6.67,5.5
Thu Apr 02 12:55:04 GMT+03:00 2026,02-apr.-2026 12:55:05.012,0.0,1.899999976158142,82.6,92.41999816894531,-0.2,1.94,9.52,0.01,11.76,0,-,8,25.07,34.66,87,-,2.75,802.25,0,82.6,0,-,14,4.79,2.56,-,-,71.35,0,28.65,428,0,0,7.06,5
Thu Apr 02 12:55:06 GMT+03:00 2026,02-apr.-2026 12:55:06.801,0.0,2.0,82.6,92.41999816894531,-0.15,1.97,9.47,0,11.76,-0.01,-,8,24.97,34.66,87,-,2.75,805,0,82.6,0,-,14,4.64,2.61,-,-,71.02,0,28.98,429,0,0,6.67,3
Thu Apr 02 12:55:08 GMT+03:00 2026,02-apr.-2026 12:55:08.625,0.0,2.0,82.6,92.41999816894531,-0.14,1.99,9.57,0.02,11.76,0,-,8,24.86,34.66,87,-,2.75,788.25,0,82.6,0,-,14,4.64,2.59,-,-,70.69,0,29.31,431,0,0,7.06,3
Thu Apr 02 12:55:10 GMT+03:00 2026,02-apr.-2026 12:55:10.256,0.0,1.100000023841858,82.6,92.41999816894531,-0.2,1.95,9.53,0.01,11.76,0,-,8,24.76,34.66,87,-,2.75,791,0,82.6,0,-,14,4.64,2.53,-,-,70.39,0,29.61,433,0,0,6.67,0.5
Thu Apr 02 12:55:11 GMT+03:00 2026,02-apr.-2026 12:55:12.014,0.0,1.0,82.6,92.41999816894531,-0.23,2.03,9.55,0.01,11.76,0,-,8,24.65,34.66,87,-,2.75,805.5,0,82.6,0,-,14,4.64,2.62,-,-,70.07,0,29.93,435,0,0,6.67,5.5
Thu Apr 02 12:55:13 GMT+03:00 2026,02-apr.-2026 12:55:13.727,0.0,1.0,82.6,92.41999816894531,-0.13,1.98,9.59,0.02,11.76,-0.01,-,8,24.55,34.66,87,-,2.75,804.5,0,82.6,0,-,14,4.64,2.58,-,-,69.77,0,30.23,436,0,0,7.06,5
Thu Apr 02 12:55:15 GMT+03:00 2026,02-apr.-2026 12:55:15.414,0.0,1.0,82.6,92.41999816894531,-0.15,2.03,9.5,0.01,11.76,0,-,8,24.45,34.66,87,-,2.75,802,0,82.6,0,-,14,4.64,2.54,-,-,69.47,0,30.53,438,0,0,6.67,5.5
Thu Apr 02 12:55:16 GMT+03:00 2026,02-apr.-2026 12:55:17.123,0.0,1.0,82.6,92.41999816894531,-0.23,2.04,9.56,0.02,11.76,0,-,8,24.35,34.66,87,-,2.75,793.5,0,82.6,0,-,14,4.64,2.53,-,-,69.17,0,30.83,440,0,0,6.67,5
Thu Apr 02 12:55:18 GMT+03:00 2026,02-apr.-2026 12:55:18.909,0.0,1.0,82.6,92.41999816894531,-0.12,1.97,9.6,0.02,11.76,-0.01,-,8,24.25,34.66,87,-,2.75,798.5,0,82.6,0,-,14,4.64,2.56,-,-,68.86,0,31.14,442,0,0,6.67,5.5
Thu Apr 02 12:55:20 GMT+03:00 2026,02-apr.-2026 12:55:20.624,0.0,1.0,82.6,92.41999816894531,-0.18,1.94,9.55,0.01,11.76,0,-,8,24.15,34.66,87,-,2.75,796.5,0,82.6,0,-,14,4.64,2.57,-,-,68.57,0,31.43,443,0,0,6.27,5.5
Thu Apr 02 12:55:22 GMT+03:00 2026,02-apr.-2026 12:55:22.336,0.0,1.0,82.6,92.41999816894531,-0.15,1.93,9.5,0.01,11.76,0,-,8,24.05,34.66,88,-,2.75,792.25,0,82.6,0,-,14,4.64,2.54,-,-,68.27,0,31.73,445,0,0,6.27,5.5
Thu Apr 02 12:55:23 GMT+03:00 2026,02-apr.-2026 12:55:24.076,0.0,1.0,82.6,92.41999816894531,-0.2,1.93,9.55,0.01,11.76,-0.01,-,8,23.96,34.66,88,-,2.75,787.25,0,82.6,0,-,14,4.64,2.5,-,-,67.98,0,32.02,447,0,0,6.67,3
Thu Apr 02 12:55:25 GMT+03:00 2026,02-apr.-2026 12:55:25.805,0.0,1.0,82.6,92.41999816894531,-0.19,1.93,9.54,0.01,11.37,0,-,8,23.86,34.66,88,-,2.75,800,0,82.6,0,-,14,4.64,2.54,-,-,67.69,0,32.31,448,0,0,6.67,5.5
Thu Apr 02 12:55:27 GMT+03:00 2026,02-apr.-2026 12:55:27.652,0.0,1.0,82.6,92.41999816894531,-0.2,2.01,9.59,0.02,11.76,0,-,8,23.76,34.66,88,-,2.75,802.5,0,82.6,0,-,14,4.64,2.51,-,-,67.38,0,32.62,450,0,0,6.27,5.5
Thu Apr 02 12:55:29 GMT+03:00 2026,02-apr.-2026 12:55:29.469,0.0,1.0,82.6,92.41999816894531,-0.21,2.04,9.53,0.01,11.37,-0.01,-,8,23.67,34.66,88,-,2.75,790.25,0,82.6,0,-,14,4.64,2.51,-,-,67.08,0,32.92,452,0,0,6.27,5.5
Thu Apr 02 12:55:31 GMT+03:00 2026,02-apr.-2026 12:55:31.174,0.0,1.0,82.6,92.41999816894531,-0.21,1.91,9.57,0.01,11.37,0,-,8,23.57,34.66,88,-,2.75,793.75,0,82.6,0,-,14,4.64,2.52,-,-,66.8,0,33.2,454,0,0,6.27,5.5
Thu Apr 02 12:55:32 GMT+03:00 2026,02-apr.-2026 12:55:33.057,0.0,1.0,82.6,92.41999816894531,-0.15,1.98,9.56,0.01,11.37,0,-,8,23.48,34.66,88,-,2.75,800.5,0,82.6,0,-,14,4.64,2.52,-,-,66.5,0,33.5,456,0,0,6.27,5.5
Thu Apr 02 12:55:34 GMT+03:00 2026,02-apr.-2026 12:55:34.722,0.0,1.0,82.6,92.41999816894531,-0.17,1.97,9.58,0.02,11.37,0,-,8,23.39,34.66,88,-,2.75,799,0,82.6,0,-,14,4.64,2.5,-,-,66.23,0,33.77,457,0,0,6.27,5.5
Thu Apr 02 12:55:36 GMT+03:00 2026,02-apr.-2026 12:55:36.463,0.0,1.0,82.6,92.41999816894531,-0.23,2.04,9.52,0.01,11.37,0,-,8,23.3,34.66,88,-,2.75,796,0,82.6,0,-,14,4.64,2.55,-,-,65.95,0,34.05,459,0,0,6.27,5.5
Thu Apr 02 12:55:38 GMT+03:00 2026,02-apr.-2026 12:55:38.317,0.0,1.0,82.6,92.41999816894531,-0.14,2.02,9.53,0.01,11.37,0,-,8,23.2,34.66,88,-,2.75,783.75,0,82.6,0,-,14,4.5,2.5,-,-,65.66,0,34.34,461,0,0,6.27,5.5
Thu Apr 02 12:55:39 GMT+03:00 2026,02-apr.-2026 12:55:39.951,0.0,1.0,82.6,92.41999816894531,-0.22,2.04,9.52,0.01,11.37,0,-,8,23.11,34.66,88,-,2.75,794.25,0,82.6,0,-,14,4.5,2.5,-,-,65.41,0,34.59,463,0,0,6.67,8
Thu Apr 02 12:55:41 GMT+03:00 2026,02-apr.-2026 12:55:41.777,0.0,1.0,82.6,92.41999816894531,-0.14,2.01,9.54,0.01,11.37,0,-,8,23.02,34.66,88,-,2.75,785.5,0,82.6,0,-,14,4.79,2.51,-,-,65.12,0,34.88,464,0,0,6.27,5
Thu Apr 02 12:55:43 GMT+03:00 2026,02-apr.-2026 12:55:43.508,0.0,1.0,82.6,92.41999816894531,-0.17,1.93,9.56,0.01,11.37,0,-,8,22.93,34.66,88,-,2.75,787.5,0,82.6,0,-,14,4.64,2.53,-,-,64.86,0,35.14,466,0,0,6.27,8
Thu Apr 02 12:55:45 GMT+03:00 2026,02-apr.-2026 12:55:45.257,0.0,1.0,82.6,92.41999816894531,-0.12,1.91,9.6,0.02,11.37,0,-,8,22.85,34.66,88,-,2.75,791.75,0,82.6,0,-,14,4.64,2.51,-,-,64.59,0,35.41,468,0,0,6.27,5.5
Thu Apr 02 12:55:46 GMT+03:00 2026,02-apr.-2026 12:55:47.006,0.0,1.0,82.6,92.41999816894531,-0.12,1.9,9.62,0.02,11.37,-0.01,-,8,22.76,34.66,88,-,2.75,793.5,0,82.6,0,-,14,4.64,2.55,-,-,64.32,0,35.68,470,0,0,6.67,8
Thu Apr 02 12:55:48 GMT+03:00 2026,02-apr.-2026 12:55:48.728,0.0,1.0,82.6,92.41999816894531,-0.16,1.99,9.45,0,11.37,0,-,8,22.67,34.66,88,-,2.35,780.25,0,82.6,0,-,14,4.64,2.5,-,-,64.07,0,35.93,471,0,0,6.27,8
Thu Apr 02 12:55:50 GMT+03:00 2026,02-apr.-2026 12:55:50.493,0.0,1.0,82.6,92.41999816894531,-0.21,1.96,9.55,0.01,11.37,0,-,8,22.58,34.66,88,-,2.75,790.25,0,82.6,0,-,14,4.64,2.48,-,-,63.8,0,36.2,473,0,0,6.27,5.5
Thu Apr 02 12:55:52 GMT+03:00 2026,02-apr.-2026 12:55:52.260,0.0,1.0,82.6,92.41999816894531,-0.2,1.92,9.59,0.02,11.37,0,-,8,22.5,34.66,88,-,2.75,788.25,0,82.6,0,-,14,4.64,2.52,-,-,63.54,0,36.46,475,0,0,6.27,5.5
Thu Apr 02 12:55:53 GMT+03:00 2026,02-apr.-2026 12:55:54.010,0.0,1.0,82.6,92.41999816894531,-0.19,2.49,9.42,0.01,23.14,0,-,8,22.41,34.66,88,-,2.75,804.25,0,82.6,0,-,14,4.79,2.6,-,-,63.28,0,36.72,477,0,0,27.06,14
Thu Apr 02 12:55:55 GMT+03:00 2026,02-apr.-2026 12:55:55.824,0.0,1.2999999523162842,82.6,92.41999816894531,-0.17,2.05,9.43,0,12.94,-0.02,-,8,22.33,34.66,88,-,3.14,1314.25,0.01,82.6,0,-,14,4.93,4.77,-,-,63.02,0,36.98,478,0,0,8.63,19
Thu Apr 02 12:55:57 GMT+03:00 2026,02-apr.-2026 12:55:57.623,0.0,1.5,82.6,92.41999816894531,-0.19,2.03,9.52,0.02,12.16,-0.01,-,8,22.24,34.66,88,-,2.75,957,0,82.6,0,-,14,4.06,2.65,-,-,62.76,0,37.24,480,0,0,7.45,13
Thu Apr 02 12:55:59 GMT+03:00 2026,02-apr.-2026 12:55:59.323,0.0,1.600000023841858,82.6,92.41999816894531,-0.17,2.01,9.48,0.01,11.76,0,-,8,22.16,34.66,88,-,2.35,824,0,82.6,0,-,14,4.21,2.39,-,-,62.52,0,37.48,482,0,0,6.67,11.5
Thu Apr 02 12:56:00 GMT+03:00 2026,02-apr.-2026 12:56:01.116,0.0,1.100000023841858,82.6,92.41999816894531,-0.02,2.74,9.3,0.01,24.71,0,-,8,22.08,34.66,88,-,2.35,787.5,0,82.6,0,-,14,4.21,2.37,-,-,62.26,0,37.74,484,0,0,33.33,7
Thu Apr 02 12:56:02 GMT+03:00 2026,02-apr.-2026 12:56:02.843,0.0,1.399999976158142,82.6,92.41999816894531,-0.15,1.95,9.62,0.02,13.73,0,-,8,22,34.66,88,0.06,5.88,1119.75,0,82.6,1,0.08,14,4.06,3.63,-,-,62.02,0,37.98,486,0,1,10.59,7
Thu Apr 02 12:56:04 GMT+03:00 2026,02-apr.-2026 12:56:04.572,0.0,1.600000023841858,82.6,92.41999816894531,-0.15,2.9,9.2,0,24.31,-0.01,-,8,21.93,34.66,88,0.13,3.14,1060.5,0,82.6,2,0.17,14,4.06,2.96,-,-,61.78,0,38.22,487,0,2,21.96,5
Thu Apr 02 12:56:06 GMT+03:00 2026,02-apr.-2026 12:56:06.437,0.0,1.7999999523162842,82.6,92.41999816894531,-0.07,2.66,9.55,0.03,23.53,0,-,8,21.87,34.66,88,1.44,8.63,1265.25,0.01,82.6,6,1.93,14,8.56,7.98,-,-,61.8,0,38.2,489,0,6,25.88,5
Thu Apr 02 12:56:08 GMT+03:00 2026,02-apr.-2026 12:56:08.307,4.489407062530518,2.0999999046325684,81.80000000000001,79.06999969482422,-0.07,2.9,9.12,-0.01,28.24,-0.03,-,8,21.84,34.66,88,6.54,13.33,1727,0.02,81.8,14,8.77,14,10.01,12.11,-,-,61.96,0,38.04,491,16.16,14,29.02,20.5
Thu Apr 02 12:56:09 GMT+03:00 2026,02-apr.-2026 12:56:10.087,5.484879970550537,2.200000047683716,81.80000000000001,84.08999633789062,-0.3,2.82,9.25,0.01,28.63,-0.04,-,8,21.83,34.66,87,7.04,13.73,2503.25,0.02,81.8,3.84,9.44,14,6.82,11.69,-,-,62.11,0,37.89,493,19.75,20,29.02,23.5
Thu Apr 02 12:56:11 GMT+03:00 2026,02-apr.-2026 12:56:11.888,6.839114189147949,2.299999952316284,81.7,83.47000122070312,-0.23,0.33,9.6,-0,14.12,0,-,8,21.84,34.66,87,5.81,25.49,2593.25,0.01,81.7,1.97,7.79,14,3.77,7.19,-,-,62.26,0,37.74,495,24.62,24,12.16,11
Thu Apr 02 12:56:13 GMT+03:00 2026,02-apr.-2026 12:56:13.572,5.0185418128967285,2.4000000953674316,80.9,86.83000183105469,-0.05,-0.32,9.74,0.01,12.55,0.01,-,8,21.83,34.66,87,5.81,3.53,993.75,0,80.9,4.62,7.79,14,3.63,2.77,-,-,62.41,0,37.59,496,18.07,20,7.84,5.5
Thu Apr 02 12:56:15 GMT+03:00 2026,02-apr.-2026 12:56:15.339,0.0,2.299999952316284,80.0,91.62000274658203,-0.23,0.99,9.71,0.01,12.16,0,-,8,21.77,34.66,87,-,2.75,925.75,0,80,5.5,-,14,4.06,2.73,-,-,62.29,0,37.71,498,0,5,7.06,9
Thu Apr 02 12:56:16 GMT+03:00 2026,02-apr.-2026 12:56:17.030,0.0,2.200000047683716,79.7,91.62000274658203,-0.17,2,9.65,0.02,11.37,0,-,8,21.69,34.66,86,-,2.75,813,0,79.7,0,-,14,4.35,2.56,-,-,62.06,0,37.94,500,0,0,6.67,8
Thu Apr 02 12:56:18 GMT+03:00 2026,02-apr.-2026 12:56:18.818,0.0,2.0999999046325684,79.5,91.62000274658203,-0.17,1.94,9.53,0.01,11.37,0,-,8,21.62,34.66,86,-,2.75,801.75,0,79.5,0,-,14,4.5,2.68,-,-,61.82,0,38.18,501,0,0,6.27,5
Thu Apr 02 12:56:20 GMT+03:00 2026,02-apr.-2026 12:56:20.625,0.0,2.0,79.5,91.62000274658203,-0.17,2.04,9.52,0.01,11.76,0,-,8,21.54,34.66,86,-,2.75,771.25,0,79.5,0,-,14,4.64,2.56,-,-,61.58,0,38.42,503,0,0,6.67,8
Thu Apr 02 12:56:22 GMT+03:00 2026,02-apr.-2026 12:56:22.343,0.0,1.100000023841858,79.5,91.62000274658203,-0.16,2.06,9.49,0.01,11.76,0,-,8,21.46,34.66,86,-,2.75,772,0,79.5,0,-,14,4.64,2.57,-,-,61.35,0,38.65,505,0,0,6.67,8
Thu Apr 02 12:56:23 GMT+03:00 2026,02-apr.-2026 12:56:24.058,0.0,1.0,79.5,91.62000274658203,-0.15,1.93,9.54,0.01,11.76,0,-,8,21.38,34.66,87,-,2.75,771.25,0,79.5,0,-,14,4.64,2.55,-,-,61.12,0,38.88,507,0,0,6.27,5
Thu Apr 02 12:56:25 GMT+03:00 2026,02-apr.-2026 12:56:25.724,0.0,1.0,79.5,91.62000274658203,-0.17,1.95,9.54,0.01,11.76,-0.01,-,8,21.31,34.66,87,-,2.75,793.5,0,79.5,0,-,14,4.64,2.57,-,-,60.9,0,39.1,508,0,0,6.67,5
Thu Apr 02 12:56:27 GMT+03:00 2026,02-apr.-2026 12:56:27.383,0.0,1.2000000476837158,79.5,91.62000274658203,-0.17,1.95,9.49,0.01,11.76,0,-,8,21.23,34.66,87,-,2.75,781.5,0,79.5,0,-,14,4.64,2.62,-,-,60.69,0,39.31,510,0,0,6.67,4.5
Thu Apr 02 12:56:28 GMT+03:00 2026,02-apr.-2026 12:56:29.143,0.0,1.399999976158142,79.5,91.62000274658203,-0.13,1.99,9.53,0.01,11.76,-0.01,-,8,21.16,34.66,87,-,2.75,786,0,79.5,0,-,14,4.64,2.62,-,-,60.46,0,39.54,512,0,0,7.06,4.5
Thu Apr 02 12:56:30 GMT+03:00 2026,02-apr.-2026 12:56:30.882,0.0,1.600000023841858,79.5,91.62000274658203,-0.1,2.03,9.5,0.01,11.76,0,-,8,21.08,34.66,88,-,2.75,786.5,0,79.5,0,-,14,4.64,2.64,-,-,60.23,0,39.77,514,0,0,6.67,4.5
Thu Apr 02 12:56:32 GMT+03:00 2026,02-apr.-2026 12:56:32.736,0.0,1.100000023841858,79.5,91.62000274658203,-0.12,1.93,9.57,0.01,11.76,0,-,8,21.01,34.66,88,-,2.75,791.75,0,79.5,0,-,14,4.64,2.58,-,-,60,0,40,515,0,0,6.67,5
Thu Apr 02 12:56:34 GMT+03:00 2026,02-apr.-2026 12:56:34.499,0.0,1.0,79.5,91.62000274658203,-0.09,1.94,9.58,0.02,11.76,-0.01,-,8,20.94,34.66,88,-,2.75,786.5,0,79.5,0,-,15,4.64,2.57,-,-,59.77,0,40.23,517,0,0,7.06,5
Thu Apr 02 12:56:36 GMT+03:00 2026,02-apr.-2026 12:56:36.327,0.0,1.0,79.5,91.62000274658203,-0.15,1.96,9.57,0.02,11.76,0,-,8,20.86,34.66,88,-,2.75,789.25,0,79.5,0,-,15,4.64,2.57,-,-,59.54,0,40.46,519,0,0,6.67,4.5
Thu Apr 02 12:56:37 GMT+03:00 2026,02-apr.-2026 12:56:38.088,0.0,1.0,79.5,91.62000274658203,-0.23,2.05,9.52,0.01,11.76,0,-,8,20.79,34.66,88,-,2.75,788.75,0,79.5,0,-,15,4.64,2.58,-,-,59.33,0,40.67,521,0,0,6.67,8
Thu Apr 02 12:56:39 GMT+03:00 2026,02-apr.-2026 12:56:39.803,0.0,1.0,79.5,91.62000274658203,-0.18,1.97,9.47,0.01,11.76,-0.01,-,8,20.72,34.66,88,-,2.75,789.25,0,79.5,0,-,15,4.64,2.58,-,-,59.11,0,40.89,522,0,0,6.67,5
Thu Apr 02 12:56:41 GMT+03:00 2026,02-apr.-2026 12:56:41.618,0.0,1.0,79.5,91.62000274658203,-0.12,2.02,9.49,0.01,11.76,0,-,8,20.65,34.66,88,-,2.75,788.25,0,79.5,0,-,15,4.64,2.53,-,-,58.89,0,41.11,524,0,0,6.67,9.5
Thu Apr 02 12:56:43 GMT+03:00 2026,02-apr.-2026 12:56:43.408,0.0,1.0,79.5,91.62000274658203,-0.13,1.95,9.56,0.01,11.76,-0.01,-,8,20.58,34.66,88,-,2.75,787.25,0,79.5,0,-,15,4.64,2.55,-,-,58.67,0,41.33,526,0,0,7.06,5
Thu Apr 02 12:56:44 GMT+03:00 2026,02-apr.-2026 12:56:45.146,0.0,1.0,79.5,91.62000274658203,-0.11,1.95,9.59,0.02,11.76,0,-,8,20.51,34.66,88,-,2.75,790.75,0,79.5,0,-,15,4.64,2.56,-,-,58.46,0,41.54,528,0,0,6.67,5
Thu Apr 02 12:56:46 GMT+03:00 2026,02-apr.-2026 12:56:46.879,0.0,1.0,79.5,91.62000274658203,-0.11,1.94,9.54,0.01,11.76,-0.01,-,8,20.44,34.66,88,-,2.75,792,0,79.5,0,-,15,4.5,2.55,-,-,58.25,0,41.75,530,0,0,6.67,8
Thu Apr 02 12:56:48 GMT+03:00 2026,02-apr.-2026 12:56:48.698,0.0,1.0,79.5,91.62000274658203,-0.12,1.92,9.58,0.02,11.76,0,-,8,20.37,34.66,88,-,2.75,797.75,0,79.5,0,-,15,4.64,2.53,-,-,58.04,0,41.96,531,0,0,6.67,5
Thu Apr 02 12:56:50 GMT+03:00 2026,02-apr.-2026 12:56:50.486,0.0,1.0,79.5,91.62000274658203,-0.2,2.08,9.53,0.01,11.76,0,-,8,20.3,34.66,88,-,2.75,792,0,79.5,0,-,15,4.64,2.52,-,-,57.82,0,42.18,533,0,0,6.67,8
Thu Apr 02 12:56:52 GMT+03:00 2026,02-apr.-2026 12:56:52.194,0.0,1.0,79.5,91.62000274658203,-0.15,1.96,9.54,0.01,11.76,0,-,8,20.23,34.66,88,-,2.75,785.5,0,79.5,0,-,15,4.64,2.5,-,-,57.62,0,42.38,535,0,0,6.27,8
Thu Apr 02 12:56:53 GMT+03:00 2026,02-apr.-2026 12:56:54.003,0.0,1.0,79.5,91.62000274658203,-0.16,1.95,9.54,0.01,11.76,0,-,8,20.16,34.66,88,-,2.75,790.5,0,79.5,0,-,15,4.64,2.49,-,-,57.41,0,42.59,537,0,0,6.67,2.5
Thu Apr 02 12:56:55 GMT+03:00 2026,02-apr.-2026 12:56:55.801,0.0,1.0,79.5,91.62000274658203,-0.13,2.01,9.47,0.01,11.76,0,-,8,20.1,34.66,88,-,2.75,797.5,0,79.5,0,-,15,4.5,2.53,-,-,57.2,0,42.8,539,0,0,6.27,5.5
Thu Apr 02 12:56:57 GMT+03:00 2026,02-apr.-2026 12:56:57.620,0.0,1.0,79.5,91.62000274658203,-0.19,2.07,9.56,0.02,11.76,0,-,8,20.03,34.66,88,-,2.75,786.25,0,79.5,0,-,15,4.5,2.47,-,-,56.99,0,43.01,540,0,0,6.67,8
Thu Apr 02 12:57:00 GMT+03:00 2026,02-apr.-2026 12:57:00.341,0.0,1.0,79.5,91.62000274658203,-0.19,2.04,9.57,0.02,11.76,0,-,8,19.96,34.66,88,-,2.75,782,0,79.5,0,-,15,4.64,2.52,-,-,56.68,0,43.32,543,0,0,6.67,5.5
Thu Apr 02 12:57:02 GMT+03:00 2026,02-apr.-2026 12:57:03.011,0.0,1.0,79.5,91.62000274658203,-0.19,2.05,9.51,0.01,11.76,-0.01,-,8,19.9,34.66,88,-,2.75,794,0,79.5,0,-,15,4.5,2.5,-,-,56.38,0,43.62,546,0,0,6.67,5.5
Thu Apr 02 12:57:05 GMT+03:00 2026,02-apr.-2026 12:57:05.673,0.0,1.0,79.5,91.62000274658203,-0.21,2.05,9.55,0.01,11.76,0,-,8,19.83,34.66,88,-,2.75,796.25,0,79.5,0,-,15,4.64,2.51,-,-,56.09,0,43.91,548,0,0,6.67,5
Thu Apr 02 12:57:08 GMT+03:00 2026,02-apr.-2026 12:57:08.318,0.0,1.0,79.5,91.62000274658203,-0.19,2.06,9.52,0.01,11.76,0,-,8,19.77,34.66,88,-,2.75,795.5,0,79.5,0,-,15,4.64,2.55,-,-,55.79,0,44.21,551,0,0,6.67,3.5
Thu Apr 02 12:57:10 GMT+03:00 2026,02-apr.-2026 12:57:10.826,0.0,1.0,79.5,91.62000274658203,-0.14,2.05,9.49,0.01,11.76,0,-,8,19.7,34.66,88,-,2.75,788,0,79.5,0,-,15,4.64,2.48,-,-,55.52,0,44.48,554,0,0,6.27,5.5
Thu Apr 02 12:57:12 GMT+03:00 2026,02-apr.-2026 12:57:12.589,0.0,1.0,79.5,91.62000274658203,-0.15,2.01,9.48,0.01,11.37,0,-,8,19.64,34.66,88,-,2.75,797.25,0,79.5,0,-,15,4.64,2.47,-,-,55.33,0,44.67,555,0,0,6.27,8
Thu Apr 02 12:57:14 GMT+03:00 2026,02-apr.-2026 12:57:14.423,0.0,1.0,79.5,91.62000274658203,-0.17,2,9.53,0.01,11.76,0,-,8,19.57,34.66,88,-,2.75,796.5,0,79.5,0,-,15,4.64,2.51,-,-,55.13,0,44.87,557,0,0,6.27,8
Thu Apr 02 12:57:15 GMT+03:00 2026,02-apr.-2026 12:57:16.112,0.0,1.0,79.5,91.62000274658203,-0.17,2.03,9.58,0.02,11.37,0,-,8,19.51,34.66,88,-,2.35,799.25,0,79.5,0,-,15,4.5,2.5,-,-,54.95,0,45.05,559,0,0,6.27,5.5
Thu Apr 02 12:57:17 GMT+03:00 2026,02-apr.-2026 12:57:17.947,0.0,1.0,79.5,91.62000274658203,-0.13,1.99,9.57,0.02,11.37,-0.01,-,8,19.45,34.66,88,-,2.75,786.5,0,79.5,0,-,15,4.64,2.5,-,-,54.75,0,45.25,561,0,0,6.27,5.5
Thu Apr 02 12:57:19 GMT+03:00 2026,02-apr.-2026 12:57:19.673,0.0,1.0,79.5,91.62000274658203,-0.12,2.01,9.51,0.01,11.37,0,-,8,19.38,34.66,88,-,2.75,796.25,0,79.5,0,-,15,4.5,2.51,-,-,54.57,0,45.43,562,0,0,6.27,5.5
Thu Apr 02 12:57:21 GMT+03:00 2026,02-apr.-2026 12:57:21.484,0.0,1.0,79.5,91.62000274658203,-0.15,1.91,9.56,0.01,11.37,-0.01,-,8,19.32,34.66,88,-,2.35,782.25,0,79.5,0,-,15,4.5,2.47,-,-,54.38,0,45.62,564,0,0,6.27,5.5
Thu Apr 02 12:57:23 GMT+03:00 2026,02-apr.-2026 12:57:23.355,0.0,1.0,79.5,91.62000274658203,-0.12,2.03,9.49,0.01,11.37,0,-,8,19.26,34.66,88,-,2.35,775.5,0,79.5,0,-,15,4.5,2.46,-,-,54.19,0,45.81,566,0,0,6.27,8
Thu Apr 02 12:57:24 GMT+03:00 2026,02-apr.-2026 12:57:25.118,0.0,1.0,79.5,91.62000274658203,-0.13,1.96,9.52,0.01,11.37,-0.01,-,8,19.2,34.66,88,-,2.75,792.25,0,79.5,0,-,15,4.64,2.48,-,-,54.01,0,45.99,568,0,0,6.27,8.5
Thu Apr 02 12:57:26 GMT+03:00 2026,02-apr.-2026 12:57:26.889,0.0,1.0,79.5,91.62000274658203,-0.13,1.96,9.58,0.02,11.37,0,-,8,19.14,34.66,87,-,2.75,795.25,0,79.5,0,-,15,4.64,2.52,-,-,53.82,0,46.18,570,0,0,6.27,5.5
Thu Apr 02 12:57:28 GMT+03:00 2026,02-apr.-2026 12:57:28.561,0.0,1.0,79.5,91.62000274658203,-0.19,2.05,9.59,0.02,11.37,0,-,8,19.08,34.66,87,-,2.75,791.5,0,79.5,0,-,15,4.64,2.46,-,-,53.65,0,46.35,571,0,0,6.27,5.5
Thu Apr 02 12:57:30 GMT+03:00 2026,02-apr.-2026 12:57:30.304,0.0,1.0,79.5,91.62000274658203,-0.16,1.99,9.54,0.01,11.37,0,-,8,19.02,34.66,87,-,2.75,797.25,0,79.5,0,-,15,4.64,2.48,-,-,53.48,0,46.52,573,0,0,6.27,8
Thu Apr 02 12:57:31 GMT+03:00 2026,02-apr.-2026 12:57:32.001,0.0,1.0,79.5,91.62000274658203,-0.21,2.05,9.51,0.01,11.37,0,-,8,18.96,34.66,87,-,2.75,789.75,0,79.5,0,-,15,4.64,2.47,-,-,53.31,0,46.69,575,0,0,6.27,5.5
Thu Apr 02 12:57:33 GMT+03:00 2026,02-apr.-2026 12:57:33.879,0.0,1.0,79.5,91.62000274658203,-0.14,1.93,9.51,0.01,11.37,0,-,8,18.9,34.66,87,-,2.75,795.25,0,79.5,0,-,15,4.64,2.5,-,-,53.12,0,46.88,577,0,0,6.27,5.5
Thu Apr 02 12:57:35 GMT+03:00 2026,02-apr.-2026 12:57:35.464,0.0,1.0,79.5,91.62000274658203,-0.11,1.96,9.58,0.02,11.37,0,-,8,18.84,34.66,88,-,2.75,806.25,0,79.5,0,-,15,4.79,2.63,-,-,52.96,0,47.04,578,0,0,6.27,5.5
Thu Apr 02 12:57:37 GMT+03:00 2026,02-apr.-2026 12:57:37.253,0.0,1.0,79.5,91.62000274658203,-0.15,1.94,9.57,0.01,11.37,0,-,8,18.78,34.66,87,-,2.75,803.25,0,79.5,0,-,16,4.79,2.62,-,-,52.78,0,47.22,580,0,0,6.27,4.5
Thu Apr 02 12:57:38 GMT+03:00 2026,02-apr.-2026 12:57:38.977,0.0,1.0,79.5,91.62000274658203,-0.11,2.02,9.48,0.01,11.37,0,-,8,18.72,34.66,87,-,2.75,782,0,79.5,0,-,16,4.64,2.46,-,-,52.62,0,47.38,582,0,0,6.27,5
Thu Apr 02 12:57:40 GMT+03:00 2026,02-apr.-2026 12:57:40.701,0.0,1.0,79.5,91.62000274658203,-0.14,1.93,9.55,0.01,11.37,-0.01,-,8,18.66,34.66,87,-,2.75,786.5,0,79.5,0,-,16,4.64,2.5,-,-,52.45,0,47.55,583,0,0,6.27,8
Thu Apr 02 12:57:42 GMT+03:00 2026,02-apr.-2026 12:57:42.500,0.0,1.0,79.5,91.62000274658203,-0.17,2,9.53,0.01,11.37,0,-,8,18.6,34.66,87,-,2.35,786.25,0,79.5,0,-,16,4.64,2.48,-,-,52.27,0,47.73,585,0,0,6.27,8
Thu Apr 02 12:57:44 GMT+03:00 2026,02-apr.-2026 12:57:44.302,0.0,1.0,79.5,91.62000274658203,-0.2,2.06,9.55,0.01,11.37,0,-,8,18.55,34.66,87,-,2.35,787.75,0,79.5,0,-,16,4.64,2.46,-,-,52.1,0,47.9,587,0,0,6.27,8
Thu Apr 02 12:57:45 GMT+03:00 2026,02-apr.-2026 12:57:46.073,0.0,1.0,79.5,91.62000274658203,-0.19,2.07,9.59,0.02,11.37,-0.01,-,8,18.49,34.66,88,-,2.35,781.5,0,79.5,0,-,16,4.64,2.46,-,-,51.93,0,48.07,589,0,0,6.27,5
Thu Apr 02 12:57:47 GMT+03:00 2026,02-apr.-2026 12:57:47.876,0.0,1.0,79.5,91.62000274658203,-0.18,1.95,9.51,0.01,11.37,-0.01,-,8,18.43,34.66,88,-,2.35,792.75,0,79.5,0,-,16,4.64,2.48,-,-,51.76,0,48.24,591,0,0,6.27,5
Thu Apr 02 12:57:49 GMT+03:00 2026,02-apr.-2026 12:57:49.760,0.0,1.0,79.5,91.62000274658203,-0.16,1.97,9.55,0.01,11.37,0,-,8,18.38,34.66,88,-,2.75,782.5,0,79.5,0,-,16,4.64,2.47,-,-,51.58,0,48.42,593,0,0,6.27,5
Thu Apr 02 12:57:51 GMT+03:00 2026,02-apr.-2026 12:57:51.490,0.0,1.0,79.5,91.62000274658203,-0.21,1.95,9.56,0.01,11.37,-0.01,-,8,18.32,34.66,88,-,2.35,780.75,0,79.5,0,-,16,4.64,2.46,-,-,51.42,0,48.58,594,0,0,6.27,5
Thu Apr 02 12:57:53 GMT+03:00 2026,02-apr.-2026 12:57:53.273,0.0,1.0,79.5,91.62000274658203,-0.12,1.97,9.5,0.01,11.37,0,-,8,18.26,34.66,88,-,2.35,791.75,0,79.5,0,-,16,4.64,2.53,-,-,51.25,0,48.75,596,0,0,6.27,8
Thu Apr 02 12:57:54 GMT+03:00 2026,02-apr.-2026 12:57:55.043,0.0,1.0,79.5,91.62000274658203,-0.16,2.08,9.37,-0,11.37,-0.01,-,8,18.21,34.66,88,-,2.75,799.5,0,79.5,0,-,16,4.64,2.51,-,-,51.09,0,48.91,598,0,0,5.88,2
Thu Apr 02 12:57:56 GMT+03:00 2026,02-apr.-2026 12:57:56.823,0.0,1.0,79.5,91.62000274658203,-0.18,2.05,9.57,0.02,11.37,-0.01,-,8,18.15,34.66,88,-,2.75,816.75,0,79.5,0,-,16,4.79,2.65,-,-,50.93,0,49.07,600,0,0,5.88,2
Thu Apr 02 12:57:58 GMT+03:00 2026,02-apr.-2026 12:57:58.622,0.0,1.0,79.5,91.62000274658203,-0.11,1.93,9.57,0.01,11.37,0,-,8,18.1,34.66,88,-,2.35,791.75,0,79.5,0,-,16,4.64,2.49,-,-,50.76,0,49.24,601,0,0,6.27,8
Thu Apr 02 12:58:00 GMT+03:00 2026,02-apr.-2026 12:58:00.240,0.0,1.0,79.5,91.62000274658203,-0.23,2.01,9.5,0.01,11.37,0,-,8,18.05,34.66,88,-,2.75,782,0,79.5,0,-,16,4.64,2.45,-,-,50.62,0,49.38,603,0,0,6.27,5
Thu Apr 02 12:58:01 GMT+03:00 2026,02-apr.-2026 12:58:01.904,0.0,1.0,79.5,91.62000274658203,-0.06,4.25,8.95,0.03,26.67,0.01,-,8,17.99,34.66,88,-,3.14,787.75,0,79.5,0,-,16,4.64,2.49,-,-,50.47,0,49.53,605,0,0,45.49,-9
Thu Apr 02 12:58:03 GMT+03:00 2026,02-apr.-2026 12:58:03.679,0.0,1.5,79.5,91.62000274658203,1.81,5.7,10.07,0.21,32.55,0.19,-,8,17.96,34.81,88,3.91,16.86,728.5,0.01,79.5,8,5.24,16,10.01,7.72,-,-,50.52,0,49.48,606,0,8,67.45,0.5
Thu Apr 02 12:58:05 GMT+03:00 2026,02-apr.-2026 12:58:05.386,4.968613624572754,2.0,81.0,86.29000091552734,0.17,3.64,9.38,0.04,37.65,0.01,-,8,17.96,34.81,88,11.57,7.84,2337.75,0.02,81,6.11,15.51,16,8.7,12.13,-,-,50.67,0,49.33,608,17.89,18,25.1,23.5
Thu Apr 02 12:58:06 GMT+03:00 2026,02-apr.-2026 12:58:07.132,6.1910786628723145,2.0999999046325684,81.7,82.62999725341797,-0.24,3.83,9.4,0.05,67.06,0.04,-,8,17.98,34.81,88,8.88,24.71,1696.5,0.03,81.7,6.11,11.91,16,14.21,20,-,-,50.82,0,49.18,610,22.29,24,78.43,4
Thu Apr 02 12:58:08 GMT+03:00 2026,02-apr.-2026 12:58:08.906,9.904285430908203,2.200000047683716,83.6,83.2699966430664,-0.04,2.49,10.24,0.05,26.27,0,-,8,18.03,34.81,88,26.61,38.82,2584.25,0.04,83.6,7.31,35.68,16,14.07,31.99,-,-,50.98,0,49.02,612,35.66,36,16.86,17.5
Thu Apr 02 12:58:10 GMT+03:00 2026,02-apr.-2026 12:58:10.693,11.525145530700684,2.0999999046325684,83.80000000000001,84.16999816894531,0.52,2.11,9.72,0.03,26.67,0.03,-,8,18.1,34.66,87,12.53,26.27,1909,0.03,83.8,2.84,16.81,16,13.78,23.2,-,-,51.13,0,48.87,613,41.49,41,29.02,6
Thu Apr 02 12:58:12 GMT+03:00 2026,02-apr.-2026 12:58:12.368,12.500543594360352,2.200000047683716,84.9,88.7699966430664,-0.96,2.62,9.46,0.02,31.37,0,-,8,18.18,34.66,87,8.09,13.73,2116,0.02,84.9,1.38,10.85,16,7.54,11.31,-,-,51.27,0,48.73,615,45,44,31.76,22
Thu Apr 02 12:58:13 GMT+03:00 2026,02-apr.-2026 12:58:14.061,12.99776554107666,2.4000000953674316,85.4,85.23999786376953,-0.47,2.24,9.27,-0.01,14.9,-0.01,-,8,18.26,34.66,87,12.35,23.53,2271.25,0.03,85.4,3,16.57,15,11.6,20.2,-,-,51.42,0,48.58,617,46.79,48,15.69,13
Thu Apr 02 12:58:15 GMT+03:00 2026,02-apr.-2026 12:58:15.797,13.27005386352539,11.399999618530273,85.0,83.91999816894531,0.01,1.85,9.23,-0.02,25.49,0.01,-,8,18.35,34.66,87,3.08,10.59,1836.25,0.02,85,0.7,4.14,15,10.59,17.46,-,-,51.56,0,48.44,619,47.77,49,25.88,21
Thu Apr 02 12:58:17 GMT+03:00 2026,02-apr.-2026 12:58:17.572,14.382368087768555,11.399999618530273,80.9,83.58999633789062,-0.07,2.01,9.26,-0.01,20,0.02,-,8,18.45,34.66,87,6.4,23.53,1914,0.02,80.9,1.68,8.58,15,9.14,14.23,-,-,51.71,0,48.29,620,51.78,51,37.65,8
Thu Apr 02 12:58:19 GMT+03:00 2026,02-apr.-2026 12:58:19.276,14.133757591247559,11.399999618530273,81.2,84.22000122070312,0.34,1.9,10.59,0.12,26.27,0.08,-,8,18.55,34.66,87,3.16,3.92,2005.25,0.01,81.2,0.16,4.24,15,3.48,4.41,-,-,51.85,0,48.15,622,50.88,52,8.24,28
Thu Apr 02 12:58:20 GMT+03:00 2026,02-apr.-2026 12:58:21.118,13.913455963134766,11.399999618530273,81.5,85.0999984741211,0.04,2.13,9.49,0.01,26.27,-0.07,-,8,18.64,34.66,87,3.16,11.37,1931.75,0.01,81.5,0.12,4.24,15,7.54,10.3,-,-,52.01,0,47.99,624,50.09,51,26.27,21.5
Thu Apr 02 12:58:22 GMT+03:00 2026,02-apr.-2026 12:58:22.969,14.469871520996094,11.399999618530273,82.1,84.94000244140625,0.13,1.59,9.45,-0,12.94,0.08,-,8,18.74,34.66,87,2.98,7.45,1954,0.01,82.1,0.97,4,15,7.69,10.53,-,-,52.16,0,47.84,626,52.09,52,9.41,24.5
Thu Apr 02 12:58:24 GMT+03:00 2026,02-apr.-2026 12:58:24.745,13.372998237609863,11.399999618530273,83.5,84.62999725341797,-0.25,1.57,9.79,0.03,14.51,0.07,-,8,18.82,34.66,87,2.98,3.14,1873,0,83.5,1.7,4,15,2.61,3.2,-,-,52.31,0,47.69,628,48.14,49,9.02,28
Thu Apr 02 12:58:26 GMT+03:00 2026,02-apr.-2026 12:58:26.404,12.105237007141113,11.399999618530273,83.1,83.66999816894531,-0.06,0.77,10.35,0.08,12.16,-0.06,-,8,18.9,34.66,87,-,2.75,1052,0,83.1,0.57,-,15,3.77,2.91,-,-,52.44,0,47.56,629,43.58,46,7.45,13
Thu Apr 02 12:58:27 GMT+03:00 2026,02-apr.-2026 12:58:28.142,10.751518249511719,11.399999618530273,83.1,83.38999938964844,-0.19,-0.14,9.79,0.02,11.76,0,-,8,18.96,34.66,87,-,2.75,890.75,0,83.1,5.58,-,15,4.06,2.6,-,-,52.58,0,47.42,631,38.71,38,6.67,10.5
Thu Apr 02 12:58:29 GMT+03:00 2026,02-apr.-2026 12:58:29.938,7.667302131652832,11.5,83.80000000000001,83.5999984741211,-0.13,0.95,9.64,0.01,11.76,0,-,8,18.98,34.66,87,-,2.75,808.75,0,83.8,5.28,-,15,4.21,2.51,-,-,52.73,0,47.27,633,27.6,27,6.67,14
Thu Apr 02 12:58:31 GMT+03:00 2026,02-apr.-2026 12:58:31.710,5.2059006690979,11.399999618530273,84.30000000000001,85.23999786376953,-0.32,0.41,9.8,0.02,11.37,0,-,8,18.98,34.66,87,-,2.75,806.25,0,84.3,3.48,-,15,4.5,2.65,-,-,52.87,0,47.13,634,18.74,20,6.67,9.5
Thu Apr 02 12:58:33 GMT+03:00 2026,02-apr.-2026 12:58:33.540,2.542212963104248,11.399999618530273,84.30000000000001,85.02999877929688,-0.12,1.07,9.68,0.01,11.76,0,-,8,18.96,34.66,87,-,2.75,760.5,0,84.3,4.41,-,15,4.79,2.56,-,-,53.01,0,46.99,636,9.15,10,6.67,9
Thu Apr 02 12:58:35 GMT+03:00 2026,02-apr.-2026 12:58:35.315,1.0814313888549805,11.5,84.1,84.66000366210938,-0.11,1.75,9.52,0.01,11.76,0,-,8,18.92,34.66,87,-,2.75,766.75,0,84.1,1.29,-,15,4.79,2.58,-,-,52.96,0,47.04,638,3.89,4,6.67,8.5
Thu Apr 02 12:58:36 GMT+03:00 2026,02-apr.-2026 12:58:36.976,0.0,11.600000381469727,84.0,84.56999969482422,-0.14,1.86,9.53,0.01,11.76,0,-,8,18.87,34.66,87,-,2.75,763.25,0,84,0.89,-,15,4.64,2.5,-,-,52.81,0,47.19,640,0,3,6.67,9
Thu Apr 02 12:58:38 GMT+03:00 2026,02-apr.-2026 12:58:38.677,0.0,12.100000381469727,83.9,84.18000030517578,-0.14,1.41,9.63,0.01,12.16,0,-,8,18.82,34.66,87,-,2.75,761.5,0,83.9,2,-,15,4.79,2.6,-,-,52.66,0,47.34,641,0,2,7.06,10.5
Thu Apr 02 12:58:40 GMT+03:00 2026,02-apr.-2026 12:58:40.463,0.0,12.899999618530273,83.9,84.12999725341797,-0.03,1.89,9.61,0.02,12.16,0,-,8,18.77,34.66,87,-,2.75,790,0,83.9,0,-,15,4.79,2.72,-,-,52.51,0,47.49,643,0,0,7.45,7
Thu Apr 02 12:58:42 GMT+03:00 2026,02-apr.-2026 12:58:42.263,0.0,13.899999618530273,83.9,84.13999938964844,-0.09,1.93,9.55,0.01,12.16,-0.01,-,8,18.72,34.66,88,-,2.75,790.75,0,83.9,0,-,15,4.79,2.74,-,-,52.35,0,47.65,645,0,0,7.06,4.5
Thu Apr 02 12:58:43 GMT+03:00 2026,02-apr.-2026 12:58:43.981,0.0,11.300000190734863,83.9,84.12999725341797,-0.09,2.03,9.55,0.01,12.16,0,-,8,18.66,34.66,88,-,2.75,791.25,0,83.9,0,-,15,4.79,2.73,-,-,52.2,0,47.8,647,0,0,7.06,7
Thu Apr 02 12:58:45 GMT+03:00 2026,02-apr.-2026 12:58:45.705,0.0,11.300000190734863,83.9,84.16000366210938,-0.01,1.92,9.6,0.02,12.16,0,-,8,18.61,34.66,88,-,2.75,788,0,83.9,0,-,15,4.79,2.69,-,-,52.05,0,47.95,648,0,0,7.06,4
Thu Apr 02 12:58:47 GMT+03:00 2026,02-apr.-2026 12:58:47.450,0.0,11.300000190734863,83.9,84.12999725341797,-0.06,1.89,9.61,0.02,12.16,0,-,8,18.56,34.66,88,-,2.75,792.75,0,83.9,0,-,15,4.79,2.74,-,-,51.9,0,48.1,650,0,0,7.06,4.5
Thu Apr 02 12:58:48 GMT+03:00 2026,02-apr.-2026 12:58:49.140,0.0,11.300000190734863,83.9,84.13999938964844,-0.08,2,9.52,0.02,12.16,0,-,8,18.51,34.66,88,-,2.75,790.75,0,83.9,0,-,15,4.79,2.71,-,-,51.76,0,48.24,652,0,0,7.06,4
Thu Apr 02 12:58:50 GMT+03:00 2026,02-apr.-2026 12:58:50.975,0.0,11.300000190734863,83.9,84.13999938964844,-0.08,1.99,9.52,0.01,12.16,-0.01,-,8,18.46,34.66,87,-,2.75,790.5,0,83.9,0,-,16,4.79,2.69,-,-,51.6,0,48.4,654,0,0,7.45,7
Thu Apr 02 12:58:52 GMT+03:00 2026,02-apr.-2026 12:58:52.699,0.0,11.300000190734863,83.9,84.13999938964844,-0.04,1.92,9.56,0.01,12.16,0,-,8,18.41,34.66,87,-,2.75,794.5,0,83.9,0,-,16,4.79,2.7,-,-,51.46,0,48.54,655,0,0,7.06,4
Thu Apr 02 12:58:54 GMT+03:00 2026,02-apr.-2026 12:58:54.466,0.0,11.300000190734863,83.9,84.12000274658203,-0.08,1.94,9.49,0.01,12.16,-0.01,-,8,18.36,34.66,87,-,2.75,786.25,0,83.9,0,-,16,4.79,2.66,-,-,51.31,0,48.69,657,0,0,7.06,3.5
Thu Apr 02 12:58:55 GMT+03:00 2026,02-apr.-2026 12:58:56.151,0.0,11.300000190734863,83.9,84.12000274658203,-0.07,1.87,9.55,0.01,12.16,0,-,8,18.31,34.66,87,-,2.75,787.25,0,83.9,0,-,16,4.79,2.67,-,-,51.17,0,48.83,659,0,0,7.06,4.5
Thu Apr 02 12:58:57 GMT+03:00 2026,02-apr.-2026 12:58:57.916,0.0,11.399999618530273,83.9,84.13999938964844,-0.05,1.96,9.54,0.01,12.16,-0.01,-,8,18.26,34.66,87,-,2.75,797.75,0,83.9,0,-,16,4.79,2.7,-,-,51.02,0,48.98,661,0,0,7.06,4.5
Thu Apr 02 12:58:59 GMT+03:00 2026,02-apr.-2026 12:58:59.655,0.0,11.399999618530273,83.9,84.12000274658203,-0.06,1.93,9.58,0.02,12.16,0,-,8,18.21,34.66,87,-,2.75,791.75,0,83.9,0,-,16,4.79,2.68,-,-,50.88,0,49.12,662,0,0,7.06,4.5
Thu Apr 02 12:59:01 GMT+03:00 2026,02-apr.-2026 12:59:01.352,0.0,11.399999618530273,83.9,84.13999938964844,-0.11,2.05,9.56,0.02,12.16,-0.01,-,8,18.16,34.66,87,-,2.75,792,0,83.9,0,-,16,4.79,2.69,-,-,50.74,0,49.26,664,0,0,7.06,4.5
Thu Apr 02 12:59:02 GMT+03:00 2026,02-apr.-2026 12:59:03.096,0.0,11.399999618530273,83.9,84.0999984741211,-0.11,2.04,9.53,0.01,12.16,0,-,8,18.11,34.66,87,-,2.75,783,0,83.9,0,-,16,4.79,2.64,-,-,50.6,0,49.4,666,0,0,7.06,4.5
Thu Apr 02 12:59:04 GMT+03:00 2026,02-apr.-2026 12:59:04.911,0.0,11.399999618530273,83.9,84.08000183105469,-0.07,1.96,9.51,0.01,12.16,0,-,8,18.06,34.66,86,-,2.75,786,0,83.9,0,-,16,4.79,2.63,-,-,50.45,0,49.55,668,0,0,7.06,7.5
Thu Apr 02 12:59:06 GMT+03:00 2026,02-apr.-2026 12:59:06.636,0.0,11.399999618530273,83.9,84.08999633789062,-0.02,1.9,9.58,0.01,12.16,0,-,8,18.01,34.66,86,-,2.75,789.25,0,83.9,0,-,16,4.79,2.69,-,-,50.31,0,49.69,669,0,0,7.06,4.5
Thu Apr 02 12:59:08 GMT+03:00 2026,02-apr.-2026 12:59:08.411,0.0,11.399999618530273,83.9,84.08000183105469,-0.01,2.01,9.52,0.01,12.16,0,-,8,17.96,34.66,86,-,2.75,778,0,83.9,0,-,16,4.79,2.64,-,-,50.17,0,49.83,671,0,0,7.06,7.5
Thu Apr 02 12:59:10 GMT+03:00 2026,02-apr.-2026 12:59:10.173,0.0,11.399999618530273,83.9,84.05000305175781,-0.04,2.02,9.44,0,11.76,0,-,8,17.91,34.66,86,-,2.75,793.75,0,83.9,0,-,16,4.79,2.66,-,-,50.03,0,49.97,673,0,0,7.06,4.5
Thu Apr 02 12:59:11 GMT+03:00 2026,02-apr.-2026 12:59:11.862,0.0,11.399999618530273,83.9,84.0199966430664,-0.02,2,9.48,0.01,12.16,0,-,8,17.87,34.66,86,-,2.75,775.75,0,83.9,0,-,16,4.79,2.58,-,-,49.9,0,50.1,675,0,0,7.06,7.5
Thu Apr 02 12:59:13 GMT+03:00 2026,02-apr.-2026 12:59:13.649,0.0,11.399999618530273,83.9,84.0,-0.08,2.03,9.57,0.02,12.16,-0.01,-,8,17.82,34.66,86,-,2.75,787.25,0,83.9,0,-,16,4.79,2.64,-,-,49.75,0,50.25,676,0,0,7.06,4.5
Thu Apr 02 12:59:15 GMT+03:00 2026,02-apr.-2026 12:59:15.357,0.0,11.399999618530273,83.9,83.9800033569336,-0.07,1.95,9.54,0.01,12.16,0,-,8,17.77,34.66,86,-,2.75,797.75,0,83.9,0,-,16,4.79,2.66,-,-,49.62,0,50.38,678,0,0,7.06,7.5
Thu Apr 02 12:59:16 GMT+03:00 2026,02-apr.-2026 12:59:17.089,0.0,11.399999618530273,83.9,84.04000091552734,-0.06,2,9.51,0.01,11.76,0,-,8,17.72,34.66,86,-,2.75,794.25,0,83.9,0,-,16,4.79,2.64,-,-,49.49,0,50.51,680,0,0,7.06,4.5
Thu Apr 02 12:59:18 GMT+03:00 2026,02-apr.-2026 12:59:18.861,0.0,11.399999618530273,83.9,83.98999786376953,-0.06,1.89,9.56,0.01,12.16,0,-,8,17.68,34.66,86,-,2.75,797.75,0,83.9,0,-,16,4.64,2.64,-,-,49.35,0,50.65,682,0,0,7.06,5
Thu Apr 02 12:59:20 GMT+03:00 2026,02-apr.-2026 12:59:20.601,0.0,11.399999618530273,83.9,83.9800033569336,-0.04,1.89,9.56,0.01,12.16,0,-,8,17.63,34.66,86,-,2.75,796.5,0,83.9,0,-,16,4.79,2.66,-,-,49.21,0,50.79,683,0,0,7.06,5
Thu Apr 02 12:59:22 GMT+03:00 2026,02-apr.-2026 12:59:22.337,0.0,11.5,83.9,83.9800033569336,-0.1,1.89,9.52,0.01,12.16,0,-,8,17.58,34.66,86,-,2.75,797.25,0,83.9,0,-,16,4.79,2.65,-,-,49.08,0,50.92,685,0,0,7.06,8
Thu Apr 02 12:59:23 GMT+03:00 2026,02-apr.-2026 12:59:23.993,0.0,11.5,83.9,84.0,-0.05,1.91,9.64,0.02,11.76,0,-,8,17.54,34.66,86,-,2.75,776.75,0,83.9,0,-,16,4.79,2.59,-,-,48.95,0,51.05,687,0,0,6.67,0
Thu Apr 02 12:59:25 GMT+03:00 2026,02-apr.-2026 12:59:25.717,0.0,11.5,83.9,83.98999786376953,-0.08,1.85,9.6,0.02,14.12,-0.01,-,8,17.49,34.66,86,-,4.71,926.25,0,83.9,0,-,16,4.79,2.95,-,-,48.82,0,51.18,689,0,0,12.16,15
Thu Apr 02 12:59:27 GMT+03:00 2026,02-apr.-2026 12:59:27.443,0.0,11.300000190734863,83.9,83.95999908447266,-0.09,1.93,9.66,0.02,12.55,0,-,8,17.45,34.66,86,-,3.14,1125.25,0,83.9,0,-,16,4.21,3.28,-,-,48.69,0,51.31,690,0,0,8.63,4.5
Thu Apr 02 12:59:29 GMT+03:00 2026,02-apr.-2026 12:59:29.243,0.0,11.300000190734863,83.9,83.91999816894531,-0.07,1.99,9.56,0.01,12.16,0,-,8,17.4,34.66,86,-,2.75,936.75,0,83.9,0,-,16,4.21,2.8,-,-,48.56,0,51.44,692,0,0,7.45,3.5
Thu Apr 02 12:59:30 GMT+03:00 2026,02-apr.-2026 12:59:31.003,0.0,11.300000190734863,83.9,83.91000366210938,-0.07,1.93,9.63,0.02,11.76,-0.01,-,8,17.36,34.66,86,-,2.75,852.5,0,83.9,0,-,16,4.35,2.58,-,-,48.43,0,51.57,694,0,0,7.06,2
Thu Apr 02 12:59:32 GMT+03:00 2026,02-apr.-2026 12:59:32.683,0.0,11.300000190734863,83.9,83.87000274658203,-0.09,1.91,9.56,0.01,11.76,0,-,8,17.31,34.66,86,-,2.75,798.5,0,83.9,0,-,16,4.5,2.56,-,-,48.3,0,51.7,696,0,0,6.67,5
Thu Apr 02 12:59:34 GMT+03:00 2026,02-apr.-2026 12:59:34.417,0.0,11.300000190734863,83.9,83.81999969482422,-0.11,1.94,9.53,0.01,11.76,0,-,8,17.27,34.66,86,-,2.75,784,0,83.9,0,-,16,4.79,2.61,-,-,48.17,0,51.83,697,0,0,6.67,2
Thu Apr 02 12:59:35 GMT+03:00 2026,02-apr.-2026 12:59:36.076,0.0,11.300000190734863,83.9,83.77999877929688,-0.11,1.93,9.53,0.01,11.76,0,-,8,17.22,34.66,86,-,2.75,797.25,0,83.9,0,-,16,4.79,2.69,-,-,48.05,0,51.95,699,0,0,7.06,7.5
Thu Apr 02 12:59:37 GMT+03:00 2026,02-apr.-2026 12:59:37.846,0.0,11.399999618530273,83.9,83.7699966430664,-0.06,1.9,9.58,0.01,11.76,0,-,8,17.18,34.66,86,-,2.75,786.25,0,83.9,0,-,16,4.79,2.62,-,-,47.92,0,52.08,701,0,0,6.67,4.5
Thu Apr 02 12:59:39 GMT+03:00 2026,02-apr.-2026 12:59:39.501,0.0,11.399999618530273,83.9,83.7699966430664,-0.02,1.88,9.59,0.02,11.76,-0.01,-,8,17.13,34.66,86,-,2.75,798.5,0,83.9,0,-,16,4.79,2.64,-,-,47.8,0,52.2,702,0,0,7.06,4.5
Thu Apr 02 12:59:41 GMT+03:00 2026,02-apr.-2026 12:59:41.282,0.0,11.399999618530273,83.9,83.7300033569336,-0.06,1.96,9.46,0,11.76,0,-,8,17.09,34.66,87,-,2.75,793,0,83.9,0,-,16,4.79,2.57,-,-,47.67,0,52.33,704,0,0,6.67,5
Thu Apr 02 12:59:42 GMT+03:00 2026,02-apr.-2026 12:59:43.102,0.0,11.399999618530273,83.9,83.7300033569336,-0.04,2,9.51,0.01,11.76,0,-,8,17.05,34.66,87,-,2.75,790.25,0,83.9,0,-,17,4.79,2.63,-,-,47.54,0,52.46,706,0,0,6.67,4.5
Thu Apr 02 12:59:44 GMT+03:00 2026,02-apr.-2026 12:59:44.772,0.0,11.399999618530273,83.9,83.70999908447266,-0.03,2,9.49,0.01,11.76,0,-,8,17,34.66,87,-,2.75,783,0,83.9,0,-,17,4.79,2.57,-,-,47.42,0,52.58,708,0,0,6.67,4.5
Thu Apr 02 12:59:46 GMT+03:00 2026,02-apr.-2026 12:59:46.486,0.0,11.399999618530273,83.9,83.70999908447266,-0.1,2.02,9.53,0.01,11.76,-0.01,-,8,16.96,34.66,87,-,2.75,789,0,83.9,0,-,17,4.64,2.57,-,-,47.3,0,52.7,709,0,0,7.06,5
Thu Apr 02 12:59:47 GMT+03:00 2026,02-apr.-2026 12:59:48.073,0.0,11.399999618530273,83.9,83.69999694824219,-0.12,1.99,9.59,0.02,11.76,0,-,8,16.92,34.66,87,-,2.75,783,0,83.9,0,-,17,4.64,2.57,-,-,47.19,0,52.81,711,0,0,6.67,5
Thu Apr 02 12:59:49 GMT+03:00 2026,02-apr.-2026 12:59:49.804,0.0,11.399999618530273,83.9,83.66999816894531,-0.05,1.92,9.58,0.02,11.76,0,-,8,16.87,34.66,87,-,2.75,799,0,83.9,0,-,17,4.79,2.6,-,-,47.07,0,52.93,713,0,0,7.06,5
Thu Apr 02 12:59:51 GMT+03:00 2026,02-apr.-2026 12:59:51.494,0.0,11.399999618530273,83.9,83.6500015258789,-0.11,1.95,9.52,0.01,11.76,0,-,8,16.83,34.66,87,-,2.75,788.5,0,83.9,0,-,17,4.79,2.56,-,-,46.95,0,53.05,714,0,0,6.67,4.5
Thu Apr 02 12:59:53 GMT+03:00 2026,02-apr.-2026 12:59:53.281,0.0,11.399999618530273,83.9,83.63999938964844,-0.06,1.91,9.58,0.01,11.76,0,-,8,16.79,34.66,87,-,2.75,795.25,0,83.9,0,-,17,4.64,2.58,-,-,46.82,0,53.18,716,0,0,6.67,4.5
Thu Apr 02 12:59:54 GMT+03:00 2026,02-apr.-2026 12:59:55.060,0.0,11.399999618530273,83.9,83.66000366210938,-0.08,2.01,9.54,0.01,11.76,0,-,8,16.75,34.66,87,-,2.75,776.75,0,83.9,0,-,17,4.64,2.55,-,-,46.7,0,53.3,718,0,0,6.67,4.5
Thu Apr 02 12:59:56 GMT+03:00 2026,02-apr.-2026 12:59:56.779,0.0,11.399999618530273,83.9,83.62999725341797,-0.12,1.91,9.53,0.01,11.76,0,-,8,16.7,34.66,87,-,2.75,785.25,0,83.9,0,-,17,4.79,2.53,-,-,46.58,0,53.42,720,0,0,6.67,7.5
Thu Apr 02 12:59:58 GMT+03:00 2026,02-apr.-2026 12:59:58.569,0.0,11.399999618530273,83.9,83.5999984741211,-0.12,1.99,9.54,0.01,11.76,-0.01,-,8,16.66,34.66,88,-,2.75,785,0,83.9,0,-,17,4.79,2.54,-,-,46.46,0,53.54,721,0,0,6.67,4.5
Thu Apr 02 13:00:00 GMT+03:00 2026,02-apr.-2026 13:00:00.303,0.0,11.5,83.9,83.56999969482422,-0.09,1.86,9.35,-0.01,14.12,-0.02,-,8,16.62,34.66,88,-,6.27,901.75,0,83.9,0,-,17,4.79,2.86,-,-,46.34,0,53.66,723,0,0,11.37,15
Thu Apr 02 13:00:01 GMT+03:00 2026,02-apr.-2026 13:00:02.005,0.0,11.300000190734863,83.9,83.5199966430664,-0.07,1.95,9.61,0.02,12.55,0,-,8,16.58,34.66,88,-,3.14,1106.75,0,83.9,0,-,17,4.21,3.17,-,-,46.22,0,53.78,725,0,0,8.24,3.5
Thu Apr 02 13:00:03 GMT+03:00 2026,02-apr.-2026 13:00:03.743,0.0,11.300000190734863,83.9,83.51000213623047,-0.03,2.73,9.5,0.03,22.35,-0.01,-,8,16.54,34.66,88,-,2.75,928,0,83.9,0,-,17,4.06,2.62,-,-,46.11,0,53.89,727,0,0,13.33,20
Thu Apr 02 13:00:05 GMT+03:00 2026,02-apr.-2026 13:00:05.450,0.0,11.300000190734863,83.9,83.36000061035156,0.23,4.18,9.55,0.08,46.27,0,-,8,16.5,34.66,88,0.24,6.67,1180.5,0.01,83.9,2,0.33,17,6.82,6.23,-,-,45.99,0,54.01,728,0,2,32.16,28
Thu Apr 02 13:00:07 GMT+03:00 2026,02-apr.-2026 13:00:07.225,4.3952131271362305,11.300000190734863,84.1,82.9800033569336,-0.08,1.83,9.76,0.03,16.86,0,-,8,16.49,34.81,88,7.52,20.39,1442.75,0.02,84.1,12,10.09,17,12.62,12.78,-,-,46.05,0,53.95,730,15.82,12,27.06,8
Thu Apr 02 13:00:08 GMT+03:00 2026,02-apr.-2026 13:00:09.092,4.698899269104004,11.300000190734863,84.0,83.77999877929688,-0.29,3.72,8.98,0.01,58.04,0.05,-,8,16.49,34.81,88,5.12,14.9,1291.5,0.01,84,1.18,6.87,17,3.19,4.11,-,-,46.2,0,53.8,732,16.92,17,39.22,5.5
Thu Apr 02 13:00:10 GMT+03:00 2026,02-apr.-2026 13:00:10.906,7.505679607391357,11.399999618530273,83.5,83.0999984741211,-0.02,2.53,9.67,0.04,29.41,0.01,-,8,16.52,34.81,88,17.61,16.08,1960,0.03,83.5,5.94,23.62,17,13.78,21.5,-,-,46.34,0,53.66,734,27.02,28,30.59,17.5
Thu Apr 02 13:00:12 GMT+03:00 2026,02-apr.-2026 13:00:12.615,8.54696273803711,11.399999618530273,83.1,80.31999969482422,0.02,2.56,10.47,0.12,27.84,0.09,-,8,16.56,34.81,88,3.62,10.59,2225.25,0.01,83.1,0.23,4.86,17,4.64,7.54,-,-,46.47,0,53.53,735,30.77,30,27.84,23
Thu Apr 02 13:00:14 GMT+03:00 2026,02-apr.-2026 13:00:14.356,9.896049499511719,11.399999618530273,82.2,79.30999755859375,0.28,2.25,8.91,-0.04,30.98,0,-,8,16.6,34.81,88,8.85,21.96,2420.75,0.03,82.2,1.58,11.87,17,10.3,19.58,-,-,46.6,0,53.4,737,35.63,34,32.94,16.5
Thu Apr 02 13:00:15 GMT+03:00 2026,02-apr.-2026 13:00:16.036,10.376285552978516,11.399999618530273,81.7,80.83999633789062,0.29,1.98,9.15,-0.03,20,0,-,8,16.65,34.81,88,9.37,5.1,2300.5,0.01,81.7,2.37,12.57,17,3.92,6.29,-,-,46.73,0,53.27,739,37.35,38,25.1,34
Thu Apr 02 13:00:17 GMT+03:00 2026,02-apr.-2026 13:00:17.811,10.403565406799316,11.399999618530273,79.9,82.91000366210938,-0.13,1.39,9.51,-0,13.33,0.02,-,8,16.7,34.81,87,9.37,3.92,1711.5,0.01,79.9,0.65,12.57,17,4.93,5.16,-,-,46.87,0,53.13,741,37.45,38,9.02,26.5
Thu Apr 02 13:00:19 GMT+03:00 2026,02-apr.-2026 13:00:19.614,9.675233840942383,11.399999618530273,78.0,83.36000061035156,0.3,1.52,9.61,0.01,13.33,0.04,-,8,16.74,34.81,88,-,3.14,1657.75,0,78,2.78,-,17,2.76,3.19,-,-,47.01,0,52.99,742,34.83,34,9.02,26
Thu Apr 02 13:00:21 GMT+03:00 2026,02-apr.-2026 13:00:21.473,7.640536785125732,11.399999618530273,78.0,86.25,-0.1,1.38,9.88,0.04,13.73,0,-,8,16.78,34.81,88,-,3.53,1422,0,78,0.42,-,17,3.19,3.25,-,-,47.15,0,52.85,744,27.51,30,9.41,24.5
Thu Apr 02 13:00:23 GMT+03:00 2026,02-apr.-2026 13:00:23.183,7.456780910491943,11.399999618530273,78.5,88.52999877929688,0.15,2.35,9.77,0.04,26.27,-0.02,-,8,16.8,34.81,88,-,6.27,1362,0,78.5,0.51,-,17,3.48,3.56,-,-,47.27,0,52.73,746,26.84,27,24.71,18
Thu Apr 02 13:00:24 GMT+03:00 2026,02-apr.-2026 13:00:24.929,8.14702320098877,11.399999618530273,79.0,88.54000091552734,0.08,1.83,9.41,-0,22.35,-0.02,-,8,16.83,34.81,88,5.47,8.24,1410,0.01,79,3.16,7.33,17,10.01,10.13,-,-,47.4,0,52.6,748,29.33,30,9.02,9.5
Thu Apr 02 13:00:26 GMT+03:00 2026,02-apr.-2026 13:00:26.609,8.117684364318848,11.399999618530273,78.4,83.29000091552734,0.39,1.93,9.82,0.04,13.33,0,-,8,16.86,34.81,88,5.47,7.45,1450.5,0.01,78.4,1.79,7.33,17,6.53,6.58,-,-,47.53,0,52.47,749,29.22,30,9.8,10
Thu Apr 02 13:00:28 GMT+03:00 2026,02-apr.-2026 13:00:28.292,7.50825309753418,11.399999618530273,78.80000000000001,86.4000015258789,0.45,1.87,9.61,0.02,23.92,0,-,8,16.89,34.81,88,-,3.14,1416,0,78.8,0.31,-,17,3.19,3.28,-,-,47.66,0,52.34,751,27.03,29,7.84,7.5
Thu Apr 02 13:00:29 GMT+03:00 2026,02-apr.-2026 13:00:30.058,7.646198749542236,11.399999618530273,79.1,88.76000213623047,-0.06,2.94,8.76,-0.04,30.98,0.01,-,8,16.92,34.81,88,-,11.37,1432,0.01,79.1,0.97,-,17,8.85,8.21,-,-,47.79,0,52.21,753,27.53,28,31.37,11.5
Thu Apr 02 13:00:31 GMT+03:00 2026,02-apr.-2026 13:00:31.901,9.24647045135498,11.399999618530273,77.9,77.58000183105469,-0.03,2.34,9.11,-0.02,25.88,-0.04,-,8,16.96,34.81,88,12.56,18.82,1598.25,0.02,77.9,3.77,16.84,17,12.18,15.65,-,-,47.92,0,52.08,755,33.29,34,25.88,-1
Thu Apr 02 13:00:33 GMT+03:00 2026,02-apr.-2026 13:00:33.732,10.242972373962402,11.399999618530273,76.0,79.37000274658203,1.48,2.64,9.17,0,29.8,-0.01,-,8,17.01,34.81,88,8.85,8.24,1790.75,0.01,76,2.84,11.87,16,7.25,8.39,-,-,48.05,0,51.95,757,36.87,38,26.27,23.5
Thu Apr 02 13:00:35 GMT+03:00 2026,02-apr.-2026 13:00:35.485,10.889978408813477,11.399999618530273,76.2,87.30000305175781,-0.21,1.95,9.44,0,13.73,-0.05,-,8,17.07,34.81,88,9.88,10.59,1991.25,0.03,76.2,2.9,13.25,16,11.31,20.98,-,-,48.18,0,51.82,758,39.2,42,9.8,20.5
Thu Apr 02 13:00:37 GMT+03:00 2026,02-apr.-2026 13:00:37.166,11.34859561920166,11.399999618530273,81.9,85.52999877929688,-0.14,1.53,9.32,-0.02,12.55,-0.03,-,8,17.13,34.81,88,9.88,3.14,1101.5,0,81.9,2.15,13.25,16,4.21,3.27,-,-,48.3,0,51.7,760,40.85,42,8.24,8.5
Thu Apr 02 13:00:38 GMT+03:00 2026,02-apr.-2026 13:00:38.889,10.478714942932129,11.399999618530273,81.5,85.4800033569336,0.27,0.54,9.81,0.02,12.16,0.03,-,8,17.18,34.81,87,-,2.75,920.5,0,81.5,1.85,-,16,4.21,2.79,-,-,48.43,0,51.57,762,37.72,39,7.45,10.5
Thu Apr 02 13:00:40 GMT+03:00 2026,02-apr.-2026 13:00:40.599,8.547476768493652,11.399999618530273,80.5,89.3499984741211,2.47,0.6,9.49,0.02,12.16,0,-,8,17.21,34.81,87,-,2.75,818.75,0,80.5,3.03,-,16,4.35,2.62,-,-,48.55,0,51.45,763,30.77,32,7.06,13
Thu Apr 02 13:00:42 GMT+03:00 2026,02-apr.-2026 13:00:42.272,5.846729755401611,11.5,79.6,120.0,0.63,-0.42,10.26,0.07,12.16,0.04,-,8,17.23,34.81,87,-,2.75,799,0,79.6,0.63,-,16,4.93,2.83,-,-,48.67,0,51.33,765,21.05,25,7.06,7.5
Thu Apr 02 13:00:43 GMT+03:00 2026,02-apr.-2026 13:00:44.079,4.104909896850586,11.600000381469727,78.7,128.25,0.14,0.17,9.8,0.02,11.76,0,-,8,17.22,34.81,87,-,2.75,768.25,0,78.7,9.05,-,16,4.79,2.63,-,-,48.8,0,51.2,767,14.78,12,6.67,8.5
Thu Apr 02 13:00:45 GMT+03:00 2026,02-apr.-2026 13:00:45.850,0.0,11.699999809265137,78.0,128.8000030517578,0.21,1.48,9.61,0.01,11.76,0,-,8,17.18,34.81,87,-,2.75,780.75,0,78,7.28,-,16,4.79,2.72,-,-,48.76,0,51.24,769,0,1,6.67,4
Thu Apr 02 13:00:47 GMT+03:00 2026,02-apr.-2026 13:00:47.646,0.0,2.5,77.80000000000001,134.9199981689453,0.19,1.76,9.61,0.02,11.76,0,-,8,17.14,34.81,87,-,2.75,769,0,77.8,0,-,16,4.79,2.6,-,-,48.64,0,51.36,771,0,0,6.67,8
Thu Apr 02 13:00:49 GMT+03:00 2026,02-apr.-2026 13:00:49.321,0.0,2.4000000953674316,77.80000000000001,134.9199981689453,0.18,1.34,9.73,0.02,12.16,0,-,8,17.1,34.81,87,-,2.75,775.5,0,77.8,0,-,16,4.93,2.71,-,-,48.52,0,51.48,772,0,0,7.06,8
Thu Apr 02 13:00:50 GMT+03:00 2026,02-apr.-2026 13:00:51.025,0.0,2.4000000953674316,77.80000000000001,134.9199981689453,0.22,1.74,9.54,0.01,12.16,-0.01,-,8,17.06,34.81,87,-,2.75,790,0,77.8,0,-,16,4.93,2.87,-,-,48.41,0,51.59,774,0,0,7.06,3.5
Thu Apr 02 13:00:52 GMT+03:00 2026,02-apr.-2026 13:00:52.801,0.0,2.200000047683716,77.80000000000001,134.9199981689453,0.2,1.72,9.55,0.01,12.16,-0.01,-,8,17.02,34.81,87,-,2.75,781.25,0,77.8,0,-,16,4.79,2.72,-,-,48.29,0,51.71,776,0,0,7.06,8.5
Thu Apr 02 13:00:54 GMT+03:00 2026,02-apr.-2026 13:00:54.499,0.0,2.0999999046325684,77.80000000000001,134.9199981689453,0.22,1.71,9.56,0.01,12.16,0,-,8,16.98,34.81,87,-,2.75,775.75,0,77.8,0,-,16,4.79,2.72,-,-,48.18,0,51.82,777,0,0,7.45,8
Thu Apr 02 13:00:56 GMT+03:00 2026,02-apr.-2026 13:00:56.214,0.0,11.300000190734863,77.80000000000001,128.99000549316406,0.21,1.68,9.61,0.01,12.16,0,-,8,16.94,34.81,87,-,2.75,790.25,0,77.8,0,-,16,4.79,2.67,-,-,48.07,0,51.93,779,0,0,7.45,6.5
Thu Apr 02 13:00:57 GMT+03:00 2026,02-apr.-2026 13:00:57.976,0.0,11.300000190734863,77.80000000000001,128.97999572753906,0.19,1.75,9.64,0.02,12.16,-0.01,-,8,16.91,34.81,87,-,2.75,791.25,0,77.8,0,-,16,4.79,2.73,-,-,47.95,0,52.05,781,0,0,7.45,4
Thu Apr 02 13:00:59 GMT+03:00 2026,02-apr.-2026 13:00:59.717,0.0,11.300000190734863,77.80000000000001,129.00999450683594,0.22,1.75,9.56,0.01,12.16,0,-,8,16.87,34.81,87,-,2.75,790,0,77.8,0,-,17,4.79,2.71,-,-,47.84,0,52.16,783,0,0,7.45,3.5
Thu Apr 02 13:01:01 GMT+03:00 2026,02-apr.-2026 13:01:01.378,0.0,11.300000190734863,77.80000000000001,129.02000427246094,0.23,1.71,9.6,0.01,12.16,0,-,8,16.83,34.81,87,-,2.75,788.5,0,77.8,0,-,17,4.93,2.77,-,-,47.73,0,52.27,784,0,0,7.45,4
Thu Apr 02 13:01:02 GMT+03:00 2026,02-apr.-2026 13:01:03.077,0.0,11.300000190734863,77.80000000000001,129.02000427246094,0.24,1.74,9.52,0.01,12.16,0,-,8,16.79,34.81,87,-,2.75,788.25,0,77.8,0,-,17,4.79,2.67,-,-,47.63,0,52.37,786,0,0,7.45,4
Thu Apr 02 13:01:04 GMT+03:00 2026,02-apr.-2026 13:01:04.839,0.0,11.300000190734863,77.80000000000001,129.05999755859375,0.2,1.66,9.59,0.01,12.16,0,-,8,16.75,34.81,87,-,2.75,791.75,0,77.8,0,-,17,4.79,2.76,-,-,47.51,0,52.49,788,0,0,7.45,4
Thu Apr 02 13:01:06 GMT+03:00 2026,02-apr.-2026 13:01:06.502,0.0,11.300000190734863,77.80000000000001,129.07000732421875,0.21,1.68,9.57,0.01,12.16,0,-,8,16.71,34.81,87,-,2.75,794.5,0,77.8,0,-,17,4.79,2.68,-,-,47.41,0,52.59,789,0,0,7.45,7
Thu Apr 02 13:01:08 GMT+03:00 2026,02-apr.-2026 13:01:08.304,0.0,11.300000190734863,77.80000000000001,129.00999450683594,0.28,1.89,9.52,0.01,12.16,0,-,8,16.68,34.81,87,-,2.75,783,0,77.8,0,-,17,4.79,2.65,-,-,47.29,0,52.71,791,0,0,7.06,4.5
Thu Apr 02 13:01:10 GMT+03:00 2026,02-apr.-2026 13:01:10.166,0.0,11.300000190734863,77.80000000000001,129.02999877929688,0.11,3.53,9.46,0.05,34.51,0.01,-,8,16.64,34.81,87,-,12.94,939.25,0.01,77.8,0,-,17,5.66,9.03,-,-,47.17,0,52.83,793,0,0,25.88,15
Thu Apr 02 13:01:11 GMT+03:00 2026,02-apr.-2026 13:01:11.871,0.0,11.300000190734863,79.9,129.55999755859375,-1.81,2.77,9.91,0.08,14.9,0.06,-,8,16.63,34.81,87,8.4,23.14,1477.5,0.01,79.9,12,11.27,16,10.73,9.25,-,-,47.22,0,52.78,795,0,12,12.94,6.5
Thu Apr 02 13:01:13 GMT+03:00 2026,02-apr.-2026 13:01:13.573,5.341787338256836,11.399999618530273,80.1,106.47000122070312,-3.37,3.38,9.05,0.06,54.9,0.08,-,8,16.63,34.81,87,4.25,15.69,1319.25,0.01,80.1,1.42,5.69,16,7.69,6.78,-,-,47.34,0,52.66,796,19.23,16,37.25,10.5
Thu Apr 02 13:01:15 GMT+03:00 2026,02-apr.-2026 13:01:15.367,7.276628017425537,11.399999618530273,80.2,50.060001373291016,0.49,3.65,9.14,0.02,69.41,0.01,-,8,16.64,34.81,87,13.9,27.45,1862.75,0.03,80.2,2.32,18.64,16,14.21,22.15,-,-,47.46,0,52.54,798,26.2,25,55.69,5.5
Thu Apr 02 13:01:16 GMT+03:00 2026,02-apr.-2026 13:01:17.094,8.607699394226074,11.399999618530273,80.2,43.66999816894531,-0.19,3.05,9.28,0.01,39.61,-0.01,-,8,16.69,34.81,86,27.76,8.24,2557.75,0.04,80.2,10.8,37.22,15,13.92,30.52,-,-,47.58,0,52.42,800,30.99,37,15.69,24
Thu Apr 02 13:01:18 GMT+03:00 2026,02-apr.-2026 13:01:18.747,11.311020851135254,11.399999618530273,79.80000000000001,42.900001525878906,-0.17,2.76,8.61,-0.06,34.51,-0.07,-,8,16.74,34.66,86,10.03,24.31,1949,0.03,79.8,4.74,13.45,15,13.34,22.17,-,-,47.7,0,52.3,802,40.72,41,38.43,8
Thu Apr 02 13:01:20 GMT+03:00 2026,02-apr.-2026 13:01:20.488,12.612238883972168,11.399999618530273,80.2,44.040000915527344,0.11,1.37,10.17,0.06,14.12,0.02,-,8,16.81,34.66,86,18.08,9.02,2214.75,0.02,80.2,2.24,24.24,15,12.04,15.61,-,-,47.82,0,52.18,803,45.4,47,12.16,1.5
Thu Apr 02 13:01:22 GMT+03:00 2026,02-apr.-2026 13:01:22.325,12.472748756408691,11.399999618530273,80.1,45.150001525878906,0.03,2.25,10.01,0.06,25.1,0,-,8,16.88,34.66,86,18.08,8.24,2182.5,0.01,80.1,0.68,24.24,15,2.76,4.5,-,-,47.94,0,52.06,805,44.9,45,25.1,24.5
Thu Apr 02 13:01:23 GMT+03:00 2026,02-apr.-2026 13:01:24.075,12.632827758789062,11.399999618530273,80.5,44.599998474121094,-0.18,1.96,8.99,-0.04,19.22,0,-,8,16.94,34.66,86,2.77,12.55,2180,0.01,80.5,1.1,3.71,15,7.11,10.85,-,-,48.06,0,51.94,807,45.48,46,26.67,23
Thu Apr 02 13:01:25 GMT+03:00 2026,02-apr.-2026 13:01:25.793,12.652386665344238,11.399999618530273,80.4,43.77000045776367,0.03,1.41,9.68,0.02,13.33,0,-,8,17,34.66,86,2.77,3.53,1689.75,0.01,80.4,0.24,3.71,15,3.63,4.6,-,-,48.18,0,51.82,809,45.55,46,11.37,23.5
Thu Apr 02 13:01:28 GMT+03:00 2026,02-apr.-2026 13:01:28.172,10.262531280517578,11.399999618530273,80.4,42.560001373291016,0.13,1.64,9.05,-0.04,12.55,-0.03,-,8,17.06,34.66,86,-,3.14,1022.75,0,80.4,1.12,-,15,4.06,2.98,-,-,48.34,0,51.66,811,36.95,43,8.24,3.5
Thu Apr 02 13:01:30 GMT+03:00 2026,02-apr.-2026 13:01:30.827,9.899137496948242,11.399999618530273,80.5,44.65999984741211,0.5,2.43,9.22,-0.01,30.2,-0.02,-,8,17.1,34.66,86,-,12.16,2116,0.01,80.5,0.24,-,15,9.14,8.92,-,-,48.52,0,51.48,814,35.64,36,30.2,25
Thu Apr 02 13:01:33 GMT+03:00 2026,02-apr.-2026 13:01:33.324,11.553969383239746,11.399999618530273,79.80000000000001,55.189998626708984,-0.5,2.38,9.63,0.03,26.67,-0.01,-,8,17.16,34.66,86,-,24.71,2959.5,0.03,79.8,4.3,-,15,9.14,23.6,-,-,48.68,0,51.32,816,41.59,42,17.65,23.5
Thu Apr 02 13:01:35 GMT+03:00 2026,02-apr.-2026 13:01:35.985,12.126340866088867,11.399999618530273,78.80000000000001,55.810001373291016,-0.08,0.01,9.75,0.01,13.73,-0.01,-,8,17.22,34.66,86,-,5.49,2115,0.02,78.8,1.79,-,14,10.44,11.74,-,-,48.86,0,51.14,819,43.65,45,9.41,22.5
Thu Apr 02 13:01:38 GMT+03:00 2026,02-apr.-2026 13:01:38.627,8.411075592041016,11.399999618530273,76.9,55.66999816894531,-0.35,-0.19,9.69,0.01,12.94,0.02,-,8,17.25,34.66,86,-,3.14,1131.25,0,76.9,9.61,-,14,4.06,3.48,-,-,49.03,0,50.97,822,30.28,31,8.24,5.5
Thu Apr 02 13:01:40 GMT+03:00 2026,02-apr.-2026 13:01:40.572,2.967888355255127,11.399999618530273,77.0,55.59000015258789,-0.04,0.93,9.86,0.03,12.16,0,-,8,17.23,34.66,86,-,2.75,849,0,77,7.79,-,14,4.35,2.73,-,-,49.16,0,50.84,824,10.68,9,7.45,6
Thu Apr 02 13:01:42 GMT+03:00 2026,02-apr.-2026 13:01:42.339,0.0,11.5,76.80000000000001,55.619998931884766,0.02,1.6,9.62,0.01,12.16,0,-,8,17.2,34.66,86,-,2.75,799,0,76.8,2.7,-,15,4.64,2.75,-,-,49.12,0,50.88,825,0,1,7.45,4.5
Thu Apr 02 13:01:43 GMT+03:00 2026,02-apr.-2026 13:01:44.114,0.0,11.699999809265137,76.6,55.61000061035156,0.03,1.82,9.62,0.02,12.16,0,-,8,17.16,34.66,86,-,2.75,774.75,0,76.6,0,-,15,4.79,2.67,-,-,49.01,0,50.99,827,0,0,7.06,4.5
Thu Apr 02 13:01:45 GMT+03:00 2026,02-apr.-2026 13:01:45.905,0.0,12.199999809265137,76.9,55.619998931884766,0.04,1.85,9.55,0.01,12.16,0,-,8,17.12,34.66,86,-,2.75,787.5,0,76.9,0,-,15,4.79,2.77,-,-,48.9,0,51.1,829,0,0,7.06,4.5
Thu Apr 02 13:01:47 GMT+03:00 2026,02-apr.-2026 13:01:47.762,0.0,11.300000190734863,76.9,55.7400016784668,-0.01,1.89,9.54,0.01,12.16,-0.01,-,8,17.08,34.66,86,-,2.75,795.25,0,76.9,0,-,15,4.79,2.72,-,-,48.78,0,51.22,831,0,0,7.06,4.5
Thu Apr 02 13:01:49 GMT+03:00 2026,02-apr.-2026 13:01:49.525,0.0,11.300000190734863,76.9,55.7599983215332,0.1,2.7,9.43,0.02,21.96,0,-,8,17.05,34.66,86,-,4.31,784.75,0,76.9,0,-,15,4.79,2.71,-,-,48.68,0,51.32,832,0,0,20.39,13
Thu Apr 02 13:01:51 GMT+03:00 2026,02-apr.-2026 13:01:51.379,0.0,11.300000190734863,76.9,55.7599983215332,0.14,3.33,9.34,0.03,25.88,-0.01,-,8,17.02,34.66,86,1.5,7.45,1034.75,0.01,76.9,5,2.01,15,6.24,4.57,-,-,48.56,0,51.44,834,0,5,21.18,12
Thu Apr 02 13:01:52 GMT+03:00 2026,02-apr.-2026 13:01:53.105,2.892224073410034,11.300000190734863,76.4,55.72999954223633,-0.14,3.62,8.87,-0,32.16,0.03,-,8,17.01,34.66,86,6.33,17.65,1597.5,0.02,76.4,13,8.49,15,10.01,11.35,-,-,48.61,0,51.39,836,10.41,13,35.29,10.5
Thu Apr 02 13:01:54 GMT+03:00 2026,02-apr.-2026 13:01:54.945,6.339318752288818,11.300000190734863,75.9,56.54999923706055,-0.08,4.12,8.96,0.02,37.65,0,-,8,17.03,34.66,86,18.24,6.67,2825.75,0.01,75.9,8.23,24.46,14,7.54,11.16,-,-,48.73,0,51.27,838,22.82,25,31.76,23.5
Thu Apr 02 13:01:56 GMT+03:00 2026,02-apr.-2026 13:01:56.674,8.842927932739258,11.399999618530273,75.6,56.5,0.03,1.83,9.39,-0.01,16.47,0.02,-,8,17.06,34.66,86,16.09,34.12,2303.25,0.04,75.6,6.16,21.58,14,14.07,28.23,-,-,48.84,0,51.16,840,31.83,33,17.65,15
Thu Apr 02 13:01:58 GMT+03:00 2026,02-apr.-2026 13:01:58.432,9.716926574707031,11.399999618530273,75.4,57.06999969482422,-0.09,3.2,9.26,0.02,36.47,-0.02,-,8,17.1,34.66,86,4.32,3.53,1297.75,0,75.4,0.13,5.79,14,3.19,3.48,-,-,48.95,0,51.05,841,34.98,35,41.18,0
Thu Apr 02 13:02:00 GMT+03:00 2026,02-apr.-2026 13:02:00.203,10.636734962463379,11.399999618530273,77.6,56.459999084472656,-0.79,0.63,9.75,0.02,14.9,-0.03,-,8,17.15,34.66,86,11.98,7.06,1875.75,0.03,77.6,5.02,16.07,14,14.07,23.41,-,-,49.07,0,50.93,843,38.29,40,10.59,24
Thu Apr 02 13:02:01 GMT+03:00 2026,02-apr.-2026 13:02:01.887,9.875975608825684,11.399999618530273,77.30000000000001,53.650001525878906,-3.84,1.21,9.86,0.11,12.55,0.08,-,8,17.19,34.66,86,11.98,3.92,1609.25,0.01,77.3,2.29,16.07,14,3.77,3.75,-,-,49.17,0,50.83,845,35.55,36,8.24,5
Thu Apr 02 13:02:03 GMT+03:00 2026,02-apr.-2026 13:02:03.646,8.073417663574219,11.399999618530273,77.5,11.670000076293945,-2.6,1.62,9.63,0.05,20,0,-,8,17.21,34.66,86,-,3.53,2143.75,0,77.5,3.82,-,14,2.32,3.39,-,-,49.28,0,50.72,847,29.06,28,13.73,4.5
Thu Apr 02 13:02:05 GMT+03:00 2026,02-apr.-2026 13:02:05.334,7.012575626373291,11.399999618530273,79.4,329.4800109863281,-0.72,3.01,9.15,0,30.59,0,-,8,17.23,34.66,86,-,7.45,1941.75,0.01,79.4,2.04,-,14,3.63,4.61,-,-,49.39,0,50.61,848,25.25,25,29.8,14.5
Thu Apr 02 13:02:06 GMT+03:00 2026,02-apr.-2026 13:02:07.084,7.39501428604126,11.399999618530273,79.0,320.7799987792969,-0.28,1.91,9.25,-0.02,21.18,-0.01,-,8,17.26,34.66,86,7.05,4.71,1975.5,0.01,79,3.75,9.45,14,5.8,6.88,-,-,49.5,0,50.5,850,26.62,29,9.41,15
Thu Apr 02 13:02:08 GMT+03:00 2026,02-apr.-2026 13:02:08.896,7.417662143707275,11.399999618530273,77.5,318.7799987792969,0.46,3.55,8.69,-0.02,40,0,-,8,17.27,34.66,86,7.05,14.12,1809.75,0.01,77.5,0.18,9.45,14,6.09,9.31,-,-,49.61,0,50.39,852,26.7,26,41.57,16.5
Thu Apr 02 13:02:10 GMT+03:00 2026,02-apr.-2026 13:02:10.764,9.362282752990723,11.399999618530273,75.5,325.2799987792969,-0.51,2.81,9.67,0.05,29.41,0,-,8,17.31,34.66,86,21.08,30.98,2503.25,0.04,75.5,6.78,28.27,14,12.91,27.54,-,-,49.73,0,50.27,854,33.7,36,33.73,10.5
Thu Apr 02 13:02:12 GMT+03:00 2026,02-apr.-2026 13:02:12.526,11.084028244018555,11.399999618530273,75.7,324.07000732421875,-0.27,1.9,9.32,-0.01,15.29,0,-,8,17.36,34.66,86,12.04,12.55,2948,0.03,75.7,3.03,16.14,14,8.27,20.59,-,-,49.84,0,50.16,855,39.9,41,18.04,24
Thu Apr 02 13:02:14 GMT+03:00 2026,02-apr.-2026 13:02:14.215,9.62582015991211,11.399999618530273,77.1,321.2300109863281,-0.32,1.17,9.89,0.03,12.94,0.02,-,8,17.41,34.66,86,12.04,3.53,1285.75,0,77.1,1.04,16.14,14,3.05,3.29,-,-,49.94,0,50.06,857,34.65,38,9.41,11
Thu Apr 02 13:02:15 GMT+03:00 2026,02-apr.-2026 13:02:15.971,8.521225929260254,11.399999618530273,77.4,320.3900146484375,-0.31,3.44,9.7,0.07,32.55,-0.04,-,8,17.43,34.66,85,-,3.14,1005.25,0,77.4,4.65,-,14,3.92,2.92,-,-,50.05,0,49.95,859,30.68,30,37.65,14.5
Thu Apr 02 13:02:17 GMT+03:00 2026,02-apr.-2026 13:02:17.571,9.008667945861816,11.399999618530273,78.6,320.1700134277344,-0.26,2.99,10.13,0.1,59.61,0.01,-,8,17.46,34.81,85,3.96,20.39,1580.75,0.02,78.6,2.33,5.3,14,13.34,16.93,-,-,50.15,0,49.85,861,32.43,32,69.8,3
Thu Apr 02 13:02:19 GMT+03:00 2026,02-apr.-2026 13:02:19.343,10.906964302062988,11.399999618530273,78.2,321.2799987792969,-0.2,3.26,10.8,0.17,64.31,0.06,-,8,17.51,34.81,86,14.47,25.49,1801.75,0.03,78.2,2.33,19.41,14,14.21,22.32,-,-,50.26,0,49.74,862,39.27,38,76.08,4
Thu Apr 02 13:02:21 GMT+03:00 2026,02-apr.-2026 13:02:21.171,11.360434532165527,11.399999618530273,76.80000000000001,320.5,-0.52,1.17,9.82,0.03,13.73,0,-,8,17.56,34.81,86,10.36,4.71,1918.75,0.01,76.8,2.73,13.89,14,6.82,8.33,-,-,50.37,0,49.63,864,40.9,42,9.41,26
Thu Apr 02 13:02:22 GMT+03:00 2026,02-apr.-2026 13:02:23.002,10.200764656066895,11.399999618530273,76.6,319.6600036621094,-0.19,1.77,9.81,0.04,14.12,-0.01,-,8,17.59,34.81,86,10.36,3.53,1718.5,0,76.6,5.9,13.89,14,2.9,3.55,-,-,50.48,0,49.52,866,36.72,35,9.8,26.5
Thu Apr 02 13:02:24 GMT+03:00 2026,02-apr.-2026 13:02:24.766,8.407472610473633,11.399999618530273,76.1,320.260009765625,-0.14,2.47,9.45,0.01,25.88,0.11,-,8,17.62,34.81,86,-,3.92,1039.25,0,76.1,3.38,-,14,3.48,3.08,-,-,50.58,0,49.42,868,30.27,30,25.49,2
Thu Apr 02 13:02:26 GMT+03:00 2026,02-apr.-2026 13:02:26.518,8.63343620300293,11.399999618530273,76.80000000000001,320.9800109863281,-0.17,2.21,9.42,0.01,29.8,-0.01,-,8,17.65,34.81,86,1.91,20.39,2162.5,0.02,76.8,2.19,2.56,14,8.41,17.09,-,-,50.69,0,49.31,869,31.08,31,36.08,12
Thu Apr 02 13:02:28 GMT+03:00 2026,02-apr.-2026 13:02:28.308,8.67306900024414,11.399999618530273,77.4,320.4599914550781,-0.36,1.34,8.98,-0.05,13.73,0.01,-,8,17.68,34.81,86,6.18,5.1,2516.5,0.01,77.4,0.31,8.29,14,4.21,6.51,-,-,50.8,0,49.2,871,31.22,34,9.8,27.5
Thu Apr 02 13:02:29 GMT+03:00 2026,02-apr.-2026 13:02:30.002,8.195921897888184,11.399999618530273,78.1,320.1300048828125,-0.26,1.97,9.4,-0,17.25,-0.01,-,8,17.71,34.81,86,6.18,3.92,2134,0,78.1,2.22,8.29,14,2.61,3.72,-,-,50.9,0,49.1,873,29.51,29,9.02,28
Thu Apr 02 13:02:31 GMT+03:00 2026,02-apr.-2026 13:02:31.732,7.524724006652832,11.399999618530273,78.2,320.70001220703125,-0.08,2.23,9.09,-0.03,24.31,-0.03,-,8,17.72,34.81,86,-,7.06,1898.5,0.01,78.2,1.74,-,14,4.5,4.79,-,-,51,0,49,875,27.09,26,21.57,25
Thu Apr 02 13:02:33 GMT+03:00 2026,02-apr.-2026 13:02:33.500,7.212802410125732,11.399999618530273,79.2,320.8900146484375,-0.2,1.71,8.82,-0.07,24.71,-0.04,-,8,17.74,34.81,86,-,10.98,1918.75,0.01,79.2,0.14,-,14,6.96,9.23,-,-,51.1,0,48.9,876,25.97,26,26.27,23
Thu Apr 02 13:02:35 GMT+03:00 2026,02-apr.-2026 13:02:35.275,7.444427490234375,11.399999618530273,78.0,320.6700134277344,0.04,1.79,9.94,0.05,17.65,-0.01,-,8,17.76,34.81,86,1.62,8.24,1975.5,0.01,78,0.3,2.18,14,5.51,7.64,-,-,51.21,0,48.79,878,26.8,27,21.57,24.5
Thu Apr 02 13:02:37 GMT+03:00 2026,02-apr.-2026 13:02:37.172,6.177696228027344,11.399999618530273,77.30000000000001,324.6400146484375,0.17,0.61,10.11,0.05,14.12,0.02,-,8,17.77,34.81,86,1.62,3.53,1807,0.01,77.3,1.8,2.18,14,3.34,4.08,-,-,51.32,0,48.68,880,22.24,25,9.41,28
Thu Apr 02 13:02:38 GMT+03:00 2026,02-apr.-2026 13:02:38.882,4.810079097747803,11.399999618530273,77.5,328.29998779296875,0.33,0.73,9.93,0.03,12.94,-0.02,-,8,17.77,34.81,85,-,3.14,1150.5,0,77.5,5.24,-,14,4.06,3.35,-,-,51.42,0,48.58,882,17.32,17,8.63,7
Thu Apr 02 13:02:40 GMT+03:00 2026,02-apr.-2026 13:02:40.615,2.7851619720458984,11.399999618530273,78.2,335.17999267578125,0.04,1.37,9.75,0.02,12.55,-0.01,-,8,17.76,34.81,85,-,2.75,925,0,78.2,2.99,-,14,4.21,2.82,-,-,51.52,0,48.48,884,10.03,11,7.84,8.5
Thu Apr 02 13:02:42 GMT+03:00 2026,02-apr.-2026 13:02:42.402,1.1395950317382812,11.399999618530273,77.4,340.7699890136719,-0.19,1.89,9.49,0.01,12.16,-0.01,-,8,17.73,34.81,85,-,2.75,845.5,0,77.4,1.46,-,14,4.64,2.83,-,-,51.62,0,48.38,885,4.1,6,7.45,5.5
Thu Apr 02 13:02:43 GMT+03:00 2026,02-apr.-2026 13:02:44.128,0.0,11.5,77.4,342.1199951171875,-0.23,1.41,9.66,0.01,12.16,-0.01,-,8,17.7,34.81,85,-,2.75,817.75,0,77.4,2.1,-,14,4.79,2.77,-,-,51.58,0,48.42,887,0,2,6.67,2.5
Thu Apr 02 13:02:45 GMT+03:00 2026,02-apr.-2026 13:02:45.958,0.0,11.800000190734863,77.1,343.4200134277344,-0.23,2.17,9.55,0.02,12.16,0,-,8,17.67,34.81,86,-,2.75,800,0,77.1,0,-,14,4.79,2.78,-,-,51.47,0,48.53,889,0,0,7.06,4.5
Thu Apr 02 13:02:47 GMT+03:00 2026,02-apr.-2026 13:02:47.761,0.0,2.4000000953674316,77.1,336.1400146484375,-0.17,2.16,9.31,-0.01,15.29,0,-,8,17.63,34.81,86,-,6.67,948.5,0,77.1,0,-,14,4.93,3.56,-,-,51.36,0,48.64,891,0,0,12.55,-11
Thu Apr 02 13:02:49 GMT+03:00 2026,02-apr.-2026 13:02:49.539,0.0,2.200000047683716,77.1,336.1400146484375,-0.2,2.07,9.45,0.01,12.94,0,-,8,17.59,34.81,86,-,3.14,1119.25,0,77.1,0,-,14,4.35,3.41,-,-,51.25,0,48.75,893,0,0,9.02,6
Thu Apr 02 13:02:51 GMT+03:00 2026,02-apr.-2026 13:02:51.176,0.0,11.300000190734863,77.1,343.4100036621094,-0.17,2.24,9.47,0.01,12.55,0,-,8,17.56,34.81,86,-,2.75,918.75,0,77.1,0,-,14,4.21,2.79,-,-,51.15,0,48.85,894,0,0,7.84,8
Thu Apr 02 13:02:52 GMT+03:00 2026,02-apr.-2026 13:02:52.938,0.0,11.300000190734863,77.1,343.4100036621094,-0.23,2.76,9.23,0,28.24,0,-,8,17.52,34.81,86,-,2.75,840.25,0,77.1,0,-,14,4.35,2.63,-,-,51.05,0,48.95,896,0,0,7.45,3.5
Thu Apr 02 13:02:54 GMT+03:00 2026,02-apr.-2026 13:02:54.708,0.0,11.300000190734863,77.1,343.69000244140625,-0.16,1.97,9.51,0,14.12,-0.01,-,8,17.49,34.81,86,0.06,9.8,1934.75,0.01,77.1,1,0.08,14,8.12,10.57,-,-,50.94,0,49.06,898,0,1,11.76,26.5
Thu Apr 02 13:02:56 GMT+03:00 2026,02-apr.-2026 13:02:56.465,0.0,11.300000190734863,77.1,346.6099853515625,-0.1,1.71,9.68,0.02,12.94,0,-,8,17.46,34.81,86,0.72,3.53,1095,0,77.1,4,0.97,14,4.5,3.43,-,-,50.84,0,49.16,899,0,4,9.02,2.5
Thu Apr 02 13:02:58 GMT+03:00 2026,02-apr.-2026 13:02:58.243,0.0,11.300000190734863,77.1,347.0400085449219,0.03,4.37,8.93,0.03,28.24,0.02,-,8,17.43,34.81,86,0.72,3.14,928.5,0,77.1,1,0.97,14,4.21,2.86,-,-,50.73,0,49.27,901,0,1,45.1,-11
Thu Apr 02 13:02:59 GMT+03:00 2026,02-apr.-2026 13:03:00.059,0.0,11.399999618530273,77.1,347.3399963378906,0.09,3.77,8.83,-0,31.76,-0.01,-,8,17.41,34.81,86,4.34,16.86,1577.5,0.02,77.1,9,5.81,14,10.01,13.01,-,-,50.77,0,49.23,903,0,9,35.69,1
Thu Apr 02 13:03:01 GMT+03:00 2026,02-apr.-2026 13:03:01.760,6.392335414886475,11.5,79.6,351.75,0.12,3.02,9.56,0.04,30.2,0.01,-,8,17.42,34.81,86,17.59,9.02,2695.75,0.03,79.6,5.96,23.59,14,11.89,26.06,-,-,50.87,0,49.13,905,23.01,22,13.73,24.5
Thu Apr 02 13:03:03 GMT+03:00 2026,02-apr.-2026 13:03:03.589,7.704876899719238,11.399999618530273,79.7,356.1400146484375,-0.43,3.72,10.89,0.19,69.41,0.12,-,8,17.44,34.81,86,6.31,27.84,1845.25,0.03,79.7,2.06,8.46,14,14.07,22.31,-,-,50.97,0,49.03,907,27.74,26,81.57,5
Thu Apr 02 13:03:05 GMT+03:00 2026,02-apr.-2026 13:03:05.358,9.769428253173828,11.399999618530273,79.80000000000001,357.739990234375,0.03,2.96,9.32,0.02,36.08,0.01,-,8,17.48,34.81,86,27.66,13.73,2672.5,0.05,79.8,5.17,37.09,14,14.07,34.33,-,-,51.07,0,48.93,908,35.17,38,15.29,23.5
Thu Apr 02 13:03:06 GMT+03:00 2026,02-apr.-2026 13:03:07.145,10.814828872680664,11.399999618530273,79.9,357.739990234375,0.51,3.54,10.36,0.14,66.27,0.02,-,8,17.53,34.81,86,4.98,27.45,1925.75,0.03,79.9,4.83,6.68,14,14.21,23.62,-,-,51.17,0,48.83,910,38.93,40,79.22,4.5
Thu Apr 02 13:03:08 GMT+03:00 2026,02-apr.-2026 13:03:09.018,12.949381828308105,11.399999618530273,79.80000000000001,357.739990234375,0.01,1.94,9.52,0.01,18.43,0,-,8,17.59,34.66,86,22.35,28.63,2278,0.04,79.8,4.93,29.97,14,14.07,26.5,-,-,51.28,0,48.72,912,46.62,48,40,7
Thu Apr 02 13:03:10 GMT+03:00 2026,02-apr.-2026 13:03:10.844,13.741024017333984,11.399999618530273,78.80000000000001,357.3500061035156,-0.36,2.73,9.31,0.01,31.76,-0.01,-,8,17.65,34.66,86,2.92,8.63,1770.5,0.01,78.8,0.59,3.92,14,3.63,5.57,-,-,51.38,0,48.62,914,49.47,49,30.98,24.5
Thu Apr 02 13:03:12 GMT+03:00 2026,02-apr.-2026 13:03:12.643,14.02360725402832,11.399999618530273,78.1,355.2300109863281,-0.29,1.91,10.05,0.06,27.45,0,-,8,17.71,34.66,86,5.92,22.75,1930.75,0.03,78.1,2.38,7.94,14,12.04,20.03,-,-,51.48,0,48.52,916,50.48,51,31.37,9
Thu Apr 02 13:03:14 GMT+03:00 2026,02-apr.-2026 13:03:14.332,14.64693546295166,11.399999618530273,79.30000000000001,354.79998779296875,0.37,2.42,9.35,0,29.41,-0.03,-,8,17.78,34.66,86,6.47,16.86,2017,0.02,79.3,0.27,8.68,14,8.7,13.68,-,-,51.57,0,48.43,917,52.73,53,30.98,19
Thu Apr 02 13:03:15 GMT+03:00 2026,02-apr.-2026 13:03:16.036,14.53524112701416,11.399999618530273,80.0,355.6600036621094,0.19,1.75,9.68,0.02,14.51,-0.06,-,8,17.86,34.66,86,7.06,11.37,2077.5,0.02,80,2.27,9.46,13,10.3,16.45,-,-,51.67,0,48.33,919,52.33,55,12.55,19.5
Thu Apr 02 13:03:17 GMT+03:00 2026,02-apr.-2026 13:03:17.720,14.569726943969727,11.399999618530273,80.4,357.2300109863281,-0.08,1.93,9.5,0.01,23.53,0,-,8,17.92,34.66,86,7.06,8.63,2027.75,0.01,80.4,0.06,9.46,13,2.9,4.72,-,-,51.76,0,48.24,921,52.45,53,22.75,16
Thu Apr 02 13:03:19 GMT+03:00 2026,02-apr.-2026 13:03:19.464,14.108535766601562,11.399999618530273,81.80000000000001,356.82000732421875,-0.09,2.08,9.67,0.03,26.27,-0.03,-,8,17.99,34.66,86,-,10.98,1967.25,0.01,81.8,0.54,-,13,6.96,9.82,-,-,51.86,0,48.14,922,50.79,52,26.27,22.5
Thu Apr 02 13:03:21 GMT+03:00 2026,02-apr.-2026 13:03:21.314,14.605757713317871,11.399999618530273,81.30000000000001,357.0199890136719,0.09,3.15,9.95,0.08,33.33,0,-,8,18.06,34.66,86,3.15,20.78,1995.5,0.02,81.3,2.82,4.23,13,10.44,17.15,-,-,51.96,0,48.04,924,52.58,53,35.69,10.5
Thu Apr 02 13:03:23 GMT+03:00 2026,02-apr.-2026 13:03:23.176,15.560052871704102,11.399999618530273,80.9,358.9800109863281,1.83,2.26,9.91,0.07,28.63,0.04,-,8,18.13,34.66,87,13.34,25.49,2139,0.03,80.9,4.42,17.89,13,12.33,23.08,-,-,52.06,0,47.94,926,56.02,57,29.41,9.5
Thu Apr 02 13:03:24 GMT+03:00 2026,02-apr.-2026 13:03:24.964,15.888445854187012,11.399999618530273,81.0,4.019999980926514,1.75,2.35,9.74,0.06,26.67,0.05,-,8,18.21,34.66,87,3.39,13.33,2181.25,0.02,81,1.98,4.55,13,8.12,12.46,-,-,52.15,0,47.85,928,57.2,58,27.06,22
Thu Apr 02 13:03:26 GMT+03:00 2026,02-apr.-2026 13:03:26.633,15.922417640686035,11.399999618530273,81.5,15.6899995803833,0.01,1.29,9.72,0.02,15.69,0,-,8,18.29,34.66,87,3.39,13.33,2175,0.02,81.5,2.28,4.55,13,7.69,12.16,-,-,52.25,0,47.75,930,57.32,58,16.08,22.5
Thu Apr 02 13:03:28 GMT+03:00 2026,02-apr.-2026 13:03:28.410,15.388649940490723,11.399999618530273,81.7,17.649999618530273,-0.4,0.89,8.99,-0.06,13.73,0.03,-,8,18.36,34.66,87,-,4.31,2112.5,0.01,81.7,1.31,-,13,3.05,4.2,-,-,52.34,0,47.66,931,55.4,55,9.02,28
Thu Apr 02 13:03:30 GMT+03:00 2026,02-apr.-2026 13:03:30.214,12.203034400939941,11.399999618530273,80.6,17.290000915527344,-0.18,0.56,10.2,0.06,13.33,0.06,-,8,18.42,34.66,87,-,3.53,1106.25,0,80.6,6.4,-,13,3.48,3,-,-,52.44,0,47.56,933,43.93,49,8.63,3
Thu Apr 02 13:03:31 GMT+03:00 2026,02-apr.-2026 13:03:31.969,10.867330551147461,11.399999618530273,80.80000000000001,17.040000915527344,-0.09,0.59,9.68,0.01,12.55,0,-,8,18.46,34.66,87,-,3.14,948.75,0,80.8,4.93,-,13,4.35,3.01,-,-,52.53,0,47.47,935,39.12,39,7.84,3.5
Thu Apr 02 13:03:33 GMT+03:00 2026,02-apr.-2026 13:03:33.738,8.851677894592285,11.399999618530273,81.4,16.860000610351562,0.1,0.9,9.73,0.02,12.16,0,-,8,18.48,34.66,87,-,2.75,863.25,0,81.4,4.82,-,13,4.5,2.84,-,-,52.63,0,47.37,937,31.87,32,7.45,8.5
Thu Apr 02 13:03:35 GMT+03:00 2026,02-apr.-2026 13:03:35.566,6.42888069152832,11.5,81.0,17.0,-0.26,0.46,9.79,0.02,12.16,0,-,8,18.49,34.66,87,-,2.75,814.5,0,81,5.09,-,13,4.64,2.74,-,-,52.72,0,47.28,939,23.14,22,7.06,5.5
Thu Apr 02 13:03:37 GMT+03:00 2026,02-apr.-2026 13:03:37.377,2.8479580879211426,11.5,82.2,16.969999313354492,0,1.16,9.61,0.01,12.16,-0.01,-,8,18.48,34.66,87,-,2.75,787.5,0,82.2,3.66,-,13,4.64,2.72,-,-,52.82,0,47.18,940,10.25,13,7.06,4.5
Thu Apr 02 13:03:38 GMT+03:00 2026,02-apr.-2026 13:03:39.143,1.7608647346496582,11.5,82.4,16.850000381469727,-0.08,1.73,9.66,0.02,12.16,0,-,8,18.45,34.66,87,-,2.75,789.5,0,82.4,6.25,-,13,4.79,2.76,-,-,52.78,0,47.22,942,6.34,4,7.06,8
Thu Apr 02 13:03:40 GMT+03:00 2026,02-apr.-2026 13:03:40.853,0.0,11.699999809265137,83.2,16.899999618530273,0,2.03,9.43,0,12.16,-0.01,-,8,18.42,34.66,87,-,2.75,779.75,0,83.2,0,-,13,4.93,2.75,-,-,52.68,0,47.32,944,0,0,7.06,7
Thu Apr 02 13:03:42 GMT+03:00 2026,02-apr.-2026 13:03:42.656,0.0,11.899999618530273,83.4,16.90999984741211,-0.06,2.07,9.59,0.02,11.76,0,-,8,18.38,34.66,87,-,2.75,796.5,0,83.4,0,-,13,4.93,2.8,-,-,52.57,0,47.43,946,0,0,7.06,4
Thu Apr 02 13:03:44 GMT+03:00 2026,02-apr.-2026 13:03:44.489,0.0,11.800000190734863,83.4,16.979999542236328,-0.06,2.09,9.5,0.01,11.76,0,-,8,18.35,34.66,88,-,2.75,784.75,0,83.4,0,-,13,4.79,2.72,-,-,52.47,0,47.53,948,0,0,7.06,7
Thu Apr 02 13:03:46 GMT+03:00 2026,02-apr.-2026 13:03:46.260,0.0,11.300000190734863,83.4,17.06999969482422,-0.06,2.09,9.49,0.01,12.16,0,-,8,18.31,34.66,88,-,2.75,782,0,83.4,0,-,14,4.79,2.71,-,-,52.36,0,47.64,949,0,0,7.06,7
Thu Apr 02 13:03:47 GMT+03:00 2026,02-apr.-2026 13:03:48.120,0.0,11.300000190734863,83.4,17.059999465942383,-0.04,2,9.58,0.02,12.16,0,-,8,18.28,34.66,88,-,2.75,792.75,0,83.4,0,-,14,4.79,2.75,-,-,52.26,0,47.74,951,0,0,7.06,4.5
Thu Apr 02 13:03:49 GMT+03:00 2026,02-apr.-2026 13:03:49.929,0.0,11.300000190734863,83.4,17.06999969482422,0.03,2,9.58,0.02,12.16,0,-,8,18.24,34.66,88,-,2.75,800.5,0,83.4,0,-,14,4.79,2.71,-,-,52.15,0,47.85,953,0,0,7.06,7
Thu Apr 02 13:03:51 GMT+03:00 2026,02-apr.-2026 13:03:51.519,0.0,11.300000190734863,83.4,17.030000686645508,-0.04,1.99,9.51,0.01,12.16,0,-,8,18.21,34.66,88,-,2.75,781,0,83.4,0,-,14,4.79,2.69,-,-,52.06,0,47.94,955,0,0,7.06,4.5
Thu Apr 02 13:03:52 GMT+03:00 2026,02-apr.-2026 13:03:53.161,0.0,11.399999618530273,83.4,17.049999237060547,0.01,2.08,9.47,0.01,12.16,0,-,8,18.17,34.66,88,-,2.75,787.5,0,83.4,0,-,14,4.79,2.71,-,-,51.97,0,48.03,956,0,0,7.06,7
Thu Apr 02 13:03:54 GMT+03:00 2026,02-apr.-2026 13:03:54.915,0.0,11.399999618530273,83.4,17.040000915527344,-0.04,1.93,9.53,0.01,15.69,-0.01,-,8,18.14,34.66,88,-,2.75,788.25,0,83.4,0,-,14,4.79,2.67,-,-,51.87,0,48.13,958,0,0,7.06,2
Thu Apr 02 13:03:56 GMT+03:00 2026,02-apr.-2026 13:03:56.781,0.0,11.399999618530273,83.4,16.959999084472656,-0.09,1.84,9.66,0.02,13.73,0,-,8,18.11,34.66,88,-,8.63,1531,0.01,83.4,0,-,14,5.66,6.22,-,-,51.76,0,48.24,960,0,0,12.16,-10
Thu Apr 02 13:03:58 GMT+03:00 2026,02-apr.-2026 13:03:58.540,0.0,11.300000190734863,83.4,16.959999084472656,0.06,4.15,9,0.03,27.84,0.03,-,8,18.07,34.66,88,-,3.14,1057.75,0,83.4,0,-,14,4.21,3.22,-,-,51.66,0,48.34,962,0,0,38.04,8
Thu Apr 02 13:04:00 GMT+03:00 2026,02-apr.-2026 13:04:00.426,0.0,11.300000190734863,83.4,17.040000915527344,0.26,4.23,9.25,0.06,34.12,0.03,-,8,18.05,34.66,88,3.8,14.12,1382.5,0.01,83.4,8,5.1,14,9.57,10.82,-,-,51.69,0,48.31,963,0,8,43.53,2
Thu Apr 02 13:04:02 GMT+03:00 2026,02-apr.-2026 13:04:02.186,6.438145637512207,11.399999618530273,86.9,16.920000076293945,0.29,3.21,9.38,0.03,33.73,0.01,-,8,18.06,34.66,88,19.95,9.41,2802.5,0.04,86.9,23,26.75,13,11.6,26.38,-,-,51.79,0,48.21,965,23.18,23,14.51,24.5
Thu Apr 02 13:04:03 GMT+03:00 2026,02-apr.-2026 13:04:04.034,7.355380535125732,11.399999618530273,86.5,17.139999389648438,-0.03,3.72,9.19,0.03,44.71,0,-,8,18.08,34.66,87,8.45,29.02,1946.75,0.03,86.5,4.82,11.33,13,14.07,23.88,-,-,51.88,0,48.12,967,26.48,28,82.75,5.5
Thu Apr 02 13:04:05 GMT+03:00 2026,02-apr.-2026 13:04:05.825,9.638688087463379,11.399999618530273,86.7,18.040000915527344,-0.26,2.1,10.17,0.08,25.88,0,-,8,18.12,34.66,87,17.04,5.49,2416,0.01,86.7,3.52,22.85,13,5.95,8.41,-,-,51.97,0,48.03,969,34.7,36,20.39,25.5
Thu Apr 02 13:04:07 GMT+03:00 2026,02-apr.-2026 13:04:07.571,9.992816925048828,11.399999618530273,88.6,17.84000015258789,-0.17,1.98,8.65,-0.08,16.08,-0.09,-,8,18.15,34.66,86,17.04,15.69,1703.5,0.02,88.6,0.2,22.85,13,8.99,13.17,-,-,52.07,0,47.93,971,35.97,35,29.8,14
Thu Apr 02 13:04:09 GMT+03:00 2026,02-apr.-2026 13:04:09.321,9.890902519226074,11.399999618530273,86.80000000000001,17.059999465942383,0.64,3.04,8.75,-0.03,37.25,-0.04,-,8,18.18,34.66,86,2.23,5.49,1677.5,0.01,86.8,0.4,2.99,13,3.63,4.19,-,-,52.16,0,47.84,972,35.61,36,29.8,31.5
Thu Apr 02 13:04:10 GMT+03:00 2026,02-apr.-2026 13:04:11.156,10.578571319580078,11.399999618530273,86.30000000000001,17.989999771118164,0.27,1.61,10.07,0.06,14.12,-0.06,-,8,18.22,34.66,86,9.68,23.53,1854.25,0.03,86.3,4.39,12.98,13,13.78,22.14,-,-,52.25,0,47.75,974,38.08,40,11.37,16.5
Thu Apr 02 13:04:12 GMT+03:00 2026,02-apr.-2026 13:04:12.960,10.403565406799316,11.399999618530273,84.7,20.6299991607666,0.7,0.9,9.95,0.04,12.94,0.06,-,8,18.26,34.66,86,9.68,3.53,1352.5,0,84.7,1.39,12.98,13,4.06,3.58,-,-,52.34,0,47.66,976,37.45,38,8.63,-3
Thu Apr 02 13:04:14 GMT+03:00 2026,02-apr.-2026 13:04:14.628,7.5947265625,11.399999618530273,84.2,28.559999465942383,0.52,1.66,9.78,0.03,12.16,0.01,-,8,18.27,34.66,86,-,2.75,1088,0,84.2,1.74,-,13,3.63,2.84,-,-,52.43,0,47.57,978,27.34,28,7.84,-2
Thu Apr 02 13:04:16 GMT+03:00 2026,02-apr.-2026 13:04:16.419,7.469134330749512,11.399999618530273,84.9,37.279998779296875,1.29,2.44,8.84,-0.04,49.41,-0.05,-,8,18.29,34.66,86,-,12.94,1294.25,0.01,84.9,1.03,-,13,8.99,9.85,-,-,52.52,0,47.48,979,26.89,27,29.02,16.5
Thu Apr 02 13:04:18 GMT+03:00 2026,02-apr.-2026 13:04:18.187,8.455856323242188,11.399999618530273,85.4,47.59000015258789,-0.12,1.81,9.54,0.01,14.12,0,-,8,18.31,34.81,86,5.4,7.84,1112.25,0.02,85.4,0.58,7.25,13,14.21,12.36,-,-,52.61,0,47.39,981,30.44,30,11.37,5
Thu Apr 02 13:04:19 GMT+03:00 2026,02-apr.-2026 13:04:19.966,8.240702629089355,11.399999618530273,85.30000000000001,48.470001220703125,-0.13,1.68,9.48,0,12.94,-0.01,-,8,18.33,34.81,86,5.4,3.53,1126.75,0,85.3,0.44,7.25,13,4.35,3.48,-,-,52.7,0,47.3,983,29.67,30,9.02,4.5
Thu Apr 02 13:04:21 GMT+03:00 2026,02-apr.-2026 13:04:21.772,7.575167179107666,11.399999618530273,84.80000000000001,49.709999084472656,0.08,1.69,9.68,0.02,12.55,-0.04,-,8,18.35,34.81,86,-,2.75,1045.25,0,84.8,1.39,-,13,3.77,2.9,-,-,52.79,0,47.21,985,27.27,27,7.84,4.5
Thu Apr 02 13:04:23 GMT+03:00 2026,02-apr.-2026 13:04:23.594,7.300305366516113,11.399999618530273,84.1,50.08000183105469,0.04,2.37,9.47,0.01,26.67,0.05,-,8,18.36,34.81,86,-,10.2,907.25,0,84.1,0.27,-,13,4.5,2.9,-,-,52.88,0,47.12,987,26.28,26,26.27,22.5
Thu Apr 02 13:04:25 GMT+03:00 2026,02-apr.-2026 13:04:25.322,8.428061485290527,11.399999618530273,83.2,49.720001220703125,0.01,2.41,9.36,0,25.49,-0.07,-,8,18.38,34.81,87,5.36,18.04,1402.25,0.02,83.2,1.52,7.19,13,12.04,14.42,-,-,52.97,0,47.03,988,30.34,29,24.71,8
Thu Apr 02 13:04:26 GMT+03:00 2026,02-apr.-2026 13:04:26.982,9.108524322509766,11.399999618530273,82.7,49.90999984741211,0.12,2.58,9.43,0.02,27.45,0,-,8,18.41,34.81,87,8.41,12.16,1572.75,0.01,82.7,2.66,11.27,13,9.28,10.61,-,-,53.05,0,46.95,990,32.79,33,27.84,17.5
Thu Apr 02 13:04:28 GMT+03:00 2026,02-apr.-2026 13:04:28.653,9.909432411193848,11.399999618530273,84.5,50.7400016784668,-0.06,1.54,9.09,-0.04,15.69,-0.07,-,8,18.44,34.81,87,6.94,10.98,1706,0.02,84.5,2.03,9.3,13,9.57,12.18,-,-,53.13,0,46.87,992,35.67,36,25.88,19.5
Thu Apr 02 13:04:30 GMT+03:00 2026,02-apr.-2026 13:04:30.367,9.283530235290527,11.399999618530273,85.6,49.959999084472656,0.06,1.81,9.44,-0,13.73,0,-,8,18.47,34.81,87,6.94,3.92,1750.5,0.01,85.6,0.32,9.3,13,3.34,3.93,-,-,53.22,0,46.78,993,33.42,36,9.8,26
Thu Apr 02 13:04:31 GMT+03:00 2026,02-apr.-2026 13:04:32.155,8.752851486206055,11.399999618530273,85.6,49.369998931884766,-0.22,-0.38,9.6,-0,12.55,0.04,-,8,18.5,34.81,87,-,3.14,1070.5,0,85.6,1.42,-,13,3.92,3.04,-,-,53.3,0,46.7,995,31.51,32,7.84,5
Thu Apr 02 13:04:33 GMT+03:00 2026,02-apr.-2026 13:04:33.967,6.141150951385498,11.399999618530273,84.5,48.95000076293945,-0.12,0.4,9.64,0,12.16,0.02,-,8,18.5,34.81,87,-,2.75,869.25,0,84.5,8.52,-,13,4.35,2.76,-,-,53.39,0,46.61,997,22.11,20,7.45,9
Thu Apr 02 13:04:35 GMT+03:00 2026,02-apr.-2026 13:04:35.700,2.9864182472229004,11.399999618530273,83.7,49.72999954223633,-0.15,0.55,9.75,0.01,11.76,0,-,8,18.49,34.81,86,-,2.75,814.5,0,83.7,4.7,-,13,4.5,2.69,-,-,53.49,0,46.51,999,10.75,12,7.06,8
Thu Apr 02 13:04:37 GMT+03:00 2026,02-apr.-2026 13:04:37.392,0.0,11.399999618530273,84.6,49.900001525878906,-0.13,1.67,9.63,0.02,11.76,0,-,8,18.46,34.81,86,-,2.75,804.75,0,84.6,1.92,-,13,4.64,2.71,-,-,53.45,0,46.55,1000,0,4,7.06,7.5
Thu Apr 02 13:04:38 GMT+03:00 2026,02-apr.-2026 13:04:39.091,0.0,11.5,84.5,49.869998931884766,-0.04,1.79,9.64,0.02,11.76,0,-,8,18.43,34.81,86,-,2.75,780.25,0,84.5,3,-,13,4.79,2.64,-,-,53.36,0,46.64,1002,0,3,7.06,7.5
Thu Apr 02 13:04:40 GMT+03:00 2026,02-apr.-2026 13:04:40.843,0.0,11.800000190734863,84.2,49.86000061035156,-0.13,1.85,9.59,0.02,11.76,-0.01,-,8,18.4,34.81,87,-,2.75,784.5,0,84.2,1,-,13,4.79,2.67,-,-,53.26,0,46.74,1004,0,1,7.06,7.5
Thu Apr 02 13:04:42 GMT+03:00 2026,02-apr.-2026 13:04:42.656,0.0,11.300000190734863,84.2,49.900001525878906,-0.1,1.9,9.51,0.01,12.16,-0.01,-,8,18.37,34.81,87,-,2.75,785.5,0,84.2,0,-,13,4.79,2.64,-,-,53.16,0,46.84,1006,0,0,7.06,7
Thu Apr 02 13:04:44 GMT+03:00 2026,02-apr.-2026 13:04:44.504,0.0,2.200000047683716,84.2,50.290000915527344,-0.11,3.19,9.36,0.03,25.1,0,-,8,18.34,34.81,87,-,2.75,804,0,84.2,0,-,13,4.93,2.88,-,-,53.06,0,46.94,1008,0,0,27.84,7
Thu Apr 02 13:04:46 GMT+03:00 2026,02-apr.-2026 13:04:46.282,0.0,11.399999618530273,84.2,49.88999938964844,-0.02,2.59,9.33,0.01,26.67,0.01,-,8,18.31,34.81,87,1.5,7.45,1333.75,0.01,84.2,5,2.01,13,6.53,7.92,-,-,52.96,0,47.04,1009,0,5,45.49,-11
Thu Apr 02 13:04:47 GMT+03:00 2026,02-apr.-2026 13:04:48.000,3.15730619430542,11.399999618530273,83.1,50.130001068115234,-0.06,1.91,9.36,-0.01,25.49,-0.02,-,8,18.31,34.81,87,7.65,16.08,1743.25,0.02,83.1,14,10.25,13,11.02,14.19,-,-,52.99,0,47.01,1011,11.37,14,30.98,17.5
Thu Apr 02 13:04:49 GMT+03:00 2026,02-apr.-2026 13:04:49.720,5.41745138168335,11.399999618530273,83.0,50.61000061035156,-0.25,2.24,9.85,0.05,19.61,0.03,-,8,18.31,34.81,87,7.64,5.88,1971.25,0.01,83,2.67,10.25,13,4.06,5.67,-,-,53.07,0,46.93,1013,19.5,20,26.67,38.5
Thu Apr 02 13:04:51 GMT+03:00 2026,02-apr.-2026 13:04:51.400,6.07269287109375,11.399999618530273,82.5,48.72999954223633,-0.2,2.64,9.65,0.04,24.71,0,-,8,18.32,34.81,87,2.77,7.45,1566.75,0.01,82.5,0.96,3.71,13,6.24,7.03,-,-,53.15,0,46.85,1014,21.86,22,20.78,21.5
Thu Apr 02 13:04:52 GMT+03:00 2026,02-apr.-2026 13:04:53.108,6.265713691711426,11.399999618530273,82.4,48.04999923706055,-0.38,1.71,10.83,0.14,14.51,0.11,-,8,18.32,34.81,86,1.5,9.8,1667.75,0.01,82.4,1.14,2.02,13,7.69,9.05,-,-,53.23,0,46.77,1016,22.56,23,13.33,20
Thu Apr 02 13:04:54 GMT+03:00 2026,02-apr.-2026 13:04:54.888,6.368658065795898,11.399999618530273,82.5,45.27000045776367,-0.63,2.1,8.62,-0.07,25.1,-0.09,-,8,18.33,34.81,86,1.5,9.41,1586.75,0.01,82.5,1.33,2.02,13,3.48,5.28,-,-,53.32,0,46.68,1018,22.93,22,24.71,20.5
Thu Apr 02 13:04:56 GMT+03:00 2026,02-apr.-2026 13:04:56.661,6.823157787322998,11.399999618530273,82.2,37.459999084472656,-0.3,1.44,9.44,-0.01,14.9,0.01,-,8,18.34,34.81,86,4.8,7.06,1788,0.01,82.2,0.41,6.44,13,7.25,9.09,-,-,53.4,0,46.6,1020,24.56,25,10.2,24
Thu Apr 02 13:04:58 GMT+03:00 2026,02-apr.-2026 13:04:58.354,5.925996780395508,11.399999618530273,82.9,33.779998779296875,-0.34,1.48,9.57,0.01,12.94,-0.01,-,8,18.35,34.81,86,4.8,3.14,1136.5,0,82.9,0.74,6.44,13,4.21,3.4,-,-,53.49,0,46.51,1021,21.33,23,8.63,7
Thu Apr 02 13:05:00 GMT+03:00 2026,02-apr.-2026 13:05:00.190,3.823871374130249,11.399999618530273,82.7,33.02000045776367,-0.23,0.88,9.82,0.02,12.55,-0.02,-,8,18.35,34.81,86,-,2.75,933.75,0,82.7,4.33,-,13,4.21,2.88,-,-,53.57,0,46.43,1023,13.77,17,7.84,7.5
Thu Apr 02 13:05:01 GMT+03:00 2026,02-apr.-2026 13:05:01.882,3.1989986896514893,11.399999618530273,82.6,33.099998474121094,-0.37,1.52,10.52,0.1,12.16,0.08,-,8,18.34,34.81,86,-,2.75,848,0,82.6,1.77,-,13,4.35,2.73,-,-,53.65,0,46.35,1025,11.52,12,7.06,7
Thu Apr 02 13:05:03 GMT+03:00 2026,02-apr.-2026 13:05:03.601,3.1583354473114014,11.399999618530273,82.6,33.189998626708984,-0.16,1.19,9.45,-0.01,12.16,-0.03,-,8,18.32,34.81,86,-,2.75,805.25,0,82.6,0.62,-,13,4.5,2.67,-,-,53.73,0,46.27,1027,11.37,10,7.06,4.5
Thu Apr 02 13:05:05 GMT+03:00 2026,02-apr.-2026 13:05:05.352,1.6687294244766235,11.5,82.2,32.95000076293945,-0.02,1.78,9.51,0.01,11.76,-0.01,-,8,18.3,34.81,86,-,2.75,810.5,0,82.2,1.53,-,13,4.79,2.69,-,-,53.82,0,46.18,1028,6.01,8,7.06,4.5
Thu Apr 02 13:05:06 GMT+03:00 2026,02-apr.-2026 13:05:07.153,1.195699691772461,11.5,82.0,32.630001068115234,-0.06,1.6,9.52,0,11.76,0,-,8,18.28,34.81,86,-,2.75,791.75,0,82,2.01,-,13,4.64,2.66,-,-,53.78,0,46.22,1030,4.3,4,7.06,5.5
Thu Apr 02 13:05:08 GMT+03:00 2026,02-apr.-2026 13:05:08.958,0.0,11.800000190734863,81.7,32.130001068115234,-0.08,1.11,9.71,0.01,12.16,0,-,8,18.25,34.81,86,-,2.75,792.5,0,81.7,1.25,-,13,4.64,2.66,-,-,53.68,0,46.32,1032,0,3,7.06,5
Thu Apr 02 13:05:10 GMT+03:00 2026,02-apr.-2026 13:05:10.696,0.0,12.399999618530273,81.2,32.33000183105469,-0.07,1.91,9.59,0.02,11.76,0,-,8,18.22,34.81,86,-,2.75,793,0,81.2,0,-,13,4.64,2.67,-,-,53.58,0,46.42,1034,0,0,6.67,1.5
Thu Apr 02 13:05:12 GMT+03:00 2026,02-apr.-2026 13:05:12.496,0.0,13.5,81.2,32.290000915527344,-0.02,1.82,9.58,0.01,11.76,-0.01,-,8,18.19,34.81,86,-,2.75,794.75,0,81.2,0,-,13,4.79,2.69,-,-,53.49,0,46.51,1036,0,0,7.06,8
Thu Apr 02 13:05:14 GMT+03:00 2026,02-apr.-2026 13:05:14.253,0.0,11.300000190734863,81.2,32.310001373291016,-0.04,1.88,9.59,0.01,12.16,0,-,8,18.16,34.81,87,-,2.75,796.5,0,81.2,0,-,13,4.64,2.64,-,-,53.39,0,46.61,1037,0,0,7.06,5
Thu Apr 02 13:05:15 GMT+03:00 2026,02-apr.-2026 13:05:15.935,0.0,11.300000190734863,81.2,32.310001373291016,-0.06,1.92,9.55,0.01,11.76,0,-,8,18.13,34.81,87,-,2.75,790.5,0,81.2,0,-,13,4.64,2.59,-,-,53.3,0,46.7,1039,0,0,7.06,5
Thu Apr 02 13:05:17 GMT+03:00 2026,02-apr.-2026 13:05:17.736,0.0,11.300000190734863,81.2,32.29999923706055,0,1.86,9.61,0.02,12.16,0,-,8,18.09,34.81,87,-,2.75,787.5,0,81.2,0,-,13,4.64,2.55,-,-,53.21,0,46.79,1041,0,0,7.06,5
Thu Apr 02 13:05:19 GMT+03:00 2026,02-apr.-2026 13:05:19.428,0.0,11.300000190734863,81.2,32.310001373291016,-0.09,1.89,9.53,0.01,11.76,0,-,8,18.06,34.81,87,-,2.75,794.25,0,81.2,0,-,13,4.64,2.58,-,-,53.12,0,46.88,1043,0,0,7.06,4.5
Thu Apr 02 13:05:21 GMT+03:00 2026,02-apr.-2026 13:05:21.236,0.0,11.300000190734863,81.2,32.290000915527344,-0.1,1.89,9.59,0.02,11.76,0,-,8,18.03,34.81,87,-,2.75,784.75,0,81.2,0,-,13,4.64,2.59,-,-,53.02,0,46.98,1044,0,0,6.67,8
Thu Apr 02 13:05:22 GMT+03:00 2026,02-apr.-2026 13:05:22.985,0.0,11.300000190734863,81.2,32.29999923706055,-0.08,2.34,9.43,0.01,15.29,0,-,8,18,34.81,87,-,2.35,773.75,0,81.2,0,-,13,4.79,2.68,-,-,52.93,0,47.07,1046,0,0,35.29,6
Thu Apr 02 13:05:24 GMT+03:00 2026,02-apr.-2026 13:05:24.743,0.0,11.300000190734863,81.2,30.700000762939453,-0.04,1.72,9.53,0.01,13.73,-0.01,-,8,17.97,34.81,87,-,3.53,1104,0.01,81.2,0,-,13,4.93,3.87,-,-,52.83,0,47.17,1048,0,0,9.41,1.5
Thu Apr 02 13:05:26 GMT+03:00 2026,02-apr.-2026 13:05:26.422,0.0,11.300000190734863,81.2,29.889999389648438,0.09,2.14,9.57,0.01,17.65,-0.01,-,8,17.94,34.81,87,-,4.31,932,0,81.2,0,-,13,4.5,3.02,-,-,52.75,0,47.25,1050,0,0,17.65,14
Thu Apr 02 13:05:28 GMT+03:00 2026,02-apr.-2026 13:05:28.179,0.0,11.300000190734863,81.2,32.33000183105469,-0.15,1.92,9.41,-0,13.73,-0.02,-,8,17.91,34.81,87,-,3.92,1047,0,81.2,0,-,13,4.64,3.6,-,-,52.65,0,47.35,1051,0,0,9.02,12.5
Thu Apr 02 13:05:29 GMT+03:00 2026,02-apr.-2026 13:05:29.954,0.0,11.300000190734863,81.2,34.099998474121094,-0.09,1.92,9.68,0.02,12.55,0,-,8,17.88,34.81,87,-,3.14,912,0,81.2,0,-,13,4.64,2.99,-,-,52.56,0,47.44,1053,0,0,7.84,5
Thu Apr 02 13:05:31 GMT+03:00 2026,02-apr.-2026 13:05:31.701,0.0,11.300000190734863,81.2,34.15999984741211,-0.02,1.84,9.65,0.02,12.55,-0.01,-,8,17.85,34.81,87,-,2.75,866.75,0,81.2,0,-,13,4.5,2.77,-,-,52.47,0,47.53,1055,0,0,7.45,-0.5
Thu Apr 02 13:05:33 GMT+03:00 2026,02-apr.-2026 13:05:33.596,0.0,11.300000190734863,81.2,34.18000030517578,-0.05,1.85,9.65,0.02,12.16,-0.01,-,8,17.82,34.81,87,-,2.75,841.25,0,81.2,0,-,13,4.64,2.76,-,-,52.37,0,47.63,1057,0,0,7.06,3.5
Thu Apr 02 13:05:35 GMT+03:00 2026,02-apr.-2026 13:05:35.417,0.0,11.300000190734863,81.2,34.16999816894531,-0.06,1.95,9.53,0.01,12.16,-0.01,-,8,17.79,34.81,87,-,2.75,812.75,0,81.2,0,-,14,4.79,2.69,-,-,52.28,0,47.72,1059,0,0,7.45,2.5
Thu Apr 02 13:05:36 GMT+03:00 2026,02-apr.-2026 13:05:37.127,0.0,11.300000190734863,81.2,34.15999984741211,-0.06,1.94,9.51,0.01,12.16,0,-,8,17.76,34.81,87,-,2.75,812.75,0,81.2,0,-,14,4.79,2.76,-,-,52.19,0,47.81,1060,0,0,7.06,2.5
Thu Apr 02 13:05:38 GMT+03:00 2026,02-apr.-2026 13:05:38.769,0.0,11.300000190734863,81.2,34.130001068115234,-0.11,1.95,9.49,0.01,12.16,-0.01,-,8,17.73,34.81,87,-,2.75,799,0,81.2,0,-,14,4.79,2.69,-,-,52.11,0,47.89,1062,0,0,7.45,4.5
Thu Apr 02 13:05:40 GMT+03:00 2026,02-apr.-2026 13:05:40.512,0.0,11.399999618530273,81.2,34.15999984741211,-0.11,1.84,9.5,0.01,12.16,-0.01,-,8,17.7,34.81,87,-,2.75,800,0,81.2,0,-,14,4.79,2.68,-,-,52.02,0,47.98,1064,0,0,7.06,2.5
Thu Apr 02 13:05:42 GMT+03:00 2026,02-apr.-2026 13:05:42.201,0.0,11.399999618530273,81.2,34.150001525878906,-0.09,1.91,9.51,0.01,12.16,0,-,8,17.67,34.81,87,-,2.75,810,0,81.2,0,-,14,4.79,2.7,-,-,51.93,0,48.07,1065,0,0,7.06,2.5
Thu Apr 02 13:05:43 GMT+03:00 2026,02-apr.-2026 13:05:43.950,0.0,11.399999618530273,81.2,34.13999938964844,0,1.84,9.65,0.02,12.16,-0.01,-,8,17.64,34.81,87,-,2.75,800.75,0,81.2,0,-,14,4.64,2.7,-,-,51.84,0,48.16,1067,0,0,7.06,3
Thu Apr 02 13:05:45 GMT+03:00 2026,02-apr.-2026 13:05:45.689,0.0,11.399999618530273,81.2,34.150001525878906,-0.12,1.93,9.58,0.02,11.76,-0.01,-,8,17.61,34.81,87,-,2.75,796,0,81.2,0,-,14,4.64,2.66,-,-,51.75,0,48.25,1069,0,0,6.67,4.5
Thu Apr 02 13:05:47 GMT+03:00 2026,02-apr.-2026 13:05:47.521,0.0,11.399999618530273,81.2,34.130001068115234,-0.09,1.91,9.48,0,11.76,0,-,8,17.58,34.81,87,-,2.75,799,0,81.2,0,-,14,4.79,2.65,-,-,51.66,0,48.34,1071,0,0,7.06,2.5
Thu Apr 02 13:05:49 GMT+03:00 2026,02-apr.-2026 13:05:49.339,0.0,11.399999618530273,81.2,34.119998931884766,-0.02,1.82,9.69,0.02,11.76,0,-,8,17.55,34.81,87,-,2.75,805.75,0,81.2,0,-,14,4.64,2.63,-,-,51.57,0,48.43,1072,0,0,7.06,2.5
Thu Apr 02 13:05:50 GMT+03:00 2026,02-apr.-2026 13:05:51.094,0.0,11.399999618530273,81.2,34.11000061035156,-0.06,1.92,9.49,0.01,11.76,-0.01,-,8,17.52,34.81,87,-,2.75,799,0,81.2,0,-,14,4.64,2.67,-,-,51.48,0,48.52,1074,0,0,6.67,4.5
Thu Apr 02 13:05:52 GMT+03:00 2026,02-apr.-2026 13:05:52.788,0.0,11.399999618530273,81.2,34.13999938964844,-0.01,1.86,9.65,0.02,11.76,0,-,8,17.49,34.81,87,-,2.75,804.75,0,81.2,0,-,14,4.79,2.65,-,-,51.39,0,48.61,1076,0,0,7.06,2.5
Thu Apr 02 13:05:54 GMT+03:00 2026,02-apr.-2026 13:05:54.531,0.0,11.399999618530273,81.2,34.130001068115234,-0.1,1.9,9.62,0.02,11.76,0,-,8,17.46,34.81,88,-,2.75,799.25,0,81.2,0,-,14,4.79,2.64,-,-,51.31,0,48.69,1078,0,0,6.67,2.5
Thu Apr 02 13:05:56 GMT+03:00 2026,02-apr.-2026 13:05:56.703,0.0,11.399999618530273,81.2,34.130001068115234,-0.14,1.92,9.53,0.02,11.76,0,-,8,17.43,34.81,88,-,2.75,787.5,0,81.2,0,-,14,4.64,2.65,-,-,51.2,0,48.8,1080,0,0,7.06,5
Thu Apr 02 13:05:59 GMT+03:00 2026,02-apr.-2026 13:05:59.224,0.0,11.399999618530273,81.2,34.08000183105469,-0.05,1.92,9.56,0.01,11.76,-0.01,-,8,17.4,34.81,88,-,2.75,784,0,81.2,0,-,14,4.64,2.6,-,-,51.07,0,48.93,1082,0,0,7.06,4.5
Thu Apr 02 13:06:01 GMT+03:00 2026,02-apr.-2026 13:06:01.764,0.0,11.399999618530273,81.2,34.08000183105469,-0.14,1.93,9.57,0.01,11.76,-0.01,-,8,17.38,34.81,88,-,2.75,795.25,0,81.2,0,-,14,4.64,2.58,-,-,50.95,0,49.05,1085,0,0,6.67,5
Thu Apr 02 13:06:04 GMT+03:00 2026,02-apr.-2026 13:06:04.335,0.0,11.5,81.2,34.119998931884766,-0.13,3.56,9.04,0.01,26.27,0.01,-,8,17.35,34.81,88,-,2.75,799,0,81.2,0,-,14,4.79,2.61,-,-,50.82,0,49.18,1087,0,0,31.76,8
Thu Apr 02 13:06:06 GMT+03:00 2026,02-apr.-2026 13:06:07.011,2.8268544673919678,11.300000190734863,84.6,35.380001068115234,-0.05,3.31,9.23,0.02,29.8,-0.02,-,8,17.33,34.81,88,-,10.2,1334.25,0.01,84.6,9,-,14,9.72,9.99,-,-,50.87,0,49.13,1090,10.18,9,12.16,14
Thu Apr 02 13:06:08 GMT+03:00 2026,02-apr.-2026 13:06:09.151,4.604190349578857,11.300000190734863,85.2,34.20000076293945,-0.39,2.76,9.09,-0.01,25.88,-0.02,-,8,17.33,34.81,88,-,11.37,1243.25,0.02,85.2,6.24,-,14,11.17,12.36,-,-,50.97,0,49.03,1092,16.58,18,25.1,14.5
Thu Apr 02 13:06:10 GMT+03:00 2026,02-apr.-2026 13:06:10.939,6.429910182952881,11.399999618530273,85.7,33.43000030517578,-0.78,1.62,9.83,0.04,16.47,0.01,-,8,17.34,34.81,88,7.02,15.69,1646.75,0.02,85.7,2.73,9.41,14,9.28,11.98,-,-,51.05,0,48.95,1094,23.15,23,34.51,10
Thu Apr 02 13:06:12 GMT+03:00 2026,02-apr.-2026 13:06:12.736,7.6662726402282715,11.399999618530273,86.1,32.2599983215332,-0.3,2.16,9.45,0.01,24.71,-0.05,-,8,17.36,34.81,88,6.41,2.75,1408.5,0,86.1,0.24,8.6,14,3.34,3.63,-,-,51.14,0,48.86,1096,27.6,27,25.1,-0.5
Thu Apr 02 13:06:14 GMT+03:00 2026,02-apr.-2026 13:06:14.493,5.994454860687256,11.399999618530273,85.7,33.13999938964844,-0.4,-1.33,10.11,0.06,12.94,0.08,-,8,17.38,34.81,88,6.41,3.53,1326.75,0.01,85.7,0.9,8.6,13,6.09,5.15,-,-,51.22,0,48.78,1098,21.58,27,9.41,14.5
Thu Apr 02 13:06:15 GMT+03:00 2026,02-apr.-2026 13:06:16.145,3.7857818603515625,11.399999618530273,85.2,33.4900016784668,-0.17,1.65,9.6,0.01,12.55,-0.01,-,8,17.35,34.81,88,-,3.14,1081.25,0,85.2,17.58,-,14,3.77,2.99,-,-,51.18,0,48.82,1099,13.63,4,7.45,10.5
Thu Apr 02 13:06:17 GMT+03:00 2026,02-apr.-2026 13:06:17.911,0.0,11.5,83.9,33.959999084472656,-0.18,1.91,9.48,0,11.76,-0.01,-,8,17.33,34.81,88,-,2.75,875,0,83.9,3.53,-,14,4.21,2.66,-,-,51.1,0,48.9,1101,0,1,7.06,6
Thu Apr 02 13:06:19 GMT+03:00 2026,02-apr.-2026 13:06:19.646,0.0,11.699999809265137,83.0,34.0099983215332,-0.2,1.93,9.54,0.01,11.76,0,-,8,17.3,34.81,88,-,2.75,825.5,0,83,0,-,14,4.64,2.73,-,-,51.02,0,48.98,1103,0,0,7.06,3
Thu Apr 02 13:06:21 GMT+03:00 2026,02-apr.-2026 13:06:21.407,0.0,12.100000381469727,83.0,34.0099983215332,-0.17,1.89,9.52,0.01,11.76,-0.01,-,8,17.27,34.81,88,-,2.75,800,0,83,0,-,14,4.64,2.66,-,-,50.93,0,49.07,1105,0,0,6.67,8
Thu Apr 02 13:06:23 GMT+03:00 2026,02-apr.-2026 13:06:23.243,0.0,11.300000190734863,83.0,33.959999084472656,-0.21,2.67,9.42,0.02,23.14,0,-,8,17.24,34.81,88,-,2.75,784.75,0,83,0,-,14,4.64,2.64,-,-,50.84,0,49.16,1106,0,0,15.29,4.5
Thu Apr 02 13:06:24 GMT+03:00 2026,02-apr.-2026 13:06:25.050,0.0,11.300000190734863,83.0,33.900001525878906,-0.17,1.83,9.75,0.03,13.33,-0.02,-,8,17.22,34.81,88,0.24,4.71,1512.5,0.01,83,2,0.32,14,6.38,7.31,-,-,50.76,0,49.24,1108,0,2,9.41,2
Thu Apr 02 13:06:26 GMT+03:00 2026,02-apr.-2026 13:06:26.765,0.0,11.300000190734863,83.0,34.150001525878906,-0.18,1.83,9.56,0.01,12.55,0,-,8,17.19,34.81,88,0.24,3.14,1053.25,0,83,2,0.32,14,4.06,3.02,-,-,50.68,0,49.32,1110,0,2,7.84,8.5
Thu Apr 02 13:06:28 GMT+03:00 2026,02-apr.-2026 13:06:28.529,0.0,11.300000190734863,83.0,34.34000015258789,-0.22,1.85,9.46,0,12.16,-0.01,-,8,17.17,34.81,88,-,2.75,894.5,0,83,2,-,14,4.21,2.72,-,-,50.59,0,49.41,1112,0,2,7.45,5
Thu Apr 02 13:06:30 GMT+03:00 2026,02-apr.-2026 13:06:30.282,0.0,11.399999618530273,83.0,34.459999084472656,-0.16,1.9,9.57,0.01,11.76,-0.01,-,8,17.14,34.81,88,-,2.75,836.5,0,83,1,-,14,4.35,2.57,-,-,50.51,0,49.49,1113,0,1,7.06,6
Thu Apr 02 13:06:31 GMT+03:00 2026,02-apr.-2026 13:06:32.032,0.0,11.300000190734863,83.0,34.529998779296875,-0.15,1.84,9.55,0.01,11.76,-0.01,-,8,17.12,34.81,88,-,2.75,806.25,0,83,1,-,14,4.5,2.59,-,-,50.43,0,49.57,1115,0,1,6.67,3
Thu Apr 02 13:06:33 GMT+03:00 2026,02-apr.-2026 13:06:33.738,0.0,11.300000190734863,83.0,34.630001068115234,-0.18,1.95,9.53,0.01,11.76,-0.01,-,8,17.09,34.81,88,-,2.75,800.75,0,83,0,-,14,4.5,2.57,-,-,50.35,0,49.65,1117,0,0,6.67,8
Thu Apr 02 13:06:35 GMT+03:00 2026,02-apr.-2026 13:06:35.550,0.0,11.300000190734863,83.0,34.70000076293945,-0.17,1.89,9.55,0.01,11.76,0,-,8,17.06,34.81,88,-,2.75,796.25,0,83,0,-,14,4.64,2.62,-,-,50.26,0,49.74,1119,0,0,6.67,8
Thu Apr 02 13:06:37 GMT+03:00 2026,02-apr.-2026 13:06:37.400,0.0,1.7999999523162842,83.0,35.06999969482422,-0.18,1.96,9.53,0.02,11.76,-0.01,-,8,17.03,34.81,89,-,2.75,798,0,83,0,-,14,4.64,2.63,-,-,50.17,0,49.83,1121,0,0,6.67,5
Thu Apr 02 13:06:38 GMT+03:00 2026,02-apr.-2026 13:06:39.129,0.0,1.7999999523162842,83.0,35.06999969482422,-0.22,1.92,9.6,0.02,11.76,0,-,8,17.01,34.81,89,-,2.75,804.5,0,83,0,-,14,4.64,2.61,-,-,50.09,0,49.91,1122,0,0,6.67,5
Thu Apr 02 13:06:40 GMT+03:00 2026,02-apr.-2026 13:06:40.917,0.0,11.300000190734863,83.0,34.70000076293945,-0.22,1.92,9.55,0.01,11.76,0,-,8,16.98,34.81,89,-,2.75,782,0,83,0,-,14,4.5,2.57,-,-,50.01,0,49.99,1124,0,0,6.67,5
Thu Apr 02 13:06:42 GMT+03:00 2026,02-apr.-2026 13:06:42.664,0.0,11.300000190734863,83.0,34.70000076293945,-0.14,1.94,9.5,0.01,11.76,0,-,8,16.95,34.81,89,-,2.75,783,0,83,0,-,14,4.64,2.58,-,-,49.93,0,50.07,1126,0,0,7.06,5
Thu Apr 02 13:06:44 GMT+03:00 2026,02-apr.-2026 13:06:44.434,0.0,11.300000190734863,83.0,34.709999084472656,-0.17,1.92,9.61,0.02,11.76,0,-,8,16.93,34.81,89,-,2.75,797.75,0,83,0,-,14,4.64,2.56,-,-,49.85,0,50.15,1128,0,0,6.67,5
Thu Apr 02 13:06:46 GMT+03:00 2026,02-apr.-2026 13:06:46.225,0.0,11.300000190734863,83.0,34.72999954223633,-0.21,1.9,9.53,0.01,11.76,0,-,8,16.9,34.81,89,-,2.75,798.25,0,83,0,-,14,4.64,2.57,-,-,49.77,0,50.23,1129,0,0,6.27,5
Thu Apr 02 13:06:47 GMT+03:00 2026,02-apr.-2026 13:06:47.992,0.0,11.399999618530273,83.0,34.720001220703125,-0.17,1.94,9.55,0.01,11.76,0,-,8,16.87,34.81,89,-,2.75,788.25,0,83,0,-,14,4.64,2.57,-,-,49.69,0,50.31,1131,0,0,6.67,8
Thu Apr 02 13:06:49 GMT+03:00 2026,02-apr.-2026 13:06:49.832,0.0,11.399999618530273,83.0,34.7400016784668,-0.12,1.95,9.51,0.01,11.76,-0.01,-,8,16.84,34.81,89,-,2.75,801.75,0,83,0,-,14,4.64,2.59,-,-,49.6,0,50.4,1133,0,0,6.67,5
Thu Apr 02 13:06:51 GMT+03:00 2026,02-apr.-2026 13:06:51.540,0.0,11.399999618530273,83.0,34.720001220703125,-0.08,1.85,9.54,0.01,11.76,0,-,8,16.82,34.81,89,-,2.75,792.75,0,83,0,-,14,4.64,2.56,-,-,49.52,0,50.48,1135,0,0,6.67,5.5
Thu Apr 02 13:06:53 GMT+03:00 2026,02-apr.-2026 13:06:53.283,0.0,11.399999618530273,83.0,34.75,-0.13,1.86,9.57,0.01,11.76,-0.01,-,8,16.79,34.81,89,-,2.75,789.25,0,83,0,-,14,4.64,2.51,-,-,49.45,0,50.55,1136,0,0,6.67,5
Thu Apr 02 13:06:54 GMT+03:00 2026,02-apr.-2026 13:06:55.125,0.0,11.399999618530273,83.0,34.7599983215332,-0.18,1.94,9.55,0.01,11.76,0,-,8,16.76,34.81,89,-,2.75,796.5,0,83,0,-,14,4.64,2.57,-,-,49.36,0,50.64,1138,0,0,6.67,5
Thu Apr 02 13:06:56 GMT+03:00 2026,02-apr.-2026 13:06:56.945,0.0,11.399999618530273,83.0,34.7400016784668,-0.24,1.95,9.56,0.01,11.37,-0.01,-,8,16.74,34.81,89,-,2.75,799,0,83,0,-,14,4.64,2.53,-,-,49.28,0,50.72,1140,0,0,6.67,5.5
Thu Apr 02 13:06:58 GMT+03:00 2026,02-apr.-2026 13:06:58.695,0.0,11.399999618530273,83.0,34.720001220703125,-0.21,1.96,9.58,0.02,11.37,0,-,8,16.71,34.81,89,-,2.75,795,0,83,0,-,14,4.64,2.55,-,-,49.2,0,50.8,1142,0,0,6.67,5.5
Thu Apr 02 13:07:00 GMT+03:00 2026,02-apr.-2026 13:07:00.392,0.0,11.399999618530273,83.0,34.720001220703125,-0.19,1.88,9.56,0.01,11.76,-0.01,-,8,16.69,34.81,89,-,2.75,782.75,0,83,0,-,14,4.64,2.49,-,-,49.13,0,50.87,1144,0,0,6.27,5.5
Thu Apr 02 13:07:01 GMT+03:00 2026,02-apr.-2026 13:07:02.112,0.0,11.399999618530273,83.0,34.709999084472656,-0.14,1.92,9.58,0.01,11.37,0,-,8,16.66,34.81,89,-,2.75,795.75,0,83,0,-,14,4.64,2.56,-,-,49.05,0,50.95,1145,0,0,6.67,5.5
Thu Apr 02 13:07:03 GMT+03:00 2026,02-apr.-2026 13:07:03.857,0.0,11.399999618530273,83.0,34.7400016784668,-0.16,1.91,9.52,0.01,11.37,0,-,8,16.63,34.81,89,-,2.75,791,0,83,0,-,14,4.64,2.54,-,-,48.97,0,51.03,1147,0,0,6.67,8
Thu Apr 02 13:07:05 GMT+03:00 2026,02-apr.-2026 13:07:05.603,0.0,11.399999618530273,83.0,34.7599983215332,-0.18,1.92,9.52,0.01,11.37,0,-,8,16.61,34.81,89,-,2.75,791.25,0,83,0,-,14,4.64,2.45,-,-,48.89,0,51.11,1149,0,0,6.27,5.5
Thu Apr 02 13:07:07 GMT+03:00 2026,02-apr.-2026 13:07:07.298,0.0,11.399999618530273,83.0,34.77000045776367,-0.22,1.97,9.59,0.02,11.37,0,-,8,16.58,34.81,89,-,2.75,795.25,0,83,0,-,14,4.64,2.54,-,-,48.82,0,51.18,1150,0,0,6.67,3.5
Thu Apr 02 13:07:09 GMT+03:00 2026,02-apr.-2026 13:07:09.168,0.0,11.399999618530273,83.0,34.779998779296875,-0.11,1.86,9.57,0.01,11.37,0,-,8,16.56,34.81,89,-,2.75,801.75,0,83,0,-,14,4.5,2.48,-,-,48.74,0,51.26,1152,0,0,6.27,5.5
Thu Apr 02 13:07:10 GMT+03:00 2026,02-apr.-2026 13:07:10.927,0.0,11.399999618530273,83.0,34.7599983215332,-0.18,1.92,9.6,0.02,11.37,-0.01,-,8,16.53,34.81,89,-,2.75,790,0,83,0,-,14,4.5,2.47,-,-,48.66,0,51.34,1154,0,0,6.27,5.5
Thu Apr 02 13:07:12 GMT+03:00 2026,02-apr.-2026 13:07:12.728,0.0,11.5,83.0,34.79999923706055,-0.09,1.85,9.58,0.01,11.37,-0.01,-,8,16.5,34.81,89,-,2.75,796.75,0,83,0,-,14,4.64,2.45,-,-,48.58,0,51.42,1156,0,0,6.27,5.5
Thu Apr 02 13:07:14 GMT+03:00 2026,02-apr.-2026 13:07:14.519,0.0,11.5,83.0,34.779998779296875,-0.23,1.91,9.54,0.01,11.37,0,-,8,16.48,34.81,89,-,2.75,789.75,0,83,0,-,14,4.64,2.47,-,-,48.5,0,51.5,1158,0,0,6.27,5.5
Thu Apr 02 13:07:16 GMT+03:00 2026,02-apr.-2026 13:07:16.202,0.0,11.5,83.0,34.77000045776367,-0.17,1.87,9.54,0.01,11.37,0,-,8,16.45,34.81,89,-,2.35,789.25,0,83,0,-,14,4.64,2.51,-,-,48.43,0,51.57,1159,0,0,6.27,5.5
Thu Apr 02 13:07:17 GMT+03:00 2026,02-apr.-2026 13:07:17.822,0.0,11.5,83.0,34.72999954223633,-0.11,1.89,9.58,0.01,11.37,0,-,8,16.43,34.81,89,-,2.35,788.75,0,83,0,-,14,4.64,2.44,-,-,48.36,0,51.64,1161,0,0,6.27,5.5
Thu Apr 02 13:07:19 GMT+03:00 2026,02-apr.-2026 13:07:19.656,0.0,11.5,83.0,34.72999954223633,-0.16,1.93,9.44,0,11.37,-0.01,-,8,16.4,34.81,89,-,2.75,799,0,83,0,-,14,4.5,2.5,-,-,48.28,0,51.72,1163,0,0,6.27,5.5
Thu Apr 02 13:07:21 GMT+03:00 2026,02-apr.-2026 13:07:21.459,0.0,11.5,83.0,34.75,-0.21,1.96,9.55,0.01,11.37,0,-,8,16.38,34.81,89,-,2.35,798,0,83,0,-,14,4.5,2.48,-,-,48.2,0,51.8,1165,0,0,6.27,8
Thu Apr 02 13:07:23 GMT+03:00 2026,02-apr.-2026 13:07:23.188,0.0,11.5,83.0,34.77000045776367,-0.14,1.86,9.54,0.01,11.37,0,-,8,16.35,34.81,89,-,2.35,788.75,0,83,0,-,14,4.5,2.45,-,-,48.13,0,51.87,1166,0,0,6.27,5.5
Thu Apr 02 13:07:24 GMT+03:00 2026,02-apr.-2026 13:07:24.926,0.0,11.5,83.0,34.7400016784668,-0.12,1.86,9.58,0.01,11.37,0,-,8,16.33,34.81,89,-,2.75,785.5,0,83,0,-,14,4.5,2.44,-,-,48.05,0,51.95,1168,0,0,6.27,5.5
Thu Apr 02 13:07:26 GMT+03:00 2026,02-apr.-2026 13:07:26.651,0.0,11.5,83.0,34.720001220703125,-0.22,1.89,9.51,0.01,11.37,0,-,8,16.3,34.81,89,-,2.35,798,0,83,0,-,14,4.5,2.48,-,-,47.98,0,52.02,1170,0,0,6.27,5.5
Thu Apr 02 13:07:28 GMT+03:00 2026,02-apr.-2026 13:07:28.408,0.0,11.5,83.0,34.709999084472656,-0.14,1.88,9.6,0.02,11.37,0,-,8,16.28,34.81,89,-,2.35,795.5,0,83,0,-,14,4.5,2.44,-,-,47.91,0,52.09,1172,0,0,6.27,8.5
Thu Apr 02 13:07:30 GMT+03:00 2026,02-apr.-2026 13:07:30.162,0.0,11.5,83.0,34.70000076293945,-0.13,1.88,9.54,0.01,11.37,0,-,8,16.25,34.81,89,-,2.35,784,0,83,0,-,14,4.64,2.43,-,-,47.83,0,52.17,1173,0,0,6.27,8.5
Thu Apr 02 13:07:31 GMT+03:00 2026,02-apr.-2026 13:07:31.934,0.0,11.5,83.0,34.7400016784668,-0.17,1.94,9.68,0.03,11.37,0,-,8,16.23,34.81,89,-,2.35,787.5,0,83,0,-,14,4.64,2.42,-,-,47.76,0,52.24,1175,0,0,6.27,8.5
Thu Apr 02 13:07:33 GMT+03:00 2026,02-apr.-2026 13:07:33.624,0.0,11.5,83.0,34.779998779296875,0.05,3.8,9.36,0.05,27.06,0,-,8,16.2,34.81,89,-,9.8,1950,0.02,83,0,-,14,11.89,12.44,-,-,47.69,0,52.31,1177,0,0,25.49,15.5
Thu Apr 02 13:07:35 GMT+03:00 2026,02-apr.-2026 13:07:35.392,3.733794927597046,11.300000190734863,85.7,34.75,-0.48,3.5,9.98,0.1,29.8,0.07,-,8,16.19,34.81,89,6.42,9.41,1183,0.01,85.7,10,8.61,14,11.6,10.15,-,-,47.72,0,52.28,1179,13.44,10,28.63,5.5
Thu Apr 02 13:07:37 GMT+03:00 2026,02-apr.-2026 13:07:37.191,6.09945821762085,11.399999618530273,85.9,33.939998626708984,-0.02,2.34,8.96,-0.04,14.51,-0.03,-,8,16.2,34.81,89,13.45,21.57,2508,0.03,85.9,7.56,18.04,14,10.44,19.1,-,-,47.8,0,52.2,1180,21.96,21,15.29,21.5
Thu Apr 02 13:07:38 GMT+03:00 2026,02-apr.-2026 13:07:38.886,6.00166130065918,11.399999618530273,85.80000000000001,35.13999938964844,0.02,2.43,9.31,-0,22.75,0,-,8,16.21,34.81,89,1.36,3.92,1603.75,0.01,85.8,0.04,1.82,14,3.63,4.5,-,-,47.88,0,52.12,1182,21.61,22,9.02,25
Thu Apr 02 13:07:40 GMT+03:00 2026,02-apr.-2026 13:07:40.646,6.225050449371338,11.399999618530273,85.6,38.54999923706055,-0.18,2.72,10.22,0.1,25.88,0.07,-,8,16.22,34.81,88,1.36,10.98,1570.25,0.01,85.6,1.71,1.82,14,8.85,9.85,-,-,47.96,0,52.04,1184,22.41,22,25.88,17.5
Thu Apr 02 13:07:42 GMT+03:00 2026,02-apr.-2026 13:07:42.491,7.316776275634766,11.399999618530273,86.0,41.040000915527344,0.13,0.94,9.78,0.02,13.33,-0.03,-,8,16.23,34.81,88,4.44,12.16,1808,0.01,86,0.57,5.96,14,7.83,9.89,-,-,48.04,0,51.96,1186,26.34,25,10.2,20.5
Thu Apr 02 13:07:44 GMT+03:00 2026,02-apr.-2026 13:07:44.189,4.615514278411865,11.399999618530273,86.30000000000001,42.59000015258789,-0.17,0.87,9.79,0.02,12.94,0,-,8,16.23,34.81,88,4.44,3.14,1448,0,86.3,3.59,5.96,14,2.76,3,-,-,48.12,0,51.88,1187,16.62,19,9.41,-5
Thu Apr 02 13:07:45 GMT+03:00 2026,02-apr.-2026 13:07:46.080,3.608717441558838,11.399999618530273,86.6,41.790000915527344,0.03,2.76,9.46,0.02,27.06,-0.02,-,8,16.23,34.81,88,-,2.75,942.75,0,86.6,4.62,-,14,4.21,2.8,-,-,48.21,0,51.79,1189,12.99,12,17.65,19.5
Thu Apr 02 13:07:47 GMT+03:00 2026,02-apr.-2026 13:07:47.944,4.872360706329346,11.399999618530273,86.6,42.93000030517578,-0.23,2.77,9.37,0.02,19.61,-0.02,-,8,16.23,34.81,88,4.94,8.24,1178.25,0.01,86.6,3.94,6.62,14,8.7,7.57,-,-,48.29,0,51.71,1191,17.54,17,16.08,14.5
Thu Apr 02 13:07:49 GMT+03:00 2026,02-apr.-2026 13:07:49.814,5.452452659606934,11.399999618530273,86.2,41.849998474121094,-0.18,2.95,9.12,-0,27.06,-0.01,-,8,16.23,34.81,88,2.2,9.02,1431.75,0.01,86.2,0.01,2.95,14,6.82,6.69,-,-,48.37,0,51.63,1193,19.63,19,27.84,13.5
Thu Apr 02 13:07:51 GMT+03:00 2026,02-apr.-2026 13:07:51.470,7.0722832679748535,11.399999618530273,86.0,43.560001373291016,-0.46,1.75,9.37,-0.01,23.14,0,-,8,16.25,34.81,88,9.05,10.2,1796.5,0.02,86,1.73,12.13,14,10.01,13.03,-,-,48.45,0,51.55,1195,25.46,25,22.35,13.5
Thu Apr 02 13:07:52 GMT+03:00 2026,02-apr.-2026 13:07:53.113,7.2539801597595215,11.399999618530273,85.80000000000001,43.54999923706055,-0.6,0.99,9.61,0.01,16.08,-0.01,-,8,16.26,34.81,88,3.46,9.02,1980.75,0.01,85.8,1.54,4.64,14,6.09,8.21,-,-,48.52,0,51.48,1196,26.11,27,23.14,23.5
Thu Apr 02 13:07:54 GMT+03:00 2026,02-apr.-2026 13:07:54.842,7.3224382400512695,11.399999618530273,85.1,42.81999969482422,-0.02,2.75,9.21,-0,28.24,0.02,-,8,16.28,34.81,88,3.46,3.53,2017,0,85.1,0.95,4.64,14,3.05,3.73,-,-,48.6,0,51.4,1198,26.36,27,17.65,28.5
Thu Apr 02 13:07:56 GMT+03:00 2026,02-apr.-2026 13:07:56.554,8.485196113586426,11.399999618530273,85.6,43.869998931884766,0.65,2.93,9.81,0.07,29.8,0.05,-,8,16.3,34.81,88,5.8,15.29,2098.25,0.02,85.6,1.68,7.77,14,8.7,13.03,-,-,48.67,0,51.33,1200,30.55,30,30.2,20.5
Thu Apr 02 13:07:58 GMT+03:00 2026,02-apr.-2026 13:07:58.267,9.64126205444336,11.399999618530273,85.6,51.34000015258789,0.7,3.34,8.96,-0,36.47,-0.02,-,8,16.33,34.81,88,11.1,5.49,2397.5,0.01,85.6,1.44,14.89,14,8.56,10.07,-,-,48.75,0,51.25,1201,34.71,35,30.2,17
Thu Apr 02 13:07:59 GMT+03:00 2026,02-apr.-2026 13:08:00.090,10.43496322631836,11.399999618530273,85.80000000000001,54.130001068115234,-0.14,1.95,9.71,0.03,16.08,0,-,8,16.36,34.81,88,9.66,22.75,1845.25,0.03,85.8,4.29,12.95,14,13.49,20.73,-,-,48.83,0,51.17,1203,37.57,39,29.41,8
Thu Apr 02 13:08:01 GMT+03:00 2026,02-apr.-2026 13:08:01.904,11.370728492736816,11.399999618530273,84.5,54.40999984741211,-0.03,0.1,9.78,0.02,12.94,0,-,8,16.4,34.81,87,4.71,3.53,1998.75,0.01,84.5,0.36,6.32,14,3.19,3.97,-,-,48.91,0,51.09,1205,40.93,41,7.84,28
Thu Apr 02 13:08:03 GMT+03:00 2026,02-apr.-2026 13:08:03.591,9.285589218139648,11.399999618530273,82.9,55.279998779296875,0.06,1.49,9.39,-0.01,12.94,-0.01,-,8,16.42,34.81,87,4.71,3.14,1659.75,0,82.9,1.93,6.32,13,2.61,3.06,-,-,48.99,0,51.01,1207,33.43,34,8.63,27.5
Thu Apr 02 13:08:05 GMT+03:00 2026,02-apr.-2026 13:08:05.224,9.012785911560059,11.399999618530273,82.1,56.150001525878906,0.02,1.85,10.44,0.1,20,-0.04,-,8,16.45,34.81,87,-,4.71,1638.75,0,82.1,0.46,-,14,2.76,3.64,-,-,49.06,0,50.94,1208,32.45,33,19.22,13
Thu Apr 02 13:08:06 GMT+03:00 2026,02-apr.-2026 13:08:07.006,9.139408111572266,11.399999618530273,81.9,57.0,0.13,2.16,10.12,0.07,25.88,0.04,-,8,16.47,34.81,87,2.21,8.24,1638.75,0.01,81.9,1.55,2.96,14,5.8,6.55,-,-,49.13,0,50.87,1210,32.9,34,25.49,21
Thu Apr 02 13:08:08 GMT+03:00 2026,02-apr.-2026 13:08:08.763,10.280547142028809,11.399999618530273,80.1,59.650001525878906,0.07,1.99,9.66,0.02,14.51,0,-,8,16.47,34.81,87,2.21,12.55,1777.75,0.02,80.1,1.55,2.96,14,8.7,11.31,-,-,49.21,0,50.79,1212,37.01,34,11.76,21
Thu Apr 02 13:08:10 GMT+03:00 2026,02-apr.-2026 13:08:10.524,10.276429176330566,11.5,78.5,61.599998474121094,-0.21,1.72,9.82,0.04,23.53,0.02,-,8,16.51,34.81,87,2.21,6.27,1847.25,0,78.5,0.62,2.96,14,2.76,3.25,-,-,49.29,0,50.71,1214,37,38,22.75,28
Thu Apr 02 13:08:12 GMT+03:00 2026,02-apr.-2026 13:08:12.398,10.247090339660645,11.399999618530273,77.30000000000001,61.880001068115234,-0.18,1.54,9.53,0,12.55,-0.01,-,8,16.54,34.81,87,2.34,3.53,1797.5,0.01,77.3,4,3.14,13,4.79,5.11,-,-,49.37,0,50.63,1216,36.89,39,7.84,28.5
Thu Apr 02 13:08:14 GMT+03:00 2026,02-apr.-2026 13:08:14.175,10.05303955078125,11.399999618530273,75.9,61.52000045776367,-0.31,1.6,9.83,0.03,12.94,0.01,-,8,16.57,34.81,87,2.34,3.14,1815,0,75.9,1.11,3.14,14,2.47,3.01,-,-,49.45,0,50.55,1217,36.19,38,8.63,29
Thu Apr 02 13:08:15 GMT+03:00 2026,02-apr.-2026 13:08:15.928,9.917667388916016,11.399999618530273,75.0,60.97999954223633,-0.22,2.29,9.87,0.05,25.49,0,-,8,16.6,34.81,87,-,7.45,1731.25,0.01,75,0.81,-,13,3.19,5,-,-,49.52,0,50.48,1219,35.7,37,25.1,24.5
Thu Apr 02 13:08:17 GMT+03:00 2026,02-apr.-2026 13:08:17.574,10.619749069213867,11.399999618530273,74.7,60.11000061035156,-0.22,2.12,9.66,0.03,21.96,0,-,8,16.63,34.81,86,4.7,10.2,1857,0.01,74.7,2.26,6.3,14,7.25,9.36,-,-,49.59,0,50.41,1221,38.23,39,25.49,22.5
Thu Apr 02 13:08:19 GMT+03:00 2026,02-apr.-2026 13:08:19.223,11.131897926330566,11.399999618530273,74.2,58.459999084472656,-0.54,1.8,9.27,-0.02,21.18,0,-,8,16.67,34.81,86,5.53,8.24,1966.25,0.01,74.2,1.85,7.41,13,5.66,7.55,-,-,49.66,0,50.34,1222,40.07,41,20,24.5
Thu Apr 02 13:08:20 GMT+03:00 2026,02-apr.-2026 13:08:20.957,11.440216064453125,11.399999618530273,73.9,56.0099983215332,-0.63,1.87,9.21,-0.02,22.75,-0.04,-,8,16.71,34.81,86,2.77,7.84,2013.75,0.01,73.9,1.93,3.71,13,5.22,7.19,-,-,49.74,0,50.26,1224,41.18,42,20.78,25
Thu Apr 02 13:08:22 GMT+03:00 2026,02-apr.-2026 13:08:22.746,11.312564849853516,11.399999618530273,74.9,51.380001068115234,-0.51,2.31,8.85,-0.05,27.06,-0.04,-,8,16.75,34.81,86,2.61,9.02,2050,0.01,74.9,1.77,3.5,13,5.66,8.12,-,-,49.81,0,50.19,1226,40.73,43,25.1,20
Thu Apr 02 13:08:24 GMT+03:00 2026,02-apr.-2026 13:08:24.596,12.133031845092773,11.399999618530273,76.6,47.060001373291016,-0.53,2.55,9.3,0,29.02,0.06,-,8,16.79,34.81,86,5.28,12.94,2150,0.02,76.6,2.82,7.09,13,7.83,11.71,-,-,49.89,0,50.11,1228,43.68,45,29.41,22
Thu Apr 02 13:08:26 GMT+03:00 2026,02-apr.-2026 13:08:26.375,13.975737571716309,11.399999618530273,77.0,41.81999969482422,-0.59,2.4,9.15,-0.01,29.02,-0.01,-,8,16.83,34.81,86,12.02,17.25,2339.25,0.02,77,2.32,16.12,13,9.28,15.85,-,-,49.97,0,50.03,1230,50.31,49,30.2,21
Thu Apr 02 13:08:28 GMT+03:00 2026,02-apr.-2026 13:08:28.187,13.939706802368164,11.399999618530273,75.9,38.27000045776367,-1.3,1.34,9.06,-0.04,13.73,0.04,-,8,16.89,34.81,86,8.99,6.27,2324.75,0.01,75.9,1.69,12.05,13,5.37,7.28,-,-,50.04,0,49.96,1231,50.18,52,12.16,40
Thu Apr 02 13:08:29 GMT+03:00 2026,02-apr.-2026 13:08:29.790,13.241229057312012,11.399999618530273,75.80000000000001,35.75,-0.74,1.15,10.48,0.1,12.94,0,-,8,16.94,34.81,86,8.99,3.14,1938.75,0,75.8,0.82,12.05,13,2.61,3.37,-,-,50.11,0,49.89,1233,47.67,51,8.24,29
Thu Apr 02 13:08:31 GMT+03:00 2026,02-apr.-2026 13:08:31.484,13.631903648376465,11.399999618530273,80.6,30.729999542236328,-0.81,1.53,9.63,0.02,20.78,0,-,8,16.98,34.81,86,-,3.14,1891,0,80.6,0.78,-,13,2.47,3.12,-,-,50.18,0,49.82,1235,49.07,50,12.94,29
Thu Apr 02 13:08:33 GMT+03:00 2026,02-apr.-2026 13:08:33.217,13.48108959197998,11.5,82.30000000000001,25.770000457763672,-0.87,1.76,10.46,0.1,13.73,-0.01,-,8,17.03,34.81,86,-,7.06,1907.25,0.01,82.3,0.93,-,13,5.37,6.54,-,-,50.25,0,49.75,1236,48.53,50,10.59,23.5
Thu Apr 02 13:08:34 GMT+03:00 2026,02-apr.-2026 13:08:35.042,12.875261306762695,11.399999618530273,82.0,22.579999923706055,-1.1,1.84,10.49,0.11,24.31,-0.09,-,8,17.08,34.81,86,-,5.1,1864.5,0,82,0.47,-,13,2.61,3.25,-,-,50.33,0,49.67,1238,46.35,49,23.14,24.5
Thu Apr 02 13:08:36 GMT+03:00 2026,02-apr.-2026 13:08:36.815,12.91129207611084,11.399999618530273,80.9,15.470000267028809,-0.19,1.64,9.43,-0.01,26.67,-0.07,-,8,17.13,34.81,86,3,10.2,1885.25,0.01,80.9,3.61,4.03,13,6.67,8.76,-,-,50.4,0,49.6,1240,46.48,50,25.88,23
Thu Apr 02 13:08:38 GMT+03:00 2026,02-apr.-2026 13:08:38.687,14.332440376281738,11.399999618530273,76.5,14.020000457763672,0.48,2.02,9.86,0.05,26.27,-0.03,-,8,17.18,34.81,86,6.29,13.33,1954,0.01,76.5,1.89,8.44,13,7.83,10.68,-,-,50.48,0,49.52,1242,51.6,52,28.63,21.5
Thu Apr 02 13:08:40 GMT+03:00 2026,02-apr.-2026 13:08:40.417,14.937753677368164,11.399999618530273,74.30000000000001,18.59000015258789,-0.2,2.34,9.58,0.02,25.1,0.03,-,8,17.23,34.81,86,6.46,12.16,2054.5,0.01,74.3,1.94,8.66,13,7.69,11.16,-,-,50.55,0,49.45,1244,53.78,54,25.1,23.5
Thu Apr 02 13:08:42 GMT+03:00 2026,02-apr.-2026 13:08:42.226,15.108641624450684,11.399999618530273,76.7,18.030000686645508,-0.32,1.75,9.96,0.05,26.27,-0.03,-,8,17.29,34.81,85,6.71,11.76,2118.5,0.01,76.7,2.22,9,13,7.11,10.45,-,-,50.63,0,49.37,1245,54.39,56,25.88,23.5
Thu Apr 02 13:08:43 GMT+03:00 2026,02-apr.-2026 13:08:43.957,15.567258834838867,11.399999618530273,76.5,16.209999084472656,-1.19,1.68,9.5,0.01,12.55,-0.03,-,8,17.34,34.81,85,6.71,4.31,2195.5,0.01,76.5,1.61,9,13,4.79,5.94,-,-,50.7,0,49.3,1247,56.04,56,8.63,28.5
Thu Apr 02 13:08:45 GMT+03:00 2026,02-apr.-2026 13:08:45.613,15.063345909118652,11.399999618530273,75.30000000000001,11.520000457763672,-1.17,1.41,9.43,-0,12.94,-0.02,-,8,17.39,34.81,85,-,3.53,2062.5,0,75.3,1.53,-,13,2.47,3.35,-,-,50.76,0,49.24,1249,54.23,54,8.24,29.5
Thu Apr 02 13:08:47 GMT+03:00 2026,02-apr.-2026 13:08:47.304,14.140448570251465,11.399999618530273,68.0,3.880000114440918,-0.9,1.87,9.41,0,21.18,-0.08,-,8,17.44,34.81,85,-,3.14,1966.25,0,68,0.22,-,13,2.47,3.19,-,-,50.83,0,49.17,1251,50.91,52,8.63,29.5
Thu Apr 02 13:08:48 GMT+03:00 2026,02-apr.-2026 13:08:49.080,14.052431106567383,11.399999618530273,63.5,0.4300000071525574,-1.2,1.67,9.27,-0.01,23.53,0.02,-,8,17.49,34.81,85,-,7.84,1988.25,0.01,63.5,0.91,-,13,5.22,6.83,-,-,50.91,0,49.09,1252,50.59,50,22.35,17.5
Thu Apr 02 13:08:50 GMT+03:00 2026,02-apr.-2026 13:08:50.811,13.918603897094727,11.399999618530273,61.2,353.8500061035156,-0.8,1.88,9.93,0.05,25.49,0.03,-,8,17.54,34.81,85,-,9.41,1910,0.01,61.2,0.02,-,13,6.09,7.96,-,-,50.98,0,49.02,1254,50.11,50,25.1,23.5
Thu Apr 02 13:08:52 GMT+03:00 2026,02-apr.-2026 13:08:52.483,14.13530158996582,11.399999618530273,61.5,349.42999267578125,-0.65,1.68,9.51,0.01,16.86,0.01,-,8,17.59,34.81,85,3.28,7.84,1925.75,0.01,61.5,0.2,4.4,13,6.09,7.61,-,-,51.04,0,48.96,1256,50.89,51,20,24.5
Thu Apr 02 13:08:54 GMT+03:00 2026,02-apr.-2026 13:08:54.260,13.662786483764648,11.399999618530273,69.4,346.6199951171875,-0,-0.12,9,-0.06,12.94,0.08,-,8,17.63,34.81,84,3.28,3.92,1850.75,0.01,69.4,0.89,4.4,13,3.34,4.16,-,-,51.11,0,48.89,1258,49.19,50,8.63,28
Thu Apr 02 13:08:55 GMT+03:00 2026,02-apr.-2026 13:08:56.056,11.879274368286133,11.399999618530273,69.30000000000001,346.95001220703125,-0.34,1.74,9.18,-0.03,14.51,-0.05,-,8,17.67,34.81,84,-,3.14,1673,0,69.3,6.19,-,13,2.61,2.96,-,-,51.19,0,48.81,1259,42.77,43,8.63,27
Thu Apr 02 13:08:57 GMT+03:00 2026,02-apr.-2026 13:08:57.879,10.402021408081055,11.399999618530273,69.9,347.0799865722656,0.12,2.75,9.65,0.04,57.65,-0.03,-,8,17.7,34.81,84,-,13.33,1461.25,0.01,69.9,0.88,-,13,8.7,10.16,-,-,51.26,0,48.74,1261,37.45,39,56.08,-2.5
Thu Apr 02 13:08:59 GMT+03:00 2026,02-apr.-2026 13:08:59.639,12.169577598571777,11.5,71.9,347.04998779296875,0.06,2.33,9.62,0.03,40.78,0,-,8,17.74,34.95,84,13.54,23.14,1641.75,0.03,71.9,3.38,18.16,13,14.21,19.79,-,-,51.33,0,48.67,1263,43.81,44,72.55,3.5
Thu Apr 02 13:09:01 GMT+03:00 2026,02-apr.-2026 13:09:01.375,14.017430305480957,11.5,70.7,347.9599914550781,-0.19,2.61,9.19,-0.01,29.8,0.01,-,8,17.78,34.95,84,18.21,24.31,1867.25,0.03,70.7,3.4,24.42,12,13.63,22.13,-,-,51.4,0,48.6,1265,50.46,50,38.04,7
Thu Apr 02 13:09:03 GMT+03:00 2026,02-apr.-2026 13:09:03.171,14.614507675170898,11.600000381469727,69.5,347.1099853515625,0.24,3.41,10.63,0.16,26.27,0.05,-,8,17.83,34.95,84,9.81,10.59,2015,0.01,69.5,2.54,13.15,12,6.82,9.87,-,-,51.47,0,48.53,1266,52.61,53,25.88,23.5
Thu Apr 02 13:09:04 GMT+03:00 2026,02-apr.-2026 13:09:04.994,14.750394821166992,11.600000381469727,68.5,346.04998779296875,0.34,1.86,9.63,0.02,26.67,-0.12,-,8,17.88,34.95,84,3.21,13.73,2040,0.02,68.5,1.39,4.3,12,9.43,14.17,-,-,51.54,0,48.46,1268,53.1,54,26.67,25.5
Thu Apr 02 13:09:06 GMT+03:00 2026,02-apr.-2026 13:09:06.719,15.223424911499023,11.5,67.5,347.2200012207031,0.06,2.1,9.21,-0.02,26.67,0,-,8,17.93,34.95,84,3.42,13.33,2089,0.02,67.5,0.2,4.59,12,7.83,12.12,-,-,51.61,0,48.39,1270,54.8,55,26.67,21.5
Thu Apr 02 13:09:08 GMT+03:00 2026,02-apr.-2026 13:09:08.505,15.70057201385498,11.5,65.5,347.5299987792969,0.15,2.25,8.46,-0.09,27.45,-0.08,-,8,17.99,34.95,84,6.71,14.51,2146.25,0.02,65.5,0.86,8.99,12,7.98,12.18,-,-,51.68,0,48.32,1272,56.52,57,27.84,22
Thu Apr 02 13:09:10 GMT+03:00 2026,02-apr.-2026 13:09:10.339,16.25286865234375,11.399999618530273,65.5,347.6099853515625,-0.26,2.11,8.86,-0.05,26.67,0,-,8,18.05,34.95,83,3.53,14.9,2200.5,0.02,65.5,0.48,4.74,12,8.41,13.5,-,-,51.75,0,48.25,1274,58.51,58,28.24,22.5
Thu Apr 02 13:09:11 GMT+03:00 2026,02-apr.-2026 13:09:12.171,16.595674514770508,11.399999618530273,64.3,347.6400146484375,0.01,0.97,7.83,-0.18,16.08,-0.07,-,8,18.11,34.95,83,7.07,14.9,2276.75,0.02,64.3,1.49,9.48,12,7.83,12.55,-,-,51.83,0,48.17,1275,59.74,60,22.35,22.5
Thu Apr 02 13:09:13 GMT+03:00 2026,02-apr.-2026 13:09:13.985,16.5272159576416,11.399999618530273,65.8,347.32000732421875,-0.2,1.34,9.71,0.02,12.55,0,-,8,18.16,34.95,83,7.07,3.92,2217.5,0.01,65.8,0.27,9.48,12,2.9,4.03,-,-,51.9,0,48.1,1277,59.5,59,8.24,29.5
Thu Apr 02 13:09:15 GMT+03:00 2026,02-apr.-2026 13:09:15.746,16.479862213134766,11.399999618530273,63.1,347.239990234375,-0.47,1.58,9.4,-0.01,12.94,-0.02,-,8,18.22,34.95,83,-,3.53,2122,0,63.1,3.59,-,12,2.47,3.46,-,-,51.96,0,48.04,1279,59.33,56,8.24,29.5
Thu Apr 02 13:09:17 GMT+03:00 2026,02-apr.-2026 13:09:17.558,14.528549194335938,11.399999618530273,61.6,346.5799865722656,-0.54,1.04,9.63,0.01,12.94,0.09,-,8,18.27,34.95,83,-,3.53,2041,0,61.6,0.3,-,12,2.47,3.29,-,-,52.04,0,47.96,1281,52.3,54,8.24,29.5
Thu Apr 02 13:09:19 GMT+03:00 2026,02-apr.-2026 13:09:19.227,13.37968921661377,11.399999618530273,61.3,345.5,-0.17,-0.26,10.28,0.07,12.55,0.04,-,8,18.31,34.95,83,-,3.14,1179.25,0,61.3,2.3,-,12,2.76,2.78,-,-,52.1,0,47.9,1283,48.17,50,7.84,12.5
Thu Apr 02 13:09:20 GMT+03:00 2026,02-apr.-2026 13:09:21.007,11.085572242736816,11.399999618530273,62.1,345.3999938964844,-0.27,-0.4,9.67,0.01,11.76,-0.01,-,8,18.34,34.95,83,-,2.75,943.75,0,62.1,9.17,-,12,3.92,2.69,-,-,52.17,0,47.83,1284,39.91,39,7.06,9
Thu Apr 02 13:09:22 GMT+03:00 2026,02-apr.-2026 13:09:22.853,6.227109432220459,11.5,62.6,348.260009765625,3.1,0.15,9.87,0.07,11.76,0.13,-,8,18.34,34.95,83,-,2.75,815.75,0,62.6,6.57,-,12,4.06,2.49,-,-,52.24,0,47.76,1286,22.42,22,6.67,10.5
Thu Apr 02 13:09:24 GMT+03:00 2026,02-apr.-2026 13:09:24.711,3.433197259902954,11.600000381469727,62.8,44.060001373291016,-0.16,1.97,9.23,-0.02,11.76,-0.04,-,8,18.34,34.95,83,-,3.14,642.25,0,62.8,0.88,-,12,5.22,2.37,-,-,52.31,0,47.69,1288,12.36,17,6.27,3.5
Thu Apr 02 13:09:26 GMT+03:00 2026,02-apr.-2026 13:09:26.494,2.209702491760254,11.5,61.4,66.08000183105469,0.08,3.7,9.22,0.03,26.67,0.01,-,8,18.33,34.95,83,-,8.24,997.25,0.01,61.4,0.67,-,12,5.08,4.84,-,-,52.38,0,47.62,1290,7.95,6,21.18,19.5
Thu Apr 02 13:09:28 GMT+03:00 2026,02-apr.-2026 13:09:28.209,4.779195785522461,11.399999618530273,61.4,72.47000122070312,0.58,1.53,9.29,-0.02,17.25,-0.03,-,8,18.32,34.95,83,6.78,16.86,1744,0.02,61.4,2.37,9.09,12,9.57,12.53,-,-,52.44,0,47.56,1291,17.21,14,29.8,19
Thu Apr 02 13:09:29 GMT+03:00 2026,02-apr.-2026 13:09:29.936,5.578044891357422,11.399999618530273,61.3,73.48999786376953,-0.93,3.21,9.37,0.03,28.63,0.12,-,8,18.32,34.95,83,7.64,15.29,1550,0.01,61.3,2.79,10.24,12,4.06,6.4,-,-,52.51,0,47.49,1293,20.08,20,29.41,7.5
Thu Apr 02 13:09:31 GMT+03:00 2026,02-apr.-2026 13:09:31.673,7.7362751960754395,11.399999618530273,60.3,71.29000091552734,0.96,1.35,9.46,-0,14.12,0.01,-,8,18.34,34.95,84,14.14,17.65,1988.25,0.02,60.3,3.72,18.97,12,10.44,16.34,-,-,52.58,0,47.42,1295,27.85,28,12.16,18.5
Thu Apr 02 13:09:33 GMT+03:00 2026,02-apr.-2026 13:09:33.510,8.089374542236328,11.399999618530273,59.8,79.80000305175781,-0.21,2.03,8.46,-0.09,25.88,0.01,-,8,18.35,34.95,84,1.74,9.41,1407,0.01,59.8,0.67,2.34,12,5.8,3.88,-,-,52.65,0,47.35,1297,29.12,29,25.88,14
Thu Apr 02 13:09:35 GMT+03:00 2026,02-apr.-2026 13:09:35.285,9.02771282196045,11.399999618530273,59.0,71.48999786376953,0.8,2.52,9.97,0.07,14.12,-0.03,-,8,18.37,34.95,83,5.81,9.41,1540,0.01,59,1.19,7.8,12,9.14,10.25,-,-,52.71,0,47.29,1299,32.5,32,17.25,20
Thu Apr 02 13:09:36 GMT+03:00 2026,02-apr.-2026 13:09:37.052,8.467695236206055,11.399999618530273,58.2,71.43000030517578,0.14,-0.38,10.36,0.08,12.94,0.05,-,8,18.39,34.95,83,5.81,3.53,1378,0,58.2,1.5,7.8,12,3.34,3.39,-,-,52.78,0,47.22,1300,30.48,31,8.63,11
Thu Apr 02 13:09:38 GMT+03:00 2026,02-apr.-2026 13:09:38.881,5.567235469818115,11.5,60.0,71.66000366210938,-3.05,0.74,10.58,0.14,12.94,0.06,-,8,18.39,34.95,83,-,3.14,1008.75,0,60,6.63,-,12,3.77,2.8,-,-,52.85,0,47.15,1302,20.04,19,7.45,10
Thu Apr 02 13:09:40 GMT+03:00 2026,02-apr.-2026 13:09:40.652,3.28495717048645,11.699999809265137,60.7,25.18000030517578,-0.39,2.65,9.67,0.04,25.1,-0.06,-,8,18.38,34.95,83,-,4.31,713.25,0,60.7,4.88,-,12,5.66,2.83,-,-,52.91,0,47.09,1304,11.83,12,24.71,-4
Thu Apr 02 13:09:42 GMT+03:00 2026,02-apr.-2026 13:09:42.408,4.901699542999268,11.5,61.4,344.9599914550781,-0.53,3.66,10.23,0.13,29.8,0.03,-,8,18.38,34.95,83,3.92,13.33,1192,0.01,61.4,1.79,5.26,12,10.59,9.1,-,-,52.98,0,47.02,1306,17.65,16,29.8,6
Thu Apr 02 13:09:44 GMT+03:00 2026,02-apr.-2026 13:09:44.183,6.473661422729492,11.5,61.6,343.6400146484375,-0.28,1.64,9.84,0.04,14.51,-0.02,-,8,18.38,34.95,83,11.8,12.94,1720,0.02,61.6,2.72,15.83,12,10.59,14.28,-,-,53.05,0,46.95,1307,23.31,24,12.16,18
Thu Apr 02 13:09:45 GMT+03:00 2026,02-apr.-2026 13:09:46.045,6.180784225463867,11.399999618530273,61.1,343.1099853515625,0.74,0.13,10.69,0.11,12.94,-0.02,-,8,18.39,34.95,83,11.8,3.53,1158.25,0,61.1,1.31,15.83,12,4.5,3.64,-,-,53.11,0,46.89,1309,22.25,22,9.02,9
Thu Apr 02 13:09:47 GMT+03:00 2026,02-apr.-2026 13:09:47.838,3.9170360565185547,11.399999618530273,61.0,338.7300109863281,0.05,2.44,10.07,0.08,12.16,0.05,-,8,18.38,34.95,83,-,3.14,927.5,0,61,7.2,-,12,4.21,2.89,-,-,53.18,0,46.82,1311,14.1,12,7.45,4.5
Thu Apr 02 13:09:49 GMT+03:00 2026,02-apr.-2026 13:09:49.561,2.5607430934906006,11.5,62.0,345.5299987792969,-0.3,2.31,9.6,0.03,21.57,-0.01,-,8,18.37,34.95,83,-,8.24,1012,0.01,62,1.07,-,12,4.64,3.82,-,-,53.24,0,46.76,1313,9.22,10,20.39,31
Thu Apr 02 13:09:51 GMT+03:00 2026,02-apr.-2026 13:09:51.323,2.962226390838623,11.5,60.5,342.4800109863281,-0.05,1.83,9.24,-0.02,13.73,-0.02,-,8,18.36,34.95,83,1.46,5.88,1089.5,0.01,60.5,1.9,1.96,12,7.4,6.51,-,-,53.31,0,46.69,1315,10.66,12,9.41,15
Thu Apr 02 13:09:52 GMT+03:00 2026,02-apr.-2026 13:09:53.054,2.987447738647461,11.5,60.7,342.1600036621094,-0.2,1.43,9.17,-0.03,12.55,0,-,8,18.35,34.95,84,0.81,3.14,1064.5,0,60.7,2.34,1.09,12,4.06,3.18,-,-,53.37,0,46.63,1316,10.75,13,8.63,5.5
Thu Apr 02 13:09:54 GMT+03:00 2026,02-apr.-2026 13:09:54.795,3.2895896434783936,11.5,64.1,345.19000244140625,0.18,1.94,9.02,-0.04,12.16,0,-,8,18.34,34.95,84,0.81,2.75,913.25,0,64.1,2.21,1.09,12,4.35,2.85,-,-,53.44,0,46.56,1318,11.84,13,7.84,6
Thu Apr 02 13:09:56 GMT+03:00 2026,02-apr.-2026 13:09:56.528,2.0794777870178223,11.800000190734863,66.3,355.69000244140625,0.47,2.25,9.59,0.02,24.71,0.08,-,8,18.34,34.95,84,-,6.67,922.25,0,66.3,1.07,-,12,4.64,3.29,-,-,53.5,0,46.5,1320,7.49,12,22.75,10.5
Thu Apr 02 13:09:58 GMT+03:00 2026,02-apr.-2026 13:09:58.318,2.30389666557312,12.300000190734863,66.6,355.2200012207031,0.51,1.6,9.33,-0.01,19.22,0.05,-,8,18.33,34.95,84,3.95,7.06,1136.75,0.01,66.6,9.04,5.29,12,8.41,6.98,-,-,53.56,0,46.44,1322,8.29,16,17.65,18.5
Thu Apr 02 13:10:00 GMT+03:00 2026,02-apr.-2026 13:10:00.065,2.51647686958313,13.199999809265137,66.8,7.889999866485596,1.89,2.97,9.97,0.1,25.88,0.09,-,8,18.33,34.95,84,3.95,4.71,1389.25,0.01,66.8,7.71,5.29,12,7.69,4.53,-,-,53.63,0,46.37,1323,9.06,16,25.49,-9
Thu Apr 02 13:10:01 GMT+03:00 2026,02-apr.-2026 13:10:01.856,3.6838669776916504,13.100000381469727,67.0,32.86000061035156,-0.76,1.41,10.07,0.06,15.69,-0.08,-,8,18.33,34.95,84,4.9,7.06,1389.25,0.01,67,10.94,6.57,12,10.88,11.09,-,-,53.69,0,46.31,1325,13.26,20,9.41,9.5
Thu Apr 02 13:10:03 GMT+03:00 2026,02-apr.-2026 13:10:03.621,4.047775745391846,12.0,65.6,37.7599983215332,1.93,1.58,9.7,0.04,14.9,-0.03,-,8,18.33,34.95,84,4.9,4.71,1336.5,0.01,65.6,2.58,6.57,12,4.35,4.25,-,-,53.76,0,46.24,1327,14.57,18,10.98,16.5
Thu Apr 02 13:10:05 GMT+03:00 2026,02-apr.-2026 13:10:05.391,4.69169282913208,12.100000381469727,65.9,74.31999969482422,0.84,2.27,8.36,-0.09,25.49,-0.11,-,8,18.33,34.95,84,1.15,4.71,1294.5,0.01,65.9,2.63,1.54,12,4.35,4.19,-,-,53.82,0,46.18,1329,16.89,19,16.86,16.5
Thu Apr 02 13:10:07 GMT+03:00 2026,02-apr.-2026 13:10:07.169,5.840038299560547,11.899999618530273,66.4,89.9800033569336,0.3,1.96,5.46,-0.39,27.06,-0.4,-,8,18.33,34.95,84,1.24,11.76,1444.75,0.01,66.4,3.11,1.67,12,9.57,9.86,-,-,53.88,0,46.12,1330,21.02,20,27.45,16
Thu Apr 02 13:10:08 GMT+03:00 2026,02-apr.-2026 13:10:08.940,6.820069313049316,11.800000190734863,65.5,84.52999877929688,-0.59,1.8,9.92,0.05,14.51,0.1,-,8,18.34,34.95,84,7.49,12.94,1829,0.02,65.5,3.98,10.05,12,9.14,11.82,-,-,53.95,0,46.05,1332,24.55,25,24.31,20.5
Thu Apr 02 13:10:10 GMT+03:00 2026,02-apr.-2026 13:10:10.696,6.320788860321045,11.5,63.2,75.30999755859375,-1.48,1.34,10.94,0.15,12.94,0.02,-,8,18.35,34.95,84,7.49,3.53,1087.75,0,63.2,0.89,10.05,12,3.63,3.2,-,-,54.01,0,45.99,1334,22.75,25,9.02,7.5
Thu Apr 02 13:10:12 GMT+03:00 2026,02-apr.-2026 13:10:12.488,5.224945068359375,11.399999618530273,61.4,56.2599983215332,0.77,1.19,9.89,0.04,12.55,-0.04,-,8,18.35,34.95,84,-,3.14,936.25,0,61.4,4.39,-,12,4.21,2.91,-,-,54.07,0,45.93,1336,18.81,17,7.84,11
Thu Apr 02 13:10:14 GMT+03:00 2026,02-apr.-2026 13:10:14.223,3.084730386734009,11.699999809265137,60.6,60.52000045776367,1.15,1.25,10.1,0.06,12.55,0.04,-,8,18.34,34.95,84,-,2.75,725,0,60.6,2.29,-,12,4.5,2.53,-,-,54.14,0,45.86,1338,11.11,14,8.24,11.5
Thu Apr 02 13:10:15 GMT+03:00 2026,02-apr.-2026 13:10:15.972,1.9250611066818237,11.899999618530273,60.5,88.56999969482422,1.6,2.39,9.44,0.02,15.29,-0.06,-,8,18.33,34.95,84,-,3.14,856.25,0,60.5,1.11,-,12,5.22,3.1,-,-,54.2,0,45.8,1339,6.93,10,12.94,1.5
Thu Apr 02 13:10:17 GMT+03:00 2026,02-apr.-2026 13:10:17.702,3.039949417114258,11.899999618530273,60.6,139.52999877929688,0.63,1.04,10.03,0.05,13.73,0.02,-,8,18.32,34.95,84,-,10.98,1219.25,0.01,60.6,0.64,-,12,8.7,7.96,-,-,54.26,0,45.74,1341,10.94,9,10.2,10.5
Thu Apr 02 13:10:19 GMT+03:00 2026,02-apr.-2026 13:10:19.490,0.0,11.800000190734863,60.6,174.83999633789062,-0.58,1.73,9.36,-0.01,13.73,-0.02,-,8,18.3,34.95,84,-,3.14,1244,0,60.6,3.64,-,12,3.48,3.28,-,-,54.23,0,45.77,1343,0,4,9.41,7.5
Thu Apr 02 13:10:21 GMT+03:00 2026,02-apr.-2026 13:10:21.280,0.0,11.699999809265137,60.4,173.77000427246094,0.05,2.3,9.53,0.02,14.12,0.01,-,8,18.28,34.95,84,-,7.06,1504,0.02,60.4,2,-,12,13.2,11.89,-,-,54.15,0,45.85,1345,0,2,11.37,-1.5
Thu Apr 02 13:10:22 GMT+03:00 2026,02-apr.-2026 13:10:22.986,0.0,11.600000381469727,60.4,174.10000610351562,-0.29,4.59,9.32,0.08,27.45,0,-,8,18.26,34.95,84,-,10.98,1420.75,0.01,60.4,0,-,12,5.51,7.35,-,-,54.08,0,45.92,1346,0,0,26.27,15
Thu Apr 02 13:10:24 GMT+03:00 2026,02-apr.-2026 13:10:24.729,4.908905982971191,11.800000190734863,59.6,171.32000732421875,0.31,3.99,9.09,0.03,31.37,0.06,-,8,18.24,34.95,85,5.08,10.98,1229.75,0.02,59.6,1.48,6.81,12,13.63,11.76,-,-,54.1,0,45.9,1348,17.67,9,36.47,2.5
Thu Apr 02 13:10:26 GMT+03:00 2026,02-apr.-2026 13:10:26.475,5.787022113800049,12.100000381469727,59.1,175.85000610351562,-2.35,0.56,10.86,0.15,13.73,-0.05,-,8,18.24,34.95,85,10.05,3.92,1862.75,0.01,59.1,6.26,13.47,12,5.22,6.48,-,-,54.16,0,45.84,1350,20.83,18,10.98,-5
Thu Apr 02 13:10:28 GMT+03:00 2026,02-apr.-2026 13:10:28.214,3.8485779762268066,11.699999809265137,59.9,141.13999938964844,-0.19,-0.07,9.95,0.03,12.55,0.02,-,8,18.23,34.95,85,10.05,3.14,843.75,0,59.9,11.5,13.47,12,4.21,2.92,-,-,54.22,0,45.78,1352,13.85,11,8.24,14
Thu Apr 02 13:10:29 GMT+03:00 2026,02-apr.-2026 13:10:29.942,2.200437545776367,11.600000381469727,59.4,118.58999633789062,0.24,1.25,9.76,0.02,13.33,0,-,8,18.21,34.95,85,-,3.14,825.75,0,59.4,9.85,-,12,4.35,2.75,-,-,54.19,0,45.81,1353,7.92,4,9.8,16
Thu Apr 02 13:10:31 GMT+03:00 2026,02-apr.-2026 13:10:31.622,0.0,11.5,59.1,115.23999786376953,0.23,1.97,9.64,0.02,13.33,0,-,8,18.19,34.95,85,-,3.14,841,0,59.1,0,-,12,5.08,3.19,-,-,54.12,0,45.88,1355,0,0,8.63,0
Thu Apr 02 13:10:33 GMT+03:00 2026,02-apr.-2026 13:10:33.508,0.0,11.5,59.0,115.08999633789062,0.37,2.01,9.51,0.01,7.45,0,-,8,18.17,34.95,85,-,3.14,828.75,0,59,0,-,12,5.08,3.04,-,-,54.04,0,45.96,0,0,0,1.18,10.5
Thu Apr 02 13:10:35 GMT+03:00 2026,02-apr.-2026 13:10:35.656,0.0,11.300000190734863,59.0,115.16999816894531,0.23,2.03,9.57,0.02,19.61,0,-,8,18.14,34.95,85,-,1.57,0,0,59,0,-,12,8.7,1.48,-,-,53.96,0,46.04,0,0,0,1.18,3.5
Thu Apr 02 13:10:37 GMT+03:00 2026,02-apr.-2026 13:10:37.996,0.0,11.300000190734863,59.0,115.05999755859375,0.23,2.22,10.73,0.14,19.61,0.11,-,8,18.12,34.95,85,-,1.57,0,0,59,0,-,12,14.36,1.48,-,-,53.87,0,46.13,0,0,0,17.65,3.5
Thu Apr 02 13:10:39 GMT+03:00 2026,02-apr.-2026 13:10:39.663,0.0,11.300000190734863,59.0,117.7699966430664,-5.24,-2.84,5.03,-0.19,19.61,0.43,-,8,18.12,34.95,85,-,1.57,0,0,59,0,-,12,14.36,1.48,-,-,53.82,0,46.18,0,0,0,17.65,3.5
Thu Apr 02 13:10:42 GMT+03:00 2026,02-apr.-2026 13:10:42.457,0.0,3.0,59.0,155.82000732421875,-0.45,5.38,8.08,0.02,19.61,0,-,8,18.12,34.95,85,-,1.57,0,0,59,0,-,12,14.36,1.48,-,-,53.69,0,46.31,0,0,0,17.65,3.5
Thu Apr 02 13:10:44 GMT+03:00 2026,02-apr.-2026 13:10:44.238,0.0,3.0999999046325684,59.0,155.82000732421875,-0.06,4.91,8.32,0,19.61,-0.05,-,8,18.12,34.95,85,-,1.57,0,0,59,0,-,12,14.36,1.48,-,-,53.61,0,46.39,0,0,0,17.65,3.5
