GPS Time,Device Time,GPS Speed (Meters/second),Horizontal Dilution of Precision,Altitude,Bearing,G(x),G(y),G(z),G(calibrated),Absolute Throttle Position B(%),Acceleration Sensor(Total)(g),Air Fuel Ratio(Measured)(:1),Ambient air temp(°C),Average trip speed(whilst stopped or moving)(km/h),Barometric pressure (from vehicle)(psi),Engine Coolant Temperature(°C),Engine kW (At the wheels)(kW),Engine Load(%),Engine RPM(rpm),Fuel flow rate/minute(gal/min),GPS Altitude(m),GPS vs OBD Speed difference(km/h),Horsepower (At the wheels)(hp),Intake Air Temperature(°C),Intake Manifold Pressure(psi),Mass Air Flow Rate(g/s),O2 Bank 1 Sensor 1 Voltage(V),O2 Bank 1 Sensor 2 Voltage(V),Percentage of City driving(%),Percentage of Highway driving(%),Percentage of Idle driving(%),Run time since engine start(s),Speed (GPS)(km/h),Speed (OBD)(km/h),Throttle Position(Manifold)(%),Timing Advance(°)
Fri Sep 11 09:14:22 GMT+03:00 2026,11-sept.-2026 09:14:22.740,1.3,1.413360365904628,27.8,241.42430940324675,0.4,2.91,9.92,0.15,13.33,0.17,-,20,4.68,35.16,31,2.85,35.69,980.0,0.005,27.8,0.1,3.82,31,17.26,13.32,-,-,-,-,-,18,5.1,5,27.45,-
Fri Sep 11 09:14:23 GMT+03:00 2026,11-sept.-2026 09:14:23.648,2.6,2.632575276484803,28.4,241.42430939839653,-1.0,2.25,12.49,0.12,14.12,0.14,-,20,7.02,35.16,31,5.71,43.92,1089.5,0.01,28.4,0.33,7.65,31,17.84,15.57,-,-,-,-,-,19,9.33,9,28.24,-
Fri Sep 11 09:14:24 GMT+03:00 2026,11-sept.-2026 09:14:24.290,3.9,2.0026660284036275,30.7,241.42430939456196,-2.87,1.12,9.67,0.13,14.12,0.12,-,20,9.36,35.16,31,8.57,37.65,1470.25,0.015,30.7,0.84,11.5,32,18.42,22.77,-,-,-,-,-,20,13.16,14,27.84,-
Fri Sep 11 09:14:25 GMT+03:00 2026,11-sept.-2026 09:14:25.428,5.2,2.1509111814328614,30.0,241.424309393096,-1.48,2.9,10.64,0.17,13.73,0.18,-,20,11.7,34.81,32,11.46,34.9,1936.25,0.02,30,0.74,15.36,32,19.14,32.17,-,-,-,-,-,21,18.74,18,24.71,-
Fri Sep 11 09:14:26 GMT+03:00 2026,11-sept.-2026 09:14:26.425,6.5,2.070452261961633,32.4,241.424309394398,-1.38,4.16,11.52,0.15,13.33,0.16,-,20,14.04,35.16,32,14.36,34.9,2418.75,0.026,32.4,0.07,19.26,32,20.02,42.64,-,-,-,-,-,22,24.07,24,27.84,-
Fri Sep 11 09:14:27 GMT+03:00 2026,11-sept.-2026 09:14:27.369,7.8,1.6371238767927867,31.2,241.4243093957593,-0.39,1.1,9.7,0.13,14.51,0.12,-,20,16.38,35.16,32,17.29,46.27,1732.5,0.028,31.2,1.31,23.19,32,20.74,30.84,-,-,-,-,-,23,29.31,28,31.76,-
Fri Sep 11 09:14:28 GMT+03:00 2026,11-sept.-2026 09:14:28.440,9.1,1.8969682812409776,30.6,241.42430939432148,0.07,4.6,7.99,0.18,14.51,0.19,-,20,18.72,35.51,32,20.26,45.88,2016.25,0.033,30.6,0.03,27.17,32,21.32,37.56,-,-,-,-,-,24,32.03,32,36.08,-
Fri Sep 11 09:14:29 GMT+03:00 2026,11-sept.-2026 09:14:29.296,10.4,1.9609670416010088,31.4,241.4243093953715,-1.26,1.92,11.82,0.18,14.12,0.21,-,20,21.06,35.16,32,23.26,46.27,2282.75,0.038,31.4,0.7,31.2,32,22.05,44.25,-,-,-,-,-,25,37.7,37,36.08,-
Fri Sep 11 09:14:30 GMT+03:00 2026,11-sept.-2026 09:14:30.569,11.7,2.379753400924832,29.4,241.4243093959273,-1.91,1.62,11.43,0.12,14.9,0.14,-,20,23.4,35.16,32,26.31,46.67,2598.25,0.043,29.4,0.05,35.28,32,22.63,51.48,-,-,-,-,-,26,41.95,42,40.0,-
Fri Sep 11 09:14:31 GMT+03:00 2026,11-sept.-2026 09:14:31.413,12.83543274154096,2.197472346775342,28.6,241.42430939402612,0.54,5.14,10.01,0.15,14.51,0.17,-,20,25.68,35.16,33,25.78,56.86,1835.75,0.039,28.6,0.34,34.57,32,22.63,49.79,-,-,-,-,-,27,46.66,47,38.82,-
Fri Sep 11 09:14:32 GMT+03:00 2026,11-sept.-2026 09:14:32.550,13.58309888668417,2.8035236874686067,29.8,241.4243093933913,-0.41,2.96,9.04,0.05,14.51,0.06,-,20,27.79,35.16,33,19.34,45.49,1965.75,0.032,29.8,1.01,25.93,32,21.61,36.91,-,-,-,-,-,28,47.99,49,33.33,-
Fri Sep 11 09:14:33 GMT+03:00 2026,11-sept.-2026 09:14:33.784,13.71663423791943,1.5149009758698726,29.2,241.42430939503572,-1.65,3.99,8.72,0.0,13.73,-0.01,-,20,29.59,35.16,33,6.66,34.12,1443.25,0.012,29.2,0.13,8.93,32,20.6,24.79,-,-,-,-,-,29,48.87,49,23.53,-
Fri Sep 11 09:14:34 GMT+03:00 2026,11-sept.-2026 09:14:34.368,13.811118349677477,2.281395971679293,28.7,241.42430939630327,2.04,1.54,10.71,-0.01,13.33,-0.01,-,20,31.14,35.16,33,-,32.55,1437.0,0.011,28.7,0.8,-,33,19.58,23.41,-,-,-,-,-,30,49.2,50,21.57,-
Fri Sep 11 09:14:35 GMT+03:00 2026,11-sept.-2026 09:14:35.417,14.099292188793813,1.808009498987437,29.0,241.4243093949416,-1.69,3.61,10.61,-0.01,14.12,-0.02,-,20,32.54,35.16,34,10.24,41.18,1484.5,0.017,29,0.89,13.74,33,17.84,22.24,-,-,-,-,-,31,51.89,51,16.47,-
Fri Sep 11 09:14:36 GMT+03:00 2026,11-sept.-2026 09:14:36.587,13.858398760742087,1.4918969639805826,30.3,241.42430939406947,-0.45,1.85,7.18,-0.05,12.94,-0.08,-,20,33.7,35.51,34,-,20.78,1445.0,0.002,30.3,0.02,-,33,17.55,21.23,-,-,-,-,-,32,50.02,50,14.9,-
Fri Sep 11 09:14:37 GMT+03:00 2026,11-sept.-2026 09:14:37.638,13.872209618848451,1.59474054974932,31.0,241.42430939503453,-1.57,2.8,9.29,-0.03,13.33,-0.03,-,20,34.71,35.16,34,-,28.63,1443.0,0.008,31,1.33,-,33,17.69,21.36,-,-,-,-,-,33,51.33,50,12.55,-
Fri Sep 11 09:14:38 GMT+03:00 2026,11-sept.-2026 09:14:38.695,14.017880445568142,2.745751959101116,32.6,241.42430939582837,-1.71,1.34,10.59,0.05,13.33,0.07,-,20,35.64,35.16,34,7.12,34.51,1467.25,0.013,32.6,0.28,9.54,32,17.55,21.59,-,-,-,-,-,34,49.72,50,18.82,-
Fri Sep 11 09:14:39 GMT+03:00 2026,11-sept.-2026 09:14:39.494,14.230267136768282,1.4996820993806836,31.0,241.42430939655185,-0.03,1.06,8.05,0.0,14.12,0.0,-,20,36.5,35.16,34,8.71,37.65,1481.0,0.015,31,0.49,11.68,32,17.98,22.3,-,-,-,-,-,35,51.49,51,18.04,-
Fri Sep 11 09:14:40 GMT+03:00 2026,11-sept.-2026 09:14:40.401,14.19918718141856,1.5739768902105788,30.1,241.42430939430392,-1.68,-0.71,9.75,0.01,13.73,0.05,-,20,37.27,34.81,34,-,26.27,1478.5,0.006,30.1,0.39,-,32,17.98,22.4,-,-,-,-,-,36,51.39,51,16.08,-
Fri Sep 11 09:14:41 GMT+03:00 2026,11-sept.-2026 09:14:41.739,14.244477802117906,2.063697263457286,31.4,241.42430939306183,-0.84,3.38,8.32,0.04,12.94,0.05,-,20,37.97,34.81,34,-,29.8,1483.0,0.009,31.4,0.62,-,31,17.69,22.08,-,-,-,-,-,37,52.62,52,12.16,-
Fri Sep 11 09:14:42 GMT+03:00 2026,11-sept.-2026 09:14:42.517,14.244623766651753,1.566396730028544,31.8,241.42430939512445,-1.25,-0.73,9.31,-0.03,12.94,-0.04,-,20,38.61,35.16,34,-,27.84,1490.75,0.008,31.8,0.03,-,31,16.68,21.05,-,-,-,-,-,38,52.03,52,10.2,-
Fri Sep 11 09:14:43 GMT+03:00 2026,11-sept.-2026 09:14:43.364,14.096754522909048,2.853689946400019,30.9,241.4243093964649,-1.81,2.56,9.04,0.03,13.33,0.03,-,20,39.16,35.16,35,-,20.78,1468.75,0.002,30.9,0.52,-,30,17.26,21.32,-,-,-,-,-,39,50.48,51,12.16,-
Fri Sep 11 09:14:44 GMT+03:00 2026,11-sept.-2026 09:14:44.540,14.25409120657974,1.459997185408264,31.1,241.4243093955773,-1.41,1.2,10.72,-0.01,14.51,0.0,-,20,39.69,35.16,35,7.53,34.9,1497.0,0.013,31.1,1.29,10.1,30,17.11,21.75,-,-,-,-,-,40,52.29,51,12.55,-
Fri Sep 11 09:14:45 GMT+03:00 2026,11-sept.-2026 09:14:45.273,14.278458181054315,2.4148266649937344,32.1,241.42430939430747,1.58,0.64,10.21,0.02,12.94,0.01,-,20,40.18,35.16,34,-,29.02,1483.5,0.009,32.1,0.41,-,30,17.26,21.72,-,-,-,-,-,41,51.59,52,16.08,-
Fri Sep 11 09:14:46 GMT+03:00 2026,11-sept.-2026 09:14:46.700,14.325753484270162,2.866687212821991,32.1,241.42430939509188,-1.77,5.36,10.67,-0.01,13.33,0.03,-,20,40.63,35.16,35,-,29.8,1498.75,0.01,32.1,0.32,-,29,17.98,22.83,-,-,-,-,-,42,51.32,51,14.9,-
Fri Sep 11 09:14:47 GMT+03:00 2026,11-sept.-2026 09:14:47.697,14.41051475957025,1.4520686304145496,30.8,241.4243093948519,-0.75,4.64,9.85,0.01,13.33,0.03,-,20,41.06,35.51,35,-,31.37,1516.5,0.011,30.8,0.38,-,29,17.69,22.87,-,-,-,-,-,43,52.38,52,15.29,-
Fri Sep 11 09:14:48 GMT+03:00 2026,11-sept.-2026 09:14:48.650,14.467607130351524,1.853827825425236,30.3,241.42430939470165,-0.12,4.55,8.29,0.08,12.94,0.06,-,20,41.47,34.81,36,-,30.2,1518.5,0.01,30.3,0.42,-,29,17.26,22.32,-,-,100,0,0,44,51.42,51,12.16,-
Fri Sep 11 09:14:49 GMT+03:00 2026,11-sept.-2026 09:14:49.253,14.332666268278343,2.4935314373417854,31.4,241.42430939430585,0.88,1.66,8.65,0.02,13.33,0.0,-,20,41.83,34.81,35,-,21.57,1482.75,0.002,31.4,0.01,-,29,16.68,21.06,-,-,100,0,0,45,51.99,52,8.24,-
Fri Sep 11 09:14:50 GMT+03:00 2026,11-sept.-2026 09:14:50.372,14.197411922328502,2.6930996824210123,31.7,241.42430939536263,-0.15,1.57,10.83,0.01,13.33,0.0,-,20,42.15,35.51,35,-,21.57,1488.75,0.002,31.7,1.62,-,29,17.26,21.85,-,-,100,0,0,46,52.62,51,12.94,-
Fri Sep 11 09:14:51 GMT+03:00 2026,11-sept.-2026 09:14:51.486,14.52288300413866,3.822633990342303,30.3,241.42430939473223,0.33,2.68,8.21,0.01,14.12,-0.03,-,20,42.49,35.16,36,11.45,42.35,1521.0,0.019,30.3,0.87,15.36,29,16.68,21.61,-,-,100,0,0,47,51.13,52,12.94,-
Fri Sep 11 09:14:52 GMT+03:00 2026,11-sept.-2026 09:14:52.326,14.358215039007185,1.4226878178079614,31.5,241.4243093941929,-2.19,0.52,10.1,-0.03,12.94,-0.05,-,20,42.79,35.16,36,-,20.78,1489.0,0.002,31.5,0.09,-,29,17.4,22,-,-,100,0,0,48,51.91,52,17.25,-
Fri Sep 11 09:14:53 GMT+03:00 2026,11-sept.-2026 09:14:53.472,14.483541443558712,1.495367050688236,31.4,241.424309395541,-1.85,4.77,9.96,-0.03,14.51,-0.06,-,20,43.08,35.16,36,6.98,33.73,1505.75,0.013,31.4,0.77,9.36,29,17.4,22.25,-,-,100,0,0,49,52.77,52,9.41,-
Fri Sep 11 09:14:54 GMT+03:00 2026,11-sept.-2026 09:14:54.694,14.336936693038046,2.1471381567328245,30.5,241.42430939464032,-1.97,0.46,10.51,-0.06,13.33,-0.06,-,20,43.34,35.51,36,-,20.78,1504.25,0.002,30.5,1.29,-,29,16.53,21.23,-,-,100,0,0,50,50.71,52,11.76,-
Fri Sep 11 09:14:55 GMT+03:00 2026,11-sept.-2026 09:14:55.653,14.330644189972354,1.978814169075491,31.0,241.42430939593535,-1.1,2.28,9.53,0.01,13.73,0.02,-,20,43.58,35.16,36,-,27.45,1499.5,0.008,31,0.87,-,29,17.11,21.8,-,-,100,0,0,51,51.13,52,9.8,-
Fri Sep 11 09:14:56 GMT+03:00 2026,11-sept.-2026 09:14:56.555,14.350855318090591,2.302187038992338,31.1,241.4243093946405,1.21,1.51,10.58,-0.01,14.12,-0.01,-,20,43.81,35.16,36,-,28.63,1503.75,0.009,31.1,0.78,-,29,16.68,21.41,-,-,100,0,0,52,52.78,52,11.76,-
Fri Sep 11 09:14:57 GMT+03:00 2026,11-sept.-2026 09:14:57.385,14.335483735527854,1.6785217586958154,31.3,241.42430939335043,0.0,3.72,7.67,-0.03,13.33,0.0,-,20,44.03,35.51,36,-,27.06,1500.25,0.007,31.3,0.64,-,29,17.4,22.23,-,-,100,0,0,53,52.64,52,13.73,-
Fri Sep 11 09:14:58 GMT+03:00 2026,11-sept.-2026 09:14:58.538,14.434508554114313,2.9495967830505254,30.8,241.4243093949416,-0.5,2.43,9.39,0.01,13.73,-0.02,-,20,44.24,35.16,36,-,32.16,1504.25,0.012,30.8,0.68,-,29,16.97,21.73,-,-,100,0,0,54,51.32,52,10.98,-
Fri Sep 11 09:14:59 GMT+03:00 2026,11-sept.-2026 09:14:59.404,14.210716791607764,2.100963403710159,30.7,241.4243093959104,1.36,2.65,7.94,-0.02,12.55,-0.01,-,20,44.43,35.16,36,-,20.78,1477.5,0.002,30.7,1.16,-,29,17.26,21.57,-,-,100,0,0,55,49.84,51,13.33,-
Fri Sep 11 09:15:00 GMT+03:00 2026,11-sept.-2026 09:15:00.357,14.320003660087124,2.421848169789332,32.1,241.4243093948511,-1.84,2.68,10.19,0.02,13.33,0.04,-,20,44.61,35.16,36,-,32.94,1489.5,0.012,32.1,0.26,-,29,17.26,21.79,-,-,100,0,0,56,51.74,52,11.37,-
Fri Sep 11 09:15:01 GMT+03:00 2026,11-sept.-2026 09:15:01.577,14.310756348226771,2.379486688232648,31.1,241.4243093947302,0.63,1.68,8.73,-0.03,13.33,-0.01,-,20,44.78,35.16,37,-,27.45,1495.5,0.007,31.1,0.45,-,29,16.97,21.51,-,-,100,0,0,57,51.55,52,13.73,-
Fri Sep 11 09:15:02 GMT+03:00 2026,11-sept.-2026 09:15:02.755,14.291849421046162,2.743262031058689,30.4,241.42430939551437,0.44,0.88,6.77,0.01,13.33,0.02,-,20,44.94,35.16,37,-,27.06,1473.25,0.007,30.4,0.07,-,29,17.55,21.94,-,-,100,0,0,58,51.93,52,12.94,-
Fri Sep 11 09:15:03 GMT+03:00 2026,11-sept.-2026 09:15:03.642,14.36219336247195,2.4494407142744485,32.3,241.42430939536388,-0.47,1.82,10.62,0.01,12.94,0.0,-,20,45.1,35.51,37,-,30.98,1497.5,0.01,32.3,0.66,-,29,16.97,21.69,-,-,100,0,0,59,51.34,52,11.76,-
Fri Sep 11 09:15:04 GMT+03:00 2026,11-sept.-2026 09:15:04.298,14.274075764590512,3.0435478547711483,33.3,241.4243093949112,-1.13,-0.09,10.09,-0.01,13.33,-0.01,-,20,45.25,35.16,37,-,23.92,1475.0,0.004,33.3,1.11,-,29,16.53,20.78,-,-,100,0,0,60,52.11,51,9.41,-
Fri Sep 11 09:15:05 GMT+03:00 2026,11-sept.-2026 09:15:05.484,14.104821076272524,1.6381271334067495,31.4,241.42430939445185,-1.61,2.26,10.9,-0.01,12.94,0.0,-,20,45.38,35.16,37,-,20.78,1464.0,0.002,31.4,0.08,-,29,16.68,20.68,-,-,100,0,0,61,51.08,51,8.24,-
Fri Sep 11 09:15:06 GMT+03:00 2026,11-sept.-2026 09:15:06.497,14.111674960019757,1.5839501567801166,33.8,241.4243093955817,-0.06,2.68,9.53,0.05,14.12,0.05,-,20,45.5,35.16,37,-,28.24,1473.5,0.008,33.8,2.01,-,29,16.82,20.95,-,-,100,0,0,62,48.99,51,11.76,-
Fri Sep 11 09:15:07 GMT+03:00 2026,11-sept.-2026 09:15:07.541,14.224981561977676,1.4229625646232025,31.1,241.42430939500213,2.25,1.49,9.88,0.01,14.12,0.01,-,20,45.62,35.16,38,-,32.94,1485.25,0.012,31.1,0.98,-,29,17.26,21.7,-,-,100,0,0,63,51.98,51,15.69,-
Fri Sep 11 09:15:08 GMT+03:00 2026,11-sept.-2026 09:15:08.293,14.30432135723608,2.0391786343164817,32.4,241.4243093942463,0.72,2.21,10.0,0.05,13.33,0.05,-,20,45.75,35.16,37,-,31.37,1504.25,0.011,32.4,0.67,-,29,17.55,22.47,-,-,100,0,0,64,52.67,52,14.9,-
Fri Sep 11 09:15:09 GMT+03:00 2026,11-sept.-2026 09:15:09.265,14.26701360939742,2.2777793423401387,32.6,241.4243093941592,-1.69,0.25,8.68,0.0,13.73,0.01,-,20,45.86,34.81,37,-,26.27,1479.75,0.006,32.6,0.81,-,29,17.98,22.57,-,-,100,0,0,65,50.19,51,15.69,-
Fri Sep 11 09:15:10 GMT+03:00 2026,11-sept.-2026 09:15:10.359,14.436185143278813,3.317446786440096,33.3,241.42430939577983,-0.08,2.28,9.26,-0.03,13.33,-0.03,-,20,45.99,35.16,38,7.92,35.69,1502.5,0.014,33.3,2.03,10.62,29,17.69,22.54,-,-,100,0,0,66,53.03,51,14.12,-
Fri Sep 11 09:15:11 GMT+03:00 2026,11-sept.-2026 09:15:11.502,14.414507153450534,3.262789099268521,31.5,241.42430939554595,-0.84,4.55,12.05,-0.01,13.73,0.01,-,20,46.11,35.16,38,-,26.67,1520.0,0.007,31.5,1.29,-,29,16.97,21.99,-,-,100,0,0,67,50.71,52,12.16,-
Fri Sep 11 09:15:12 GMT+03:00 2026,11-sept.-2026 09:15:12.478,14.169546271079032,3.3715580791486897,32.2,241.42430939506363,1.25,3.02,10.81,-0.01,12.94,0.0,-,20,46.2,35.16,37,-,20.78,1475.75,0.002,32.2,1.27,-,29,16.97,21.28,-,-,100,0,0,68,50.73,52,8.63,-
Fri Sep 11 09:15:13 GMT+03:00 2026,11-sept.-2026 09:15:13.276,14.139403549035563,2.384663773638473,31.7,241.4243093949416,2.23,3.11,11.08,0.0,12.55,0.04,-,20,46.29,35.16,39,-,26.27,1486.75,0.006,31.7,1.73,-,29,17.11,21.53,-,-,100,0,0,69,49.27,51,12.55,-
Fri Sep 11 09:15:14 GMT+03:00 2026,11-sept.-2026 09:15:14.457,14.3380257806838,1.5130862830585223,33.4,241.4243093943364,1.72,3.75,9.17,0.04,13.73,0.07,-,20,46.39,34.81,38,8.49,36.86,1499.5,0.015,33.4,1.19,11.39,29,16.68,21.31,-,-,100,0,0,70,52.19,51,12.55,-
Fri Sep 11 09:15:15 GMT+03:00 2026,11-sept.-2026 09:15:15.683,14.204224228911784,2.607103083535261,32.4,241.42430939506383,1.51,2.08,9.09,0.01,13.73,0.06,-,20,46.48,35.16,38,-,21.57,1479.5,0.002,32.4,1.62,-,29,16.68,21,-,-,100,0,0,71,50.38,52,10.59,-
Fri Sep 11 09:15:16 GMT+03:00 2026,11-sept.-2026 09:15:16.361,14.057012518860285,2.3597489035755226,32.7,241.42430939430236,1.14,2.84,8.87,0.01,12.94,0.05,-,20,46.56,35.51,38,-,20.78,1468.75,0.002,32.7,1.0,-,28,17.4,21.71,-,-,100,0,0,72,51.0,50,11.76,-
Fri Sep 11 09:15:17 GMT+03:00 2026,11-sept.-2026 09:15:17.666,14.316150647631364,2.514974123040065,31.2,241.42430939472928,1.72,2.0,9.02,0.01,14.12,0.01,-,20,46.64,35.16,39,9.8,39.22,1508.0,0.017,31.2,1.91,13.15,28,16.53,21.18,-,-,100,0,0,73,50.09,52,11.37,-
Fri Sep 11 09:15:18 GMT+03:00 2026,11-sept.-2026 09:15:18.242,14.163177934031866,2.8940265487005394,31.9,241.42430939579668,-0.22,1.12,10.43,0.02,13.33,-0.02,-,20,46.72,34.81,39,-,20.78,1483.75,0.002,31.9,1.09,-,28,16.82,21.15,-,-,100,0,0,74,49.91,51,13.33,-
Fri Sep 11 09:15:19 GMT+03:00 2026,11-sept.-2026 09:15:19.747,14.12024851362515,1.8023309427740797,32.0,241.42430939518576,-0.71,3.6,8.45,0.04,12.55,0.04,-,20,46.79,34.81,39,-,25.88,1481.75,0.006,32,0.12,-,28,17.4,21.87,-,-,100,0,0,75,50.88,51,9.8,-
Fri Sep 11 09:15:20 GMT+03:00 2026,11-sept.-2026 09:15:20.715,14.178019120631008,2.4678733976240816,31.9,241.4243093949416,0.89,0.65,8.78,0.04,13.73,0.04,-,20,46.86,35.16,39,-,30.59,1486.75,0.01,31.9,0.08,-,28,16.24,20.62,-,-,100,0,0,76,51.08,51,9.8,-
Fri Sep 11 09:15:21 GMT+03:00 2026,11-sept.-2026 09:15:21.523,14.01759551273093,3.9887513790544142,30.3,241.42430939448053,0.22,2.66,8.28,-0.06,12.55,-0.04,-,20,46.92,35.16,39,-,20.78,1477.75,0.002,30.3,0.76,-,28,16.82,21.26,-,-,100,0,0,77,50.76,50,11.76,-
Fri Sep 11 09:15:22 GMT+03:00 2026,11-sept.-2026 09:15:22.341,14.083606716760254,2.6005674123797284,34.9,241.42430939487969,2.73,3.7,9.42,-0.03,13.33,-0.03,-,20,46.99,35.16,39,-,30.59,1485.75,0.01,34.9,0.29,-,27,16.53,20.99,-,-,100,0,0,78,51.29,51,8.24,-
Fri Sep 11 09:15:23 GMT+03:00 2026,11-sept.-2026 09:15:23.618,13.822177748036692,1.7224484564213984,33.7,241.42430939518945,0.95,1.5,10.48,-0.03,12.94,-0.04,-,20,47.03,35.51,39,-,20.78,1437.75,0.002,33.7,0.16,-,27,16.97,20.72,-,-,100,0,0,79,49.84,50,14.9,-
Fri Sep 11 09:15:24 GMT+03:00 2026,11-sept.-2026 09:15:24.549,14.059178177169258,1.6836479234606103,33.5,241.4243093943581,-0.51,1.19,7.53,0.09,14.12,0.11,-,20,47.09,35.16,39,9.11,38.43,1483.0,0.016,33.5,1.78,12.21,27,17.4,22.06,-,-,100,0,0,80,49.22,51,13.73,-
Fri Sep 11 09:15:25 GMT+03:00 2026,11-sept.-2026 09:15:25.631,14.066616761094512,1.6790498832442498,32.3,241.424309395217,-2.98,2.33,9.63,-0.02,13.33,-0.01,-,20,47.14,35.51,39,-,28.24,1478.25,0.008,32.3,1.45,-,27,17.55,22.09,-,-,100,0,0,81,49.55,51,18.04,-
Fri Sep 11 09:15:26 GMT+03:00 2026,11-sept.-2026 09:15:26.790,14.160590060214288,2.81400000123574,33.0,241.42430939461133,-1.21,5.51,8.69,0.08,14.51,0.09,-,20,47.2,35.16,39,-,31.76,1494.5,0.011,33,0.3,-,26,17.26,22.03,-,-,100,0,0,82,51.3,51,10.2,-
Fri Sep 11 09:15:27 GMT+03:00 2026,11-sept.-2026 09:15:27.525,11.99242405924638,2.9055397073151683,33.4,241.4243093955336,-0.99,1.82,12.75,-0.23,13.33,-0.21,-,20,47.14,34.81,39,-,9.8,1248.75,0.0,33.4,0.11,-,26,15.95,23.22,-,-,100,0,0,83,42.89,43,6.67,-
Fri Sep 11 09:15:28 GMT+03:00 2026,11-sept.-2026 09:15:28.686,9.8928850641024,2.184570767589129,33.3,241.42430939542749,0.28,-0.13,9.25,-0.21,13.33,-0.19,-,20,46.97,35.16,40,-,9.41,1431.25,0.0,33.3,1.04,-,26,15.23,25.88,-,-,100,0,0,84,36.04,35,1.57,-
Fri Sep 11 09:15:29 GMT+03:00 2026,11-sept.-2026 09:15:29.396,7.883834454698805,1.6093820839754764,32.5,241.42430939450605,2.65,0.42,11.45,-0.21,12.94,-0.25,-,20,46.7,35.51,40,-,9.41,1748.5,0.0,32.5,0.09,-,26,14.36,30.57,-,-,100,0,0,85,28.91,29,1.57,-
Fri Sep 11 09:15:30 GMT+03:00 2026,11-sept.-2026 09:15:30.560,5.997294210777927,3.0132042405156763,32.6,241.42430939922752,0.39,3.76,12.53,-0.21,12.94,-0.19,-,20,46.33,35.16,40,-,12.55,1350.25,0.0,32.6,0.22,-,26,14.36,22.76,-,-,100,0,0,86,22.22,22,1.57,-
Fri Sep 11 09:15:31 GMT+03:00 2026,11-sept.-2026 09:15:31.435,4.280620988304666,2.044726440304616,31.3,241.4243093950636,0.38,1.28,11.65,-0.17,13.33,-0.16,-,20,45.89,35.16,40,-,12.55,1610.5,0.0,31.3,0.92,-,25,14.5,28.31,-,-,100,0,0,87,15.92,15,3.14,-
Fri Sep 11 09:15:32 GMT+03:00 2026,11-sept.-2026 09:15:32.376,2.801785885826056,1.7822463541062687,33.1,241.4243093912512,1.64,-0.95,9.74,-0.17,13.73,-0.17,-,20,45.39,35.16,40,-,22.35,1109.0,0.002,33.1,0.41,-,25,14.79,13.57,-,-,100,0,0,88,9.59,10,5.1,-
Fri Sep 11 09:15:33 GMT+03:00 2026,11-sept.-2026 09:15:33.335,1.645174253730504,2.668956563436362,32.7,241.42430938910627,-1.85,4.04,10.54,-0.16,13.73,-0.18,-,20,44.84,35.16,40,-,23.14,1015.75,0.002,32.7,0.4,-,25,15.23,12.48,-,-,100,0,0,89,6.4,6,7.06,-
Fri Sep 11 09:15:34 GMT+03:00 2026,11-sept.-2026 09:15:34.515,0.871135399325991,2.245247562631583,32.4,241.4243094035148,2.37,3.49,10.45,-0.07,12.94,-0.07,-,20,44.27,35.51,40,-,24.31,937.0,0.002,32.4,0.54,-,25,15.23,11.47,-,-,100,0,0,90,2.46,3,9.41,-
Fri Sep 11 09:15:35 GMT+03:00 2026,11-sept.-2026 09:15:35.694,0.4385915429603366,4.186592583976489,32.0,241.4243093949416,-1.64,3.57,8.55,-0.03,13.33,-0.04,-,20,43.69,35.16,40,-,18.82,830.5,0.002,32,1.53,-,25,15.08,10.96,-,-,98.65,0,1.35,91,2.53,1,7.45,-
Fri Sep 11 09:15:36 GMT+03:00 2026,11-sept.-2026 09:15:36.441,0.0,4.487163692728244,32.5,241.4243093949416,0.26,2.97,11.77,-0.01,13.33,-0.01,-,20,43.2,35.16,40,-,18.82,849.0,0.002,32.5,0.73,-,24,14.94,11.12,-,-,97.33,0,2.67,92,0.27,1,5.1,-
Fri Sep 11 09:15:37 GMT+03:00 2026,11-sept.-2026 09:15:37.491,0.0,4.914522826412142,32.6,241.4243093784567,0.82,1.34,7.21,0.02,13.73,0.01,-,20,42.63,35.16,40,-,18.43,857.5,0.002,32.6,0.08,-,24,14.79,11.12,-,-,96.05,0,3.95,93,0.08,0,1.57,-
Fri Sep 11 09:15:38 GMT+03:00 2026,11-sept.-2026 09:15:38.440,0.0,3.892884712248478,32.4,0.0,-0.09,0.23,9.56,-0.03,12.55,-0.02,-,20,42.08,34.81,40,-,18.43,843.5,0.002,32.4,0.07,-,24,14.79,10.92,-,-,94.81,0,5.19,94,0.07,0,1.96,-
Fri Sep 11 09:15:39 GMT+03:00 2026,11-sept.-2026 09:15:39.393,0.0,4.75149961823278,33.1,0.0,-0.69,2.44,8.71,0.04,13.73,0.06,-,20,41.54,35.16,40,-,18.43,859.75,0.002,33.1,0.31,-,24,14.79,11.17,-,-,93.59,0,6.41,95,0.31,0,1.96,-
Fri Sep 11 09:15:40 GMT+03:00 2026,11-sept.-2026 09:15:40.594,0.0,4.31364395994367,33.4,0.0,0.82,2.67,9.65,0.02,13.73,-0.02,-,20,41.01,34.81,41,-,18.43,878.5,0.002,33.4,0.91,-,23,14.79,11.46,-,-,92.41,0,7.59,96,0.09,1,1.57,-
Fri Sep 11 09:15:41 GMT+03:00 2026,11-sept.-2026 09:15:41.499,0.0,4.19672623786071,31.0,0.0,0.48,2.68,9.7,-0.04,13.73,-0.03,-,20,40.5,35.16,41,-,18.43,858.5,0.002,31,0.12,-,23,14.79,11.15,-,-,91.25,0,8.75,97,0.12,0,1.18,-
Fri Sep 11 09:15:42 GMT+03:00 2026,11-sept.-2026 09:15:42.455,0.0,3.74543175059485,32.7,0.0,1.0,2.02,9.35,0.02,12.94,0.0,-,20,40.0,35.16,41,-,18.82,900.5,0.002,32.7,0.95,-,23,14.79,11.79,-,-,90.12,0,9.88,98,0.05,1,1.57,-
Fri Sep 11 09:15:43 GMT+03:00 2026,11-sept.-2026 09:15:43.614,0.0,3.729096396560088,33.9,0.0,2.4,2.65,11.06,0.02,12.55,0.05,-,20,39.51,35.51,41,-,18.82,873.75,0.002,33.9,0.14,-,23,14.79,11.4,-,-,89.02,0,10.98,99,0.14,0,1.57,-
Fri Sep 11 09:15:44 GMT+03:00 2026,11-sept.-2026 09:15:44.547,0.0,4.218745846160186,32.9,0.0,1.63,1.83,9.97,0.0,13.33,-0.01,-,20,39.04,35.16,41,-,18.82,862.0,0.002,32.9,0.4,-,23,14.79,11.22,-,-,87.95,0,12.05,100,0.4,0,1.57,-
Fri Sep 11 09:15:45 GMT+03:00 2026,11-sept.-2026 09:15:45.540,0.0,4.579606695641095,30.9,0.0,-0.56,1.53,10.4,-0.04,13.73,-0.07,-,20,38.57,35.16,41,-,19.22,863.75,0.002,30.9,0.08,-,23,14.79,11.24,-,-,86.9,0,13.1,101,0.08,0,1.57,-
Fri Sep 11 09:15:46 GMT+03:00 2026,11-sept.-2026 09:15:46.414,0.0,3.679487680222961,33.5,0.0,-0.17,4.25,9.76,-0.04,14.9,-0.05,-,20,38.12,35.16,41,-,19.22,856.5,0.002,33.5,0.74,-,23,14.79,11.13,-,-,85.88,0,14.12,102,0.26,1,1.57,-
Fri Sep 11 09:15:47 GMT+03:00 2026,11-sept.-2026 09:15:47.466,0.0,3.794248501279735,31.5,0.0,0.13,1.09,7.09,0.0,12.94,-0.02,-,20,37.67,35.16,41,-,19.22,852.5,0.002,31.5,0.02,-,23,14.79,11.06,-,-,84.88,0,15.12,103,0.02,0,1.57,-
Fri Sep 11 09:15:48 GMT+03:00 2026,11-sept.-2026 09:15:48.518,0.0,3.9976181344536297,32.1,0.0,0.56,-0.01,11.19,-0.04,12.94,-0.05,-,20,37.24,35.16,41,-,19.61,832.25,0.002,32.1,0.03,-,23,14.79,10.77,-,-,83.91,0,16.09,104,0.03,0,1.57,-
Fri Sep 11 09:15:49 GMT+03:00 2026,11-sept.-2026 09:15:49.400,0.0,3.960950462747361,32.1,0.0,2.35,1.22,8.05,-0.02,13.73,-0.04,-,20,36.82,35.16,42,-,19.61,823.0,0.002,32.1,0.37,-,23,14.79,10.63,-,-,82.95,0,17.05,105,0.37,0,1.57,-
Fri Sep 11 09:15:50 GMT+03:00 2026,11-sept.-2026 09:15:50.514,0.0,3.726587778843027,32.8,0.0,2.9,3.42,9.26,0.06,13.33,0.04,-,20,36.4,35.16,42,-,20.0,826.75,0.002,32.8,0.2,-,23,14.79,10.69,-,-,82.02,0,17.98,106,0.2,0,1.57,-
Fri Sep 11 09:15:51 GMT+03:00 2026,11-sept.-2026 09:15:51.521,0.0,3.836691306096097,33.1,0.0,3.31,0.18,8.64,0.01,13.33,0.03,-,20,36.0,35.51,42,-,20.39,839.25,0.002,33.1,0.1,-,23,14.79,10.86,-,-,81.11,0,18.89,107,0.1,0,1.57,-
Fri Sep 11 09:15:52 GMT+03:00 2026,11-sept.-2026 09:15:52.287,0.0,4.081321414325502,32.9,0.0,-1.4,3.62,9.73,0.0,13.33,0.0,-,20,35.6,35.16,42,-,20.39,832.25,0.002,32.9,0.17,-,23,14.79,10.76,-,-,80.22,0,19.78,108,0.17,0,1.57,-
Fri Sep 11 09:15:53 GMT+03:00 2026,11-sept.-2026 09:15:53.725,0.0,3.806821515429256,32.3,0.0,1.5,4.47,8.38,-0.02,13.33,-0.02,-,20,35.22,35.16,42,-,20.78,821.75,0.002,32.3,0.36,-,23,14.79,10.6,-,-,79.35,0,20.65,109,0.36,0,1.57,-
Fri Sep 11 09:15:54 GMT+03:00 2026,11-sept.-2026 09:15:54.348,0.0,4.56329230790716,33.7,0.0,-0.88,3.14,9.23,-0.04,13.33,-0.08,-,20,34.84,35.16,42,-,20.78,831.25,0.002,33.7,0.77,-,23,14.79,10.74,-,-,78.49,0,21.51,110,0.23,1,1.57,-
Fri Sep 11 09:15:55 GMT+03:00 2026,11-sept.-2026 09:15:55.613,0.0,3.615682231496828,32.6,0.0,-1.93,1.91,10.94,0.04,14.12,0.08,-,20,34.47,35.16,42,-,21.18,822.5,0.002,32.6,0.04,-,23,14.79,10.61,-,-,77.66,0,22.34,111,0.04,0,1.96,-
Fri Sep 11 09:15:56 GMT+03:00 2026,11-sept.-2026 09:15:56.375,0.0,3.633685237352756,32.3,0.0,-0.66,2.51,9.07,-0.01,14.12,-0.01,-,20,34.11,35.16,42,-,21.18,854.75,0.002,32.3,0.01,-,24,14.79,11.09,-,-,76.84,0,23.16,112,0.01,0,1.57,-
Fri Sep 11 09:15:57 GMT+03:00 2026,11-sept.-2026 09:15:57.508,0.0,3.737365366513667,33.0,0.0,-0.59,4.57,7.96,-0.03,13.33,-0.03,-,20,33.75,35.16,42,-,21.18,850.5,0.002,33,0.95,-,24,14.79,11.03,-,-,76.04,0,23.96,113,0.05,1,1.57,-
Fri Sep 11 09:15:58 GMT+03:00 2026,11-sept.-2026 09:15:58.700,0.0,3.9564865378865743,34.7,0.0,1.96,1.54,9.91,0.03,12.94,0.03,-,20,33.4,35.16,43,-,21.18,849.25,0.002,34.7,0.09,-,24,14.79,11.01,-,-,75.26,0,24.74,114,0.09,0,1.57,-
Fri Sep 11 09:15:59 GMT+03:00 2026,11-sept.-2026 09:15:59.339,0.0,4.240208025931928,33.6,0.0,1.02,1.41,8.56,0.01,12.55,0.02,-,20,33.06,34.81,43,-,21.57,860.5,0.002,33.6,0.27,-,24,14.79,11.17,-,-,74.49,0,25.51,115,0.27,0,1.96,-
Fri Sep 11 09:16:00 GMT+03:00 2026,11-sept.-2026 09:16:00.505,0.0,4.518049365062635,32.2,0.0,-0.6,0.57,8.82,0.07,13.33,0.08,-,20,32.73,35.16,43,-,21.57,862.0,0.002,32.2,0.22,-,24,14.79,11.18,-,-,73.74,0,26.26,116,0.22,0,1.57,-
Fri Sep 11 09:16:01 GMT+03:00 2026,11-sept.-2026 09:16:01.272,0.0,4.065196633636862,32.8,0.0,2.46,3.9,7.91,0.05,12.94,0.06,-,20,32.4,35.16,43,-,21.57,863.5,0.002,32.8,0.08,-,24,14.79,11.18,-,-,73,0,27,117,0.08,0,1.57,-
Fri Sep 11 09:16:02 GMT+03:00 2026,11-sept.-2026 09:16:02.673,0.0,4.224657548423375,32.9,0.0,0.16,1.37,8.64,-0.02,13.73,0.0,-,20,32.08,35.51,43,-,21.57,872.5,0.002,32.9,0.42,-,25,14.79,11.3,-,-,72.28,0,27.72,118,0.42,0,1.57,-
Fri Sep 11 09:16:03 GMT+03:00 2026,11-sept.-2026 09:16:03.534,0.0,4.832156002487714,33.3,0.0,-0.74,1.11,9.79,-0.01,13.33,0.01,-,20,31.76,35.16,43,-,21.57,873.5,0.002,33.3,0.18,-,25,14.79,11.29,-,-,71.57,0,28.43,119,0.18,0,1.57,-
Fri Sep 11 09:16:04 GMT+03:00 2026,11-sept.-2026 09:16:04.730,0.0,4.338091249218407,33.0,0.0,0.42,1.05,10.36,0.04,13.73,0.07,-,20,31.46,35.16,43,-,21.18,874.5,0.002,33,0.13,-,26,14.79,11.3,-,-,70.87,0,29.13,120,0.13,0,1.96,-
Fri Sep 11 09:16:05 GMT+03:00 2026,11-sept.-2026 09:16:05.521,0.0,4.278949640820634,33.8,0.0,1.37,2.82,8.89,-0.01,13.33,-0.02,-,20,31.15,35.16,43,-,21.18,860.25,0.002,33.8,0.02,-,27,14.79,11.06,-,-,70.19,0,29.81,121,0.02,0,1.57,-
Fri Sep 11 09:16:06 GMT+03:00 2026,11-sept.-2026 09:16:06.690,0.0,4.290139823813526,31.7,0.0,0.49,2.07,7.74,0.03,14.51,0.02,-,20,30.86,35.51,43,-,21.18,843.25,0.002,31.7,0.21,-,27,14.79,10.79,-,-,69.52,0,30.48,122,0.21,0,1.57,-
Fri Sep 11 09:16:07 GMT+03:00 2026,11-sept.-2026 09:16:07.653,0.0,4.527206251258366,31.7,0.0,1.68,2.93,9.93,0.0,12.94,0.02,-,20,30.57,35.16,44,-,20.78,839.75,0.002,31.7,0.62,-,28,14.79,10.7,-,-,68.87,0,31.13,123,0.62,0,1.57,-
Fri Sep 11 09:16:08 GMT+03:00 2026,11-sept.-2026 09:16:08.717,0.0,4.019147666728128,30.9,0.0,-0.17,0.74,9.16,0.02,12.94,0.01,-,20,30.28,35.16,44,-,20.78,842.0,0.002,30.9,0.66,-,29,14.79,10.71,-,-,68.22,0,31.78,124,0.34,1,1.57,-
Fri Sep 11 09:16:09 GMT+03:00 2026,11-sept.-2026 09:16:09.259,0.0,3.6338670235211854,34.5,0.0,-0.34,3.54,9.08,-0.02,13.33,-0.03,-,20,30.0,35.51,44,-,20.78,835.25,0.002,34.5,0.06,-,30,14.79,10.58,-,-,67.59,0,32.41,125,0.06,0,1.57,-
Fri Sep 11 09:16:10 GMT+03:00 2026,11-sept.-2026 09:16:10.381,0.0,3.919746357838705,33.0,0.0,-2.14,3.25,8.19,0.04,14.12,0.04,-,20,29.72,35.16,44,-,20.39,830.75,0.002,33,0.11,-,30,15.23,10.89,-,-,66.97,0,33.03,126,0.11,0,9.41,-
Fri Sep 11 09:16:11 GMT+03:00 2026,11-sept.-2026 09:16:11.584,1.3,2.460749383854296,31.9,241.42430939715632,0.99,1.81,9.78,0.17,14.12,0.17,-,20,29.5,35.16,44,2.85,36.47,963.75,0.005,31.9,1.08,3.82,30,16.1,12.28,-,-,67.27,0,32.73,127,3.92,5,20.0,-
Fri Sep 11 09:16:12 GMT+03:00 2026,11-sept.-2026 09:16:12.707,2.6,1.741363497694791,33.1,241.42430939839653,-1.71,1.86,11.26,0.17,14.12,0.15,-,20,29.32,35.16,44,5.71,43.53,1095.75,0.01,33.1,1.75,7.65,31,17.26,15.25,-,-,67.57,0,32.43,128,8.25,10,28.63,-
Fri Sep 11 09:16:13 GMT+03:00 2026,11-sept.-2026 09:16:13.384,3.9,2.438487736610776,32.8,241.42430939456196,-1.94,3.69,12.18,0.12,13.73,0.11,-,20,29.18,35.16,44,8.57,38.43,1440.5,0.015,32.8,0.18,11.5,31,18.42,22.29,-,-,67.86,0,32.14,129,13.82,14,28.24,-
Fri Sep 11 09:16:14 GMT+03:00 2026,11-sept.-2026 09:16:14.317,5.2,2.8080384325818586,34.1,241.424309393096,0.87,2.32,9.96,0.14,14.51,0.14,-,20,29.09,35.16,44,11.46,34.9,1944.25,0.02,34.1,1.5,15.36,31,19.14,32.32,-,-,68.14,0,31.86,130,17.5,19,25.1,-
Fri Sep 11 09:16:15 GMT+03:00 2026,11-sept.-2026 09:16:15.461,6.5,3.0772767777922896,32.0,241.424309394398,0.43,4.13,10.92,0.1,14.51,0.07,-,20,29.04,35.16,45,14.36,34.9,2432.0,0.026,32,1.13,19.26,32,20.02,42.88,-,-,68.42,0,31.58,131,22.87,24,27.84,-
Fri Sep 11 09:16:16 GMT+03:00 2026,11-sept.-2026 09:16:16.377,7.8,2.51030997397324,31.7,241.4243093957593,-1.39,1.51,11.25,0.11,13.73,0.13,-,20,29.03,35.16,44,17.29,46.67,1719.0,0.028,31.7,0.35,23.19,32,20.74,30.56,-,-,68.7,0,31.3,132,28.35,28,31.76,-
Fri Sep 11 09:16:17 GMT+03:00 2026,11-sept.-2026 09:16:17.276,9.1,2.7758137924043758,30.6,241.424309396359,0.02,2.04,9.44,0.17,14.51,0.15,-,20,29.06,35.16,45,20.26,45.88,2020.25,0.033,30.6,0.08,27.17,32,21.32,37.6,-,-,68.97,0,31.03,133,33.08,33,36.08,-
Fri Sep 11 09:16:18 GMT+03:00 2026,11-sept.-2026 09:16:18.777,10.4,2.5276421451496818,32.3,241.42430939501972,-0.7,1.97,10.12,0.14,14.51,0.15,-,20,29.13,35.16,45,23.26,46.27,2305.75,0.038,32.3,0.09,31.2,32,22.05,44.69,-,-,69.23,0,30.77,134,36.91,37,36.08,-
Fri Sep 11 09:16:19 GMT+03:00 2026,11-sept.-2026 09:16:19.273,11.7,2.566363555621767,32.9,241.42430939459192,1.61,2.46,9.76,0.13,13.73,0.13,-,20,29.24,35.16,45,26.31,46.67,2596.5,0.043,32.9,0.64,35.28,33,22.77,51.86,-,-,69.49,0,30.51,135,42.64,42,41.57,-
Fri Sep 11 09:16:20 GMT+03:00 2026,11-sept.-2026 09:16:20.610,13.000000000000002,2.075252824484453,32.6,241.42430939445157,0.21,1.87,9.03,0.19,14.51,0.24,-,20,29.39,34.81,45,29.41,60.78,1884.25,0.043,32.6,0.05,39.44,33,22.34,50.43,-,-,69.75,0,30.25,136,47.05,47,37.25,-
Fri Sep 11 09:16:21 GMT+03:00 2026,11-sept.-2026 09:16:21.488,13.437298543888652,2.018035845035591,31.9,241.42430939526224,0.41,5.31,11.63,0.05,14.12,0.05,-,20,29.55,35.16,46,12.73,36.47,1946.0,0.022,31.9,1.06,17.07,33,21.18,35.66,-,-,70,0,30,137,49.06,48,30.2,-
Fri Sep 11 09:16:22 GMT+03:00 2026,11-sept.-2026 09:16:22.389,13.500865467361525,2.444557218969913,31.5,241.42430939657064,-0.41,1.57,8.26,-0.05,14.12,-0.03,-,20,29.71,35.16,46,-,31.37,1395.0,0.009,31.5,1.71,-,34,20.02,23.07,-,-,70.25,0,29.75,138,49.71,48,17.65,-
Fri Sep 11 09:16:23 GMT+03:00 2026,11-sept.-2026 09:16:23.558,13.540099162840814,2.304137327319878,32.6,241.4243093939554,2.76,3.46,8.94,-0.04,14.51,-0.03,-,20,29.86,34.81,46,-,29.8,1418.75,0.009,32.6,0.04,-,34,18.13,21.4,-,-,70.49,0,29.51,139,48.96,49,15.69,-
Fri Sep 11 09:16:24 GMT+03:00 2026,11-sept.-2026 09:16:24.741,13.611039993383372,1.6773833715882818,33.5,241.4243093942422,-1.46,2.52,8.13,0.01,14.12,-0.01,-,20,30.02,35.16,46,-,31.37,1428.5,0.01,33.5,1.54,-,34,17.26,20.53,-,-,70.73,0,29.27,140,48.46,50,13.33,-
Fri Sep 11 09:16:25 GMT+03:00 2026,11-sept.-2026 09:16:25.332,13.557624761572455,1.9112770719421197,32.3,239.43940234773564,1.08,3.35,9.32,-0.02,13.33,-0.03,-,20,30.17,35.16,46,-,25.1,1436.25,0.005,32.3,0.31,-,34,17.69,21.16,-,-,70.97,0,29.03,141,48.69,49,16.86,-
Fri Sep 11 09:16:26 GMT+03:00 2026,11-sept.-2026 09:16:26.610,13.80009321596282,1.7340396021653104,32.1,235.7927913331195,-2.62,-1.29,9.49,0.04,13.73,0.06,-,20,30.32,35.16,46,9.01,39.61,1439.25,0.016,32.1,0.26,12.09,34,17.69,21.1,-,-,71.2,0,28.8,142,50.26,50,15.69,-
Fri Sep 11 09:16:27 GMT+03:00 2026,11-sept.-2026 09:16:27.615,13.794281032596883,1.5167392789211855,32.4,234.10288695175865,0.42,2.75,8.69,-0.03,13.73,-0.02,-,20,30.48,34.81,46,-,27.45,1453.75,0.007,32.4,0.14,-,34,17.4,21.07,-,-,71.43,0,28.57,143,50.14,50,16.08,-
Fri Sep 11 09:16:28 GMT+03:00 2026,11-sept.-2026 09:16:28.701,13.7718751126436,2.151823353763765,33.5,234.10288695188612,-0.64,6.97,11.0,0.02,13.73,0.01,-,20,30.63,35.16,46,-,26.67,1439.0,0.006,33.5,0.04,-,33,17.11,20.52,-,-,71.65,0,28.35,144,50.04,50,9.02,-
Fri Sep 11 09:16:29 GMT+03:00 2026,11-sept.-2026 09:16:29.593,13.594117370173793,2.558671533259111,33.4,234.10288695239348,-1.42,1.1,10.08,-0.05,13.73,-0.05,-,20,30.77,35.16,46,-,20.78,1409.25,0.002,33.4,2.5,-,33,16.53,19.41,-,-,71.88,0,28.12,145,50.5,48,9.41,-
Fri Sep 11 09:16:30 GMT+03:00 2026,11-sept.-2026 09:16:30.627,13.598187972805926,2.2289744366296285,32.7,234.10288695298655,0.57,1.96,8.5,0.06,13.33,0.05,-,20,30.91,35.16,46,-,28.24,1418.5,0.007,32.7,1.12,-,33,16.53,19.57,-,-,72.09,0,27.91,146,49.12,48,9.8,-
Fri Sep 11 09:16:31 GMT+03:00 2026,11-sept.-2026 09:16:31.307,13.592438325795692,2.0299255075412983,34.4,234.1028869540401,-1.85,2.07,9.83,0.05,13.33,0.07,-,20,31.05,35.16,46,-,27.84,1413.75,0.007,34.4,0.26,-,32,16.53,19.47,-,-,72.31,0,27.69,147,48.74,49,11.37,-
Fri Sep 11 09:16:32 GMT+03:00 2026,11-sept.-2026 09:16:32.684,13.556205545281848,3.299556334985211,33.4,234.1028869522344,-0.6,1.25,8.24,0.03,13.33,0.08,-,20,31.19,35.16,47,-,26.27,1426.5,0.006,33.4,0.8,-,32,17.55,20.93,-,-,72.52,0,27.48,148,48.2,49,16.08,-
Fri Sep 11 09:16:33 GMT+03:00 2026,11-sept.-2026 09:16:33.461,13.812624798422458,1.4815368033126073,34.1,234.10288695224065,-0.56,2.76,8.02,0.0,14.12,-0.04,-,20,31.33,35.16,47,9.32,40.0,1450.25,0.016,34.1,0.95,12.5,31,17.98,21.87,-,-,72.73,0,27.27,149,50.95,50,19.22,-
Fri Sep 11 09:16:34 GMT+03:00 2026,11-sept.-2026 09:16:34.326,13.987765534056562,1.8884282776830204,34.8,234.10288695216565,-0.79,4.55,10.02,-0.01,14.12,-0.02,-,20,31.47,35.16,47,7.73,36.08,1459.25,0.014,34.8,0.34,10.36,31,18.13,22.31,-,-,72.93,0,27.07,150,50.66,51,21.18,-
Fri Sep 11 09:16:35 GMT+03:00 2026,11-sept.-2026 09:16:35.641,14.058808204489116,1.7843665566666989,34.0,234.1028869525311,-2.22,2.54,8.22,0.03,13.33,0.03,-,20,31.61,35.16,46,-,31.37,1466.5,0.01,34,0.44,-,31,17.84,22.04,-,-,73.13,0,26.87,151,49.56,50,14.12,-
Fri Sep 11 09:16:36 GMT+03:00 2026,11-sept.-2026 09:16:36.680,13.85658170003257,2.206230943466185,35.6,234.10288695337948,1.66,1.96,11.19,0.01,13.73,0.0,-,20,31.75,35.16,47,-,20.78,1456.0,0.002,35.6,0.93,-,31,16.97,20.79,-,-,73.33,0,26.67,152,49.07,50,9.02,-
Fri Sep 11 09:16:37 GMT+03:00 2026,11-sept.-2026 09:16:37.652,13.753753267947276,2.546746354531954,34.9,234.10288695276853,2.09,1.66,10.52,0.04,12.16,0.03,-,20,31.88,35.51,47,-,23.14,1429.25,0.003,34.9,0.66,-,31,16.97,20.32,-,-,73.53,0,26.47,153,49.34,50,10.98,-
Fri Sep 11 09:16:38 GMT+03:00 2026,11-sept.-2026 09:16:38.567,13.92110360443747,1.5791202969451343,31.9,234.1028869531352,-0.3,1.79,9.73,0.04,14.12,0.05,-,20,32.01,35.16,47,7.51,35.69,1463.25,0.013,31.9,0.62,10.07,31,16.97,20.84,-,-,73.72,0,26.28,154,50.62,50,14.51,-
Fri Sep 11 09:16:39 GMT+03:00 2026,11-sept.-2026 09:16:39.393,13.984046361323976,2.856488020674747,34.7,234.1028869522423,-1.21,-0.99,11.13,-0.06,13.33,-0.05,-,20,32.15,35.51,47,-,30.59,1472.0,0.01,34.7,0.59,-,31,17.26,21.36,-,-,73.91,0,26.09,155,49.41,50,15.29,-
Fri Sep 11 09:16:40 GMT+03:00 2026,11-sept.-2026 09:16:40.782,13.936281104631492,2.6843092604012586,33.0,234.1028869522933,1.6,2.49,9.85,0.03,12.94,0.04,-,20,32.27,34.81,48,-,25.49,1457.75,0.006,33,1.0,-,31,17.26,21.24,-,-,74.1,0,25.9,156,49.0,50,10.98,-
Fri Sep 11 09:16:41 GMT+03:00 2026,11-sept.-2026 09:16:41.617,13.861156780504407,2.106103923254775,34.1,234.10288695377457,1.66,1.28,8.08,-0.05,13.33,-0.03,-,20,32.4,35.16,47,-,24.31,1454.0,0.005,34.1,1.07,-,31,16.82,20.56,-,-,74.29,0,25.71,157,51.07,50,9.41,-
Fri Sep 11 09:16:42 GMT+03:00 2026,11-sept.-2026 09:16:42.305,13.824760913707154,2.8462268140236384,32.9,234.10288695321705,-0.49,2.96,10.26,-0.03,13.73,-0.04,-,20,32.52,34.81,47,-,26.27,1446.5,0.006,32.9,0.86,-,31,16.97,20.57,-,-,74.47,0,25.53,158,50.86,50,12.16,-
Fri Sep 11 09:16:43 GMT+03:00 2026,11-sept.-2026 09:16:43.705,13.933968536290712,2.1907477361731287,33.9,234.10288695102943,0.11,2.92,8.94,0.0,13.73,-0.01,-,20,32.65,35.16,48,-,32.55,1473.75,0.011,33.9,0.37,-,31,16.97,21.04,-,-,74.65,0,25.35,159,49.63,50,12.55,-
Fri Sep 11 09:16:44 GMT+03:00 2026,11-sept.-2026 09:16:44.478,13.896390417607018,2.630693161618767,35.0,234.10288695276745,-1.36,3.78,7.63,0.08,12.55,0.08,-,20,32.77,35.16,48,-,26.27,1446.5,0.006,35,0.02,-,31,17.4,21.2,-,-,74.83,0,25.17,160,49.98,50,15.29,-
Fri Sep 11 09:16:45 GMT+03:00 2026,11-sept.-2026 09:16:45.451,14.012935232967916,1.7355016806796004,33.9,234.1028869527674,-1.25,3.08,8.38,0.04,13.73,0.02,-,20,32.89,34.81,47,-,32.94,1476.25,0.012,33.9,0.44,-,31,17.26,21.46,-,-,75,0,25,161,49.56,50,11.76,-
Fri Sep 11 09:16:46 GMT+03:00 2026,11-sept.-2026 09:16:46.436,13.90887469531008,2.887745681221271,33.8,234.10288695192645,-1.34,2.26,10.77,0.0,12.94,0.04,-,20,33.01,34.81,48,-,23.14,1438.5,0.003,33.8,0.82,-,31,17.11,20.74,-,-,75.17,0,24.83,162,50.82,50,13.73,-
Fri Sep 11 09:16:47 GMT+03:00 2026,11-sept.-2026 09:16:47.589,13.979727542646048,1.871630988850975,34.1,234.10288695351613,0.3,1.54,10.39,0.04,14.12,0.05,-,20,33.13,35.16,48,-,31.37,1457.0,0.01,34.1,0.34,-,31,18.13,22.2,-,-,75.34,0,24.66,163,50.34,50,18.43,-
Fri Sep 11 09:16:48 GMT+03:00 2026,11-sept.-2026 09:16:48.458,14.339851185947085,1.7574929051440185,34.4,234.10288695232916,-0.55,1.16,9.11,0.07,14.12,0.1,-,20,33.26,35.16,48,12.04,45.1,1478.75,0.02,34.4,2.31,16.14,31,17.84,22.15,-,-,75.51,0,24.49,164,53.31,51,19.61,-
Fri Sep 11 09:16:49 GMT+03:00 2026,11-sept.-2026 09:16:49.794,14.31322259469315,1.7796259667762149,35.2,234.1028869526361,-0.3,3.55,10.72,0.1,13.73,0.1,-,20,33.38,35.16,48,-,26.67,1493.0,0.007,35.2,0.17,-,31,18.42,23.16,-,-,75.68,0,24.32,165,51.83,52,20.39,-
Fri Sep 11 09:16:50 GMT+03:00 2026,11-sept.-2026 09:16:50.412,14.429695229927624,1.414602689808672,33.7,234.1028869531694,0.72,4.09,8.9,-0.04,13.73,-0.01,-,20,33.5,35.51,48,-,32.94,1513.75,0.012,33.7,0.87,-,31,18.27,23.35,-,-,75.84,0,24.16,166,51.13,52,13.73,-
Fri Sep 11 09:16:51 GMT+03:00 2026,11-sept.-2026 09:16:51.392,14.435406131211296,1.9705765247628464,33.1,234.1028869516379,1.72,4.15,8.75,0.07,12.55,0.09,-,20,33.63,35.51,48,-,28.24,1494.0,0.008,33.1,2.03,-,31,16.97,21.38,-,-,76,0,24,167,53.03,51,11.76,-
Fri Sep 11 09:16:52 GMT+03:00 2026,11-sept.-2026 09:16:52.774,14.203596847519838,1.6439797921248518,32.6,234.10288695232677,-1.39,2.32,10.41,0.0,12.94,-0.03,-,20,33.74,35.16,48,-,20.78,1487.75,0.002,32.6,0.73,-,31,17.11,21.44,-,-,76.16,0,23.84,168,51.73,51,9.8,-
Fri Sep 11 09:16:53 GMT+03:00 2026,11-sept.-2026 09:16:53.462,14.225556465007712,1.9430474336814432,35.6,234.10288695356388,-1.08,1.55,8.91,0.04,12.94,0.04,-,20,33.86,35.16,48,-,28.63,1494.0,0.009,35.6,0.57,-,31,16.82,21.13,-,-,76.32,0,23.68,169,51.57,51,9.8,-
Fri Sep 11 09:16:54 GMT+03:00 2026,11-sept.-2026 09:16:54.694,14.216925835533925,1.5654106647292876,34.5,234.10288695302205,-1.41,1.43,9.88,0.04,13.73,0.05,-,20,33.97,35.16,49,-,27.45,1469.0,0.007,34.5,0.44,-,31,16.82,20.86,-,-,76.47,0,23.53,170,51.44,51,13.33,-
Fri Sep 11 09:16:55 GMT+03:00 2026,11-sept.-2026 09:16:55.567,14.272845616064917,1.570211766351844,34.2,234.1028869523776,-1.99,2.24,11.08,-0.04,14.12,-0.03,-,20,34.08,35.16,48,-,30.2,1493.75,0.01,34.2,0.1,-,31,16.82,21.26,-,-,76.62,0,23.38,171,51.1,51,10.59,-
Fri Sep 11 09:16:56 GMT+03:00 2026,11-sept.-2026 09:16:56.715,14.074869448027618,1.575179418134869,35.3,234.1028869519583,0.46,1.13,9.41,0.02,13.73,0.03,-,20,34.19,35.16,48,-,20.78,1455.0,0.002,35.3,1.2,-,31,16.68,20.45,-,-,76.77,0,23.23,172,49.8,51,9.8,-
Fri Sep 11 09:16:57 GMT+03:00 2026,11-sept.-2026 09:16:57.729,14.043002469530716,1.8086278646334573,34.1,234.1028869531819,1.06,4.18,10.03,0.0,13.33,-0.01,-,20,34.3,35.16,49,-,26.27,1472.5,0.006,34.1,0.59,-,31,17.11,21.1,-,-,76.92,0,23.08,173,50.59,50,10.98,-
Fri Sep 11 09:16:58 GMT+03:00 2026,11-sept.-2026 09:16:58.474,14.159815094537802,1.6668272396707962,34.7,234.1028869532065,2.26,0.52,8.74,0.02,14.12,0.02,-,20,34.4,34.81,49,-,33.33,1477.25,0.012,34.7,0.39,-,31,16.82,20.84,-,-,77.07,0,22.93,174,50.61,51,12.94,-
Fri Sep 11 09:16:59 GMT+03:00 2026,11-sept.-2026 09:16:59.629,14.1131661635219,3.1253757852736705,35.0,234.10288695237728,-2.96,3.85,9.67,-0.01,13.33,0.01,-,20,34.51,35.16,49,-,25.49,1472.5,0.006,35,1.39,-,31,17.4,21.61,-,-,77.22,0,22.78,175,49.61,51,14.9,-
Fri Sep 11 09:17:00 GMT+03:00 2026,11-sept.-2026 09:17:00.350,14.20683958261136,1.6279507398722584,34.6,234.102886952662,-0.42,3.28,7.97,-0.05,12.94,-0.04,-,20,34.61,35.16,49,-,32.16,1477.0,0.011,34.6,0.21,-,31,17.4,21.56,-,-,77.36,0,22.64,176,50.79,51,11.76,-
Fri Sep 11 09:17:01 GMT+03:00 2026,11-sept.-2026 09:17:01.762,14.136313337810495,2.5827462567978854,35.6,234.1028869522999,-0.25,5.19,9.11,0.03,13.33,0.0,-,20,34.71,35.16,49,-,24.31,1477.25,0.005,35.6,1.33,-,31,17.26,21.43,-,-,77.5,0,22.5,177,49.67,51,13.73,-
Fri Sep 11 09:17:02 GMT+03:00 2026,11-sept.-2026 09:17:02.468,14.206937336047762,2.2550815331045344,34.1,234.1028869521945,-0.51,2.74,10.74,0.0,13.73,0.02,-,20,34.81,35.16,49,-,30.98,1489.0,0.01,34.1,0.81,-,31,16.97,21.24,-,-,77.64,0,22.36,178,51.81,51,9.41,-
Fri Sep 11 09:17:03 GMT+03:00 2026,11-sept.-2026 09:17:03.381,14.00961304200436,1.7885113221232771,35.3,234.1028869532587,-2.05,1.58,9.2,-0.05,12.55,-0.03,-,20,34.91,35.51,49,-,20.78,1446.75,0.002,35.3,0.93,-,31,17.26,20.96,-,-,77.78,0,22.22,179,51.93,51,14.9,-
Fri Sep 11 09:17:04 GMT+03:00 2026,11-sept.-2026 09:17:04.531,14.24792343818014,2.276488040607303,33.9,234.102886953308,-0.73,2.89,8.9,0.05,13.73,0.03,-,20,35.01,34.81,49,9.29,39.22,1481.5,0.016,33.9,0.38,12.46,31,17.11,21.3,-,-,77.91,0,22.09,180,50.62,51,11.76,-
Fri Sep 11 09:17:05 GMT+03:00 2026,11-sept.-2026 09:17:05.241,14.117805740048302,2.1998354234087345,36.3,234.10288695227365,0.03,2.36,7.95,-0.02,12.94,-0.02,-,20,35.11,35.16,49,-,21.57,1473.75,0.002,36.3,1.89,-,31,17.11,21.18,-,-,78.05,0,21.95,181,49.11,51,15.69,-
Fri Sep 11 09:17:06 GMT+03:00 2026,11-sept.-2026 09:17:06.319,14.193166705873464,1.6136032877373114,33.2,234.10288695219936,-0.27,3.61,7.25,0.05,13.73,0.05,-,20,35.2,35.16,50,-,31.37,1484.0,0.01,33.2,0.57,-,31,17.84,22.36,-,-,78.18,0,21.82,182,51.57,51,13.73,-
Fri Sep 11 09:17:07 GMT+03:00 2026,11-sept.-2026 09:17:07.484,14.339403659191484,1.6307739464794682,35.0,234.102886952176,0.78,2.48,10.19,0.04,14.51,0.05,-,20,35.3,35.51,50,7.35,34.9,1484.0,0.013,35,1.48,9.85,31,17.26,21.66,-,-,78.31,0,21.69,183,52.48,51,16.08,-
Fri Sep 11 09:17:08 GMT+03:00 2026,11-sept.-2026 09:17:08.714,14.337732648297017,2.560437481468849,35.8,234.1028869525845,-0.56,4.04,10.16,-0.03,13.73,-0.03,-,20,35.4,34.81,50,-,27.45,1498.75,0.008,35.8,0.12,-,31,17.26,21.83,-,-,78.44,0,21.56,184,51.88,52,12.16,-
Fri Sep 11 09:17:09 GMT+03:00 2026,11-sept.-2026 09:17:09.280,14.069148741240944,2.094976453408237,36.9,234.10288695331047,1.5,0.03,8.98,0.05,13.33,0.07,-,20,35.49,35.51,50,-,20.78,1461.25,0.002,36.9,1.55,-,31,17.4,21.35,-,-,78.57,0,21.43,185,49.45,51,11.76,-
Fri Sep 11 09:17:10 GMT+03:00 2026,11-sept.-2026 09:17:10.465,14.191445304624542,2.264862394935021,35.9,234.1028869532799,1.25,3.76,7.46,0.02,13.33,0.03,-,20,35.58,34.81,50,6.73,33.33,1486.25,0.012,35.9,1.49,9.02,31,17.26,21.59,-,-,78.7,0,21.3,186,50.51,52,13.33,-
Fri Sep 11 09:17:11 GMT+03:00 2026,11-sept.-2026 09:17:11.626,14.274319261725848,1.9888874634486475,33.7,234.1028869522496,0.14,1.69,9.11,0.02,13.33,0.03,-,20,35.68,35.16,50,-,31.76,1485.25,0.011,33.7,0.75,-,30,16.97,21.23,-,-,78.82,0,21.18,187,50.25,51,14.12,-
Fri Sep 11 09:17:12 GMT+03:00 2026,11-sept.-2026 09:17:12.384,14.173299950315286,3.0370628313343917,33.0,234.1028869521701,0.5,2.2,10.38,0.07,12.94,0.06,-,20,35.77,35.16,50,-,23.14,1481.75,0.004,33,1.42,-,30,17.26,21.63,-,-,78.95,0,21.05,188,49.58,51,11.37,-
Fri Sep 11 09:17:13 GMT+03:00 2026,11-sept.-2026 09:17:13.497,14.140707682613623,2.002001426673306,34.1,234.10288695294685,0.31,2.05,9.2,0.02,13.73,0.06,-,20,35.85,35.16,51,-,26.27,1479.75,0.006,34.1,0.66,-,30,17.11,21.32,-,-,79.07,0,20.93,189,51.66,51,10.2,-
Fri Sep 11 09:17:14 GMT+03:00 2026,11-sept.-2026 09:17:14.242,14.166544759927746,2.2588950529772367,36.6,234.1028869527657,1.96,4.08,6.36,0.01,13.73,0.01,-,20,35.94,35.16,51,-,29.02,1474.0,0.009,36.6,0.67,-,30,16.68,20.83,-,-,79.19,0,20.81,190,50.33,51,11.37,-
Fri Sep 11 09:17:15 GMT+03:00 2026,11-sept.-2026 09:17:15.534,14.122133963601314,1.4344500683895984,35.3,234.10288695281776,0.04,3.02,7.87,-0.04,13.73,-0.08,-,20,36.03,35.16,50,-,25.88,1470.0,0.006,35.3,0.7,-,30,16.97,21.13,-,-,79.31,0,20.69,191,50.3,51,11.76,-
Fri Sep 11 09:17:16 GMT+03:00 2026,11-sept.-2026 09:17:16.746,14.123971184634614,2.5139800700856343,36.0,234.10288695279135,-1.75,4.15,9.26,0.05,12.94,0.04,-,20,36.11,35.16,50,-,27.84,1467.25,0.008,36,0.46,-,30,17.26,21.46,-,-,79.43,0,20.57,192,50.54,51,12.94,-
Fri Sep 11 09:17:17 GMT+03:00 2026,11-sept.-2026 09:17:17.779,14.203617618396748,2.0611226866368697,34.6,234.10288695255892,1.82,3.79,8.98,-0.01,13.73,0.0,-,20,36.2,35.16,50,-,31.76,1468.5,0.011,34.6,0.73,-,29,17.4,21.67,-,-,79.55,0,20.45,193,51.73,51,14.9,-
Fri Sep 11 09:17:18 GMT+03:00 2026,11-sept.-2026 09:17:18.739,14.283936486070283,1.6439770390513966,35.3,234.102886952276,0.01,1.62,7.28,-0.06,14.12,-0.04,-,20,36.28,35.16,51,-,31.37,1500.0,0.011,35.3,0.7,-,29,17.4,22.11,-,-,79.66,0,20.34,194,52.7,52,13.73,-
Fri Sep 11 09:17:19 GMT+03:00 2026,11-sept.-2026 09:17:19.633,14.209595750756671,1.4557037087873987,36.7,234.10288695097103,0.32,1.98,7.86,0.04,13.73,0.02,-,20,36.37,35.16,51,-,24.31,1476.75,0.005,36.7,2.25,-,29,16.68,20.82,-,-,79.78,0,20.22,195,49.75,52,8.63,-
Fri Sep 11 09:17:20 GMT+03:00 2026,11-sept.-2026 09:17:20.660,12.203895215523024,2.009025601355661,35.4,234.1028869527993,1.26,2.89,11.39,-0.15,13.33,-0.15,-,20,36.41,35.16,51,-,11.37,1274.5,0.0,35.4,0.8,-,28,15.66,23.18,-,-,79.89,0,20.11,196,43.2,44,3.92,-
Fri Sep 11 09:17:21 GMT+03:00 2026,11-sept.-2026 09:17:21.634,10.250945155748964,2.0134987410428264,34.7,234.10288695456532,0.34,0.73,10.99,-0.23,12.55,-0.18,-,20,36.41,35.16,50,-,10.59,1479.75,0.0,34.7,0.68,-,28,14.79,25.9,-,-,80,0,20,197,37.32,38,1.57,-
Fri Sep 11 09:17:22 GMT+03:00 2026,11-sept.-2026 09:17:22.571,8.366396012745225,2.2460935229079064,36.3,234.1028869541572,-0.3,0.85,10.32,-0.21,12.94,-0.22,-,20,36.38,35.16,51,-,10.59,1220.5,0.0,36.3,1.21,-,28,14.36,20.22,-,-,80.11,0,19.89,198,28.79,30,1.57,-
Fri Sep 11 09:17:23 GMT+03:00 2026,11-sept.-2026 09:17:23.424,6.572848861408527,2.295080657357464,36.0,234.10288695346645,2.57,0.84,11.6,-0.18,13.73,-0.16,-,20,36.31,34.81,51,-,10.98,1449.75,0.0,36,0.66,-,28,14.36,24.63,-,-,80.22,0,19.78,199,23.34,24,1.96,-
Fri Sep 11 09:17:24 GMT+03:00 2026,11-sept.-2026 09:17:24.458,4.903593138381403,1.6580193747833607,35.1,234.1028869499903,-1.77,1.33,12.62,-0.1,12.94,-0.08,-,20,36.21,34.81,51,-,12.16,1832.75,0.0,35.1,0.64,-,28,14.36,32.26,-,-,80.33,0,19.67,200,16.36,17,1.96,-
Fri Sep 11 09:17:25 GMT+03:00 2026,11-sept.-2026 09:17:25.596,3.40768643816974,2.7203071700675734,33.7,234.1028869538224,1.78,0.28,12.22,-0.17,12.55,-0.17,-,20,36.08,35.16,51,-,10.98,1283.0,0.0,33.7,1.19,-,27,14.65,21.91,-,-,80.43,0,19.57,201,13.19,12,3.53,-
Fri Sep 11 09:17:26 GMT+03:00 2026,11-sept.-2026 09:17:26.353,2.153471445974642,2.2001296020976686,35.8,234.10288695589836,0.03,2.39,9.31,-0.14,13.33,-0.13,-,20,35.92,35.16,51,-,23.14,1041.75,0.002,35.8,0.2,-,27,14.94,12.59,-,-,80.54,0,19.46,202,8.2,8,5.49,-
Fri Sep 11 09:17:27 GMT+03:00 2026,11-sept.-2026 09:17:27.644,1.2169363855535924,1.4099912103310128,34.6,234.10288693794183,0.36,3.15,9.91,-0.14,13.33,-0.17,-,20,35.75,35.16,51,-,23.92,970.5,0.002,34.6,0.16,-,27,15.23,11.82,-,-,80.65,0,19.35,203,3.84,4,7.84,-
Fri Sep 11 09:17:28 GMT+03:00 2026,11-sept.-2026 09:17:28.726,0.6287566159093811,2.537755718621611,35.7,234.102886951042,0.83,3.8,11.12,-0.04,13.33,-0.06,-,20,35.57,35.16,52,-,25.49,894.0,0.002,35.7,0.33,-,27,15.37,10.8,-,-,80.21,0,19.79,204,2.33,2,6.27,-
Fri Sep 11 09:17:29 GMT+03:00 2026,11-sept.-2026 09:17:29.473,0.0,4.292705880460401,37.3,234.102886951042,-0.9,3.86,11.96,-0.09,13.73,-0.1,-,20,35.43,35.51,51,-,21.57,835.75,0.002,37.3,0.19,-,26,15.08,10.99,-,-,79.79,0,20.21,205,0.19,0,4.31,-
Fri Sep 11 09:17:30 GMT+03:00 2026,11-sept.-2026 09:17:30.754,0.0,4.621345658425815,35.8,234.10288695814185,1.13,3.15,8.88,-0.01,13.73,-0.02,-,20,35.24,35.16,52,-,21.57,851.25,0.002,35.8,0.02,-,26,14.94,11.1,-,-,79.37,0,20.63,206,0.02,0,1.96,-
Fri Sep 11 09:17:31 GMT+03:00 2026,11-sept.-2026 09:17:31.517,0.0,3.7279708719210713,35.3,0.0,2.17,3.08,9.25,-0.04,13.73,-0.04,-,20,35.05,35.16,51,-,21.57,839.5,0.002,35.3,0.08,-,26,14.79,10.78,-,-,78.95,0,21.05,207,0.08,0,1.96,-
Fri Sep 11 09:17:32 GMT+03:00 2026,11-sept.-2026 09:17:32.685,0.0,3.825608910436092,35.2,0.0,-1.37,4.65,8.01,0.04,12.94,0.03,-,20,34.87,35.16,52,-,21.18,866.5,0.002,35.2,0.7,-,26,14.79,11.2,-,-,78.53,0,21.47,208,0.3,1,1.96,-
Fri Sep 11 09:17:33 GMT+03:00 2026,11-sept.-2026 09:17:33.763,0.0,5.3987049786409385,35.8,0.0,-2.58,1.21,8.69,0.0,13.33,0.07,-,20,34.69,35.16,51,-,21.18,879.75,0.002,35.8,0.85,-,26,14.79,11.4,-,-,78.12,0,21.88,209,0.15,1,1.96,-
Fri Sep 11 09:17:34 GMT+03:00 2026,11-sept.-2026 09:17:34.316,0.0,5.3472421985965335,34.9,0.0,1.5,5.07,8.69,0.0,13.33,-0.02,-,20,34.51,35.16,52,-,21.18,864.25,0.002,34.9,0.34,-,26,14.79,11.17,-,-,77.72,0,22.28,210,0.34,0,1.57,-
Fri Sep 11 09:17:35 GMT+03:00 2026,11-sept.-2026 09:17:35.439,0.0,3.9543185058964903,34.8,0.0,1.2,3.94,7.61,0.03,13.33,0.02,-,20,34.33,35.16,52,-,20.78,872.25,0.002,34.8,0.56,-,26,14.79,11.29,-,-,77.32,0,22.68,211,0.44,1,1.57,-
Fri Sep 11 09:17:36 GMT+03:00 2026,11-sept.-2026 09:17:36.570,0.0,3.7215483635733713,35.5,0.0,-2.19,2.56,11.52,0.0,13.73,0.03,-,20,34.15,35.16,52,-,20.78,855.0,0.002,35.5,0.01,-,26,14.79,11.03,-,-,76.92,0,23.08,212,0.01,0,1.57,-
Fri Sep 11 09:17:37 GMT+03:00 2026,11-sept.-2026 09:17:37.692,0.0,4.497255576407523,35.0,0.0,-0.46,-0.09,9.07,0.07,13.73,0.08,-,20,33.98,35.16,52,-,20.78,868.0,0.002,35,0.09,-,26,14.79,11.23,-,-,76.53,0,23.47,213,0.09,0,1.57,-
Fri Sep 11 09:17:38 GMT+03:00 2026,11-sept.-2026 09:17:38.334,0.0,5.019689368487748,34.3,0.0,0.67,1.25,9.08,0.03,13.33,0.0,-,20,33.81,34.81,52,-,20.39,872.5,0.002,34.3,0.26,-,25,14.79,11.29,-,-,76.14,0,23.86,214,0.26,0,1.57,-
Fri Sep 11 09:17:39 GMT+03:00 2026,11-sept.-2026 09:17:39.491,0.0,4.098613102638785,34.9,0.0,-1.17,2.45,8.18,0.01,13.33,0.01,-,20,33.64,35.16,52,-,20.39,852.5,0.002,34.9,0.08,-,26,14.79,10.99,-,-,75.76,0,24.24,215,0.08,0,1.57,-
Fri Sep 11 09:17:40 GMT+03:00 2026,11-sept.-2026 09:17:40.782,0.0,4.7255400140634745,36.2,0.0,-0.91,1.54,9.55,0.0,12.94,0.01,-,20,33.47,34.81,52,-,20.0,845.75,0.002,36.2,0.28,-,26,14.79,10.89,-,-,75.38,0,24.62,216,0.28,0,1.57,-
Fri Sep 11 09:17:41 GMT+03:00 2026,11-sept.-2026 09:17:41.408,0.0,4.021839073488395,34.6,0.0,0.25,0.4,9.18,0.0,13.33,-0.02,-,20,33.3,35.16,52,-,19.61,843.75,0.002,34.6,0.04,-,26,14.79,10.85,-,-,75,0,25,217,0.04,0,1.57,-
Fri Sep 11 09:17:42 GMT+03:00 2026,11-sept.-2026 09:17:42.764,0.0,4.880276420194623,34.2,0.0,1.13,2.52,8.08,0.08,13.73,0.08,-,20,33.13,35.16,52,-,19.61,838.25,0.002,34.2,0.16,-,26,14.79,10.75,-,-,74.63,0,25.37,218,0.16,0,1.96,-
Fri Sep 11 09:17:43 GMT+03:00 2026,11-sept.-2026 09:17:43.678,0.0,4.985772788729477,35.9,0.0,0.52,3.05,9.51,0.02,13.33,0.08,-,20,32.97,34.81,53,-,19.22,834.75,0.002,35.9,0.52,-,27,14.79,10.68,-,-,74.26,0,25.74,219,0.52,0,1.96,-
Fri Sep 11 09:17:44 GMT+03:00 2026,11-sept.-2026 09:17:44.279,0.0,3.765239772483789,35.2,0.0,2.36,4.51,10.52,0.08,13.33,0.07,-,20,32.81,35.16,53,-,19.22,814.75,0.002,35.2,0.18,-,27,14.79,10.37,-,-,73.89,0,26.11,220,0.18,0,1.96,-
Fri Sep 11 09:17:45 GMT+03:00 2026,11-sept.-2026 09:17:45.770,0.0,3.735494725362075,34.9,0.0,-3.47,1.64,9.65,0.02,12.94,-0.02,-,20,32.65,35.16,53,-,18.82,816.5,0.002,34.9,0.02,-,28,14.79,10.37,-,-,73.53,0,26.47,221,0.02,0,1.57,-
Fri Sep 11 09:17:46 GMT+03:00 2026,11-sept.-2026 09:17:46.430,0.0,3.908831428839268,35.0,0.0,1.52,3.49,9.77,0.01,13.73,0.02,-,20,32.49,35.16,53,-,18.82,823.5,0.002,35,0.16,-,29,14.79,10.45,-,-,73.17,0,26.83,222,0.16,0,1.96,-
Fri Sep 11 09:17:47 GMT+03:00 2026,11-sept.-2026 09:17:47.498,0.0,4.693529815172046,34.9,0.0,0.06,1.57,9.71,-0.05,13.33,-0.07,-,20,32.33,35.51,53,-,18.82,821.0,0.002,34.9,0.73,-,29,14.79,10.38,-,-,72.82,0,27.18,223,0.27,1,1.96,-
Fri Sep 11 09:17:48 GMT+03:00 2026,11-sept.-2026 09:17:48.488,0.0,3.611235703940303,36.8,0.0,-0.78,1.15,9.71,0.05,13.73,0.05,-,20,32.17,35.16,53,-,18.82,832.0,0.002,-,0.36,-,30,14.79,10.52,-,-,72.46,0,27.54,224,0.36,0,1.96,-
Fri Sep 11 09:17:49 GMT+03:00 2026,11-sept.-2026 09:17:49.659,0.0,3.776984817132091,34.6,0.0,0.06,1.88,8.15,0.02,12.94,0.02,-,20,32.02,35.16,53,-,18.43,849.25,0.002,34.6,0.21,-,31,14.79,10.75,-,-,72.12,0,27.88,225,0.21,0,1.57,-
Fri Sep 11 09:17:50 GMT+03:00 2026,11-sept.-2026 09:17:50.679,0.0,3.817396505146552,36.0,0.0,0.39,1.02,10.54,0.01,13.73,0.05,-,20,31.87,34.81,53,-,18.43,863.25,0.002,36,0.21,-,31,14.79,10.93,-,-,71.77,0,28.23,226,0.21,0,1.18,-
Fri Sep 11 09:17:51 GMT+03:00 2026,11-sept.-2026 09:17:51.705,0.0,6.000265674220144,34.6,0.0,-0.67,2.91,8.78,0.02,13.33,0.0,-,20,31.71,35.16,53,-,18.43,856.5,0.002,34.6,0.26,-,32,15.23,11.21,-,-,71.43,0,28.57,227,0.26,0,9.02,-
Fri Sep 11 09:17:52 GMT+03:00 2026,11-sept.-2026 09:17:52.517,1.3,2.166916239005774,35.2,234.10288694737352,0.05,2.93,11.58,0.15,12.94,0.17,-,20,31.59,35.16,53,2.85,36.08,976.0,0.005,35.2,0.93,3.82,32,16.1,12.39,-,-,71.56,0,28.44,228,5.93,5,19.61,-
Fri Sep 11 09:17:53 GMT+03:00 2026,11-sept.-2026 09:17:53.709,2.6,1.6254237748686853,35.7,234.10288695071904,-1.3,4.48,11.75,0.07,14.9,0.08,-,20,31.48,35.16,53,5.71,43.53,1094.0,0.01,35.7,0.8,7.65,33,17.26,15.12,-,-,71.7,0,28.3,229,9.2,10,28.24,-
Fri Sep 11 09:17:54 GMT+03:00 2026,11-sept.-2026 09:17:54.492,3.9,1.8498375066793935,35.8,234.10288695618027,-2.52,3.55,9.64,0.12,14.51,0.11,-,20,31.4,35.16,53,8.57,38.04,1455.0,0.015,35.8,0.47,11.5,33,18.42,22.39,-,-,71.83,0,28.17,230,13.53,14,27.84,-
Fri Sep 11 09:17:55 GMT+03:00 2026,11-sept.-2026 09:17:55.274,5.2,2.260518770813261,35.7,234.10288695213487,-1.32,3.43,10.89,0.08,14.12,0.06,-,20,31.34,35.16,54,11.46,34.9,1953.5,0.02,35.7,0.79,15.36,33,19.14,32.29,-,-,71.96,0,28.04,231,18.21,19,24.71,-
Fri Sep 11 09:17:56 GMT+03:00 2026,11-sept.-2026 09:17:56.477,6.5,2.4833297258187974,36.8,234.10288695212355,-0.49,1.44,9.13,0.09,13.33,0.09,-,20,31.3,34.81,54,14.36,34.9,2427.5,0.026,36.8,0.64,19.26,34,20.02,42.57,-,-,72.09,0,27.91,232,23.64,23,27.84,-
Fri Sep 11 09:17:57 GMT+03:00 2026,11-sept.-2026 09:17:57.431,7.8,1.8435280540998245,36.8,234.10288695267948,-1.22,4.42,10.67,0.1,14.12,0.1,-,20,31.29,34.81,54,17.29,46.67,1715.25,0.028,36.8,0.47,23.19,34,20.74,30.32,-,-,72.22,0,27.78,233,28.47,28,32.16,-
Fri Sep 11 09:17:58 GMT+03:00 2026,11-sept.-2026 09:17:58.531,9.1,1.4521468355731753,36.3,234.1028869530872,-1.4,4.0,8.46,0.1,14.51,0.13,-,20,31.3,35.16,54,20.26,46.27,2006.5,0.033,36.3,0.14,27.17,34,21.47,37.14,-,-,72.35,0,27.65,234,33.14,33,36.08,-
Fri Sep 11 09:17:59 GMT+03:00 2026,11-sept.-2026 09:17:59.367,10.4,3.003563635322184,35.6,234.1028869529678,-1.34,0.4,11.05,0.11,14.12,0.12,-,20,31.32,35.16,54,23.26,46.27,2288.75,0.038,35.6,1.14,31.2,34,22.05,44.11,-,-,72.48,0,27.52,235,36.86,38,36.08,-
Fri Sep 11 09:18:00 GMT+03:00 2026,11-sept.-2026 09:18:00.735,11.7,1.4550828395195552,36.2,234.1028869522769,-0.52,2.36,11.95,0.09,14.12,0.1,-,20,31.37,35.51,54,26.31,47.06,2576.5,0.043,36.2,0.7,35.28,35,22.48,50.51,-,-,72.6,0,27.4,236,42.7,42,39.22,-
Fri Sep 11 09:18:01 GMT+03:00 2026,11-sept.-2026 09:18:01.443,12.7831381022578,2.017127499931324,36.2,234.1028869517019,0.95,2.61,9.99,0.13,14.9,0.12,-,20,31.44,35.16,54,24.65,54.9,1845.25,0.035,36.2,0.36,33.05,35,21.9,34.77,-,-,72.73,0,27.27,237,45.64,46,37.65,-
Fri Sep 11 09:18:02 GMT+03:00 2026,11-sept.-2026 09:18:02.410,13.109179636538334,1.5244838995466987,37.3,234.1028869523877,-0.81,3.63,9.95,0.06,14.51,0.08,-,20,31.51,35.16,54,10.14,44.71,1366.75,0.017,37.3,0.24,13.59,35,21.47,24.1,-,-,72.85,0,27.15,238,47.24,47,35.69,-
Fri Sep 11 09:18:03 GMT+03:00 2026,11-sept.-2026 09:18:03.271,13.453106839283569,1.6912309209134015,35.1,234.102886952392,-0.76,1.81,10.47,0.05,14.12,0.01,-,20,31.59,34.81,54,10.82,44.31,1422.75,0.018,35.1,0.23,14.51,35,20.45,23.97,-,-,72.97,0,27.03,239,48.23,48,27.06,-
Fri Sep 11 09:18:04 GMT+03:00 2026,11-sept.-2026 09:18:04.334,13.565947143512178,1.8188408078213305,36.6,234.1028869525278,0.5,4.41,9.1,0.01,13.33,-0.01,-,20,31.66,35.16,54,-,33.73,1416.0,0.011,36.6,0.1,-,36,18.56,21.69,-,-,73.09,0,26.91,240,49.9,50,19.61,-
Fri Sep 11 09:18:05 GMT+03:00 2026,11-sept.-2026 09:18:05.535,13.50035817481738,2.1456898593232685,36.0,234.10288695334216,0.42,0.02,9.77,0.01,13.73,0.0,-,20,31.74,35.16,54,-,24.71,1416.0,0.005,36,1.67,-,36,17.84,20.85,-,-,73.21,0,26.79,241,49.67,48,12.94,-
Fri Sep 11 09:18:06 GMT+03:00 2026,11-sept.-2026 09:18:06.673,13.492616246826294,1.8346784916312149,35.7,234.1028869528262,-1.6,5.02,10.69,-0.03,13.73,-0.04,-,20,31.81,34.81,54,-,27.84,1404.75,0.007,35.7,1.22,-,36,17.11,19.8,-,-,73.33,0,26.67,242,47.78,49,10.98,-
Fri Sep 11 09:18:07 GMT+03:00 2026,11-sept.-2026 09:18:07.344,13.498644129797002,2.967863361337921,35.6,234.10288695320173,0.31,3.8,8.04,0.06,13.33,0.05,-,20,31.89,35.51,55,-,28.24,1401.5,0.007,35.6,0.66,-,36,17.4,20.03,-,-,73.45,0,26.55,243,47.34,48,16.47,-
Fri Sep 11 09:18:08 GMT+03:00 2026,11-sept.-2026 09:18:08.667,13.716126029115062,2.743771863618241,36.3,234.10288695244816,0.15,2.75,10.07,0.03,14.12,0.04,-,20,31.97,35.16,55,8.42,38.82,1422.75,0.015,36.3,0.42,11.29,35,17.11,20.16,-,-,73.57,0,26.43,244,50.42,50,14.12,-
Fri Sep 11 09:18:09 GMT+03:00 2026,11-sept.-2026 09:18:09.399,13.584466623918631,1.8030871963696415,34.8,234.10288695113417,-2.13,2.34,8.23,0.02,13.73,0.05,-,20,32.04,35.16,55,-,21.57,1418.25,0.002,34.8,0.44,-,35,17.55,20.59,-,-,73.68,0,26.32,245,49.44,49,17.25,-
Fri Sep 11 09:18:10 GMT+03:00 2026,11-sept.-2026 09:18:10.556,13.74559925863091,2.288184428837732,36.4,234.10288695311652,0.7,2.58,9.48,0.01,13.33,-0.01,-,20,32.12,35.16,55,7.26,36.08,1417.5,0.013,36.4,1.43,9.73,35,17.55,20.51,-,-,73.8,0,26.2,246,48.57,50,12.55,-
Fri Sep 11 09:18:11 GMT+03:00 2026,11-sept.-2026 09:18:11.244,13.717544818653742,2.1481844271230104,37.2,234.1028869537846,0.74,2.38,9.79,0.04,13.73,0.03,-,20,32.19,35.16,55,-,26.67,1433.25,0.006,37.2,0.79,-,35,16.97,20.22,-,-,73.91,0,26.09,247,49.21,50,14.9,-
Fri Sep 11 09:18:12 GMT+03:00 2026,11-sept.-2026 09:18:12.796,13.72610870044076,3.7974669735654425,36.4,234.1028869528251,-1.68,1.23,10.13,-0.06,13.33,-0.05,-,20,32.27,35.16,55,-,28.24,1442.0,0.008,36.4,0.19,-,34,16.97,20.33,-,-,74.03,0,25.97,248,49.19,49,9.41,-
Fri Sep 11 09:18:13 GMT+03:00 2026,11-sept.-2026 09:18:13.758,13.42284622473228,2.7903203828850542,35.6,234.1028869526908,3.17,1.83,9.18,-0.06,12.94,-0.04,-,20,32.34,34.81,55,-,20.78,1396.25,0.002,35.6,0.21,-,34,16.53,19.06,-,-,74.14,0,25.86,249,48.21,48,9.02,-
Fri Sep 11 09:18:14 GMT+03:00 2026,11-sept.-2026 09:18:14.534,13.386031981560524,2.033767093351382,37.4,234.10288695195192,0.61,1.16,10.53,-0.02,13.73,-0.01,-,20,32.4,34.81,55,-,26.27,1403.75,0.006,37.4,1.0,-,33,16.53,19.31,-,-,74.25,0,25.75,250,47.0,48,9.41,-
Fri Sep 11 09:18:15 GMT+03:00 2026,11-sept.-2026 09:18:15.302,13.39762785923695,2.965683865791587,37.1,234.1028869523903,0.23,3.93,10.99,0.01,13.33,0.02,-,20,32.47,35.16,55,-,28.63,1396.25,0.007,37.1,1.63,-,33,16.68,19.3,-,-,74.36,0,25.64,251,46.37,48,12.55,-
Fri Sep 11 09:18:16 GMT+03:00 2026,11-sept.-2026 09:18:16.532,13.441989323754036,1.407067764297458,36.5,234.1028869535317,-0.82,2.59,11.26,-0.05,13.73,-0.07,-,20,32.54,35.16,56,-,30.2,1404.75,0.009,36.5,0.2,-,32,17.4,20.29,-,-,74.47,0,25.53,252,48.2,48,15.69,-
Fri Sep 11 09:18:17 GMT+03:00 2026,11-sept.-2026 09:18:17.630,13.56661631285622,1.5659454632245726,37.6,234.10288695339045,-1.42,1.66,9.08,-0.04,12.94,-0.02,-,20,32.61,35.16,55,6.38,34.12,1409.75,0.011,37.6,0.14,8.55,32,17.69,20.72,-,-,74.58,0,25.42,253,49.14,49,16.86,-
Fri Sep 11 09:18:18 GMT+03:00 2026,11-sept.-2026 09:18:18.766,13.640735369018865,1.4319156247086422,35.7,234.1028869518801,-0.48,2.4,9.07,0.01,14.12,0.04,-,20,32.68,35.16,56,-,31.37,1444.75,0.01,35.7,0.59,-,32,17.26,20.82,-,-,74.68,0,25.32,254,48.41,49,13.33,-
Fri Sep 11 09:18:19 GMT+03:00 2026,11-sept.-2026 09:18:19.323,13.50662269688716,2.4251923735302814,36.7,234.1028869527172,-0.57,3.34,9.97,-0.03,12.94,-0.02,-,20,32.74,35.16,56,-,21.18,1420.0,0.002,36.7,0.36,-,32,17.4,20.62,-,-,74.79,0,25.21,255,49.36,49,13.33,-
Fri Sep 11 09:18:20 GMT+03:00 2026,11-sept.-2026 09:18:20.436,13.623368833067174,1.6692864332090305,35.9,234.10288695217776,-2.55,0.09,10.04,0.0,12.94,-0.01,-,20,32.81,35.51,56,-,33.73,1425.5,0.011,35.9,0.63,-,32,16.97,20.17,-,-,74.9,0,25.1,256,48.63,48,10.98,-
Fri Sep 11 09:18:21 GMT+03:00 2026,11-sept.-2026 09:18:21.473,13.563245289711862,2.670309481899899,38.1,234.1028869518572,-1.61,2.92,11.33,-0.04,13.73,0.0,-,20,32.88,35.51,56,-,25.1,1406.25,0.005,38.1,0.3,-,32,17.11,20.11,-,-,75,0,25,257,49.3,49,16.47,-
Fri Sep 11 09:18:22 GMT+03:00 2026,11-sept.-2026 09:18:22.294,13.727282636252603,2.003478422864134,37.3,234.1028869544604,-1.32,2.77,6.78,0.07,14.51,0.06,-,20,32.95,35.16,56,7.31,35.69,1437.5,0.013,37.3,1.2,9.8,32,17.11,20.63,-,-,75.1,0,24.9,258,50.2,49,11.76,-
Fri Sep 11 09:18:23 GMT+03:00 2026,11-sept.-2026 09:18:23.325,13.596011909676344,1.5026735978141277,36.2,234.10288695255545,-1.77,1.1,11.12,0.0,13.33,-0.01,-,20,33.01,35.16,56,-,21.57,1394.25,0.002,36.2,0.88,-,32,17.11,19.81,-,-,75.21,0,24.79,259,48.88,48,14.12,-
Fri Sep 11 09:18:24 GMT+03:00 2026,11-sept.-2026 09:18:24.672,13.66488871122778,2.2902110405140705,37.0,234.102886952096,0.02,3.11,9.34,0.0,13.73,0.01,-,20,33.08,35.16,56,-,31.37,1430.0,0.01,37,0.4,-,32,16.82,20.07,-,-,75.31,0,24.69,260,49.4,49,8.63,-
Fri Sep 11 09:18:25 GMT+03:00 2026,11-sept.-2026 09:18:25.425,13.47537050772454,2.141166910167468,37.8,234.1028869524748,-1.61,2.18,8.46,0.08,11.76,0.09,-,20,33.14,35.16,56,-,20.78,1413.5,0.002,37.8,0.35,-,32,17.11,20.17,-,-,75.41,0,24.59,261,49.35,49,16.47,-
Fri Sep 11 09:18:26 GMT+03:00 2026,11-sept.-2026 09:18:26.653,13.781442769385064,2.8503164602477127,38.0,234.10288695191105,2.52,2.47,9.44,0.09,13.73,0.1,-,20,33.21,35.16,56,10.34,42.75,1435.75,0.017,38,2.43,13.87,32,17.11,20.48,-,-,75.51,0,24.49,262,47.57,50,12.94,-
Fri Sep 11 09:18:27 GMT+03:00 2026,11-sept.-2026 09:18:27.285,13.513025303834612,1.89535956235195,36.9,236.51455946615064,1.51,1.25,8.54,-0.06,12.94,-0.04,-,20,33.27,35.51,57,-,20.78,1416.0,0.002,36.9,0.95,-,32,16.53,19.47,-,-,75.61,0,24.39,263,48.95,48,12.94,-
Fri Sep 11 09:18:28 GMT+03:00 2026,11-sept.-2026 09:18:28.393,13.374131961240307,2.5272563245477317,37.0,239.92835521739156,-0.34,4.25,11.47,0.01,13.73,0.0,-,20,33.33,34.81,56,-,21.18,1395.0,0.002,37,0.85,-,33,17.11,19.94,-,-,75.71,0,24.29,264,47.15,48,9.41,-
Fri Sep 11 09:18:29 GMT+03:00 2026,11-sept.-2026 09:18:29.590,13.489654900763568,2.7925028388651443,36.5,240.8922016263798,-0.75,2.01,8.11,-0.01,13.73,-0.01,-,20,33.4,35.16,56,-,34.12,1391.75,0.011,36.5,0.92,-,32,16.82,19.45,-,-,75.81,0,24.19,265,48.92,48,14.9,-
Fri Sep 11 09:18:30 GMT+03:00 2026,11-sept.-2026 09:18:30.567,13.627584553426084,1.6276344683217476,39.0,240.89220162579628,-3.34,0.8,10.78,-0.04,14.12,-0.05,-,20,33.46,35.16,56,6.69,34.9,1410.0,0.012,39,0.57,8.98,32,16.82,19.74,-,-,75.9,0,24.1,266,49.57,49,14.9,-
Fri Sep 11 09:18:31 GMT+03:00 2026,11-sept.-2026 09:18:31.245,13.448992993687984,2.5004412558544127,37.4,240.89220162696503,0.18,3.29,9.76,0.07,13.33,0.08,-,20,33.52,35.16,56,-,20.78,1398.25,0.002,37.4,0.59,-,32,17.55,20.45,-,-,76,0,24,267,48.59,48,15.29,-
Fri Sep 11 09:18:32 GMT+03:00 2026,11-sept.-2026 09:18:32.632,13.60122826168039,2.0794115055918514,37.7,240.89220162579895,-1.93,2.99,9.97,0.03,14.12,0.02,-,20,33.58,35.16,57,6.98,35.69,1402.0,0.012,37.7,0.6,9.35,32,17.55,20.56,-,-,76.1,0,23.9,268,48.4,49,15.29,-
Fri Sep 11 09:18:33 GMT+03:00 2026,11-sept.-2026 09:18:33.483,13.72771632612445,2.6128285155031583,36.5,240.89220162435987,-2.66,1.75,9.72,-0.03,13.33,-0.08,-,20,33.64,35.16,56,6.52,34.51,1418.5,0.012,36.5,0.32,8.74,33,17.26,20.41,-,-,76.19,0,23.81,269,49.32,49,17.65,-
Fri Sep 11 09:18:34 GMT+03:00 2026,11-sept.-2026 09:18:34.659,13.7167035327154,2.1527921349139074,36.7,240.8922016272439,1.06,2.31,9.51,-0.03,13.33,-0.03,-,20,33.7,35.51,57,-,27.45,1420.75,0.007,36.7,0.82,-,33,17.55,20.72,-,-,76.28,0,23.72,270,49.18,50,13.33,-
Fri Sep 11 09:18:35 GMT+03:00 2026,11-sept.-2026 09:18:35.361,13.646858248619148,2.020274986946732,37.0,240.8922016275405,0.66,3.79,10.48,0.01,13.33,0.02,-,20,33.77,35.16,57,-,24.31,1430.0,0.005,37,0.99,-,33,16.97,20.2,-,-,76.38,0,23.62,271,49.99,49,9.41,-
Fri Sep 11 09:18:36 GMT+03:00 2026,11-sept.-2026 09:18:36.506,13.572544359424713,1.424009746575847,38.3,240.892201624631,-1.56,2.58,7.99,-0.03,12.94,-0.03,-,20,33.82,35.16,57,-,24.31,1412.5,0.004,38.3,0.49,-,33,16.53,19.5,-,-,76.47,0,23.53,272,48.49,48,9.41,-
Fri Sep 11 09:18:37 GMT+03:00 2026,11-sept.-2026 09:18:37.245,13.553448707344876,2.22257835933383,37.0,240.89220162550768,1.34,4.74,9.75,0.01,13.33,0.01,-,20,33.88,35.16,57,-,27.06,1415.75,0.006,37,0.59,-,33,16.97,19.95,-,-,76.56,0,23.44,273,48.41,49,12.94,-
Fri Sep 11 09:18:38 GMT+03:00 2026,11-sept.-2026 09:18:38.778,13.681493593107676,2.154867061719711,36.5,240.89220162608825,-0.4,-0.11,9.25,0.04,13.33,0.03,-,20,33.94,35.16,57,6.52,34.12,1429.25,0.012,36.5,0.19,8.75,33,16.97,20.18,-,-,76.65,0,23.35,274,48.81,49,13.33,-
Fri Sep 11 09:18:39 GMT+03:00 2026,11-sept.-2026 09:18:39.380,13.61805177511904,2.722305811098251,36.4,240.8922016263768,-0.92,4.56,10.97,0.0,12.94,-0.02,-,20,34.0,35.16,57,-,24.71,1424.5,0.005,36.4,0.89,-,33,17.55,20.8,-,-,76.74,0,23.26,275,50.89,50,16.47,-
Fri Sep 11 09:18:40 GMT+03:00 2026,11-sept.-2026 09:18:40.576,13.7784276547509,2.130200728562805,37.3,240.89220162666496,-1.43,0.91,10.41,0.03,12.94,0.0,-,20,34.06,35.16,57,7.27,35.69,1435.75,0.013,37.3,1.43,9.74,33,17.11,20.55,-,-,76.83,0,23.17,276,48.57,50,11.37,-
Fri Sep 11 09:18:41 GMT+03:00 2026,11-sept.-2026 09:18:41.484,13.63685192076814,2.4273987299554376,37.9,240.8922016252189,1.94,2.92,9.87,-0.02,12.55,0.0,-,20,34.12,35.16,57,-,21.18,1425.0,0.002,37.9,2.09,-,33,16.82,20.02,-,-,76.92,0,23.08,277,46.91,49,12.94,-
Fri Sep 11 09:18:42 GMT+03:00 2026,11-sept.-2026 09:18:42.314,13.64366323507348,1.838743534204922,37.9,240.8922016252184,0.91,2.4,9.56,-0.04,12.94,0.01,-,20,34.18,35.16,57,-,28.24,1433.75,0.007,-,0.57,-,33,16.97,20.29,-,-,77.01,0,22.99,278,48.43,49,9.41,-
Fri Sep 11 09:18:43 GMT+03:00 2026,11-sept.-2026 09:18:43.721,13.622287922676016,1.5581098622518423,36.6,240.8922016266644,-0.88,2.88,10.0,0.01,13.33,0.02,-,20,34.23,35.16,58,-,27.06,1420.0,0.006,36.6,0.87,-,33,17.11,20.17,-,-,77.1,0,22.9,279,48.87,48,15.29,-
Fri Sep 11 09:18:44 GMT+03:00 2026,11-sept.-2026 09:18:44.696,13.820976847231584,2.440743444552213,38.6,240.89220162722853,-1.27,2.66,9.55,0.03,14.51,0.05,-,20,34.29,35.16,58,8.11,37.25,1457.0,0.014,38.6,0.83,10.87,33,17.69,21.55,-,-,77.19,0,22.81,280,50.83,50,16.86,-
Fri Sep 11 09:18:45 GMT+03:00 2026,11-sept.-2026 09:18:45.586,13.91209267248629,2.6170557596377337,38.2,240.8922016263731,-0.26,2.7,10.49,-0.03,13.73,-0.02,-,20,34.35,35.51,58,-,32.16,1448.25,0.011,38.2,1.46,-,33,17.55,21.17,-,-,77.27,0,22.73,281,51.46,50,16.08,-
Fri Sep 11 09:18:46 GMT+03:00 2026,11-sept.-2026 09:18:46.545,13.84211727681216,1.880771389717672,38.2,240.8922016255174,1.11,2.57,7.21,-0.01,13.33,-0.06,-,20,34.41,35.16,58,-,24.31,1448.75,0.005,38.2,1.62,-,33,17.55,21.29,-,-,77.36,0,22.64,282,48.38,50,12.94,-
Fri Sep 11 09:18:47 GMT+03:00 2026,11-sept.-2026 09:18:47.353,13.855510902787136,2.088946868073056,37.8,240.89220162551487,-0.42,-0.92,9.9,-0.04,13.73,-0.03,-,20,34.47,35.16,58,-,28.63,1440.25,0.008,37.8,0.0,-,33,16.82,20.12,-,-,77.44,0,22.56,283,50.0,50,9.02,-
Fri Sep 11 09:18:48 GMT+03:00 2026,11-sept.-2026 09:18:48.357,13.720813952908118,2.012629897450751,37.7,240.89220162695693,0.14,1.99,7.54,-0.01,12.94,0.01,-,20,34.52,35.16,58,-,21.57,1430.75,0.002,37.7,0.81,-,33,16.1,19.21,-,-,77.53,0,22.47,284,49.81,49,7.45,-
Fri Sep 11 09:18:49 GMT+03:00 2026,11-sept.-2026 09:18:49.242,13.581417305809946,2.79119147838409,37.7,240.89220162608825,1.55,0.07,9.67,0.0,12.94,-0.01,-,20,34.58,35.16,58,-,21.18,1410.75,0.002,37.7,0.16,-,33,16.68,19.54,-,-,77.61,0,22.39,285,48.84,49,10.2,-
Fri Sep 11 09:18:50 GMT+03:00 2026,11-sept.-2026 09:18:50.784,13.734164766533132,2.1372133733612424,37.7,240.89220162551305,0.87,3.57,8.99,0.04,14.12,0.05,-,20,34.63,35.16,58,7.08,35.29,1441.0,0.013,37.7,0.7,9.49,33,16.68,20.03,-,-,77.7,0,22.3,286,49.3,50,12.94,-
Fri Sep 11 09:18:51 GMT+03:00 2026,11-sept.-2026 09:18:51.671,13.75291435089001,1.7760622628270877,38.3,240.89220162694212,1.22,3.7,9.8,0.0,13.33,0.04,-,20,34.69,35.16,58,-,28.63,1436.5,0.008,38.3,0.71,-,33,17.69,21.18,-,-,77.78,0,22.22,287,49.29,50,20.0,-
Fri Sep 11 09:18:52 GMT+03:00 2026,11-sept.-2026 09:18:52.264,14.023093947315315,2.2588420807481566,38.6,240.89220162637008,-0.51,3.75,9.31,0.04,14.12,0.03,-,20,34.75,35.16,58,9.79,40.39,1469.5,0.017,38.6,0.86,13.13,33,18.13,22.28,-,-,77.86,0,22.14,288,50.14,51,17.25,-
Fri Sep 11 09:18:53 GMT+03:00 2026,11-sept.-2026 09:18:53.716,14.028392775429245,3.2581951172825026,38.3,240.8922016258062,0.0,0.78,9.45,0.04,13.33,0.04,-,20,34.8,35.16,58,-,27.84,1479.5,0.008,38.3,0.07,-,33,17.69,21.93,-,-,77.94,0,22.06,289,50.07,50,16.47,-
Fri Sep 11 09:18:54 GMT+03:00 2026,11-sept.-2026 09:18:54.280,14.000599919254135,2.472708788901508,39.6,240.89220162636843,-4.17,0.42,10.79,0.02,14.51,0.0,-,20,34.86,35.16,59,-,26.67,1463.75,0.006,39.6,1.31,-,33,18.27,22.26,-,-,78.02,0,21.98,290,51.31,50,15.69,-
Fri Sep 11 09:18:55 GMT+03:00 2026,11-sept.-2026 09:18:55.371,14.215941482445348,1.920048843518107,37.9,240.89220162497332,-1.39,2.16,10.82,-0.03,14.12,-0.05,-,20,34.92,35.51,58,8.76,38.04,1481.0,0.015,37.9,1.44,11.75,33,17.4,21.56,-,-,78.1,0,21.9,291,51.44,50,14.51,-
Fri Sep 11 09:18:56 GMT+03:00 2026,11-sept.-2026 09:18:56.710,14.148104208792196,1.579019250733038,37.3,240.892201624698,1.22,-0.46,10.61,0.04,12.94,0.02,-,20,34.98,35.51,58,-,24.71,1477.25,0.005,37.3,0.92,-,33,17.69,21.9,-,-,78.18,0,21.82,292,50.08,51,17.25,-
Fri Sep 11 09:18:57 GMT+03:00 2026,11-sept.-2026 09:18:57.579,14.285079332134174,3.485888462822898,38.3,240.89220162720224,-0.38,3.56,10.02,0.0,13.73,-0.02,-,20,35.04,35.16,59,7.11,34.12,1500.0,0.013,38.3,1.5,9.53,33,17.4,21.83,-,-,78.26,0,21.74,293,52.5,51,10.59,-
Fri Sep 11 09:18:58 GMT+03:00 2026,11-sept.-2026 09:18:58.704,14.102820788566923,3.1370838491737354,38.6,240.89220162636656,-0.56,3.3,10.45,-0.02,13.33,0.0,-,20,35.1,35.16,59,-,20.78,1463.0,0.002,38.6,1.32,-,33,17.4,21.19,-,-,78.34,0,21.66,294,49.68,51,15.29,-
Fri Sep 11 09:18:59 GMT+03:00 2026,11-sept.-2026 09:18:59.752,14.3021458106271,2.3827371118036718,37.4,240.89220162608825,1.1,0.37,10.78,0.01,13.73,0.02,-,20,35.16,35.16,59,8.48,36.86,1497.25,0.015,37.4,0.87,11.37,33,17.26,21.71,-,-,78.42,0,21.58,295,51.87,51,11.37,-
Fri Sep 11 09:19:00 GMT+03:00 2026,11-sept.-2026 09:19:00.530,14.215258532042425,2.5723095963881204,38.3,240.89220162608825,-1.89,2.5,10.62,0.0,12.94,0.01,-,20,35.21,35.16,58,-,23.53,1489.0,0.004,38.3,1.05,-,33,16.68,20.83,-,-,78.49,0,21.51,296,49.95,51,12.55,-
Fri Sep 11 09:19:01 GMT+03:00 2026,11-sept.-2026 09:19:01.312,14.121225165415469,1.550425996662097,38.3,240.89220162608825,-0.82,4.94,11.06,-0.04,13.33,-0.04,-,20,35.27,35.51,59,-,23.53,1476.75,0.004,38.3,0.53,-,32,17.4,21.62,-,-,78.57,0,21.43,297,51.53,51,11.37,-
Fri Sep 11 09:19:02 GMT+03:00 2026,11-sept.-2026 09:19:02.636,14.25926590247068,2.0105021618411465,38.6,240.8922016266424,-2.54,3.05,9.11,0.02,13.33,0.02,-,20,35.33,35.16,59,7.11,34.12,1492.5,0.013,38.6,0.7,9.54,32,16.97,21.34,-,-,78.65,0,21.35,298,51.7,51,12.94,-
Fri Sep 11 09:19:03 GMT+03:00 2026,11-sept.-2026 09:19:03.579,14.27342734796857,1.5561250789177663,39.5,240.89220162581037,0.65,1.85,12.74,-0.02,13.73,-0.03,-,20,35.38,35.51,59,-,28.24,1500.75,0.008,39.5,1.18,-,32,16.97,21.44,-,-,78.72,0,21.28,299,50.82,52,12.94,-
Fri Sep 11 09:19:04 GMT+03:00 2026,11-sept.-2026 09:19:04.329,14.173568020251148,1.6844257765404986,39.6,240.89220162636943,1.02,2.85,8.55,-0.04,12.16,-0.05,-,20,35.44,34.81,59,-,23.14,1467.0,0.004,39.6,0.11,-,32,16.82,20.68,-,-,78.8,0,21.2,300,50.89,51,7.84,-
Fri Sep 11 09:19:05 GMT+03:00 2026,11-sept.-2026 09:19:05.392,13.943053017549094,1.592330626220983,39.0,240.89220162580432,1.31,1.49,8.97,-0.07,12.94,-0.08,-,20,35.49,35.51,59,-,20.78,1466.75,0.002,39,0.92,-,32,16.39,20.12,-,-,78.87,0,21.13,301,49.08,50,7.06,-
Fri Sep 11 09:19:06 GMT+03:00 2026,11-sept.-2026 09:19:06.661,13.901833520140167,1.7928470112424015,38.1,240.89220162524407,0.02,1.0,8.34,-0.07,13.33,-0.05,-,20,35.54,35.16,59,-,25.88,1451.0,0.006,38.1,0.31,-,31,16.97,20.67,-,-,78.95,0,21.05,302,49.69,50,14.12,-
Fri Sep 11 09:19:07 GMT+03:00 2026,11-sept.-2026 09:19:07.629,14.19326822572232,3.2429791685364293,38.6,240.89220162636624,-2.46,3.27,8.8,0.04,14.9,0.04,-,20,35.6,35.16,59,10.4,41.18,1493.75,0.018,38.6,0.07,13.95,31,17.4,21.92,-,-,79.02,0,20.98,303,50.93,51,17.65,-
Fri Sep 11 09:19:08 GMT+03:00 2026,11-sept.-2026 09:19:08.630,14.250124358267245,1.5422383014434684,40.3,240.8922016266422,-0.28,1.08,9.02,0.02,13.73,-0.01,-,20,35.65,35.16,59,-,30.98,1464.25,0.01,40.3,1.45,-,31,17.98,22.14,-,-,79.09,0,20.91,304,52.45,51,18.82,-
Fri Sep 11 09:19:09 GMT+03:00 2026,11-sept.-2026 09:19:09.323,14.292998592700751,2.2623916821846484,38.9,240.89220162578604,-0.91,2.97,10.11,0.02,12.94,0.01,-,20,35.7,35.16,59,-,29.41,1502.75,0.009,38.9,1.14,-,31,17.4,22.1,-,-,79.17,0,20.83,305,50.86,52,10.59,-
Fri Sep 11 09:19:10 GMT+03:00 2026,11-sept.-2026 09:19:10.413,11.867342074719025,1.5695279239170028,37.1,240.89220162608828,1.09,2.65,11.98,-0.25,12.94,-0.25,-,20,35.73,35.51,59,-,10.98,1227.5,0.0,37.1,0.52,-,30,15.95,22.5,-,-,79.24,0,20.76,306,42.48,43,5.88,-
Fri Sep 11 09:19:11 GMT+03:00 2026,11-sept.-2026 09:19:11.796,9.538961543193553,1.6025538169960545,38.3,240.8922016265566,0.5,-0.81,10.15,-0.29,12.94,-0.31,-,20,35.72,35.16,59,-,12.16,1370.5,0.0,38.3,0.76,-,30,15.23,24.18,-,-,79.31,0,20.69,307,33.24,34,1.57,-
Fri Sep 11 09:19:12 GMT+03:00 2026,11-sept.-2026 09:19:12.625,7.341506932234614,2.8508781177835703,39.8,240.89220162608825,-0.38,3.9,8.91,-0.24,12.94,-0.27,-,20,35.69,35.16,59,-,12.55,1635.75,0.0,39.8,0.19,-,30,14.36,28.07,-,-,79.38,0,20.62,308,26.81,27,1.57,-
Fri Sep 11 09:19:13 GMT+03:00 2026,11-sept.-2026 09:19:13.524,5.324738691659343,1.5303300055391935,38.2,240.89220162875745,-1.82,0.73,12.93,-0.19,13.33,-0.22,-,20,35.64,35.16,59,-,12.94,1169.75,0.0,38.2,0.6,-,30,14.36,19.12,-,-,79.45,0,20.55,309,19.6,19,1.57,-
Fri Sep 11 09:19:14 GMT+03:00 2026,11-sept.-2026 09:19:14.319,3.5609889885589627,1.4724060580999423,38.4,240.89220162470264,-1.05,3.1,12.38,-0.23,13.73,-0.25,-,20,35.56,35.16,60,-,10.59,1349.25,0.0,38.4,0.69,-,29,14.65,22.96,-,-,79.52,0,20.48,310,13.69,13,3.14,-
Fri Sep 11 09:19:15 GMT+03:00 2026,11-sept.-2026 09:19:15.287,2.144686390637169,2.531397050593397,39.4,240.892201618908,-0.43,2.51,12.88,-0.14,12.55,-0.16,-,20,35.46,35.16,60,-,22.75,1055.75,0.002,39.4,0.58,-,29,14.94,12.68,-,-,79.59,0,20.41,311,8.58,8,5.49,-
Fri Sep 11 09:19:16 GMT+03:00 2026,11-sept.-2026 09:19:16.677,1.1584708362611995,1.7278079091714225,38.3,240.89220164420917,0.01,4.1,9.42,-0.05,13.73,0.0,-,20,35.36,35.51,60,-,24.31,951.25,0.002,38.3,0.28,-,29,15.23,11.43,-,-,79.66,0,20.34,312,3.72,4,7.84,-
Fri Sep 11 09:19:17 GMT+03:00 2026,11-sept.-2026 09:19:17.681,0.5866606502388237,2.0672634703493085,40.5,240.89220162608825,1.97,1.24,8.73,-0.09,14.51,-0.07,-,20,35.24,34.81,59,-,25.1,911.0,0.002,40.5,0.16,-,29,15.37,10.96,-,-,79.39,0,20.61,313,2.16,2,6.27,-
Fri Sep 11 09:19:18 GMT+03:00 2026,11-sept.-2026 09:19:18.662,0.0,4.511785064252869,37.0,240.89220162608825,3.77,3.35,9.01,-0.02,13.33,-0.03,-,20,35.15,35.16,60,-,18.43,832.25,0.002,37,0.41,-,29,15.08,10.85,-,-,79.12,0,20.88,314,0.41,0,3.92,-
Fri Sep 11 09:19:19 GMT+03:00 2026,11-sept.-2026 09:19:19.401,0.0,4.3118172552351375,37.5,240.89220161472304,0.37,2.55,10.9,0.03,13.33,0.06,-,20,35.03,35.16,60,-,18.43,825.75,0.002,37.5,0.29,-,28,14.94,10.63,-,-,78.86,0,21.14,315,0.29,0,1.57,-
Fri Sep 11 09:19:20 GMT+03:00 2026,11-sept.-2026 09:19:20.623,0.0,4.912899579243426,39.3,0.0,2.11,-1.06,8.89,0.02,13.33,0.01,-,20,34.92,35.16,60,-,18.43,838.5,0.002,39.3,0.27,-,28,14.79,10.68,-,-,78.6,0,21.4,316,0.27,0,1.57,-
Fri Sep 11 09:19:21 GMT+03:00 2026,11-sept.-2026 09:19:21.489,0.0,3.6503457863986384,39.2,0.0,2.53,3.4,10.38,0.04,13.33,0.01,-,20,34.8,35.16,60,-,18.43,826.0,0.002,39.2,0.39,-,28,14.79,10.51,-,-,78.33,0,21.67,317,0.39,0,1.57,-
Fri Sep 11 09:19:22 GMT+03:00 2026,11-sept.-2026 09:19:22.292,0.0,4.537674724931067,39.0,0.0,0.69,3.0,8.6,0.05,13.73,0.05,-,20,34.68,34.81,60,-,18.82,831.5,0.002,39,0.04,-,28,14.79,10.6,-,-,78.07,0,21.93,318,0.04,0,1.57,-
Fri Sep 11 09:19:23 GMT+03:00 2026,11-sept.-2026 09:19:23.667,0.0,3.640567400104178,37.8,0.0,1.1,5.08,9.55,0.04,13.33,0.02,-,20,34.57,35.16,61,-,18.82,847.0,0.002,37.8,0.31,-,28,14.79,10.82,-,-,77.81,0,22.19,319,0.31,0,1.57,-
Fri Sep 11 09:19:24 GMT+03:00 2026,11-sept.-2026 09:19:24.628,0.0,4.112803637761462,38.4,0.0,2.05,3.35,9.81,0.0,12.94,0.01,-,20,34.46,35.16,60,-,18.82,865.75,0.002,38.4,0.19,-,27,14.79,11.11,-,-,77.56,0,22.44,320,0.19,0,1.57,-
Fri Sep 11 09:19:25 GMT+03:00 2026,11-sept.-2026 09:19:25.640,0.0,4.429991612510559,37.8,0.0,0.88,3.44,9.79,-0.02,14.12,-0.01,-,20,34.34,34.81,60,-,19.22,855.0,0.002,37.8,0.01,-,28,14.79,10.95,-,-,77.3,0,22.7,321,0.01,0,1.18,-
Fri Sep 11 09:19:26 GMT+03:00 2026,11-sept.-2026 09:19:26.700,0.0,4.242347522647316,39.1,0.0,0.6,1.8,7.28,-0.02,13.73,-0.01,-,20,34.23,34.81,61,-,19.22,866.0,0.002,39.1,0.22,-,28,14.79,11.11,-,-,77.05,0,22.95,322,0.22,0,1.57,-
Fri Sep 11 09:19:27 GMT+03:00 2026,11-sept.-2026 09:19:27.740,0.0,4.811756336623769,38.0,0.0,-0.63,1.45,9.19,-0.01,13.73,-0.02,-,20,34.12,35.16,60,-,19.22,850.75,0.002,38,0.53,-,28,14.79,10.89,-,-,76.8,0,23.2,323,0.53,0,1.96,-
Fri Sep 11 09:19:28 GMT+03:00 2026,11-sept.-2026 09:19:28.474,0.0,4.098447680163154,39.0,0.0,-0.3,3.27,11.78,0.04,13.73,0.07,-,20,34.01,35.16,60,-,19.61,860.25,0.002,39,0.15,-,28,14.79,11.02,-,-,76.55,0,23.45,324,0.15,0,1.96,-
Fri Sep 11 09:19:29 GMT+03:00 2026,11-sept.-2026 09:19:29.497,0.0,4.786991058723525,37.7,0.0,-4.36,2.99,8.3,-0.01,13.33,-0.04,-,20,33.9,35.16,60,-,20.0,857.0,0.002,37.7,0.33,-,27,14.79,10.97,-,-,76.3,0,23.7,325,0.33,0,1.96,-
Fri Sep 11 09:19:30 GMT+03:00 2026,11-sept.-2026 09:19:30.718,0.0,3.9790579658147593,37.8,0.0,-0.9,2.75,6.83,0.03,13.73,0.0,-,20,33.79,35.16,60,-,20.0,867.0,0.002,37.8,0.24,-,27,14.79,11.11,-,-,76.05,0,23.95,326,0.24,0,1.96,-
Fri Sep 11 09:19:31 GMT+03:00 2026,11-sept.-2026 09:19:31.365,0.0,4.564548339403154,40.2,0.0,-1.02,1.1,7.65,0.0,14.12,-0.02,-,20,33.68,35.16,61,-,20.39,861.25,0.002,40.2,0.38,-,27,14.79,11.03,-,-,75.81,0,24.19,327,0.38,0,1.96,-
Fri Sep 11 09:19:32 GMT+03:00 2026,11-sept.-2026 09:19:32.507,0.0,4.224868691546371,40.5,0.0,-0.58,1.64,7.52,-0.02,14.12,-0.03,-,20,33.57,35.51,61,-,20.39,852.75,0.002,40.5,0.36,-,27,14.79,10.9,-,-,75.56,0,24.44,328,0.36,0,1.96,-
Fri Sep 11 09:19:33 GMT+03:00 2026,11-sept.-2026 09:19:33.700,0.0,4.211680722147699,39.8,0.0,0.92,2.3,10.22,-0.02,13.73,0.0,-,20,33.46,35.16,61,-,20.78,845.25,0.002,39.8,0.26,-,27,14.79,10.8,-,-,75.32,0,24.68,329,0.26,0,1.57,-
Fri Sep 11 09:19:34 GMT+03:00 2026,11-sept.-2026 09:19:34.706,0.0,4.079993868195016,38.0,0.0,-0.72,1.95,10.72,0.02,13.33,0.05,-,20,33.35,35.16,61,-,20.78,845.25,0.002,38,0.24,-,28,14.79,10.8,-,-,75.08,0,24.92,330,0.24,0,1.57,-
Fri Sep 11 09:19:35 GMT+03:00 2026,11-sept.-2026 09:19:35.249,0.0,3.613609705242846,40.9,0.0,1.5,2.26,10.26,0.04,13.73,0.04,-,20,33.25,35.16,61,-,21.18,853.0,0.002,40.9,0.05,-,28,14.79,10.92,-,-,74.84,0,25.16,331,0.05,0,1.57,-
Fri Sep 11 09:19:36 GMT+03:00 2026,11-sept.-2026 09:19:36.402,0.0,3.9652125047737634,37.2,0.0,-1.66,2.5,7.86,0.0,14.12,-0.04,-,20,33.14,35.16,60,-,21.18,837.0,0.002,37.2,0.09,-,28,14.79,10.69,-,-,74.6,0,25.4,332,0.09,0,1.96,-
Fri Sep 11 09:19:37 GMT+03:00 2026,11-sept.-2026 09:19:37.426,0.0,3.738945802825397,37.7,0.0,-0.43,3.23,7.6,-0.05,13.33,-0.08,-,20,33.04,35.16,60,-,21.18,839.5,0.002,37.7,0.34,-,28,14.79,10.73,-,-,74.37,0,25.63,333,0.34,0,1.96,-
Fri Sep 11 09:19:38 GMT+03:00 2026,11-sept.-2026 09:19:38.517,0.0,4.198084826575139,38.5,0.0,-1.44,3.12,8.6,-0.02,13.73,-0.01,-,20,32.93,35.16,61,-,21.57,820.5,0.002,38.5,0.44,-,28,14.79,10.45,-,-,74.13,0,25.87,334,0.44,0,1.96,-
Fri Sep 11 09:19:39 GMT+03:00 2026,11-sept.-2026 09:19:39.387,0.0,3.85736887913306,39.1,0.0,-2.17,2.99,7.29,-0.03,12.94,-0.02,-,20,32.83,35.16,61,-,21.57,823.0,0.002,39.1,0.43,-,28,14.79,10.48,-,-,73.9,0,26.1,335,0.43,0,1.57,-
Fri Sep 11 09:19:40 GMT+03:00 2026,11-sept.-2026 09:19:40.688,0.0,4.5133509319019485,37.9,0.0,-1.85,1.63,9.27,0.01,12.94,0.01,-,20,32.73,35.51,61,-,21.57,839.75,0.002,37.9,0.32,-,28,14.79,10.73,-,-,73.67,0,26.33,336,0.32,0,1.57,-
Fri Sep 11 09:19:41 GMT+03:00 2026,11-sept.-2026 09:19:41.331,0.0,3.668601613865195,40.0,0.0,1.09,2.89,5.3,0.03,14.12,0.02,-,20,32.62,35.16,61,-,21.57,845.5,0.002,40,0.08,-,28,14.79,10.81,-,-,73.44,0,26.56,337,0.08,0,1.57,-
Fri Sep 11 09:19:42 GMT+03:00 2026,11-sept.-2026 09:19:42.628,0.0,4.840501435092608,37.1,0.0,0.95,1.67,9.84,-0.01,14.12,-0.02,-,20,32.52,35.16,61,-,21.57,854.25,0.002,37.1,0.24,-,28,14.79,10.94,-,-,73.21,0,26.79,338,0.24,0,1.57,-
Fri Sep 11 09:19:43 GMT+03:00 2026,11-sept.-2026 09:19:43.798,0.0,4.629454726432813,38.8,0.0,-0.02,0.91,9.36,0.0,13.73,0.01,-,20,32.42,35.16,61,-,21.57,850.75,0.002,38.8,0.28,-,28,14.79,10.89,-,-,72.98,0,27.02,339,0.28,0,1.57,-
Fri Sep 11 09:19:44 GMT+03:00 2026,11-sept.-2026 09:19:44.320,0.0,4.490810677022952,39.0,0.0,-0.47,2.06,9.06,0.0,13.73,-0.03,-,20,32.32,35.16,61,-,21.18,862.5,0.002,39,0.49,-,28,14.79,11.05,-,-,72.76,0,27.24,340,0.49,0,1.57,-
Fri Sep 11 09:19:45 GMT+03:00 2026,11-sept.-2026 09:19:45.749,0.0,4.269714698881428,37.6,0.0,0.52,1.38,9.39,0.0,14.12,-0.04,-,20,32.22,35.16,61,-,21.18,854.5,0.002,37.6,0.35,-,28,14.79,10.94,-,-,72.53,0,27.47,341,0.35,0,1.57,-
Fri Sep 11 09:19:46 GMT+03:00 2026,11-sept.-2026 09:19:46.329,0.0,4.302635898534337,40.0,0.0,-0.58,1.04,10.41,-0.04,13.73,-0.05,-,20,32.12,35.16,61,-,21.18,862.75,0.002,40,0.49,-,28,14.79,11.07,-,-,72.31,0,27.69,342,0.49,0,1.96,-
Fri Sep 11 09:19:47 GMT+03:00 2026,11-sept.-2026 09:19:47.241,0.0,4.144122593157814,39.9,0.0,-1.1,4.51,9.97,-0.04,13.73,-0.04,-,20,32.02,35.16,61,-,20.78,873.75,0.002,39.9,0.92,-,28,14.79,11.22,-,-,72.09,0,27.91,343,0.08,1,1.96,-
Fri Sep 11 09:19:48 GMT+03:00 2026,11-sept.-2026 09:19:48.646,0.0,5.656658992713408,39.9,0.0,0.71,2.42,9.83,0.0,13.73,0.02,-,20,31.93,34.81,62,-,20.78,859.75,0.002,39.9,0.06,-,28,14.79,11,-,-,71.87,0,28.13,344,0.06,0,1.96,-
Fri Sep 11 09:19:49 GMT+03:00 2026,11-sept.-2026 09:19:49.348,0.0,4.06969813946802,37.2,0.0,-0.38,3.48,9.03,0.02,12.55,0.03,-,20,31.83,35.16,61,-,20.78,876.0,0.002,37.2,0.38,-,28,14.79,11.23,-,-,71.65,0,28.35,345,0.38,0,1.96,-
Fri Sep 11 09:19:50 GMT+03:00 2026,11-sept.-2026 09:19:50.453,0.0,5.402314304827998,39.0,0.0,0.48,0.57,9.91,-0.03,13.33,-0.01,-,20,31.73,34.81,62,-,20.39,877.25,0.002,39,0.32,-,28,14.79,11.23,-,-,71.43,0,28.57,346,0.32,0,1.57,-
Fri Sep 11 09:19:51 GMT+03:00 2026,11-sept.-2026 09:19:51.447,0.0,4.695635957550612,38.9,0.0,2.35,2.53,10.27,-0.06,13.73,-0.06,-,20,31.64,35.16,62,-,20.0,865.25,0.002,38.9,0.34,-,29,14.79,11.04,-,-,71.21,0,28.79,347,0.34,0,1.96,-
Fri Sep 11 09:19:52 GMT+03:00 2026,11-sept.-2026 09:19:52.314,0.0,4.152687895224477,39.5,0.0,-0.83,3.75,8.0,-0.05,12.94,-0.05,-,20,31.54,35.51,62,-,20.0,842.0,0.002,39.5,0.05,-,29,14.79,10.69,-,-,71,0,29,348,0.05,0,1.57,-
Fri Sep 11 09:19:53 GMT+03:00 2026,11-sept.-2026 09:19:53.771,0.0,3.667784986356777,38.9,0.0,1.49,2.21,10.25,0.03,13.33,0.04,-,20,31.45,35.16,62,-,19.61,846.5,0.002,38.9,0.07,-,30,14.79,10.74,-,-,70.78,0,29.22,349,0.07,0,1.57,-
Fri Sep 11 09:19:54 GMT+03:00 2026,11-sept.-2026 09:19:54.723,0.0,4.515479007438024,38.4,0.0,1.35,4.67,8.08,0.04,13.33,0.05,-,20,31.35,35.16,61,-,19.61,839.75,0.002,38.4,0.18,-,31,14.79,10.61,-,-,70.57,0,29.43,350,0.18,0,1.57,-
Fri Sep 11 09:19:55 GMT+03:00 2026,11-sept.-2026 09:19:55.683,0.0,6.186816723795307,38.2,0.0,-1.45,2.42,7.58,0.06,13.73,0.03,-,20,31.26,35.16,62,-,19.22,823.75,0.002,38.2,0.11,-,31,14.79,10.35,-,-,70.36,0,29.64,351,0.11,0,1.57,-
Fri Sep 11 09:19:56 GMT+03:00 2026,11-sept.-2026 09:19:56.260,0.0,4.055558694778053,39.5,0.0,2.89,0.96,9.79,-0.05,13.73,-0.04,-,20,31.16,35.51,62,-,19.22,836.75,0.002,39.5,0.12,-,32,14.79,10.51,-,-,70.15,0,29.85,352,0.12,0,1.57,-
Fri Sep 11 09:19:57 GMT+03:00 2026,11-sept.-2026 09:19:57.581,0.0,4.321689427284186,38.3,0.0,-0.7,0.5,8.79,0.0,13.33,0.03,-,20,31.07,35.16,62,-,18.82,823.0,0.002,38.3,0.83,-,33,14.79,10.3,-,-,69.94,0,30.06,353,0.17,1,1.57,-
Fri Sep 11 09:19:58 GMT+03:00 2026,11-sept.-2026 09:19:58.564,0.0,3.7392626396499966,38.6,0.0,0.11,3.5,8.48,0.05,13.73,0.07,-,20,30.98,35.16,62,-,18.82,830.25,0.002,38.6,0.03,-,33,14.79,10.39,-,-,69.73,0,30.27,354,0.03,0,1.96,-
Fri Sep 11 09:19:59 GMT+03:00 2026,11-sept.-2026 09:19:59.650,0.0,5.118228611084465,38.5,0.0,2.21,4.26,11.08,0.07,12.94,0.09,-,20,30.89,35.16,62,-,18.82,827.5,0.002,38.5,0.15,-,34,15.23,10.71,-,-,69.53,0,30.47,355,0.15,0,9.41,-
Fri Sep 11 09:20:00 GMT+03:00 2026,11-sept.-2026 09:20:00.590,1.3,1.7867986406310332,39.9,240.89220162608825,-0.42,3.93,13.8,0.14,14.51,0.14,-,20,30.81,34.81,62,2.85,35.69,982.5,0.005,39.9,0.1,3.82,34,16.1,12.41,-,-,69.62,0,30.38,356,4.9,5,19.61,-
Fri Sep 11 09:20:01 GMT+03:00 2026,11-sept.-2026 09:20:01.502,2.6,2.2477860122168254,38.2,240.89220162730453,0.96,2.53,12.17,0.06,14.51,0.07,-,20,30.75,34.81,63,5.71,43.14,1097.5,0.01,38.2,0.06,7.65,35,17.26,15.08,-,-,69.71,0,30.29,357,8.94,9,28.24,-
Fri Sep 11 09:20:02 GMT+03:00 2026,11-sept.-2026 09:20:02.305,3.9,1.66839202271251,39.8,240.89220162695705,2.02,2.74,11.1,0.09,14.12,0.08,-,20,30.7,35.16,63,8.57,38.04,1465.75,0.015,39.8,1.85,11.5,35,18.42,22.43,-,-,69.79,0,30.21,358,15.85,14,27.84,-
Fri Sep 11 09:20:03 GMT+03:00 2026,11-sept.-2026 09:20:03.514,5.2,1.9448480078893848,39.0,240.89220162743968,1.2,0.86,11.03,0.18,14.12,0.21,-,20,30.66,35.51,62,11.46,34.9,1949.75,0.02,39,0.68,15.36,35,19.14,32.02,-,-,69.88,0,30.12,359,18.68,18,24.71,-
Fri Sep 11 09:20:04 GMT+03:00 2026,11-sept.-2026 09:20:04.282,6.5,2.2871851074086584,40.7,240.89220162553545,-0.88,3.21,11.9,0.16,13.33,0.16,-,20,30.64,35.16,63,14.36,34.9,2433.25,0.026,40.7,0.22,19.26,35,20.02,42.38,-,-,69.97,0,30.03,360,22.78,23,27.84,-
Fri Sep 11 09:20:05 GMT+03:00 2026,11-sept.-2026 09:20:05.603,7.8,1.9342336143618013,38.7,240.89220162608825,-1.46,3.57,11.4,0.14,14.51,0.13,-,20,30.63,35.16,63,17.29,46.27,1724.75,0.028,38.7,0.27,23.19,36,20.74,30.31,-,-,70.06,0,29.94,361,28.27,28,31.76,-
Fri Sep 11 09:20:06 GMT+03:00 2026,11-sept.-2026 09:20:06.532,9.1,1.8397268510631049,37.8,240.89220162608825,-0.13,3.64,11.02,0.09,13.73,0.13,-,20,30.64,35.16,63,20.26,45.88,2019.0,0.033,37.8,0.93,27.17,36,21.32,37.13,-,-,70.14,0,29.86,362,32.07,33,36.08,-
Fri Sep 11 09:20:07 GMT+03:00 2026,11-sept.-2026 09:20:07.372,10.4,1.8079656387804623,38.3,240.89220162501508,0.3,1.2,10.06,0.03,14.12,0.03,-,20,30.66,35.16,63,23.26,46.27,2290.25,0.038,38.3,0.45,31.2,36,22.05,43.84,-,-,70.23,0,29.77,363,37.55,38,36.08,-
Fri Sep 11 09:20:08 GMT+03:00 2026,11-sept.-2026 09:20:08.296,11.7,1.6344580178113763,40.1,240.89220162738624,-0.11,2.44,12.03,0.11,15.29,0.1,-,20,30.69,35.16,63,26.31,46.67,2602.0,0.043,40.1,0.44,35.28,36,22.34,50.24,-,-,70.32,0,29.68,364,42.56,43,37.65,-
Fri Sep 11 09:20:09 GMT+03:00 2026,11-sept.-2026 09:20:09.447,12.663266009143628,1.6693965951231384,38.3,240.89220162608825,-0.86,2.29,10.32,0.12,15.29,0.11,-,20,30.74,34.81,63,22.08,50.98,1846.25,0.034,38.3,1.09,29.61,36,21.61,34.1,-,-,70.4,0,29.6,365,46.09,45,35.29,-
Fri Sep 11 09:20:10 GMT+03:00 2026,11-sept.-2026 09:20:10.326,12.93261424470535,1.6911926254203282,37.3,240.892201623978,-1.07,5.18,8.9,0.0,14.12,0.01,-,20,30.78,34.81,63,8.85,42.35,1347.25,0.015,37.3,0.1,11.87,37,21.18,23.25,-,-,70.49,0,29.51,366,46.9,47,34.12,-
Fri Sep 11 09:20:11 GMT+03:00 2026,11-sept.-2026 09:20:11.425,13.292294529547714,2.2291687680264456,40.0,240.89220162726832,-1.02,3.41,11.24,-0.02,14.12,-0.03,-,20,30.83,35.16,63,10.99,46.67,1378.25,0.018,40,0.18,14.74,37,20.31,22.91,-,-,70.57,0,29.43,367,48.18,48,28.63,-
Fri Sep 11 09:20:12 GMT+03:00 2026,11-sept.-2026 09:20:12.396,13.504892507258042,1.7405293729948208,40.0,240.89220162725888,-0.01,1.83,8.36,0.06,14.12,0.1,-,20,30.88,35.16,63,8.16,38.43,1414.25,0.014,40,0.38,10.94,37,18.85,21.89,-,-,70.66,0,29.34,368,49.38,49,23.14,-
Fri Sep 11 09:20:13 GMT+03:00 2026,11-sept.-2026 09:20:13.553,13.508889456343844,2.249853268758706,40.2,240.89220162521,-2.32,2.07,9.62,0.07,12.94,0.05,-,20,30.93,35.16,63,-,27.84,1428.25,0.007,40.2,2.25,-,37,18.27,21.42,-,-,70.74,0,29.26,369,46.75,49,16.08,-
Fri Sep 11 09:20:14 GMT+03:00 2026,11-sept.-2026 09:20:14.251,13.495642678625584,2.254221990374908,40.3,240.89220162666996,-1.08,1.84,9.45,-0.06,13.33,-0.05,-,20,30.98,35.16,64,-,27.45,1415.75,0.007,40.3,0.23,-,37,17.98,20.84,-,-,70.82,0,29.18,370,48.77,49,15.69,-
Fri Sep 11 09:20:15 GMT+03:00 2026,11-sept.-2026 09:20:15.505,13.688273637972737,1.734957097515134,39.1,240.8922016266673,-1.61,1.95,10.51,0.01,12.94,0.02,-,20,31.03,35.16,63,7.88,37.25,1432.5,0.014,39.1,1.07,10.57,37,17.26,20.33,-,-,70.9,0,29.1,371,47.93,49,14.12,-
Fri Sep 11 09:20:16 GMT+03:00 2026,11-sept.-2026 09:20:16.488,13.61942731183228,1.481993250968595,37.9,240.89220162550717,-1.05,2.9,12.35,-0.01,13.33,0.0,-,20,31.08,35.16,63,-,24.71,1427.75,0.005,37.9,0.41,-,37,17.26,20.17,-,-,70.99,0,29.01,372,49.41,49,14.12,-
Fri Sep 11 09:20:17 GMT+03:00 2026,11-sept.-2026 09:20:17.401,13.588314489743947,2.2222289779185327,39.6,240.89220162667232,2.43,1.81,8.94,0.0,13.33,0.02,-,20,31.13,35.16,64,-,26.67,1415.75,0.006,39.6,0.57,-,37,16.97,19.69,-,-,71.07,0,28.93,373,48.43,49,8.63,-
Fri Sep 11 09:20:18 GMT+03:00 2026,11-sept.-2026 09:20:18.760,13.482522260775449,1.5129186094134768,39.2,240.8922016257957,-0.15,3.61,9.66,-0.05,12.55,-0.06,-,20,31.18,35.16,64,-,22.75,1392.5,0.003,39.2,0.65,-,37,16.68,18.99,-,-,71.15,0,28.85,374,48.65,48,10.98,-
Fri Sep 11 09:20:19 GMT+03:00 2026,11-sept.-2026 09:20:19.439,13.544298233977846,2.359622247467079,39.6,240.89220162550524,-0.33,3.19,9.57,0.01,13.73,-0.01,-,20,31.23,35.16,64,-,30.98,1426.25,0.009,39.6,0.56,-,36,16.82,19.84,-,-,71.23,0,28.77,375,47.44,48,12.16,-
Fri Sep 11 09:20:20 GMT+03:00 2026,11-sept.-2026 09:20:20.734,13.576446973425774,2.941211642602952,39.7,240.89220162579556,-0.44,2.82,7.93,0.03,13.73,0.05,-,20,31.28,35.51,64,-,29.8,1404.5,0.008,39.7,1.16,-,36,16.53,19.14,-,-,71.31,0,28.69,376,47.84,49,11.37,-
Fri Sep 11 09:20:21 GMT+03:00 2026,11-sept.-2026 09:20:21.490,13.43178909549758,1.60025901521656,39.5,240.89220162550112,-0.3,-0.38,8.76,0.04,12.55,0.04,-,20,31.33,34.81,64,-,21.18,1386.0,0.002,39.5,0.75,-,35,16.97,19.4,-,-,71.39,0,28.61,377,48.75,48,11.76,-
Fri Sep 11 09:20:22 GMT+03:00 2026,11-sept.-2026 09:20:22.444,13.497213985612166,1.8536671409527752,40.1,240.89220162608825,1.39,3.35,9.51,0.04,14.12,0.05,-,20,31.38,35.16,64,-,31.37,1412.25,0.009,40.1,1.72,-,35,16.82,19.58,-,-,71.47,0,28.53,378,47.28,49,10.59,-
Fri Sep 11 09:20:23 GMT+03:00 2026,11-sept.-2026 09:20:23.631,13.47134733987785,1.965131469392847,39.7,240.89220162608825,0.57,3.78,8.23,-0.01,14.12,0.0,-,20,31.42,35.51,64,-,26.67,1408.5,0.006,39.7,0.25,-,35,16.68,19.42,-,-,71.55,0,28.45,379,48.75,49,12.94,-
Fri Sep 11 09:20:24 GMT+03:00 2026,11-sept.-2026 09:20:24.583,13.46818778346993,3.0157681830232206,38.7,240.892201625501,-1.26,2.96,8.59,-0.01,13.73,0.01,-,20,31.47,35.16,64,-,27.84,1405.75,0.007,38.7,0.55,-,35,17.11,19.83,-,-,71.63,0,28.37,380,48.55,48,11.37,-
Fri Sep 11 09:20:25 GMT+03:00 2026,11-sept.-2026 09:20:25.542,13.457325932770118,2.810102015643493,41.0,240.8922016263818,-0.76,0.78,7.51,-0.06,13.33,-0.08,-,20,31.52,35.16,64,-,27.45,1407.0,0.007,41,0.09,-,35,16.97,19.72,-,-,71.7,0,28.3,381,47.91,48,12.55,-
Fri Sep 11 09:20:26 GMT+03:00 2026,11-sept.-2026 09:20:26.750,13.474584065079616,1.7525781296333784,39.3,240.89220162754748,0.27,1.4,9.33,0.0,13.73,0.02,-,20,31.56,35.16,64,-,29.02,1395.75,0.008,39.3,0.34,-,35,17.4,20.01,-,-,71.78,0,28.22,382,49.34,49,14.9,-
Fri Sep 11 09:20:27 GMT+03:00 2026,11-sept.-2026 09:20:27.599,13.614728410975871,3.4935176449128,40.4,240.8922016255108,-0.04,2.05,8.26,0.03,14.12,0.0,-,20,31.61,35.16,64,6.73,34.9,1423.0,0.012,40.4,0.25,9.03,35,17.69,20.91,-,-,71.86,0,28.14,383,48.25,48,18.04,-
Fri Sep 11 09:20:28 GMT+03:00 2026,11-sept.-2026 09:20:28.501,13.76480478275306,2.388827215905087,39.6,240.89220162637645,-0.28,2.11,10.33,0.01,13.73,0.0,-,20,31.66,35.16,64,7.04,35.29,1433.0,0.013,39.6,0.59,9.44,35,17.55,20.79,-,-,71.93,0,28.07,384,49.59,49,15.69,-
Fri Sep 11 09:20:29 GMT+03:00 2026,11-sept.-2026 09:20:29.690,13.666462130430078,1.9509903586428443,39.7,240.8922016269493,-0.66,1.61,8.36,-0.05,13.73,-0.07,-,20,31.71,34.81,65,-,23.14,1441.25,0.003,39.7,0.18,-,35,17.98,21.48,-,-,72.01,0,27.99,385,48.82,49,17.25,-
Fri Sep 11 09:20:30 GMT+03:00 2026,11-sept.-2026 09:20:30.431,13.878725641653403,1.9095924093335568,39.8,240.89220162466924,1.23,2.45,10.13,0.15,14.9,0.18,-,20,31.76,34.81,65,8.44,38.04,1445.0,0.015,39.8,0.28,11.31,35,17.84,21.45,-,-,72.09,0,27.91,386,50.28,50,16.08,-
Fri Sep 11 09:20:31 GMT+03:00 2026,11-sept.-2026 09:20:31.769,13.978046773579369,1.495385342232395,39.5,240.89220162665,-0.75,1.18,11.01,0.0,13.73,0.0,-,20,31.81,35.16,64,-,32.55,1470.5,0.011,39.5,0.23,-,35,17.98,22.02,-,-,72.16,0,27.84,387,49.77,50,21.18,-
Fri Sep 11 09:20:32 GMT+03:00 2026,11-sept.-2026 09:20:32.327,14.171670811147663,2.296911621015726,39.5,240.89220162664844,-2.29,-1.32,10.09,-0.03,14.51,-0.05,-,20,31.86,35.16,65,8.26,36.86,1476.25,0.015,39.5,0.59,11.08,35,17.98,22.05,-,-,72.24,0,27.76,388,51.41,52,15.29,-
Fri Sep 11 09:20:33 GMT+03:00 2026,11-sept.-2026 09:20:33.519,14.053345132394544,2.700159717846765,40.2,240.89220162553195,-0.34,4.38,10.69,-0.07,12.55,-0.09,-,20,31.91,35.16,65,-,22.35,1475.75,0.003,40.2,0.64,-,35,18.27,22.34,-,-,72.31,0,27.69,389,50.64,50,19.22,-
Fri Sep 11 09:20:34 GMT+03:00 2026,11-sept.-2026 09:20:34.711,14.370064407207304,1.482015667706344,40.5,240.89220162581316,-2.07,3.48,10.27,0.06,14.12,0.07,-,20,31.96,35.16,65,11.12,42.75,1494.5,0.019,40.5,1.1,14.91,36,17.98,22.36,-,-,72.39,0,27.61,390,53.1,52,15.69,-
Fri Sep 11 09:20:35 GMT+03:00 2026,11-sept.-2026 09:20:35.440,14.367397214998531,1.8419977640651333,39.3,240.89220162554344,0.65,2.93,9.66,-0.02,12.94,-0.04,-,20,32.02,35.16,65,-,27.45,1507.0,0.008,39.3,0.23,-,36,18.27,22.86,-,-,72.46,0,27.54,391,51.23,51,22.35,-
Fri Sep 11 09:20:36 GMT+03:00 2026,11-sept.-2026 09:20:36.455,14.65495968533415,2.1097742229377765,40.7,240.8922016258199,1.98,2.07,8.6,0.02,14.12,0.0,-,20,32.07,34.81,65,10.73,40.39,1536.5,0.018,40.7,0.26,14.39,36,19,24.3,-,-,72.53,0,27.47,392,53.26,53,19.22,-
Fri Sep 11 09:20:37 GMT+03:00 2026,11-sept.-2026 09:20:37.610,14.80310343171345,3.2440531689948204,40.4,240.89220162689597,-0.11,2.45,10.34,0.06,13.73,0.05,-,20,32.13,34.81,65,7.71,34.51,1538.0,0.014,40.4,0.04,10.34,36,17.84,22.8,-,-,72.61,0,27.39,393,52.96,53,16.86,-
Fri Sep 11 09:20:38 GMT+03:00 2026,11-sept.-2026 09:20:38.257,14.56233750391992,2.446093997628325,40.6,240.89220162690384,0.85,1.9,10.2,-0.04,13.33,-0.07,-,20,32.18,35.16,64,-,20.78,1522.0,0.002,40.6,1.01,-,36,17.69,22.4,-,-,72.68,0,27.32,394,51.99,53,11.37,-
Fri Sep 11 09:20:39 GMT+03:00 2026,11-sept.-2026 09:20:39.715,14.518552907396238,2.3441876635403203,40.7,240.8922016255512,1.17,2.11,11.36,0.0,14.12,-0.03,-,20,32.23,35.16,65,-,25.88,1514.75,0.006,40.7,0.5,-,36,17.98,22.64,-,-,72.75,0,27.25,395,52.5,52,15.69,-
Fri Sep 11 09:20:40 GMT+03:00 2026,11-sept.-2026 09:20:40.504,14.923822420459048,1.944158210040836,40.7,240.89220162608825,2.43,2.75,9.91,0.05,14.9,0.05,-,20,32.29,35.16,65,13.67,45.88,1552.5,0.022,40.7,1.14,18.33,36,18.42,23.86,-,-,72.82,0,27.18,396,54.14,53,23.53,-
Fri Sep 11 09:20:41 GMT+03:00 2026,11-sept.-2026 09:20:41.576,15.250680388023817,1.5568764450982102,41.4,240.89220162582723,0.4,2.06,10.58,0.01,14.12,-0.01,-,20,32.35,35.16,65,12.2,41.57,1599.25,0.021,41.4,0.86,16.36,35,18.42,24.7,-,-,72.89,0,27.11,397,54.14,55,21.57,-
Fri Sep 11 09:20:42 GMT+03:00 2026,11-sept.-2026 09:20:42.466,15.03679800413931,1.676549153459918,41.2,240.89220162582595,-0.4,-0.14,11.03,-0.02,12.94,-0.02,-,20,32.41,35.16,65,-,20.39,1566.25,0.002,41.2,0.75,-,35,18.71,24.55,-,-,72.97,0,27.03,398,53.25,54,15.69,-
Fri Sep 11 09:20:43 GMT+03:00 2026,11-sept.-2026 09:20:43.393,15.101049076869089,2.913875472463816,40.8,240.8922016255712,1.35,2.48,8.82,0.02,13.73,0.03,-,20,32.47,35.16,65,-,30.2,1580.5,0.011,40.8,0.97,-,35,18.71,24.77,-,-,73.04,0,26.96,399,54.03,55,16.47,-
Fri Sep 11 09:20:44 GMT+03:00 2026,11-sept.-2026 09:20:44.603,15.47881369678374,1.9495067523077547,39.1,240.89220162659663,0.28,3.91,10.31,0.07,14.51,0.07,-,20,32.53,35.16,65,13.63,43.14,1632.0,0.023,39.1,0.22,18.28,35,18.27,25.16,-,-,73.11,0,26.89,400,55.78,56,21.18,-
Fri Sep 11 09:20:45 GMT+03:00 2026,11-sept.-2026 09:20:45.337,15.622471987850174,1.4316998063659612,41.4,240.89220162735188,1.59,0.1,9.32,0.01,13.73,-0.02,-,20,32.59,35.51,65,8.19,33.73,1625.5,0.015,41.4,0.82,10.99,34,18.85,25.9,-,-,73.18,0,26.82,401,56.82,56,20.78,-
Fri Sep 11 09:20:46 GMT+03:00 2026,11-sept.-2026 09:20:46.713,15.659522405482882,1.7390643168403954,40.5,240.8922016263394,-2.99,2.57,9.15,0.02,12.94,0.05,-,20,32.65,35.16,66,-,29.02,1629.75,0.011,40.5,0.59,-,34,19.14,26.33,-,-,73.25,0,26.75,402,56.59,56,17.25,-
Fri Sep 11 09:20:47 GMT+03:00 2026,11-sept.-2026 09:20:47.578,15.816772759017296,1.9682798383584388,40.1,240.89220162559155,-0.19,2.71,9.44,0.05,14.51,0.04,-,20,32.71,35.16,65,8.66,34.12,1644.5,0.016,40.1,0.18,11.62,34,18.71,26.11,-,-,73.32,0,26.68,403,55.82,56,18.04,-
Fri Sep 11 09:20:48 GMT+03:00 2026,11-sept.-2026 09:20:48.748,16.015959199621896,2.9788022966042744,41.5,240.89220162485827,-1.18,2.33,7.64,-0.01,14.12,-0.04,-,20,32.78,35.16,65,9.84,35.69,1662.0,0.017,41.5,0.22,13.2,33,18.71,26.34,-,-,73.39,0,26.61,404,58.22,58,19.22,-
Fri Sep 11 09:20:49 GMT+03:00 2026,11-sept.-2026 09:20:49.299,16.122826848626126,1.9256588615525183,40.2,240.89220162661465,1.23,1.85,10.56,0.02,12.94,-0.01,-,20,32.84,35.51,65,-,31.76,1677.25,0.014,40.2,0.87,-,33,17.84,25.42,-,-,73.45,0,26.55,405,57.13,58,13.33,-
Fri Sep 11 09:20:50 GMT+03:00 2026,11-sept.-2026 09:20:50.454,13.915024635967264,2.479119295993688,39.9,240.89220162731988,0.93,1.43,11.59,-0.19,12.94,-0.17,-,20,32.89,35.16,65,-,11.37,1445.0,0.0,39.9,1.21,-,33,16.68,27.85,-,-,73.52,0,26.48,406,49.79,51,7.06,-
Fri Sep 11 09:20:51 GMT+03:00 2026,11-sept.-2026 09:20:51.632,11.761436859654667,1.6259949991616198,40.8,240.892201624982,-0.17,1.12,11.4,-0.22,13.33,-0.22,-,20,32.91,35.16,66,-,10.59,1242.75,0.0,40.8,0.54,-,33,15.37,21.78,-,-,73.59,0,26.41,407,41.46,42,1.96,-
Fri Sep 11 09:20:52 GMT+03:00 2026,11-sept.-2026 09:20:52.355,9.677711696872706,1.8852976520326976,40.9,240.89220162426705,1.23,3.47,13.23,-0.22,12.94,-0.2,-,20,32.92,35.16,66,-,9.8,1373.5,0.0,40.9,1.66,-,32,14.36,22.78,-,-,73.66,0,26.34,408,35.66,34,1.57,-
Fri Sep 11 09:20:53 GMT+03:00 2026,11-sept.-2026 09:20:53.650,7.686306401041136,1.945405519824278,40.0,240.8922016249176,-2.38,2.43,11.6,-0.2,12.94,-0.2,-,20,32.9,35.51,66,-,10.98,1722.5,0.0,40,0.2,-,32,14.36,29.58,-,-,73.72,0,26.28,409,28.2,28,1.57,-
Fri Sep 11 09:20:54 GMT+03:00 2026,11-sept.-2026 09:20:54.358,5.82016569376636,1.913776550204723,39.9,240.89220162608825,-1.21,2.8,9.47,-0.18,13.33,-0.19,-,20,32.87,35.16,66,-,10.59,1293.25,0.0,39.9,0.77,-,31,14.5,21.45,-,-,73.79,0,26.21,410,21.77,21,1.57,-
Fri Sep 11 09:20:55 GMT+03:00 2026,11-sept.-2026 09:20:55.240,4.127990585907025,2.197358778351447,40.4,240.89220163189515,-0.15,1.13,10.94,-0.11,12.94,-0.1,-,20,32.83,35.16,66,-,9.41,1550.5,0.0,40.4,1.82,-,31,14.65,26.82,-,-,73.86,0,26.14,411,15.82,14,3.14,-
Fri Sep 11 09:20:56 GMT+03:00 2026,11-sept.-2026 09:20:56.762,2.6792603987156323,1.6066829338731168,39.9,240.89220162608828,-3.12,2.64,11.81,-0.17,13.33,-0.16,-,20,32.77,35.16,66,-,22.35,1097.5,0.002,39.9,1.57,-,31,14.94,13.25,-,-,73.92,0,26.08,412,8.43,10,5.1,-
Fri Sep 11 09:20:57 GMT+03:00 2026,11-sept.-2026 09:20:57.463,1.5582804483878545,1.6170600027929647,42.0,240.8922016194387,0.17,0.49,11.15,-0.12,13.33,-0.14,-,20,32.7,35.16,65,-,23.53,1001.5,0.002,42,0.37,-,30,15.23,12.12,-,-,73.99,0,26.01,413,5.37,5,7.45,-
Fri Sep 11 09:20:58 GMT+03:00 2026,11-sept.-2026 09:20:58.720,0.8195752422606801,1.4632254785128702,40.6,240.8922016389269,0.07,1.11,12.74,-0.07,13.33,-0.06,-,20,32.62,35.51,66,-,24.71,926.5,0.002,40.6,0.45,-,30,15.23,11.13,-,-,73.8,0,26.2,414,2.55,3,9.41,-
Fri Sep 11 09:20:59 GMT+03:00 2026,11-sept.-2026 09:20:59.384,0.4119890504720233,4.50539190449571,42.0,240.8922016328919,-1.0,1.04,9.77,-0.07,13.33,-0.06,-,20,32.55,34.81,66,-,20.39,865.5,0.002,42,0.44,-,29,15.08,11.33,-,-,73.62,0,26.38,415,1.56,2,7.06,-
Fri Sep 11 09:21:00 GMT+03:00 2026,11-sept.-2026 09:21:00.702,0.0,4.86059161902355,40.5,240.8922016328919,-0.19,4.26,11.4,-0.03,13.33,-0.03,-,20,32.48,35.16,66,-,20.39,871.25,0.002,40.5,0.22,-,29,14.94,11.29,-,-,73.43,0,26.57,416,0.22,0,4.71,-
Fri Sep 11 09:21:01 GMT+03:00 2026,11-sept.-2026 09:21:01.535,0.0,4.973045182352175,40.8,240.8922016343579,2.9,3.74,7.99,-0.04,14.12,-0.04,-,20,32.4,34.81,66,-,20.78,864.5,0.002,40.8,0.16,-,29,14.79,11.06,-,-,73.25,0,26.75,417,0.16,0,1.18,-
Fri Sep 11 09:21:02 GMT+03:00 2026,11-sept.-2026 09:21:02.547,0.0,4.198271317362483,39.8,0.0,-1.26,0.42,10.47,-0.01,14.12,0.0,-,20,32.32,35.16,65,-,20.78,875.5,0.002,39.8,0.23,-,28,14.79,11.23,-,-,73.07,0,26.93,418,0.23,0,1.57,-
Fri Sep 11 09:21:03 GMT+03:00 2026,11-sept.-2026 09:21:03.670,0.0,5.396061475428509,41.3,0.0,0.19,3.03,8.34,0.0,13.73,-0.01,-,20,32.24,35.16,66,-,21.18,862.5,0.002,41.3,0.27,-,28,14.79,11.03,-,-,72.89,0,27.11,419,0.27,0,1.57,-
Fri Sep 11 09:21:04 GMT+03:00 2026,11-sept.-2026 09:21:04.529,0.0,4.303421423889689,40.0,0.0,2.79,-1.1,5.66,0.01,12.94,0.05,-,20,32.16,35.16,66,-,21.18,869.0,0.002,40,0.14,-,28,14.79,11.13,-,-,72.7,0,27.3,420,0.14,0,1.57,-
Fri Sep 11 09:21:05 GMT+03:00 2026,11-sept.-2026 09:21:05.344,0.0,4.651171709617629,41.9,0.0,3.09,2.14,8.86,0.07,13.33,0.07,-,20,32.08,35.16,66,-,21.18,859.25,0.002,41.9,0.89,-,28,14.79,10.98,-,-,72.52,0,27.48,421,0.11,1,1.57,-
Fri Sep 11 09:21:06 GMT+03:00 2026,11-sept.-2026 09:21:06.415,0.0,4.900652174083719,39.3,0.0,1.84,1.96,9.17,0.0,13.33,0.0,-,20,32.0,35.16,66,-,21.57,883.25,0.002,39.3,0.11,-,29,14.79,11.33,-,-,72.35,0,27.65,422,0.11,0,1.57,-
Fri Sep 11 09:21:07 GMT+03:00 2026,11-sept.-2026 09:21:07.315,0.0,4.084428200729677,41.2,0.0,-2.79,2.65,7.94,0.0,14.12,0.02,-,20,31.92,35.16,66,-,21.57,855.5,0.002,41.2,0.33,-,29,14.79,10.9,-,-,72.17,0,27.83,423,0.33,0,1.57,-
Fri Sep 11 09:21:08 GMT+03:00 2026,11-sept.-2026 09:21:08.255,0.0,3.7968889458660753,40.0,0.0,-1.43,5.76,6.06,-0.03,13.33,-0.01,-,20,31.84,35.16,67,-,21.57,848.75,0.002,40,0.19,-,30,14.79,10.79,-,-,71.99,0,28.01,424,0.19,0,1.57,-
Fri Sep 11 09:21:09 GMT+03:00 2026,11-sept.-2026 09:21:09.728,0.0,4.83040857898234,40.1,0.0,0.42,1.25,10.79,0.02,13.33,0.02,-,20,31.76,35.16,67,-,21.57,851.25,0.002,40.1,0.55,-,30,14.79,10.8,-,-,71.81,0,28.19,425,0.55,0,1.57,-
Fri Sep 11 09:21:10 GMT+03:00 2026,11-sept.-2026 09:21:10.493,0.0,3.839348230317753,41.7,0.0,-1.5,2.64,9.11,-0.02,14.12,0.03,-,20,31.69,35.16,67,-,21.57,816.0,0.002,41.7,0.42,-,31,14.79,10.26,-,-,71.64,0,28.36,426,0.42,0,1.57,-
Fri Sep 11 09:21:11 GMT+03:00 2026,11-sept.-2026 09:21:11.339,0.0,5.016869451236781,41.5,0.0,-0.13,2.91,8.19,0.02,13.73,0.03,-,20,31.61,35.16,66,-,21.57,818.0,0.002,41.5,0.13,-,31,14.79,10.28,-,-,71.46,0,28.54,427,0.13,0,1.57,-
Fri Sep 11 09:21:12 GMT+03:00 2026,11-sept.-2026 09:21:12.649,0.0,4.340482020498239,41.1,0.0,-0.56,1.6,10.04,0.01,13.73,0.0,-,20,31.53,35.16,67,-,21.18,818.75,0.002,41.1,0.04,-,32,14.79,10.25,-,-,71.29,0,28.71,428,0.04,0,1.57,-
Fri Sep 11 09:21:13 GMT+03:00 2026,11-sept.-2026 09:21:13.657,0.0,3.906849734765174,40.8,0.0,0.6,2.37,7.65,0.06,13.73,0.08,-,20,31.46,35.51,67,-,21.18,834.0,0.002,40.8,0.17,-,33,14.79,10.45,-,-,71.12,0,28.88,429,0.17,0,1.96,-
Fri Sep 11 09:21:14 GMT+03:00 2026,11-sept.-2026 09:21:14.354,0.0,3.9425209483268224,41.8,0.0,-0.18,1.82,10.76,-0.01,14.12,-0.03,-,20,31.38,35.16,67,-,21.18,836.5,0.002,41.8,0.06,-,34,14.79,10.46,-,-,70.94,0,29.06,430,0.06,0,1.96,-
Fri Sep 11 09:21:15 GMT+03:00 2026,11-sept.-2026 09:21:15.620,0.0,4.542727709168066,40.4,0.0,-2.12,1.68,12.11,-0.01,13.73,-0.01,-,20,31.3,35.16,67,-,20.78,827.0,0.002,40.4,0.12,-,35,15.23,10.66,-,-,70.77,0,29.23,431,0.12,0,9.8,-
Fri Sep 11 09:21:16 GMT+03:00 2026,11-sept.-2026 09:21:16.671,1.3,1.4640252004903014,41.3,240.8922016240611,1.59,2.74,9.67,0.15,14.12,0.16,-,20,31.24,35.16,66,2.85,36.47,964.25,0.005,41.3,1.98,3.82,36,16.1,12.07,-,-,70.84,0,29.16,432,5.98,4,20.0,-
Fri Sep 11 09:21:17 GMT+03:00 2026,11-sept.-2026 09:21:17.638,2.6,1.6988344064620513,42.2,240.89220162608825,-1.81,1.21,12.16,0.21,14.51,0.2,-,20,31.19,35.16,67,5.71,42.75,1107.0,0.01,42.2,1.49,7.65,37,17.26,15.13,-,-,70.91,0,29.09,433,10.49,9,28.24,-
Fri Sep 11 09:21:18 GMT+03:00 2026,11-sept.-2026 09:21:18.385,3.9,2.0026326239705017,40.7,240.89220162695705,1.04,5.37,11.33,0.16,14.51,0.14,-,20,31.15,35.51,67,8.57,38.04,1467.25,0.015,40.7,0.57,11.5,38,18.42,22.27,-,-,70.98,0,29.02,434,13.43,14,27.45,-
Fri Sep 11 09:21:19 GMT+03:00 2026,11-sept.-2026 09:21:19.275,5.2,2.2203707147538894,40.2,240.8922016240611,-1.38,1.01,10.02,0.11,13.73,0.12,-,20,31.12,35.16,67,11.46,34.9,1945.5,0.02,40.2,1.16,15.36,38,19.14,31.62,-,-,71.05,0,28.95,435,20.16,19,24.71,-
Fri Sep 11 09:21:20 GMT+03:00 2026,11-sept.-2026 09:21:20.307,6.5,1.4557364620025215,41.4,240.89220162553545,1.36,4.2,9.98,0.13,13.73,0.17,-,20,31.1,34.81,67,14.36,34.9,2437.25,0.026,41.4,0.39,19.26,39,20.02,42,-,-,71.12,0,28.88,436,24.39,24,27.84,-
Fri Sep 11 09:21:21 GMT+03:00 2026,11-sept.-2026 09:21:21.372,7.8,1.7960432568648768,40.6,240.89220162842724,-2.5,2.36,10.88,0.17,13.33,0.19,-,20,31.09,35.16,67,17.29,46.67,1716.5,0.028,40.6,0.59,23.19,39,20.74,29.8,-,-,71.19,0,28.81,437,28.59,28,31.76,-
Fri Sep 11 09:21:22 GMT+03:00 2026,11-sept.-2026 09:21:22.571,9.1,1.9657455888910969,40.6,240.8922016264937,-2.21,5.51,12.21,0.04,14.51,0.01,-,20,31.1,35.51,67,20.26,46.27,2007.75,0.033,40.6,0.05,27.17,40,21.32,36.45,-,-,71.26,0,28.74,438,31.95,32,36.08,-
Fri Sep 11 09:21:23 GMT+03:00 2026,11-sept.-2026 09:21:23.326,10.4,1.6838185650315007,41.9,243.1508658607386,-0.15,2.37,9.74,0.1,14.9,0.09,-,20,31.11,35.16,67,23.26,46.27,2299.5,0.038,41.9,0.69,31.2,41,22.05,43.44,-,-,71.33,0,28.67,439,36.31,37,36.08,-
Fri Sep 11 09:21:24 GMT+03:00 2026,11-sept.-2026 09:21:24.687,11.7,2.0883684039849464,40.9,245.47367191992555,-0.84,1.1,10.2,0.15,13.73,0.14,-,20,31.14,35.51,68,26.31,47.06,2582.75,0.043,40.9,0.35,35.28,41,22.92,50.27,-,-,71.39,0,28.61,440,41.65,42,41.57,-
Fri Sep 11 09:21:25 GMT+03:00 2026,11-sept.-2026 09:21:25.294,13.000000000000002,2.067736318868914,39.5,245.75655193393183,-2.94,0.91,11.11,0.16,15.29,0.13,-,20,31.17,35.16,68,29.41,61.18,1879.75,0.043,39.5,0.0,39.44,41,23.64,51.91,-,-,71.46,0,28.54,441,47.0,47,47.06,-
Fri Sep 11 09:21:26 GMT+03:00 2026,11-sept.-2026 09:21:26.684,14.300000000000002,1.6218674065776606,40.9,245.7565519348265,-1.91,3.7,9.67,0.12,15.29,0.12,-,20,31.22,35.16,68,32.56,61.57,2061.75,0.048,40.9,0.97,43.67,42,24.51,59.19,-,-,71.53,0,28.47,442,51.97,51,52.55,-
Fri Sep 11 09:21:27 GMT+03:00 2026,11-sept.-2026 09:21:27.705,15.600000000000003,2.3595885290010177,42.4,245.75655193430876,0.51,2.75,10.84,0.16,15.29,0.17,-,20,31.28,35.16,68,35.78,61.96,2234.25,0.052,42.4,0.17,47.98,42,25.24,66.52,-,-,71.6,0,28.4,443,55.83,56,52.94,-
Fri Sep 11 09:21:28 GMT+03:00 2026,11-sept.-2026 09:21:28.346,16.900000000000002,2.0709879639539834,40.6,245.7565519334874,-2.56,3.06,10.16,0.13,14.9,0.12,-,20,31.35,35.16,68,39.06,62.35,2426.5,0.057,40.6,0.01,52.38,43,25.09,72.28,-,-,71.66,0,28.34,444,60.99,61,51.76,-
Fri Sep 11 09:21:29 GMT+03:00 2026,11-sept.-2026 09:21:29.491,17.721306217874126,1.7376921381782606,41.7,245.75655193250884,-0.92,4.77,8.8,0.14,14.9,0.13,-,20,31.42,35.16,68,28.19,59.61,1858.75,0.042,41.7,0.28,37.8,43,24.37,52.75,-,-,71.73,0,28.27,445,64.28,64,46.27,-
Fri Sep 11 09:21:30 GMT+03:00 2026,11-sept.-2026 09:21:30.307,18.23634646139005,2.1151277446351515,41.7,245.7565519320228,0.58,1.24,10.98,0.06,14.9,0.0,-,20,31.5,35.16,68,20.61,48.24,1894.5,0.033,41.7,0.46,27.63,43,23.5,37.17,-,-,71.79,0,28.21,446,65.54,66,38.43,-
Fri Sep 11 09:21:31 GMT+03:00 2026,11-sept.-2026 09:21:31.420,18.62958282114804,3.0391102909135004,39.9,245.7565519335037,-0.3,3.46,7.6,0.02,14.12,0.03,-,20,31.59,35.16,68,17.69,43.53,1933.5,0.03,39.9,0.13,23.73,43,21.76,35.14,-,-,71.86,0,28.14,447,66.87,67,28.24,-
Fri Sep 11 09:21:32 GMT+03:00 2026,11-sept.-2026 09:21:32.759,18.64733428200288,2.348960054887912,41.2,245.75655193441384,-2.08,2.96,7.65,0.0,13.33,-0.03,-,20,31.67,35.51,68,-,33.33,1525.5,0.013,41.2,0.12,-,44,20.16,25.06,-,-,71.93,0,28.07,448,67.88,68,22.35,-
Fri Sep 11 09:21:33 GMT+03:00 2026,11-sept.-2026 09:21:33.505,18.67653841216134,1.8445046862537413,39.9,245.7565519335992,-1.03,2.53,11.01,0.0,13.33,-0.01,-,20,31.75,35.51,68,-,34.12,1517.25,0.013,39.9,0.09,-,44,20.89,25.7,-,-,71.99,0,28.01,449,67.09,67,31.37,-
Fri Sep 11 09:21:34 GMT+03:00 2026,11-sept.-2026 09:21:34.773,19.29988873575011,1.7666603913135248,42.8,245.75655193306451,0.05,2.72,9.4,0.09,15.29,0.13,-,20,31.84,35.16,68,25.34,67.84,1567.0,0.036,42.8,0.05,33.98,44,20.6,36.43,-,-,72.06,0,27.94,450,69.95,70,34.12,-
Fri Sep 11 09:21:35 GMT+03:00 2026,11-sept.-2026 09:21:35.407,19.439556894439168,2.4967498298894446,42.1,245.75655193379825,-0.48,0.56,10.13,0.05,14.12,0.05,-,20,31.93,34.81,68,11.18,40.39,1567.5,0.019,42.1,0.34,14.99,44,21.03,26.82,-,-,72.12,0,27.88,451,70.34,70,36.47,-
Fri Sep 11 09:21:36 GMT+03:00 2026,11-sept.-2026 09:21:36.540,19.593420186716425,2.767895100323835,41.8,245.75655193407837,-2.31,-0.41,8.98,0.02,14.12,0.0,-,20,32.02,35.16,68,11.75,40.39,1607.25,0.02,41.8,0.65,15.75,44,20.31,26.72,-,-,72.18,0,27.82,452,70.35,71,19.61,-
Fri Sep 11 09:21:37 GMT+03:00 2026,11-sept.-2026 09:21:37.286,19.41669308629761,2.9510292209049545,41.6,245.75655193351872,-0.07,1.81,9.88,0.02,12.94,-0.01,-,20,32.1,34.81,69,-,22.35,1570.75,0.003,41.6,0.44,-,43,18.27,23.46,-,-,72.25,0,27.75,453,70.44,70,14.12,-
Fri Sep 11 09:21:38 GMT+03:00 2026,11-sept.-2026 09:21:38.691,19.302886372438856,1.750166829389975,41.2,245.75655193233024,1.5,1.89,9.99,-0.03,12.55,-0.05,-,20,32.19,35.16,68,-,25.88,1573.0,0.007,41.2,0.14,-,43,18.42,23.71,-,-,72.31,0,27.69,454,70.14,70,14.9,-
Fri Sep 11 09:21:39 GMT+03:00 2026,11-sept.-2026 09:21:39.642,19.49332645243003,1.667529953502002,42.1,245.75655193279053,0.81,2.19,10.52,0.04,14.51,0.03,-,20,32.27,35.51,69,12.75,42.75,1591.0,0.021,42.1,0.61,17.1,43,18.56,24.19,-,-,72.37,0,27.63,455,70.61,70,22.35,-
Fri Sep 11 09:21:40 GMT+03:00 2026,11-sept.-2026 09:21:40.711,19.682362133247317,3.4745917605772925,41.8,245.7565519336718,1.81,3.24,9.17,0.02,14.51,-0.01,-,20,32.36,35.16,68,12.9,42.35,1609.75,0.022,41.8,1.08,17.29,42,19.58,25.88,-,-,72.44,0,27.56,456,71.08,70,27.45,-
Fri Sep 11 09:21:41 GMT+03:00 2026,11-sept.-2026 09:21:41.676,19.79858304409846,2.225506872629193,42.8,245.75655193312025,-0.12,2.82,9.8,-0.04,13.33,-0.05,-,20,32.45,34.81,68,-,38.82,1607.5,0.019,42.8,0.45,-,41,20.16,26.66,-,-,72.5,0,27.5,457,70.55,71,24.31,-
Fri Sep 11 09:21:42 GMT+03:00 2026,11-sept.-2026 09:21:42.758,19.85626638976067,1.837470305628753,42.4,245.75655193362297,1.25,2.72,9.23,0.03,14.12,0.06,-,20,32.54,35.16,69,-,35.29,1612.25,0.016,42.4,1.27,-,41,21.03,28.06,-,-,72.56,0,27.44,458,72.27,71,32.16,-
Fri Sep 11 09:21:43 GMT+03:00 2026,11-sept.-2026 09:21:43.475,20.418037142909423,2.2696619283314594,40.0,245.7565519346736,-2.06,3.03,10.02,0.03,14.9,0.02,-,20,32.63,35.16,69,25.28,62.35,1661.25,0.037,40,1.07,33.9,41,20.74,39.77,-,-,72.62,0,27.38,459,74.07,73,30.98,-
Fri Sep 11 09:21:44 GMT+03:00 2026,11-sept.-2026 09:21:44.393,20.49584671454546,1.697615007372678,41.7,245.75655193397483,-0.76,-0.12,8.45,-0.03,14.12,0.0,-,20,32.73,35.16,69,-,36.47,1665.75,0.018,41.7,0.96,-,41,20.74,28.59,-,-,72.69,0,27.31,460,73.96,73,31.37,-
Fri Sep 11 09:21:45 GMT+03:00 2026,11-sept.-2026 09:21:45.435,20.574752104530827,2.2569515398424533,41.6,245.7565519328452,1.27,2.23,12.18,-0.05,14.51,-0.09,-,20,32.82,35.16,69,-,36.47,1677.75,0.018,41.6,1.48,-,41,21.61,30.13,-,-,72.75,0,27.25,461,75.48,74,28.24,-
Fri Sep 11 09:21:46 GMT+03:00 2026,11-sept.-2026 09:21:46.634,20.99153509030989,2.2005257728254874,43.8,245.7565519331002,-1.35,4.27,11.17,0.06,14.12,0.03,-,20,32.91,35.51,68,21.55,53.33,1718.5,0.03,43.8,0.21,28.9,41,21.03,30.14,-,-,72.81,0,27.19,462,74.79,75,32.94,-
Fri Sep 11 09:21:47 GMT+03:00 2026,11-sept.-2026 09:21:47.433,21.3148597971724,2.2634767614096285,42.5,245.7565519327801,3.22,1.59,8.64,0.05,14.12,0.06,-,20,33.01,35.16,69,18.96,49.02,1722.5,0.03,42.5,1.03,25.43,41,21.61,30.96,-,-,72.87,0,27.13,463,77.03,76,36.47,-
Fri Sep 11 09:21:48 GMT+03:00 2026,11-sept.-2026 09:21:48.779,21.57032326695793,1.889287834036656,42.8,245.7565519332632,1.07,2.93,10.61,-0.02,15.29,-0.02,-,20,33.11,35.16,69,17.05,45.49,1738.5,0.028,42.8,1.01,22.86,41,21.76,31.64,-,-,72.93,0,27.07,464,76.99,78,31.37,-
Fri Sep 11 09:21:49 GMT+03:00 2026,11-sept.-2026 09:21:49.725,21.728352381276665,2.120736815329753,42.0,245.7565519335992,-0.1,0.38,9.45,-0.03,14.12,-0.04,-,20,33.21,35.16,69,14,40.39,1770.25,0.024,42,0.83,18.78,41,20.6,30.48,-,-,72.99,0,27.01,465,78.83,78,24.31,-
Fri Sep 11 09:21:50 GMT+03:00 2026,11-sept.-2026 09:21:50.792,21.68115961545945,1.7129665257002025,43.5,245.75655193403367,-0.95,1.53,11.31,0.01,13.73,0.02,-,20,33.31,35.16,69,-,29.8,1748.25,0.013,43.5,0.3,-,42,19.58,28.5,-,-,73.05,0,26.95,466,77.7,78,18.04,-
Fri Sep 11 09:21:51 GMT+03:00 2026,11-sept.-2026 09:21:51.523,21.63105624098148,1.454805161291478,42.9,245.75655193367064,2.69,3.53,11.36,0.02,13.73,0.01,-,20,33.41,35.16,69,-,29.8,1766.75,0.013,42.9,0.14,-,42,17.98,26.56,-,-,73.11,0,26.89,467,77.86,78,10.98,-
Fri Sep 11 09:21:52 GMT+03:00 2026,11-sept.-2026 09:21:52.462,21.401462103428997,2.3088810192906197,42.7,245.7565519337404,3.14,0.77,10.9,-0.02,12.94,0.0,-,20,33.51,35.16,69,-,20.39,1738.75,0.002,42.7,0.78,-,42,18.56,26.78,-,-,73.17,0,26.83,468,76.22,77,18.43,-
Fri Sep 11 09:21:53 GMT+03:00 2026,11-sept.-2026 09:21:53.740,21.751379467194045,4.436125936140071,43.3,245.75655193376517,-0.99,2.72,9.87,0.06,14.51,0.06,-,20,33.61,35.51,69,20.42,50.2,1759.75,0.029,43.3,1.02,27.39,42,19.44,28.39,-,-,73.23,0,26.77,469,76.98,78,26.67,-
Fri Sep 11 09:21:54 GMT+03:00 2026,11-sept.-2026 09:21:54.288,21.93181303638212,3.262481347771427,42.7,245.7565519335149,0.1,1.5,8.62,0.0,14.9,0.0,-,20,33.71,34.81,69,14.98,51.76,1470.25,0.024,42.7,2.06,20.09,43,20.31,24.23,-,-,73.29,0,26.71,470,76.94,79,38.82,-
Fri Sep 11 09:21:55 GMT+03:00 2026,11-sept.-2026 09:21:55.685,22.1293324653468,1.5488275938454934,43.7,245.75655193424896,-2.35,1.83,10.36,0.04,14.51,0.07,-,20,33.81,35.16,69,15.78,53.73,1467.0,0.024,43.7,1.29,21.16,43,22.48,26.66,-,-,73.35,0,26.65,471,78.71,80,43.53,-
Fri Sep 11 09:21:56 GMT+03:00 2026,11-sept.-2026 09:21:56.666,22.479762180161277,2.1284517441125863,42.4,245.7565519324712,-2.5,1.02,9.63,-0.01,14.9,-0.03,-,20,33.91,35.16,70,21.44,63.14,1515.75,0.031,42.4,0.06,28.75,43,20.89,35.91,-,-,73.19,0.22,26.59,472,80.94,81,34.12,-
Fri Sep 11 09:21:57 GMT+03:00 2026,11-sept.-2026 09:21:57.782,22.295587958436183,2.101467653990822,43.2,245.7565519323657,0.23,3.03,11.38,-0.06,13.33,-0.03,-,20,34.01,35.16,70,-,25.49,1479.25,0.006,43.2,0.33,-,43,21.32,25.65,-,-,73.03,0.44,26.54,473,79.67,80,36.47,-
Fri Sep 11 09:21:58 GMT+03:00 2026,11-sept.-2026 09:21:58.257,22.59541717432669,2.553553529249667,42.0,245.75655193407312,-1.27,4.36,7.23,0.09,14.9,0.06,-,20,34.12,34.81,70,19.85,60.78,1501.5,0.029,42,2.04,26.62,43,22.05,37.29,-,-,72.87,0.66,26.48,474,83.04,81,37.25,-
Fri Sep 11 09:21:59 GMT+03:00 2026,11-sept.-2026 09:21:59.624,22.97652161797093,1.6249492831778871,43.7,245.7565519338976,-0.45,3.64,7.6,0.08,14.9,0.1,-,20,34.22,35.16,70,23.21,65.49,1536.5,0.033,43.7,1.78,31.12,43,20.6,35.76,-,-,72.71,0.87,26.42,475,81.22,83,39.22,-
Fri Sep 11 09:22:00 GMT+03:00 2026,11-sept.-2026 09:22:00.490,22.86938191533376,1.664207276291993,42.5,245.7565519331846,0.35,1.91,10.14,-0.03,12.94,-0.02,-,20,34.33,35.16,70,-,30.98,1546.75,0.011,42.5,0.67,-,43,22.34,28.27,-,-,72.55,1.09,26.36,476,82.33,83,39.61,-
Fri Sep 11 09:22:01 GMT+03:00 2026,11-sept.-2026 09:22:01.738,23.21353558516645,2.5720179674882173,43.4,245.7565519338536,0.19,3.75,10.69,0.05,14.9,0.05,-,20,34.44,35.16,70,22.24,61.57,1573.0,0.033,43.4,1.78,29.83,43,21.32,38.2,-,-,72.39,1.3,26.3,477,84.78,83,28.63,-
Fri Sep 11 09:22:02 GMT+03:00 2026,11-sept.-2026 09:22:02.330,23.175664534254352,2.4280918073473856,44.2,245.7565519342228,-0.55,1.8,8.12,0.0,12.94,-0.03,-,20,34.54,34.81,70,-,36.08,1540.5,0.015,44.2,0.81,-,43,22.19,27.95,-,-,72.23,1.52,26.25,478,83.19,84,48.24,-
Fri Sep 11 09:22:03 GMT+03:00 2026,11-sept.-2026 09:22:03.738,23.844904036854388,1.6827231047589106,45.2,245.75655193364025,-2.27,3.46,10.64,0.03,15.69,0.03,-,20,34.65,35.16,70,35,83.14,1606.5,0.041,45.2,1.21,46.94,43,22.48,41.17,-,-,72.08,1.73,26.19,479,84.79,86,38.04,-
Fri Sep 11 09:22:04 GMT+03:00 2026,11-sept.-2026 09:22:04.624,23.786159663736576,1.6289918376652586,43.9,245.75655193228675,-0.59,-0.07,8.21,0.03,13.73,0.03,-,20,34.76,35.16,71,-,34.51,1596.5,0.015,43.9,2.26,-,43,21.18,27.71,-,-,71.92,1.94,26.13,480,87.26,85,37.25,-
Fri Sep 11 09:22:05 GMT+03:00 2026,11-sept.-2026 09:22:05.305,23.710338763469597,1.7170852930414449,43.5,245.7565519325116,-0.59,2.57,10.14,-0.07,12.94,-0.08,-,20,34.87,35.16,70,-,33.33,1594.25,0.014,43.5,0.02,-,43,22.77,29.74,-,-,71.77,2.16,26.08,481,86.02,86,31.76,-
Fri Sep 11 09:22:06 GMT+03:00 2026,11-sept.-2026 09:22:06.302,24.16015745723561,2.027269951045486,44.3,245.75655193405123,-2.4,3.85,11.4,0.08,15.69,0.11,-,20,34.98,35.51,71,27.51,69.02,1612.5,0.039,44.3,0.38,36.89,43,21.03,38.78,-,-,71.61,2.37,26.02,482,86.62,87,35.69,-
Fri Sep 11 09:22:07 GMT+03:00 2026,11-sept.-2026 09:22:07.426,24.25631965564611,1.6571686412670767,42.9,245.75655193414,-0.7,3.03,8.88,0.03,13.73,0.0,-,20,35.1,35.51,70,-,44.31,1639.75,0.024,42.9,0.52,-,43,20.6,27.9,-,-,71.46,2.58,25.97,483,87.52,87,33.33,-
Fri Sep 11 09:22:08 GMT+03:00 2026,11-sept.-2026 09:22:08.264,24.083498422590413,2.1835294168111288,44.2,245.75655193329865,0.08,2.5,11.58,-0.06,13.33,-0.07,-,20,35.21,35.16,70,-,27.06,1616.0,0.008,44.2,1.71,-,42,21.03,28.04,-,-,71.31,2.78,25.91,484,85.29,87,22.75,-
Fri Sep 11 09:22:09 GMT+03:00 2026,11-sept.-2026 09:22:09.617,24.12649444932778,1.8939321809713745,43.3,245.7565519330517,-1.52,1.69,7.37,0.09,14.12,0.07,-,20,35.32,35.16,70,-,41.18,1622.75,0.021,43.3,0.79,-,42,21.18,28.27,-,-,71.15,2.99,25.85,485,86.21,87,32.16,-
Fri Sep 11 09:22:10 GMT+03:00 2026,11-sept.-2026 09:22:10.614,24.605324746834835,1.4789659700611286,44.2,245.7565519339946,0.42,0.12,9.97,0.03,15.29,0.03,-,20,35.43,35.16,71,29.33,69.41,1652.75,0.039,44.2,0.2,39.33,42,20.16,38.3,-,-,71,3.2,25.8,486,89.2,89,32.55,-
Fri Sep 11 09:22:11 GMT+03:00 2026,11-sept.-2026 09:22:11.748,24.43346700641255,1.5636456788086637,43.8,245.7565519339805,-1.96,2.65,10.2,0.0,13.33,0.02,-,20,35.54,35.16,71,-,27.06,1642.75,0.009,43.8,0.72,-,42,22.05,29.78,-,-,70.85,3.4,25.74,487,88.72,88,40.0,-
Fri Sep 11 09:22:12 GMT+03:00 2026,11-sept.-2026 09:22:12.770,24.774487491905703,2.363152825671361,43.3,245.75655193285485,-1.27,1.73,10.31,0.07,15.29,0.09,-,20,35.66,35.16,71,24.39,61.57,1646.25,0.036,43.3,0.86,32.71,42,22.92,43.13,-,-,70.7,3.61,25.69,488,88.14,89,36.08,-
Fri Sep 11 09:22:13 GMT+03:00 2026,11-sept.-2026 09:22:13.273,25.098998783382903,2.1785242401804865,44.6,245.7565519327457,-1.31,5.38,9.98,0.04,14.9,0.08,-,20,35.77,34.81,71,24.25,58.82,1689.5,0.036,44.6,0.22,32.52,42,20.31,39.39,-,-,70.55,3.81,25.64,489,90.78,91,33.33,-
Fri Sep 11 09:22:14 GMT+03:00 2026,11-sept.-2026 09:22:14.492,24.795320541208262,2.515994153798254,44.6,245.75655193346296,0.26,-0.13,9.82,-0.01,13.73,-0.01,-,20,35.89,35.16,70,-,20.39,1657.75,0.002,44.6,0.69,-,42,21.18,28.97,-,-,70.4,4.02,25.58,490,89.69,89,26.67,-
Fri Sep 11 09:22:15 GMT+03:00 2026,11-sept.-2026 09:22:15.439,24.85549241497311,2.189072762800508,44.7,245.75655193375525,-0.29,3.57,10.79,-0.02,14.12,-0.05,-,20,36.0,35.16,71,-,42.75,1651.0,0.023,44.7,0.72,-,41,20.45,27.87,-,-,70.25,4.22,25.53,491,89.28,90,21.57,-
Fri Sep 11 09:22:16 GMT+03:00 2026,11-sept.-2026 09:22:16.303,24.966411417799936,3.1257422124893504,44.2,245.75655193398651,-1.58,2.01,9.49,0.06,14.51,0.09,-,20,36.11,35.16,71,-,45.88,1667.5,0.026,44.2,0.82,-,41,19,26.32,-,-,70.11,4.42,25.47,492,89.18,90,25.88,-
Fri Sep 11 09:22:17 GMT+03:00 2026,11-sept.-2026 09:22:17.475,24.86188283262757,2.3673906112276235,44.6,245.75655193382835,-0.79,0.97,8.97,0.0,13.33,-0.03,-,20,36.22,35.51,71,-,32.16,1659.25,0.014,44.6,0.34,-,41,20.45,28.21,-,-,69.96,4.62,25.42,493,89.66,90,26.27,-
Fri Sep 11 09:22:18 GMT+03:00 2026,11-sept.-2026 09:22:18.498,24.954409260580498,1.9882359539079744,43.5,245.75655193325431,-0.9,4.71,9.78,-0.01,14.12,-0.01,-,20,36.34,35.16,71,-,44.31,1676.75,0.025,43.5,2.86,-,41,18.85,26.3,-,-,69.81,4.82,25.37,494,87.14,90,16.08,-
Fri Sep 11 09:22:19 GMT+03:00 2026,11-sept.-2026 09:22:19.240,24.500745264612647,1.9842785856268936,46.1,245.756551932642,-2.77,3.74,10.38,-0.08,13.73,-0.07,-,20,36.45,35.16,71,-,12.16,1641.75,0.0,46.1,1.21,-,40,17.69,33.43,-,-,69.67,5.02,25.31,495,87.79,89,13.73,-
Fri Sep 11 09:22:20 GMT+03:00 2026,11-sept.-2026 09:22:20.693,24.295782637456597,1.4003856785324578,44.1,245.7565519332881,1.46,0.8,10.53,0.0,13.33,0.0,-,20,36.55,35.16,71,-,25.1,1636.75,0.007,44.1,1.43,-,40,18.42,25.05,-,-,69.52,5.22,25.26,496,88.43,87,14.9,-
Fri Sep 11 09:22:21 GMT+03:00 2026,11-sept.-2026 09:22:21.388,24.418370494148167,1.4967109332665909,45.2,245.75655193399288,0.04,1.55,10.05,0.05,14.51,0.05,-,20,36.66,35.16,71,15.7,47.06,1624.0,0.026,45.2,0.04,21.06,40,19.29,25.98,-,-,69.38,5.42,25.21,497,87.96,88,30.98,-
Fri Sep 11 09:22:22 GMT+03:00 2026,11-sept.-2026 09:22:22.394,24.787363376675632,2.4100543364028764,43.5,245.75655193337712,1.41,2.08,10.3,0.03,14.9,-0.02,-,20,36.77,35.16,71,25.47,62.75,1656.5,0.037,43.5,0.63,34.16,40,20.45,39.24,-,-,69.23,5.61,25.16,498,88.37,89,34.9,-
Fri Sep 11 09:22:23 GMT+03:00 2026,11-sept.-2026 09:22:23.442,24.727964966003988,2.2397875919651056,45.2,245.7565519333519,1.03,4.12,10.74,-0.04,13.33,-0.04,-,20,36.88,35.16,71,-,34.9,1652.75,0.016,45.2,2.05,-,40,20.6,28.2,-,-,69.09,5.81,25.1,499,90.05,88,26.67,-
Fri Sep 11 09:22:24 GMT+03:00 2026,11-sept.-2026 09:22:24.372,24.520962907475745,2.8786262831745644,45.9,245.75655193379575,-4.1,1.63,9.7,-0.07,13.73,-0.05,-,20,36.98,35.16,72,-,25.1,1649.0,0.007,45.9,0.48,-,40,20.6,28.2,-,-,68.94,6,25.05,500,88.48,88,20.78,-
Fri Sep 11 09:22:25 GMT+03:00 2026,11-sept.-2026 09:22:25.708,24.658043514803943,2.28002221828169,45.8,245.7565519343213,1.11,1.94,8.1,-0.02,14.12,0.02,-,20,37.09,35.16,71,16.53,47.84,1648.25,0.027,45.8,0.75,22.16,39,19.87,27.35,-,-,68.8,6.2,25,501,88.75,88,26.27,-
Fri Sep 11 09:22:26 GMT+03:00 2026,11-sept.-2026 09:22:26.593,24.811350828447168,1.5942287756149962,46.1,245.75655193359808,0.53,-0.62,8.32,0.02,14.51,0.03,-,20,37.2,35.51,72,17.32,49.02,1645.5,0.026,46.1,0.04,23.23,39,19,25.99,-,-,68.66,6.39,24.95,502,89.04,89,24.71,-
Fri Sep 11 09:22:27 GMT+03:00 2026,11-sept.-2026 09:22:27.526,24.51902149105248,1.953910151926313,45.1,245.7565519326483,-2.05,0.51,7.57,-0.09,12.94,-0.08,-,20,37.3,35.16,71,-,20.39,1651.0,0.002,45.1,0.19,-,39,20.16,27.79,-,-,68.52,6.58,24.9,503,88.19,88,24.31,-
Fri Sep 11 09:22:28 GMT+03:00 2026,11-sept.-2026 09:22:28.295,24.64512611783017,4.199345390390832,45.4,245.7565519329321,0.47,5.2,9.73,-0.03,14.12,-0.01,-,20,37.41,35.16,72,16.1,47.06,1647.25,0.026,45.4,0.51,21.59,39,19.29,26.46,-,-,68.38,6.78,24.85,504,88.49,89,17.25,-
Fri Sep 11 09:22:29 GMT+03:00 2026,11-sept.-2026 09:22:29.264,24.51673755065972,2.352774198135537,44.9,245.7565519332521,1.38,3.68,11.3,0.09,13.33,0.11,-,20,37.51,35.16,72,-,30.59,1626.25,0.012,44.9,0.87,-,39,18.56,25.16,-,-,68.24,6.97,24.8,505,88.87,88,23.14,-
Fri Sep 11 09:22:30 GMT+03:00 2026,11-sept.-2026 09:22:30.701,24.47432730690153,1.9542312681245648,45.9,245.7565519336118,0.17,2.99,9.54,0.01,13.73,0.02,-,20,37.62,34.81,72,-,36.08,1632.5,0.017,45.9,0.45,-,39,19,25.88,-,-,68.1,7.16,24.74,506,88.45,88,15.29,-
Fri Sep 11 09:22:31 GMT+03:00 2026,11-sept.-2026 09:22:31.629,24.28745246219668,3.4511961283805097,46.0,252.07900621773712,-0.58,-0.14,9.17,-0.01,13.33,-0.02,-,20,37.72,35.16,72,-,26.27,1619.0,0.008,46,1.23,-,39,19.14,25.83,-,-,67.96,7.35,24.69,507,86.77,88,22.75,-
Fri Sep 11 09:22:32 GMT+03:00 2026,11-sept.-2026 09:22:32.524,24.4649272632813,3.001270341289115,45.4,259.25042832725165,-0.53,5.06,10.52,0.02,14.9,0.01,-,20,37.82,35.16,72,17.81,50.2,1638.75,0.026,45.4,0.75,23.88,39,18.71,25.47,-,-,67.82,7.54,24.64,508,87.25,88,18.04,-
Fri Sep 11 09:22:33 GMT+03:00 2026,11-sept.-2026 09:22:33.605,24.22226714394024,1.505637736424741,47.2,260.129858600679,-3.89,5.45,9.66,-0.06,12.94,-0.04,-,20,37.92,35.16,72,-,22.35,1630.25,0.004,47.2,0.6,-,39,19.29,26.17,-,-,67.68,7.72,24.59,509,87.6,87,26.27,-
Fri Sep 11 09:22:34 GMT+03:00 2026,11-sept.-2026 09:22:34.617,24.37148578088644,1.636258030901696,44.5,260.12985860085155,0.66,4.53,9.57,0.03,14.12,0.02,-,20,38.02,35.16,72,16.64,48.63,1627.75,0.027,44.5,1.13,22.32,39,20.31,27.46,-,-,67.55,7.91,24.54,510,86.87,88,23.92,-
Fri Sep 11 09:22:35 GMT+03:00 2026,11-sept.-2026 09:22:35.665,24.45182199980336,2.3761786468706583,46.7,260.129858600851,0.74,6.73,9.26,-0.03,13.73,0.0,-,20,38.12,35.16,72,-,43.92,1633.5,0.024,46.7,1.45,-,40,18.56,25.22,-,-,67.41,8.1,24.49,511,89.45,88,23.14,-
Fri Sep 11 09:22:36 GMT+03:00 2026,11-sept.-2026 09:22:36.722,24.12558686801207,1.6500656538427576,47.2,260.1298586010234,-1.08,2.46,11.48,-0.05,13.73,-0.07,-,20,38.22,35.16,72,-,20.39,1606.25,0.002,47.2,0.36,-,40,19.44,25.97,-,-,67.27,8.28,24.44,512,86.64,87,18.82,-
Fri Sep 11 09:22:37 GMT+03:00 2026,11-sept.-2026 09:22:37.732,24.114527989277505,2.878571258233645,44.9,260.12985860113844,-0.44,2.54,10.87,0.0,13.33,0.02,-,20,38.32,35.16,72,-,37.65,1625.0,0.018,44.9,0.09,-,39,19.44,26.31,-,-,67.14,8.47,24.4,513,86.91,87,20.78,-
Fri Sep 11 09:22:38 GMT+03:00 2026,11-sept.-2026 09:22:38.257,24.257593070681885,1.5415897953492976,46.6,260.12985860044904,1.42,2.61,10.04,-0.05,14.51,-0.01,-,20,38.42,35.16,72,16.28,48.63,1612.0,0.026,46.6,0.41,21.83,40,19.29,25.76,-,-,67,8.65,24.35,514,87.41,87,27.45,-
Fri Sep 11 09:22:39 GMT+03:00 2026,11-sept.-2026 09:22:39.691,24.27387384589815,1.6014247389818823,46.9,260.12985860056096,-0.48,2.03,9.43,0.04,13.73,0.02,-,20,38.52,35.16,72,-,39.61,1634.25,0.02,46.9,0.07,-,40,19.29,26.16,-,-,66.87,8.84,24.3,515,86.93,87,21.18,-
Fri Sep 11 09:22:40 GMT+03:00 2026,11-sept.-2026 09:22:40.264,23.914778265993,1.4692159647009957,45.9,260.1298586007347,1.01,2.12,9.46,-0.07,13.33,-0.09,-,20,38.61,34.81,72,-,20.39,1606.25,0.002,45.9,1.16,-,40,20.6,27.43,-,-,66.73,9.02,24.25,516,87.16,86,27.84,-
Fri Sep 11 09:22:41 GMT+03:00 2026,11-sept.-2026 09:22:41.602,24.33271073587033,2.454540809384503,47.8,260.1298586004496,-0.25,1.17,12.34,0.11,15.29,0.1,-,20,38.71,34.81,72,26.6,65.88,1636.25,0.038,47.8,0.7,35.67,40,19.87,37.42,-,-,66.6,9.2,24.2,517,87.7,87,25.49,-
Fri Sep 11 09:22:42 GMT+03:00 2026,11-sept.-2026 09:22:42.581,24.252684725473745,2.445498747102567,46.0,260.1298586013703,-1.42,1.53,10.92,-0.03,14.12,-0.02,-,20,38.81,35.16,72,-,32.94,1634.75,0.014,46,0.45,-,40,18.56,25.26,-,-,66.47,9.38,24.15,518,87.45,87,25.49,-
Fri Sep 11 09:22:43 GMT+03:00 2026,11-sept.-2026 09:22:43.594,23.936656484012705,1.5041236970723075,46.4,260.12985860142936,0.15,3.5,9.36,-0.05,12.94,-0.09,-,20,38.9,35.16,72,-,20.39,1600.25,0.002,46.4,0.67,-,40,20.31,26.96,-,-,66.33,9.56,24.1,519,86.67,86,20.0,-
Fri Sep 11 09:22:44 GMT+03:00 2026,11-sept.-2026 09:22:44.341,24.12686505640802,1.596226631128422,47.0,260.1298586011972,-0.87,0.81,11.7,-0.01,14.12,-0.02,-,20,39.0,35.16,72,17.87,50.98,1626.0,0.025,47,0.14,23.96,40,18.71,25.13,-,-,66.2,9.74,24.06,520,86.86,87,19.22,-
Fri Sep 11 09:22:45 GMT+03:00 2026,11-sept.-2026 09:22:45.686,24.014032880326504,2.0532227549469337,47.3,260.12985860108085,0.34,1.27,10.55,0.03,14.12,0.08,-,20,39.09,35.16,72,-,30.98,1612.25,0.012,47.3,0.54,-,41,20.02,26.64,-,-,66.07,9.92,24.01,521,86.54,86,33.73,-
Fri Sep 11 09:22:46 GMT+03:00 2026,11-sept.-2026 09:22:46.553,24.338363236477115,1.511265924207637,47.6,260.1298586010816,-1.54,0.47,8.85,0.02,15.29,0.01,-,20,39.19,35.16,73,23.12,60.0,1628.5,0.034,47.6,0.06,31.01,41,19.73,36.93,-,-,65.94,10.1,23.96,522,87.94,88,21.96,-
Fri Sep 11 09:22:47 GMT+03:00 2026,11-sept.-2026 09:22:47.509,23.70939882859651,1.8103985224022547,47.6,260.1298586011966,-0.24,2.67,9.97,-0.1,12.55,-0.1,-,20,39.28,35.16,73,-,9.41,1584.25,0.0,47.6,0.22,-,41,21.61,39.09,-,-,65.81,10.28,23.91,523,85.22,85,45.49,-
Fri Sep 11 09:22:48 GMT+03:00 2026,11-sept.-2026 09:22:48.684,24.54700822201485,1.4242707485942336,48.2,260.12985860045103,0.96,1.28,9.41,0.15,16.86,0.15,-,20,39.37,35.51,73,42.7,93.33,1643.75,0.039,48.2,0.78,57.27,41,20.6,38.89,-,-,65.68,10.45,23.87,524,88.78,88,29.8,-
Fri Sep 11 09:22:49 GMT+03:00 2026,11-sept.-2026 09:22:49.356,24.17162158839953,1.7179690398430392,48.2,260.1298586011386,-0.24,-0.1,9.98,-0.06,12.94,-0.09,-,20,39.47,35.16,73,-,11.76,1614.25,0.0,48.2,1.15,-,41,19.44,35.97,-,-,65.55,10.63,23.82,525,85.85,87,36.47,-
Fri Sep 11 09:22:50 GMT+03:00 2026,11-sept.-2026 09:22:50.509,24.144175320230453,2.234247458930392,47.2,260.12985860102333,-0.37,0.18,8.15,0.0,13.33,0.0,-,20,39.56,35.16,73,-,36.47,1623.25,0.017,47.2,0.59,-,41,20.74,27.84,-,-,65.42,10.81,23.77,526,87.59,87,15.29,-
Fri Sep 11 09:22:51 GMT+03:00 2026,11-sept.-2026 09:22:51.424,24.123842110341023,3.446055425251762,46.7,260.12985860090834,0.71,5.08,8.25,0.03,13.73,0.07,-,20,39.65,35.16,73,-,37.25,1617.25,0.018,46.7,1.33,-,41,19.58,26.07,-,-,65.29,10.98,23.73,527,87.33,86,32.16,-
Fri Sep 11 09:22:52 GMT+03:00 2026,11-sept.-2026 09:22:52.388,24.501733860816383,3.050169439485129,47.2,260.129858601195,0.38,3.92,8.84,0.06,14.9,0.07,-,20,39.75,35.16,73,25.37,63.92,1633.5,0.037,47.2,0.71,34.02,41,19.58,36.68,-,-,65.17,11.15,23.68,528,88.29,89,25.49,-
Fri Sep 11 09:22:53 GMT+03:00 2026,11-sept.-2026 09:22:53.793,24.086346987636706,2.2635704288761933,47.3,260.1298586011375,-2.86,3.52,8.4,-0.01,13.73,0.0,-,20,39.84,35.16,72,-,10.98,1604.75,0.0,47.3,0.45,-,41,21.03,38.73,-,-,65.04,11.33,23.63,529,87.45,87,37.25,-
Fri Sep 11 09:22:54 GMT+03:00 2026,11-sept.-2026 09:22:54.728,24.539366463822542,1.969461991860889,47.9,260.1298586011897,-3.68,0.61,11.46,0.04,15.29,0.08,-,20,39.94,35.16,72,28.25,68.24,1643.25,0.04,47.9,0.43,37.88,41,23.06,43.58,-,-,64.91,11.5,23.59,530,88.57,89,43.14,-
Fri Sep 11 09:22:55 GMT+03:00 2026,11-sept.-2026 09:22:55.566,25.189989916165597,2.021928215303768,50.2,260.129858600519,-0.57,2.33,10.66,0.03,15.69,0.03,-,20,40.03,35.16,73,36.95,79.61,1695.25,0.04,50.2,1.62,49.55,41,20.45,40.11,-,-,64.79,11.67,23.54,531,91.62,90,43.14,-
Fri Sep 11 09:22:56 GMT+03:00 2026,11-sept.-2026 09:22:56.553,24.711812732081995,2.155254235675086,47.7,260.1298586010786,-0.01,2.08,9.77,-0.01,13.33,-0.01,-,20,40.13,34.81,73,-,12.16,1651.5,0.0,47.7,0.28,-,41,21.47,40.95,-,-,64.66,11.84,23.5,532,88.72,89,29.8,-
Fri Sep 11 09:22:57 GMT+03:00 2026,11-sept.-2026 09:22:57.341,24.6233171945669,1.8390137285879664,47.1,260.1298586013594,0.63,1.14,10.6,0.03,13.73,0.01,-,20,40.22,35.16,73,-,32.55,1664.0,0.015,47.1,1.24,-,41,21.03,29.07,-,-,64.53,12.02,23.45,533,89.24,88,21.18,-
Fri Sep 11 09:22:58 GMT+03:00 2026,11-sept.-2026 09:22:58.550,24.899271425079917,3.841388461436525,48.9,260.12985860079806,-0.41,2.64,7.47,0.0,15.29,0.0,-,20,40.32,35.16,74,22.1,57.25,1646.0,0.033,48.9,1.03,29.64,41,19.44,36.72,-,-,64.41,12.19,23.4,534,91.03,90,30.59,-
Fri Sep 11 09:22:59 GMT+03:00 2026,11-sept.-2026 09:22:59.374,24.97026633947221,1.830936438254676,47.2,260.12985860096563,-0.75,0.29,8.15,-0.02,14.12,-0.01,-,20,40.41,35.16,73,-,43.14,1674.25,0.024,47.2,0.28,-,41,21.03,29.17,-,-,64.29,12.36,23.36,535,89.28,89,34.12,-
Fri Sep 11 09:23:00 GMT+03:00 2026,11-sept.-2026 09:23:00.668,25.025890664163494,2.650613621941032,46.6,260.12985860085405,1.01,0.29,10.24,-0.03,14.51,-0.03,-,20,40.51,35.16,73,-,41.96,1681.25,0.023,46.6,0.36,-,41,20.89,29.21,-,-,64.16,12.52,23.31,536,89.64,90,23.92,-
Fri Sep 11 09:23:01 GMT+03:00 2026,11-sept.-2026 09:23:01.479,24.912758001351275,1.7055639991064526,46.5,260.1298586005184,1.91,0.13,7.82,0.01,13.73,0.01,-,20,40.6,35.51,73,-,30.98,1687.75,0.013,46.5,0.89,-,41,20.02,28.07,-,-,64.04,12.69,23.27,537,89.11,90,22.35,-
Fri Sep 11 09:23:02 GMT+03:00 2026,11-sept.-2026 09:23:02.505,24.91705899533584,3.652050573810952,48.5,260.1298586010213,-2.89,1.02,8.67,0.02,13.73,-0.01,-,20,40.7,35.16,73,-,38.43,1686.5,0.02,48.5,0.97,-,41,20.45,28.69,-,-,63.92,12.86,23.22,538,89.97,89,26.27,-
Fri Sep 11 09:23:03 GMT+03:00 2026,11-sept.-2026 09:23:03.539,25.140111783690244,1.5989288185585522,48.9,260.1298586006875,-1.9,1.18,11.28,-0.01,14.9,-0.01,-,20,40.79,35.16,74,20.41,52.55,1690.5,0.028,48.9,0.32,27.37,41,19.58,27.44,-,-,63.79,13.03,23.18,539,89.68,90,24.31,-
Fri Sep 11 09:23:04 GMT+03:00 2026,11-sept.-2026 09:23:04.390,24.941469630787427,2.215932369122906,49.5,260.12985860096563,-1.17,5.84,9.19,-0.03,14.12,-0.01,-,20,40.89,35.16,74,-,25.88,1666.75,0.008,49.5,0.04,-,41,20.16,27.78,-,-,63.67,13.19,23.14,540,90.04,90,25.88,-
Fri Sep 11 09:23:05 GMT+03:00 2026,11-sept.-2026 09:23:05.591,24.992924185091145,2.5402481432603867,47.4,260.1298586012464,-0.76,3.01,8.94,0.03,14.12,0.04,-,20,40.98,35.16,73,-,41.96,1673.5,0.023,47.4,0.66,-,41,18.71,26,-,-,63.55,13.36,23.09,541,88.34,89,12.94,-
Fri Sep 11 09:23:06 GMT+03:00 2026,11-sept.-2026 09:23:06.771,24.61823552826612,1.9782914257157092,48.9,260.12985860079584,-0.35,1.0,10.45,0.04,12.94,0.04,-,20,41.07,35.16,74,-,10.98,1652.0,0.0,48.9,1.86,-,41,17.98,34.14,-,-,63.43,13.52,23.05,542,87.14,89,17.25,-
Fri Sep 11 09:23:07 GMT+03:00 2026,11-sept.-2026 09:23:07.684,24.60729794061013,3.2742478961847628,49.8,260.1298586009094,1.21,2.39,8.8,0.02,13.73,0.03,-,20,41.16,35.16,73,-,37.65,1653.75,0.019,49.8,0.28,-,41,19.73,27.07,-,-,63.31,13.69,23,543,88.72,89,24.31,-
Fri Sep 11 09:23:08 GMT+03:00 2026,11-sept.-2026 09:23:08.291,24.936418618092663,1.5995440989361416,47.2,260.12985860107773,0.19,1.44,8.49,0.05,14.9,0.06,-,20,41.26,35.16,74,24.18,60.0,1664.5,0.036,47.2,0.65,32.43,41,19,36.47,-,-,63.19,13.85,22.96,544,90.65,90,28.24,-
Fri Sep 11 09:23:09 GMT+03:00 2026,11-sept.-2026 09:23:09.610,24.782247102530967,1.751565693999497,48.2,260.1298586011908,1.39,0.12,7.85,0.03,13.33,0.02,-,20,41.35,35.16,74,-,28.63,1648.25,0.011,48.2,0.45,-,41,20.16,27.54,-,-,63.07,14.02,22.92,545,89.45,89,26.67,-
Fri Sep 11 09:23:10 GMT+03:00 2026,11-sept.-2026 09:23:10.697,24.718654999053214,2.844182952015858,47.9,260.12985860107835,-1.26,4.38,9.13,-0.02,14.12,0.0,-,20,41.44,35.16,73,-,34.51,1661.5,0.016,47.9,1.01,-,41,20.16,27.85,-,-,62.95,14.18,22.87,546,90.01,89,18.43,-
Fri Sep 11 09:23:11 GMT+03:00 2026,11-sept.-2026 09:23:11.710,24.715166326053197,1.625147158593604,49.2,260.1298586010791,-4.57,1.41,9.76,-0.02,13.73,-0.03,-,20,41.53,35.16,74,-,38.04,1664.75,0.02,49.2,0.26,-,41,17.98,24.87,-,-,62.83,14.34,22.83,547,88.74,89,15.69,-
Fri Sep 11 09:23:12 GMT+03:00 2026,11-sept.-2026 09:23:12.709,24.386762457309885,1.9172837268059368,50.6,260.12985860068113,-0.63,3.31,9.6,-0.02,12.94,-0.02,-,20,41.61,35.51,74,-,20.39,1610.25,0.002,50.6,0.01,-,41,19.14,25.54,-,-,62.71,14.5,22.79,548,87.99,88,21.96,-
Fri Sep 11 09:23:13 GMT+03:00 2026,11-sept.-2026 09:23:13.594,24.5769690565714,2.567613441451342,47.6,260.12985860034735,2.18,3.86,10.62,0.01,14.12,0.01,-,20,41.7,35.16,74,18.43,51.37,1634.0,0.028,47.6,1.07,24.71,40,20.74,28.02,-,-,62.59,14.66,22.74,549,89.07,88,32.16,-
Fri Sep 11 09:23:14 GMT+03:00 2026,11-sept.-2026 09:23:14.430,24.98817917090029,2.212689048526329,48.6,260.129858600744,-0.49,2.22,9.25,0.08,15.69,0.09,-,20,41.79,35.16,74,27.4,65.1,1673.25,0.039,48.6,1.15,36.74,40,21.61,41.87,-,-,62.48,14.82,22.7,550,89.85,91,45.88,-
Fri Sep 11 09:23:15 GMT+03:00 2026,11-sept.-2026 09:23:15.263,25.287122099019104,2.4422420014370294,48.7,260.129858600581,1.08,3.48,8.12,-0.02,14.9,0.0,-,20,41.88,35.16,74,23.54,57.65,1694.25,0.036,48.7,0.29,31.57,40,23.21,45.59,-,-,62.36,14.98,22.66,551,91.29,91,43.92,-
Fri Sep 11 09:23:16 GMT+03:00 2026,11-sept.-2026 09:23:16.509,25.410799805731425,1.9700483017264672,49.1,260.12985860173194,3.07,2.79,9.88,-0.03,14.12,-0.05,-,20,41.98,34.81,74,16.91,46.67,1690.75,0.028,49.1,1.77,22.68,41,22.92,32.24,-,-,62.24,15.14,22.62,552,92.77,91,36.08,-
Fri Sep 11 09:23:17 GMT+03:00 2026,11-sept.-2026 09:23:17.372,25.48582928882707,2.338167737465344,49.9,260.12985860185154,-2.28,3.87,10.01,0.01,14.51,0.0,-,20,42.07,35.16,74,-,43.92,1694.0,0.025,49.9,0.82,-,41,20.16,28.48,-,-,62.13,15.3,22.57,553,91.82,91,21.57,-
Fri Sep 11 09:23:18 GMT+03:00 2026,11-sept.-2026 09:23:18.278,24.829209285960115,2.6449957211837374,47.8,260.1298586000236,-0.38,0.81,9.94,-0.02,12.55,-0.03,-,20,42.16,34.81,74,-,10.2,1655.5,0.0,47.8,0.21,-,41,21.03,40.01,-,-,62.01,15.46,22.53,554,89.79,90,32.16,-
Fri Sep 11 09:23:19 GMT+03:00 2026,11-sept.-2026 09:23:19.466,25.44314558355002,3.27774521066791,48.8,260.1298586009108,-0.39,2.56,8.76,0.02,16.47,0.02,-,20,42.25,35.16,74,36.03,75.29,1737.25,0.041,-,0.45,48.32,41,20.16,40.6,-,-,61.9,15.61,22.49,555,92.45,92,27.45,-
Fri Sep 11 09:23:20 GMT+03:00 2026,11-sept.-2026 09:23:20.537,25.326021780175207,3.622320624736512,48.4,260.1298586012415,-0.13,3.11,9.43,-0.07,13.73,-0.07,-,20,42.34,35.16,74,-,31.37,1684.25,0.014,48.4,0.96,-,42,19.44,27.06,-,-,61.78,15.77,22.45,556,90.04,91,31.76,-
Fri Sep 11 09:23:21 GMT+03:00 2026,11-sept.-2026 09:23:21.448,25.175366853721226,2.809817369565427,50.5,260.12985860107665,-1.47,2.05,7.48,-0.05,13.73,-0.04,-,-,42.43,35.16,-,-,29.02,1673.25,0.011,50.5,0.23,-,-,-,-,-,-,61.67,15.93,22.41,557,90.77,91,13.73,-
Fri Sep 11 09:23:22 GMT+03:00 2026,11-sept.-2026 09:23:22.612,25.00623665022547,1.5666687682632905,51.2,260.1298586011876,0.95,3.1,10.85,-0.06,13.73,-0.07,-,20,42.52,35.16,75,-,27.45,1690.5,0.01,51.2,0.76,-,42,19,26.72,-,-,61.55,16.08,22.37,558,90.76,90,21.18,-
Fri Sep 11 09:23:23 GMT+03:00 2026,11-sept.-2026 09:23:23.438,25.19851393896176,1.7612740664393796,50.7,260.12985860079914,-1.33,1.56,8.74,0.04,15.29,0.05,-,20,42.61,35.16,74,19.3,50.98,1688.5,0.026,50.7,0.4,25.88,42,18.71,26.23,-,-,61.44,16.24,22.32,559,91.4,91,20.0,-
Fri Sep 11 09:23:24 GMT+03:00 2026,11-sept.-2026 09:23:24.403,25.006502779382203,1.7826062986844513,49.1,260.12985860024,-5.4,1.56,8.36,0.0,12.94,0.01,-,20,42.69,35.16,74,-,26.27,1680.0,0.008,49.1,1.54,-,42,18.85,26.28,-,-,61.33,16.39,22.28,560,91.54,90,21.57,-
Fri Sep 11 09:23:25 GMT+03:00 2026,11-sept.-2026 09:23:25.288,24.900708228622197,2.071115647581893,50.0,260.12985860096563,-1.35,3.66,9.28,-0.01,13.73,0.0,-,20,42.78,35.16,74,-,31.76,1657.75,0.014,50,1.29,-,42,19.29,26.36,-,-,61.21,16.54,22.24,561,90.29,89,15.29,-
Fri Sep 11 09:23:26 GMT+03:00 2026,11-sept.-2026 09:23:26.617,24.823214291517942,3.6097727355682423,51.8,260.129858601469,-0.37,2.82,8.25,-0.01,13.33,0.0,-,20,42.87,35.51,75,-,33.73,1659.75,0.015,51.8,0.64,-,42,19.14,26.26,-,-,61.1,16.7,22.2,562,89.64,89,23.53,-
Fri Sep 11 09:23:27 GMT+03:00 2026,11-sept.-2026 09:23:27.560,24.98777967614012,2.0352627606695166,51.9,260.1298586009104,1.67,5.29,10.52,0.01,14.51,0.0,-,20,42.95,35.16,74,17.97,49.02,1682.25,0.029,51.9,1.02,24.1,42,21.18,29.49,-,-,60.99,16.85,22.16,563,90.02,89,35.69,-
Fri Sep 11 09:23:28 GMT+03:00 2026,11-sept.-2026 09:23:28.696,25.409315752753947,2.572580782577813,49.8,260.1298586008016,2.04,3.27,10.13,-0.02,14.9,-0.04,-,20,43.04,35.16,75,28.49,64.71,1711.75,0.041,49.8,1.1,38.2,41,21.9,43.37,-,-,60.88,17,22.12,564,92.1,91,40.39,-
Fri Sep 11 09:23:29 GMT+03:00 2026,11-sept.-2026 09:23:29.778,25.53236359049829,2.5116057073980977,50.3,260.1298586009115,2.58,2.08,8.46,0.01,14.9,0.03,-,20,43.13,35.16,75,17.03,46.27,1719.5,0.028,50.3,0.53,22.84,41,23.35,33.55,-,-,60.77,17.15,22.08,565,91.47,92,45.88,-
Fri Sep 11 09:23:30 GMT+03:00 2026,11-sept.-2026 09:23:30.672,25.919759019694013,1.467024871977651,51.7,260.1298586012338,-3.2,0.58,8.99,0.05,15.29,0.05,-,20,43.22,35.16,75,27.99,63.53,1722.0,0.041,51.7,0.44,37.53,41,23.21,46.33,-,-,60.66,17.3,22.04,566,93.44,93,38.43,-
Fri Sep 11 09:23:31 GMT+03:00 2026,11-sept.-2026 09:23:31.317,26.023526837665628,3.168525608323348,50.2,260.12985860134205,-3.42,2.78,11.49,0.07,14.51,0.06,-,20,43.31,35.16,75,-,45.1,1747.75,0.028,50.2,0.34,-,41,21.03,30.77,-,-,60.55,17.45,22,567,93.66,94,30.2,-
Fri Sep 11 09:23:32 GMT+03:00 2026,11-sept.-2026 09:23:32.539,25.785267862246094,1.556114186834582,49.0,260.1298586010197,1.45,0.56,10.43,-0.01,13.73,-0.04,-,20,43.4,35.16,75,-,23.92,1729.0,0.006,49,0.31,-,41,20.6,29.68,-,-,60.44,17.6,21.96,568,92.69,93,20.0,-
Fri Sep 11 09:23:33 GMT+03:00 2026,11-sept.-2026 09:23:33.716,25.75455265129447,2.878448713326737,50.2,260.1298586003713,1.11,2.88,11.06,0.04,14.12,0.02,-,20,43.49,35.16,75,-,36.86,1729.0,0.02,50.2,0.4,-,41,19.58,28.19,-,-,60.33,17.75,21.92,569,92.6,93,18.82,-
Fri Sep 11 09:23:34 GMT+03:00 2026,11-sept.-2026 09:23:34.631,25.80316878438347,1.692725249925737,50.8,260.1298586002094,1.9,3.71,7.08,0.01,14.12,0.02,-,20,43.58,35.16,75,-,41.57,1732.0,0.024,50.8,0.85,-,41,19.14,27.58,-,-,60.22,17.9,21.88,570,92.15,93,23.53,-
Fri Sep 11 09:23:35 GMT+03:00 2026,11-sept.-2026 09:23:35.352,25.767543992256275,2.50342183964326,51.2,260.1298586011808,-2.27,1.79,10.12,0.03,13.73,0.0,-,20,43.67,35.16,75,-,36.08,1736.0,0.02,51.2,0.5,-,41,20.89,30.19,-,-,60.11,18.05,21.84,571,93.5,93,30.59,-
Fri Sep 11 09:23:36 GMT+03:00 2026,11-sept.-2026 09:23:36.331,26.03938302397909,2.6570659691871645,48.9,260.1298586018236,0.07,2.06,10.04,0.01,14.51,0.04,-,20,43.76,35.16,75,23.58,55.69,1739.75,0.036,48.9,0.09,31.62,41,20.6,41.38,-,-,60,18.2,21.8,572,94.09,94,26.67,-
Fri Sep 11 09:23:37 GMT+03:00 2026,11-sept.-2026 09:23:37.517,25.913907510493416,2.217852836549969,52.2,260.12985860155777,1.44,6.46,8.4,0.02,13.33,0.0,-,20,43.85,35.51,75,-,30.98,1732.5,0.014,52.2,1.2,-,41,20.16,29.05,-,-,59.89,18.35,21.76,573,94.2,93,25.88,-
Fri Sep 11 09:23:38 GMT+03:00 2026,11-sept.-2026 09:23:38.682,25.84053091587289,1.6619827091951702,50.3,260.1298586009116,-0.34,2.36,10.68,0.01,13.33,0.03,-,20,43.94,35.16,75,-,34.12,1726.0,0.017,50.3,0.56,-,41,19.73,28.31,-,-,59.78,18.49,21.72,574,92.44,93,16.08,-
Fri Sep 11 09:23:39 GMT+03:00 2026,11-sept.-2026 09:23:39.528,25.685048185976964,1.9555724604247944,50.6,260.12985860036576,0.12,3.21,12.29,-0.09,13.73,-0.1,-,20,44.02,34.81,75,-,29.02,1723.5,0.012,50.6,0.81,-,41,17.69,25.34,-,-,59.68,18.64,21.68,575,92.81,92,12.16,-
Fri Sep 11 09:23:40 GMT+03:00 2026,11-sept.-2026 09:23:40.432,25.39693117440107,2.8799441963200114,49.7,260.1298586014002,1.47,3.01,7.33,0.0,12.94,0.0,-,20,44.11,35.16,75,-,20.39,1711.5,0.002,49.7,1.12,-,41,19.58,27.88,-,-,59.57,18.78,21.65,576,90.88,92,25.49,-
Fri Sep 11 09:23:41 GMT+03:00 2026,11-sept.-2026 09:23:41.564,25.89012453127839,1.6367149782059065,50.5,260.12985860166054,-0.88,2.13,11.25,0.04,15.69,0.04,-,20,44.2,35.16,75,32.13,70.2,1720.5,0.042,-,0.15,43.09,41,20.89,41.57,-,-,59.46,18.93,21.61,577,93.15,93,36.86,-
Fri Sep 11 09:23:42 GMT+03:00 2026,11-sept.-2026 09:23:42.315,26.22595260556882,1.4073822982072663,51.6,260.1298586008064,0.65,3.52,9.76,0.01,14.9,0.02,-,20,44.29,35.16,75,26.43,59.61,1749.0,0.039,51.6,0.16,35.44,41,21.47,43.72,-,-,59.36,19.07,21.57,578,95.16,95,44.31,-
Fri Sep 11 09:23:43 GMT+03:00 2026,11-sept.-2026 09:23:43.298,26.246864285376887,2.1238135589736755,50.6,260.12985860059393,-4.25,1.47,9.11,0.0,14.51,0.0,-,20,44.38,35.16,75,-,40.0,1759.75,0.024,50.6,0.98,-,41,22.63,33.35,-,-,59.25,19.22,21.53,579,94.02,95,31.76,-
Fri Sep 11 09:23:44 GMT+03:00 2026,11-sept.-2026 09:23:44.494,26.21507001737149,1.548163683863962,51.6,260.1298586005937,4.64,3.51,8.29,-0.03,14.12,-0.04,-,20,44.46,35.16,76,-,36.86,1744.25,0.021,51.6,0.4,-,40,21.18,30.89,-,-,59.15,19.36,21.49,580,94.6,95,23.92,-
Fri Sep 11 09:23:45 GMT+03:00 2026,11-sept.-2026 09:23:45.623,26.21717884513181,2.4938147456566124,52.6,260.1298586002143,-0.58,0.84,9.25,-0.01,14.12,-0.04,-,20,44.55,34.81,75,-,39.22,1743.0,0.023,52.6,0.13,-,40,18.71,27.23,-,-,59.04,19.5,21.45,581,93.87,94,16.08,-
Fri Sep 11 09:23:46 GMT+03:00 2026,11-sept.-2026 09:23:46.457,25.68930070928506,2.748507077608358,51.3,260.12985860112764,-0.68,2.39,11.3,0.0,12.55,0.0,-,20,44.64,34.81,75,-,12.16,1736.5,0.0,51.3,0.32,-,41,19.29,38.85,-,-,58.94,19.65,21.42,582,92.32,92,21.57,-
Fri Sep 11 09:23:47 GMT+03:00 2026,11-sept.-2026 09:23:47.362,25.897867539957588,2.817677018320364,53.1,260.1298586016136,2.61,2.11,11.55,0.02,15.29,0.03,-,20,44.72,35.51,76,20.87,52.16,1715.75,0.027,53.1,0.21,27.98,41,18.56,26.64,-,-,58.83,19.79,21.38,583,93.21,93,16.86,-
Fri Sep 11 09:23:48 GMT+03:00 2026,11-sept.-2026 09:23:48.710,25.697510012418167,2.3632060230778418,51.5,260.3453914224633,0.87,1.6,8.03,-0.04,12.55,-0.02,-,20,44.81,35.16,76,-,26.27,1720.25,0.009,51.5,0.08,-,40,19.44,27.92,-,-,58.73,19.93,21.34,584,92.08,92,30.98,-
Fri Sep 11 09:23:49 GMT+03:00 2026,11-sept.-2026 09:23:49.482,25.96544010107367,2.098834372984392,52.6,264.0185430756783,0.88,1.48,10.2,0.05,14.51,0.03,-,20,44.89,35.16,76,23.32,55.69,1729.75,0.036,52.6,0.99,31.27,40,20.02,40.12,-,-,58.63,20.07,21.3,585,93.99,93,20.39,-
Fri Sep 11 09:23:50 GMT+03:00 2026,11-sept.-2026 09:23:50.662,25.72311198510457,1.90130818838004,52.3,267.5093327824004,2.02,3.23,10.26,-0.04,13.73,-0.04,-,20,44.98,35.16,76,-,23.53,1704.5,0.006,52.3,2.67,-,40,18.27,26.07,-,-,58.52,20.21,21.27,586,94.67,92,19.22,-
Fri Sep 11 09:23:51 GMT+03:00 2026,11-sept.-2026 09:23:51.449,25.475473979912376,1.7418724367418903,52.3,267.50933278200046,-2.13,1.81,9.72,0.0,13.33,0.0,-,20,45.06,35.16,75,-,23.14,1688.0,0.005,52.3,1.28,-,40,19.58,27.48,-,-,58.42,20.35,21.23,587,93.28,92,16.08,-
Fri Sep 11 09:23:52 GMT+03:00 2026,11-sept.-2026 09:23:52.678,25.615641481852105,1.8659861195296856,52.6,267.5093327812868,-0.64,-0.17,10.14,0.04,14.51,0.0,-,20,45.14,35.16,76,17.8,47.84,1705.75,0.028,52.6,0.39,23.87,40,19.44,27.67,-,-,58.32,20.49,21.19,588,91.61,92,27.45,-
Fri Sep 11 09:23:53 GMT+03:00 2026,11-sept.-2026 09:23:53.732,25.8599039744868,1.570674497675916,53.1,267.509332781726,-1.51,2.85,10.31,0.09,14.51,0.09,-,20,45.23,35.16,75,22.23,54.12,1729.25,0.028,53.1,1.3,29.81,40,19.58,28.24,-,-,58.22,20.63,21.15,589,94.3,93,28.24,-
Fri Sep 11 09:23:54 GMT+03:00 2026,11-sept.-2026 09:23:54.507,25.640776173656327,2.1503637037528613,52.3,267.5093327824007,-1.9,3.98,10.28,-0.02,13.33,-0.03,-,20,45.31,35.16,76,-,25.1,1715.5,0.007,52.3,1.0,-,40,20.02,28.76,-,-,58.12,20.77,21.12,590,94.0,93,21.96,-
Fri Sep 11 09:23:55 GMT+03:00 2026,11-sept.-2026 09:23:55.492,25.52486557033069,1.7182362616782931,53.3,267.5093327817651,2.05,0.25,10.38,0.03,13.73,0.06,-,20,45.39,34.81,76,-,31.37,1711.75,0.014,53.3,0.87,-,40,19.44,27.81,-,-,58.01,20.91,21.08,591,91.13,92,15.29,-
Fri Sep 11 09:23:56 GMT+03:00 2026,11-sept.-2026 09:23:56.492,25.47796805709132,2.9334689911827905,53.2,267.5093327815593,1.8,-0.3,8.75,0.02,14.12,0.03,-,20,45.47,35.51,75,-,35.69,1702.0,0.018,53.2,0.08,-,40,19.58,27.81,-,-,57.91,21.04,21.04,592,92.08,92,26.67,-
Fri Sep 11 09:23:57 GMT+03:00 2026,11-sept.-2026 09:23:57.543,25.76712318428247,2.1957996395949086,53.2,267.5093327826728,-3.07,1.73,8.76,0.06,14.9,0.06,-,20,45.55,35.16,76,23.87,56.08,1741.75,0.036,53.2,0.36,32,39,20.16,40.82,-,-,57.81,21.18,21.01,593,93.36,93,27.45,-
Fri Sep 11 09:23:58 GMT+03:00 2026,11-sept.-2026 09:23:58.742,25.690417150736568,1.8689400805447207,53.7,267.50933278293013,-0.12,0.55,10.76,-0.01,14.51,-0.03,-,20,45.63,35.16,76,-,33.73,1726.25,0.017,53.7,1.69,-,40,21.32,30.86,-,-,57.71,21.32,20.97,594,91.31,93,34.9,-
Fri Sep 11 09:23:59 GMT+03:00 2026,11-sept.-2026 09:23:59.425,25.95118715563905,1.653581991916966,53.0,267.50933278108164,1.5,1.78,10.13,0.05,14.12,0.02,-,-,45.72,35.51,-,23.01,54.9,1735.25,0.029,53,0.68,30.86,-,-,-,-,-,57.61,21.45,20.93,595,93.32,94,20.78,-
Fri Sep 11 09:24:00 GMT+03:00 2026,11-sept.-2026 09:24:00.547,25.56253367831965,2.100208137483187,52.4,267.50933278152803,-0.04,2.84,11.0,-0.02,12.94,-0.03,-,20,45.8,35.16,76,-,12.94,1708.5,0.0,52.4,0.34,-,40,17.98,35.71,-,-,57.51,21.59,20.9,596,92.34,92,15.69,-
Fri Sep 11 09:24:01 GMT+03:00 2026,11-sept.-2026 09:24:01.751,25.25219603717583,2.719872591130432,52.0,267.50933278274056,1.01,1.73,10.63,-0.04,13.33,-0.04,-,20,45.87,35.16,76,-,20.39,1702.75,0.002,52,1.42,-,40,18.56,26.39,-,-,57.41,21.72,20.86,597,89.58,91,11.76,-
Fri Sep 11 09:24:02 GMT+03:00 2026,11-sept.-2026 09:24:02.667,25.34246060018429,2.431869766218407,52.6,267.50933278207,-0.5,2.57,8.3,-0.01,14.12,0.01,-,20,45.95,35.16,76,-,44.31,1703.5,0.026,52.6,0.04,-,40,18.27,26.07,-,-,57.31,21.86,20.83,598,91.04,91,23.53,-
Fri Sep 11 09:24:03 GMT+03:00 2026,11-sept.-2026 09:24:03.522,25.525875061918367,1.945455386416722,53.4,267.50933278097455,-1.09,1.07,9.93,0.03,14.51,0.05,-,20,46.03,35.51,76,19.38,50.2,1708.75,0.028,53.4,0.16,25.99,40,19.29,27.62,-,-,57.22,21.99,20.79,599,91.84,92,27.84,-
Fri Sep 11 09:24:04 GMT+03:00 2026,11-sept.-2026 09:24:04.789,25.41249436870844,2.335640046741051,53.2,267.50933278183527,2.53,3.35,9.84,-0.03,13.33,-0.06,-,20,46.11,35.16,76,-,31.37,1703.25,0.014,53.2,0.24,-,40,22.05,31.43,-,-,57.12,22.13,20.75,600,90.76,91,38.04,-
Fri Sep 11 09:24:05 GMT+03:00 2026,11-sept.-2026 09:24:05.374,25.93645886054945,2.190469526055385,54.1,267.50933278294406,0.15,3.21,9.25,0.03,15.69,0.01,-,20,46.19,35.51,76,33.44,70.98,1738.75,0.043,54.1,0.3,44.84,39,20.89,42.26,-,-,57.02,22.26,20.72,601,93.3,93,27.84,-
Fri Sep 11 09:24:06 GMT+03:00 2026,11-sept.-2026 09:24:06.294,25.69138098741601,1.4003692671245629,52.4,267.5093327816821,0.73,2.4,10.19,0.01,12.55,-0.03,-,20,46.27,35.16,76,-,23.53,1725.5,0.005,52.4,0.72,-,39,19.14,27.61,-,-,56.92,22.39,20.68,602,92.28,93,23.92,-
Fri Sep 11 09:24:07 GMT+03:00 2026,11-sept.-2026 09:24:07.776,25.32287097910824,2.1227245732882496,53.1,267.5093327813444,-0.2,4.63,9.82,-0.08,12.94,-0.05,-,20,46.35,35.16,77,-,20.39,1695.25,0.002,53.1,0.42,-,39,19.29,27.25,-,-,56.83,22.53,20.65,603,91.42,91,9.8,-
Fri Sep 11 09:24:08 GMT+03:00 2026,11-sept.-2026 09:24:08.788,25.25202829236762,1.8450197591765087,53.5,267.50933278211204,-2.17,2.09,9.02,0.07,13.33,0.06,-,20,46.42,35.16,76,-,33.73,1707.75,0.017,53.5,1.58,-,39,18.42,26.29,-,-,56.73,22.66,20.61,604,89.42,91,20.78,-
Fri Sep 11 09:24:09 GMT+03:00 2026,11-sept.-2026 09:24:09.432,25.476140031934985,2.107754873477445,54.2,267.5093327825321,-0.19,2.38,7.72,0.11,14.9,0.13,-,20,46.5,35.16,76,20.9,52.94,1700.25,0.026,54.2,0.78,28.03,39,17.84,25.46,-,-,56.63,22.79,20.58,605,91.22,92,20.0,-
Fri Sep 11 09:24:10 GMT+03:00 2026,11-sept.-2026 09:24:10.721,25.034949901923717,2.1304811117833333,53.7,267.5093327822111,0.22,2.09,8.27,-0.01,13.73,-0.01,-,20,46.57,35.16,76,-,12.94,1671.5,0.0,53.7,1.23,-,39,20.02,38.79,-,-,56.54,22.92,20.54,606,92.23,91,29.02,-
Fri Sep 11 09:24:11 GMT+03:00 2026,11-sept.-2026 09:24:11.402,25.33805167552495,1.461221908191038,52.1,267.5093327816089,0.93,2.19,11.48,0.07,15.69,0.04,-,20,46.65,35.16,77,23.78,58.04,1693.75,0.036,52.1,0.04,31.89,39,19.44,38.3,-,-,56.44,23.05,20.51,607,91.04,91,18.43,-
Fri Sep 11 09:24:12 GMT+03:00 2026,11-sept.-2026 09:24:12.249,25.12216424136617,3.229899625840873,54.7,267.50933278152627,3.5,2.88,8.21,-0.07,13.73,-0.04,-,20,46.72,35.16,76,-,24.71,1686.5,0.007,54.7,0.59,-,39,19.87,28.04,-,-,56.35,23.18,20.47,608,89.41,90,34.9,-
Fri Sep 11 09:24:13 GMT+03:00 2026,11-sept.-2026 09:24:13.576,25.493058162822013,1.5962813818487047,53.6,267.5093327824872,0.45,1.93,9.17,0.04,15.29,0.08,-,20,46.8,35.16,76,26.65,61.96,1707.75,0.039,53.6,1.87,35.74,39,20.6,40.95,-,-,56.25,23.31,20.44,609,92.87,91,23.53,-
Fri Sep 11 09:24:14 GMT+03:00 2026,11-sept.-2026 09:24:14.431,25.30792232322009,2.1531020616047467,54.2,267.50933278160846,-2.08,1.53,10.2,-0.07,13.33,-0.09,-,20,46.87,35.16,77,-,27.06,1698.25,0.009,54.2,1.24,-,39,18.85,26.77,-,-,56.16,23.44,20.4,610,92.24,91,23.53,-
Fri Sep 11 09:24:15 GMT+03:00 2026,11-sept.-2026 09:24:15.745,25.090419218435667,2.844651559499526,53.0,267.50933278135307,1.22,1.92,10.14,0.06,13.73,0.06,-,20,46.95,35.16,76,-,24.71,1673.5,0.007,53,0.58,-,39,19.58,27.28,-,-,56.06,23.57,20.37,611,90.58,90,13.73,-
Fri Sep 11 09:24:16 GMT+03:00 2026,11-sept.-2026 09:24:16.571,25.050982018550897,2.610899275775928,55.6,267.5093327831141,-0.95,0.55,8.75,-0.05,13.73,-0.06,-,20,47.02,35.16,76,-,36.08,1673.25,0.018,55.6,0.61,-,39,18.42,25.78,-,-,55.97,23.7,20.34,612,89.39,90,18.43,-
Fri Sep 11 09:24:17 GMT+03:00 2026,11-sept.-2026 09:24:17.477,25.07383209558153,1.9091433200276693,54.5,267.50933278212915,-1.37,3.53,10.89,-0.02,14.12,0.02,-,20,47.09,35.16,77,-,40.39,1667.25,0.022,54.5,1.2,-,39,17.69,24.69,-,-,55.87,23.83,20.3,613,91.2,90,16.08,-
Fri Sep 11 09:24:18 GMT+03:00 2026,11-sept.-2026 09:24:18.482,24.604352975355617,2.851129613791626,55.5,267.50933278122653,1.73,3.59,8.11,-0.02,12.16,-0.04,-,20,47.16,34.81,77,-,12.16,1645.5,0.0,55.5,0.1,-,39,18.56,35.39,-,-,55.78,23.95,20.27,614,88.1,88,17.25,-
Fri Sep 11 09:24:19 GMT+03:00 2026,11-sept.-2026 09:24:19.283,24.6066414060183,1.689272819240911,56.1,267.50933278161585,-0.18,3.98,8.76,-0.03,14.12,-0.03,-,20,47.23,35.16,76,-,39.22,1631.5,0.02,56.1,0.88,-,39,19.44,26.48,-,-,55.69,24.08,20.23,615,87.12,88,22.75,-
Fri Sep 11 09:24:20 GMT+03:00 2026,11-sept.-2026 09:24:20.322,24.854723481074508,1.640577300407975,55.9,267.5093327821869,-0.2,0.28,9.64,0.03,14.51,0.04,-,20,47.3,35.16,76,20.98,54.51,1664.0,0.026,55.9,1.07,28.13,39,18.56,25.76,-,-,55.59,24.21,20.2,616,88.93,90,24.71,-
Fri Sep 11 09:24:21 GMT+03:00 2026,11-sept.-2026 09:24:21.657,24.63374717311605,1.5478925961949015,53.9,267.5093327826286,-0.25,5.55,9.07,0.05,13.73,0.04,-,20,47.37,35.16,77,-,24.31,1650.25,0.006,53.9,0.28,-,39,20.74,28.63,-,-,55.5,24.33,20.17,617,88.72,89,31.37,-
Fri Sep 11 09:24:22 GMT+03:00 2026,11-sept.-2026 09:24:22.465,24.905783011699725,2.2610085066658145,53.7,267.50933278193025,-0.71,0.66,10.35,0.03,14.51,0.01,-,20,47.44,35.51,77,21.96,56.47,1660.5,0.033,53.7,1.69,29.45,39,20.74,39.81,-,-,55.41,24.46,20.13,618,88.31,90,24.71,-
Fri Sep 11 09:24:23 GMT+03:00 2026,11-sept.-2026 09:24:23.568,24.880832638745435,2.6191163789567646,55.0,267.50933278175864,0.46,1.46,8.25,-0.02,14.12,-0.04,-,20,47.51,34.81,77,-,36.86,1678.75,0.019,55,0.29,-,39,18.71,26.28,-,-,55.32,24.58,20.1,619,89.29,89,23.14,-
Fri Sep 11 09:24:24 GMT+03:00 2026,11-sept.-2026 09:24:24.792,24.58380068015554,2.2676592383888265,54.6,267.5093327822613,-0.58,2.23,10.27,0.01,12.16,0.0,-,20,47.58,34.81,76,-,20.39,1650.75,0.002,54.6,2.05,-,39,18.71,25.81,-,-,55.22,24.71,20.07,620,90.05,88,11.37,-
Fri Sep 11 09:24:25 GMT+03:00 2026,11-sept.-2026 09:24:25.563,24.372128644559325,2.315268603238975,55.6,267.5093327821029,0.92,1.18,9.12,0.01,12.94,0.02,-,20,47.64,35.16,76,-,24.71,1641.0,0.006,55.6,1.57,-,39,18.27,24.91,-,-,55.13,24.83,20.03,621,86.43,88,14.9,-
Fri Sep 11 09:24:26 GMT+03:00 2026,11-sept.-2026 09:24:26.608,24.4769023423587,1.500706383514046,55.1,267.5093327816543,-1.09,0.82,10.18,0.0,14.12,0.01,-,20,47.71,35.16,77,-,45.49,1638.75,0.024,55.1,0.24,-,39,17.69,24.06,-,-,55.04,24.96,20,622,88.24,88,17.25,-
Fri Sep 11 09:24:27 GMT+03:00 2026,11-sept.-2026 09:24:27.431,24.29726803755095,2.5584368321060498,54.6,267.5093327817988,0.16,0.46,9.78,0.04,14.12,0.05,-,20,47.78,35.16,77,-,26.67,1613.25,0.008,54.6,0.15,-,39,19.14,25.61,-,-,54.95,25.08,19.97,623,86.85,87,24.71,-
Fri Sep 11 09:24:28 GMT+03:00 2026,11-sept.-2026 09:24:28.501,24.39919727797597,1.7148076575628586,54.0,267.5093327829848,-1.01,-1.06,7.48,0.04,14.12,0.06,-,20,47.84,35.16,77,-,45.1,1636.75,0.025,54,0.4,-,39,20.16,27.42,-,-,54.86,25.21,19.93,624,88.4,88,23.53,-
Fri Sep 11 09:24:29 GMT+03:00 2026,11-sept.-2026 09:24:29.462,24.454823670952788,2.003536858106117,56.1,267.5093327820017,1.81,0.61,9.09,0.03,14.12,0.01,-,20,47.91,35.16,77,-,42.35,1629.75,0.022,56.1,0.88,-,40,19.58,26.56,-,-,54.77,25.33,19.9,625,88.88,88,26.67,-
Fri Sep 11 09:24:30 GMT+03:00 2026,11-sept.-2026 09:24:30.445,24.41014185188804,2.3454714283887217,54.6,267.5093327809228,0.45,2.04,7.93,-0.06,13.73,-0.09,-,20,47.97,34.81,77,-,35.69,1635.5,0.017,54.6,1.12,-,40,19,25.71,-,-,54.68,25.45,19.87,626,89.12,88,16.86,-
Fri Sep 11 09:24:31 GMT+03:00 2026,11-sept.-2026 09:24:31.282,24.01589566616746,1.4609469164877562,55.6,267.5093327823675,-0.73,1.3,9.59,0.0,12.94,0.02,-,20,48.04,35.16,77,-,9.41,1593.75,0.0,55.6,1.59,-,40,19.58,35.72,-,-,54.59,25.57,19.84,627,87.59,86,22.35,-
Fri Sep 11 09:24:32 GMT+03:00 2026,11-sept.-2026 09:24:32.393,24.297565892150786,1.5358630305993737,54.2,267.50933278241035,1.35,2.27,10.84,0.0,15.69,-0.05,-,20,48.1,35.16,78,21.48,57.65,1619.5,0.032,54.2,1.51,28.8,40,18.71,34.8,-,-,54.5,25.7,19.8,628,86.49,88,19.61,-
Fri Sep 11 09:24:33 GMT+03:00 2026,11-sept.-2026 09:24:33.403,24.124918544548184,2.735713297732314,56.2,267.5093327818706,1.16,2.18,10.3,-0.02,12.94,-0.05,-,20,48.17,35.51,77,-,27.06,1608.25,0.008,56.2,0.49,-,40,19.29,25.69,-,-,54.41,25.82,19.77,629,87.49,87,30.59,-
Fri Sep 11 09:24:34 GMT+03:00 2026,11-sept.-2026 09:24:34.450,24.26358405623876,1.8786774196344165,54.8,267.5093327821911,-3.37,4.8,8.9,-0.03,14.12,-0.04,-,20,48.23,35.16,77,16.12,48.24,1616.25,0.026,54.8,0.95,21.62,40,20.6,27.69,-,-,54.32,25.94,19.74,630,87.95,87,23.53,-
Fri Sep 11 09:24:35 GMT+03:00 2026,11-sept.-2026 09:24:35.776,24.26512944529625,2.0340916542728222,55.6,267.50933278152314,-0.04,2.79,9.6,-0.02,14.12,-0.02,-,20,48.29,35.16,77,-,38.82,1615.5,0.019,55.6,1.15,-,40,20.31,27.14,-,-,54.23,26.06,19.71,631,86.85,88,31.37,-
Fri Sep 11 09:24:36 GMT+03:00 2026,11-sept.-2026 09:24:36.295,24.423386376866,2.112745909195564,56.8,267.5093327815953,-1.59,0.48,8.44,0.06,14.12,0.05,-,20,48.36,35.51,77,17.04,48.63,1650.25,0.027,56.8,0.03,22.85,40,20.02,27.57,-,-,54.15,26.18,19.67,632,86.97,87,22.75,-
Fri Sep 11 09:24:37 GMT+03:00 2026,11-sept.-2026 09:24:37.478,24.212607069761173,2.14339814750598,57.0,267.5093327823228,0.09,-0.5,8.58,0.0,13.73,-0.01,-,20,48.42,35.16,77,-,24.31,1636.0,0.006,57,0.02,-,40,19.58,26.66,-,-,54.06,26.3,19.64,633,86.98,87,22.35,-
Fri Sep 11 09:24:38 GMT+03:00 2026,11-sept.-2026 09:24:38.769,24.211584798593435,2.443509013703878,54.8,267.5093327824522,-0.91,1.26,9.05,0.03,14.12,0.04,-,20,48.48,35.16,77,-,38.82,1610.5,0.019,54.8,0.9,-,40,20.31,27.02,-,-,53.97,26.42,19.61,634,87.9,87,23.53,-
Fri Sep 11 09:24:39 GMT+03:00 2026,11-sept.-2026 09:24:39.472,24.40549888332569,1.4978865547796312,56.4,267.50933278243247,-1.29,2.72,9.35,-0.01,14.9,0.0,-,20,48.55,35.16,77,18.35,51.37,1634.5,0.028,56.4,0.63,24.61,40,20.89,28.26,-,-,53.88,26.54,19.58,635,88.63,88,37.25,-
Fri Sep 11 09:24:40 GMT+03:00 2026,11-sept.-2026 09:24:40.789,24.75969961431576,1.5985003557315156,57.1,267.50933278127496,-0.87,3.07,11.29,0.04,14.51,0.02,-,20,48.61,35.16,77,24.87,60.78,1672.0,0.037,57.1,0.53,33.35,40,21.9,42.41,-,-,53.8,26.66,19.55,636,88.47,89,38.82,-
Fri Sep 11 09:24:41 GMT+03:00 2026,11-sept.-2026 09:24:41.631,24.832358480689148,2.1356304430392496,55.4,267.50933278146186,1.4,1.98,8.89,-0.03,14.51,-0.02,-,20,48.68,35.16,78,-,43.53,1657.5,0.024,55.4,1.41,-,40,22.19,30.68,-,-,53.71,26.77,19.52,637,91.41,90,36.47,-
Fri Sep 11 09:24:42 GMT+03:00 2026,11-sept.-2026 09:24:42.591,24.92775845326469,2.333978181287152,54.4,267.50933278243184,0.93,5.32,9.49,-0.01,14.9,0.01,-,20,48.74,35.16,77,-,44.71,1674.0,0.025,54.4,1.03,-,40,20.16,28.15,-,-,53.62,26.89,19.48,638,90.03,89,20.39,-
Fri Sep 11 09:24:43 GMT+03:00 2026,11-sept.-2026 09:24:43.729,24.305968769287688,1.4627101358769614,57.0,267.50933278226466,-0.41,1.85,10.45,0.02,13.33,0.02,-,20,48.81,34.81,78,-,9.8,1621.25,0.0,57,0.69,-,40,18.27,34.03,-,-,53.54,27.01,19.45,639,86.31,87,13.33,-
Fri Sep 11 09:24:44 GMT+03:00 2026,11-sept.-2026 09:24:44.243,24.08691747989356,1.9328667483469395,55.5,267.5093327815196,0.37,3.4,8.65,-0.04,13.73,-0.03,-,20,48.87,35.16,77,-,23.92,1599.5,0.005,55.5,0.35,-,40,18.42,24.31,-,-,53.45,27.13,19.42,640,87.35,87,14.12,-
Fri Sep 11 09:24:45 GMT+03:00 2026,11-sept.-2026 09:24:45.777,24.215187429230586,2.0674957692885783,56.5,267.50933278185653,0.79,0.11,8.91,-0.06,13.73,-0.03,-,20,48.93,35.16,77,15.68,46.67,1639.25,0.025,56.5,1.39,21.03,40,18.56,25.27,-,-,53.37,27.24,19.39,641,89.39,88,25.49,-
Fri Sep 11 09:24:46 GMT+03:00 2026,11-sept.-2026 09:24:46.386,24.378319810041965,2.19558136569628,55.3,267.509332782437,-0.4,4.9,8.91,0.01,14.51,0.02,-,20,48.99,35.16,78,17.17,49.02,1637.5,0.027,55.3,0.39,23.03,40,19.73,26.8,-,-,53.28,27.36,19.36,642,87.39,87,29.02,-
Fri Sep 11 09:24:47 GMT+03:00 2026,11-sept.-2026 09:24:47.359,24.30590340616022,2.0601681461595467,58.0,267.50933278119805,1.56,2.81,10.08,-0.04,14.12,-0.04,-,20,49.05,35.16,78,-,33.73,1641.25,0.015,58,1.39,-,40,19.44,26.47,-,-,53.19,27.48,19.33,643,86.61,88,19.22,-
Fri Sep 11 09:24:48 GMT+03:00 2026,11-sept.-2026 09:24:48.701,24.008786327311476,2.724188784098347,57.0,267.50933278150313,0.96,1.29,10.04,0.03,13.73,0.05,-,20,49.11,34.81,78,-,20.39,1623.75,0.002,57,0.92,-,40,19.29,26.01,-,-,53.11,27.59,19.3,644,87.92,87,17.65,-
Fri Sep 11 09:24:49 GMT+03:00 2026,11-sept.-2026 09:24:49.317,24.108643114706695,2.4684237051956046,57.9,267.50933278271987,-1.49,2.16,9.99,0.0,14.12,0.0,-,20,49.17,35.16,78,-,44.71,1630.5,0.024,57.9,0.74,-,40,18.85,25.41,-,-,53.03,27.71,19.27,645,86.26,87,19.61,-
Fri Sep 11 09:24:50 GMT+03:00 2026,11-sept.-2026 09:24:50.707,24.10659140177489,1.682454918337679,56.5,267.50933278212,-2.93,3.65,10.5,0.01,13.73,0.02,-,20,49.23,35.16,78,-,38.82,1606.5,0.019,56.5,0.08,-,40,18.13,24.08,-,-,52.94,27.82,19.24,646,87.08,87,20.39,-
Fri Sep 11 09:24:51 GMT+03:00 2026,11-sept.-2026 09:24:51.466,23.87406346649265,1.8828664747428263,57.6,267.50933278189905,1.15,1.86,11.29,-0.01,13.33,-0.01,-,20,49.29,35.16,78,-,22.75,1596.0,0.004,57.6,0.63,-,41,19.73,25.97,-,-,52.86,27.94,19.21,647,85.37,86,21.57,-
Fri Sep 11 09:24:52 GMT+03:00 2026,11-sept.-2026 09:24:52.409,24.009588240486543,1.6004791561167702,58.1,267.5093327820317,2.15,2.39,7.13,-0.02,14.12,0.0,-,20,49.35,35.16,78,15.72,47.06,1622.5,0.026,58.1,0.52,21.08,40,19.14,25.63,-,-,52.77,28.05,19.18,648,86.48,87,19.22,-
Fri Sep 11 09:24:53 GMT+03:00 2026,11-sept.-2026 09:24:53.644,23.924500187800877,2.2670275969879112,57.5,267.509332782164,-2.66,2.51,9.13,0.01,13.73,0.01,-,20,49.41,35.16,78,-,32.94,1601.5,0.014,57.5,1.26,-,40,19.58,25.96,-,-,52.69,28.16,19.15,649,87.26,86,29.02,-
Fri Sep 11 09:24:54 GMT+03:00 2026,11-sept.-2026 09:24:54.517,24.091172221541356,1.6703085210673532,57.7,267.50933278159164,-1.76,0.65,11.36,0.06,14.9,0.06,-,20,49.47,35.16,78,16.96,49.41,1626.25,0.027,57.7,0.26,22.74,40,20.6,27.68,-,-,52.61,28.28,19.12,650,85.74,86,25.49,-
Fri Sep 11 09:24:55 GMT+03:00 2026,11-sept.-2026 09:24:55.720,24.08546707402208,1.458649283964783,57.7,267.50933278158953,1.34,2.66,9.47,-0.01,14.12,-0.03,-,20,49.53,35.16,78,-,38.04,1613.5,0.018,57.7,0.68,-,40,19,25.42,-,-,52.52,28.39,19.09,651,86.32,87,21.18,-
Fri Sep 11 09:24:56 GMT+03:00 2026,11-sept.-2026 09:24:56.476,23.826549834340906,2.090665923048178,57.7,267.5093327824151,-0.19,3.67,8.63,-0.02,13.33,0.01,-,20,49.58,35.16,78,-,21.18,1589.75,0.002,57.7,0.23,-,40,20.16,26.47,-,-,52.44,28.5,19.06,652,84.77,85,23.92,-
Fri Sep 11 09:24:57 GMT+03:00 2026,11-sept.-2026 09:24:57.767,24.082004833872205,1.948717765386713,56.3,267.5093327821766,-3.37,1.8,8.69,0.11,14.9,0.11,-,20,49.64,35.16,78,20.22,55.69,1614.0,0.031,56.3,1.59,27.11,40,20.74,38.44,-,-,52.36,28.62,19.03,653,85.41,87,32.55,-
Fri Sep 11 09:24:58 GMT+03:00 2026,11-sept.-2026 09:24:58.491,24.426458720434645,2.856470791841724,57.7,267.50933278243656,-0.9,1.78,8.49,0.01,14.9,0.03,-,20,49.7,35.16,78,24,61.57,1633.0,0.035,57.7,0.08,32.19,40,20.31,38.17,-,-,52.28,28.73,19,654,88.08,88,36.08,-
Fri Sep 11 09:24:59 GMT+03:00 2026,11-sept.-2026 09:24:59.729,24.30909416181722,2.1684171213509247,56.5,267.50933278265194,1.43,1.6,10.75,-0.04,13.73,-0.02,-,20,49.76,35.16,78,-,30.98,1622.75,0.012,56.5,0.22,-,41,22.19,29.88,-,-,52.19,28.84,18.97,655,88.22,88,36.08,-
Fri Sep 11 09:25:00 GMT+03:00 2026,11-sept.-2026 09:25:00.738,24.56819756184249,1.974228970758819,58.3,267.50933278108425,-3.06,1.5,8.01,0.02,14.9,0.06,-,20,49.82,35.16,78,21.01,56.08,1634.5,0.032,58.3,0.08,28.17,41,21.9,41.19,-,-,52.11,28.95,18.94,656,87.92,88,30.98,-
Fri Sep 11 09:25:01 GMT+03:00 2026,11-sept.-2026 09:25:01.272,24.71085884359121,1.620620820354583,58.2,267.50933278149813,-2.45,1.86,8.95,0.04,14.12,0.05,-,20,49.88,34.81,78,16.8,47.45,1662.25,0.027,58.2,0.58,22.53,41,19.73,27.14,-,-,52.03,29.06,18.91,657,88.42,89,27.06,-
Fri Sep 11 09:25:02 GMT+03:00 2026,11-sept.-2026 09:25:02.574,24.389647502645605,2.050333419795081,57.6,267.50933278214615,-1.0,2.86,9.55,-0.05,12.94,-0.05,-,20,49.94,35.16,78,-,20.39,1642.25,0.002,57.6,0.92,-,41,20.45,27.9,-,-,51.95,29.17,18.88,658,88.92,88,23.53,-
Fri Sep 11 09:25:03 GMT+03:00 2026,11-sept.-2026 09:25:03.782,24.509257819416348,2.248549581009563,57.1,267.5093327817288,2.58,2.95,11.18,0.0,14.12,-0.01,-,20,50.0,34.81,78,-,46.67,1637.0,0.026,57.1,0.31,-,41,20.31,27.47,-,-,51.87,29.28,18.85,659,88.31,88,24.71,-
Fri Sep 11 09:25:04 GMT+03:00 2026,11-sept.-2026 09:25:04.779,24.697230950457698,2.038326455996051,57.6,267.5093327826895,-2.84,1.69,10.61,-0.02,14.51,-0.02,-,20,50.06,35.51,78,18.49,50.59,1658.25,0.027,57.6,0.9,24.8,41,19.29,26.63,-,-,51.79,29.39,18.82,660,88.1,89,28.63,-
Fri Sep 11 09:25:05 GMT+03:00 2026,11-sept.-2026 09:25:05.302,24.57506445677671,1.7784187792579762,59.1,267.50933278208703,-2.49,1.21,10.7,0.01,13.73,-0.01,-,20,50.12,35.16,79,-,30.59,1649.5,0.012,59.1,0.92,-,41,21.47,29.36,-,-,51.71,29.5,18.79,661,87.08,88,32.94,-
Fri Sep 11 09:25:06 GMT+03:00 2026,11-sept.-2026 09:25:06.683,24.880599782138464,1.4339552199470638,58.5,267.5093327811599,0.48,4.84,10.45,0.0,14.51,0.06,-,20,50.18,35.16,78,23.2,58.04,1669.75,0.035,58.5,0.93,31.11,41,20.16,38.77,-,-,51.63,29.61,18.76,662,89.07,90,22.75,-
Fri Sep 11 09:25:07 GMT+03:00 2026,11-sept.-2026 09:25:07.277,24.64121740923167,1.794187752684917,57.5,267.50933278116827,1.7,2.4,9.65,0.02,12.55,0.04,-,20,50.24,35.16,78,-,23.14,1649.75,0.005,57.5,0.23,-,41,19.14,26.1,-,-,51.55,29.72,18.73,663,88.77,89,22.75,-
Fri Sep 11 09:25:08 GMT+03:00 2026,11-sept.-2026 09:25:08.402,24.51954207463698,1.4881683484899284,59.4,267.50933278208765,1.15,4.33,8.97,-0.04,12.94,-0.06,-,20,50.3,35.16,78,-,30.59,1643.25,0.012,59.4,1.53,-,41,20.02,27.32,-,-,51.47,29.83,18.7,664,87.47,89,19.22,-
Fri Sep 11 09:25:09 GMT+03:00 2026,11-sept.-2026 09:25:09.562,24.686995963301147,1.6234381467826862,58.7,267.50933278255764,-1.64,3.49,9.34,0.0,14.9,0.0,-,20,50.36,35.16,79,17.71,49.41,1661.25,0.027,58.7,0.57,23.74,41,19.58,26.94,-,-,51.39,29.94,18.67,665,88.43,89,28.24,-
Fri Sep 11 09:25:10 GMT+03:00 2026,11-sept.-2026 09:25:10.354,24.82645841873227,1.5571091325137552,58.9,267.5093327822988,1.98,2.8,9.77,0.03,14.51,0.05,-,20,50.42,35.16,79,16.82,47.06,1683.0,0.027,58.9,0.72,22.55,41,21.03,29.49,-,-,51.31,30.05,18.64,666,88.28,89,35.29,-
Fri Sep 11 09:25:11 GMT+03:00 2026,11-sept.-2026 09:25:11.242,25.002626407631045,2.249734627797464,58.1,267.5093327813931,-0.62,4.13,10.95,0.07,14.12,0.1,-,20,50.48,34.81,79,18.43,50.2,1671.75,0.029,58.1,0.64,24.72,41,21.32,29.64,-,-,51.23,30.15,18.62,667,90.64,90,30.2,-
Fri Sep 11 09:25:12 GMT+03:00 2026,11-sept.-2026 09:25:12.577,24.947156135487333,1.4148932423172076,59.5,267.50933278141974,-0.89,-0.27,8.73,0.0,14.12,0.02,-,20,50.54,35.16,79,-,35.69,1649.25,0.017,59.5,0.03,-,41,20.45,28.05,-,-,51.15,30.26,18.59,668,90.03,90,25.1,-
Fri Sep 11 09:25:13 GMT+03:00 2026,11-sept.-2026 09:25:13.654,24.85502755612662,2.066055875377843,57.3,267.5093327827992,0.99,3.45,9.58,-0.01,13.73,-0.01,-,20,50.6,35.16,78,-,32.94,1648.5,0.015,57.3,1.13,-,40,19.58,26.75,-,-,51.07,30.37,18.56,669,88.87,90,17.25,-
Fri Sep 11 09:25:14 GMT+03:00 2026,11-sept.-2026 09:25:14.638,24.71523419985503,1.684747206963341,58.3,267.5093327830765,-1.21,1.06,10.49,-0.03,13.73,-0.03,-,20,50.66,35.16,79,-,29.8,1637.5,0.011,58.3,0.99,-,41,18.42,24.96,-,-,51,30.47,18.53,670,89.99,89,14.9,-
Fri Sep 11 09:25:15 GMT+03:00 2026,11-sept.-2026 09:25:15.507,24.55767362413182,2.1829675265855,58.3,267.50933278236,2.44,4.1,11.24,-0.01,12.94,-0.02,-,20,50.72,35.51,78,-,28.24,1645.5,0.01,58.3,1.8,-,40,19,25.96,-,-,50.92,30.58,18.5,671,87.2,89,20.39,-
Fri Sep 11 09:25:16 GMT+03:00 2026,11-sept.-2026 09:25:16.507,24.69374633705748,1.9971821569565495,59.5,267.50933278145885,1.5,1.98,9.4,0.05,13.73,0.04,-,20,50.78,35.16,78,16.53,47.84,1648.75,0.027,59.5,1.13,22.17,40,19.58,26.82,-,-,50.84,30.69,18.47,672,87.87,89,25.49,-
Fri Sep 11 09:25:17 GMT+03:00 2026,11-sept.-2026 09:25:17.455,24.7749086547605,2.077991122118348,60.8,267.50933278172965,2.28,3.34,10.72,-0.07,14.12,-0.06,-,20,50.83,35.16,79,-,43.92,1653.0,0.024,60.8,0.02,-,41,19.44,26.7,-,-,50.76,30.79,18.45,673,89.02,89,25.1,-
Fri Sep 11 09:25:18 GMT+03:00 2026,11-sept.-2026 09:25:18.347,24.60250547812073,2.416393375627373,57.4,267.5093327819441,-1.81,4.05,11.05,0.05,13.73,0.07,-,20,50.89,35.16,78,-,27.45,1639.25,0.009,57.4,0.75,-,40,20.31,27.59,-,-,50.68,30.9,18.42,674,88.25,89,23.53,-
Fri Sep 11 09:25:19 GMT+03:00 2026,11-sept.-2026 09:25:19.360,24.679230386583804,1.815247603329844,59.1,267.5093327818436,0.38,2.44,9.51,0.06,14.12,0.07,-,20,50.95,35.16,79,-,43.14,1664.5,0.024,59.1,1.23,-,40,19.14,26.6,-,-,50.61,31,18.39,675,89.23,88,17.65,-
Fri Sep 11 09:25:20 GMT+03:00 2026,11-sept.-2026 09:25:20.547,24.51247040494021,2.071831733515653,58.6,267.50933278210255,-1.94,1.79,8.73,-0.07,13.73,-0.08,-,20,51.01,35.16,78,-,27.45,1648.5,0.009,58.6,0.8,-,40,18.85,25.76,-,-,50.53,31.11,18.36,676,88.8,88,20.78,-
Fri Sep 11 09:25:21 GMT+03:00 2026,11-sept.-2026 09:25:21.245,24.476146893033164,3.0597098735763826,59.3,267.5093327826638,0.33,0.98,10.75,-0.04,13.73,-0.07,-,20,51.06,35.16,79,-,36.08,1638.25,0.017,59.3,1.16,-,40,19.73,26.94,-,-,50.45,31.21,18.33,677,89.16,88,21.57,-
Fri Sep 11 09:25:22 GMT+03:00 2026,11-sept.-2026 09:25:22.597,24.582549833247484,2.22476077394874,59.4,267.5093327815705,1.42,4.73,9.48,-0.01,14.9,-0.04,-,20,51.12,35.16,79,-,45.49,1653.0,0.025,59.4,0.57,-,39,19.58,26.91,-,-,50.38,31.32,18.31,678,87.43,88,25.49,-
Fri Sep 11 09:25:23 GMT+03:00 2026,11-sept.-2026 09:25:23.763,24.57847714986705,1.5095886718734517,59.2,267.5093327813726,0.01,6.11,9.33,0.06,14.12,0.07,-,20,51.18,35.16,79,-,38.43,1635.0,0.019,59.2,0.24,-,39,21.03,28.63,-,-,50.3,31.42,18.28,679,88.24,88,32.94,-
Fri Sep 11 09:25:24 GMT+03:00 2026,11-sept.-2026 09:25:24.427,24.845509065399824,2.214404894531901,59.2,267.50933278257503,0.43,1.55,8.27,0.07,14.9,0.08,-,20,51.23,35.16,79,21.69,55.69,1668.75,0.033,59.2,0.07,29.08,38,19.73,38.32,-,-,50.23,31.52,18.25,680,89.07,89,22.75,-
Fri Sep 11 09:25:25 GMT+03:00 2026,11-sept.-2026 09:25:25.480,24.41201496687838,1.6122925949167122,59.1,267.5093327816723,-1.47,2.58,7.87,-0.04,13.73,-0.06,-,20,51.29,35.16,79,-,10.98,1633.25,0.0,59.1,2.0,-,38,21.03,39.85,-,-,50.15,31.63,18.22,681,89.0,87,35.69,-
Fri Sep 11 09:25:26 GMT+03:00 2026,11-sept.-2026 09:25:26.336,24.94543529803984,1.9977624293476937,60.9,267.509332781461,0.32,0.05,7.63,0.03,15.29,0.05,-,20,51.35,35.16,79,31.99,73.33,1665.5,0.039,60.9,0.32,42.9,37,20.16,39.22,-,-,50.08,31.73,18.2,682,89.32,89,24.31,-
Fri Sep 11 09:25:27 GMT+03:00 2026,11-sept.-2026 09:25:27.466,24.730186846786832,2.647243719939932,60.3,267.5093327821155,0.26,1.31,8.67,0.03,12.94,0.02,-,20,51.4,34.81,79,-,24.71,1648.5,0.006,60.3,0.43,-,37,19.44,26.86,-,-,50,31.83,18.17,683,88.57,89,32.55,-
Fri Sep 11 09:25:28 GMT+03:00 2026,11-sept.-2026 09:25:28.766,24.75212693563588,2.068382608029553,60.0,267.5093327822426,0.19,0.47,9.78,-0.02,13.33,-0.07,-,20,51.46,35.16,80,-,40.39,1651.75,0.021,60,1.4,-,37,21.61,29.97,-,-,49.93,31.93,18.14,684,88.6,90,25.1,-
Fri Sep 11 09:25:29 GMT+03:00 2026,11-sept.-2026 09:25:29.390,24.98668283714012,2.584291123811594,60.1,267.50933278217144,1.13,4.56,10.52,0.11,14.12,0.1,-,20,51.52,35.16,79,20.64,54.12,1659.75,0.027,60.1,0.59,27.68,37,19.29,26.9,-,-,49.85,32.04,18.11,685,89.41,90,25.88,-
Fri Sep 11 09:25:30 GMT+03:00 2026,11-sept.-2026 09:25:30.538,24.793720417778054,1.7251142403305162,60.2,267.50933278200154,1.8,3.54,11.52,-0.02,13.33,-0.05,-,20,51.57,35.51,79,-,25.88,1665.25,0.008,60.2,1.13,-,36,18.71,26.22,-,-,49.78,32.14,18.09,686,87.87,89,17.65,-
Fri Sep 11 09:25:31 GMT+03:00 2026,11-sept.-2026 09:25:31.251,24.355227962433688,2.7377017147488987,60.3,267.50933278152127,1.72,0.69,9.67,-0.05,12.55,-0.05,-,20,51.63,35.16,80,-,10.59,1639.0,0.0,60.3,0.52,-,36,17.69,33.93,-,-,49.7,32.24,18.06,687,88.52,88,6.27,-
Fri Sep 11 09:25:32 GMT+03:00 2026,11-sept.-2026 09:25:32.310,24.132080473272243,1.5798343278412208,60.0,268.8277139036799,0.56,1.62,9.22,-0.02,13.33,0.0,-,20,51.68,35.51,79,-,23.92,1608.0,0.005,60,0.66,-,36,16.24,21.87,-,-,49.63,32.34,18.03,688,86.66,86,6.27,-
Fri Sep 11 09:25:33 GMT+03:00 2026,11-sept.-2026 09:25:33.764,23.94420391119765,2.1676061721598727,61.6,270.64491672389033,-0.31,2.63,8.97,-0.05,13.33,-0.07,-,20,51.73,34.81,79,-,25.88,1598.75,0.007,61.6,1.34,-,35,15.81,21.17,-,-,49.55,32.44,18.01,689,85.66,87,7.45,-
Fri Sep 11 09:25:34 GMT+03:00 2026,11-sept.-2026 09:25:34.736,23.62997887177157,2.3984481820526105,61.9,271.1391583316331,0.65,3.77,8.83,-0.03,12.94,-0.03,-,20,51.78,35.16,79,-,20.39,1585.5,0.002,61.9,0.73,-,35,15.95,21.32,-,-,49.48,32.54,17.98,690,84.27,85,6.27,-
Fri Sep 11 09:25:35 GMT+03:00 2026,11-sept.-2026 09:25:35.690,23.329803908880898,2.036033305614106,60.7,271.1391583326404,-0.77,1.11,8.29,-0.03,12.94,0.0,-,20,51.83,35.16,79,-,20.39,1558.0,0.002,60.7,0.73,-,35,15.52,20.24,-,-,49.41,32.64,17.95,691,83.27,84,3.14,-
Fri Sep 11 09:25:36 GMT+03:00 2026,11-sept.-2026 09:25:36.273,22.86904112363366,1.4594873617399526,60.9,271.1391583328452,-0.66,1.87,8.74,-0.11,12.94,-0.12,-,20,51.87,35.16,79,-,11.76,1517.5,0.0,60.9,2.63,-,34,14.79,26.15,-,-,49.33,32.74,17.93,692,84.63,82,2.35,-
Fri Sep 11 09:25:37 GMT+03:00 2026,11-sept.-2026 09:25:37.281,22.216398681218443,2.448448290607921,62.0,271.1391583320213,-3.17,0.82,10.72,-0.03,13.33,-0.02,-,20,51.92,35.16,79,-,12.94,1483.5,0.0,62,0.01,-,34,15.66,26.97,-,-,49.41,32.69,17.9,693,80.01,80,7.84,-
Fri Sep 11 09:25:38 GMT+03:00 2026,11-sept.-2026 09:25:38.705,22.17498782030417,2.4571872441732454,61.3,271.1391583326732,-0.79,1.29,9.47,0.07,13.33,0.06,-,20,51.96,34.81,79,-,35.69,1484.25,0.014,61.3,0.35,-,33,15.37,19.17,-,-,49.48,32.64,17.87,694,78.65,79,8.24,-
Fri Sep 11 09:25:39 GMT+03:00 2026,11-sept.-2026 09:25:39.787,21.295284822192595,1.4798020664737253,60.0,271.1391583317568,-0.09,4.06,10.88,-0.1,12.94,-0.1,-,20,51.99,35.16,79,-,10.2,1438.75,0.0,60,0.24,-,33,16.1,26.75,-,-,49.56,32.6,17.85,695,76.76,77,10.98,-
Fri Sep 11 09:25:40 GMT+03:00 2026,11-sept.-2026 09:25:40.467,21.13788029031882,1.7488228180170078,59.4,271.13915833215435,2.16,1.27,9.74,-0.06,13.73,-0.05,-,20,52.03,35.16,79,-,26.67,1423.75,0.006,59.4,1.13,-,33,16.1,19.1,-,-,49.63,32.55,17.82,696,74.87,76,4.71,-
Fri Sep 11 09:25:41 GMT+03:00 2026,11-sept.-2026 09:25:41.541,20.49691472099405,3.40015655443716,61.2,271.1391583331675,0.92,1.71,9.42,-0.11,12.16,-0.1,-,20,52.06,35.16,79,-,12.55,1367.5,0.0,61.2,1.11,-,32,14.94,23.65,-,-,49.71,32.5,17.79,697,74.11,73,4.71,-
Fri Sep 11 09:25:42 GMT+03:00 2026,11-sept.-2026 09:25:42.432,19.95329793134088,2.044607699673814,60.4,271.13915833263377,-1.42,1.58,11.88,-0.03,13.33,-0.03,-,20,52.09,35.51,80,-,10.2,1340.75,0.0,60.4,0.02,-,32,16.68,25.67,-,-,49.78,32.45,17.77,698,71.98,72,14.51,-
Fri Sep 11 09:25:43 GMT+03:00 2026,11-sept.-2026 09:25:43.490,20.130658000173398,1.484340885676799,62.3,271.1391583320841,2.86,2.56,13.18,-0.01,14.51,-0.02,-,20,52.12,35.16,79,13.03,53.33,1343.0,0.018,62.3,0.57,17.47,31,15.95,17.84,-,-,49.85,32.4,17.74,699,72.57,72,14.9,-
Fri Sep 11 09:25:44 GMT+03:00 2026,11-sept.-2026 09:25:44.473,19.792486799069103,3.216635978230268,61.7,271.13915833234915,2.1,-0.69,9.06,-0.1,13.33,-0.12,-,20,52.15,35.16,79,-,10.2,1352.0,0.0,61.7,0.08,-,31,16.24,25.36,-,-,49.93,32.36,17.72,700,70.92,71,15.69,-
Fri Sep 11 09:25:45 GMT+03:00 2026,11-sept.-2026 09:25:45.408,19.48635440078321,1.6069660384032138,60.5,271.13915833200394,-2.0,1.15,12.03,-0.04,13.33,-0.04,-,20,52.17,34.81,80,-,21.18,1305.0,0.002,60.5,0.47,-,31,16.24,17.57,-,-,50,32.31,17.69,701,70.47,70,2.75,-
Fri Sep 11 09:25:46 GMT+03:00 2026,11-sept.-2026 09:25:46.316,19.12488316007126,2.8237755692192423,60.6,271.1391583328701,0.51,-0.26,8.8,-0.04,12.94,-0.04,-,20,52.2,35.16,79,-,12.94,1281.25,0.0,60.6,0.28,-,31,15.37,22.75,-,-,50.07,32.26,17.66,702,68.72,69,8.63,-
Fri Sep 11 09:25:47 GMT+03:00 2026,11-sept.-2026 09:25:47.642,19.07116740488745,1.8608965935983424,61.1,271.13915833317526,-1.2,3.43,9.38,-0.08,14.12,-0.09,-,20,52.22,34.81,79,-,34.51,1270.25,0.009,61.1,0.02,-,30,15.52,16.24,-,-,50.15,32.22,17.64,703,68.98,69,7.84,-
Fri Sep 11 09:25:48 GMT+03:00 2026,11-sept.-2026 09:25:48.261,18.62934911289961,2.425168281215101,61.4,271.1391583321482,2.3,0.81,10.52,-0.05,13.33,-0.03,-,20,52.24,35.16,79,-,11.37,1250.0,0.0,61.4,0.52,-,30,15.23,21.79,-,-,50.22,32.17,17.61,704,66.48,67,7.84,-
Fri Sep 11 09:25:49 GMT+03:00 2026,11-sept.-2026 09:25:49.247,18.228697213574044,2.046349987222524,61.6,271.1391583316059,1.15,2.98,11.06,0.0,12.94,0.03,-,20,52.26,35.16,79,-,11.76,1233.75,0.0,61.6,0.21,-,30,16.39,23.17,-,-,50.29,32.12,17.59,705,64.79,65,12.16,-
Fri Sep 11 09:25:50 GMT+03:00 2026,11-sept.-2026 09:25:50.738,18.310045811341677,1.6261302393775867,60.5,271.13915833314,-0.62,0.72,10.3,0.06,14.51,0.05,-,20,52.28,34.81,80,-,46.67,1220.25,0.014,60.5,0.02,-,30,15.81,15.89,-,-,50.36,32.08,17.56,706,66.02,66,13.33,-
Fri Sep 11 09:25:51 GMT+03:00 2026,11-sept.-2026 09:25:51.533,17.998079924030083,1.4311137621773948,60.0,271.1391583329504,0.26,2.12,9.11,-0.04,12.94,-0.03,-,20,52.3,35.16,79,-,21.57,1205.75,0.002,60,1.03,-,30,15.81,15.68,-,-,50.43,32.03,17.54,707,66.03,65,13.33,-
Fri Sep 11 09:25:52 GMT+03:00 2026,11-sept.-2026 09:25:52.536,15.812209031816526,1.6468695226004664,61.1,271.1391583320889,-0.82,1.9,10.48,-0.23,12.55,-0.21,-,20,52.31,35.16,79,-,12.55,1288.75,0.0,61.1,0.96,-,30,15.81,23.49,-,-,50.51,31.98,17.51,708,57.96,57,2.75,-
Fri Sep 11 09:25:53 GMT+03:00 2026,11-sept.-2026 09:25:53.613,13.667327137720562,2.576130105641708,60.4,271.13915833311256,0.12,3.83,11.06,-0.22,13.33,-0.22,-,20,52.3,35.16,80,-,10.2,1412.25,0.0,60.4,1.0,-,30,14.65,24.05,-,-,50.58,31.94,17.49,709,48.0,49,1.96,-
Fri Sep 11 09:25:54 GMT+03:00 2026,11-sept.-2026 09:25:54.524,11.57400092125139,2.0236509613436096,61.8,271.139158332136,4.68,1.33,10.75,-0.28,12.94,-0.29,-,20,52.29,35.16,79,-,9.41,1219.0,0.0,61.8,2.07,-,30,14.36,20.03,-,-,50.65,31.89,17.46,710,39.93,42,1.96,-
Fri Sep 11 09:25:55 GMT+03:00 2026,11-sept.-2026 09:25:55.746,9.546982486369028,2.2191923947532843,61.8,271.13915833232187,-0.83,-0.07,12.76,-0.27,12.55,-0.26,-,20,52.26,35.16,79,-,12.55,1369.0,0.0,61.8,1.3,-,30,14.36,22.85,-,-,50.72,31.84,17.44,711,33.7,35,1.96,-
Fri Sep 11 09:25:56 GMT+03:00 2026,11-sept.-2026 09:25:56.559,7.607400264584808,2.025669827542005,62.0,271.1391583330515,-1.45,1.36,10.9,-0.25,13.33,-0.25,-,20,52.23,34.81,80,-,11.37,1695.0,0.0,62,1.37,-,29,14.36,29.13,-,-,50.79,31.8,17.41,712,28.37,27,1.96,-
Fri Sep 11 09:25:57 GMT+03:00 2026,11-sept.-2026 09:25:57.735,5.786204106398051,2.03847570720703,61.2,271.13915833364564,0.36,0.49,8.96,-0.16,13.33,-0.19,-,20,52.18,35.16,80,-,12.55,1281.75,0.0,61.2,0.69,-,29,14.36,21.28,-,-,50.86,31.75,17.39,713,20.31,21,1.96,-
Fri Sep 11 09:25:58 GMT+03:00 2026,11-sept.-2026 09:25:58.248,4.129164713483677,2.670681630608324,62.7,271.1391583334658,-2.23,2.39,11.26,-0.18,12.55,-0.19,-,20,52.13,35.16,79,-,10.2,1562.5,0.0,62.7,0.12,-,29,14.65,27.15,-,-,50.93,31.71,17.36,714,15.12,15,3.53,-
Fri Sep 11 09:25:59 GMT+03:00 2026,11-sept.-2026 09:25:59.298,2.7019654530931563,2.104430419121021,62.2,271.13915833586327,-3.32,-0.09,10.82,-0.13,13.33,-0.15,-,20,52.07,35.16,79,-,22.35,1100.75,0.002,62.2,0.35,-,29,14.94,13.34,-,-,51,31.66,17.34,715,9.35,9,5.1,-
Fri Sep 11 09:26:00 GMT+03:00 2026,11-sept.-2026 09:26:00.292,1.5860973038295691,3.1635288913155755,61.4,271.1391583235485,2.27,0.92,10.65,-0.1,12.94,-0.08,-,20,52.0,35.16,80,-,23.14,1022.0,0.002,61.4,0.89,-,29,15.23,12.48,-,-,51.07,31.62,17.31,716,6.89,6,7.45,-
Fri Sep 11 09:26:01 GMT+03:00 2026,11-sept.-2026 09:26:01.334,0.8396749602801676,1.8269955558696649,63.0,271.1391583253062,1.53,3.02,10.09,-0.14,12.94,-0.14,-,20,51.93,35.16,80,-,25.1,913.5,0.002,63,1.24,-,29,15.23,10.99,-,-,51.14,31.57,17.29,717,1.76,3,9.41,-
Fri Sep 11 09:26:02 GMT+03:00 2026,11-sept.-2026 09:26:02.371,0.42272999077004,4.149578057409762,62.0,271.13915833743164,-1.87,0.78,11.56,-0.06,13.73,-0.07,-,20,51.86,35.16,80,-,19.22,845.75,0.002,62,1.47,-,29,15.08,11.06,-,-,51.07,31.53,17.4,718,2.47,1,7.84,-
Fri Sep 11 09:26:03 GMT+03:00 2026,11-sept.-2026 09:26:03.244,0.0,4.223880649267835,64.2,271.13915833743164,0.1,-0.06,10.48,-0.11,14.12,-0.11,-,20,51.79,35.16,79,-,19.61,869.5,0.002,64.2,0.0,-,28,14.94,11.29,-,-,51,31.48,17.52,719,0.0,0,5.1,-
Fri Sep 11 09:26:04 GMT+03:00 2026,11-sept.-2026 09:26:04.747,0.0,3.8358162113669874,63.3,271.13915832692726,1.18,0.42,8.4,-0.07,12.94,-0.05,-,20,51.72,35.16,79,-,19.61,867.5,0.002,63.3,0.11,-,28,14.79,11.11,-,-,50.92,31.44,17.64,720,0.11,0,1.57,-
Fri Sep 11 09:26:05 GMT+03:00 2026,11-sept.-2026 09:26:05.298,0.0,4.019853729956903,61.9,0.0,1.17,2.1,11.48,-0.02,12.94,-0.05,-,20,51.65,35.16,79,-,20.0,877.25,0.002,61.9,0.08,-,28,14.79,11.25,-,-,50.85,31.39,17.76,721,0.08,0,1.96,-
Fri Sep 11 09:26:06 GMT+03:00 2026,11-sept.-2026 09:26:06.382,0.0,3.751536359639005,61.7,0.0,-2.71,1.87,8.69,0.0,13.33,0.02,-,20,51.57,35.16,80,-,20.0,861.75,0.002,61.7,0.14,-,28,14.79,11.01,-,-,50.78,31.35,17.87,722,0.14,0,1.96,-
Fri Sep 11 09:26:07 GMT+03:00 2026,11-sept.-2026 09:26:07.512,0.0,3.934944620681904,62.8,0.0,0.18,4.23,8.9,0.01,13.33,-0.01,-,20,51.5,34.81,80,-,20.39,857.5,0.002,62.8,0.26,-,28,14.79,10.95,-,-,50.71,31.3,17.99,723,0.26,0,1.96,-
Fri Sep 11 09:26:08 GMT+03:00 2026,11-sept.-2026 09:26:08.367,0.0,3.946441715249682,62.2,0.0,0.62,4.26,7.79,0.02,13.73,0.03,-,20,51.43,35.16,80,-,20.39,860.75,0.002,62.2,0.04,-,28,14.79,11,-,-,50.64,31.26,18.1,724,0.04,0,1.57,-
Fri Sep 11 09:26:09 GMT+03:00 2026,11-sept.-2026 09:26:09.373,0.0,4.204975956989597,61.8,0.0,1.32,4.19,8.59,-0.04,13.73,-0.06,-,20,51.36,35.16,80,-,20.78,859.25,0.002,61.8,0.1,-,28,14.79,10.98,-,-,50.56,31.21,18.22,725,0.1,0,1.57,-
Fri Sep 11 09:26:10 GMT+03:00 2026,11-sept.-2026 09:26:10.581,0.0,3.885886663727917,61.2,0.0,-0.68,3.37,6.47,0.01,13.33,-0.01,-,20,51.28,35.51,80,-,20.78,861.5,0.002,61.2,0.15,-,28,14.79,11.02,-,-,50.49,31.17,18.34,726,0.15,0,1.57,-
Fri Sep 11 09:26:11 GMT+03:00 2026,11-sept.-2026 09:26:11.792,0.0,3.9858385641869374,62.7,0.0,1.05,0.68,10.24,-0.03,13.33,-0.06,-,20,51.21,35.16,80,-,21.18,821.5,0.002,62.7,0.12,-,28,14.79,10.44,-,-,50.42,31.13,18.45,727,0.12,0,1.57,-
Fri Sep 11 09:26:12 GMT+03:00 2026,11-sept.-2026 09:26:12.653,0.0,4.105000193824527,61.0,0.0,-1.58,2.34,11.21,0.06,13.33,0.06,-,20,51.14,35.16,80,-,21.18,820.0,0.002,61,0.37,-,28,14.79,10.42,-,-,50.35,31.08,18.57,728,0.37,0,1.57,-
Fri Sep 11 09:26:13 GMT+03:00 2026,11-sept.-2026 09:26:13.774,0.0,3.868790662809359,62.0,0.0,-0.73,1.34,9.61,-0.07,13.33,-0.07,-,20,51.07,35.16,80,-,21.18,825.5,0.002,62,0.0,-,28,14.79,10.5,-,-,50.28,31.04,18.68,729,0.0,0,1.57,-
Fri Sep 11 09:26:14 GMT+03:00 2026,11-sept.-2026 09:26:14.758,0.0,3.6382659181076606,62.0,0.0,-1.67,0.98,10.03,0.07,13.33,0.07,-,20,51.0,35.16,80,-,21.57,808.5,0.002,62,0.04,-,28,14.79,10.25,-,-,50.21,31,18.79,730,0.04,0,1.57,-
Fri Sep 11 09:26:15 GMT+03:00 2026,11-sept.-2026 09:26:15.338,0.0,3.6753258868629977,63.0,0.0,-0.17,1.32,8.33,0.01,12.94,-0.01,-,20,50.92,35.16,80,-,21.57,823.5,0.002,63,0.21,-,28,14.79,10.48,-,-,50.14,30.95,18.91,731,0.21,0,1.57,-
Fri Sep 11 09:26:16 GMT+03:00 2026,11-sept.-2026 09:26:16.599,0.0,4.363332313691471,63.5,0.0,0.62,1.16,11.41,-0.04,13.33,-0.02,-,20,50.85,35.16,80,-,21.57,828.25,0.002,63.5,0.19,-,28,14.79,10.55,-,-,50.07,30.91,19.02,732,0.19,0,1.96,-
Fri Sep 11 09:26:17 GMT+03:00 2026,11-sept.-2026 09:26:17.335,0.0,3.9257182108490207,63.8,0.0,-1.24,2.97,10.45,0.01,13.33,0.01,-,20,50.78,35.16,80,-,21.57,830.25,0.002,63.8,0.44,-,28,14.79,10.58,-,-,50,30.87,19.13,733,0.44,0,1.96,-
Fri Sep 11 09:26:18 GMT+03:00 2026,11-sept.-2026 09:26:18.310,0.0,5.482328414556448,61.9,0.0,1.63,2.55,11.22,-0.04,13.73,-0.01,-,20,50.71,35.51,80,-,21.57,844.0,0.002,61.9,0.07,-,28,14.79,10.78,-,-,49.93,30.82,19.25,734,0.07,0,1.96,-
Fri Sep 11 09:26:19 GMT+03:00 2026,11-sept.-2026 09:26:19.730,0.0,3.6267566179395576,62.8,0.0,-2.91,2.59,9.19,-0.08,13.73,-0.09,-,20,50.64,35.16,80,-,21.57,859.75,0.002,62.8,0.44,-,28,14.79,11,-,-,49.86,30.78,19.36,735,0.44,0,1.96,-
Fri Sep 11 09:26:20 GMT+03:00 2026,11-sept.-2026 09:26:20.486,0.0,4.794557230169698,63.3,0.0,-0.71,0.73,7.61,-0.02,12.94,-0.07,-,20,50.57,35.16,80,-,21.18,857.25,0.002,63.3,0.58,-,29,14.79,10.95,-,-,49.79,30.74,19.47,736,0.42,1,1.57,-
Fri Sep 11 09:26:21 GMT+03:00 2026,11-sept.-2026 09:26:21.485,0.0,4.566262830984755,61.9,0.0,2.27,2.14,10.36,0.01,13.73,0.0,-,20,50.5,35.16,80,-,21.18,862.75,0.002,61.9,0.01,-,29,14.79,11.01,-,-,49.72,30.69,19.58,737,0.01,0,1.57,-
Fri Sep 11 09:26:22 GMT+03:00 2026,11-sept.-2026 09:26:22.783,0.0,4.893183801914635,62.5,0.0,-0.46,3.47,10.73,0.01,13.73,0.02,-,20,50.43,35.16,80,-,21.18,879.0,0.002,62.5,0.2,-,30,14.79,11.23,-,-,49.65,30.65,19.69,738,0.2,0,1.57,-
Fri Sep 11 09:26:23 GMT+03:00 2026,11-sept.-2026 09:26:23.481,0.0,4.0382023911551705,61.7,0.0,0.32,4.39,8.76,-0.02,12.94,-0.04,-,20,50.36,35.16,80,-,20.78,874.5,0.002,61.7,0.02,-,30,14.79,11.13,-,-,49.58,30.61,19.81,739,0.02,0,1.96,-
Fri Sep 11 09:26:24 GMT+03:00 2026,11-sept.-2026 09:26:24.509,0.0,4.238742840283413,61.4,0.0,-2.18,2.02,9.0,0.04,13.73,0.0,-,20,50.29,35.16,80,-,20.78,868.75,0.002,61.4,0.56,-,31,14.79,11.03,-,-,49.52,30.57,19.92,740,0.56,0,1.96,-
Fri Sep 11 09:26:25 GMT+03:00 2026,11-sept.-2026 09:26:25.525,0.0,4.886022619034209,62.1,0.0,-2.84,2.45,9.44,-0.02,13.73,-0.05,-,20,50.22,35.16,80,-,20.39,863.0,0.002,62.1,0.1,-,32,14.79,10.93,-,-,49.45,30.52,20.03,741,0.1,0,1.96,-
Fri Sep 11 09:26:26 GMT+03:00 2026,11-sept.-2026 09:26:26.287,0.0,3.9023137796342144,61.8,0.0,-0.4,0.74,9.62,0.03,13.73,0.01,-,20,50.15,35.51,80,-,20.39,857.75,0.002,61.8,0.01,-,32,14.79,10.82,-,-,49.38,30.48,20.14,742,0.01,0,1.96,-
Fri Sep 11 09:26:27 GMT+03:00 2026,11-sept.-2026 09:26:27.638,0.0,4.581536170342842,62.3,0.0,-3.23,-0.65,7.11,0.03,13.73,0.04,-,20,50.08,35.16,80,-,20.0,866.5,0.002,62.3,0.1,-,33,14.79,10.92,-,-,49.31,30.44,20.25,743,0.1,0,1.57,-
Fri Sep 11 09:26:28 GMT+03:00 2026,11-sept.-2026 09:26:28.403,0.0,4.004352107317067,63.5,0.0,-0.92,0.95,8.68,-0.02,13.33,-0.03,-,20,50.01,35.16,80,-,20.0,846.75,0.002,63.5,0.6,-,34,14.79,10.61,-,-,49.24,30.4,20.36,744,0.6,0,1.57,-
Fri Sep 11 09:26:29 GMT+03:00 2026,11-sept.-2026 09:26:29.364,0.0,4.163936242117119,61.2,0.0,2.57,2.94,10.09,0.02,13.73,-0.02,-,20,49.95,35.16,80,-,19.61,840.75,0.002,61.2,0.29,-,34,15.23,10.88,-,-,49.18,30.36,20.47,745,0.29,0,9.41,-
Fri Sep 11 09:26:30 GMT+03:00 2026,11-sept.-2026 09:26:30.605,1.3,2.0083157582091973,62.2,271.13915833040136,-1.16,1.67,10.22,0.17,13.33,0.15,-,20,49.88,35.16,80,2.85,36.08,975.25,0.005,62.2,0.11,3.83,35,16.1,12.28,-,-,49.25,30.32,20.44,746,4.89,5,20.0,-
Fri Sep 11 09:26:31 GMT+03:00 2026,11-sept.-2026 09:26:31.670,2.6,1.984247285508009,62.0,271.13915833500766,0.57,4.97,11.05,0.18,14.51,0.2,-,20,49.83,34.81,80,5.72,43.92,1085.5,0.01,62,0.85,7.66,35,17.26,14.87,-,-,49.32,30.27,20.41,747,9.85,9,28.63,-
Fri Sep 11 09:26:32 GMT+03:00 2026,11-sept.-2026 09:26:32.304,3.9,1.4524836145844493,60.9,271.139158332082,-1.96,0.29,9.38,0.17,13.33,0.2,-,20,49.78,35.16,80,8.59,38.04,1464.25,0.015,60.9,0.98,11.52,35,18.42,22.4,-,-,49.38,30.23,20.38,748,14.98,14,28.24,-
Fri Sep 11 09:26:33 GMT+03:00 2026,11-sept.-2026 09:26:33.466,5.2,3.08413044649018,62.6,271.13915833040136,-1.18,0.59,10.51,0.17,13.33,0.14,-,20,49.74,35.16,80,11.47,34.9,1945.75,0.021,62.6,0.33,15.39,35,19.14,31.95,-,-,49.45,30.19,20.36,749,18.67,19,24.71,-
Fri Sep 11 09:26:34 GMT+03:00 2026,11-sept.-2026 09:26:34.309,6.5,1.6244175279310205,62.0,271.1391583324952,0.87,0.18,8.81,0.19,13.33,0.15,-,20,49.7,35.16,80,14.38,34.9,2434.0,0.026,62,0.65,19.29,36,20.02,42.35,-,-,49.52,30.15,20.33,750,23.65,23,27.84,-
Fri Sep 11 09:26:35 GMT+03:00 2026,11-sept.-2026 09:26:35.264,7.8,2.494931577720778,61.6,271.1391583313063,-0.96,4.43,8.34,0.1,14.9,0.08,-,20,49.67,35.51,80,17.32,46.27,1730.0,0.028,61.6,0.85,23.23,36,20.74,30.41,-,-,49.59,30.11,20.3,751,28.85,28,31.76,-
Fri Sep 11 09:26:36 GMT+03:00 2026,11-sept.-2026 09:26:36.791,9.1,1.594907032586408,62.9,271.1391583327376,-0.38,2.13,9.05,0.18,14.9,0.16,-,20,49.65,35.16,80,20.29,46.27,2004.5,0.033,62.9,0.11,27.21,36,21.32,36.82,-,-,49.66,30.07,20.27,752,33.11,33,36.08,-
Fri Sep 11 09:26:37 GMT+03:00 2026,11-sept.-2026 09:26:37.594,10.4,2.1158523668340377,62.8,271.1391583317708,1.34,0.85,11.2,0.16,14.9,0.2,-,20,49.63,35.16,81,23.3,46.27,2303.25,0.038,62.8,0.46,31.25,36,22.05,44.09,-,-,49.73,30.03,20.24,753,37.46,37,36.08,-
Fri Sep 11 09:26:38 GMT+03:00 2026,11-sept.-2026 09:26:38.338,11.7,2.346355647227527,61.7,271.1391583328388,-2.86,2.99,10.0,0.15,15.29,0.17,-,20,49.62,35.16,80,26.36,47.06,2582.25,0.043,61.7,0.22,35.34,37,22.92,51.01,-,-,49.8,29.99,20.22,754,41.78,42,41.57,-
Fri Sep 11 09:26:39 GMT+03:00 2026,11-sept.-2026 09:26:39.408,13.000000000000002,2.293392521235428,61.6,271.13915833406253,-1.65,0.89,10.86,0.09,14.9,0.1,-,20,49.62,35.16,80,29.46,61.18,1869.75,0.043,-,0.36,39.5,37,22.63,50.13,-,-,49.86,29.95,20.19,755,47.36,47,39.61,-
Fri Sep 11 09:26:40 GMT+03:00 2026,11-sept.-2026 09:26:40.731,13.620488556212978,1.5694246162715415,61.3,271.13915833237866,-1.05,3.92,11.25,0.1,14.9,0.1,-,20,49.62,35.16,80,16.8,41.96,1959.5,0.028,61.3,0.13,22.53,37,22.05,36.94,-,-,49.93,29.91,20.16,756,48.87,49,36.86,-
Fri Sep 11 09:26:41 GMT+03:00 2026,11-sept.-2026 09:26:41.673,13.914129554585273,2.0709249471057163,61.8,271.13915833229703,1.07,2.33,7.93,0.03,13.73,0.02,-,20,49.62,35.16,81,10.25,41.96,1454.75,0.017,61.8,1.54,13.74,37,20.31,24.33,-,-,50,29.86,20.14,757,51.54,50,20.78,-
Fri Sep 11 09:26:42 GMT+03:00 2026,11-sept.-2026 09:26:42.597,13.698124778076815,2.277093058696192,62.2,271.139158331419,-0.8,2.02,11.57,-0.01,13.33,-0.02,-,20,49.62,34.81,81,-,20.78,1418.0,0.002,62.2,0.39,-,37,18.13,21.02,-,-,50.07,29.82,20.11,758,49.39,49,13.33,-
Fri Sep 11 09:26:43 GMT+03:00 2026,11-sept.-2026 09:26:43.497,13.597238977134891,1.833841306479576,62.4,271.1391583319852,-0.9,2.39,8.23,-0.02,12.94,0.0,-,20,49.62,35.16,81,-,23.14,1423.75,0.003,62.4,1.54,-,38,16.97,19.86,-,-,50.13,29.78,20.08,759,49.54,48,7.84,-
Fri Sep 11 09:26:44 GMT+03:00 2026,11-sept.-2026 09:26:44.307,13.582772294525157,1.8836033284694096,63.1,271.13915833457645,0.67,1.1,7.91,-0.08,12.55,-0.07,-,20,49.61,35.51,80,-,27.06,1429.5,0.007,63.1,0.5,-,38,15.95,18.68,-,-,50.2,29.74,20.05,760,49.5,49,7.84,-
Fri Sep 11 09:26:45 GMT+03:00 2026,11-sept.-2026 09:26:45.251,13.44567816140923,2.5867654172745462,62.3,271.1391583328333,-0.62,1.29,7.89,-0.02,13.33,-0.01,-,20,49.61,35.16,80,-,21.18,1408.25,0.002,62.3,1.33,-,37,16.24,18.8,-,-,50.27,29.7,20.03,761,46.67,48,9.41,-
Fri Sep 11 09:26:46 GMT+03:00 2026,11-sept.-2026 09:26:46.799,13.425254511169848,1.8947672768396535,60.8,271.13915833096326,0.81,3.06,8.16,-0.01,12.94,0.01,-,20,49.61,35.16,80,-,27.06,1404.25,0.006,60.8,0.8,-,37,16.82,19.4,-,-,50.34,29.66,20,762,48.2,49,11.76,-
Fri Sep 11 09:26:47 GMT+03:00 2026,11-sept.-2026 09:26:47.695,13.547739839964168,1.6519509034453028,61.7,271.13915833226974,-1.14,3.45,8.07,0.0,14.51,-0.01,-,20,49.61,35.16,81,6.37,33.73,1425.5,0.011,61.7,0.49,8.55,37,16.82,19.78,-,-,50.4,29.62,19.97,763,48.51,49,14.12,-
Fri Sep 11 09:26:48 GMT+03:00 2026,11-sept.-2026 09:26:48.702,13.54214394968628,1.6450683176423768,61.9,271.1391583329495,0.28,1.55,10.54,0.03,12.94,0.03,-,20,49.61,34.81,81,-,27.84,1406.5,0.007,61.9,0.74,-,37,17.26,19.99,-,-,50.47,29.59,19.95,764,48.26,49,14.9,-
Fri Sep 11 09:26:49 GMT+03:00 2026,11-sept.-2026 09:26:49.469,13.553606573788374,2.8478270140862003,61.2,271.13915833300814,-1.55,1.79,9.4,-0.06,13.33,-0.04,-,20,49.61,35.16,81,-,28.63,1423.25,0.008,61.2,1.27,-,36,17.4,20.47,-,-,50.53,29.55,19.92,765,49.27,48,13.33,-
Fri Sep 11 09:26:50 GMT+03:00 2026,11-sept.-2026 09:26:50.602,13.59160771839688,1.77922408187237,62.1,271.1391583326513,-0.68,3.08,9.91,-0.04,13.73,-0.05,-,20,49.61,35.16,80,-,29.8,1421.0,0.009,62.1,0.48,-,36,16.97,19.89,-,-,50.6,29.51,19.89,766,49.48,49,11.76,-
Fri Sep 11 09:26:51 GMT+03:00 2026,11-sept.-2026 09:26:51.363,13.51741652844533,1.4022084286945302,62.3,271.13915833185126,0.5,2.92,9.21,0.04,13.33,-0.01,-,20,49.61,35.16,81,-,24.31,1418.5,0.004,62.3,0.2,-,35,16.97,19.93,-,-,50.67,29.47,19.87,767,48.8,49,11.76,-
Fri Sep 11 09:26:52 GMT+03:00 2026,11-sept.-2026 09:26:52.304,13.525710299636051,2.110852864748672,62.6,271.13915833170586,-1.98,2.5,9.73,0.0,14.12,0.02,-,20,49.6,35.16,81,-,28.63,1415.5,0.008,-,0.28,-,35,16.68,19.63,-,-,50.73,29.43,19.84,768,49.28,49,9.8,-
Fri Sep 11 09:26:53 GMT+03:00 2026,11-sept.-2026 09:26:53.549,13.446263180329858,3.0716724914196547,63.2,271.1391583329868,0.28,2.56,10.06,-0.07,12.94,-0.05,-,20,49.6,35.51,81,-,24.31,1401.25,0.004,63.2,0.52,-,34,16.97,19.66,-,-,50.8,29.39,19.81,769,48.52,48,13.33,-
Fri Sep 11 09:26:54 GMT+03:00 2026,11-sept.-2026 09:26:54.709,13.571969285862409,4.770108225691399,63.5,271.13915833250843,-0.22,2.52,9.93,-0.01,13.33,0.0,-,20,49.6,35.16,81,6.46,34.51,1415.0,0.012,63.5,1.42,8.66,34,16.82,19.66,-,-,50.86,29.35,19.79,770,49.42,48,10.98,-
Fri Sep 11 09:26:55 GMT+03:00 2026,11-sept.-2026 09:26:55.327,13.43332386800748,1.557550998373948,63.7,271.13915833191044,1.89,3.4,9.46,0.04,13.33,0.07,-,20,49.6,35.16,81,-,21.18,1405.25,0.002,63.7,0.11,-,34,17.11,19.9,-,-,50.93,29.31,19.76,771,48.11,48,14.9,-
Fri Sep 11 09:26:56 GMT+03:00 2026,11-sept.-2026 09:26:56.394,13.582770280948012,2.4400514464200804,62.7,271.1391583326756,2.1,4.1,10.56,0.0,13.73,0.03,-,20,49.6,35.16,81,6.96,35.29,1427.5,0.012,62.7,0.08,9.33,34,16.97,20.12,-,-,50.99,29.27,19.74,772,48.08,48,10.59,-
Fri Sep 11 09:26:57 GMT+03:00 2026,11-sept.-2026 09:26:57.722,13.463619151655497,3.096204547226517,63.9,271.13915833318254,-1.45,1.3,9.14,-0.03,13.73,-0.02,-,20,49.6,35.16,81,-,22.35,1393.5,0.003,63.9,0.5,-,34,16.39,18.98,-,-,51.06,29.23,19.71,773,48.5,49,11.76,-
Fri Sep 11 09:26:58 GMT+03:00 2026,11-sept.-2026 09:26:58.656,13.386655230446406,1.7777960425092654,62.1,271.1391583328209,-1.0,1.49,7.32,0.04,13.73,0.02,-,20,49.6,35.16,81,-,24.31,1407.75,0.004,62.1,0.57,-,34,17.11,19.99,-,-,51.12,29.19,19.68,774,48.43,49,10.98,-
Fri Sep 11 09:26:59 GMT+03:00 2026,11-sept.-2026 09:26:59.265,13.506604868528804,2.351232406948241,60.0,271.1391583316468,-2.99,4.27,8.78,0.06,13.73,0.06,-,20,49.59,34.81,81,-,33.73,1422.5,0.011,60,0.33,-,34,16.68,19.77,-,-,51.19,29.16,19.66,775,48.67,49,12.94,-
Fri Sep 11 09:27:00 GMT+03:00 2026,11-sept.-2026 09:27:00.314,13.491739456170782,1.7225931574799795,61.7,271.1391583316088,-1.67,1.88,10.9,0.07,13.33,0.07,-,20,49.59,35.51,81,-,27.45,1404.0,0.007,61.7,1.49,-,34,16.97,19.71,-,-,51.25,29.12,19.63,776,47.51,49,13.33,-
Fri Sep 11 09:27:01 GMT+03:00 2026,11-sept.-2026 09:27:01.430,13.4400621197655,1.4579394449565106,63.9,271.1391583329442,-2.23,2.47,7.55,0.03,13.73,0.03,-,20,49.59,35.16,81,-,25.49,1428.5,0.005,63.9,2.02,-,34,16.68,19.85,-,-,51.32,29.08,19.61,777,46.98,49,8.63,-
Fri Sep 11 09:27:02 GMT+03:00 2026,11-sept.-2026 09:27:02.458,13.276706226422652,1.419089807064478,64.9,271.1391583331371,0.33,3.02,10.81,-0.01,12.55,0.01,-,20,49.59,35.16,81,-,21.18,1392.0,0.002,64.9,0.81,-,34,16.82,19.45,-,-,51.38,29.04,19.58,778,48.81,48,12.55,-
Fri Sep 11 09:27:03 GMT+03:00 2026,11-sept.-2026 09:27:03.376,13.462407096658051,2.0389738122180856,63.7,271.1391583326286,-0.42,3.21,8.91,0.02,14.51,0.0,-,20,49.59,35.16,81,7.62,37.25,1403.0,0.013,63.7,1.2,10.22,34,16.82,19.63,-,-,51.44,29,19.55,779,47.8,49,13.33,-
Fri Sep 11 09:27:04 GMT+03:00 2026,11-sept.-2026 09:27:04.734,13.450799685811566,1.7718153231028757,62.5,271.1391583328535,1.54,3.5,9.63,0.04,13.33,0.05,-,20,49.59,34.81,81,-,27.45,1406.75,0.007,62.5,0.23,-,34,17.55,20.48,-,-,51.51,28.96,19.53,780,47.77,48,20.0,-
Fri Sep 11 09:27:05 GMT+03:00 2026,11-sept.-2026 09:27:05.585,13.687580746288605,2.265440330991713,62.4,271.1391583322029,-0.63,2.94,9.75,0.0,14.12,0.0,-,20,49.59,35.16,81,8.86,39.61,1427.25,0.015,62.4,1.02,11.87,34,18.42,21.86,-,-,51.57,28.93,19.5,781,47.98,49,20.0,-
Fri Sep 11 09:27:06 GMT+03:00 2026,11-sept.-2026 09:27:06.349,13.874656296822048,1.4653630897936538,65.1,271.139158332673,0.97,2.48,10.39,-0.01,14.51,0.01,-,20,49.59,35.16,81,7.95,37.25,1432.0,0.014,65.1,0.63,10.66,34,17.4,20.61,-,-,51.63,28.89,19.48,782,49.37,50,16.86,-
Fri Sep 11 09:27:07 GMT+03:00 2026,11-sept.-2026 09:27:07.329,13.52852046903516,2.604589437409703,62.8,271.13915833210194,0.69,4.05,9.07,-0.04,12.55,-0.04,-,20,49.59,35.16,81,-,9.8,1409.0,0.0,62.8,0.59,-,34,17.26,28.03,-,-,51.7,28.85,19.45,783,48.41,49,12.16,-
Fri Sep 11 09:27:08 GMT+03:00 2026,11-sept.-2026 09:27:08.785,13.49967413706753,2.0497715838787087,63.4,271.1391583317336,2.73,-0.05,10.84,0.01,13.73,0.03,-,20,49.58,35.16,81,-,26.67,1405.75,0.006,63.4,0.87,-,34,16.97,19.8,-,-,51.76,28.81,19.43,784,48.87,48,10.59,-
Fri Sep 11 09:27:09 GMT+03:00 2026,11-sept.-2026 09:27:09.506,13.610036473248874,1.4039534252234986,63.2,271.13915833303133,-0.39,2.3,10.25,0.07,13.33,0.06,-,20,49.58,35.16,81,-,33.33,1427.5,0.011,63.2,0.05,-,34,16.39,19.46,-,-,51.82,28.78,19.4,785,49.05,49,12.94,-
Fri Sep 11 09:27:10 GMT+03:00 2026,11-sept.-2026 09:27:10.335,13.56573375547496,1.7222103041999963,63.4,271.1391583336673,1.13,3.58,9.14,0.0,13.73,-0.02,-,20,49.58,35.16,81,-,25.88,1420.5,0.006,63.4,1.27,-,34,16.82,19.88,-,-,51.89,28.74,19.38,786,49.27,48,12.16,-
Fri Sep 11 09:27:11 GMT+03:00 2026,11-sept.-2026 09:27:11.744,13.477399265300528,2.5648675294052605,62.4,271.1391583328478,2.62,2.31,9.55,-0.03,14.12,-0.04,-,20,49.58,35.16,81,-,23.92,1391.75,0.004,62.4,0.24,-,34,16.53,19.02,-,-,51.95,28.7,19.35,787,47.76,48,7.45,-
Fri Sep 11 09:27:12 GMT+03:00 2026,11-sept.-2026 09:27:12.690,13.21351919215927,1.6140949108669036,65.8,271.139158331861,0.34,2.03,8.6,-0.01,13.73,0.04,-,20,49.58,35.16,81,-,21.18,1387.5,0.002,65.8,0.26,-,34,16.24,18.6,-,-,52.01,28.66,19.33,788,47.26,47,8.24,-
Fri Sep 11 09:27:13 GMT+03:00 2026,11-sept.-2026 09:27:13.294,13.202421472945636,1.9380924247149596,62.6,271.13915833225315,-1.41,0.95,7.82,-0.02,12.94,-0.02,-,20,49.58,35.16,81,-,27.84,1357.75,0.007,62.6,0.17,-,34,16.53,18.55,-,-,52.07,28.63,19.3,789,47.17,47,11.76,-
Fri Sep 11 09:27:14 GMT+03:00 2026,11-sept.-2026 09:27:14.486,13.310208566898432,2.71847977342603,64.6,271.1391583319877,-0.64,2.81,10.12,0.04,13.73,0.04,-,20,49.57,35.16,81,-,33.33,1392.75,0.011,64.6,1.27,-,34,16.97,19.45,-,-,52.13,28.59,19.28,790,49.27,48,15.29,-
Fri Sep 11 09:27:15 GMT+03:00 2026,11-sept.-2026 09:27:15.797,13.344717100719674,1.9500287861118395,64.2,271.13915833234057,1.83,2.96,10.08,0.03,13.73,0.02,-,20,49.57,35.16,81,-,30.2,1385.0,0.008,64.2,0.38,-,34,17.84,20.46,-,-,52.2,28.55,19.25,791,47.62,48,20.0,-
Fri Sep 11 09:27:16 GMT+03:00 2026,11-sept.-2026 09:27:16.534,13.59008406412972,1.6764450083127225,63.8,271.1391583325671,0.78,1.67,10.46,0.04,14.51,0.03,-,20,49.57,35.16,81,8.96,40.0,1418.0,0.015,63.8,0.3,12.01,34,18.27,21.51,-,-,52.26,28.52,19.23,792,49.3,49,20.39,-
Fri Sep 11 09:27:17 GMT+03:00 2026,11-sept.-2026 09:27:17.250,13.750385046195692,1.6493087291632844,64.8,271.13915833220136,-2.2,4.42,8.92,-0.02,13.73,-0.02,-,20,49.57,35.16,81,7.3,35.29,1461.25,0.013,64.8,0.59,9.78,34,17.84,21.65,-,-,52.32,28.48,19.2,793,50.59,50,18.04,-
Fri Sep 11 09:27:18 GMT+03:00 2026,11-sept.-2026 09:27:18.514,13.654393829637646,1.676225436591575,62.6,271.1391583322131,0.79,0.42,10.04,-0.04,13.73,-0.06,-,20,49.57,35.16,81,-,23.14,1437.5,0.004,62.6,0.04,-,34,17.98,21.44,-,-,52.38,28.44,19.18,794,49.04,49,14.9,-
Fri Sep 11 09:27:19 GMT+03:00 2026,11-sept.-2026 09:27:19.320,13.743889706005117,1.769391057442797,65.4,271.13915833178453,-0.92,3.33,9.47,0.0,13.73,0.03,-,20,49.57,34.81,81,-,32.16,1440.75,0.011,65.4,0.12,-,34,16.97,20.32,-,-,52.44,28.41,19.15,795,49.88,50,9.8,-
Fri Sep 11 09:27:20 GMT+03:00 2026,11-sept.-2026 09:27:20.618,13.492913822950984,2.104612829425768,63.2,271.13915833255567,1.04,2.08,8.5,0.03,12.55,0.02,-,20,49.57,35.16,81,-,20.78,1405.5,0.002,63.2,1.04,-,34,17.11,19.89,-,-,52.5,28.37,19.13,796,47.96,49,15.29,-
Fri Sep 11 09:27:21 GMT+03:00 2026,11-sept.-2026 09:27:21.284,13.708651773850656,2.587855488063613,64.7,271.1391583337182,-4.34,1.96,9.13,-0.01,14.51,0.02,-,20,49.57,35.16,81,8.43,38.43,1431.25,0.015,64.7,0.64,11.31,34,17.55,20.85,-,-,52.56,28.33,19.1,797,48.36,49,15.29,-
Fri Sep 11 09:27:22 GMT+03:00 2026,11-sept.-2026 09:27:22.350,13.785567921078473,1.698797874668804,63.5,271.13915833192266,0.68,2.45,10.08,0.03,13.73,0.03,-,20,49.57,34.81,81,-,31.76,1447.75,0.01,63.5,1.22,-,34,17.4,20.99,-,-,52.62,28.3,19.08,798,50.22,49,18.43,-
Fri Sep 11 09:27:23 GMT+03:00 2026,11-sept.-2026 09:27:23.513,13.83054311932366,2.4527304411164126,64.6,271.1391583331275,-1.84,3.04,8.37,0.0,13.33,0.04,-,-,49.57,35.16,-,-,30.2,1449.5,0.009,64.6,0.53,-,-,-,-,-,-,52.69,28.26,19.05,799,50.47,51,13.73,-
Fri Sep 11 09:27:24 GMT+03:00 2026,11-sept.-2026 09:27:24.404,13.792862057201935,2.092038436219644,63.8,271.13915833351007,-2.39,1.65,9.2,0.05,13.33,0.04,-,20,49.57,34.81,81,-,26.27,1429.0,0.006,63.8,1.57,-,35,16.82,19.98,-,-,52.75,28.22,19.03,800,51.57,50,9.8,-
Fri Sep 11 09:27:25 GMT+03:00 2026,11-sept.-2026 09:27:25.297,13.611702027635516,2.0692156723064388,64.3,271.13915833105534,1.78,3.14,9.72,-0.07,13.33,-0.08,-,20,49.57,35.51,81,-,20.78,1415.75,0.002,64.3,0.05,-,35,16.97,19.91,-,-,52.81,28.19,19.01,801,49.05,49,11.76,-
Fri Sep 11 09:27:26 GMT+03:00 2026,11-sept.-2026 09:27:26.698,13.746302904988628,1.818002987920716,63.8,271.1391583321549,-1.43,1.65,9.24,-0.03,14.51,-0.04,-,20,49.57,35.16,82,6.75,34.51,1435.75,0.012,63.8,0.67,9.06,35,16.82,20.01,-,-,52.87,28.15,18.98,802,49.67,49,11.76,-
Fri Sep 11 09:27:27 GMT+03:00 2026,11-sept.-2026 09:27:27.583,13.721333965689723,1.408675734000396,65.3,271.1391583335806,2.44,0.82,9.69,-0.05,12.55,-0.07,-,20,49.57,35.16,81,-,26.67,1434.5,0.006,65.3,0.39,-,35,16.82,20,-,-,52.93,28.12,18.96,803,48.61,49,13.73,-
Fri Sep 11 09:27:28 GMT+03:00 2026,11-sept.-2026 09:27:28.322,13.68843054380048,1.863093365879264,62.8,271.13915833224803,0.52,1.06,10.09,-0.01,13.33,0.04,-,20,49.57,35.16,81,-,26.27,1437.25,0.006,62.8,0.95,-,35,17.11,20.47,-,-,52.99,28.08,18.93,804,49.05,50,10.98,-
Fri Sep 11 09:27:29 GMT+03:00 2026,11-sept.-2026 09:27:29.623,13.657493122080806,1.80358322520852,63.6,271.13915833146035,0.2,2.57,9.63,-0.02,13.33,-0.04,-,20,49.57,35.16,81,-,26.67,1411.75,0.006,63.6,0.98,-,35,17.11,20.07,-,-,53.05,28.05,18.91,805,48.98,48,13.73,-
Fri Sep 11 09:27:30 GMT+03:00 2026,11-sept.-2026 09:27:30.571,13.794687896359935,1.4137170540674802,63.3,271.13915833304856,-1.72,1.28,9.54,0.06,13.33,0.06,-,20,49.57,35.16,81,6.84,34.51,1453.5,0.012,63.3,2.27,9.17,35,16.97,20.47,-,-,53.11,28.01,18.88,806,47.73,50,12.55,-
Fri Sep 11 09:27:31 GMT+03:00 2026,11-sept.-2026 09:27:31.520,13.68929897226091,2.4828030435109465,64.4,271.1391583335943,0.85,3.91,9.29,-0.03,12.94,-0.02,-,20,49.57,35.16,81,-,23.14,1421.0,0.003,64.4,1.0,-,35,16.97,20,-,-,53.16,27.97,18.86,807,51.0,50,12.55,-
Fri Sep 11 09:27:32 GMT+03:00 2026,11-sept.-2026 09:27:32.698,13.672262561698728,1.9154445404973084,64.4,271.1391583333279,2.42,1.87,7.42,0.03,13.73,0.02,-,20,49.57,35.16,81,-,27.06,1443.75,0.007,64.4,0.79,-,35,17.69,21.11,-,-,53.22,27.94,18.84,808,48.21,49,14.51,-
Fri Sep 11 09:27:33 GMT+03:00 2026,11-sept.-2026 09:27:33.557,13.902824609129516,1.415701266199256,64.0,271.1391583321693,0.0,4.72,11.22,0.0,13.73,-0.02,-,20,49.57,35.51,81,8.9,39.61,1435.75,0.015,64,0.63,11.93,35,16.97,20.25,-,-,53.28,27.9,18.81,809,50.63,50,14.51,-
Fri Sep 11 09:27:34 GMT+03:00 2026,11-sept.-2026 09:27:34.384,13.801642003881296,3.8772549903314784,65.6,271.1391583323087,-2.05,-0.08,13.02,-0.07,12.94,-0.09,-,20,49.57,35.16,82,-,23.14,1451.25,0.004,65.6,0.58,-,35,17.26,20.86,-,-,53.34,27.87,18.79,810,49.42,50,14.9,-
Fri Sep 11 09:27:35 GMT+03:00 2026,11-sept.-2026 09:27:35.384,13.803718806929636,1.418922857878405,64.9,271.1391583306905,-1.54,1.76,9.34,0.06,13.33,0.1,-,20,49.57,34.81,82,-,28.24,1439.5,0.008,64.9,0.32,-,35,17.26,20.58,-,-,53.4,27.83,18.77,811,50.32,50,9.8,-
Fri Sep 11 09:27:36 GMT+03:00 2026,11-sept.-2026 09:27:36.719,13.755897584188125,2.334060418620537,63.5,271.13915833103016,1.64,3.5,9.6,-0.08,13.33,-0.08,-,20,49.57,35.51,81,-,25.88,1436.75,0.006,63.5,0.1,-,35,17.26,20.64,-,-,53.46,27.8,18.74,812,49.9,50,16.08,-
Fri Sep 11 09:27:37 GMT+03:00 2026,11-sept.-2026 09:27:37.705,14.02065814422245,2.8177558171874213,64.2,271.13915833471594,-2.47,4.13,10.79,-0.02,13.33,-0.03,-,20,49.57,35.16,82,9.72,40.39,1468.75,0.017,64.2,0.14,13.04,35,17.11,20.96,-,-,53.52,27.76,18.72,813,49.86,50,13.73,-
Fri Sep 11 09:27:38 GMT+03:00 2026,11-sept.-2026 09:27:38.463,13.775830708657098,2.2910761170901264,66.9,271.139158332367,1.63,-0.99,9.28,-0.05,13.33,-0.05,-,20,49.57,35.16,82,-,20.78,1446.25,0.002,66.9,2.17,-,35,17.11,20.59,-,-,53.58,27.73,18.7,814,47.83,50,14.51,-
Fri Sep 11 09:27:39 GMT+03:00 2026,11-sept.-2026 09:27:39.713,13.776497513857674,2.595505571001536,66.0,271.1391583317697,-1.2,4.88,8.35,0.01,13.73,0.01,-,20,49.57,34.81,81,-,28.24,1436.5,0.007,66,0.13,-,35,17.4,20.68,-,-,53.63,27.69,18.67,815,50.13,50,10.2,-
Fri Sep 11 09:27:40 GMT+03:00 2026,11-sept.-2026 09:27:40.458,13.805834528853527,1.8142946033034997,63.9,271.13915833257795,1.17,4.18,9.53,0.04,13.33,0.06,-,20,49.57,35.16,81,-,29.41,1430.0,0.009,63.9,0.55,-,35,16.68,19.73,-,-,53.69,27.66,18.65,816,49.45,50,12.16,-
Fri Sep 11 09:27:41 GMT+03:00 2026,11-sept.-2026 09:27:41.679,13.772965656145027,2.616442842210648,65.4,271.13915833128505,0.5,3.29,9.25,-0.01,13.33,-0.03,-,20,49.57,35.16,81,-,26.27,1450.0,0.006,65.4,0.77,-,35,17.55,21.16,-,-,53.75,27.62,18.62,817,49.23,50,16.08,-
Fri Sep 11 09:27:42 GMT+03:00 2026,11-sept.-2026 09:27:42.671,13.98030907007423,1.6783640972025675,65.6,271.1391583339736,-0.6,3.75,9.84,-0.03,13.73,-0.03,-,20,49.57,35.16,82,8.46,37.65,1468.25,0.015,65.6,0.48,11.35,35,17.69,21.54,-,-,53.81,27.59,18.6,818,49.48,49,15.69,-
Fri Sep 11 09:27:43 GMT+03:00 2026,11-sept.-2026 09:27:43.466,14.002515347002744,1.7041009000041791,65.1,271.13915833397164,-2.24,1.8,10.54,0.02,13.33,0.04,-,20,49.57,35.16,82,-,29.02,1455.25,0.008,65.1,0.58,-,35,17.55,21.28,-,-,53.87,27.56,18.58,819,50.58,50,16.47,-
Fri Sep 11 09:27:44 GMT+03:00 2026,11-sept.-2026 09:27:44.484,14.016401971362408,2.777151660948572,64.3,271.139158331316,-0.03,4.12,10.09,-0.02,12.94,-0.02,-,20,49.57,35.16,81,-,28.63,1464.0,0.008,64.3,0.09,-,35,18.13,22.09,-,-,53.92,27.52,18.56,820,50.91,51,16.08,-
Fri Sep 11 09:27:45 GMT+03:00 2026,11-sept.-2026 09:27:45.465,14.19933728725731,3.5250950374343564,64.1,271.13915833227804,-1.01,3.56,9.84,0.02,13.73,0.03,-,20,49.57,35.16,81,8.1,36.08,1498.25,0.014,64.1,0.35,10.86,35,17.26,21.52,-,-,53.98,27.49,18.53,821,51.65,52,12.94,-
Fri Sep 11 09:27:46 GMT+03:00 2026,11-sept.-2026 09:27:46.412,14.042505642103896,2.16436541360806,65.0,271.1391583322779,-0.54,0.99,8.9,0.03,12.94,0.02,-,20,49.57,35.16,82,-,20.78,1467.75,0.002,65,0.12,-,35,17.55,21.35,-,-,54.04,27.45,18.51,822,50.12,50,14.9,-
Fri Sep 11 09:27:47 GMT+03:00 2026,11-sept.-2026 09:27:47.578,14.175497884343024,3.3669129561907374,64.8,271.1391583321539,1.47,3.94,10.1,-0.02,12.94,-0.01,-,20,49.58,35.16,82,7,33.73,1492.5,0.013,64.8,0.49,9.39,35,17.55,21.86,-,-,54.09,27.42,18.49,823,52.49,52,12.55,-
Fri Sep 11 09:27:48 GMT+03:00 2026,11-sept.-2026 09:27:48.797,14.216460434048908,2.3754017324439456,67.0,271.13915833416206,0.68,1.61,8.97,0.05,13.73,0.04,-,20,49.58,35.16,82,-,29.8,1473.25,0.009,67,1.93,-,35,16.82,20.54,-,-,54.15,27.39,18.46,824,50.07,52,12.94,-
Fri Sep 11 09:27:49 GMT+03:00 2026,11-sept.-2026 09:27:49.530,14.086707175814372,1.8379261518495296,64.8,271.1391583314089,-1.83,1.91,10.82,-0.05,13.73,-0.06,-,20,49.58,35.16,82,-,21.96,1476.0,0.003,64.8,0.38,-,35,17.4,21.37,-,-,54.21,27.35,18.44,825,52.38,52,12.16,-
Fri Sep 11 09:27:50 GMT+03:00 2026,11-sept.-2026 09:27:50.797,14.16347605482227,1.5469251766388732,65.4,271.1391583308466,-0.55,0.78,10.69,0.03,13.73,0.03,-,20,49.58,35.16,82,-,31.76,1465.75,0.011,65.4,2.25,-,35,16.82,20.42,-,-,54.26,27.32,18.42,826,52.25,50,9.41,-
Fri Sep 11 09:27:51 GMT+03:00 2026,11-sept.-2026 09:27:51.383,14.05401056650616,2.5864835080932336,66.3,271.13915833321863,-0.81,2.86,8.73,-0.03,13.33,-0.02,-,20,49.58,35.16,82,-,22.75,1463.75,0.003,66.3,0.88,-,35,16.82,20.38,-,-,54.32,27.28,18.4,827,50.88,50,12.55,-
Fri Sep 11 09:27:52 GMT+03:00 2026,11-sept.-2026 09:27:52.458,14.095140298443978,2.174161768285181,66.4,271.1391583335397,1.29,2.84,10.11,-0.01,13.33,0.03,-,20,49.58,35.51,82,-,29.8,1470.5,0.009,66.4,0.75,-,35,17.11,20.84,-,-,54.38,27.25,18.37,828,50.75,50,10.59,-
Fri Sep 11 09:27:53 GMT+03:00 2026,11-sept.-2026 09:27:53.794,14.06256806063461,2.1796947324350158,65.8,271.139158333545,0.0,5.61,8.4,0.03,12.94,0.02,-,20,49.59,35.51,82,-,26.67,1459.25,0.006,65.8,0.12,-,35,17.4,20.99,-,-,54.43,27.22,18.35,829,50.88,51,15.69,-
Fri Sep 11 09:27:54 GMT+03:00 2026,11-sept.-2026 09:27:54.539,14.256059922020064,3.257268407677058,64.9,271.13915833119347,3.43,2.21,9.61,0.04,14.12,0.07,-,20,49.59,35.16,82,8.37,36.86,1498.0,0.015,64.9,0.33,11.23,35,17.69,22.12,-,-,54.49,27.18,18.33,830,52.33,52,15.69,-
Fri Sep 11 09:27:55 GMT+03:00 2026,11-sept.-2026 09:27:55.357,14.288838649804772,1.545172663703712,65.6,271.1391583311236,0.88,1.41,9.21,0.05,12.94,0.03,-,20,49.59,35.16,81,-,29.41,1497.25,0.009,65.6,0.05,-,35,17.4,21.73,-,-,54.55,27.15,18.3,831,52.05,52,14.9,-
Fri Sep 11 09:27:56 GMT+03:00 2026,11-sept.-2026 09:27:56.662,14.214543852375463,1.947775223095178,66.1,271.13915833255186,-1.11,1.15,8.65,0.02,13.73,0.01,-,20,49.59,35.51,82,-,24.31,1485.0,0.005,66.1,1.22,-,35,17.69,21.91,-,-,54.6,27.12,18.28,832,52.22,51,12.94,-
Fri Sep 11 09:27:57 GMT+03:00 2026,11-sept.-2026 09:27:57.630,14.29924387610556,1.4532562168556329,67.7,271.1391583320509,-1.84,3.38,9.86,0.06,13.33,0.01,-,20,49.59,35.16,82,-,32.16,1477.75,0.011,67.7,0.75,-,35,16.82,20.67,-,-,54.66,27.08,18.26,833,51.25,52,9.8,-
Fri Sep 11 09:27:58 GMT+03:00 2026,11-sept.-2026 09:27:58.655,14.054234957781103,2.403572777003191,67.8,271.13915833282886,-3.81,1.52,9.25,-0.04,12.94,-0.04,-,20,49.6,35.16,82,-,20.78,1474.75,0.002,67.8,0.01,-,35,16.68,20.5,-,-,54.71,27.05,18.24,834,50.01,50,11.37,-
Fri Sep 11 09:27:59 GMT+03:00 2026,11-sept.-2026 09:27:59.301,14.05404289347346,1.8728785528286729,65.3,271.1391583341515,-0.97,2.0,11.67,-0.01,12.55,0.01,-,20,49.6,35.16,82,-,27.84,1462.5,0.008,65.3,0.38,-,35,17.4,21.09,-,-,54.77,27.02,18.22,835,51.38,51,12.94,-
Fri Sep 11 09:28:00 GMT+03:00 2026,11-sept.-2026 09:28:00.490,14.234514461705167,1.857798729512348,66.6,271.1391583322575,-0.59,0.93,10.38,0.06,14.12,0.03,-,20,49.6,34.81,82,8.07,36.47,1479.0,0.014,66.6,0.68,10.83,35,17.4,21.34,-,-,54.82,26.98,18.19,836,51.68,51,16.86,-
Fri Sep 11 09:28:01 GMT+03:00 2026,11-sept.-2026 09:28:01.371,14.316815198021748,2.189576924464554,67.0,271.1391583321337,-0.18,2.93,7.39,0.01,13.33,0.01,-,20,49.6,35.16,82,-,31.76,1496.0,0.011,67,0.06,-,35,17.69,22.08,-,-,54.88,26.95,18.17,837,51.94,52,16.47,-
Fri Sep 11 09:28:02 GMT+03:00 2026,11-sept.-2026 09:28:02.420,14.290850784728873,1.4965238970480863,65.6,271.1391583317359,-0.53,3.09,8.94,0.02,13.33,0.02,-,20,49.6,35.16,82,-,26.67,1488.75,0.007,65.6,0.68,-,36,17.55,21.72,-,-,54.93,26.92,18.15,838,52.68,52,12.16,-
Fri Sep 11 09:28:03 GMT+03:00 2026,11-sept.-2026 09:28:03.400,14.220268215818232,2.085355229448455,66.5,271.13915833217675,1.48,1.56,9.38,0.05,13.33,0.06,-,20,49.61,35.16,82,-,24.71,1484.5,0.005,66.5,0.18,-,36,16.97,20.97,-,-,54.99,26.89,18.13,839,50.82,51,9.8,-
Fri Sep 11 09:28:04 GMT+03:00 2026,11-sept.-2026 09:28:04.665,14.180461688630947,2.025785510084723,65.9,271.13915833373926,-0.17,5.01,9.16,-0.03,14.12,-0.04,-,20,49.61,35.16,82,-,25.88,1480.0,0.006,65.9,0.32,-,36,16.68,20.46,-,-,55.04,26.85,18.1,840,51.32,51,9.41,-
Fri Sep 11 09:28:05 GMT+03:00 2026,11-sept.-2026 09:28:05.517,14.131468224061592,1.871549858940416,65.8,271.13915833243846,0.71,2.04,7.39,0.01,12.94,0.01,-,20,49.61,35.16,82,-,25.49,1479.25,0.006,-,0.98,-,36,17.26,21.07,-,-,55.1,26.82,18.08,841,51.98,51,14.12,-
Fri Sep 11 09:28:06 GMT+03:00 2026,11-sept.-2026 09:28:06.620,14.320895522074997,2.112101812948924,66.2,271.1391583323495,1.56,1.77,11.45,0.05,14.51,0.08,-,20,49.61,35.51,82,8.33,36.47,1499.75,0.015,66.2,0.22,11.18,37,17.98,22.38,-,-,55.15,26.79,18.06,842,51.78,52,18.82,-
Fri Sep 11 09:28:07 GMT+03:00 2026,11-sept.-2026 09:28:07.713,14.56803683451862,2.631403148237965,65.0,271.1391583318608,2.32,5.15,12.95,0.01,14.12,-0.01,-,20,49.61,35.16,82,9.81,38.82,1526.5,0.017,65,0.22,13.15,37,17.84,22.66,-,-,55.21,26.76,18.04,843,51.78,52,18.43,-
Fri Sep 11 09:28:08 GMT+03:00 2026,11-sept.-2026 09:28:08.794,14.481236852093376,2.0439487914689862,66.8,271.13915833222705,-2.9,1.87,9.89,-0.03,12.55,-0.01,-,20,49.62,35.16,83,-,23.92,1514.75,0.005,66.8,0.21,-,37,17.98,22.63,-,-,55.26,26.72,18.02,844,52.21,52,14.9,-
Fri Sep 11 09:28:09 GMT+03:00 2026,11-sept.-2026 09:28:09.555,14.47779837566088,1.9469131375735735,66.3,271.139158333929,-2.13,2.51,10.51,-0.01,13.73,-0.02,-,20,49.62,35.16,82,-,27.84,1503.25,0.008,66.3,0.67,-,37,17.26,21.44,-,-,55.31,26.69,18,845,51.33,52,8.63,-
Fri Sep 11 09:28:10 GMT+03:00 2026,11-sept.-2026 09:28:10.481,14.361645187840594,1.827195870357443,65.3,271.1391583318478,1.76,3.57,9.15,-0.03,13.33,-0.02,-,20,49.62,34.81,82,-,22.75,1483.25,0.003,65.3,0.83,-,37,17.26,21.08,-,-,55.37,26.66,17.97,846,51.17,52,14.12,-
Fri Sep 11 09:28:11 GMT+03:00 2026,11-sept.-2026 09:28:11.761,14.599336510633458,2.606107325107666,66.9,271.1391583324615,0.81,3.35,11.2,-0.02,13.73,0.01,-,20,49.63,35.16,82,9.62,38.43,1529.5,0.017,66.9,1.69,12.9,38,17.55,22.25,-,-,55.42,26.63,17.95,847,51.31,53,14.9,-
Fri Sep 11 09:28:12 GMT+03:00 2026,11-sept.-2026 09:28:12.291,14.63951134131977,2.7251757926160822,67.0,271.1391583329407,-0.29,1.38,11.53,0.02,13.73,-0.02,-,20,49.63,34.81,82,-,29.41,1541.5,0.01,67,0.8,-,38,18.56,23.66,-,-,55.48,26.59,17.93,848,52.8,52,23.53,-
Fri Sep 11 09:28:13 GMT+03:00 2026,11-sept.-2026 09:28:13.751,15.035658491933232,2.5309427716638906,65.2,271.13915833112367,-3.09,2.41,8.98,0.02,14.12,-0.01,-,20,49.64,35.16,82,13.64,45.49,1565.25,0.023,65.2,2.75,18.29,38,19.14,24.89,-,-,55.53,26.56,17.91,849,56.75,54,21.18,-
Fri Sep 11 09:28:14 GMT+03:00 2026,11-sept.-2026 09:28:14.338,15.145877943723534,1.5148727587916375,64.6,271.1391583332733,-0.55,0.46,9.0,0.01,12.94,-0.02,-,20,49.64,35.16,82,-,32.55,1581.0,0.013,64.6,0.49,-,39,19.58,25.61,-,-,55.58,26.53,17.89,850,54.51,55,26.67,-
Fri Sep 11 09:28:15 GMT+03:00 2026,11-sept.-2026 09:28:15.672,15.519356934094356,2.1072387913560715,67.0,271.13915833316685,-0.05,0.48,8.8,0.06,14.12,0.08,-,20,49.65,35.16,82,13.63,43.53,1619.5,0.023,67,0.73,18.28,39,19.87,26.68,-,-,55.64,26.5,17.87,851,55.27,56,21.96,-
Fri Sep 11 09:28:16 GMT+03:00 2026,11-sept.-2026 09:28:16.240,15.66035488793562,2.408991380363218,68.0,271.1391583327474,0.97,0.07,10.07,0.04,12.94,0.04,-,20,49.66,35.16,82,8.22,33.33,1642.5,0.015,68,0.93,11.02,39,19.87,27.17,-,-,55.69,26.47,17.84,852,55.07,56,27.06,-
Fri Sep 11 09:28:17 GMT+03:00 2026,11-sept.-2026 09:28:17.459,16.076237754012343,1.5808911498438285,66.9,271.1391583316173,-1.68,2.88,8.52,0.09,14.9,0.07,-,20,49.67,35.16,82,15.28,45.1,1666.5,0.025,66.9,0.64,20.5,40,20.45,28.31,-,-,55.74,26.44,17.82,853,57.36,58,25.88,-
Fri Sep 11 09:28:18 GMT+03:00 2026,11-sept.-2026 09:28:18.785,16.415123338725,1.423338325130758,66.4,271.1391583317595,1.25,3.46,8.86,0.0,14.12,0.0,-,20,49.68,35.16,82,13.75,40.78,1716.5,0.023,66.4,0.92,18.44,40,20.16,28.86,-,-,55.79,26.4,17.8,854,59.92,59,27.45,-
Fri Sep 11 09:28:19 GMT+03:00 2026,11-sept.-2026 09:28:19.396,16.66607192434847,1.980949976842136,66.7,271.1391583331188,-1.38,3.23,8.61,0.01,13.33,0.03,-,20,49.69,35.51,82,11.77,37.25,1740.25,0.021,66.7,0.22,15.79,40,20.16,29.37,-,-,55.85,26.37,17.78,855,59.78,60,23.14,-
Fri Sep 11 09:28:20 GMT+03:00 2026,11-sept.-2026 09:28:20.434,16.82904752470597,2.2806976793108698,66.7,271.1391583329963,-0.73,1.02,10.48,0.05,13.33,0.08,-,20,49.7,35.16,82,9.66,33.73,1756.75,0.017,66.7,1.6,12.96,41,20.02,29.48,-,-,55.9,26.34,17.76,856,59.4,61,26.27,-
Fri Sep 11 09:28:21 GMT+03:00 2026,11-sept.-2026 09:28:21.316,17.09991026342449,3.1331938098644674,66.6,271.1391583323596,0.32,1.39,12.15,-0.04,14.12,-0.04,-,20,49.72,35.16,82,12.7,50.2,1395.0,0.02,66.6,0.23,17.04,41,19.73,22.3,-,-,55.95,26.31,17.74,857,61.77,62,27.84,-
Fri Sep 11 09:28:22 GMT+03:00 2026,11-sept.-2026 09:28:22.695,17.234680264235173,1.8054403416989988,66.7,271.1391583320184,-1.1,2.81,9.64,0.07,14.51,0.07,-,20,49.73,35.16,82,9.25,41.18,1403.75,0.016,66.7,0.63,12.4,41,20.31,23.09,-,-,56,26.28,17.72,858,61.63,61,36.47,-
Fri Sep 11 09:28:23 GMT+03:00 2026,11-sept.-2026 09:28:23.313,17.62617250842845,1.54753998282464,68.0,271.1391583333294,-0.68,2.3,9.14,0.05,14.9,0.05,-,20,49.75,35.16,82,16.48,57.65,1424.5,0.025,68,0.37,22.1,42,20.6,33.05,-,-,56.06,26.25,17.7,859,63.63,64,34.51,-
Fri Sep 11 09:28:24 GMT+03:00 2026,11-sept.-2026 09:28:24.629,17.818824158571367,2.151720132089925,65.9,271.13915833241845,-1.88,1.57,10.38,-0.01,13.73,-0.01,-,20,49.77,35.16,82,11.29,44.31,1455.25,0.019,65.9,0.24,15.15,42,20.6,24.23,-,-,56.11,26.22,17.67,860,63.76,64,36.08,-
Fri Sep 11 09:28:25 GMT+03:00 2026,11-sept.-2026 09:28:25.263,18.020432444209305,1.7207207445562274,66.0,271.139158331623,0.82,3.67,8.31,0.05,14.51,0.05,-,20,49.78,35.16,83,11.72,45.1,1456.25,0.019,66,1.01,15.72,42,21.47,25.36,-,-,56.16,26.18,17.65,861,66.01,65,36.86,-
Fri Sep 11 09:28:26 GMT+03:00 2026,11-sept.-2026 09:28:26.472,18.488792575279383,3.904827947739865,66.6,271.13915833254225,-0.36,2.28,10.71,0.07,14.9,0.06,-,20,49.8,35.16,82,19.71,60.0,1508.25,0.029,66.6,0.19,26.43,42,20.74,35.47,-,-,56.21,26.15,17.63,862,67.19,67,34.51,-
Fri Sep 11 09:28:27 GMT+03:00 2026,11-sept.-2026 09:28:27.479,18.58471454982879,1.7360576521716264,67.2,271.1391583334448,-2.13,3.45,9.96,0.08,14.9,0.1,-,20,49.82,35.51,82,-,38.43,1505.5,0.016,67.2,0.6,-,42,21.32,26.19,-,-,56.26,26.12,17.61,863,67.6,67,38.43,-
Fri Sep 11 09:28:28 GMT+03:00 2026,11-sept.-2026 09:28:28.310,18.966087931950497,2.2032368491818115,68.2,271.13915833226963,-3.45,2.66,10.32,0.03,14.9,0.01,-,20,49.85,35.16,82,17.81,54.9,1529.75,0.027,68.2,0.4,23.89,43,21.76,27.03,-,-,56.32,26.09,17.59,864,67.6,68,33.73,-
Fri Sep 11 09:28:29 GMT+03:00 2026,11-sept.-2026 09:28:29.435,19.25150865072164,2.895050639361513,67.5,271.1391583324225,-0.68,4.53,7.87,0.02,15.29,0.02,-,20,49.87,35.16,82,15.33,48.24,1571.5,0.025,67.5,0.62,20.55,43,21.18,27.11,-,-,56.37,26.06,17.57,865,68.38,69,36.08,-
Fri Sep 11 09:28:30 GMT+03:00 2026,11-sept.-2026 09:28:30.571,19.46759817869696,1.968917885011582,66.6,271.13915833226554,-0.26,2.11,10.14,-0.03,14.51,-0.04,-,20,49.89,35.16,82,13.48,43.53,1606.5,0.023,66.6,0.89,18.08,43,21.18,27.84,-,-,56.42,26.03,17.55,866,70.89,70,29.41,-
Fri Sep 11 09:28:31 GMT+03:00 2026,11-sept.-2026 09:28:31.643,19.56181689036452,1.6897955182130224,67.7,271.13915833207506,-0.52,0.58,9.58,-0.01,14.12,-0.03,-,20,49.92,35.51,82,-,37.65,1586.75,0.017,67.7,0.39,-,44,22.05,28.5,-,-,56.47,26,17.53,867,71.39,71,37.65,-
Fri Sep 11 09:28:32 GMT+03:00 2026,11-sept.-2026 09:28:32.430,20.268488829015475,2.051170122148088,68.7,271.1391583324963,3.22,3.4,8.13,0.05,15.69,0.04,-,20,49.94,35.16,82,29.49,69.8,1652.0,0.041,68.7,0.15,39.54,44,21.76,40.98,-,-,56.52,25.97,17.51,868,73.15,73,36.86,-
Fri Sep 11 09:28:33 GMT+03:00 2026,11-sept.-2026 09:28:33.273,20.45909662898185,1.5823013065782852,67.1,271.1391583331819,-0.29,3.92,8.52,0.08,14.12,0.08,-,20,49.97,35.16,83,13.66,41.96,1671.75,0.023,67.1,1.08,18.31,44,21.32,29.38,-,-,56.57,25.94,17.49,869,72.92,74,36.47,-
Fri Sep 11 09:28:34 GMT+03:00 2026,11-sept.-2026 09:28:34.388,20.533051785376067,1.4052467503732484,69.5,271.1391583325346,0.5,3.89,10.36,0.02,13.33,0.04,-,20,50.0,34.81,82,-,36.08,1662.5,0.018,69.5,0.58,-,45,22.63,30.9,-,-,56.62,25.91,17.47,870,74.58,74,33.73,-
Fri Sep 11 09:28:35 GMT+03:00 2026,11-sept.-2026 09:28:35.474,21.12764700135264,1.634468302113045,68.3,271.1391583315958,1.32,1.99,9.7,0.02,14.9,0.06,-,20,50.03,34.81,83,27.37,62.35,1720.5,0.04,68.3,1.83,36.7,45,21.18,41.8,-,-,56.67,25.88,17.45,871,75.17,77,32.55,-
Fri Sep 11 09:28:36 GMT+03:00 2026,11-sept.-2026 09:28:36.325,21.254132035212866,1.852394971822317,67.1,271.1391583334964,0.31,4.33,10.26,0.0,14.12,0.01,-,20,50.06,35.16,83,12.34,38.82,1708.5,0.021,67.1,0.91,16.54,45,21.03,29.46,-,-,56.73,25.85,17.43,872,76.91,76,32.55,-
Fri Sep 11 09:28:37 GMT+03:00 2026,11-sept.-2026 09:28:37.660,21.3450450275711,2.49973655958992,67.8,271.1391583325333,-1.46,1.3,8.46,0.03,13.73,0.03,-,20,50.09,35.16,83,-,36.47,1740.0,0.02,67.8,0.7,-,45,20.16,28.91,-,-,56.78,25.82,17.41,873,76.3,77,17.65,-
Fri Sep 11 09:28:38 GMT+03:00 2026,11-sept.-2026 09:28:38.492,21.169582788330448,2.2116399384230494,68.6,271.1391583324124,-0.94,-0.51,10.3,-0.07,12.94,-0.08,-,20,50.12,35.16,83,-,22.75,1714.75,0.005,68.6,1.31,-,45,20.31,28.61,-,-,56.83,25.79,17.39,874,77.31,76,27.45,-
Fri Sep 11 09:28:39 GMT+03:00 2026,11-sept.-2026 09:28:39.652,21.807269822661706,1.8897084702350009,69.3,271.1391583324211,-0.16,3.45,9.31,0.11,14.9,0.12,-,20,50.16,35.16,83,29.87,64.71,1760.75,0.043,69.3,0.45,40.05,45,20.89,42.32,-,-,56.88,25.76,17.37,875,79.45,79,32.94,-
Fri Sep 11 09:28:40 GMT+03:00 2026,11-sept.-2026 09:28:40.313,22.18253006035281,3.5445214207194327,67.8,271.1391583322646,-0.1,2.89,9.46,0.09,14.9,0.13,-,20,50.19,35.16,82,21.6,51.37,1797.0,0.034,67.8,0.57,28.97,45,22.63,33.63,-,-,56.93,25.73,17.35,876,80.57,80,50.2,-
Fri Sep 11 09:28:41 GMT+03:00 2026,11-sept.-2026 09:28:41.677,22.880624879950883,1.7922123829118313,66.4,271.13915833264787,0.94,3.95,11.11,0.04,15.69,0.05,-,20,50.23,35.16,83,33.86,67.84,1865.0,0.048,66.4,0.17,45.41,45,24.37,52.58,-,-,56.86,25.81,17.33,877,81.83,82,48.24,-
Fri Sep 11 09:28:42 GMT+03:00 2026,11-sept.-2026 09:28:42.738,23.193007720349136,2.0285342470748344,70.1,271.1391583323545,2.35,0.19,8.3,0.0,14.51,-0.01,-,20,50.27,35.16,83,20.75,60.0,1548.25,0.031,70.1,2.41,27.83,45,23.5,40.99,-,-,56.79,25.9,17.31,878,81.59,84,46.67,-
Fri Sep 11 09:28:43 GMT+03:00 2026,11-sept.-2026 09:28:43.423,23.343403283109453,2.9608027428922874,68.1,271.13915833247256,-1.04,1.2,9.37,0.02,14.51,0.02,-,20,50.31,35.16,83,15.15,48.24,1564.75,0.024,68.1,1.24,20.31,44,22.48,28.54,-,-,56.73,25.99,17.29,879,83.76,85,33.73,-
Fri Sep 11 09:28:44 GMT+03:00 2026,11-sept.-2026 09:28:44.589,23.27599465777389,2.0839875941858272,69.2,271.1391583318757,-0.05,2.58,10.18,-0.02,14.12,-0.02,-,20,50.34,35.16,83,-,33.33,1550.0,0.013,69.2,0.03,-,44,22.48,28.35,-,-,56.66,26.07,17.27,880,83.97,84,39.22,-
Fri Sep 11 09:28:45 GMT+03:00 2026,11-sept.-2026 09:28:45.681,23.821483300364505,3.3247316548594634,68.7,271.1391583322447,-1.15,1.69,10.21,0.1,16.08,0.07,-,20,50.39,35.16,83,30.03,74.51,1599.75,0.041,68.7,1.46,40.27,44,23.35,42.27,-,-,56.6,26.16,17.25,881,84.54,86,49.41,-
Fri Sep 11 09:28:46 GMT+03:00 2026,11-sept.-2026 09:28:46.313,24.38643334229851,2.5218820824261883,67.5,271.13915833355054,-2.22,2.32,8.7,0.06,16.08,0.06,-,20,50.43,35.16,83,31.72,75.29,1630.0,0.043,67.5,0.77,42.53,44,23.06,42.91,-,-,56.53,26.24,17.23,882,88.77,88,52.94,-
Fri Sep 11 09:28:47 GMT+03:00 2026,11-sept.-2026 09:28:47.263,24.467776112208107,1.5968532211989306,69.8,271.13915833273813,-0.43,5.35,9.47,-0.01,14.51,-0.03,-,20,50.47,35.16,83,-,43.14,1636.25,0.023,69.8,0.55,-,44,22.34,29.96,-,-,56.47,26.33,17.21,883,88.55,88,32.94,-
Fri Sep 11 09:28:48 GMT+03:00 2026,11-sept.-2026 09:28:48.327,24.19429935729956,2.2545442043776345,67.0,271.139158332012,-0.62,1.72,8.57,-0.05,12.94,-0.03,-,20,50.51,34.81,83,-,20.39,1624.25,0.002,67,0.1,-,44,22.77,30.34,-,-,56.4,26.41,17.19,884,87.1,87,36.08,-
Fri Sep 11 09:28:49 GMT+03:00 2026,11-sept.-2026 09:28:49.282,24.91579827338551,1.8338616592921853,68.5,271.1391583322267,-0.73,4.78,9.67,0.08,16.86,0.07,-,20,50.56,35.16,83,38.56,84.31,1666.75,0.041,68.5,0.58,51.71,43,21.47,40.85,-,-,56.34,26.5,17.17,885,89.58,89,36.86,-
Fri Sep 11 09:28:50 GMT+03:00 2026,11-sept.-2026 09:28:50.293,25.027103161108464,2.049643397515849,67.0,271.1391583322376,-0.78,3.13,10.6,0.03,14.51,0.07,-,20,50.6,35.16,83,-,44.71,1681.75,0.026,67,0.33,-,43,19.87,27.5,-,-,56.27,26.58,17.15,886,89.67,90,36.08,-
Fri Sep 11 09:28:51 GMT+03:00 2026,11-sept.-2026 09:28:51.415,24.474940745423456,1.952959876498713,69.1,271.1391583325579,1.05,3.2,9.64,0.0,12.94,0.02,-,20,50.65,35.16,83,-,12.16,1638.75,0.0,69.1,2.32,-,43,21.76,40.67,-,-,56.21,26.67,17.13,887,85.68,88,24.71,-
Fri Sep 11 09:28:52 GMT+03:00 2026,11-sept.-2026 09:28:52.337,24.72929196717021,1.9534998596542912,68.0,271.1391583326896,-0.48,2.82,10.42,0.04,14.9,0.03,-,20,50.69,35.16,82,20.42,54.12,1655.0,0.025,68,2.1,27.38,43,18.56,25.22,-,-,56.14,26.75,17.11,888,87.9,90,15.69,-
Fri Sep 11 09:28:53 GMT+03:00 2026,11-sept.-2026 09:28:53.799,24.39407855602657,2.891466386237855,69.5,271.13915833212417,1.87,2.79,10.41,0.0,12.94,-0.02,-,20,50.73,35.16,83,-,20.39,1640.5,0.002,69.5,2.01,-,43,19.29,26.07,-,-,56.08,26.83,17.09,889,90.01,88,31.76,-
Fri Sep 11 09:28:54 GMT+03:00 2026,11-sept.-2026 09:28:54.608,24.75907603287401,2.1612668868826703,67.3,271.13915833244647,-0.13,1.44,8.72,0.1,14.9,0.08,-,20,50.78,35.16,83,24.6,61.96,1644.0,0.036,67.3,0.1,32.99,42,20.74,39.11,-,-,56.01,26.92,17.07,890,89.1,89,26.67,-
Fri Sep 11 09:28:55 GMT+03:00 2026,11-sept.-2026 09:28:55.479,24.80130116817644,1.617087082993824,67.7,271.1391583324594,-1.9,5.12,10.05,-0.05,14.51,-0.05,-,20,50.82,35.16,83,-,40.39,1652.5,0.021,67.7,0.04,-,42,18.56,25.4,-,-,55.95,27,17.05,891,88.96,89,25.88,-
Fri Sep 11 09:28:56 GMT+03:00 2026,11-sept.-2026 09:28:56.374,24.441659913882216,2.0979561578337043,68.0,271.1391583325975,-2.1,0.32,11.93,-0.04,13.33,-0.05,-,20,50.87,35.16,83,-,9.02,1639.75,0.0,68,0.86,-,42,20.45,38.44,-,-,55.89,27.09,17.03,892,87.14,88,22.35,-
Fri Sep 11 09:28:57 GMT+03:00 2026,11-sept.-2026 09:28:57.472,24.67362568603628,2.6041759345064843,70.5,271.1391583327407,-0.99,2.6,7.41,0.09,14.9,0.09,-,20,50.91,35.16,83,19.45,52.55,1657.0,0.027,70.5,0.81,26.08,42,19.44,26.69,-,-,55.82,27.17,17.01,893,89.81,89,22.35,-
Fri Sep 11 09:28:58 GMT+03:00 2026,11-sept.-2026 09:28:58.541,24.72846233759033,1.4730360831954563,67.8,271.3895088471669,-2.96,3.5,10.83,-0.05,12.94,-0.07,-,20,50.95,35.16,84,-,41.18,1655.5,0.022,67.8,0.63,-,41,18.42,25.19,-,-,55.76,27.25,16.99,894,88.37,89,23.92,-
Fri Sep 11 09:28:59 GMT+03:00 2026,11-sept.-2026 09:28:59.715,24.497835218355085,1.7133134513159587,68.8,273.5212284461825,1.82,2.48,10.36,-0.05,13.33,-0.09,-,20,50.99,35.16,83,-,22.35,1631.25,0.004,68.8,0.09,-,41,20.89,28.13,-,-,55.69,27.33,16.97,895,87.91,88,27.06,-
Fri Sep 11 09:29:00 GMT+03:00 2026,11-sept.-2026 09:29:00.503,24.852476821360817,4.113454209543846,70.2,275.3728169778901,-2.38,0.61,9.94,0.05,15.69,0.07,-,20,51.04,34.81,83,24.35,60.78,1658.75,0.036,70.2,0.72,32.65,40,20.02,38.19,-,-,55.63,27.42,16.95,896,89.28,90,25.1,-
Fri Sep 11 09:29:01 GMT+03:00 2026,11-sept.-2026 09:29:01.458,24.811308280589703,1.875868200491563,68.3,275.3728169784544,-1.62,-0.07,11.15,-0.01,14.51,-0.03,-,20,51.08,35.16,83,-,34.9,1656.25,0.017,68.3,1.0,-,40,19.58,26.97,-,-,55.57,27.5,16.93,897,90.0,89,29.02,-
Fri Sep 11 09:29:02 GMT+03:00 2026,11-sept.-2026 09:29:02.274,24.76194656094128,1.779605721623789,67.3,275.37281697815337,3.25,3.86,9.07,-0.03,14.12,-0.04,-,20,51.12,35.16,83,-,34.12,1663.0,0.016,67.3,0.7,-,40,19.14,26.6,-,-,55.51,27.58,16.91,898,88.3,89,13.73,-
Fri Sep 11 09:29:03 GMT+03:00 2026,11-sept.-2026 09:29:03.320,24.255865070800148,1.4237683301248143,68.3,275.37281697785954,0.04,2.52,9.71,-0.06,12.55,-0.05,-,20,51.17,35.16,83,-,9.8,1623.5,0.0,68.3,0.91,-,40,18.71,34.99,-,-,55.44,27.66,16.89,899,87.09,88,19.22,-
Fri Sep 11 09:29:04 GMT+03:00 2026,11-sept.-2026 09:29:04.620,24.44781461793449,1.5070448758193074,68.1,275.3728169793519,1.56,2.92,11.33,0.03,14.51,0.05,-,20,51.21,35.16,84,17.66,50.2,1632.75,0.025,68.1,0.15,23.69,40,18.27,24.81,-,-,55.38,27.75,16.87,900,88.15,88,16.86,-
Fri Sep 11 09:29:05 GMT+03:00 2026,11-sept.-2026 09:29:05.317,24.30373638791916,2.099037899051267,69.6,275.37281697893485,-1.36,1.4,10.03,0.01,13.33,0.02,-,20,51.25,34.81,83,-,27.84,1628.25,0.009,69.6,0.75,-,40,18.71,25.26,-,-,55.32,27.83,16.86,901,86.25,87,25.49,-
Fri Sep 11 09:29:06 GMT+03:00 2026,11-sept.-2026 09:29:06.613,24.37238264624972,1.6573186064560317,66.4,275.3728169773858,0.17,4.92,10.46,-0.01,13.33,-0.05,-,20,51.29,35.51,83,-,41.96,1636.5,0.022,-,0.81,-,40,20.16,27.33,-,-,55.25,27.91,16.84,902,88.81,88,21.57,-
Fri Sep 11 09:29:07 GMT+03:00 2026,11-sept.-2026 09:29:07.793,24.404711397838145,1.7556716171400977,68.7,275.37281697739104,-2.45,0.2,9.8,0.04,14.12,0.06,-,20,51.33,35.16,83,-,39.61,1635.0,0.02,68.7,0.85,-,40,20.45,27.77,-,-,55.19,27.99,16.82,903,87.85,87,32.55,-
Fri Sep 11 09:29:08 GMT+03:00 2026,11-sept.-2026 09:29:08.255,24.699661446104948,2.107166864818599,70.6,275.3728169786038,-1.07,1.29,8.14,0.02,14.9,-0.01,-,20,51.37,35.16,83,21.87,57.65,1634.5,0.033,70.6,1.55,29.32,40,20.74,39.19,-,-,55.13,28.07,16.8,904,90.55,89,29.41,-
Fri Sep 11 09:29:09 GMT+03:00 2026,11-sept.-2026 09:29:09.383,24.639949296189027,1.623307303333441,68.6,275.3728169779421,-2.83,0.81,8.97,-0.1,13.33,-0.1,-,20,51.42,35.51,84,-,33.33,1654.75,0.015,68.6,0.17,-,40,19.44,26.81,-,-,55.07,28.15,16.78,905,88.83,89,22.35,-
Fri Sep 11 09:29:10 GMT+03:00 2026,11-sept.-2026 09:29:10.713,24.337134927818795,1.422005249136283,69.6,275.3728169779031,0.29,2.37,9.57,-0.04,13.33,-0.06,-,20,51.46,35.16,83,-,20.39,1640.0,0.002,69.6,0.87,-,40,19.29,26.33,-,-,55.01,28.23,16.76,906,88.87,88,14.51,-
Fri Sep 11 09:29:11 GMT+03:00 2026,11-sept.-2026 09:29:11.700,24.32412501574405,1.7773977198722632,69.8,275.3728169784813,1.56,2.78,8.3,0.02,14.51,0.01,-,20,51.5,35.16,83,-,36.86,1622.5,0.017,69.8,0.42,-,40,17.11,22.94,-,-,54.94,28.31,16.74,907,87.42,87,9.41,-
Fri Sep 11 09:29:12 GMT+03:00 2026,11-sept.-2026 09:29:12.681,23.89242693349868,2.687399813011114,68.9,275.3728169779582,-1.09,2.32,11.05,-0.03,13.33,-0.04,-,20,51.54,35.16,83,-,11.76,1592.75,0.0,68.9,0.27,-,40,19.14,34.98,-,-,54.88,28.4,16.72,908,86.27,86,30.59,-
Fri Sep 11 09:29:13 GMT+03:00 2026,11-sept.-2026 09:29:13.752,24.50457402182458,3.029871237748046,68.9,275.37281697867144,0.84,2.74,10.81,0.13,15.69,0.13,-,20,51.58,35.16,84,33.49,77.65,1642.25,0.037,68.9,0.54,44.91,39,19.14,36.25,-,-,54.82,28.48,16.7,909,88.46,89,24.71,-
Fri Sep 11 09:29:14 GMT+03:00 2026,11-sept.-2026 09:29:14.648,24.24644222292389,1.6947832821678173,68.1,275.37281697856315,2.44,1.92,10.6,0.01,12.55,0.01,-,20,51.62,35.16,83,-,20.39,1641.5,0.002,68.1,0.61,-,39,18.13,24.69,-,-,54.76,28.56,16.69,910,87.61,87,25.49,-
Fri Sep 11 09:29:15 GMT+03:00 2026,11-sept.-2026 09:29:15.345,23.99800035690824,2.696738766637745,69.4,275.37281697724944,1.32,5.6,8.76,-0.01,12.94,0.01,-,20,51.66,35.16,83,-,20.78,1609.75,0.002,69.4,0.87,-,40,20.89,27.94,-,-,54.7,28.64,16.67,911,86.87,86,22.75,-
Fri Sep 11 09:29:16 GMT+03:00 2026,11-sept.-2026 09:29:16.347,24.496891620546915,1.8768188445679717,69.5,275.3728169779737,1.65,1.71,10.51,0.07,15.69,0.07,-,20,51.7,35.16,83,29.23,70.59,1635.5,0.037,69.5,2.41,39.19,40,19.44,36.69,-,-,54.64,28.72,16.65,912,89.41,87,31.76,-
Fri Sep 11 09:29:17 GMT+03:00 2026,11-sept.-2026 09:29:17.776,24.60467639867787,2.6923719586642725,70.1,275.3728169792596,-1.98,0.2,10.56,-0.01,14.12,0.0,-,20,51.74,35.16,84,-,44.31,1648.25,0.024,70.1,0.83,-,40,19.58,26.8,-,-,54.58,28.79,16.63,913,88.17,89,32.16,-
Fri Sep 11 09:29:18 GMT+03:00 2026,11-sept.-2026 09:29:18.617,24.367992155948297,1.792728065811182,69.4,275.3728169785826,0.59,0.71,9.94,-0.03,12.94,-0.05,-,20,51.78,35.16,84,-,21.96,1643.75,0.003,69.4,1.39,-,40,21.18,28.98,-,-,54.52,28.87,16.61,914,88.39,87,23.92,-
Fri Sep 11 09:29:19 GMT+03:00 2026,11-sept.-2026 09:29:19.298,24.552426868081696,1.6729227031954133,69.1,275.3728169772317,0.09,2.47,9.4,0.06,14.9,0.08,-,20,51.82,35.16,84,17.51,49.41,1645.5,0.028,69.1,0.18,23.48,40,20.02,27.34,-,-,54.45,28.95,16.59,915,88.18,88,23.92,-
Fri Sep 11 09:29:20 GMT+03:00 2026,11-sept.-2026 09:29:20.785,24.646676222130157,3.212664979004227,70.2,275.3728169773116,-0.27,2.32,11.57,-0.03,14.9,-0.03,-,20,51.86,35.51,84,-,43.92,1645.25,0.024,70.2,0.65,-,40,19.14,26.21,-,-,54.39,29.03,16.57,916,88.35,89,26.27,-
Fri Sep 11 09:29:21 GMT+03:00 2026,11-sept.-2026 09:29:21.324,24.52087958119931,2.264366328010561,69.4,275.3728169781098,3.83,4.19,9.88,0.04,12.94,0.0,-,20,51.9,35.16,83,-,29.02,1644.25,0.011,69.4,1.22,-,40,19.73,26.92,-,-,54.33,29.11,16.56,917,86.78,88,19.22,-
Fri Sep 11 09:29:22 GMT+03:00 2026,11-sept.-2026 09:29:22.393,24.4038335159361,1.7717943238249048,70.1,275.37281697807833,2.38,1.44,7.75,0.04,13.73,0.05,-,20,51.94,35.16,84,-,29.41,1649.5,0.011,70.1,0.75,-,40,18.85,25.78,-,-,54.27,29.19,16.54,918,87.25,88,14.9,-
Fri Sep 11 09:29:23 GMT+03:00 2026,11-sept.-2026 09:29:23.478,24.324328730406563,1.4089180315380243,68.6,275.3728169785292,1.53,2.08,6.86,0.05,14.51,0.05,-,20,51.98,35.16,84,-,32.16,1637.0,0.014,68.6,0.2,-,40,18.13,24.7,-,-,54.21,29.27,16.52,919,86.8,87,15.69,-
Fri Sep 11 09:29:24 GMT+03:00 2026,11-sept.-2026 09:29:24.413,24.246192959192182,2.538102540013328,70.0,275.37281697873016,2.0,1.51,8.82,-0.03,13.73,0.0,-,20,52.02,35.16,84,-,32.16,1629.5,0.014,70,1.39,-,40,18.71,25.36,-,-,54.15,29.35,16.5,920,86.61,88,19.61,-
Fri Sep 11 09:29:25 GMT+03:00 2026,11-sept.-2026 09:29:25.416,24.28266614840274,3.020711447551391,69.5,275.3728169785176,-1.34,1.58,9.62,-0.02,14.51,-0.02,-,20,52.06,35.16,84,-,40.0,1621.0,0.02,69.5,1.35,-,40,18.71,25.19,-,-,54.09,29.42,16.48,921,88.35,87,18.82,-
Fri Sep 11 09:29:26 GMT+03:00 2026,11-sept.-2026 09:29:26.282,24.162902705438228,1.8196038821623044,71.0,275.3728169779591,-4.05,1.35,9.49,-0.05,12.94,-0.05,-,20,52.1,35.16,84,-,29.41,1613.75,0.011,71,0.58,-,40,20.02,26.65,-,-,54.03,29.5,16.46,922,87.58,87,27.45,-
Fri Sep 11 09:29:27 GMT+03:00 2026,11-sept.-2026 09:29:27.242,24.43745089212712,2.8856703427462085,69.6,275.3728169779664,-0.15,4.45,8.71,0.03,14.9,0.02,-,20,52.14,35.16,84,20.74,55.69,1631.75,0.032,69.6,0.01,27.81,41,20.16,37.89,-,-,53.97,29.58,16.45,923,87.99,88,26.27,-
Fri Sep 11 09:29:28 GMT+03:00 2026,11-sept.-2026 09:29:28.582,24.421477117670957,2.0959652336341508,69.8,275.37281697824017,0.48,2.56,9.8,0.02,14.12,-0.03,-,20,52.18,35.51,84,-,36.47,1637.25,0.017,69.8,1.65,-,41,21.03,28.47,-,-,53.91,29.66,16.43,924,86.35,88,36.08,-
Fri Sep 11 09:29:29 GMT+03:00 2026,11-sept.-2026 09:29:29.475,24.70921862252299,1.860336455314652,69.2,275.37281697851654,2.04,2.87,6.63,0.03,14.9,0.06,-,20,52.22,35.16,84,21.61,56.47,1649.5,0.033,69.2,0.71,28.97,41,21.61,41.13,-,-,53.85,29.74,16.41,925,88.29,89,30.59,-
Fri Sep 11 09:29:30 GMT+03:00 2026,11-sept.-2026 09:29:30.770,24.76509232309648,2.331196517842393,69.0,275.3728169783806,-1.86,1.76,8.2,0.04,14.51,0.01,-,20,52.26,35.16,84,-,41.18,1649.0,0.022,69,1.46,-,41,21.03,28.75,-,-,53.8,29.81,16.39,926,90.46,89,32.94,-
Fri Sep 11 09:29:31 GMT+03:00 2026,11-sept.-2026 09:29:31.365,24.83913223960902,1.6865416942071243,69.3,275.37281697721573,-3.88,3.89,9.16,0.0,14.12,0.01,-,20,52.3,35.51,83,-,42.35,1655.75,0.023,69.3,1.27,-,41,21.03,28.86,-,-,53.74,29.89,16.37,927,88.73,90,25.1,-
Fri Sep 11 09:29:32 GMT+03:00 2026,11-sept.-2026 09:29:32.345,24.809179460206,1.630301783178941,68.8,275.3728169782892,-1.7,2.53,9.47,-0.1,14.51,-0.09,-,20,52.34,35.16,83,-,35.69,1661.0,0.017,68.8,0.46,-,41,19,26.18,-,-,53.68,29.97,16.36,928,89.54,90,17.65,-
Fri Sep 11 09:29:33 GMT+03:00 2026,11-sept.-2026 09:29:33.624,24.53324058236853,2.839942665471291,69.2,275.3728169784607,-0.28,2.23,8.16,-0.03,13.33,-0.02,-,20,52.38,35.16,84,-,20.39,1656.5,0.002,69.2,1.81,-,41,20.31,27.85,-,-,53.62,30.04,16.34,929,87.19,89,27.45,-
Fri Sep 11 09:29:34 GMT+03:00 2026,11-sept.-2026 09:29:34.576,25.01192762586689,3.0202134339185736,69.7,275.3728169779887,-1.66,2.86,10.1,0.02,15.29,-0.02,-,20,52.42,35.16,84,29.34,68.24,1672.5,0.037,69.7,1.3,39.34,41,19.14,37.03,-,-,53.56,30.12,16.32,930,91.3,90,23.14,-
Fri Sep 11 09:29:35 GMT+03:00 2026,11-sept.-2026 09:29:35.452,24.802508651306145,1.9633154216459627,72.1,275.3728169780866,1.28,0.04,9.79,-0.09,13.33,-0.1,-,20,52.46,35.16,83,-,23.92,1654.5,0.006,72.1,0.19,-,41,20.16,27.61,-,-,53.5,30.2,16.3,931,88.81,89,35.69,-
Fri Sep 11 09:29:36 GMT+03:00 2026,11-sept.-2026 09:29:36.497,25.06543802655236,2.4524660263473432,68.9,275.37281697741105,-1.56,2.33,10.49,0.02,14.9,0.01,-,20,52.5,35.16,84,21.15,54.12,1686.5,0.028,68.9,0.62,28.36,41,19.87,27.88,-,-,53.44,30.27,16.28,932,90.62,90,16.86,-
Fri Sep 11 09:29:37 GMT+03:00 2026,11-sept.-2026 09:29:37.376,24.53181654815428,2.47686080551144,69.1,275.37281697843844,2.21,2.2,11.06,-0.01,12.94,0.0,-,20,52.54,34.81,84,-,10.59,1639.25,0.0,69.1,1.72,-,41,18.56,35,-,-,53.38,30.35,16.27,933,89.72,88,22.75,-
Fri Sep 11 09:29:38 GMT+03:00 2026,11-sept.-2026 09:29:38.429,24.58412199580023,2.568766726153364,68.7,275.37281697940443,-1.75,3.56,6.82,0.02,13.73,0.0,-,20,52.58,35.51,84,-,40.39,1659.5,0.022,68.7,0.28,-,41,20.16,27.69,-,-,53.33,30.43,16.25,934,88.28,88,22.35,-
Fri Sep 11 09:29:39 GMT+03:00 2026,11-sept.-2026 09:29:39.601,24.807203508309293,2.138859296422216,70.4,275.3728169789301,-1.37,0.86,8.99,0.06,15.29,0.08,-,20,52.62,35.16,84,19.29,52.16,1652.5,0.029,70.4,0.37,25.87,41,21.03,28.72,-,-,53.27,30.5,16.23,935,88.63,89,42.75,-
Fri Sep 11 09:29:40 GMT+03:00 2026,11-sept.-2026 09:29:40.535,25.37769786375557,2.956931145626444,69.7,275.3728169780459,-1.88,2.71,8.09,0.02,15.29,0.05,-,20,52.66,34.81,84,33.52,72.55,1715.75,0.044,69.7,1.16,44.96,41,21.9,43.67,-,-,53.21,30.58,16.21,936,92.16,91,39.22,-
Fri Sep 11 09:29:41 GMT+03:00 2026,11-sept.-2026 09:29:41.520,25.28114132029308,2.2687733519619813,70.5,275.3728169777058,-0.35,2.87,10.19,-0.07,13.73,-0.07,-,20,52.7,35.16,84,-,31.37,1704.75,0.014,70.5,1.09,-,41,20.74,29.42,-,-,53.15,30.65,16.2,937,92.09,91,27.45,-
Fri Sep 11 09:29:42 GMT+03:00 2026,11-sept.-2026 09:29:42.358,24.9845146835037,2.069863580966816,69.3,275.37281697777576,-0.58,2.02,10.2,-0.01,13.73,-0.02,-,20,52.74,35.16,84,-,20.39,1673.25,0.002,69.3,0.28,-,41,19.73,27.53,-,-,53.09,30.73,16.18,938,90.28,90,12.94,-
Fri Sep 11 09:29:43 GMT+03:00 2026,11-sept.-2026 09:29:43.598,24.935673901798943,1.874250869955812,70.8,275.37281697776274,-1.94,4.34,7.13,-0.06,13.73,-0.05,-,20,52.78,35.16,84,-,34.12,1678.5,0.016,70.8,1.75,-,41,17.98,25.04,-,-,53.04,30.8,16.16,939,88.25,90,14.12,-
Fri Sep 11 09:29:44 GMT+03:00 2026,11-sept.-2026 09:29:44.580,24.8886430544472,1.5434480005443854,71.1,275.3728169774424,-0.35,2.68,9.8,0.01,13.33,0.04,-,20,52.82,35.16,84,-,34.12,1680.25,0.016,71.1,0.72,-,41,19.14,26.78,-,-,52.98,30.88,16.14,940,89.72,89,26.67,-
Fri Sep 11 09:29:45 GMT+03:00 2026,11-sept.-2026 09:29:45.767,25.16644292747303,1.598888553461944,69.2,275.3728169780749,0.14,2.2,7.45,0.02,16.08,0.0,-,20,52.86,35.16,84,21.86,54.9,1690.75,0.028,69.2,0.75,29.32,41,19.58,27.57,-,-,52.92,30.95,16.13,941,90.25,91,23.92,-
Fri Sep 11 09:29:46 GMT+03:00 2026,11-sept.-2026 09:29:46.501,24.988694739640856,1.7624253329586883,69.9,275.3728169782943,1.71,2.28,9.65,-0.04,12.94,-0.04,-,20,52.9,35.16,83,-,25.88,1677.25,0.008,69.9,0.46,-,40,19,26.59,-,-,52.86,31.03,16.11,942,89.54,90,20.78,-
Fri Sep 11 09:29:47 GMT+03:00 2026,11-sept.-2026 09:29:47.663,24.803576640503596,1.7646488718422657,70.6,275.3728169788,-1.4,4.32,8.88,0.02,13.33,0.01,-,20,52.94,35.16,84,-,25.49,1669.0,0.007,70.6,0.6,-,41,20.16,28.02,-,-,52.81,31.1,16.09,943,89.6,89,21.57,-
Fri Sep 11 09:29:48 GMT+03:00 2026,11-sept.-2026 09:29:48.744,25.11501606648681,2.674352476357281,70.8,275.37281697910856,0.5,3.11,10.54,0.1,14.9,0.1,-,20,52.98,34.81,84,23.08,56.86,1691.5,0.035,70.8,0.54,30.96,41,18.56,36.44,-,-,52.75,31.18,16.07,944,89.46,90,21.18,-
Fri Sep 11 09:29:49 GMT+03:00 2026,11-sept.-2026 09:29:49.561,24.930752164640342,2.4259865810769385,70.5,275.3728169782516,0.26,2.26,8.56,-0.08,12.94,-0.08,-,20,53.02,35.16,84,-,25.49,1667.5,0.008,70.5,1.2,-,41,18.71,25.9,-,-,52.69,31.25,16.06,945,88.8,90,21.96,-
Fri Sep 11 09:29:50 GMT+03:00 2026,11-sept.-2026 09:29:50.532,24.772679558925685,2.975982403477511,70.0,275.37281697781714,1.14,4.33,8.77,0.02,13.33,0.0,-,20,53.06,35.16,84,-,27.06,1670.25,0.009,70,1.14,-,41,20.02,27.85,-,-,52.64,31.32,16.04,946,89.14,88,19.61,-
Fri Sep 11 09:29:51 GMT+03:00 2026,11-sept.-2026 09:29:51.438,24.972855352220183,3.8346548395238025,70.7,275.3728169776125,0.89,1.81,9.1,0.01,13.73,0.01,-,20,53.1,35.16,84,18.63,50.59,1668.25,0.027,70.7,0.65,24.98,41,19.44,26.89,-,-,52.58,31.4,16.02,947,90.65,90,25.88,-
Fri Sep 11 09:29:52 GMT+03:00 2026,11-sept.-2026 09:29:52.415,25.06875958079083,3.67188734841854,69.9,275.372816978233,-0.23,0.22,11.13,0.04,13.73,0.05,-,20,53.14,35.16,84,-,43.14,1696.75,0.025,69.9,0.59,-,41,19.29,27.19,-,-,52.52,31.47,16,948,90.59,90,24.31,-
Fri Sep 11 09:29:53 GMT+03:00 2026,11-sept.-2026 09:29:53.419,24.85041116904116,2.6630730623509606,71.2,275.37281697802644,-1.84,3.0,9.32,-0.11,13.73,-0.1,-,20,53.18,35.16,84,-,23.14,1676.5,0.005,71.2,1.56,-,40,21.32,29.73,-,-,52.47,31.55,15.99,949,90.56,89,30.98,-
Fri Sep 11 09:29:54 GMT+03:00 2026,11-sept.-2026 09:29:54.522,25.33616676851592,2.3301504572501264,69.5,275.37281697763336,0.76,2.3,6.53,0.1,15.69,0.08,-,20,53.22,35.16,84,30.16,67.84,1704.5,0.042,69.5,0.82,40.45,40,21.18,41.93,-,-,52.41,31.62,15.97,950,91.18,92,32.94,-
Fri Sep 11 09:29:55 GMT+03:00 2026,11-sept.-2026 09:29:55.449,25.517811335625098,1.4930710008100692,70.4,275.37281697855644,-0.12,2.22,8.79,0.0,14.9,0.02,-,20,53.26,35.51,84,18.6,48.24,1729.75,0.029,70.4,2.9,24.95,40,19.58,28.35,-,-,52.36,31.69,15.95,951,93.9,91,31.37,-
Fri Sep 11 09:29:56 GMT+03:00 2026,11-sept.-2026 09:29:56.279,25.15248562608275,1.539708867719706,69.8,275.3728169783046,0.21,3.14,9.97,0.01,12.55,-0.01,-,20,53.3,35.16,85,-,9.41,1683.0,0.0,69.8,0.97,-,41,21.03,40.93,-,-,52.3,31.76,15.94,952,90.97,90,23.92,-
Fri Sep 11 09:29:57 GMT+03:00 2026,11-sept.-2026 09:29:57.429,25.32831026093099,1.8851851903170196,70.9,275.37281697777496,1.56,2.28,8.46,0.05,14.9,0.07,-,20,53.34,35.16,84,18.14,48.24,1704.0,0.028,70.9,0.76,24.32,41,19.44,27.51,-,-,52.24,31.84,15.92,953,90.24,91,18.43,-
Fri Sep 11 09:29:58 GMT+03:00 2026,11-sept.-2026 09:29:58.317,25.26610351156567,2.020525110269751,70.7,275.3728169783046,0.38,4.55,12.42,0.03,13.73,0.06,-,20,53.38,35.16,84,-,33.73,1687.25,0.016,70.7,0.36,-,41,18.71,26.17,-,-,52.19,31.91,15.9,954,91.36,91,24.31,-
Fri Sep 11 09:29:59 GMT+03:00 2026,11-sept.-2026 09:29:59.676,25.22445426454092,3.3787685446974915,71.4,275.3728169784901,0.61,2.16,10.5,-0.07,13.73,-0.04,-,20,53.42,35.16,84,-,34.9,1696.5,0.017,71.4,0.7,-,41,20.89,29.38,-,-,52.13,31.98,15.88,955,90.3,91,26.67,-
Fri Sep 11 09:30:00 GMT+03:00 2026,11-sept.-2026 09:30:00.271,25.48892074631448,1.4143306841291277,70.7,275.372816977848,0.4,3.78,8.64,0.03,14.51,0.02,-,20,53.46,35.16,84,21.8,54.51,1703.25,0.027,70.7,2.28,29.23,42,19.29,27.22,-,-,52.08,32.06,15.87,956,93.28,91,21.96,-
Fri Sep 11 09:30:01 GMT+03:00 2026,11-sept.-2026 09:30:01.799,25.23670620533754,2.62603708973212,71.2,275.37281697787137,-0.3,2.72,9.61,0.02,12.94,0.01,-,20,53.5,34.81,84,-,21.57,1699.0,0.003,71.2,0.61,-,43,20.02,28.05,-,-,52.02,32.13,15.85,957,91.61,91,26.67,-
Fri Sep 11 09:30:02 GMT+03:00 2026,11-sept.-2026 09:30:02.717,25.37869711595769,2.2676759202648693,70.3,275.3728169784359,1.17,0.9,11.53,0.02,14.12,-0.01,-,20,53.54,35.51,85,16.89,47.06,1682.5,0.028,70.3,1.51,22.65,44,20.02,27.8,-,-,51.97,32.2,15.83,958,92.51,91,20.0,-
Fri Sep 11 09:30:03 GMT+03:00 2026,11-sept.-2026 09:30:03.771,25.369164896316125,2.8495400786501914,70.4,275.37281697919855,0.51,2.93,8.6,0.0,13.33,0.01,-,20,53.58,34.81,85,-,36.47,1712.5,0.019,70.4,0.05,-,45,19.14,26.9,-,-,51.91,32.27,15.82,959,91.95,92,25.1,-
Fri Sep 11 09:30:04 GMT+03:00 2026,11-sept.-2026 09:30:04.656,25.328865818594775,1.7844360379114284,70.7,275.37281697777087,-1.27,3.16,9.77,-0.04,13.73,-0.03,-,20,53.62,35.16,84,-,35.29,1684.75,0.017,70.7,1.41,-,46,20.74,28.53,-,-,51.86,32.34,15.8,960,92.41,91,25.88,-
Fri Sep 11 09:30:05 GMT+03:00 2026,11-sept.-2026 09:30:05.337,25.50453749953596,1.9584572447293536,71.2,275.3728169768273,1.4,2.61,9.3,-0.01,14.51,0.01,-,20,53.66,35.51,84,18.35,48.63,1704.0,0.028,71.2,1.16,24.61,46,19.87,27.75,-,-,51.8,32.42,15.78,961,90.84,92,23.92,-
Fri Sep 11 09:30:06 GMT+03:00 2026,11-sept.-2026 09:30:06.726,25.42144505284741,1.701228346317342,70.2,275.3728169785787,-0.85,2.16,11.23,-0.02,14.51,-0.01,-,20,53.7,35.16,85,-,32.16,1706.5,0.015,70.2,0.37,-,47,20.02,28.02,-,-,51.75,32.49,15.77,962,91.63,92,25.88,-
Fri Sep 11 09:30:07 GMT+03:00 2026,11-sept.-2026 09:30:07.267,25.461142088773155,2.542836376737454,72.3,275.37281697919093,-0.63,1.65,8.99,0.07,14.9,0.07,-,20,53.74,35.16,84,-,40.39,1697.25,0.022,72.3,0.04,-,47,20.74,28.73,-,-,51.69,32.56,15.75,963,92.04,92,25.49,-
Fri Sep 11 09:30:08 GMT+03:00 2026,11-sept.-2026 09:30:08.773,25.616153740897648,2.1694240538281457,72.1,275.37281697871924,2.94,1.94,9.61,0.0,14.12,0.02,-,21,53.79,35.16,84,17.69,47.45,1713.0,0.028,72.1,0.36,23.72,47,20.02,27.94,-,-,51.64,32.63,15.73,964,92.36,92,25.88,-
Fri Sep 11 09:30:09 GMT+03:00 2026,11-sept.-2026 09:30:09.739,25.55406899794336,2.062407021479188,70.8,275.37281697724234,-2.48,2.14,9.64,0.01,13.73,0.02,-,21,53.83,35.16,85,-,33.73,1697.5,0.016,70.8,0.37,-,47,20.16,27.89,-,-,51.58,32.7,15.72,965,92.37,92,24.31,-
Fri Sep 11 09:30:10 GMT+03:00 2026,11-sept.-2026 09:30:10.663,25.51782196667852,1.6120654849974092,70.7,275.37281697795896,2.16,1.51,9.08,-0.07,14.12,-0.07,-,21,53.87,35.16,84,-,35.29,1707.25,0.018,70.7,1.3,-,47,21.18,29.57,-,-,51.53,32.77,15.7,966,92.3,91,29.8,-
Fri Sep 11 09:30:11 GMT+03:00 2026,11-sept.-2026 09:30:11.377,25.913218873697534,1.95093454748952,72.0,275.3728169782513,-1.71,2.76,10.08,0.02,14.51,-0.01,-,21,53.91,34.81,84,27.59,62.35,1732.5,0.04,72,0.49,36.99,47,23.5,46.28,-,-,51.47,32.84,15.68,967,93.49,93,55.69,-
Fri Sep 11 09:30:12 GMT+03:00 2026,11-sept.-2026 09:30:12.749,27.81397243530764,2.082353785473795,71.2,275.3728169780815,1.09,0.86,11.58,0.13,16.86,0.12,-,21,53.96,35.16,85,56.24,100.0,1865.0,0.057,71.2,0.33,75.42,48,26.69,56.83,-,-,51.42,32.91,15.67,968,99.67,100,80.78,-
Fri Sep 11 09:30:13 GMT+03:00 2026,11-sept.-2026 09:30:13.632,29.36182673527845,3.352891678790048,71.3,275.37281697848056,-0.35,1.97,13.39,0.17,16.86,0.18,-,21,54.01,35.16,85,58.87,100.0,1952.0,0.067,71.3,0.98,78.94,48,29.73,66.52,-,-,51.37,32.98,15.65,969,104.02,105,95.29,-
Fri Sep 11 09:30:14 GMT+03:00 2026,11-sept.-2026 09:30:14.346,30.812764667224425,1.7885917943448812,71.4,275.37281697793526,-1.31,3.27,9.29,0.16,17.25,0.14,-,21,54.07,35.16,85,61.87,100.0,2051.25,0.075,71.4,1.5,82.97,48,31.47,74.22,-,-,51.31,33.05,15.63,970,112.5,111,94.9,-
Fri Sep 11 09:30:15 GMT+03:00 2026,11-sept.-2026 09:30:15.284,32.171666161143776,1.906789529216101,72.0,275.3728169784696,-2.74,-0.19,10.37,0.16,16.08,0.14,-,21,54.13,35.16,85,64.97,100.0,2154.25,0.079,72,0.95,87.13,48,31.62,78.57,-,-,51.26,33.12,15.62,971,115.05,116,94.51,-
Fri Sep 11 09:30:16 GMT+03:00 2026,11-sept.-2026 09:30:16.463,33.29061608472343,2.6907259160552046,69.7,275.3728169782356,1.1,3.98,10.43,0.14,16.86,0.16,-,21,54.2,35.16,84,67.44,100.0,2236.25,0.08,69.7,1.08,90.44,48,30.6,79.3,-,-,51.2,33.19,15.6,972,118.92,120,83.92,-
Fri Sep 11 09:30:17 GMT+03:00 2026,11-sept.-2026 09:30:17.698,33.75762431386178,1.465086799782274,71.9,275.3728169776971,1.26,2.46,9.65,0.02,16.08,0.04,-,21,54.27,35.16,85,46.24,73.73,2261.75,0.063,71.9,0.81,62.01,48,27.41,71.76,-,-,51.15,33.26,15.59,973,121.81,121,57.65,-
Fri Sep 11 09:30:18 GMT+03:00 2026,11-sept.-2026 09:30:18.653,33.53460767200159,3.5250827778508027,71.0,275.372816977922,0.57,3.78,9.8,-0.05,12.94,-0.06,-,21,54.34,35.16,85,-,31.37,2259.75,0.019,71,0.72,-,49,24.51,46.17,-,-,51.1,33.33,15.57,974,121.72,121,33.73,-
Fri Sep 11 09:30:19 GMT+03:00 2026,11-sept.-2026 09:30:19.646,33.40791767350551,2.0802683464489,73.0,275.3728169783442,-1.52,0.63,9.06,-0.02,14.12,-0.04,-,21,54.41,35.16,85,-,36.86,2244.25,0.027,73,1.67,-,49,23.21,43.28,-,-,51.04,33.4,15.55,975,119.33,121,30.98,-
Fri Sep 11 09:30:20 GMT+03:00 2026,11-sept.-2026 09:30:20.349,33.75435407054355,2.4043782403860643,73.8,275.3728169785723,0.33,1.09,10.17,0.03,15.29,0.03,-,21,54.48,35.16,85,40.01,66.67,2258.25,0.052,73.8,1.54,53.65,49,19.87,51.87,-,-,50.99,33.47,15.54,976,120.46,122,26.27,-
Fri Sep 11 09:30:21 GMT+03:00 2026,11-sept.-2026 09:30:21.314,33.156117110089994,2.4293613792215734,72.7,275.372816978149,-0.19,0.18,9.12,-0.05,13.33,-0.03,-,21,54.55,34.81,85,-,11.37,2217.25,0.0,72.7,0.35,-,49,20.02,51.24,-,-,50.94,33.54,15.52,977,118.65,119,25.1,-
Fri Sep 11 09:30:22 GMT+03:00 2026,11-sept.-2026 09:30:22.331,32.98449183462824,1.6164916830464344,72.7,275.3728169780068,-0.47,3.4,8.63,-0.01,13.73,-0.01,-,21,54.62,35.16,85,-,34.12,2193.25,0.022,72.7,0.41,-,50,21.61,39.23,-,-,50.88,33.61,15.5,978,118.41,118,25.49,-
Fri Sep 11 09:30:23 GMT+03:00 2026,11-sept.-2026 09:30:23.666,33.34082038647956,4.079443643865254,71.7,275.3728169775986,-0.83,0.47,9.86,0.02,15.29,0.0,-,21,54.68,35.16,85,39.63,66.67,2226.25,0.055,71.7,0.94,53.15,50,21.18,54.15,-,-,50.83,33.68,15.49,979,120.06,121,39.61,-
Fri Sep 11 09:30:24 GMT+03:00 2026,11-sept.-2026 09:30:24.606,33.53329844037713,1.8347545957787956,73.2,275.372816978018,2.02,3.29,8.5,0.02,14.51,0.0,-,21,54.75,34.81,85,31.64,56.86,2238.25,0.048,73.2,2.54,42.42,49,23.5,60.57,-,-,50.78,33.75,15.47,980,118.46,121,47.06,-
Fri Sep 11 09:30:25 GMT+03:00 2026,11-sept.-2026 09:30:25.738,33.67779562072213,3.50751879770337,70.9,275.3728169784316,-0.32,1.07,9.83,-0.01,14.51,0.0,-,21,54.82,35.16,85,29.44,54.12,2251.25,0.042,70.9,0.6,39.47,49,22.19,41.6,-,-,50.73,33.82,15.46,981,121.6,121,29.02,-
Fri Sep 11 09:30:26 GMT+03:00 2026,11-sept.-2026 09:30:26.782,33.153328837093405,2.299144872214365,71.0,275.37281697866746,-0.66,1.81,9.56,-0.03,13.73,-0.05,-,21,54.89,35.16,85,-,12.55,2197.5,0.0,71,1.96,-,47,21.18,54.05,-,-,50.67,33.89,15.44,982,120.96,119,25.49,-
Fri Sep 11 09:30:27 GMT+03:00 2026,11-sept.-2026 09:30:27.631,33.194763741978,3.3408437429461117,71.5,275.3728169787052,0.19,0.42,9.66,-0.04,14.9,-0.07,-,21,54.96,35.16,85,-,47.45,2201.25,0.037,71.5,1.52,-,46,19.87,36.8,-,-,50.62,33.95,15.42,983,120.52,119,17.65,-
Fri Sep 11 09:30:28 GMT+03:00 2026,11-sept.-2026 09:30:28.718,33.01674314744198,1.622828395466526,72.5,275.3728169781076,1.02,2.1,10.49,-0.06,13.73,-0.1,-,21,55.02,35.16,85,-,33.33,2210.75,0.022,72.5,0.44,-,44,19.73,36.79,-,-,50.57,34.02,15.41,984,119.44,119,29.41,-
Fri Sep 11 09:30:29 GMT+03:00 2026,11-sept.-2026 09:30:29.397,33.11259027107192,1.6290660260906848,70.8,275.37281697837363,1.5,3.08,10.0,0.0,14.9,0.01,-,21,55.09,35.51,86,-,50.59,2219.25,0.041,70.8,0.05,-,43,22.19,41.76,-,-,50.52,34.09,15.39,985,118.95,119,32.94,-
Fri Sep 11 09:30:30 GMT+03:00 2026,11-sept.-2026 09:30:30.744,33.29678085148387,1.6886411662485783,70.6,275.3728169778545,1.77,4.86,8.65,0.01,14.9,0.01,-,21,55.15,35.16,84,30.77,56.08,2227.5,0.047,70.6,1.08,41.26,42,20.45,53.67,-,-,50.46,34.16,15.38,986,121.08,120,27.84,-
Fri Sep 11 09:30:31 GMT+03:00 2026,11-sept.-2026 09:30:31.341,32.84016903921593,2.8914130560516007,70.2,275.37281697783993,-1.11,2.16,7.59,-0.03,12.94,0.0,-,21,55.22,35.16,85,-,20.0,2201.25,0.002,70.2,0.96,-,42,22.05,41.25,-,-,50.41,34.23,15.36,987,118.04,119,32.94,-
Fri Sep 11 09:30:32 GMT+03:00 2026,11-sept.-2026 09:30:32.534,33.151521293843025,2.074135667116406,70.3,275.3728169780122,-2.16,1.26,7.92,-0.01,14.9,-0.03,-,21,55.29,35.16,85,36.95,63.53,2219.75,0.054,70.3,0.45,49.55,41,22.92,59.98,-,-,50.36,34.29,15.35,988,120.45,120,36.86,-
Fri Sep 11 09:30:33 GMT+03:00 2026,11-sept.-2026 09:30:33.493,33.50327394213318,2.345664168270595,71.3,275.372816978507,1.94,1.0,10.5,-0.01,15.69,0.0,-,21,55.35,35.16,85,39.74,66.67,2246.5,0.057,71.3,0.24,53.3,41,23.06,61.17,-,-,50.31,34.36,15.33,989,120.76,121,51.37,-
Fri Sep 11 09:30:34 GMT+03:00 2026,11-sept.-2026 09:30:34.408,33.7277414349121,2.281095018607216,70.7,275.3728169783568,-1.2,4.68,11.54,0.02,15.29,0.02,-,21,55.42,35.16,84,33.65,59.22,2256.5,0.05,70.7,0.51,45.13,41,24.95,66.63,-,-,50.26,34.43,15.31,990,121.51,121,45.88,-
Fri Sep 11 09:30:35 GMT+03:00 2026,11-sept.-2026 09:30:35.680,33.7983891934033,2.3449802204768124,73.1,275.3728169780973,2.05,2.34,6.94,0.01,14.51,0.05,-,21,55.49,35.16,85,-,49.8,2262.25,0.041,73.1,1.1,-,41,22.05,42.62,-,-,50.21,34.5,15.3,991,120.9,122,28.24,-
Fri Sep 11 09:30:36 GMT+03:00 2026,11-sept.-2026 09:30:36.425,31.398389193403304,2.361213342181241,72.8,275.3728169782174,-0.1,4.74,11.41,-0.24,13.73,-0.24,-,-,55.55,34.81,-,-,11.76,2087.5,0.0,72.8,0.46,-,-,-,-,-,-,50.15,34.56,15.28,992,112.54,113,13.33,-
Fri Sep 11 09:30:37 GMT+03:00 2026,11-sept.-2026 09:30:37.553,28.998389193403305,2.472559179009972,72.4,275.37281697804195,1.47,1.23,10.85,-0.34,13.33,-0.33,-,21,55.6,35.16,85,-,9.41,1940.75,0.0,72.4,1.96,-,40,16.53,37.58,-,-,50.1,34.63,15.27,993,105.96,104,1.96,-
Fri Sep 11 09:30:38 GMT+03:00 2026,11-sept.-2026 09:30:38.282,27.1628383229759,1.4490825126450146,73.7,275.37281697882315,-1.48,0.76,10.87,-0.18,12.55,-0.21,-,21,55.64,35.16,85,-,11.37,1820.5,0.0,73.7,0.76,-,40,14.36,30.65,-,-,50.05,34.7,15.25,994,97.76,97,1.96,-
Fri Sep 11 09:30:39 GMT+03:00 2026,11-sept.-2026 09:30:39.379,26.123109354249262,1.8281878677967696,69.7,275.37281697787256,0.01,1.08,9.87,-0.09,13.73,-0.09,-,21,55.68,35.16,85,-,11.37,1738.25,0.0,69.7,0.36,-,40,14.36,29.15,-,-,50,34.76,15.24,995,94.36,94,1.96,-
Fri Sep 11 09:30:40 GMT+03:00 2026,11-sept.-2026 09:30:40.302,25.71466291416008,1.6781105607268223,71.4,275.3728169774097,-0.74,3.96,7.86,-0.05,12.16,-0.03,-,21,55.72,35.16,85,-,10.59,1710.25,0.0,71.4,0.48,-,39,14.65,29.02,-,-,49.95,34.83,15.22,996,93.48,93,2.35,-
Fri Sep 11 09:30:41 GMT+03:00 2026,11-sept.-2026 09:30:41.559,25.390453451557036,2.5290278633818644,71.9,275.3728169779631,0.25,2.46,7.79,0.02,13.33,0.03,-,21,55.75,35.51,85,-,20.39,1720.25,0.002,71.9,1.37,-,39,16.68,24.03,-,-,49.9,34.9,15.2,997,92.37,91,14.51,-
Fri Sep 11 09:30:42 GMT+03:00 2026,11-sept.-2026 09:30:42.602,25.60064985377607,1.95702225496352,73.0,275.3728169781001,-2.3,0.54,11.06,0.03,14.9,0.05,-,21,55.79,35.16,85,19.83,50.59,1718.5,0.024,73,0.34,26.59,39,16.68,23.96,-,-,49.85,34.96,15.19,998,92.34,92,14.12,-
Fri Sep 11 09:30:43 GMT+03:00 2026,11-sept.-2026 09:30:43.242,25.20485731424497,1.6254298703482033,74.2,275.3728169778512,2.71,0.96,10.73,-0.01,13.73,-0.05,-,21,55.83,35.51,85,-,11.76,1677.25,0.0,74.2,0.82,-,39,17.4,34.01,-,-,49.8,35.03,15.17,999,90.18,91,17.25,-
Fri Sep 11 09:30:44 GMT+03:00 2026,11-sept.-2026 09:30:44.493,25.065858059988003,2.4227826016619307,73.6,275.3728169785404,0.1,3.12,10.2,-0.03,14.12,-0.01,-,21,55.86,35.16,85,-,28.63,1672.0,0.011,73.6,1.59,-,38,19.44,27.17,-,-,49.75,35.1,15.16,1000,91.59,90,18.82,-
Fri Sep 11 09:30:45 GMT+03:00 2026,11-sept.-2026 09:30:45.369,25.334547421431477,1.766932994289515,73.1,275.3728169784122,-0.65,0.53,8.89,0.05,14.9,0.01,-,21,55.9,35.16,85,21.75,54.12,1703.5,0.027,73.1,0.73,29.16,38,18.85,26.97,-,-,49.7,35.16,15.14,1001,91.73,91,26.27,-
Fri Sep 11 09:30:46 GMT+03:00 2026,11-sept.-2026 09:30:46.543,25.36491766803153,1.5239028659065768,72.2,275.3728169780155,0.01,0.92,10.39,0.05,13.73,0.06,-,21,55.93,35.16,85,-,39.61,1699.5,0.022,72.2,0.46,-,38,19.58,27.93,-,-,49.64,35.23,15.13,1002,91.46,91,25.49,-
Fri Sep 11 09:30:47 GMT+03:00 2026,11-sept.-2026 09:30:47.518,25.18989310135041,2.109884655225115,71.5,275.3728169784316,-2.31,1.09,9.23,0.01,13.33,0.04,-,21,55.97,35.16,85,-,26.27,1693.5,0.008,71.5,0.15,-,37,20.16,28.7,-,-,49.59,35.29,15.11,1003,91.15,91,20.0,-
Fri Sep 11 09:30:48 GMT+03:00 2026,11-sept.-2026 09:30:48.400,25.216199983993267,2.160601959640385,72.2,275.3728169787707,1.21,2.99,8.93,0.02,13.73,0.01,-,21,56.0,35.16,85,-,39.22,1692.5,0.021,72.2,0.07,-,37,18.85,26.96,-,-,49.54,35.36,15.1,1004,89.93,90,16.86,-
Fri Sep 11 09:30:49 GMT+03:00 2026,11-sept.-2026 09:30:49.413,25.111247407926147,2.7843331060521166,72.8,275.5454849831593,0.82,2.95,8.26,-0.01,13.33,-0.03,-,21,56.04,35.51,85,-,30.59,1682.75,0.013,72.8,0.73,-,37,18.85,26.75,-,-,49.49,35.43,15.08,1005,89.27,90,21.57,-
Fri Sep 11 09:30:50 GMT+03:00 2026,11-sept.-2026 09:30:50.266,25.13150388122308,1.8363717502277697,74.0,276.7086058209888,0.15,4.37,9.95,-0.02,13.73,-0.02,-,21,56.07,35.16,86,-,39.22,1665.0,0.021,74,0.77,-,37,18.85,26.27,-,-,49.44,35.49,15.07,1006,90.23,91,16.08,-
Fri Sep 11 09:30:51 GMT+03:00 2026,11-sept.-2026 09:30:51.714,24.93683386698043,3.538513616658096,72.8,277.7068090964401,-1.0,2.09,9.05,-0.01,13.33,-0.05,-,21,56.11,35.16,85,-,25.1,1673.25,0.007,72.8,0.0,-,38,18.71,26.23,-,-,49.39,35.56,15.05,1007,90.0,90,18.43,-
Fri Sep 11 09:30:52 GMT+03:00 2026,11-sept.-2026 09:30:52.472,24.930794376418746,3.409207672630381,72.2,277.7068090966967,-0.15,1.36,8.7,0.05,13.33,0.04,-,21,56.14,34.81,85,-,37.25,1669.25,0.019,72.2,0.94,-,38,18.42,25.8,-,-,49.34,35.62,15.04,1008,89.06,90,14.12,-
Fri Sep 11 09:30:53 GMT+03:00 2026,11-sept.-2026 09:30:53.288,24.77416702553068,1.7647639168053166,73.5,277.706809097329,-1.52,3.3,10.54,-0.05,13.33,-0.03,-,21,56.18,35.16,85,-,27.45,1661.5,0.009,73.5,0.36,-,39,17.55,24.41,-,-,49.29,35.69,15.02,1009,88.64,89,14.12,-
Fri Sep 11 09:30:54 GMT+03:00 2026,11-sept.-2026 09:30:54.530,24.574707780902365,2.0232588245413266,71.4,277.70680909616743,0.8,-1.14,8.19,-0.02,13.73,-0.01,-,21,56.21,35.51,85,-,24.31,1643.25,0.006,71.4,0.36,-,39,18.71,25.56,-,-,49.24,35.75,15.01,1010,88.36,88,16.47,-
Fri Sep 11 09:30:55 GMT+03:00 2026,11-sept.-2026 09:30:55.340,24.66778053572408,1.897694561242861,74.3,277.70680909597104,0.98,3.94,9.06,0.01,14.9,-0.01,-,21,56.24,35.16,85,-,43.92,1641.25,0.024,74.3,0.15,-,39,18.13,24.87,-,-,49.2,35.81,14.99,1011,88.85,89,17.25,-
Fri Sep 11 09:30:56 GMT+03:00 2026,11-sept.-2026 09:30:56.786,24.53930747033145,2.529230464377985,71.2,277.706809095984,-0.71,3.31,7.37,-0.01,13.73,-0.02,-,21,56.27,35.16,85,-,29.02,1632.0,0.011,71.2,0.15,-,39,19.29,26.19,-,-,49.15,35.88,14.97,1012,88.15,88,25.88,-
Fri Sep 11 09:30:57 GMT+03:00 2026,11-sept.-2026 09:30:57.342,24.695411386172776,2.158083619527491,71.4,277.70680909603107,-1.35,0.08,9.74,0.03,14.9,0.04,-,21,56.31,35.16,85,16.61,47.45,1662.5,0.027,71.4,0.16,22.28,39,20.6,28.49,-,-,49.1,35.94,14.96,1013,88.84,89,26.67,-
Fri Sep 11 09:30:58 GMT+03:00 2026,11-sept.-2026 09:30:58.538,24.82999348927641,1.6295927199772946,74.1,277.706809096653,-3.27,1.36,10.49,0.03,13.73,0.02,-,21,56.34,35.16,85,15.96,46.67,1651.0,0.026,74.1,0.39,21.4,39,20.31,27.87,-,-,49.05,36.01,14.94,1014,89.39,89,29.8,-
Fri Sep 11 09:30:59 GMT+03:00 2026,11-sept.-2026 09:30:59.373,24.83835883956457,2.175168075280657,73.8,277.70680909694227,3.03,0.72,8.41,0.11,12.94,0.1,-,21,56.37,35.16,85,-,38.04,1656.5,0.019,73.8,0.52,-,39,20.31,28.07,-,-,49,36.07,14.93,1015,89.52,89,23.53,-
Fri Sep 11 09:31:00 GMT+03:00 2026,11-sept.-2026 09:31:00.687,24.72673430318377,1.6764309024580415,73.9,277.7068090964963,0.76,2.34,10.64,-0.04,13.73,-0.04,-,21,56.41,35.16,85,-,30.2,1665.25,0.012,73.9,0.49,-,39,19.29,26.78,-,-,48.95,36.14,14.91,1016,88.51,89,16.86,-
Fri Sep 11 09:31:01 GMT+03:00 2026,11-sept.-2026 09:31:01.352,24.58242794589909,2.0498041952580786,72.7,277.7068090972606,0.39,4.0,9.91,0.03,13.33,0.03,-,21,56.44,35.16,85,-,27.84,1644.5,0.01,72.7,0.41,-,39,19.14,26.33,-,-,48.9,36.2,14.9,1017,87.59,88,19.61,-
Fri Sep 11 09:31:02 GMT+03:00 2026,11-sept.-2026 09:31:02.323,24.704394553412868,3.851192210769937,74.9,277.7068090968105,0.07,1.82,11.29,0.02,14.51,0.06,-,21,56.47,35.16,85,15.33,45.88,1645.0,0.025,74.9,0.23,20.56,39,19.58,26.86,-,-,48.85,36.26,14.89,1018,88.77,89,25.49,-
Fri Sep 11 09:31:03 GMT+03:00 2026,11-sept.-2026 09:31:03.491,24.83341564244703,1.5839126022114214,72.3,277.7068090955829,1.29,-0.61,10.04,0.04,14.51,0.02,-,21,56.5,35.16,85,15.75,45.88,1663.0,0.026,72.3,1.19,21.12,39,18.71,25.89,-,-,48.8,36.33,14.87,1019,90.19,89,21.96,-
Fri Sep 11 09:31:04 GMT+03:00 2026,11-sept.-2026 09:31:04.452,24.25798245999355,1.6260007864623365,73.5,277.7068090963883,0.34,2.46,10.08,-0.1,13.73,-0.07,-,21,56.53,35.16,85,-,12.16,1628.0,0.0,73.5,0.89,-,39,20.89,39.24,-,-,48.75,36.39,14.86,1020,87.89,87,32.16,-
Fri Sep 11 09:31:05 GMT+03:00 2026,11-sept.-2026 09:31:05.455,24.808591966777986,1.4520224375222155,72.8,277.70680909683693,-1.24,2.79,10.19,0.05,15.69,0.08,-,21,56.57,35.16,85,31.72,72.94,1664.75,0.038,72.8,0.05,42.54,39,19.44,37.32,-,-,48.71,36.45,14.84,1021,90.05,90,23.14,-
Fri Sep 11 09:31:06 GMT+03:00 2026,11-sept.-2026 09:31:06.611,24.54349547734733,1.6177409776456042,72.8,277.7068090961325,1.14,0.92,8.83,-0.01,12.16,-0.02,-,21,56.6,35.16,86,-,20.39,1638.5,0.002,72.8,0.9,-,40,17.84,24.29,-,-,48.66,36.52,14.83,1022,88.9,88,23.53,-
Fri Sep 11 09:31:07 GMT+03:00 2026,11-sept.-2026 09:31:07.690,24.251714585094668,1.8068632326134988,74.1,277.7068090965282,-1.38,4.32,9.11,-0.03,13.73,-0.06,-,21,56.63,35.16,85,-,20.39,1620.0,0.002,74.1,1.51,-,40,19.14,25.71,-,-,48.61,36.58,14.81,1023,88.51,87,9.8,-
Fri Sep 11 09:31:08 GMT+03:00 2026,11-sept.-2026 09:31:08.425,24.24143573767077,1.830575573708538,73.0,277.70680909648974,-3.35,3.31,10.52,0.0,13.33,0.04,-,21,56.66,35.16,85,-,36.47,1628.75,0.017,73,0.48,-,40,17.69,23.87,-,-,48.56,36.64,14.8,1024,87.48,87,17.65,-
Fri Sep 11 09:31:09 GMT+03:00 2026,11-sept.-2026 09:31:09.298,24.297911941834272,1.4356427433055925,73.1,277.7068090967526,3.38,2.32,10.89,0.06,14.12,0.06,-,21,56.69,35.16,85,-,41.57,1607.75,0.021,73.1,0.38,-,40,18.71,24.84,-,-,48.51,36.71,14.78,1025,87.38,87,23.14,-
Fri Sep 11 09:31:10 GMT+03:00 2026,11-sept.-2026 09:31:10.429,24.270958576087583,1.592484579016567,72.7,277.7068090971179,-1.7,4.6,8.78,-0.07,14.12,-0.06,-,21,56.72,35.16,86,-,35.69,1617.75,0.017,72.7,0.89,-,40,18.42,24.68,-,-,48.46,36.77,14.77,1026,87.89,87,16.47,-
Fri Sep 11 09:31:11 GMT+03:00 2026,11-sept.-2026 09:31:11.694,23.79610964344182,1.4787287442203911,74.1,277.70680909623457,0.84,0.29,10.43,-0.11,12.94,-0.11,-,21,56.75,35.16,86,-,12.55,1578.25,0.0,74.1,0.41,-,40,18.56,33.61,-,-,48.42,36.83,14.75,1027,85.41,85,15.69,-
Fri Sep 11 09:31:12 GMT+03:00 2026,11-sept.-2026 09:31:12.478,23.831873190388915,2.696631744042481,72.7,277.70680909647024,-3.0,1.3,8.55,-0.04,13.73,-0.06,-,21,56.78,35.16,85,-,39.61,1600.5,0.019,72.7,1.24,-,40,19.87,26.33,-,-,48.37,36.89,14.74,1028,85.76,87,28.24,-
Fri Sep 11 09:31:13 GMT+03:00 2026,11-sept.-2026 09:31:13.489,24.33049762127585,2.260596320056504,74.8,277.70680909710444,0.56,1.0,8.56,0.02,15.69,0.04,-,21,56.81,35.16,85,28.94,69.41,1643.25,0.038,74.8,0.48,38.8,40,19.87,37.61,-,-,48.32,36.96,14.72,1029,87.48,87,34.51,-
Fri Sep 11 09:31:14 GMT+03:00 2026,11-sept.-2026 09:31:14.798,24.29371264461568,1.4197082648402175,73.1,277.7068090963168,-1.03,4.18,8.33,0.01,13.73,0.06,-,21,56.84,35.16,85,-,34.9,1634.0,0.016,73.1,0.88,-,40,21.18,28.79,-,-,48.27,37.02,14.71,1030,87.12,88,34.12,-
Fri Sep 11 09:31:15 GMT+03:00 2026,11-sept.-2026 09:31:15.638,24.30924019236462,1.9668401173908336,72.3,277.70680909548093,-1.77,1.3,9.26,-0.03,13.33,-0.03,-,21,56.87,35.16,85,-,38.43,1626.0,0.019,72.3,1.35,-,40,20.45,27.64,-,-,48.22,37.08,14.69,1031,86.65,88,18.04,-
Fri Sep 11 09:31:16 GMT+03:00 2026,11-sept.-2026 09:31:16.258,24.14817387030937,1.5794168314421368,73.4,277.70680909714764,3.02,2.3,9.05,-0.02,13.33,-0.02,-,21,56.9,34.81,86,-,26.67,1617.25,0.008,73.4,0.09,-,40,18.85,25.26,-,-,48.18,37.14,14.68,1032,86.91,87,18.43,-
Fri Sep 11 09:31:17 GMT+03:00 2026,11-sept.-2026 09:31:17.619,24.115117258779048,2.2226607807479626,73.1,277.7068090966691,-1.3,1.72,10.53,0.0,14.12,0.02,-,21,56.93,35.51,85,-,35.29,1612.25,0.016,73.1,0.2,-,40,20.16,26.98,-,-,48.13,37.2,14.67,1033,86.8,87,27.45,-
Fri Sep 11 09:31:18 GMT+03:00 2026,11-sept.-2026 09:31:18.768,24.500887457225776,2.0362106678341685,74.7,277.70680909591545,0.54,1.53,9.85,0.0,15.69,-0.01,-,21,56.96,35.16,85,24.99,62.75,1643.75,0.037,74.7,0.66,33.52,40,19.29,36.62,-,-,48.08,37.27,14.65,1034,88.66,88,26.27,-
Fri Sep 11 09:31:19 GMT+03:00 2026,11-sept.-2026 09:31:19.295,24.289311182123623,2.1087541061757555,74.0,277.7068090973131,-2.33,3.57,10.18,-0.04,12.94,-0.03,-,21,56.99,35.16,85,-,23.53,1629.0,0.005,74,0.04,-,40,20.6,27.83,-,-,48.04,37.33,14.64,1035,88.04,88,31.76,-
Fri Sep 11 09:31:20 GMT+03:00 2026,11-sept.-2026 09:31:20.242,24.49366168690565,1.796373219321818,73.0,277.7068090966421,-2.11,2.96,8.61,-0.04,15.29,-0.03,-,21,57.02,35.16,86,18.18,50.59,1646.5,0.029,73,0.47,24.38,40,21.03,28.85,-,-,47.99,37.39,14.62,1036,88.53,89,25.1,-
Fri Sep 11 09:31:21 GMT+03:00 2026,11-sept.-2026 09:31:21.668,24.600927033258184,1.797901470830969,74.3,277.70680909570405,0.54,2.51,7.68,-0.05,14.51,-0.04,-,21,57.05,35.16,86,-,44.31,1648.75,0.024,74.3,0.5,-,40,19.58,26.88,-,-,47.94,37.45,14.61,1037,88.5,89,28.63,-
Fri Sep 11 09:31:22 GMT+03:00 2026,11-sept.-2026 09:31:22.511,24.52791478055843,2.0368102473657745,72.6,277.70680909676946,3.59,4.71,11.45,0.05,14.51,0.03,-,21,57.08,35.16,85,-,32.94,1629.25,0.014,72.6,1.44,-,40,20.31,27.35,-,-,47.89,37.51,14.59,1038,86.56,88,21.96,-
Fri Sep 11 09:31:23 GMT+03:00 2026,11-sept.-2026 09:31:23.501,24.46257685918357,2.434258285011545,74.9,277.70680909629124,1.05,0.13,7.57,-0.04,14.51,-0.05,-,21,57.11,34.81,86,-,33.33,1627.5,0.015,74.9,0.65,-,40,18.42,24.95,-,-,47.85,37.57,14.58,1039,88.65,88,13.33,-
Fri Sep 11 09:31:24 GMT+03:00 2026,11-sept.-2026 09:31:24.574,24.1561142827567,1.439059538002826,73.8,277.70680909627737,-0.28,1.64,9.85,-0.07,12.94,-0.09,-,21,57.14,35.16,86,-,20.39,1628.0,0.002,73.8,0.2,-,40,18.42,24.77,-,-,47.8,37.63,14.57,1040,87.2,87,16.47,-
Fri Sep 11 09:31:25 GMT+03:00 2026,11-sept.-2026 09:31:25.242,24.23737368409038,2.3085648781013544,73.6,277.70680909628425,-0.71,2.8,10.83,-0.01,14.51,-0.02,-,21,57.17,35.16,85,-,41.96,1654.5,0.023,73.6,1.67,-,40,18.71,25.66,-,-,47.75,37.7,14.55,1041,85.33,87,18.43,-
Fri Sep 11 09:31:26 GMT+03:00 2026,11-sept.-2026 09:31:26.243,24.254764169782145,1.7485565568833032,74.1,277.7068090965984,-1.29,3.16,9.05,0.02,14.12,0.04,-,21,57.2,35.16,85,-,38.82,1613.5,0.019,74.1,0.83,-,40,19.58,26.21,-,-,47.71,37.76,14.54,1042,86.17,87,30.2,-
Fri Sep 11 09:31:27 GMT+03:00 2026,11-sept.-2026 09:31:27.359,24.476939167394587,1.6750435648654012,73.2,277.7068090969301,-0.13,0.36,7.84,0.05,14.12,0.06,-,21,57.23,35.16,86,18.83,52.16,1634.75,0.027,73.2,0.68,25.25,40,20.02,27.21,-,-,47.66,37.82,14.52,1043,88.68,88,24.71,-
Fri Sep 11 09:31:28 GMT+03:00 2026,11-sept.-2026 09:31:28.708,24.31003892318639,1.67620399433376,73.6,277.7068090958888,1.97,3.5,9.81,0.02,13.73,0.05,-,21,57.26,35.16,86,-,26.27,1624.0,0.008,73.6,0.64,-,40,20.16,27.02,-,-,47.61,37.88,14.51,1044,88.64,88,25.88,-
Fri Sep 11 09:31:29 GMT+03:00 2026,11-sept.-2026 09:31:29.496,24.387643511078345,2.2689105829146428,75.1,277.70680909628527,0.07,2.09,7.67,0.06,13.73,0.05,-,21,57.29,35.16,85,-,42.35,1645.75,0.023,75.1,0.08,-,41,19.87,27.1,-,-,47.57,37.94,14.49,1045,87.92,88,19.22,-
Fri Sep 11 09:31:30 GMT+03:00 2026,11-sept.-2026 09:31:30.329,24.33683734027421,3.4617845830212506,72.8,277.7068090966115,-0.91,3.36,10.18,-0.06,14.12,-0.03,-,21,57.32,35.51,85,-,34.51,1612.5,0.015,72.8,0.51,-,41,18.85,25.05,-,-,47.52,38,14.48,1046,88.51,88,21.18,-
Fri Sep 11 09:31:31 GMT+03:00 2026,11-sept.-2026 09:31:31.582,24.247879344654088,1.6611504223466915,74.7,277.7068090967852,1.71,1.43,8.63,-0.01,13.33,-0.02,-,21,57.35,35.16,85,-,31.76,1616.5,0.013,74.7,0.17,-,41,19.29,25.85,-,-,47.48,38.06,14.47,1047,87.17,87,18.82,-
Fri Sep 11 09:31:32 GMT+03:00 2026,11-sept.-2026 09:31:32.656,24.22176863399517,1.577627675577193,73.1,277.70680909674775,-1.98,1.71,10.14,-0.03,12.55,-0.04,-,21,57.37,35.16,86,-,35.69,1618.0,0.017,73.1,1.48,-,41,18.27,24.53,-,-,47.43,38.12,14.45,1048,86.52,88,15.29,-
Fri Sep 11 09:31:33 GMT+03:00 2026,11-sept.-2026 09:31:33.280,24.032370158533517,1.6456310650390094,75.0,277.70680909677435,0.04,0.83,8.22,-0.03,12.55,0.0,-,21,57.4,34.81,86,-,24.71,1621.5,0.006,75,0.25,-,40,18.71,25.05,-,-,47.38,38.18,14.44,1049,86.75,87,18.43,-
Fri Sep 11 09:31:34 GMT+03:00 2026,11-sept.-2026 09:31:34.568,24.08028694310815,1.422012441291515,74.4,277.7068090962373,-1.51,1.71,10.22,0.04,14.51,0.06,-,21,57.43,35.16,86,-,40.39,1616.0,0.02,74.4,0.94,-,40,18.85,25.28,-,-,47.34,38.24,14.42,1050,86.06,87,18.43,-
Fri Sep 11 09:31:35 GMT+03:00 2026,11-sept.-2026 09:31:35.299,24.057939323162987,2.131379609226623,74.5,277.70680909610866,0.13,-0.19,10.12,-0.01,14.12,-0.01,-,21,57.46,35.16,86,-,36.08,1604.75,0.016,74.5,0.54,-,40,19.29,25.66,-,-,47.29,38.3,14.41,1051,86.54,86,25.88,-
Fri Sep 11 09:31:36 GMT+03:00 2026,11-sept.-2026 09:31:36.291,24.156600978485944,2.7954545349262103,73.7,277.7068090970096,-1.45,3.2,10.06,0.0,14.12,-0.01,-,21,57.49,34.81,85,-,44.31,1603.0,0.023,73.7,0.56,-,40,20.74,27.5,-,-,47.25,38.36,14.4,1052,86.56,86,29.8,-
Fri Sep 11 09:31:37 GMT+03:00 2026,11-sept.-2026 09:31:37.315,24.354240614271166,2.351845473019437,74.9,277.7068090965791,-1.45,4.19,8.52,0.01,14.9,-0.02,-,21,57.52,35.16,86,17.76,50.59,1625.0,0.028,74.9,1.06,23.82,41,21.03,28.19,-,-,47.2,38.42,14.38,1053,86.94,88,32.94,-
Fri Sep 11 09:31:38 GMT+03:00 2026,11-sept.-2026 09:31:38.734,24.45783329294689,1.538012946710464,73.5,277.7068090964834,-0.04,0.04,7.45,-0.02,14.12,-0.01,-,21,57.55,35.16,86,-,44.71,1627.0,0.024,73.5,1.05,-,41,20.74,27.93,-,-,47.16,38.48,14.37,1054,89.05,88,28.24,-
Fri Sep 11 09:31:39 GMT+03:00 2026,11-sept.-2026 09:31:39.508,24.376701964854902,1.532614952379135,75.4,277.7068090966294,-2.52,3.79,6.94,0.01,13.73,0.01,-,21,57.58,35.16,85,-,31.76,1639.5,0.014,75.4,1.97,-,41,21.47,29.14,-,-,47.11,38.54,14.35,1055,86.03,88,31.37,-
Fri Sep 11 09:31:40 GMT+03:00 2026,11-sept.-2026 09:31:40.647,24.70418705791892,2.150966379337944,73.8,277.7068090959916,-1.72,5.29,9.85,0.02,14.51,0.02,-,21,57.61,35.16,85,23.1,58.82,1653.0,0.035,73.8,0.24,30.98,41,20.6,39.24,-,-,47.06,38.59,14.34,1056,89.24,89,27.45,-
Fri Sep 11 09:31:41 GMT+03:00 2026,11-sept.-2026 09:31:41.469,24.649761491125066,2.441329659231605,75.1,277.70680909664736,-0.26,2.05,8.99,0.04,13.73,0.05,-,21,57.64,35.16,85,-,34.12,1648.0,0.016,75.1,0.54,-,41,20.74,28.4,-,-,47.02,38.65,14.33,1057,88.46,89,33.33,-
Fri Sep 11 09:31:42 GMT+03:00 2026,11-sept.-2026 09:31:42.298,24.81060067878253,2.057014626178174,73.9,277.7068090972029,-1.65,-0.74,9.6,0.04,15.29,0.03,-,-,57.67,35.16,-,16.93,47.84,1660.25,0.027,73.9,0.28,22.7,-,-,-,-,-,46.97,38.71,14.31,1058,88.72,89,29.41,-
Fri Sep 11 09:31:43 GMT+03:00 2026,11-sept.-2026 09:31:43.360,24.978839642488428,1.6353458318583398,75.3,277.7068090963397,-2.69,2.72,10.07,0.0,14.51,0.02,-,21,57.7,35.16,86,17.41,48.24,1677.75,0.028,75.3,0.44,23.35,41,19.58,27.32,-,-,46.93,38.77,14.3,1059,89.56,90,24.71,-
Fri Sep 11 09:31:44 GMT+03:00 2026,11-sept.-2026 09:31:44.633,24.72980526937252,2.0457376033108523,74.5,277.7068090964078,2.64,3.62,10.3,-0.02,13.73,-0.04,-,21,57.73,35.16,85,-,21.18,1659.5,0.003,74.5,0.73,-,41,19.14,26.36,-,-,46.88,38.83,14.29,1060,88.73,88,16.86,-
Fri Sep 11 09:31:45 GMT+03:00 2026,11-sept.-2026 09:31:45.645,24.56291895437907,2.3870226479746552,75.2,277.7068090968072,-2.44,2.59,11.27,0.05,13.73,0.05,-,21,57.76,35.16,86,-,26.67,1640.25,0.008,75.2,0.11,-,41,18.42,24.92,-,-,46.84,38.89,14.27,1061,87.89,88,10.98,-
Fri Sep 11 09:31:46 GMT+03:00 2026,11-sept.-2026 09:31:46.567,24.494411114978817,2.379290404756304,73.5,277.7068090963441,-0.08,2.58,9.44,0.01,13.33,-0.02,-,21,57.79,35.16,86,-,32.94,1651.75,0.014,73.5,0.06,-,41,18.27,25,-,-,46.79,38.95,14.26,1062,87.94,88,20.39,-
Fri Sep 11 09:31:47 GMT+03:00 2026,11-sept.-2026 09:31:47.685,24.63510600315828,1.7714366650996678,75.2,277.70680909655897,1.1,4.45,10.88,-0.07,14.51,-0.04,-,21,57.82,35.16,86,15.96,46.67,1644.25,0.026,75.2,1.37,21.4,41,20.6,27.94,-,-,46.75,39.01,14.24,1063,87.63,89,34.12,-
Fri Sep 11 09:31:48 GMT+03:00 2026,11-sept.-2026 09:31:48.328,25.038918350162216,3.2672928480284518,73.7,277.70680909615294,-0.6,3.45,8.22,0.02,14.9,-0.01,-,21,57.85,35.16,86,26.51,62.75,1688.0,0.039,73.7,0.66,35.55,41,20.31,39.64,-,-,46.7,39.06,14.23,1064,91.66,91,30.59,-
Fri Sep 11 09:31:49 GMT+03:00 2026,11-sept.-2026 09:31:49.272,24.82830591274493,2.274082354198088,75.0,277.7068090965462,0.63,2.47,9.14,0.0,12.16,0.02,-,21,57.88,35.16,86,-,23.92,1663.75,0.006,75,0.31,-,41,21.61,29.81,-,-,46.66,39.12,14.22,1065,89.31,89,34.51,-
Fri Sep 11 09:31:50 GMT+03:00 2026,11-sept.-2026 09:31:50.761,25.13517948142063,1.4716945624660684,75.5,277.7068090968389,-1.16,2.78,8.54,-0.03,14.51,-0.02,-,21,57.91,35.16,86,22.94,57.25,1679.0,0.035,75.5,0.04,30.76,41,20.02,38.82,-,-,46.62,39.18,14.2,1066,90.96,91,18.82,-
Fri Sep 11 09:31:51 GMT+03:00 2026,11-sept.-2026 09:31:51.271,24.8454887610776,3.334043208365577,74.7,277.7068090961845,1.61,3.45,7.31,-0.02,12.55,-0.02,-,21,57.94,35.16,86,-,20.39,1635.25,0.002,74.7,0.48,-,41,19.58,26.43,-,-,46.57,39.24,14.19,1067,90.48,90,29.41,-
Fri Sep 11 09:31:52 GMT+03:00 2026,11-sept.-2026 09:31:52.501,25.07404860995432,2.605710124037436,75.3,277.7068090964344,1.21,6.2,10.78,-0.05,14.12,-0.04,-,21,57.97,35.16,86,19.84,52.16,1681.75,0.029,75.3,1.08,26.61,41,20.6,28.86,-,-,46.53,39.3,14.18,1068,91.08,90,23.92,-
Fri Sep 11 09:31:53 GMT+03:00 2026,11-sept.-2026 09:31:53.262,25.155396843159224,1.4741484774279476,75.0,277.7068090964964,1.07,3.86,8.81,0.0,14.12,0.01,-,21,58.0,35.16,86,-,42.75,1685.5,0.024,75,0.79,-,41,19.58,27.38,-,-,46.48,39.35,14.16,1069,90.21,91,29.02,-
Fri Sep 11 09:31:54 GMT+03:00 2026,11-sept.-2026 09:31:54.307,25.1180815556211,1.6874463074357728,76.9,277.7068090957163,-0.89,1.37,9.6,0.01,13.33,0.01,-,21,58.03,35.16,86,-,35.29,1678.5,0.017,76.9,0.01,-,41,19.58,27.25,-,-,46.44,39.41,14.15,1070,89.99,90,17.65,-
Fri Sep 11 09:31:55 GMT+03:00 2026,11-sept.-2026 09:31:55.690,24.77758853854993,2.3922004740043805,76.1,277.7068090965529,-0.87,1.75,10.79,0.0,13.73,0.03,-,21,58.06,35.16,86,-,20.39,1654.0,0.002,76.1,0.77,-,41,18.56,25.54,-,-,46.39,39.47,14.14,1071,88.23,89,14.51,-
Fri Sep 11 09:31:56 GMT+03:00 2026,11-sept.-2026 09:31:56.595,24.728550954147643,2.6597155705812727,73.8,277.7068090974071,-2.67,2.84,9.91,0.06,14.12,0.08,-,21,58.09,35.16,86,-,34.12,1657.75,0.016,73.8,0.89,-,41,19.73,27.14,-,-,46.35,39.53,14.12,1072,89.89,89,26.27,-
Fri Sep 11 09:31:57 GMT+03:00 2026,11-sept.-2026 09:31:57.313,25.182855272850297,1.9606186233932996,76.2,277.70680909664486,-3.06,1.78,10.1,0.09,15.29,0.1,-,21,58.12,35.16,86,28.69,66.27,1688.25,0.039,76.2,1.12,38.47,41,19.73,38.43,-,-,46.31,39.58,14.11,1073,91.12,90,31.37,-
Fri Sep 11 09:31:58 GMT+03:00 2026,11-sept.-2026 09:31:58.488,25.13746070090371,1.8418166359812196,75.9,277.7068090967447,-2.18,2.43,10.21,-0.02,13.33,-0.04,-,21,58.15,35.16,86,-,34.51,1688.5,0.017,75.9,0.92,-,41,20.31,28.55,-,-,46.26,39.64,14.1,1074,89.08,90,29.41,-
Fri Sep 11 09:31:59 GMT+03:00 2026,11-sept.-2026 09:31:59.758,25.01023970480438,2.4625228064167795,75.7,277.7068090971277,-2.12,2.98,10.79,0.02,14.12,0.01,-,21,58.18,35.16,86,-,29.41,1676.0,0.011,75.7,2.28,-,41,19.73,27.34,-,-,46.22,39.7,14.08,1075,91.28,89,13.33,-
Fri Sep 11 09:32:00 GMT+03:00 2026,11-sept.-2026 09:32:00.553,24.79358028532081,1.6938951436316267,76.5,277.7068090960597,-0.2,3.23,10.43,-0.02,13.33,-0.01,-,21,58.21,35.16,86,-,23.53,1669.0,0.005,76.5,0.72,-,41,19.29,26.72,-,-,46.18,39.75,14.07,1076,88.28,89,22.35,-
Fri Sep 11 09:32:01 GMT+03:00 2026,11-sept.-2026 09:32:01.309,25.123286014260984,1.5153809769314348,76.2,277.70680909561355,2.55,4.34,10.73,0.04,14.51,0.03,-,21,58.24,34.81,86,23.8,58.82,1680.0,0.036,76.2,1.22,31.91,41,18.85,36.47,-,-,46.13,39.81,14.06,1077,89.78,91,21.57,-
Fri Sep 11 09:32:02 GMT+03:00 2026,11-sept.-2026 09:32:02.653,24.95817984089769,2.907926799227357,76.9,277.706809097336,0.09,1.08,7.28,-0.02,13.33,-0.01,-,21,58.27,35.16,86,-,26.67,1683.75,0.009,76.9,0.54,-,41,19.73,27.63,-,-,46.09,39.87,14.04,1078,89.46,90,30.2,-
Fri Sep 11 09:32:03 GMT+03:00 2026,11-sept.-2026 09:32:03.585,25.10101227137107,1.9216096447553497,75.9,277.7068090964591,-0.36,-0.58,11.46,-0.05,14.51,-0.07,-,21,58.3,35.16,86,16.59,46.27,1689.0,0.027,75.9,1.05,22.24,41,20.45,28.69,-,-,46.05,39.92,14.03,1079,91.05,90,20.78,-
Fri Sep 11 09:32:04 GMT+03:00 2026,11-sept.-2026 09:32:04.392,25.051475794819687,1.4524564061580378,76.9,277.70680909593875,2.04,1.62,11.7,-0.05,14.12,-0.05,-,21,58.33,35.16,86,-,34.12,1684.75,0.016,76.9,0.03,-,41,19.87,27.8,-,-,46,39.98,14.02,1080,91.03,91,28.24,-
Fri Sep 11 09:32:05 GMT+03:00 2026,11-sept.-2026 09:32:05.653,25.199969965409203,2.575606477382644,75.2,277.7068090968341,-1.01,3.39,9.22,0.05,15.29,0.04,-,21,58.36,35.51,86,16.92,46.27,1708.75,0.028,75.2,0.7,22.7,41,21.47,30.55,-,-,45.96,40.04,14,1081,90.7,90,32.16,-
Fri Sep 11 09:32:06 GMT+03:00 2026,11-sept.-2026 09:32:06.442,25.50929246877828,2.011400108424224,75.8,277.7068090959871,2.3,1.23,8.95,-0.02,14.51,0.01,-,21,58.39,34.81,86,23.58,56.86,1710.5,0.036,75.8,0.08,31.62,41,19.87,39.37,-,-,45.92,40.09,13.99,1082,91.92,92,27.06,-
Fri Sep 11 09:32:07 GMT+03:00 2026,11-sept.-2026 09:32:07.389,25.232397800833088,2.8308291176537512,75.4,277.7068090969208,-1.02,0.96,8.26,-0.05,12.94,-0.03,-,21,58.42,35.16,86,-,20.39,1676.25,0.002,75.4,0.97,-,41,20.6,28.68,-,-,45.87,40.15,13.98,1083,90.03,91,27.45,-
Fri Sep 11 09:32:08 GMT+03:00 2026,11-sept.-2026 09:32:08.394,25.394709498795084,3.217567766421852,74.0,277.70680909653936,-0.95,3.02,9.64,0.06,15.29,0.04,-,21,58.45,35.16,86,17.7,47.45,1710.75,0.029,74,0.31,23.73,41,20.16,28.8,-,-,45.83,40.21,13.96,1084,90.69,91,20.39,-
Fri Sep 11 09:32:09 GMT+03:00 2026,11-sept.-2026 09:32:09.266,25.41051892142029,2.3462697690471277,75.9,277.7068090958875,-1.17,4.92,8.1,0.02,14.12,0.03,-,21,58.48,35.16,85,-,38.82,1697.25,0.021,75.9,0.08,-,41,18.42,26.06,-,-,45.79,40.26,13.95,1085,90.92,91,21.96,-
Fri Sep 11 09:32:10 GMT+03:00 2026,11-sept.-2026 09:32:10.270,25.20775225779855,2.280492300297833,76.9,277.70680909693226,-0.86,2.09,9.23,0.02,12.55,0.03,-,21,58.51,35.16,85,-,24.71,1690.25,0.007,76.9,0.25,-,41,20.6,28.84,-,-,45.74,40.32,13.94,1086,91.25,91,25.49,-
Fri Sep 11 09:32:11 GMT+03:00 2026,11-sept.-2026 09:32:11.609,25.51191771766618,1.4292896380822846,75.6,277.7068090967879,-1.27,2.23,9.97,0.09,14.9,0.06,-,21,58.55,35.16,86,23.38,56.47,1715.5,0.036,75.6,0.29,31.35,41,20.89,41.38,-,-,45.7,40.37,13.93,1087,91.71,92,31.37,-
Fri Sep 11 09:32:12 GMT+03:00 2026,11-sept.-2026 09:32:12.265,25.77842357201466,2.411362050444793,77.9,277.7068090963458,-0.78,0.21,8.75,0.04,14.51,0.03,-,21,58.58,35.16,86,22.28,53.73,1733.5,0.031,77.9,0.4,29.88,41,21.03,30.45,-,-,45.66,40.43,13.91,1088,93.4,93,37.65,-
Fri Sep 11 09:32:13 GMT+03:00 2026,11-sept.-2026 09:32:13.387,25.85841384396345,1.5538847648350993,75.8,277.7068090967681,-0.75,4.99,8.98,0.03,14.51,0.05,-,21,58.61,35.16,86,-,42.35,1744.0,0.025,75.8,0.01,-,41,21.32,31.13,-,-,45.62,40.49,13.9,1089,93.99,94,27.84,-
Fri Sep 11 09:32:14 GMT+03:00 2026,11-sept.-2026 09:32:14.600,25.726309395955163,1.862835879728308,76.6,277.70680909646626,-1.26,2.76,12.61,0.07,14.12,0.08,-,21,58.64,35.16,86,-,29.41,1707.5,0.012,76.6,2.12,-,41,20.45,29.01,-,-,45.57,40.54,13.89,1090,94.12,92,21.18,-
Fri Sep 11 09:32:15 GMT+03:00 2026,11-sept.-2026 09:32:15.613,25.71417668082984,2.7458927435504803,76.8,277.7068090960186,-0.47,3.17,10.2,0.04,13.73,0.0,-,21,58.67,35.16,86,-,36.86,1719.25,0.02,76.8,1.67,-,41,19.73,28.26,-,-,45.53,40.6,13.87,1091,91.33,93,20.39,-
Fri Sep 11 09:32:16 GMT+03:00 2026,11-sept.-2026 09:32:16.600,25.753880041775528,2.765983130110379,76.6,277.706809096593,2.78,1.51,9.95,-0.01,14.51,-0.01,-,21,58.7,34.81,86,-,40.0,1726.5,0.023,76.6,1.64,-,41,19.87,28.65,-,-,45.49,40.65,13.86,1092,93.64,92,26.27,-
Fri Sep 11 09:32:17 GMT+03:00 2026,11-sept.-2026 09:32:17.648,25.878953042484884,1.902719466340572,75.3,277.70680909640583,2.45,2.42,6.64,0.0,14.51,0.0,-,21,58.74,35.16,86,16.83,45.49,1727.25,0.028,75.3,0.88,22.57,41,19.29,27.77,-,-,45.45,40.71,13.85,1093,93.88,93,20.39,-
Fri Sep 11 09:32:18 GMT+03:00 2026,11-sept.-2026 09:32:18.775,25.611131190725903,1.5149651517311122,76.9,277.7068090969621,1.57,4.55,10.82,-0.12,13.73,-0.09,-,21,58.77,35.16,86,-,20.78,1712.25,0.002,76.9,0.73,-,41,20.16,28.77,-,-,45.4,40.76,13.83,1094,92.73,92,25.88,-
Fri Sep 11 09:32:19 GMT+03:00 2026,11-sept.-2026 09:32:19.450,25.87916927989773,3.6930270661433298,75.6,277.706809096436,-2.56,1.99,7.66,0.06,14.9,0.05,-,21,58.8,35.16,86,22.49,54.12,1731.25,0.027,75.6,1.17,30.16,41,18.85,27.29,-,-,45.36,40.82,13.82,1095,94.17,93,16.47,-
Fri Sep 11 09:32:20 GMT+03:00 2026,11-sept.-2026 09:32:20.743,25.54586390246515,2.955621505911801,75.9,277.70680909588833,-0.28,2.97,9.57,-0.01,12.94,-0.04,-,21,58.83,35.16,86,-,20.39,1722.0,0.002,75.9,0.45,-,41,18.85,27,-,-,45.32,40.87,13.81,1096,92.45,92,25.1,-
Fri Sep 11 09:32:21 GMT+03:00 2026,11-sept.-2026 09:32:21.794,25.649192946380552,3.3468943475893336,74.0,277.70680909702435,0.24,4.36,8.4,0.04,14.12,0.04,-,21,58.86,34.81,87,-,43.92,1724.5,0.026,74,0.59,-,41,19.87,28.69,-,-,45.28,40.93,13.8,1097,92.59,92,19.22,-
Fri Sep 11 09:32:22 GMT+03:00 2026,11-sept.-2026 09:32:22.489,25.666830186114,1.7763998469988538,74.9,277.7068090966603,1.0,3.22,9.72,-0.03,14.12,-0.02,-,21,58.89,35.16,86,-,38.43,1731.5,0.021,74.9,0.39,-,41,19,27.52,-,-,45.24,40.98,13.78,1098,92.61,93,25.1,-
Fri Sep 11 09:32:23 GMT+03:00 2026,11-sept.-2026 09:32:23.761,25.65134472310209,1.9298551041058225,75.5,277.70680909596626,-0.49,4.7,11.35,0.01,14.12,0.01,-,21,58.92,35.51,86,-,36.86,1699.25,0.019,75.5,0.2,-,41,21.32,30.19,-,-,45.19,41.04,13.77,1099,92.2,92,31.76,-
Fri Sep 11 09:32:24 GMT+03:00 2026,11-sept.-2026 09:32:24.753,26.021076350232285,1.539218152367531,76.5,277.7068090967549,-1.62,1.98,5.94,0.01,15.29,0.0,-,21,58.96,35.16,86,26.74,60.78,1732.5,0.04,76.5,0.29,35.86,40,20.16,40.52,-,-,45.15,41.09,13.76,1100,94.29,94,26.27,-
Fri Sep 11 09:32:25 GMT+03:00 2026,11-sept.-2026 09:32:25.263,25.796984905444464,2.216277082150304,74.8,277.70680909686007,0.95,1.85,10.08,-0.03,12.55,-0.03,-,21,58.99,35.16,86,-,23.53,1721.75,0.006,74.8,0.03,-,40,19.29,27.71,-,-,45.11,41.14,13.75,1101,93.03,93,21.57,-
Fri Sep 11 09:32:26 GMT+03:00 2026,11-sept.-2026 09:32:26.683,25.58061290904942,2.664284654562443,76.1,277.70680909598224,2.24,0.76,10.22,-0.01,12.94,-0.01,-,21,59.02,35.16,86,-,23.92,1708.0,0.006,76.1,0.78,-,40,18.13,25.92,-,-,45.07,41.2,13.73,1102,91.22,92,6.67,-
Fri Sep 11 09:32:27 GMT+03:00 2026,11-sept.-2026 09:32:27.432,25.28088795494457,1.6111167097645274,75.4,277.7068090964041,-2.98,2.0,9.85,-0.1,12.94,-0.07,-,21,59.05,35.51,86,-,20.39,1711.25,0.002,75.4,0.92,-,40,17.11,24.48,-,-,45.03,41.25,13.72,1103,91.92,91,12.16,-
Fri Sep 11 09:32:28 GMT+03:00 2026,11-sept.-2026 09:32:28.265,25.31363392424144,2.3061755249383813,77.4,277.7068090969978,-0.61,2.96,12.8,0.02,14.12,0.04,-,21,59.08,35.16,86,-,39.61,1692.25,0.022,77.4,0.14,-,40,18.85,26.67,-,-,44.99,41.31,13.71,1104,90.86,91,24.31,-
Fri Sep 11 09:32:29 GMT+03:00 2026,11-sept.-2026 09:32:29.779,25.60977391867474,2.6497938295558705,74.7,277.7068090964843,-1.41,3.79,10.59,0.01,14.51,0.01,-,21,59.11,35.16,86,23.21,56.08,1719.0,0.035,74.7,0.32,31.12,40,19.58,38.96,-,-,44.94,41.36,13.69,1105,92.32,92,29.02,-
Fri Sep 11 09:32:30 GMT+03:00 2026,11-sept.-2026 09:32:30.401,25.548534660201717,1.468244213035897,76.6,277.7068090967776,-1.42,1.61,9.07,0.02,13.33,0.02,-,21,59.14,35.16,86,-,34.12,1696.25,0.016,76.6,0.31,-,40,20.02,28.42,-,-,44.9,41.41,13.68,1106,91.69,92,24.71,-
Fri Sep 11 09:32:31 GMT+03:00 2026,11-sept.-2026 09:32:31.675,25.397086030660457,2.73029798386806,77.3,277.7068090962183,-0.41,2.58,10.28,0.0,12.94,-0.03,-,21,59.17,34.81,86,-,27.84,1698.75,0.01,77.3,0.11,-,40,21.9,31.14,-,-,44.86,41.47,13.67,1107,92.11,92,33.73,-
Fri Sep 11 09:32:32 GMT+03:00 2026,11-sept.-2026 09:32:32.253,26.082280115042067,2.652460538717649,77.3,277.70680909635826,-1.79,3.59,10.16,0.09,16.47,0.09,-,21,59.2,35.16,86,39.43,79.22,1757.75,0.041,77.3,2.0,52.87,40,19.73,40.29,-,-,44.82,41.52,13.66,1108,92.0,94,27.84,-
Fri Sep 11 09:32:33 GMT+03:00 2026,11-sept.-2026 09:32:33.547,25.71183384188004,2.1980325466031294,76.1,277.7068090963873,-0.98,2.89,9.93,0.01,12.94,0.03,-,21,59.23,35.16,87,-,12.55,1716.75,0.0,76.1,0.07,-,40,19.58,38.97,-,-,44.78,41.58,13.64,1109,93.07,93,29.41,-
Fri Sep 11 09:32:34 GMT+03:00 2026,11-sept.-2026 09:32:34.295,25.615367133812413,1.5332222659128334,77.0,277.7068090965086,0.68,3.01,10.23,-0.03,13.33,-0.02,-,21,59.26,35.16,86,-,31.76,1695.0,0.014,77,0.64,-,39,20.31,28.71,-,-,44.74,41.63,13.63,1110,92.36,93,14.9,-
Fri Sep 11 09:32:35 GMT+03:00 2026,11-sept.-2026 09:32:35.797,25.6665799210723,1.5127686256645874,75.4,277.7068090973867,-1.68,1.76,9.87,-0.02,12.94,-0.01,-,21,59.29,35.16,86,-,40.39,1727.75,0.023,75.4,0.34,-,39,18.56,26.88,-,-,44.7,41.68,13.62,1111,92.66,93,23.53,-
Fri Sep 11 09:32:36 GMT+03:00 2026,11-sept.-2026 09:32:36.279,25.74559021628961,2.356425358126541,76.6,277.7068090962476,-0.31,2.61,10.23,0.02,13.73,0.05,-,21,59.32,35.16,86,-,42.35,1725.75,0.025,76.6,0.11,-,39,19.14,27.78,-,-,44.66,41.74,13.61,1112,93.11,93,21.18,-
Fri Sep 11 09:32:37 GMT+03:00 2026,11-sept.-2026 09:32:37.286,25.544290119542502,3.083032673495453,75.6,277.7068090965269,-0.71,0.83,13.14,-0.02,12.55,-0.02,-,21,59.35,34.81,87,-,25.1,1704.25,0.007,75.6,0.97,-,38,19.73,28.16,-,-,44.62,41.79,13.59,1113,91.03,92,21.18,-
Fri Sep 11 09:32:38 GMT+03:00 2026,11-sept.-2026 09:32:38.637,25.60062078904207,1.6207976883352877,77.8,277.7068090964904,2.95,0.91,11.17,0.03,13.73,0.04,-,21,59.38,35.16,86,-,41.18,1707.0,0.023,77.8,0.75,-,38,19.58,28.1,-,-,44.58,41.84,13.58,1114,92.75,92,20.0,-
Fri Sep 11 09:32:39 GMT+03:00 2026,11-sept.-2026 09:32:39.477,25.619185310523765,1.4596375009902265,78.3,277.70680909592625,-1.2,2.55,8.48,0.03,14.12,0.02,-,21,59.41,35.16,86,-,38.82,1710.5,0.021,78.3,1.39,-,38,17.98,25.88,-,-,44.54,41.89,13.57,1115,93.39,92,17.65,-
Fri Sep 11 09:32:40 GMT+03:00 2026,11-sept.-2026 09:32:40.367,25.16205856310932,2.197828604996048,78.2,277.7068090969117,2.18,3.55,9.82,-0.04,12.94,-0.03,-,21,59.44,35.16,86,-,10.98,1677.25,0.0,78.2,0.88,-,38,20.6,40.37,-,-,44.49,41.95,13.56,1116,90.12,91,31.37,-
Fri Sep 11 09:32:41 GMT+03:00 2026,11-sept.-2026 09:32:41.538,25.826428995081567,1.659576030848906,78.1,277.7068090964418,1.52,1.83,8.77,0.11,15.69,0.1,-,21,59.47,35.16,86,38.07,77.65,1748.25,0.039,78.1,0.15,51.06,38,19,39.12,-,-,44.45,42,13.55,1117,93.15,93,23.92,-
Fri Sep 11 09:32:42 GMT+03:00 2026,11-sept.-2026 09:32:42.721,25.411817566402306,2.206160033328428,75.6,277.70680909552584,-0.88,-0.54,9.31,0.01,12.55,-0.01,-,21,59.5,35.16,86,-,11.76,1701.5,0.0,75.6,0.05,-,37,19.58,38.94,-,-,44.41,42.05,13.53,1118,91.95,92,35.29,-
Fri Sep 11 09:32:43 GMT+03:00 2026,11-sept.-2026 09:32:43.386,25.59076454800862,2.780751460688881,76.8,277.7068090967292,0.06,4.66,10.49,0.03,13.73,0.02,-,21,59.53,35.16,86,18.59,48.63,1716.75,0.029,76.8,0.25,24.93,37,19.73,28.66,-,-,44.37,42.11,13.52,1119,92.25,92,13.73,-
Fri Sep 11 09:32:44 GMT+03:00 2026,11-sept.-2026 09:32:44.784,25.242939081622136,1.8976843417836728,77.0,277.70680909665697,-0.59,2.46,9.03,-0.06,13.33,0.0,-,21,59.56,35.16,86,-,20.39,1690.5,0.002,77,0.2,-,36,17.55,25.1,-,-,44.33,42.16,13.51,1120,91.2,91,18.82,-
Fri Sep 11 09:32:45 GMT+03:00 2026,11-sept.-2026 09:32:45.280,25.167347621698475,1.6595142843030035,78.1,277.7068090963717,0.2,4.46,8.6,0.02,13.33,0.03,-,21,59.58,35.16,86,-,32.94,1669.0,0.015,78.1,1.68,-,36,17.84,25.14,-,-,44.29,42.21,13.5,1121,91.68,90,8.63,-
Fri Sep 11 09:32:46 GMT+03:00 2026,11-sept.-2026 09:32:46.265,24.81455376334629,1.8931787899032764,77.3,279.6424136729588,-0.3,1.07,7.71,-0.06,14.51,-0.06,-,21,59.61,35.16,86,-,20.39,1656.5,0.002,77.3,2.31,-,36,15.95,22.29,-,-,44.25,42.26,13.48,1122,87.69,90,7.84,-
Fri Sep 11 09:32:47 GMT+03:00 2026,11-sept.-2026 09:32:47.299,24.33254457786538,2.585598032942097,74.2,282.0482386969073,0.25,1.62,10.37,-0.08,12.94,-0.11,-,21,59.64,34.81,86,-,11.37,1617.25,0.0,74.2,0.52,-,35,15.66,29.65,-,-,44.21,42.31,13.47,1123,86.48,87,2.35,-
Fri Sep 11 09:32:48 GMT+03:00 2026,11-sept.-2026 09:32:48.258,23.921268281501657,1.5702062108941126,77.4,282.4862593386045,-0.02,-1.06,10.23,-0.06,13.33,-0.06,-,21,59.66,35.16,86,-,10.98,1611.25,0.0,77.4,1.71,-,35,15.95,30.12,-,-,44.17,42.37,13.46,1124,85.29,87,9.41,-
Fri Sep 11 09:32:49 GMT+03:00 2026,11-sept.-2026 09:32:49.467,23.945827721450847,1.4907787770775978,78.3,282.48625933959704,0.91,1.33,9.36,0.01,13.33,0.0,-,21,59.68,35.16,86,-,38.82,1606.75,0.019,78.3,0.61,-,35,15.81,21.31,-,-,44.13,42.42,13.45,1125,86.61,86,9.41,-
Fri Sep 11 09:32:50 GMT+03:00 2026,11-sept.-2026 09:32:50.505,23.471624427825656,1.412617728935472,76.6,282.4862593389631,-1.74,2.71,8.75,-0.02,12.94,-0.07,-,21,59.71,35.16,87,-,12.94,1570.25,0.0,76.6,0.5,-,35,16.1,29.5,-,-,44.09,42.47,13.44,1126,83.5,84,10.59,-
Fri Sep 11 09:32:51 GMT+03:00 2026,11-sept.-2026 09:32:51.302,23.25277635131385,1.6371922178374236,77.7,282.4862593379953,1.52,2.73,9.44,-0.04,12.94,-0.08,-,21,59.73,35.16,86,-,21.96,1563.0,0.003,77.7,0.1,-,34,16.1,21.21,-,-,44.05,42.52,13.42,1127,84.1,84,3.14,-
Fri Sep 11 09:32:52 GMT+03:00 2026,11-sept.-2026 09:32:52.298,22.85367125505373,2.04412291028981,77.6,282.4862593389986,-1.6,3.12,7.35,0.0,12.94,0.01,-,21,59.75,35.16,86,-,12.16,1542.5,0.0,77.6,1.06,-,34,14.94,26.97,-,-,44.01,42.57,13.41,1128,80.94,82,3.92,-
Fri Sep 11 09:32:53 GMT+03:00 2026,11-sept.-2026 09:32:53.312,22.62048676578595,1.7920617940955192,76.6,282.486259339542,-0.89,4.09,8.06,-0.09,12.94,-0.13,-,21,59.77,35.16,86,-,20.78,1520.75,0.002,76.6,0.54,-,33,16.39,20.97,-,-,43.97,42.63,13.4,1129,81.54,81,10.98,-
Fri Sep 11 09:32:54 GMT+03:00 2026,11-sept.-2026 09:32:54.495,22.683827750805357,1.7165744142640167,76.2,282.48625933777885,-1.5,-0.13,8.4,0.0,14.12,0.0,-,21,59.79,35.16,86,-,41.57,1524.0,0.019,76.2,1.26,-,33,16.82,21.55,-,-,43.94,42.68,13.39,1130,80.74,82,14.9,-
Fri Sep 11 09:32:55 GMT+03:00 2026,11-sept.-2026 09:32:55.455,22.56331593917638,1.8379690835458584,76.5,282.48625933895585,-0.23,1.02,8.12,-0.05,14.51,-0.07,-,21,59.81,35.16,86,-,29.02,1496.5,0.009,76.5,0.44,-,33,16.82,21.11,-,-,43.9,42.73,13.38,1131,80.56,81,14.12,-
Fri Sep 11 09:32:56 GMT+03:00 2026,11-sept.-2026 09:32:56.750,22.079175823392223,2.876034386438798,77.9,282.48625933978394,-0.76,4.85,7.34,-0.07,12.55,-0.03,-,21,59.82,35.16,86,-,12.94,1471.25,0.0,77.9,0.52,-,32,16.53,28.34,-,-,43.95,42.69,13.36,1132,79.52,79,5.49,-
Fri Sep 11 09:32:57 GMT+03:00 2026,11-sept.-2026 09:32:57.294,21.65345922266909,1.9629106130767775,76.5,282.486259338007,-0.36,4.66,9.97,0.02,12.55,0.03,-,21,59.84,35.16,86,-,12.55,1464.0,0.0,76.5,1.25,-,32,15.08,25.78,-,-,44,42.65,13.35,1133,76.75,78,1.96,-
Fri Sep 11 09:32:58 GMT+03:00 2026,11-sept.-2026 09:32:58.470,21.035675687186195,1.4447353545906123,79.2,282.4862593380526,-2.14,1.81,10.89,-0.11,12.55,-0.1,-,21,59.85,35.16,87,-,11.37,1415.25,0.0,79.2,0.92,-,32,15.23,24.99,-,-,44.05,42.61,13.34,1134,75.08,76,7.06,-
Fri Sep 11 09:32:59 GMT+03:00 2026,11-sept.-2026 09:32:59.338,20.9689017436216,1.4430506113906976,76.1,282.4862593393726,-2.36,2.15,10.28,-0.01,14.12,-0.03,-,21,59.87,35.16,86,-,32.55,1377.25,0.01,76.1,0.75,-,32,15.23,17.46,-,-,44.1,42.58,13.33,1135,74.25,75,7.06,-
Fri Sep 11 09:33:00 GMT+03:00 2026,11-sept.-2026 09:33:00.792,20.57339951765341,2.667695392182244,77.6,282.48625933982976,0.14,1.31,8.36,-0.03,12.16,-0.01,-,21,59.88,35.16,87,-,10.59,1382.5,0.0,77.6,1.25,-,32,16.1,25.86,-,-,44.15,42.54,13.32,1136,75.25,74,12.94,-
Fri Sep 11 09:33:01 GMT+03:00 2026,11-sept.-2026 09:33:01.350,20.52928829839928,2.601883919216317,77.4,282.4862593388649,-1.89,4.06,6.93,-0.03,14.12,-0.03,-,21,59.89,35.16,87,-,34.51,1354.25,0.011,77.4,0.6,-,32,16.97,19.02,-,-,44.2,42.5,13.3,1137,73.6,73,12.16,-
Fri Sep 11 09:33:02 GMT+03:00 2026,11-sept.-2026 09:33:02.254,20.442278132569925,1.9141544208673535,79.8,282.48625933885245,0.94,4.13,9.0,0.03,12.94,0.03,-,21,59.91,35.16,86,-,30.59,1356.5,0.008,79.8,0.29,-,32,16.24,18.36,-,-,44.25,42.46,13.29,1138,72.71,73,12.94,-
Fri Sep 11 09:33:03 GMT+03:00 2026,11-sept.-2026 09:33:03.645,20.14987805034433,1.6183083654048889,77.8,282.4862593387643,0.8,3.38,9.69,-0.08,12.94,-0.07,-,21,59.92,35.16,86,-,21.18,1324.75,0.002,77.8,0.85,-,31,16.53,18.16,-,-,44.3,42.42,13.28,1139,73.85,73,8.24,-
Fri Sep 11 09:33:04 GMT+03:00 2026,11-sept.-2026 09:33:04.458,19.87990525997744,2.617184685625793,76.0,282.4862593380601,-0.93,2.03,9.82,0.03,13.33,0.03,-,21,59.93,35.16,86,-,21.18,1329.5,0.002,76,1.65,-,31,15.66,17.26,-,-,44.35,42.39,13.27,1140,70.35,72,3.92,-
Fri Sep 11 09:33:05 GMT+03:00 2026,11-sept.-2026 09:33:05.295,19.439676896311543,2.071224077563015,77.6,282.4862593386298,-1.89,1.44,9.34,-0.03,14.12,-0.03,-,21,59.94,35.16,87,-,10.2,1295.75,0.0,77.6,1.11,-,31,14.94,22.16,-,-,44.4,42.35,13.26,1141,69.89,71,2.75,-
Fri Sep 11 09:33:06 GMT+03:00 2026,11-sept.-2026 09:33:06.396,19.10982645545508,1.9308900873822212,77.4,282.4862593393429,1.69,-0.05,9.86,0.02,12.94,0.03,-,21,59.94,35.16,87,-,10.59,1280.25,0.0,77.4,1.57,-,31,14.65,21.48,-,-,44.44,42.31,13.24,1142,67.43,69,1.96,-
Fri Sep 11 09:33:07 GMT+03:00 2026,11-sept.-2026 09:33:07.544,18.61583368050405,1.6224658740594091,76.4,282.48625933924245,1.49,1.45,9.37,-0.11,12.94,-0.1,-,21,59.95,34.81,86,-,11.37,1240.0,0.0,76.4,0.64,-,31,14.79,21.04,-,-,44.49,42.27,13.23,1143,67.64,67,4.71,-
Fri Sep 11 09:33:08 GMT+03:00 2026,11-sept.-2026 09:33:08.319,18.490213188141773,2.0549225371380064,78.5,282.48625933943646,1.24,1.13,9.12,0.03,13.73,0.06,-,21,59.96,35.16,86,-,25.88,1248.5,0.004,78.5,0.12,-,31,15.08,15.5,-,-,44.54,42.24,13.22,1144,67.12,67,5.88,-
Fri Sep 11 09:33:09 GMT+03:00 2026,11-sept.-2026 09:33:09.445,18.30720517672324,1.6795022859068178,76.9,282.4862593391404,0.92,0.62,9.63,-0.05,13.73,-0.05,-,21,59.96,35.16,87,-,21.57,1225.25,0.002,76.9,0.36,-,31,15.08,15.16,-,-,44.59,42.2,13.21,1145,66.36,66,5.88,-
Fri Sep 11 09:33:10 GMT+03:00 2026,11-sept.-2026 09:33:10.365,17.929194840113254,1.6442519851228314,77.0,282.48625933825303,0.26,1.73,9.71,-0.08,12.16,-0.07,-,21,59.97,34.81,86,-,9.8,1202.25,0.0,77,1.51,-,31,15.08,20.67,-,-,44.64,42.16,13.2,1146,63.49,65,3.14,-
Fri Sep 11 09:33:11 GMT+03:00 2026,11-sept.-2026 09:33:11.523,17.4586930057773,1.5328748869028226,77.7,282.4862593392652,1.9,-0.41,10.09,-0.03,13.33,-0.01,-,21,59.97,35.51,87,-,12.55,1171.25,0.0,77.7,1.42,-,31,15.52,20.56,-,-,44.69,42.12,13.19,1147,63.42,62,9.02,-
Fri Sep 11 09:33:12 GMT+03:00 2026,11-sept.-2026 09:33:12.727,17.469566194174483,2.325044383636414,78.4,282.4862593392384,-0.24,0.83,11.32,-0.02,13.73,-0.05,-,21,59.97,35.16,87,-,38.04,1184.0,0.01,78.4,0.96,-,31,15.52,15.01,-,-,44.74,42.09,13.17,1148,63.96,63,10.2,-
Fri Sep 11 09:33:13 GMT+03:00 2026,11-sept.-2026 09:33:13.361,17.267441161095693,2.1867441663536304,76.2,282.4862593377688,-0.48,0.46,10.6,0.05,14.12,0.07,-,21,59.97,35.16,86,-,21.96,1151.25,0.002,76.2,0.23,-,31,15.95,14.92,-,-,44.79,42.05,13.16,1149,62.23,62,12.16,-
Fri Sep 11 09:33:14 GMT+03:00 2026,11-sept.-2026 09:33:14.722,17.150996075026463,1.7525207464521242,78.4,282.4862593378722,1.28,1.16,10.46,-0.01,13.33,-0.04,-,21,59.97,35.16,87,-,23.53,1405.75,0.004,78.4,1.58,-,31,15.95,18.72,-,-,44.84,42.01,13.15,1150,60.42,62,5.1,-
Fri Sep 11 09:33:15 GMT+03:00 2026,11-sept.-2026 09:33:15.710,16.813704429344398,1.6889508807546592,78.1,282.48625933942094,1.69,1.85,11.69,-0.01,12.55,-0.03,-,21,59.98,35.16,87,-,9.8,1377.0,0.0,78.1,2.12,-,31,15.08,24.08,-,-,44.89,41.98,13.14,1151,58.88,61,3.53,-
Fri Sep 11 09:33:16 GMT+03:00 2026,11-sept.-2026 09:33:16.380,16.417399080382324,2.3012200218458547,77.1,282.4862593401454,0.51,3.06,8.62,-0.03,12.94,-0.05,-,21,59.97,35.16,87,-,12.16,1338.25,0.0,77.1,0.23,-,31,15.66,24.17,-,-,44.93,41.94,13.13,1152,59.23,59,6.67,-
Fri Sep 11 09:33:17 GMT+03:00 2026,11-sept.-2026 09:33:17.544,16.43410554668872,2.929376491290454,77.8,282.4862593392131,-1.74,2.94,9.55,0.0,13.73,0.01,-,21,59.97,35.16,87,-,32.16,1335.0,0.009,77.8,0.58,-,30,15.95,17.75,-,-,44.98,41.9,13.12,1153,59.58,59,11.37,-
Fri Sep 11 09:33:18 GMT+03:00 2026,11-sept.-2026 09:33:18.614,16.439524113927153,1.5307147416779263,79.1,282.4862593381239,-1.16,1.45,8.56,-0.03,14.12,-0.02,-,21,59.97,35.16,86,-,31.37,1343.75,0.009,79.1,1.01,-,30,16.24,18.16,-,-,45.03,41.86,13.1,1154,57.99,59,12.55,-
Fri Sep 11 09:33:19 GMT+03:00 2026,11-sept.-2026 09:33:19.292,16.211893946598632,1.8344923011210028,79.1,282.48625933816305,1.67,2.03,8.99,-0.02,13.73,0.0,-,21,59.97,35.51,87,-,21.18,1318.5,0.002,79.1,0.98,-,30,16.68,18.24,-,-,45.08,41.83,13.09,1155,58.98,58,9.8,-
Fri Sep 11 09:33:20 GMT+03:00 2026,11-sept.-2026 09:33:20.712,16.12278749128227,1.4535331991852685,77.8,282.4862593389083,0.05,0.05,11.01,0.02,13.73,0.03,-,21,59.97,35.16,87,-,25.1,1297.5,0.004,77.8,1.47,-,31,16.53,17.84,-,-,45.13,41.79,13.08,1156,59.47,58,9.8,-
Fri Sep 11 09:33:21 GMT+03:00 2026,11-sept.-2026 09:33:21.668,16.12876756279391,2.021458711457419,78.2,282.4862593394454,0.94,2.46,9.1,-0.01,13.73,-0.04,-,21,59.97,35.16,86,-,30.98,1319.5,0.008,78.2,0.51,-,30,15.81,17.31,-,-,45.18,41.75,13.07,1157,58.51,58,8.63,-
Fri Sep 11 09:33:22 GMT+03:00 2026,11-sept.-2026 09:33:22.464,13.907380736458204,2.520220890798276,77.8,282.4862593386032,3.09,-0.47,9.96,-0.29,13.33,-0.3,-,21,59.96,35.16,86,-,9.41,1454.5,0.0,77.8,0.35,-,30,15.52,26.41,-,-,45.22,41.72,13.06,1158,49.65,50,6.27,-
Fri Sep 11 09:33:23 GMT+03:00 2026,11-sept.-2026 09:33:23.692,11.741257718838044,2.800985636676515,77.1,282.48625933875985,1.47,2.12,11.7,-0.21,12.55,-0.22,-,21,59.94,35.16,86,-,10.2,1224.75,0.0,77.1,0.46,-,30,15.08,21.08,-,-,45.27,41.68,13.05,1159,42.46,42,1.57,-
Fri Sep 11 09:33:24 GMT+03:00 2026,11-sept.-2026 09:33:24.606,9.646433875649738,2.498574101777777,77.5,282.4862593380934,-0.56,0.43,12.19,-0.26,12.55,-0.27,-,21,59.92,35.16,87,-,10.59,1390.0,0.0,77.5,0.69,-,30,14.36,23.14,-,-,45.32,41.64,13.04,1160,34.31,35,1.96,-
Fri Sep 11 09:33:25 GMT+03:00 2026,11-sept.-2026 09:33:25.475,7.645950158943788,1.8740084086167796,77.4,282.486259336371,2.23,1.4,11.07,-0.23,12.94,-0.22,-,21,59.89,35.51,86,-,9.02,1691.0,0.0,77.4,0.45,-,30,14.36,29.05,-,-,45.37,41.61,13.02,1161,27.55,28,1.96,-
Fri Sep 11 09:33:26 GMT+03:00 2026,11-sept.-2026 09:33:26.789,5.7736362628952005,1.7323894276613216,77.8,282.486259339947,1.1,1.77,11.86,-0.12,12.55,-0.13,-,21,59.86,35.16,86,-,10.2,1273.75,0.0,77.8,1.87,-,30,14.36,21.04,-,-,45.41,41.57,13.01,1162,21.87,20,1.96,-
Fri Sep 11 09:33:27 GMT+03:00 2026,11-sept.-2026 09:33:27.763,4.079482788524622,1.406278370054772,78.1,282.4862593460545,1.34,1.86,11.24,-0.12,12.94,-0.16,-,21,59.82,35.16,87,-,11.37,1529.25,0.0,78.1,0.69,-,30,14.65,26.41,-,-,45.46,41.54,13,1163,15.69,15,3.53,-
Fri Sep 11 09:33:28 GMT+03:00 2026,11-sept.-2026 09:33:28.312,2.634529860728499,3.24011011127169,79.1,282.4862593373079,-1.63,2.7,8.51,-0.13,12.94,-0.11,-,21,59.78,35.16,87,-,22.35,1095.25,0.002,79.1,0.53,-,30,14.94,13.21,-,-,45.51,41.5,12.99,1164,9.47,10,5.49,-
Fri Sep 11 09:33:29 GMT+03:00 2026,11-sept.-2026 09:33:29.699,1.5237249799681316,1.9960383672925444,78.1,282.48625932461016,0.62,0.51,10.88,-0.06,13.33,-0.09,-,21,59.73,35.16,87,-,23.53,983.25,0.002,78.1,1.81,-,30,15.23,11.84,-,-,45.56,41.46,12.98,1165,6.81,5,7.45,-
Fri Sep 11 09:33:30 GMT+03:00 2026,11-sept.-2026 09:33:30.686,0.7983961051992255,1.4233780707276489,76.4,282.4862593334366,0.63,0.55,10.33,-0.06,13.33,-0.1,-,21,59.68,35.16,86,-,24.71,917.0,0.002,76.4,0.12,-,30,15.23,11,-,-,45.52,41.43,13.05,1166,3.12,3,9.8,-
Fri Sep 11 09:33:31 GMT+03:00 2026,11-sept.-2026 09:33:31.292,0.4010297469934999,3.835393797478344,77.8,282.48625935261424,0.71,1.52,9.91,-0.04,12.94,-0.05,-,21,59.63,35.16,87,-,21.18,839.75,0.002,77.8,0.38,-,30,15.08,10.92,-,-,45.48,41.39,13.13,1167,0.62,1,7.84,-
Fri Sep 11 09:33:32 GMT+03:00 2026,11-sept.-2026 09:33:32.554,0.0,3.62368969276549,77.0,282.48625935261424,-0.27,4.55,11.05,-0.04,12.94,-0.03,-,21,59.58,34.81,86,-,21.18,850.5,0.002,77,0.06,-,29,14.94,10.96,-,-,45.44,41.36,13.21,1168,0.06,0,5.49,-
Fri Sep 11 09:33:33 GMT+03:00 2026,11-sept.-2026 09:33:33.636,0.0,5.321480106335541,76.7,282.48625935630423,-0.15,3.8,8.56,-0.01,13.73,0.01,-,21,59.53,35.16,86,-,21.18,849.5,0.002,76.7,0.5,-,29,14.79,10.8,-,-,45.4,41.32,13.28,1169,0.5,0,1.96,-
Fri Sep 11 09:33:34 GMT+03:00 2026,11-sept.-2026 09:33:34.498,0.0,3.627058274919364,79.5,0.0,-0.05,1.12,8.65,-0.03,12.94,-0.02,-,21,59.48,34.81,86,-,21.57,864.0,0.002,79.5,0.07,-,29,14.79,11.02,-,-,45.36,41.28,13.36,1170,0.07,0,1.96,-
Fri Sep 11 09:33:35 GMT+03:00 2026,11-sept.-2026 09:33:35.392,0.0,4.336362034982455,79.0,0.0,-0.14,2.41,10.06,-0.03,12.94,-0.05,-,21,59.43,35.16,86,-,21.57,878.25,0.002,79,0.13,-,29,14.79,11.23,-,-,45.32,41.25,13.43,1171,0.13,0,1.96,-
Fri Sep 11 09:33:36 GMT+03:00 2026,11-sept.-2026 09:33:36.751,0.0,4.173571653187894,79.7,0.0,0.65,3.02,10.61,-0.02,12.94,-0.01,-,21,59.38,35.16,87,-,21.57,868.5,0.002,79.7,0.27,-,29,14.79,11.08,-,-,45.28,41.21,13.51,1172,0.27,0,1.96,-
Fri Sep 11 09:33:37 GMT+03:00 2026,11-sept.-2026 09:33:37.598,0.0,5.032838338446154,77.9,0.0,0.8,0.76,11.23,0.02,12.94,0.04,-,21,59.33,35.16,86,-,21.57,874.5,0.002,77.9,0.03,-,29,14.79,11.17,-,-,45.24,41.18,13.58,1173,0.03,0,1.96,-
Fri Sep 11 09:33:38 GMT+03:00 2026,11-sept.-2026 09:33:38.448,0.0,4.540672700606294,78.5,0.0,-0.01,2.12,8.93,0.0,12.94,-0.01,-,21,59.27,34.81,87,-,21.57,882.25,0.002,78.5,0.29,-,29,14.79,11.29,-,-,45.2,41.14,13.66,1174,0.29,0,1.57,-
Fri Sep 11 09:33:39 GMT+03:00 2026,11-sept.-2026 09:33:39.653,0.0,4.115289799223706,78.3,0.0,-0.14,-0.3,9.8,-0.07,13.33,-0.06,-,21,59.22,35.51,86,-,21.57,871.75,0.002,78.3,0.32,-,29,14.79,11.13,-,-,45.16,41.11,13.73,1175,0.32,0,1.57,-
Fri Sep 11 09:33:40 GMT+03:00 2026,11-sept.-2026 09:33:40.520,0.0,3.8641302889188553,78.0,0.0,1.01,0.87,11.09,0.06,13.33,0.02,-,21,59.17,34.81,87,-,21.18,853.5,0.002,78,0.13,-,29,14.79,10.87,-,-,45.13,41.07,13.81,1176,0.13,0,1.18,-
Fri Sep 11 09:33:41 GMT+03:00 2026,11-sept.-2026 09:33:41.689,0.0,4.253272905357589,78.6,0.0,-0.49,4.66,9.17,-0.04,13.73,-0.02,-,21,59.12,35.16,87,-,21.18,865.75,0.002,78.6,0.32,-,29,14.79,11.06,-,-,45.09,41.03,13.88,1177,0.32,0,1.18,-
Fri Sep 11 09:33:42 GMT+03:00 2026,11-sept.-2026 09:33:42.608,0.0,3.884934389377241,77.9,0.0,-0.42,2.05,8.24,-0.03,12.94,-0.06,-,21,59.07,35.51,87,-,21.18,854.0,0.002,77.9,0.52,-,29,14.79,10.89,-,-,45.05,41,13.95,1178,0.52,0,1.18,-
Fri Sep 11 09:33:43 GMT+03:00 2026,11-sept.-2026 09:33:43.488,0.0,4.094173167658695,77.6,0.0,2.13,2.97,8.67,-0.01,14.51,-0.02,-,21,59.02,35.16,86,-,20.78,834.75,0.002,77.6,0.14,-,29,14.79,10.62,-,-,45.01,40.96,14.03,1179,0.14,0,1.18,-
Fri Sep 11 09:33:44 GMT+03:00 2026,11-sept.-2026 09:33:44.248,0.0,4.307251301240027,76.9,0.0,0.48,3.3,10.99,0.03,13.33,0.04,-,21,58.97,35.16,86,-,20.78,822.0,0.002,76.9,0.18,-,29,14.79,10.44,-,-,44.97,40.93,14.1,1180,0.18,0,1.57,-
Fri Sep 11 09:33:45 GMT+03:00 2026,11-sept.-2026 09:33:45.572,0.0,4.53408688653496,78.5,0.0,-0.74,2.09,8.32,-0.06,12.94,-0.09,-,21,58.92,35.16,86,-,20.39,813.0,0.002,78.5,0.11,-,29,14.79,10.31,-,-,44.93,40.89,14.18,1181,0.11,0,1.18,-
Fri Sep 11 09:33:46 GMT+03:00 2026,11-sept.-2026 09:33:46.301,0.0,3.614283306139981,79.1,0.0,0.22,1.2,8.29,-0.01,13.73,-0.03,-,21,58.87,35.16,86,-,20.39,838.25,0.002,79.1,0.17,-,29,14.79,10.67,-,-,44.89,40.86,14.25,1182,0.17,0,1.57,-
Fri Sep 11 09:33:47 GMT+03:00 2026,11-sept.-2026 09:33:47.590,0.0,4.521614366860831,77.7,0.0,-0.67,4.56,9.62,0.03,14.12,0.01,-,21,58.82,35.16,87,-,20.0,833.0,0.002,77.7,0.7,-,29,14.79,10.6,-,-,44.85,40.82,14.32,1183,0.3,1,1.57,-
Fri Sep 11 09:33:48 GMT+03:00 2026,11-sept.-2026 09:33:48.287,0.0,3.806665560613226,79.7,0.0,-0.71,1.51,10.21,-0.04,12.94,-0.05,-,21,58.77,34.81,87,-,20.0,842.0,0.002,79.7,0.2,-,29,14.79,10.72,-,-,44.82,40.79,14.4,1184,0.2,0,1.57,-
Fri Sep 11 09:33:49 GMT+03:00 2026,11-sept.-2026 09:33:49.253,0.0,4.776701490346757,76.9,0.0,0.5,4.05,11.67,-0.02,13.33,0.02,-,21,58.72,35.16,87,-,19.61,851.25,0.002,76.9,0.11,-,29,14.79,10.85,-,-,44.78,40.75,14.47,1185,0.11,0,1.57,-
Fri Sep 11 09:33:50 GMT+03:00 2026,11-sept.-2026 09:33:50.669,0.0,4.054894221966498,79.7,0.0,-1.07,1.68,10.53,-0.01,13.33,-0.03,-,21,58.67,35.16,86,-,19.61,849.75,0.002,79.7,0.52,-,29,14.79,10.82,-,-,44.74,40.72,14.54,1186,0.52,0,1.96,-
Fri Sep 11 09:33:51 GMT+03:00 2026,11-sept.-2026 09:33:51.478,0.0,3.669042065654109,78.4,0.0,0.48,0.35,9.87,0.01,13.33,-0.03,-,21,58.62,35.16,87,-,19.22,855.0,0.002,78.4,0.36,-,29,14.79,10.9,-,-,44.7,40.68,14.62,1187,0.36,0,1.96,-
Fri Sep 11 09:33:52 GMT+03:00 2026,11-sept.-2026 09:33:52.274,0.0,3.8091617689276975,78.1,0.0,-0.59,1.96,12.46,0.05,13.33,0.01,-,21,58.57,35.51,87,-,19.22,864.0,0.002,78.1,0.12,-,29,14.79,11.03,-,-,44.66,40.65,14.69,1188,0.12,0,1.57,-
Fri Sep 11 09:33:53 GMT+03:00 2026,11-sept.-2026 09:33:53.422,0.0,4.156994932984708,79.5,0.0,0.63,3.84,8.64,-0.02,12.94,-0.01,-,21,58.52,35.16,87,-,18.82,867.25,0.002,79.5,0.09,-,29,14.79,11.08,-,-,44.62,40.61,14.76,1189,0.09,0,1.57,-
Fri Sep 11 09:33:54 GMT+03:00 2026,11-sept.-2026 09:33:54.302,0.0,4.619334176588355,76.7,0.0,1.17,2.91,9.12,-0.01,13.73,-0.02,-,21,58.47,35.16,86,-,18.82,868.5,0.002,76.7,0.06,-,29,14.79,11.1,-,-,44.59,40.58,14.83,1190,0.06,0,1.57,-
Fri Sep 11 09:33:55 GMT+03:00 2026,11-sept.-2026 09:33:55.642,0.0,4.710265673693685,79.5,0.0,-1.34,3.57,9.6,0.03,12.55,0.02,-,21,58.42,35.16,87,-,18.82,864.75,0.002,79.5,0.2,-,29,14.79,11.05,-,-,44.55,40.55,14.91,1191,0.2,0,1.96,-
Fri Sep 11 09:33:56 GMT+03:00 2026,11-sept.-2026 09:33:56.595,0.0,4.20482956475992,79.0,0.0,-1.41,2.95,7.55,0.0,13.33,-0.02,-,21,58.37,35.16,87,-,18.43,873.5,0.002,79,0.22,-,28,14.79,11.19,-,-,44.51,40.51,14.98,1192,0.22,0,1.57,-
Fri Sep 11 09:33:57 GMT+03:00 2026,11-sept.-2026 09:33:57.458,0.0,3.875867342418229,78.6,0.0,-1.63,2.88,9.56,0.02,13.33,0.03,-,21,58.32,35.16,87,-,18.43,864.75,0.002,78.6,0.34,-,28,14.79,11.07,-,-,44.47,40.48,15.05,1193,0.34,0,1.57,-
Fri Sep 11 09:33:58 GMT+03:00 2026,11-sept.-2026 09:33:58.334,0.0,4.119354710131123,77.2,0.0,1.89,0.27,8.27,-0.03,13.33,-0.02,-,21,58.27,34.81,87,-,18.43,882.25,0.002,77.2,0.14,-,28,14.79,11.33,-,-,44.44,40.44,15.12,1194,0.14,0,1.57,-
Fri Sep 11 09:33:59 GMT+03:00 2026,11-sept.-2026 09:33:59.389,0.0,3.641927111474464,77.8,0.0,-0.85,1.8,7.58,0.09,13.33,0.08,-,21,58.22,34.81,86,-,18.43,850.75,0.002,77.8,0.13,-,28,14.79,10.85,-,-,44.4,40.41,15.2,1195,0.13,0,1.57,-
Fri Sep 11 09:34:00 GMT+03:00 2026,11-sept.-2026 09:34:00.354,0.0,3.9070055473272527,78.7,0.0,0.86,3.54,11.25,0.04,13.73,0.04,-,21,58.17,34.81,87,-,18.43,846.75,0.002,78.7,0.17,-,29,14.79,10.79,-,-,44.36,40.37,15.27,1196,0.17,0,1.57,-
Fri Sep 11 09:34:01 GMT+03:00 2026,11-sept.-2026 09:34:01.307,0.0,4.152956385784223,77.6,0.0,-1.03,1.83,10.0,-0.04,12.94,-0.06,-,21,58.12,35.16,87,-,18.43,847.75,0.002,77.6,0.28,-,29,14.79,10.8,-,-,44.32,40.34,15.34,1197,0.28,0,1.57,-
Fri Sep 11 09:34:02 GMT+03:00 2026,11-sept.-2026 09:34:02.457,0.0,4.659401893026417,77.7,0.0,-0.45,0.3,8.24,0.04,13.33,0.04,-,21,58.07,35.16,87,-,18.82,832.25,0.002,77.7,0.39,-,29,14.79,10.58,-,-,44.28,40.3,15.41,1198,0.39,0,1.96,-
Fri Sep 11 09:34:03 GMT+03:00 2026,11-sept.-2026 09:34:03.446,0.0,4.690087388271737,78.8,0.0,0.34,1.35,9.51,-0.01,13.33,-0.01,-,21,58.02,35.51,87,-,18.82,818.0,0.002,78.8,0.07,-,29,14.79,10.37,-,-,44.25,40.27,15.48,1199,0.07,0,1.96,-
Fri Sep 11 09:34:04 GMT+03:00 2026,11-sept.-2026 09:34:04.611,0.0,3.721781001704975,77.2,0.0,2.96,-0.52,8.82,0.06,12.94,0.06,-,21,57.97,35.16,87,-,18.82,816.25,0.002,77.2,0.01,-,29,14.79,10.35,-,-,44.21,40.24,15.55,1200,0.01,0,1.96,-
Fri Sep 11 09:34:05 GMT+03:00 2026,11-sept.-2026 09:34:05.725,0.0,4.506708375958175,78.9,0.0,-1.15,3.32,10.29,-0.01,13.33,-0.04,-,21,57.92,35.16,87,-,19.22,835.75,0.002,78.9,0.35,-,29,14.79,10.63,-,-,44.17,40.2,15.62,1201,0.35,0,1.96,-
Fri Sep 11 09:34:06 GMT+03:00 2026,11-sept.-2026 09:34:06.746,0.0,4.1435739571736185,76.7,0.0,0.61,1.54,11.54,0.02,13.33,0.0,-,21,57.87,35.16,86,-,19.22,842.75,0.002,76.7,0.12,-,29,14.79,10.73,-,-,44.14,40.17,15.7,1202,0.12,0,1.96,-
Fri Sep 11 09:34:07 GMT+03:00 2026,11-sept.-2026 09:34:07.697,0.0,3.777640690912541,77.1,0.0,-0.58,1.33,11.92,0.04,13.33,0.04,-,21,57.82,35.16,87,-,19.61,827.5,0.002,77.1,0.26,-,29,14.79,10.5,-,-,44.1,40.13,15.77,1203,0.26,0,2.35,-
Fri Sep 11 09:34:08 GMT+03:00 2026,11-sept.-2026 09:34:08.573,0.0,3.7435139057332143,78.0,0.0,1.13,0.18,10.29,-0.06,14.51,-0.08,-,21,57.78,35.16,87,-,19.61,832.5,0.002,78,0.08,-,29,14.79,10.57,-,-,44.06,40.1,15.84,1204,0.08,0,1.96,-
Fri Sep 11 09:34:09 GMT+03:00 2026,11-sept.-2026 09:34:09.777,0.0,3.877287007100816,76.0,0.0,0.73,1.45,8.29,-0.05,13.73,-0.05,-,21,57.73,35.16,87,-,20.0,861.5,0.002,76,0.21,-,29,14.79,10.98,-,-,44.02,40.07,15.91,1205,0.21,0,1.57,-
Fri Sep 11 09:34:10 GMT+03:00 2026,11-sept.-2026 09:34:10.310,0.0,4.595799725864261,76.9,0.0,0.78,2.32,8.06,0.08,13.73,0.06,-,21,57.68,35.51,87,-,20.0,863.5,0.002,76.9,0.19,-,29,14.79,11.01,-,-,43.99,40.03,15.98,1206,0.19,0,1.57,-
Fri Sep 11 09:34:11 GMT+03:00 2026,11-sept.-2026 09:34:11.373,0.0,4.436445893195932,78.2,0.0,0.97,0.4,9.3,-0.02,13.33,-0.01,-,21,57.63,35.51,87,-,20.39,851.25,0.002,78.2,0.33,-,29,14.79,10.82,-,-,43.95,40,16.05,1207,0.33,0,1.57,-
Fri Sep 11 09:34:12 GMT+03:00 2026,11-sept.-2026 09:34:12.351,0.0,4.186979095018161,77.6,0.0,-0.24,2.65,10.16,-0.03,13.33,-0.03,-,21,57.58,35.16,87,-,20.39,870.0,0.002,77.6,0.2,-,30,14.79,11.08,-,-,43.91,39.97,16.12,1208,0.2,0,1.57,-
Fri Sep 11 09:34:13 GMT+03:00 2026,11-sept.-2026 09:34:13.409,0.0,4.537875445958986,78.0,0.0,-3.61,1.71,9.61,0.02,13.33,-0.01,-,21,57.53,35.51,86,-,20.78,878.75,0.002,78,0.32,-,30,14.79,11.2,-,-,43.88,39.93,16.19,1209,0.32,0,1.57,-
Fri Sep 11 09:34:14 GMT+03:00 2026,11-sept.-2026 09:34:14.591,0.0,4.3448921108876295,78.6,0.0,0.63,1.66,7.05,-0.03,12.94,-0.04,-,21,57.49,34.81,87,-,20.78,872.0,0.002,78.6,0.08,-,31,14.79,11.08,-,-,43.84,39.9,16.26,1210,0.08,0,1.57,-
Fri Sep 11 09:34:15 GMT+03:00 2026,11-sept.-2026 09:34:15.428,0.0,4.076012534140975,77.9,0.0,-1.75,1.43,9.41,-0.01,13.33,-0.04,-,21,57.44,35.51,86,-,21.18,876.0,0.002,77.9,0.29,-,31,14.79,11.12,-,-,43.8,39.87,16.33,1211,0.29,0,1.96,-
Fri Sep 11 09:34:16 GMT+03:00 2026,11-sept.-2026 09:34:16.676,0.0,4.023120430720204,77.7,0.0,0.88,4.13,8.81,0.07,13.33,0.08,-,21,57.39,35.16,86,-,21.18,857.5,0.002,-,0.09,-,32,14.79,10.82,-,-,43.77,39.83,16.4,1212,0.09,0,1.96,-
Fri Sep 11 09:34:17 GMT+03:00 2026,11-sept.-2026 09:34:17.796,0.0,4.400766702645452,77.7,0.0,-0.52,1.93,9.94,-0.01,14.12,-0.04,-,21,57.34,35.51,87,-,21.18,849.5,0.002,77.7,0.55,-,33,14.79,10.68,-,-,43.73,39.8,16.47,1213,0.55,0,1.57,-
Fri Sep 11 09:34:18 GMT+03:00 2026,11-sept.-2026 09:34:18.670,0.0,4.07652883007279,78.2,0.0,-2.08,2.72,9.13,0.0,13.33,0.03,-,21,57.29,35.16,87,-,21.57,852.25,0.002,78.2,0.51,-,34,14.79,10.7,-,-,43.69,39.77,16.54,1214,0.51,0,1.57,-
Fri Sep 11 09:34:19 GMT+03:00 2026,11-sept.-2026 09:34:19.537,0.0,3.6376501706173303,78.0,0.0,-0.21,0.65,11.98,0.02,13.33,0.02,-,21,57.25,35.16,87,-,21.57,855.0,0.002,78,0.09,-,35,14.79,10.7,-,-,43.66,39.73,16.61,1215,0.09,0,1.57,-
Fri Sep 11 09:34:20 GMT+03:00 2026,11-sept.-2026 09:34:20.404,0.0,3.976372181133603,77.9,0.0,0.54,0.72,9.72,0.02,13.73,0.0,-,21,57.2,35.16,87,-,21.57,833.25,0.002,77.9,0.17,-,36,15.23,10.73,-,-,43.62,39.7,16.68,1216,0.17,0,9.41,-
Fri Sep 11 09:34:21 GMT+03:00 2026,11-sept.-2026 09:34:21.773,1.3,1.5269972992791736,78.3,282.48625933836234,-2.49,4.35,11.74,0.18,13.73,0.17,-,21,57.15,35.16,87,2.78,36.08,965.25,0.005,78.3,0.19,3.73,36,16.1,12.04,-,-,43.67,39.67,16.67,1217,4.19,4,19.22,-
Fri Sep 11 09:34:22 GMT+03:00 2026,11-sept.-2026 09:34:22.278,2.6,1.4946444155900422,78.3,282.4862593402672,-1.53,3.37,12.3,0.13,13.73,0.16,-,21,57.11,35.16,86,5.57,41.96,1107.0,0.009,78.3,0.14,7.47,37,17.11,15.07,-,-,43.71,39.63,16.65,1218,10.14,10,27.84,-
Fri Sep 11 09:34:23 GMT+03:00 2026,11-sept.-2026 09:34:23.673,3.9,3.3590672733737508,78.6,282.4862593362294,1.32,3.11,9.71,0.1,13.73,0.1,-,21,57.08,35.16,86,8.37,37.65,1460.25,0.015,78.6,1.0,11.23,38,18.42,22.06,-,-,43.76,39.6,16.64,1219,15.0,14,27.06,-
Fri Sep 11 09:34:24 GMT+03:00 2026,11-sept.-2026 09:34:24.287,5.2,1.6963375378682466,76.9,282.48625933806204,-1.28,3.04,11.48,0.16,13.33,0.15,-,21,57.05,35.16,87,11.19,34.51,1938.75,0.02,76.9,1.33,15,38,19,31.39,-,-,43.81,39.57,16.63,1220,17.67,19,24.31,-
Fri Sep 11 09:34:25 GMT+03:00 2026,11-sept.-2026 09:34:25.240,6.5,1.9073087147119767,77.5,282.4862593392282,0.16,3.65,9.67,0.15,13.33,0.13,-,21,57.02,35.51,87,14.02,34.51,2439.5,0.025,77.5,0.7,18.8,38,19.87,41.87,-,-,43.85,39.53,16.61,1221,23.7,23,27.45,-
Fri Sep 11 09:34:26 GMT+03:00 2026,11-sept.-2026 09:34:26.482,7.8,1.5261724113383623,78.0,282.4862593400356,1.24,2.65,11.87,0.13,14.51,0.13,-,21,56.99,35.16,86,16.88,45.88,1722.75,0.028,78,1.27,22.64,39,20.6,29.83,-,-,43.9,39.5,16.6,1222,26.73,28,31.37,-
Fri Sep 11 09:34:27 GMT+03:00 2026,11-sept.-2026 09:34:27.428,9.1,2.2506171159136503,77.9,282.48625933836234,-3.79,2.26,10.66,0.12,14.51,0.11,-,21,56.97,34.81,86,19.77,45.49,2004.25,0.033,77.9,0.94,26.52,39,21.32,36.28,-,-,43.95,39.47,16.58,1223,33.94,33,35.29,-
Fri Sep 11 09:34:28 GMT+03:00 2026,11-sept.-2026 09:34:28.283,10.4,2.008758161484794,77.5,282.4862593369238,-1.79,4.86,10.63,0.14,14.12,0.14,-,21,56.96,35.16,87,22.7,45.49,2304.5,0.037,77.5,0.73,30.44,39,21.9,43.45,-,-,43.99,39.44,16.57,1224,37.73,37,35.29,-
Fri Sep 11 09:34:29 GMT+03:00 2026,11-sept.-2026 09:34:29.474,11.7,1.5058609443748598,78.2,282.4862593393649,2.84,4.12,11.27,0.13,14.12,0.15,-,21,56.95,35.16,86,25.67,46.27,2593.25,0.042,78.2,0.98,34.42,39,22.77,50.39,-,-,44.04,39.4,16.56,1225,42.98,42,40.78,-
Fri Sep 11 09:34:30 GMT+03:00 2026,11-sept.-2026 09:34:30.462,13.000000000000002,1.4430512759335992,79.0,282.4862593398517,0.54,2.82,10.96,0.08,15.29,0.07,-,21,56.94,35.16,87,28.68,60.39,1867.0,0.043,79,0.16,38.46,40,23.5,51.5,-,-,44.09,39.37,16.54,1226,45.84,46,46.27,-
Fri Sep 11 09:34:31 GMT+03:00 2026,11-sept.-2026 09:34:31.777,14.300000000000002,2.4201396988139585,77.7,282.48625934013626,-0.56,2.02,8.46,0.12,14.51,0.11,-,21,56.93,35.51,87,31.74,60.78,2040.75,0.047,77.7,0.17,42.57,40,24.22,58.44,-,-,44.13,39.34,16.53,1227,52.17,52,51.37,-
Fri Sep 11 09:34:32 GMT+03:00 2026,11-sept.-2026 09:34:32.254,15.600000000000003,2.1856374888593084,78.2,282.4862593388301,0.94,2.57,10.33,0.13,14.9,0.12,-,21,56.93,35.16,87,34.86,60.39,2268.0,0.052,78.2,0.82,46.75,40,24.66,66.53,-,-,44.18,39.31,16.52,1228,55.18,56,50.2,-
Fri Sep 11 09:34:33 GMT+03:00 2026,11-sept.-2026 09:34:33.520,16.39383333923818,1.448617314549672,77.8,282.4862593377574,-2.88,0.9,10.78,0.07,14.51,0.08,-,21,56.93,35.51,87,24.1,57.65,1710.25,0.036,77.8,1.57,32.31,40,23.64,46.88,-,-,44.22,39.27,16.5,1229,57.43,59,41.96,-
Fri Sep 11 09:34:34 GMT+03:00 2026,11-sept.-2026 09:34:34.300,16.77866320367984,1.6883490701243289,77.7,282.4862593381787,2.85,3.63,10.09,0.06,13.73,0.05,-,21,56.94,35.16,87,14.23,40.78,1755.5,0.024,77.7,0.06,19.08,40,22.19,32.59,-,-,44.27,39.24,16.49,1230,59.94,60,31.37,-
Fri Sep 11 09:34:35 GMT+03:00 2026,11-sept.-2026 09:34:35.662,16.997834021430275,1.687000681368799,78.1,282.48625933936177,-0.77,3.69,9.56,0.06,14.12,0.06,-,21,56.94,35.16,87,10.14,34.51,1765.25,0.018,78.1,1.32,13.59,41,20.74,30.74,-,-,44.32,39.21,16.47,1231,59.68,61,25.1,-
Fri Sep 11 09:34:36 GMT+03:00 2026,11-sept.-2026 09:34:36.425,17.184358380195185,2.606036851426617,77.8,282.4862593390385,0.07,3.37,9.87,0.03,14.9,0.01,-,21,56.94,35.16,87,9.41,41.96,1396.75,0.016,77.8,0.54,12.62,40,18.71,21.13,-,-,44.36,39.18,16.46,1232,61.46,62,17.65,-
Fri Sep 11 09:34:37 GMT+03:00 2026,11-sept.-2026 09:34:37.382,17.034910723254555,3.1951342238803635,78.5,282.48625933776697,-1.3,2.76,10.42,-0.11,13.33,-0.11,-,21,56.95,35.16,87,-,21.18,1389.5,0.002,78.5,0.26,-,40,18.71,21.02,-,-,44.41,39.14,16.45,1233,60.74,61,22.75,-
Fri Sep 11 09:34:38 GMT+03:00 2026,11-sept.-2026 09:34:38.545,17.326806723301374,1.7545265163726906,77.7,282.4862593394015,3.25,1.18,8.83,0.03,14.51,0.0,-,21,56.95,34.81,86,12.27,48.63,1402.25,0.02,77.7,1.76,16.46,40,17.69,20.17,-,-,44.45,39.11,16.43,1234,61.24,63,14.9,-
Fri Sep 11 09:34:39 GMT+03:00 2026,11-sept.-2026 09:34:39.749,17.13599039753723,1.5228208733180966,77.3,282.4862593401519,0.61,0.52,7.59,-0.01,13.73,0.0,-,21,56.96,35.16,87,-,20.78,1400.0,0.002,77.3,0.23,-,40,17.11,19.49,-,-,44.5,39.08,16.42,1235,62.23,62,17.65,-
Fri Sep 11 09:34:40 GMT+03:00 2026,11-sept.-2026 09:34:40.553,17.12337176808656,2.0602966183390508,77.2,282.48625933877355,-1.75,1.6,9.73,-0.02,13.73,0.01,-,21,56.96,35.16,86,-,29.02,1394.5,0.008,77.2,0.55,-,39,16.82,19.11,-,-,44.54,39.05,16.41,1236,61.45,62,6.67,-
Fri Sep 11 09:34:41 GMT+03:00 2026,11-sept.-2026 09:34:41.770,16.791815873714924,1.451661290699347,77.2,282.4862593383017,-0.72,2.33,9.1,0.02,13.33,0.05,-,21,56.96,35.16,87,-,12.16,1365.25,0.0,77.2,0.61,-,39,17.11,26.45,-,-,44.59,39.02,16.39,1237,60.61,60,20.39,-
Fri Sep 11 09:34:42 GMT+03:00 2026,11-sept.-2026 09:34:42.760,17.230579279000718,1.9461665752458828,75.6,282.48625933873154,-0.5,0.97,10.42,-0.02,14.9,-0.05,-,21,56.97,34.81,87,15.98,57.25,1407.5,0.024,75.6,0.13,21.43,39,17.69,28.28,-,-,44.64,38.98,16.38,1238,61.87,62,20.78,-
Fri Sep 11 09:34:43 GMT+03:00 2026,11-sept.-2026 09:34:43.398,17.24540395279106,1.987821260629918,77.8,282.48625933889184,1.09,3.61,10.31,-0.02,13.73,-0.01,-,21,56.97,35.16,86,-,30.59,1403.0,0.009,77.8,1.47,-,38,16.97,19.53,-,-,44.68,38.95,16.37,1239,63.47,62,20.78,-
Fri Sep 11 09:34:44 GMT+03:00 2026,11-sept.-2026 09:34:44.262,16.92574437130218,2.681175207031552,76.9,282.4862593399531,0.99,2.37,9.47,-0.01,13.73,-0.01,-,21,56.97,35.16,87,-,9.41,1381.5,0.0,76.9,0.29,-,37,18.42,28.83,-,-,44.73,38.92,16.35,1240,60.71,61,15.69,-
Fri Sep 11 09:34:45 GMT+03:00 2026,11-sept.-2026 09:34:45.680,17.13255263061253,1.5046234811401058,77.2,282.48625933762787,-1.68,0.81,10.91,0.02,13.73,0.03,-,21,56.98,35.16,86,9.78,43.53,1381.25,0.016,77.2,1.1,13.12,37,16.82,19.03,-,-,44.77,38.89,16.34,1241,62.1,61,12.55,-
Fri Sep 11 09:34:46 GMT+03:00 2026,11-sept.-2026 09:34:46.350,17.019871898630456,2.1896041021062,76.8,282.4862593378037,-1.03,2.0,11.62,0.01,13.33,0.01,-,21,56.98,35.16,87,-,22.35,1388.25,0.003,76.8,0.15,-,36,16.97,19.44,-,-,44.82,38.86,16.33,1242,61.15,61,18.82,-
Fri Sep 11 09:34:47 GMT+03:00 2026,11-sept.-2026 09:34:47.738,17.11493120731508,2.540526147744933,75.8,282.4862593392578,1.58,2.41,10.47,0.09,13.73,0.11,-,21,56.99,35.16,87,-,35.69,1394.0,0.012,75.8,2.22,-,36,17.98,20.6,-,-,44.86,38.83,16.31,1243,59.78,62,14.9,-
Fri Sep 11 09:34:48 GMT+03:00 2026,11-sept.-2026 09:34:48.698,17.17421547780868,2.228008162949336,77.2,282.48625933900934,3.41,2.64,9.13,-0.02,13.73,-0.03,-,21,56.99,35.16,87,-,33.33,1408.0,0.011,77.2,0.15,-,35,16.82,19.61,-,-,44.91,38.79,16.3,1244,62.15,62,14.51,-
Fri Sep 11 09:34:49 GMT+03:00 2026,11-sept.-2026 09:34:49.602,17.00710889029883,1.557166892309048,78.0,282.4862593390844,2.08,2.7,8.25,-0.07,13.33,-0.08,-,21,56.99,35.16,87,-,20.78,1396.75,0.002,78,0.61,-,35,16.97,19.49,-,-,44.95,38.76,16.29,1245,61.61,61,9.8,-
Fri Sep 11 09:34:50 GMT+03:00 2026,11-sept.-2026 09:34:50.342,16.908186766593264,2.2989893142005213,78.5,282.4862593377824,-0.08,1.08,8.5,0.04,13.73,0.02,-,21,57.0,34.81,87,-,23.14,1376.75,0.003,78.5,0.48,-,35,16.97,19.23,-,-,45,38.73,16.27,1246,61.48,61,11.37,-
Fri Sep 11 09:34:51 GMT+03:00 2026,11-sept.-2026 09:34:51.599,17.022235171356908,3.199980013853712,76.9,282.4862593392873,1.21,2.0,7.45,0.06,14.12,0.09,-,21,57.0,35.51,87,-,37.25,1372.5,0.013,76.9,0.83,-,35,17.4,19.68,-,-,45.04,38.7,16.26,1247,61.17,62,20.0,-
Fri Sep 11 09:34:52 GMT+03:00 2026,11-sept.-2026 09:34:52.643,17.248128943037603,1.4789785908030415,78.3,282.4862593403351,4.09,3.3,8.55,0.1,14.9,0.13,-,21,57.0,35.16,87,10.38,43.92,1404.0,0.017,78.3,0.87,13.92,36,18.71,21.67,-,-,45.09,38.67,16.25,1248,61.13,62,29.02,-
Fri Sep 11 09:34:53 GMT+03:00 2026,11-sept.-2026 09:34:53.793,17.526532719401697,2.842009664566584,76.8,282.4862593388198,-1.0,-0.7,7.91,0.05,14.51,0.04,-,21,57.01,34.81,87,12.03,47.06,1422.0,0.02,76.8,1.02,16.13,36,19,22.24,-,-,45.13,38.64,16.23,1249,62.98,64,25.1,-
Fri Sep 11 09:34:54 GMT+03:00 2026,11-sept.-2026 09:34:54.255,17.484750162149247,2.7183522648414424,76.5,282.48625933764947,2.31,3.05,7.87,0.02,13.33,0.06,-,21,57.01,35.16,87,-,27.06,1430.5,0.007,76.5,0.88,-,36,18.13,21.41,-,-,45.17,38.61,16.22,1250,63.88,63,16.47,-
Fri Sep 11 09:34:55 GMT+03:00 2026,11-sept.-2026 09:34:55.795,17.268164837632664,2.079536447977094,77.1,282.4862593388184,0.56,3.45,8.67,-0.05,13.33,-0.07,-,21,57.02,34.81,87,-,21.18,1386.75,0.002,77.1,1.33,-,36,16.68,19.06,-,-,45.22,38.57,16.21,1251,61.67,63,5.88,-
Fri Sep 11 09:34:56 GMT+03:00 2026,11-sept.-2026 09:34:56.425,16.90451106224305,1.6415566596886275,75.5,282.4862593397328,-0.06,1.85,8.11,-0.06,12.55,-0.09,-,21,57.02,35.16,87,-,9.8,1374.5,0.0,75.5,1.43,-,36,16.53,25.89,-,-,45.26,38.54,16.19,1252,59.57,61,12.16,-
Fri Sep 11 09:34:57 GMT+03:00 2026,11-sept.-2026 09:34:57.292,17.1227327243839,2.136550120613946,77.9,282.48625933967,0.77,3.96,8.36,-0.02,13.73,-0.02,-,21,57.02,35.16,87,10.07,44.31,1378.5,0.017,77.9,0.05,13.51,37,16.53,18.61,-,-,45.31,38.51,16.18,1253,62.05,62,14.12,-
Fri Sep 11 09:34:58 GMT+03:00 2026,11-sept.-2026 09:34:58.380,17.065478420755337,1.7345402685966689,76.7,282.4862593389949,-1.05,2.29,8.34,0.03,12.94,0.02,-,21,57.03,35.16,87,-,25.88,1398.75,0.005,76.7,0.81,-,37,16.82,19.37,-,-,45.35,38.48,16.17,1254,61.19,62,17.65,-
Fri Sep 11 09:34:59 GMT+03:00 2026,11-sept.-2026 09:34:59.676,17.041335495870243,2.504334558771309,75.2,282.48625933758314,2.59,1.41,9.76,0.01,12.55,0.0,-,21,57.03,35.16,87,-,28.24,1390.75,0.007,75.2,0.4,-,37,17.84,20.27,-,-,45.4,38.45,16.16,1255,61.4,61,13.73,-
Fri Sep 11 09:35:00 GMT+03:00 2026,11-sept.-2026 09:35:00.682,17.094770696002257,1.4488355176089094,77.2,282.486259338731,1.08,0.21,7.74,0.04,14.12,0.04,-,21,57.04,35.16,87,-,33.73,1367.25,0.01,77.2,0.49,-,38,17.69,19.66,-,-,45.44,38.42,16.14,1256,61.51,62,18.43,-
Fri Sep 11 09:35:01 GMT+03:00 2026,11-sept.-2026 09:35:01.449,17.240984877491133,1.8057095689323843,75.7,282.48625933952894,1.34,2.93,10.22,0.06,14.9,0.08,-,21,57.04,35.51,87,8.27,39.22,1394.25,0.014,75.7,0.15,11.09,38,18.27,20.89,-,-,45.48,38.39,16.13,1257,62.15,62,23.53,-
Fri Sep 11 09:35:02 GMT+03:00 2026,11-sept.-2026 09:35:02.455,17.4157677052101,1.433377829021062,76.8,282.4862593393669,0.81,2.65,10.06,-0.04,14.12,-0.04,-,21,57.04,34.81,87,9.16,40.78,1416.25,0.016,76.8,0.53,12.29,38,18.42,21.43,-,-,45.53,38.36,16.12,1258,62.53,62,22.35,-
Fri Sep 11 09:35:03 GMT+03:00 2026,11-sept.-2026 09:35:03.701,17.434334921946373,1.56371364521209,76.2,282.48625933778715,-0.2,3.12,8.99,-0.05,13.33,-0.01,-,21,57.05,35.16,87,-,30.59,1426.5,0.009,76.2,0.86,-,38,18.71,21.88,-,-,45.57,38.33,16.1,1259,63.86,63,21.57,-
Fri Sep 11 09:35:04 GMT+03:00 2026,11-sept.-2026 09:35:04.760,17.564993727419573,1.7199177695328502,77.6,282.4862593374388,-0.55,1.83,9.77,0.05,13.73,0.11,-,21,57.05,35.16,87,8.09,38.04,1426.0,0.014,77.6,0.07,10.85,38,18.71,21.8,-,-,45.62,38.29,16.09,1260,62.93,63,20.39,-
Fri Sep 11 09:35:05 GMT+03:00 2026,11-sept.-2026 09:35:05.331,17.682899590605924,1.5062839449798335,76.4,282.4862593393684,0.26,0.47,9.14,0.01,13.33,0.0,-,21,57.06,35.16,87,-,36.86,1443.5,0.014,76.4,0.76,-,39,19.29,22.84,-,-,45.66,38.26,16.08,1261,63.24,64,29.02,-
Fri Sep 11 09:35:06 GMT+03:00 2026,11-sept.-2026 09:35:06.276,18.08201471968283,2.1302304836007737,76.5,282.4862593403876,-1.45,1.48,9.21,0.06,14.9,0.06,-,21,57.07,35.16,87,15.9,53.73,1470.0,0.025,76.5,0.73,21.32,39,20.45,24.63,-,-,45.7,38.23,16.06,1262,64.73,64,34.9,-
Fri Sep 11 09:35:07 GMT+03:00 2026,11-sept.-2026 09:35:07.693,18.47538463903428,1.7562471819130892,76.1,282.48625933878145,-2.96,3.99,9.34,0.07,14.51,0.09,-,21,57.07,35.51,87,16.19,52.94,1505.5,0.024,76.1,1.11,21.71,39,19.58,24.18,-,-,45.75,38.2,16.05,1263,65.89,67,28.63,-
Fri Sep 11 09:35:08 GMT+03:00 2026,11-sept.-2026 09:35:08.646,18.23196387307805,3.975331753213546,77.2,282.486259338184,3.6,5.33,8.72,-0.02,13.33,0.0,-,21,57.08,35.16,87,-,20.78,1470.75,0.002,77.2,0.74,-,39,20.45,24.73,-,-,45.79,38.17,16.04,1264,65.74,65,29.8,-
Fri Sep 11 09:35:09 GMT+03:00 2026,11-sept.-2026 09:35:09.567,18.703321648877143,2.096462268256328,75.6,282.4862593399032,-0.87,4.07,9.59,0.05,15.29,0.03,-,21,57.09,35.16,87,18.69,56.86,1530.25,0.028,75.6,0.07,25.06,40,20.31,35.42,-,-,45.83,38.14,16.03,1265,67.07,67,26.67,-
Fri Sep 11 09:35:10 GMT+03:00 2026,11-sept.-2026 09:35:10.741,18.968196681934558,2.0953499757809158,76.3,282.4862593388244,1.09,2.81,8.7,0.03,13.73,0.04,-,21,57.1,35.16,87,13.04,44.71,1554.0,0.022,76.3,0.29,17.49,40,19.58,25.06,-,-,45.88,38.11,16.01,1266,67.71,68,32.55,-
Fri Sep 11 09:35:11 GMT+03:00 2026,11-sept.-2026 09:35:11.267,19.09003833586998,2.634040310210537,75.6,282.4862593384502,0.45,4.62,8.04,0.06,14.9,0.08,-,21,57.11,35.16,87,8.98,36.47,1558.25,0.016,75.6,1.54,12.05,40,21.9,28.08,-,-,45.92,38.08,16,1267,69.54,68,35.29,-
Fri Sep 11 09:35:12 GMT+03:00 2026,11-sept.-2026 09:35:12.430,19.70782181202562,1.9762542802115812,76.7,282.48625933919544,-1.15,3.25,8.2,0.07,15.69,0.07,-,21,57.12,35.16,87,24.43,63.53,1608.0,0.035,76.7,0.88,32.75,41,20.74,38.19,-,-,45.96,38.05,15.99,1268,70.12,71,29.8,-
Fri Sep 11 09:35:13 GMT+03:00 2026,11-sept.-2026 09:35:13.588,19.72286141992191,1.6908261730698426,76.2,282.48625933905504,2.59,3.31,6.66,-0.04,13.73,-0.06,-,21,57.13,35.51,87,-,30.59,1603.25,0.012,76.2,0.07,-,41,20.16,26.7,-,-,46.01,38.02,15.97,1269,71.07,71,28.63,-
Fri Sep 11 09:35:14 GMT+03:00 2026,11-sept.-2026 09:35:14.309,19.78802469931972,1.9812987675431444,77.2,282.48625933892777,-0.65,2.57,9.67,-0.06,14.12,-0.07,-,21,57.14,35.16,87,-,33.33,1603.5,0.014,77.2,0.29,-,41,20.31,26.76,-,-,46.05,37.99,15.96,1270,71.29,71,18.43,-
Fri Sep 11 09:35:15 GMT+03:00 2026,11-sept.-2026 09:35:15.698,19.914657194451237,2.4714216313529405,77.4,282.4862593385511,-2.05,2.2,12.51,0.05,13.73,0.03,-,21,57.15,34.81,87,9.78,36.47,1621.75,0.017,77.4,0.47,13.12,41,19.14,25.63,-,-,46.09,37.96,15.95,1271,71.47,71,21.96,-
Fri Sep 11 09:35:16 GMT+03:00 2026,11-sept.-2026 09:35:16.534,20.11171660414631,1.857520246873429,76.0,282.48625933877764,0.52,4.28,10.69,0.09,14.12,0.05,-,21,57.16,35.51,87,12.12,40.0,1646.5,0.021,76,1.06,16.25,41,19.44,26.5,-,-,46.14,37.93,15.94,1272,73.06,72,23.14,-
Fri Sep 11 09:35:17 GMT+03:00 2026,11-sept.-2026 09:35:17.289,20.23168529232101,1.611508416089646,76.2,282.4862593389636,0.4,1.59,9.96,-0.04,13.73,-0.08,-,21,57.18,35.16,87,-,36.08,1653.25,0.017,76.2,0.75,-,42,19.87,27.1,-,-,46.18,37.9,15.92,1273,73.75,73,24.31,-
Fri Sep 11 09:35:18 GMT+03:00 2026,11-sept.-2026 09:35:18.425,20.422328310337324,2.579828005013355,77.3,282.4862593383879,-1.9,3.47,9.65,0.0,14.51,0.02,-,21,57.19,35.51,87,12.21,40.0,1661.0,0.021,77.3,0.84,16.37,42,20.02,27.5,-,-,46.22,37.87,15.91,1274,73.84,73,24.31,-
Fri Sep 11 09:35:19 GMT+03:00 2026,11-sept.-2026 09:35:19.286,20.619527176379588,2.614710190359706,76.2,282.4862593383104,0.3,1.52,8.99,-0.01,14.12,0.02,-,21,57.2,35.16,87,12.6,40.0,1678.5,0.022,76.2,0.81,16.9,42,20.6,28.51,-,-,46.26,37.84,15.9,1275,74.81,74,29.41,-
Fri Sep 11 09:35:20 GMT+03:00 2026,11-sept.-2026 09:35:20.244,21.004292339983277,1.6094976004798496,75.2,282.4862593391647,-2.17,3.09,9.68,-0.01,14.12,-0.01,-,21,57.22,35.16,87,19.01,49.41,1709.75,0.028,75.2,0.66,25.49,43,19.87,28.08,-,-,46.31,37.81,15.89,1276,75.34,76,23.53,-
Fri Sep 11 09:35:21 GMT+03:00 2026,11-sept.-2026 09:35:21.483,20.893323225095344,1.986720062952285,76.0,282.48625933952206,-0.56,3.36,8.99,0.0,12.55,-0.01,-,21,57.23,35.16,87,-,23.92,1695.0,0.006,76,0.14,-,43,20.02,28,-,-,46.35,37.78,15.87,1277,74.86,75,24.31,-
Fri Sep 11 09:35:22 GMT+03:00 2026,11-sept.-2026 09:35:22.512,21.13879289729861,2.069448685671075,77.4,282.48625933820534,0.26,3.58,9.5,0.03,14.51,0.04,-,-,57.25,35.16,-,14.67,41.96,1731.5,0.025,77.4,0.99,19.68,-,-,-,-,-,46.39,37.75,15.86,1278,76.99,76,22.75,-
Fri Sep 11 09:35:23 GMT+03:00 2026,11-sept.-2026 09:35:23.740,21.44813737929813,1.696462167810057,76.1,282.4862593387269,-0.58,3.72,9.35,0.04,14.51,0.07,-,21,57.26,35.16,87,17.1,45.49,1748.25,0.028,76.1,1.19,22.93,43,20.6,30.02,-,-,46.43,37.72,15.85,1279,78.19,77,35.29,-
Fri Sep 11 09:35:24 GMT+03:00 2026,11-sept.-2026 09:35:24.269,21.98124001404888,1.806380826789867,74.4,282.48625933938183,-1.43,2.22,8.9,0.08,14.9,0.08,-,21,57.28,35.16,87,25.27,56.86,1784.75,0.038,74.4,1.33,33.88,43,21.9,45.14,-,-,46.48,37.69,15.84,1280,77.67,79,37.65,-
Fri Sep 11 09:35:25 GMT+03:00 2026,11-sept.-2026 09:35:25.612,22.172340031714363,2.0432818727861024,76.4,102.4862593383026,-0.7,3.72,10.47,0.0,14.51,-0.01,-,21,57.3,35.16,87,13.96,48.24,1500.5,0.023,76.4,1.15,18.72,43,20.74,25.32,-,-,46.52,37.66,15.82,1281,81.15,80,29.8,-
Fri Sep 11 09:35:26 GMT+03:00 2026,11-sept.-2026 09:35:26.362,22.036095621206943,2.043715926862144,76.0,102.486259338359,-1.02,3.24,10.97,0.01,14.12,-0.03,-,21,57.31,35.16,87,-,25.1,1462.0,0.005,76,0.6,-,43,21.61,25.56,-,-,46.56,37.63,15.81,1282,80.6,80,34.51,-
Fri Sep 11 09:35:27 GMT+03:00 2026,11-sept.-2026 09:35:27.324,22.52333355174541,2.7911501452318417,75.0,102.48625933926684,-3.02,0.96,10.51,0.06,15.69,0.05,-,21,57.33,35.16,87,24.54,69.8,1513.25,0.034,75,0.62,32.9,43,20.45,34.98,-,-,46.52,37.68,15.8,1283,80.38,81,30.2,-
Fri Sep 11 09:35:28 GMT+03:00 2026,11-sept.-2026 09:35:28.771,22.561291951789123,2.138914437333981,77.0,102.48625933939522,-1.6,3.27,11.07,-0.01,14.12,0.03,-,21,57.35,35.16,87,-,37.65,1520.25,0.016,77,0.08,-,43,21.18,26.25,-,-,46.49,37.73,15.79,1284,81.08,81,45.1,-
Fri Sep 11 09:35:29 GMT+03:00 2026,11-sept.-2026 09:35:29.284,22.979611548926837,2.148932939896516,76.2,102.48625933878024,-0.3,2.15,10.66,-0.03,14.51,-0.04,-,21,57.37,35.51,87,22.81,65.1,1531.0,0.033,76.2,0.08,30.59,43,23.79,41.33,-,-,46.45,37.78,15.77,1285,82.08,82,49.02,-
Fri Sep 11 09:35:30 GMT+03:00 2026,11-sept.-2026 09:35:30.377,23.62789966815476,2.958847418082684,75.3,102.48625933828474,-0.27,1.43,10.75,0.08,15.69,0.06,-,21,57.39,35.16,87,32.06,79.61,1580.5,0.042,75.3,0.22,43,42,23.06,41.53,-,-,46.41,37.83,15.76,1286,85.22,85,52.94,-
Fri Sep 11 09:35:31 GMT+03:00 2026,11-sept.-2026 09:35:31.491,23.820543482149034,1.798798982012376,76.1,102.48625933972278,1.07,3.52,8.91,0.03,14.51,0.03,-,21,57.42,35.16,88,15.81,48.63,1591.75,0.025,76.1,0.2,21.2,42,22.48,29.28,-,-,46.38,37.87,15.75,1287,86.2,86,38.04,-
Fri Sep 11 09:35:32 GMT+03:00 2026,11-sept.-2026 09:35:32.345,23.668725219508563,1.5021255317832456,75.7,102.48625933852978,1.49,3.56,8.52,-0.02,12.94,-0.03,-,21,57.44,35.16,87,-,25.1,1585.25,0.006,75.7,0.92,-,42,22.34,28.98,-,-,46.34,37.92,15.74,1288,85.92,85,30.2,-
Fri Sep 11 09:35:33 GMT+03:00 2026,11-sept.-2026 09:35:33.475,24.013665812006288,2.9401217089600573,76.6,102.48625933782871,1.68,1.66,10.25,-0.03,15.69,-0.04,-,21,57.46,35.51,87,21.63,58.43,1611.75,0.033,76.6,1.52,29,42,19.73,36.3,-,-,46.31,37.97,15.72,1289,87.52,86,21.57,-
Fri Sep 11 09:35:34 GMT+03:00 2026,11-sept.-2026 09:35:34.488,23.862917175877136,1.976621926936708,76.4,102.48625934009472,-0.81,2.08,9.46,-0.02,12.94,-0.01,-,21,57.48,35.16,87,-,25.1,1597.25,0.006,76.4,0.43,-,42,20.74,27.11,-,-,46.27,38.02,15.71,1290,86.43,86,38.04,-
Fri Sep 11 09:35:35 GMT+03:00 2026,11-sept.-2026 09:35:35.422,24.373726484424516,2.8358539479344413,75.6,102.48625933857844,-0.56,0.71,9.27,0.01,15.69,0.05,-,21,57.51,35.16,87,28.31,69.02,1635.75,0.04,75.6,0.34,37.97,42,21.32,39.79,-,-,46.23,38.07,15.7,1291,88.34,88,29.02,-
Fri Sep 11 09:35:36 GMT+03:00 2026,11-sept.-2026 09:35:36.693,24.355667660324457,2.3711814419300303,75.8,102.48625933817796,0.21,3.84,10.17,0.05,13.33,0.02,-,21,57.53,35.16,87,-,34.12,1625.25,0.015,75.8,0.46,-,42,20.45,27.46,-,-,46.2,38.12,15.69,1292,88.46,88,35.29,-
Fri Sep 11 09:35:37 GMT+03:00 2026,11-sept.-2026 09:35:37.650,24.46118959661008,1.5237427858096513,76.5,102.48625933962389,0.34,2.63,9.6,0.06,14.9,0.04,-,21,57.55,35.16,87,-,41.96,1644.75,0.022,76.5,0.78,-,42,21.61,29.42,-,-,46.16,38.17,15.67,1293,87.22,88,26.27,-
Fri Sep 11 09:35:38 GMT+03:00 2026,11-sept.-2026 09:35:38.484,24.61342331727936,1.627424894621607,74.5,102.4862593381704,0.01,3.03,10.18,0.02,14.51,0.02,-,21,57.58,35.16,87,15.21,45.49,1641.75,0.025,74.5,0.08,20.4,42,19.14,25.94,-,-,46.12,38.21,15.66,1294,88.92,89,21.57,-
Fri Sep 11 09:35:39 GMT+03:00 2026,11-sept.-2026 09:35:39.520,24.391151075956905,3.416133676037361,77.7,102.48625933859904,-2.23,0.06,9.54,-0.01,12.94,-0.01,-,21,57.6,35.16,88,-,20.78,1641.5,0.002,77.7,0.26,-,41,19,25.76,-,-,46.09,38.26,15.65,1295,87.74,88,17.65,-
Fri Sep 11 09:35:40 GMT+03:00 2026,11-sept.-2026 09:35:40.359,24.33691447587577,2.6160822455042627,76.8,102.48625934001872,1.54,2.42,9.05,-0.07,13.73,-0.05,-,21,57.63,35.16,87,-,31.76,1626.25,0.013,76.8,1.19,-,41,19.14,25.63,-,-,46.05,38.31,15.64,1296,86.81,88,16.86,-
Fri Sep 11 09:35:41 GMT+03:00 2026,11-sept.-2026 09:35:41.512,24.47210537893937,2.5372031748323183,76.7,102.48625933868178,-0.11,2.73,11.59,0.01,14.51,0.02,-,21,57.65,35.16,87,14.41,44.31,1641.5,0.024,76.7,0.59,19.33,41,17.98,24.48,-,-,46.02,38.36,15.62,1297,88.59,88,19.22,-
Fri Sep 11 09:35:42 GMT+03:00 2026,11-sept.-2026 09:35:42.694,24.335487313425546,2.424114643160705,75.1,102.4862593387532,-1.29,4.19,8.45,0.04,13.33,0.01,-,21,57.67,35.16,87,-,26.27,1625.5,0.008,75.1,0.31,-,41,18.71,25.1,-,-,45.98,38.41,15.61,1298,86.69,87,18.43,-
Fri Sep 11 09:35:43 GMT+03:00 2026,11-sept.-2026 09:35:43.469,24.25453064026873,2.408673404685356,74.5,102.48625933980291,1.37,1.19,9.51,0.0,14.12,0.05,-,21,57.7,35.16,87,-,29.8,1625.25,0.011,74.5,0.48,-,40,19.87,26.66,-,-,45.94,38.46,15.6,1299,87.48,87,21.96,-
Fri Sep 11 09:35:44 GMT+03:00 2026,11-sept.-2026 09:35:44.374,24.5461598015076,1.9206579757695053,77.1,102.4862593385093,-0.54,1.55,10.86,0.09,14.51,0.12,-,21,57.72,35.16,87,20.37,54.12,1655.25,0.027,77.1,0.77,27.32,40,19.44,26.78,-,-,45.91,38.5,15.59,1300,88.77,88,26.27,-
Fri Sep 11 09:35:45 GMT+03:00 2026,11-sept.-2026 09:35:45.356,24.575900414731883,2.0598545748446058,75.6,102.4862593383822,0.75,2.45,8.49,0.01,13.73,0.01,-,21,57.74,35.16,87,-,37.65,1640.0,0.018,75.6,0.42,-,40,18.71,25.57,-,-,45.87,38.55,15.58,1301,89.42,89,21.96,-
Fri Sep 11 09:35:46 GMT+03:00 2026,11-sept.-2026 09:35:46.719,24.100272646239137,2.394813085474292,75.1,102.48625933931956,1.01,0.71,10.91,-0.01,13.33,-0.01,-,21,57.77,35.16,87,-,10.59,1604.5,0.0,75.1,0.51,-,40,20.89,38.58,-,-,45.84,38.6,15.56,1302,86.49,87,29.41,-
Fri Sep 11 09:35:47 GMT+03:00 2026,11-sept.-2026 09:35:47.430,24.691946328605923,1.4868346759304658,74.7,102.4862593385385,-2.55,1.77,11.13,0.06,16.08,0.04,-,21,57.79,34.81,87,31.9,74.51,1648.5,0.036,74.7,0.39,42.78,40,18.71,35.71,-,-,45.8,38.65,15.55,1303,89.39,89,22.35,-
Fri Sep 11 09:35:48 GMT+03:00 2026,11-sept.-2026 09:35:48.323,24.218296606542904,1.9366742694344807,73.6,102.4862593387104,1.75,-0.9,8.87,-0.01,12.94,-0.01,-,21,57.81,35.16,87,-,12.55,1625.75,0.0,73.6,0.05,-,40,17.69,33.11,-,-,45.77,38.69,15.54,1304,87.05,87,23.14,-
Fri Sep 11 09:35:49 GMT+03:00 2026,11-sept.-2026 09:35:49.355,23.940323531808914,1.968589506965904,76.9,102.48625933879347,-0.88,1.62,9.81,-0.06,12.55,-0.03,-,21,57.84,35.16,87,-,20.39,1597.5,0.002,76.9,1.03,-,40,19.29,25.42,-,-,45.73,38.74,15.53,1305,87.03,86,10.98,-
Fri Sep 11 09:35:50 GMT+03:00 2026,11-sept.-2026 09:35:50.791,24.041009529463057,2.073147397326628,75.6,102.48625933903315,1.04,2.83,10.68,0.0,14.12,-0.05,-,21,57.86,35.16,87,-,41.96,1612.75,0.021,75.6,0.51,-,40,17.98,24.12,-,-,45.69,38.79,15.52,1306,86.51,86,21.96,-
Fri Sep 11 09:35:51 GMT+03:00 2026,11-sept.-2026 09:35:51.637,24.231481095469405,2.0633131178511794,74.1,102.48625933893912,-0.73,2.63,6.4,0.0,15.29,-0.01,-,21,57.88,35.16,87,16.2,47.84,1624.25,0.026,74.1,0.8,21.73,39,19.73,26.65,-,-,45.66,38.84,15.5,1307,87.2,88,31.37,-
Fri Sep 11 09:35:52 GMT+03:00 2026,11-sept.-2026 09:35:52.344,24.37817925218972,2.4474156013177923,74.0,102.4862593382054,-1.77,4.49,9.27,-0.01,13.33,0.01,-,21,57.9,35.16,87,14.74,45.49,1623.75,0.024,74,0.97,19.77,39,20.02,26.9,-,-,45.62,38.88,15.49,1308,87.03,88,24.31,-
Fri Sep 11 09:35:53 GMT+03:00 2026,11-sept.-2026 09:35:53.715,24.190493212676248,2.0384792379493377,74.5,102.48625933933668,1.82,2.76,9.07,-0.07,12.94,-0.05,-,21,57.93,35.16,87,-,22.75,1632.75,0.004,74.5,1.21,-,39,18.56,25.31,-,-,45.59,38.93,15.48,1309,86.79,88,14.12,-
Fri Sep 11 09:35:54 GMT+03:00 2026,11-sept.-2026 09:35:54.676,23.876879270076834,1.990321080808819,75.3,102.48625933924345,-2.11,3.86,8.36,-0.05,12.94,-0.04,-,21,57.95,35.16,88,-,20.39,1587.75,0.002,75.3,0.65,-,39,18.71,24.58,-,-,45.55,38.98,15.47,1310,86.65,86,15.69,-
Fri Sep 11 09:35:55 GMT+03:00 2026,11-sept.-2026 09:35:55.760,24.091013355079085,1.4585301898464509,74.4,102.48625933846144,-0.95,2.94,8.89,0.04,14.12,0.02,-,21,57.97,35.16,87,16.91,49.41,1622.0,0.025,74.4,1.02,22.68,40,18.56,25.02,-,-,45.52,39.03,15.46,1311,85.98,87,23.14,-
Fri Sep 11 09:35:56 GMT+03:00 2026,11-sept.-2026 09:35:56.680,24.206890911513064,3.053890501208173,75.3,102.48625933876276,1.92,4.55,8.95,0.06,14.12,0.08,-,21,57.99,35.16,87,-,43.14,1624.5,0.023,75.3,0.24,-,40,18.71,25.23,-,-,45.48,39.07,15.44,1312,86.76,87,24.31,-
Fri Sep 11 09:35:57 GMT+03:00 2026,11-sept.-2026 09:35:57.389,24.04638687056144,2.054235421877098,74.6,102.48625933882566,0.15,3.71,9.64,0.01,14.12,0.0,-,21,58.02,35.16,87,-,24.71,1614.25,0.006,74.6,0.55,-,40,21.61,28.88,-,-,45.45,39.12,15.43,1313,86.55,86,34.51,-
Fri Sep 11 09:35:58 GMT+03:00 2026,11-sept.-2026 09:35:58.499,24.66993707285956,2.396156671670145,75.6,102.48625933862095,0.16,1.13,10.45,0.04,16.08,0.08,-,21,58.04,35.16,87,33.06,75.29,1661.5,0.038,75.6,0.76,44.34,39,19.58,37.73,-,-,45.41,39.17,15.42,1314,88.76,88,25.1,-
Fri Sep 11 09:35:59 GMT+03:00 2026,11-sept.-2026 09:35:59.390,24.30565115117185,4.153851124593157,74.8,102.48625933889775,-0.42,2.13,8.46,-0.03,12.55,-0.03,-,21,58.06,35.16,87,-,12.55,1614.5,0.0,74.8,0.48,-,39,19.87,36.92,-,-,45.38,39.21,15.41,1315,87.52,88,33.73,-
Fri Sep 11 09:36:00 GMT+03:00 2026,11-sept.-2026 09:36:00.778,24.484320771093326,2.7765852645446065,73.2,102.48625933890786,-0.6,-0.08,11.48,0.01,14.12,-0.02,-,21,58.09,35.16,88,16.06,47.06,1637.75,0.026,73.2,1.05,21.53,39,20.89,28.37,-,-,45.34,39.26,15.4,1316,86.95,88,20.78,-
Fri Sep 11 09:36:01 GMT+03:00 2026,11-sept.-2026 09:36:01.326,24.586415157100937,2.7447740675978585,74.6,102.4862593388364,2.91,2.23,8.94,0.02,13.73,0.01,-,21,58.11,35.16,87,-,41.57,1666.0,0.023,74.6,1.32,-,40,19.14,26.61,-,-,45.31,39.31,15.38,1317,87.68,89,28.63,-
Fri Sep 11 09:36:02 GMT+03:00 2026,11-sept.-2026 09:36:02.439,24.64643816334642,2.8762234586567867,75.7,102.48625933886692,-1.61,3.32,9.77,0.02,14.12,0.03,-,21,58.13,35.16,88,-,39.22,1652.5,0.02,75.7,0.21,-,40,19.44,26.7,-,-,45.27,39.35,15.37,1318,88.21,88,18.82,-
Fri Sep 11 09:36:03 GMT+03:00 2026,11-sept.-2026 09:36:03.347,24.34185041625306,2.9186188657457883,75.0,102.48625933869116,-0.18,1.07,11.51,-0.1,13.33,-0.07,-,21,58.15,34.81,87,-,20.39,1635.5,0.002,75,1.16,-,40,18.42,24.94,-,-,45.24,39.4,15.36,1319,88.16,87,13.73,-
Fri Sep 11 09:36:04 GMT+03:00 2026,11-sept.-2026 09:36:04.474,24.227940028104086,3.7753051262670265,74.6,102.48625933914636,-1.61,5.61,8.65,-0.03,12.94,0.0,-,21,58.18,34.81,87,-,27.84,1628.5,0.009,74.6,0.91,-,40,18.13,24.5,-,-,45.2,39.45,15.35,1320,87.91,87,12.94,-
Fri Sep 11 09:36:05 GMT+03:00 2026,11-sept.-2026 09:36:05.719,24.254722099830072,1.7786830301335652,73.1,102.4862593386092,-0.13,0.37,9.85,-0.06,14.12,-0.09,-,21,58.2,35.16,88,-,37.25,1612.75,0.018,73.1,0.48,-,40,18.56,24.79,-,-,45.17,39.49,15.34,1321,87.48,87,23.14,-
Fri Sep 11 09:36:06 GMT+03:00 2026,11-sept.-2026 09:36:06.671,24.44493235566963,1.4416233726195515,73.5,102.48625933846716,0.51,1.62,9.04,-0.07,14.51,-0.05,-,21,58.22,35.16,87,16.44,48.24,1629.25,0.027,73.5,0.3,22.05,40,19.87,26.76,-,-,45.13,39.54,15.33,1322,87.7,88,27.84,-
Fri Sep 11 09:36:07 GMT+03:00 2026,11-sept.-2026 09:36:07.368,24.52349061574436,1.7113583144219595,75.8,102.48625933957202,-2.64,-0.09,9.03,0.0,13.33,0.03,-,21,58.25,34.81,87,-,40.39,1654.0,0.021,75.8,0.24,-,40,20.6,28.22,-,-,45.1,39.59,15.31,1323,87.24,87,29.02,-
Fri Sep 11 09:36:08 GMT+03:00 2026,11-sept.-2026 09:36:08.440,24.601613922474016,3.0190403282484213,76.4,102.48625933905156,1.84,3.61,9.21,-0.07,14.12,-0.07,-,21,58.27,35.16,88,-,40.39,1648.5,0.021,76.4,0.68,-,40,19.44,26.63,-,-,45.07,39.63,15.3,1324,87.32,88,18.82,-
Fri Sep 11 09:36:09 GMT+03:00 2026,11-sept.-2026 09:36:09.733,24.33231700433921,2.317334801920703,74.5,102.48625933881534,-0.23,4.29,8.92,0.01,13.33,0.01,-,21,58.29,35.16,87,-,20.39,1616.75,0.002,74.5,2.04,-,40,19,25.37,-,-,45.03,39.68,15.29,1325,89.04,87,18.04,-
Fri Sep 11 09:36:10 GMT+03:00 2026,11-sept.-2026 09:36:10.433,24.37650401181646,2.0292172544176323,74.1,102.48625933897064,0.38,4.85,9.51,0.02,13.33,0.05,-,21,58.31,35.16,87,-,38.04,1637.75,0.019,74.1,0.96,-,40,17.4,23.7,-,-,45,39.72,15.28,1326,87.04,88,9.8,-
Fri Sep 11 09:36:11 GMT+03:00 2026,11-sept.-2026 09:36:11.786,23.96694742142993,1.8702246940622929,74.5,102.4862593392688,2.52,3.35,11.32,-0.04,13.33,-0.03,-,21,58.33,35.16,87,-,12.16,1607.5,0.0,74.5,0.83,-,40,19.44,35.94,-,-,44.96,39.77,15.27,1327,86.83,86,34.12,-
Fri Sep 11 09:36:12 GMT+03:00 2026,11-sept.-2026 09:36:12.496,24.739302856535616,1.8253387647486068,76.0,102.48625933866325,-1.06,0.77,10.68,0.06,15.69,0.04,-,21,58.36,35.16,87,38.82,85.1,1661.0,0.038,76,0.47,52.06,40,19.58,37.57,-,-,44.93,39.82,15.26,1328,89.47,89,28.24,-
Fri Sep 11 09:36:13 GMT+03:00 2026,11-sept.-2026 09:36:13.797,24.5354610191461,2.02812177030369,73.6,102.486259338167,-0.32,2.38,10.02,0.0,13.33,-0.04,-,21,58.38,35.16,88,-,21.96,1650.5,0.003,73.6,0.81,-,40,18.42,25.31,-,-,44.89,39.86,15.24,1329,88.81,88,29.02,-
Fri Sep 11 09:36:14 GMT+03:00 2026,11-sept.-2026 09:36:14.488,24.23577369314167,2.2815057369443634,73.9,102.48625933959056,-2.14,3.45,7.9,-0.04,12.94,-0.06,-,21,58.4,35.51,88,-,20.39,1619.75,0.002,73.9,1.25,-,40,22.05,29.6,-,-,44.86,39.91,15.23,1330,88.25,87,29.41,-
Fri Sep 11 09:36:15 GMT+03:00 2026,11-sept.-2026 09:36:15.302,25.01882261362406,2.2265877433243086,73.7,102.486259338456,0.09,0.97,11.05,0.06,16.08,0.07,-,21,58.43,35.16,87,39.82,86.67,1664.25,0.038,73.7,0.6,53.4,40,19.87,38.16,-,-,44.82,39.95,15.22,1331,89.4,90,34.9,-
Fri Sep 11 09:36:16 GMT+03:00 2026,11-sept.-2026 09:36:16.454,25.037315756662743,2.2289735438305947,75.6,102.48625933850585,-0.48,-0.5,7.54,0.0,13.73,0.01,-,-,58.45,35.16,-,-,36.47,1683.0,0.019,75.6,0.33,-,-,-,-,-,-,44.79,40,15.21,1332,89.67,90,38.82,-
Fri Sep 11 09:36:17 GMT+03:00 2026,11-sept.-2026 09:36:17.295,24.97700853360597,2.0038830877278717,74.4,102.48625934011284,1.41,1.55,10.49,-0.06,13.33,-0.03,-,21,58.48,35.16,88,-,31.37,1677.0,0.014,74.4,0.09,-,41,21.47,30.02,-,-,44.76,40.05,15.2,1333,90.09,90,19.61,-
Fri Sep 11 09:36:18 GMT+03:00 2026,11-sept.-2026 09:36:18.436,24.98994485757486,2.581419437650581,73.4,102.4862593382754,0.04,3.26,11.01,0.05,14.12,0.07,-,21,58.5,35.16,88,-,36.08,1687.5,0.018,73.4,0.75,-,41,19.44,27.27,-,-,44.72,40.09,15.19,1334,89.25,90,20.78,-
Fri Sep 11 09:36:19 GMT+03:00 2026,11-sept.-2026 09:36:19.686,25.058349770692672,2.0347710045392,72.6,102.4862593382172,-1.64,-0.96,10.82,0.03,13.73,0.04,-,21,58.52,35.16,88,-,39.61,1690.0,0.022,72.6,1.22,-,41,19.58,27.63,-,-,44.69,40.14,15.17,1335,91.22,90,24.31,-
Fri Sep 11 09:36:20 GMT+03:00 2026,11-sept.-2026 09:36:20.474,25.1407924097003,2.030330206052769,74.5,102.48625933996432,0.23,2.18,9.03,-0.07,14.12,-0.1,-,21,58.55,35.16,87,-,40.78,1681.25,0.022,74.5,0.25,-,41,18.56,26.02,-,-,44.66,40.18,15.16,1336,91.25,91,17.65,-
Fri Sep 11 09:36:21 GMT+03:00 2026,11-sept.-2026 09:36:21.730,24.725194399195992,2.569841555922516,72.8,102.48625933824026,-1.24,1.14,12.73,-0.04,12.94,-0.05,-,21,58.57,35.16,87,-,10.2,1666.0,0.0,72.8,1.51,-,41,19.29,36.95,-,-,44.62,40.23,15.15,1337,87.49,89,20.78,-
Fri Sep 11 09:36:22 GMT+03:00 2026,11-sept.-2026 09:36:22.549,24.92640623216174,1.4892814210108494,73.7,102.4862593383232,1.99,3.93,11.15,-0.01,14.51,-0.02,-,21,58.59,35.16,88,17.43,48.24,1672.0,0.027,73.7,0.58,23.38,41,19,26.32,-,-,44.59,40.27,15.14,1338,89.58,89,18.82,-
Fri Sep 11 09:36:23 GMT+03:00 2026,11-sept.-2026 09:36:23.251,24.911057358952075,2.6255478027817114,73.1,102.48625933946808,-0.01,0.93,9.5,0.01,13.73,0.03,-,21,58.62,35.16,87,-,34.51,1659.75,0.016,73.1,0.86,-,41,19.58,27.03,-,-,44.55,40.32,15.13,1339,90.86,90,32.16,-
Fri Sep 11 09:36:24 GMT+03:00 2026,11-sept.-2026 09:36:24.373,25.20884332286399,3.261336888840717,72.5,102.48625933790052,1.2,3.94,9.02,0.01,14.9,-0.01,-,21,58.64,35.16,88,21.5,54.9,1679.0,0.029,72.5,1.2,28.84,41,20.74,28.89,-,-,44.52,40.36,15.12,1340,92.2,91,26.27,-
Fri Sep 11 09:36:25 GMT+03:00 2026,11-sept.-2026 09:36:25.293,25.15981350332653,1.4923574096109131,73.5,102.48625933916638,-1.45,0.69,10.5,0.02,14.12,0.0,-,21,58.67,35.51,87,-,32.16,1694.75,0.015,73.5,0.24,-,41,20.16,28.36,-,-,44.49,40.41,15.11,1341,90.76,91,27.06,-
Fri Sep 11 09:36:26 GMT+03:00 2026,11-sept.-2026 09:36:26.304,25.17502281481772,2.1748276576302388,72.8,102.48625933984,0.15,3.12,7.05,-0.02,13.73,0.0,-,21,58.69,34.81,87,-,36.47,1686.75,0.019,72.8,0.3,-,41,20.89,29.3,-,-,44.45,40.45,15.09,1342,91.3,91,25.1,-
Fri Sep 11 09:36:27 GMT+03:00 2026,11-sept.-2026 09:36:27.781,25.3955531374592,1.69233860912892,73.0,102.48625933851248,0.84,3.27,9.37,0.03,15.69,0.02,-,21,58.71,35.51,88,18.76,49.8,1691.25,0.029,73,1.31,25.16,41,20.45,28.67,-,-,44.42,40.5,15.08,1343,89.69,91,29.41,-
Fri Sep 11 09:36:28 GMT+03:00 2026,11-sept.-2026 09:36:28.463,25.531462778356005,2.125546472769742,74.1,102.4862593383098,-2.36,2.45,11.26,0.06,13.73,0.08,-,21,58.74,35.51,87,15.63,43.92,1724.25,0.026,74.1,1.03,20.96,41,19.29,27.75,-,-,44.39,40.54,15.07,1344,90.97,92,22.75,-
Fri Sep 11 09:36:29 GMT+03:00 2026,11-sept.-2026 09:36:29.602,24.897170026428327,2.8338309273825413,71.8,102.48625933946062,1.33,2.4,10.7,-0.02,13.33,-0.04,-,21,58.76,35.16,87,-,9.8,1676.75,0.0,71.8,1.23,-,41,19.58,37.94,-,-,44.35,40.59,15.06,1345,88.77,90,20.0,-
Fri Sep 11 09:36:30 GMT+03:00 2026,11-sept.-2026 09:36:30.561,25.003713764208317,2.6340199220111007,72.9,102.48625933852666,0.49,1.69,9.31,0.02,13.73,0.03,-,21,58.79,35.16,88,-,42.35,1668.25,0.023,72.9,0.06,-,40,19.29,26.69,-,-,44.32,40.63,15.05,1346,91.06,91,19.61,-
Fri Sep 11 09:36:31 GMT+03:00 2026,11-sept.-2026 09:36:31.728,25.11921131723281,2.00262198738943,73.5,102.48625933859906,-0.97,3.97,7.1,0.0,13.33,0.01,-,21,58.81,35.16,88,-,42.75,1690.0,0.024,73.5,0.07,-,40,19.73,27.8,-,-,44.29,40.68,15.04,1347,91.07,91,32.94,-
Fri Sep 11 09:36:32 GMT+03:00 2026,11-sept.-2026 09:36:32.776,25.416842992857045,2.482302206442406,71.7,102.48625934007764,0.58,1.78,8.88,0.01,14.51,0.0,-,21,58.83,35.16,88,21.79,54.12,1712.5,0.031,71.7,0.66,29.22,40,21.61,30.92,-,-,44.25,40.72,15.03,1348,91.66,91,34.51,-
Fri Sep 11 09:36:33 GMT+03:00 2026,11-sept.-2026 09:36:33.494,25.59652627801532,2.112193167934398,75.9,102.48625933799734,-0.46,2.36,8.85,0.01,14.51,0.0,-,21,58.86,35.16,88,17.42,47.06,1711.5,0.028,75.9,1.09,23.36,41,21.76,31.13,-,-,44.22,40.77,15.02,1349,91.91,93,35.69,-
Fri Sep 11 09:36:34 GMT+03:00 2026,11-sept.-2026 09:36:34.374,25.750540059935872,2.0308153281997687,74.2,102.4862593382194,0.3,3.32,10.21,-0.03,14.12,-0.03,-,21,58.89,35.51,87,16.6,45.49,1713.5,0.027,74.2,1.93,22.26,41,20.16,28.86,-,-,44.19,40.81,15,1350,93.93,92,22.35,-
Fri Sep 11 09:36:35 GMT+03:00 2026,11-sept.-2026 09:36:35.603,25.379652646319805,1.5644313071376963,73.1,102.48625933983584,0.53,3.5,8.3,-0.07,12.94,-0.07,-,21,58.91,35.51,88,-,9.41,1706.75,0.0,73.1,0.13,-,41,19.29,38.24,-,-,44.15,40.85,14.99,1351,90.13,90,18.82,-
Fri Sep 11 09:36:36 GMT+03:00 2026,11-sept.-2026 09:36:36.467,25.409484069052635,2.338702083453511,74.6,102.48625933859316,2.15,2.7,11.46,0.0,13.33,0.0,-,21,58.93,35.16,87,-,37.25,1705.0,0.02,74.6,0.1,-,41,20.16,28.56,-,-,44.12,40.9,14.98,1352,91.9,92,25.1,-
Fri Sep 11 09:36:37 GMT+03:00 2026,11-sept.-2026 09:36:37.245,25.846696991422213,1.5906985024896736,75.3,101.87363302924588,1.26,3.82,8.56,0.02,14.9,0.03,-,21,58.96,35.51,88,27.91,62.75,1736.0,0.039,75.3,0.3,37.43,41,19.44,39.02,-,-,44.09,40.94,14.97,1353,93.3,93,30.2,-
Fri Sep 11 09:36:38 GMT+03:00 2026,11-sept.-2026 09:36:38.654,25.785523423886648,1.8900493391393764,72.6,99.47607554229845,-0.6,2.32,9.11,-0.03,14.12,-0.04,-,21,58.98,35.16,87,-,31.76,1726.75,0.015,72.6,1.26,-,41,21.18,30.58,-,-,44.05,40.99,14.96,1354,94.26,93,33.73,-
Fri Sep 11 09:36:39 GMT+03:00 2026,11-sept.-2026 09:36:39.743,25.96937570495406,1.9340649073269125,72.6,97.706809095893,-0.31,0.86,9.72,0.09,14.51,0.08,-,21,59.01,35.16,88,18.05,47.06,1743.5,0.029,72.6,0.15,24.2,41,19.87,28.97,-,-,44.02,41.03,14.95,1355,92.85,93,17.25,-
Fri Sep 11 09:36:40 GMT+03:00 2026,11-sept.-2026 09:36:40.706,25.61894551572595,1.782725107444876,71.8,97.70680909683722,-2.44,1.99,11.56,-0.07,14.12,-0.09,-,21,59.04,35.16,88,-,9.8,1717.75,0.0,71.8,0.17,-,41,18.27,36.4,-,-,43.99,41.08,14.94,1356,91.83,92,16.86,-
Fri Sep 11 09:36:41 GMT+03:00 2026,11-sept.-2026 09:36:41.659,25.550352186788015,1.5538624297750443,74.1,97.70680909710238,-0.15,2.65,9.05,-0.01,13.73,0.01,-,21,59.06,35.16,88,-,31.37,1702.75,0.014,74.1,0.14,-,41,17.55,24.88,-,-,43.96,41.12,14.93,1357,91.86,92,7.45,-
Fri Sep 11 09:36:42 GMT+03:00 2026,11-sept.-2026 09:36:42.520,25.31917908149635,1.6130332326380938,74.6,97.70680909578437,1.64,2.07,8.28,-0.05,13.33,-0.08,-,21,59.08,35.16,88,-,20.78,1709.5,0.002,74.6,0.65,-,41,17.26,24.53,-,-,43.92,41.16,14.91,1358,91.65,91,15.69,-
Fri Sep 11 09:36:43 GMT+03:00 2026,11-sept.-2026 09:36:43.354,25.402492259854952,1.9461877727625896,71.7,97.70680909669194,-1.77,1.72,9.82,0.06,14.51,0.08,-,21,59.11,35.16,88,-,40.78,1704.75,0.023,71.7,0.33,-,41,19,26.99,-,-,43.89,41.21,14.9,1359,90.67,91,21.18,-
Fri Sep 11 09:36:44 GMT+03:00 2026,11-sept.-2026 09:36:44.492,25.566302944879,2.6461850952539256,72.7,97.70680909647216,0.12,1.85,7.53,-0.02,14.12,-0.02,-,21,59.13,34.81,88,16.76,45.88,1708.5,0.028,72.7,0.5,22.48,41,19.58,27.89,-,-,43.86,41.25,14.89,1360,91.5,91,28.63,-
Fri Sep 11 09:36:45 GMT+03:00 2026,11-sept.-2026 09:36:45.470,25.664408962123364,1.8846344541231772,73.0,97.70680909587868,0.81,2.58,8.12,0.04,14.9,0.08,-,21,59.16,35.16,88,-,41.96,1717.75,0.024,73,1.44,-,40,20.74,29.83,-,-,43.82,41.29,14.88,1361,93.44,92,28.63,-
Fri Sep 11 09:36:46 GMT+03:00 2026,11-sept.-2026 09:36:46.704,25.738284196481768,2.659885465293754,72.5,97.70680909669056,-1.84,1.61,10.22,0.01,13.33,0.01,-,21,59.18,35.16,88,-,40.39,1723.25,0.023,72.5,1.42,-,40,20.02,28.81,-,-,43.79,41.34,14.87,1362,94.42,93,21.57,-
Fri Sep 11 09:36:47 GMT+03:00 2026,11-sept.-2026 09:36:47.268,25.600674275633583,3.258097642155364,72.4,97.70680909667271,0.93,3.94,8.82,-0.04,13.33,-0.05,-,21,59.21,34.81,88,-,27.06,1720.75,0.01,72.4,0.33,-,40,19.58,28.14,-,-,43.76,41.38,14.86,1363,92.33,92,20.0,-
Fri Sep 11 09:36:48 GMT+03:00 2026,11-sept.-2026 09:36:48.623,25.632362954963664,2.7895508992393294,72.1,97.70680909705156,0.06,1.6,8.82,0.0,14.12,0.0,-,21,59.23,35.16,88,-,37.65,1722.5,0.02,72.1,0.22,-,40,20.31,29.24,-,-,43.73,41.43,14.85,1364,92.78,93,25.88,-
Fri Sep 11 09:36:49 GMT+03:00 2026,11-sept.-2026 09:36:49.354,25.974944821460525,1.89674484773266,73.2,97.7068090969338,1.43,2.86,10.43,0.05,15.29,0.03,-,21,59.26,35.16,88,24.36,56.47,1745.75,0.037,73.2,0.58,32.67,40,20.16,41,-,-,43.69,41.47,14.84,1365,93.42,94,30.2,-
Fri Sep 11 09:36:50 GMT+03:00 2026,11-sept.-2026 09:36:50.734,26.007679925993,2.104128874666307,73.1,97.70680909623906,3.08,4.47,11.02,0.0,14.12,0.01,-,21,59.28,35.16,88,-,38.04,1733.5,0.021,73.1,0.49,-,40,20.6,29.94,-,-,43.66,41.51,14.83,1366,93.51,94,28.63,-
Fri Sep 11 09:36:51 GMT+03:00 2026,11-sept.-2026 09:36:51.345,25.98216697807085,2.4788426522850693,73.0,97.70680909620768,0.6,0.96,6.6,-0.01,14.12,0.0,-,21,59.31,35.51,87,-,34.12,1738.0,0.018,73,2.48,-,40,19.58,28.59,-,-,43.63,41.56,14.81,1367,91.52,94,15.69,-
Fri Sep 11 09:36:52 GMT+03:00 2026,11-sept.-2026 09:36:52.346,25.756940705784345,2.146360459393332,73.5,97.70680909577284,-1.54,1.98,8.87,-0.02,13.33,-0.03,-,21,59.33,35.16,88,-,21.57,1734.75,0.003,73.5,0.52,-,40,18.85,27.5,-,-,43.6,41.6,14.8,1368,93.52,93,17.25,-
Fri Sep 11 09:36:53 GMT+03:00 2026,11-sept.-2026 09:36:53.432,25.869529954907872,1.4622066754022012,71.6,97.70680909598823,-1.64,1.99,8.85,0.08,14.12,0.08,-,21,59.36,35.16,88,-,42.35,1751.0,0.026,71.6,0.09,-,40,17.69,26.1,-,-,43.57,41.64,14.79,1369,93.09,93,12.55,-
Fri Sep 11 09:36:54 GMT+03:00 2026,11-sept.-2026 09:36:54.622,25.58562934156319,2.208797343477582,73.4,97.70680909687236,0.54,2.4,10.48,-0.03,12.94,-0.04,-,21,59.38,35.51,88,-,20.39,1714.5,0.002,73.4,0.4,-,40,18.42,26.47,-,-,43.53,41.69,14.78,1370,92.4,92,21.96,-
Fri Sep 11 09:36:55 GMT+03:00 2026,11-sept.-2026 09:36:55.469,25.774109360101267,4.231786372693085,73.2,97.70680909649651,-1.3,3.56,8.29,0.01,13.33,0.01,-,21,59.41,35.16,88,17.99,47.84,1717.25,0.028,73.2,0.69,24.12,40,19.58,28.17,-,-,43.5,41.73,14.77,1371,92.69,92,21.18,-
Fri Sep 11 09:36:56 GMT+03:00 2026,11-sept.-2026 09:36:56.473,25.848258395846937,3.532551531462074,73.2,97.70680909688892,0.25,3.41,12.42,0.0,13.73,0.01,-,21,59.43,34.81,87,-,40.39,1729.0,0.023,73.2,0.36,-,40,18.85,27.23,-,-,43.47,41.77,14.76,1372,92.64,93,24.31,-
Fri Sep 11 09:36:57 GMT+03:00 2026,11-sept.-2026 09:36:57.782,25.72866850853778,3.235829429214184,72.0,97.70680909713128,-0.88,0.52,10.29,-0.07,13.33,-0.08,-,21,59.46,35.16,88,-,28.24,1729.0,0.011,72,1.79,-,40,20.02,28.95,-,-,43.44,41.81,14.75,1373,93.79,92,20.78,-
Fri Sep 11 09:36:58 GMT+03:00 2026,11-sept.-2026 09:36:58.532,25.772850276059238,2.0458633835450417,73.7,97.70680909597412,-0.98,2.43,10.76,-0.01,14.51,0.0,-,21,59.48,35.16,87,-,38.43,1718.75,0.021,73.7,0.83,-,40,20.31,29.24,-,-,43.4,41.86,14.74,1374,92.17,93,25.88,-
Fri Sep 11 09:36:59 GMT+03:00 2026,11-sept.-2026 09:36:59.275,26.073994175475697,2.315383458550821,72.0,97.70680909652656,2.54,0.93,9.35,0.09,14.9,0.07,-,21,59.51,35.51,88,22.86,54.12,1746.75,0.028,72,0.48,30.65,40,19,27.92,-,-,43.37,41.9,14.73,1375,93.52,94,23.14,-
Fri Sep 11 09:37:00 GMT+03:00 2026,11-sept.-2026 09:37:00.771,25.79947395200606,1.93507576578332,72.6,97.70680909761728,-0.75,1.72,11.4,0.0,12.94,-0.04,-,21,59.53,35.16,88,-,20.39,1732.0,0.002,72.6,0.81,-,40,19.73,28.67,-,-,43.34,41.94,14.72,1376,93.81,93,23.53,-
Fri Sep 11 09:37:01 GMT+03:00 2026,11-sept.-2026 09:37:01.398,25.87259701712813,1.936586837503034,73.2,97.706809096213,0.32,0.84,10.54,0.04,14.12,-0.01,-,21,59.55,35.16,88,-,40.0,1739.75,0.023,73.2,1.17,-,39,19.14,27.89,-,-,43.31,41.99,14.71,1377,91.83,93,13.73,-
Fri Sep 11 09:37:02 GMT+03:00 2026,11-sept.-2026 09:37:02.780,25.73999672410538,1.7243484036495458,72.4,97.70680909612145,0.43,2.03,9.28,-0.07,13.73,-0.08,-,21,59.58,35.16,87,-,27.45,1718.75,0.01,72.4,0.74,-,39,18.13,26.07,-,-,43.28,42.03,14.7,1378,92.74,92,18.82,-
Fri Sep 11 09:37:03 GMT+03:00 2026,11-sept.-2026 09:37:03.315,25.72699203631013,2.26894999151519,73.2,97.7068090963929,1.54,4.2,9.99,0.01,13.73,0.04,-,21,59.6,35.16,88,-,34.51,1730.75,0.018,73.2,1.83,-,39,17.84,25.92,-,-,43.25,42.07,14.68,1379,91.17,93,10.98,-
Fri Sep 11 09:37:04 GMT+03:00 2026,11-sept.-2026 09:37:04.240,25.37733362167856,2.2413381921181825,72.0,97.70680909626476,1.67,1.56,9.87,-0.02,12.94,-0.01,-,21,59.63,35.51,88,-,10.98,1703.5,0.0,72,0.53,-,39,18.56,36.8,-,-,43.21,42.11,14.67,1380,91.53,91,21.18,-
Fri Sep 11 09:37:05 GMT+03:00 2026,11-sept.-2026 09:37:05.253,25.683771613396647,2.896985301211962,71.7,97.7068090966178,-3.82,3.68,9.99,0.07,14.9,0.04,-,21,59.65,35.16,87,22.51,54.9,1714.0,0.027,71.7,1.17,30.18,39,18.85,27.2,-,-,43.18,42.16,14.66,1381,93.17,92,20.78,-
Fri Sep 11 09:37:06 GMT+03:00 2026,11-sept.-2026 09:37:06.567,25.64981602622378,2.4362408744051947,71.2,97.70680909625966,-0.23,3.07,9.76,-0.05,13.73,-0.08,-,21,59.67,34.81,88,-,33.33,1732.75,0.016,71.2,0.28,-,39,18.85,27.45,-,-,43.15,42.2,14.65,1382,92.72,93,26.27,-
Fri Sep 11 09:37:07 GMT+03:00 2026,11-sept.-2026 09:37:07.498,25.62084682005801,3.711046987177584,72.0,97.70680909610854,-2.18,4.61,10.42,-0.01,14.12,-0.03,-,21,59.7,35.16,88,-,33.73,1724.0,0.017,72,0.01,-,39,20.6,29.71,-,-,43.12,42.24,14.64,1383,91.99,92,21.96,-
Fri Sep 11 09:37:08 GMT+03:00 2026,11-sept.-2026 09:37:08.603,25.741673311465306,2.277167804937763,71.2,97.70680909662404,0.11,2.4,9.25,0.02,14.51,0.03,-,21,59.72,34.81,88,15.28,43.14,1724.0,0.026,71.2,0.57,20.49,39,18.71,26.97,-,-,43.09,42.28,14.63,1384,92.57,92,17.65,-
Fri Sep 11 09:37:09 GMT+03:00 2026,11-sept.-2026 09:37:09.360,25.51744749721314,1.4176856340071144,71.8,97.70680909642354,-1.12,3.49,8.6,0.06,12.16,0.07,-,21,59.75,35.16,88,-,21.57,1693.75,0.003,71.8,0.95,-,39,19.44,27.49,-,-,43.06,42.32,14.62,1385,91.05,92,22.75,-
Fri Sep 11 09:37:10 GMT+03:00 2026,11-sept.-2026 09:37:10.368,25.70659567289817,2.301593654870502,72.3,97.70680909675158,2.41,1.56,7.93,-0.04,14.51,-0.08,-,21,59.77,35.16,88,17.93,47.45,1716.25,0.027,72.3,0.73,24.04,39,19,27.23,-,-,43.02,42.37,14.61,1386,92.73,92,16.47,-
Fri Sep 11 09:37:11 GMT+03:00 2026,11-sept.-2026 09:37:11.297,25.555243373006597,3.420293992720033,70.6,97.706809096527,1.2,1.97,10.06,-0.02,13.33,-0.02,-,-,59.79,34.81,-,-,25.88,1718.0,0.008,70.6,0.27,-,-,-,-,-,-,42.99,42.41,14.6,1387,91.73,92,17.65,-
Fri Sep 11 09:37:12 GMT+03:00 2026,11-sept.-2026 09:37:12.535,25.387198648548747,2.434768047189782,71.4,97.7068090957818,-1.13,2.49,7.47,-0.05,12.55,-0.06,-,21,59.82,35.16,88,-,25.1,1705.25,0.007,71.4,2.63,-,39,17.84,25.43,-,-,42.96,42.45,14.59,1388,90.37,93,7.84,-
Fri Sep 11 09:37:13 GMT+03:00 2026,11-sept.-2026 09:37:13.755,25.154094659207715,1.690670261354366,71.2,97.7068090967997,-4.09,1.49,13.12,-0.07,13.33,-0.04,-,21,59.84,35.51,88,-,20.78,1683.75,0.002,71.2,1.01,-,39,17.11,24.09,-,-,42.93,42.49,14.58,1389,91.01,90,10.98,-
Fri Sep 11 09:37:14 GMT+03:00 2026,11-sept.-2026 09:37:14.294,25.14075797676113,2.4170928248495622,71.6,97.70680909725728,0.76,0.43,10.52,-0.05,13.33,-0.07,-,21,59.86,35.16,87,-,34.51,1688.75,0.017,71.6,1.59,-,39,17.84,25.21,-,-,42.9,42.53,14.57,1390,89.41,91,15.69,-
Fri Sep 11 09:37:15 GMT+03:00 2026,11-sept.-2026 09:37:15.699,25.18954052508779,1.736690490612907,72.1,97.7068090968963,-2.0,2.11,10.47,0.0,13.73,-0.02,-,21,59.88,35.16,88,-,38.43,1694.25,0.021,72.1,0.95,-,39,19.14,27.26,-,-,42.87,42.58,14.56,1391,90.05,91,26.67,-
Fri Sep 11 09:37:16 GMT+03:00 2026,11-sept.-2026 09:37:16.425,25.419346275402155,1.474195528186739,73.4,97.70680909638634,-0.67,2.59,8.38,0.03,14.51,0.05,-,21,59.91,35.16,88,19.15,49.8,1714.25,0.029,73.4,0.79,25.68,39,20.45,29.29,-,-,42.84,42.62,14.55,1392,91.79,91,28.24,-
Fri Sep 11 09:37:17 GMT+03:00 2026,11-sept.-2026 09:37:17.267,25.47510160867213,2.1311989480541005,69.7,97.70680909589105,0.04,1.92,9.93,0.01,13.33,0.02,-,21,59.93,34.81,87,-,38.82,1718.75,0.022,69.7,3.74,-,39,19.14,27.65,-,-,42.81,42.66,14.53,1393,89.26,93,20.78,-
Fri Sep 11 09:37:18 GMT+03:00 2026,11-sept.-2026 09:37:18.699,24.929879968264707,1.4121402741335043,72.6,97.7068090965338,0.43,2.56,9.69,-0.03,13.33,-0.01,-,21,59.95,35.16,88,-,11.76,1658.25,0.0,72.6,0.24,-,39,19,36.53,-,-,42.77,42.7,14.52,1394,89.24,89,15.29,-
Fri Sep 11 09:37:19 GMT+03:00 2026,11-sept.-2026 09:37:19.789,24.93047526538152,1.7715055782034312,71.3,97.7068090972764,2.01,1.2,9.84,0.03,13.73,-0.01,-,21,59.97,35.16,87,-,35.69,1659.75,0.017,71.3,1.41,-,39,19.58,27.17,-,-,42.74,42.74,14.51,1395,88.59,90,24.71,-
Fri Sep 11 09:37:20 GMT+03:00 2026,11-sept.-2026 09:37:20.741,25.36304611151961,2.354402708048827,71.8,97.70680909614128,-2.72,1.33,8.91,0.08,15.69,0.1,-,21,60.0,35.16,88,26.95,63.14,1696.75,0.039,71.8,0.22,36.14,39,19.87,39.18,-,-,42.71,42.78,14.5,1396,90.78,91,33.73,-
Fri Sep 11 09:37:21 GMT+03:00 2026,11-sept.-2026 09:37:21.517,25.4846165627176,3.2141163882116075,71.7,97.70680909560951,-0.48,1.41,10.12,0.04,14.51,0.01,-,21,60.02,35.16,88,15.02,43.14,1709.25,0.025,71.7,1.2,20.14,39,19.87,28.44,-,-,42.68,42.83,14.49,1397,90.8,92,27.45,-
Fri Sep 11 09:37:22 GMT+03:00 2026,11-sept.-2026 09:37:22.727,25.06842957531081,2.208483349315427,71.7,97.70680909718502,1.91,2.61,8.76,-0.06,12.55,-0.06,-,21,60.04,35.16,88,-,10.2,1660.0,0.0,71.7,0.4,-,39,20.02,38.56,-,-,42.65,42.87,14.48,1398,89.6,90,18.43,-
Fri Sep 11 09:37:23 GMT+03:00 2026,11-sept.-2026 09:37:23.565,25.115892277633577,1.6813167038005878,70.7,97.70680909658329,-0.38,2.47,8.99,0.03,14.12,0.05,-,21,60.06,35.16,88,-,38.82,1664.0,0.02,70.7,1.39,-,39,18.27,25.5,-,-,42.62,42.91,14.47,1399,91.39,90,13.33,-
Fri Sep 11 09:37:24 GMT+03:00 2026,11-sept.-2026 09:37:24.534,25.02774031758196,2.357915465094443,70.0,97.706809095922,0.02,3.87,8.8,-0.01,12.94,-0.01,-,21,60.08,35.16,88,-,29.8,1693.0,0.012,70,0.55,-,39,17.26,24.39,-,-,42.59,42.95,14.46,1400,90.55,90,15.29,-
Fri Sep 11 09:37:25 GMT+03:00 2026,11-sept.-2026 09:37:25.650,24.8483634532721,1.5257679753097917,70.7,97.70680909758026,-1.13,4.87,10.68,-0.03,13.33,-0.04,-,21,60.11,35.16,88,-,23.92,1673.5,0.006,70.7,0.41,-,39,18.42,25.76,-,-,42.56,42.99,14.45,1401,89.41,89,13.73,-
Fri Sep 11 09:37:26 GMT+03:00 2026,11-sept.-2026 09:37:26.449,24.84299159805261,2.613361563176346,70.7,97.70680909597604,-1.09,1.93,8.9,0.04,13.73,0.04,-,21,60.13,35.51,88,-,34.9,1667.75,0.017,70.7,0.02,-,39,18.13,25.31,-,-,42.53,43.03,14.44,1402,88.98,89,15.69,-
Fri Sep 11 09:37:27 GMT+03:00 2026,11-sept.-2026 09:37:27.441,24.82840035441937,1.824551240161912,71.2,97.70680909584496,-0.89,1.32,11.47,-0.01,14.12,-0.01,-,21,60.15,35.16,88,-,34.51,1661.5,0.016,71.2,0.64,-,39,18.71,25.93,-,-,42.5,43.07,14.43,1403,89.64,89,21.18,-
Fri Sep 11 09:37:28 GMT+03:00 2026,11-sept.-2026 09:37:28.379,24.88684447029738,1.8025786601357847,70.0,97.7068090972758,2.18,3.63,11.1,-0.04,14.12,-0.02,-,21,60.17,34.81,88,-,39.22,1674.0,0.021,70,0.24,-,39,20.02,27.92,-,-,42.47,43.11,14.42,1404,89.76,90,25.1,-
Fri Sep 11 09:37:29 GMT+03:00 2026,11-sept.-2026 09:37:29.659,25.042913406321457,1.9365812835044904,70.7,97.70680909614724,1.89,4.86,10.68,-0.03,14.51,0.0,-,21,60.19,35.16,88,15.85,45.88,1672.25,0.026,70.7,0.26,21.25,39,19.44,27.19,-,-,42.44,43.16,14.41,1405,90.26,90,22.35,-
Fri Sep 11 09:37:30 GMT+03:00 2026,11-sept.-2026 09:37:30.461,24.90217964767168,1.5319135568098845,70.8,97.70680909632212,0.12,0.1,9.15,-0.04,13.33,-0.01,-,21,60.21,35.51,88,-,26.27,1677.0,0.008,70.8,0.35,-,38,20.31,28.48,-,-,42.4,43.2,14.4,1406,88.65,89,26.67,-
Fri Sep 11 09:37:31 GMT+03:00 2026,11-sept.-2026 09:37:31.279,25.13953853414844,1.473682666546622,70.2,97.70680909672552,-2.06,2.51,9.95,-0.03,14.51,-0.03,-,21,60.23,35.16,88,19.08,50.59,1683.0,0.029,70.2,1.33,25.59,38,20.02,28.32,-,-,42.37,43.24,14.39,1407,89.67,91,22.75,-
Fri Sep 11 09:37:32 GMT+03:00 2026,11-sept.-2026 09:37:32.376,25.13363244235412,2.708238414170421,70.8,97.7068090967637,-1.58,1.44,9.6,0.06,13.73,0.08,-,21,60.26,35.16,88,-,35.29,1672.0,0.017,70.8,0.19,-,38,18.71,26.29,-,-,42.34,43.28,14.38,1408,89.81,90,21.57,-
Fri Sep 11 09:37:33 GMT+03:00 2026,11-sept.-2026 09:37:33.745,24.941963476667663,1.7466941901180018,70.8,97.70680909644612,2.41,2.82,9.4,-0.05,13.33,-0.04,-,21,60.28,35.16,88,-,23.14,1677.75,0.005,70.8,1.34,-,38,18.27,25.77,-,-,42.31,43.32,14.37,1409,90.34,89,10.59,-
Fri Sep 11 09:37:34 GMT+03:00 2026,11-sept.-2026 09:37:34.607,24.712650128641545,1.668230178668889,70.6,97.70680909625,3.16,2.52,9.55,0.01,12.94,0.03,-,21,60.3,35.16,88,-,20.39,1655.25,0.002,70.6,0.03,-,38,17.11,23.67,-,-,42.28,43.36,14.36,1410,88.97,89,7.84,-
Fri Sep 11 09:37:35 GMT+03:00 2026,11-sept.-2026 09:37:35.690,24.599807898931925,1.5234694671845053,71.6,97.7068090967178,0.82,1.01,8.61,-0.04,12.94,-0.04,-,21,60.32,34.81,88,-,28.24,1640.75,0.01,71.6,0.37,-,38,16.97,23.33,-,-,42.25,43.4,14.35,1411,87.63,88,11.76,-
Fri Sep 11 09:37:36 GMT+03:00 2026,11-sept.-2026 09:37:36.437,24.583395393446388,2.199199490629711,70.1,97.70680909701764,-0.94,2.63,9.64,-0.09,13.33,-0.09,-,21,60.34,35.16,88,-,34.12,1663.75,0.016,70.1,1.01,-,38,19.14,26.57,-,-,42.22,43.44,14.34,1412,86.99,88,27.06,-
Fri Sep 11 09:37:37 GMT+03:00 2026,11-sept.-2026 09:37:37.401,24.98391846304586,1.6787580692900603,70.9,97.70680909631524,2.38,0.32,10.05,0.04,15.29,0.01,-,21,60.36,35.16,88,25.12,61.96,1661.25,0.037,70.9,0.75,33.69,38,19.73,38.03,-,-,42.19,43.48,14.33,1413,89.25,90,27.45,-
Fri Sep 11 09:37:38 GMT+03:00 2026,11-sept.-2026 09:37:38.355,24.88383023171541,2.0322427803848067,70.1,97.7068090962641,-1.01,1.37,9.44,-0.03,13.73,-0.04,-,21,60.38,35.16,88,-,29.02,1660.75,0.011,70.1,1.93,-,38,19.58,27.15,-,-,42.16,43.52,14.32,1414,88.07,90,24.31,-
Fri Sep 11 09:37:39 GMT+03:00 2026,11-sept.-2026 09:37:39.664,24.73205964721449,2.081732273211416,68.2,97.70680909712284,-0.38,1.18,10.31,-0.11,12.94,-0.14,-,21,60.4,34.81,88,-,25.49,1666.0,0.007,68.2,0.14,-,38,18.56,25.98,-,-,42.13,43.56,14.31,1415,89.14,89,9.02,-
Fri Sep 11 09:37:40 GMT+03:00 2026,11-sept.-2026 09:37:40.315,24.460407128203904,2.70948806966458,70.0,97.70680909640664,0.53,2.39,9.88,0.01,13.33,0.0,-,21,60.42,35.16,88,-,20.39,1643.75,0.002,70,0.43,-,38,16.39,22.44,-,-,42.1,43.6,14.3,1416,87.57,88,5.88,-
Fri Sep 11 09:37:41 GMT+03:00 2026,11-sept.-2026 09:37:41.472,24.221987715451625,2.50172750404254,68.9,97.7068090959291,-0.04,0.27,9.36,-0.04,12.94,-0.03,-,21,60.44,35.16,88,-,20.39,1612.75,0.002,68.9,0.2,-,38,16.24,21.77,-,-,42.07,43.64,14.29,1417,87.2,87,6.27,-
Fri Sep 11 09:37:42 GMT+03:00 2026,11-sept.-2026 09:37:42.762,24.098259006869743,2.657358198859997,70.4,97.70680909630842,-0.3,3.75,7.94,0.02,13.73,0.01,-,21,60.46,35.16,88,-,27.06,1617.25,0.008,70.4,0.01,-,39,16.53,22.18,-,-,42.04,43.68,14.28,1418,86.99,87,9.8,-
Fri Sep 11 09:37:43 GMT+03:00 2026,11-sept.-2026 09:37:43.731,24.01563745539736,1.5681888184503854,70.4,97.7068090961094,-0.37,1.93,10.38,0.0,14.12,-0.01,-,21,60.48,35.16,88,-,29.8,1603.75,0.011,70.4,1.24,-,39,18.42,24.46,-,-,42.01,43.72,14.27,1419,84.76,86,21.96,-
Fri Sep 11 09:37:44 GMT+03:00 2026,11-sept.-2026 09:37:44.772,24.290140219142764,2.4134666673638376,70.9,97.70680909650896,0.76,1.79,9.56,0.04,14.9,0.04,-,21,60.5,35.16,88,19.39,53.33,1629.5,0.027,70.9,0.94,26.01,38,19.73,26.7,-,-,41.98,43.76,14.26,1420,87.94,87,27.45,-
Fri Sep 11 09:37:45 GMT+03:00 2026,11-sept.-2026 09:37:45.609,24.38391210452638,2.327228158623742,68.8,97.7068090970688,0.25,2.52,9.0,-0.01,14.12,0.0,-,21,60.52,35.51,88,-,41.57,1629.0,0.022,68.8,0.05,-,38,20.74,28.11,-,-,41.95,43.8,14.25,1421,87.95,88,33.33,-
Fri Sep 11 09:37:46 GMT+03:00 2026,11-sept.-2026 09:37:46.673,24.552064394668385,1.683599165846617,71.0,97.70680909675544,1.4,2.05,9.74,0.11,13.73,0.12,-,21,60.54,35.16,88,15.74,45.88,1666.0,0.026,71,0.96,21.11,38,21.47,30.01,-,-,41.92,43.84,14.23,1422,88.04,89,30.2,-
Fri Sep 11 09:37:47 GMT+03:00 2026,11-sept.-2026 09:37:47.561,24.69829045910413,2.0825360987554404,69.9,97.7068090967311,0.39,2.23,8.78,-0.01,14.51,0.03,-,21,60.56,35.16,88,15.08,45.1,1649.5,0.025,69.9,0.38,20.22,39,19.44,26.75,-,-,41.89,43.88,14.22,1423,87.62,88,21.57,-
Fri Sep 11 09:37:48 GMT+03:00 2026,11-sept.-2026 09:37:48.755,24.34534791527509,1.793396561381032,71.3,97.70680909643828,-2.14,3.6,10.37,-0.01,12.94,0.01,-,21,60.57,35.16,88,-,9.02,1629.75,0.0,71.3,1.08,-,39,18.13,34.14,-,-,41.86,43.92,14.21,1424,86.92,88,12.55,-
Fri Sep 11 09:37:49 GMT+03:00 2026,11-sept.-2026 09:37:49.567,24.101153109082915,3.1703347492010927,69.9,97.70680909606722,0.98,1.19,9.75,-0.01,12.94,-0.02,-,21,60.59,35.16,88,-,20.39,1616.5,0.002,69.9,0.57,-,39,16.53,22.31,-,-,41.83,43.96,14.2,1425,87.57,87,3.53,-
Fri Sep 11 09:37:50 GMT+03:00 2026,11-sept.-2026 09:37:50.345,23.81642262897072,2.0404797256974603,70.4,97.7068090966852,2.13,0.57,10.13,-0.03,12.94,-0.02,-,21,60.61,35.16,88,-,20.39,1591.75,0.002,70.4,0.11,-,39,16.39,21.69,-,-,41.8,44,14.19,1426,85.89,86,12.16,-
Fri Sep 11 09:37:51 GMT+03:00 2026,11-sept.-2026 09:37:51.793,23.91776646015037,1.860386446061288,71.2,97.70680909659347,1.31,1.16,8.59,-0.02,14.51,-0.03,-,21,60.63,35.16,88,-,41.96,1602.5,0.021,71.2,0.6,-,39,17.98,23.96,-,-,41.77,44.04,14.18,1427,85.4,86,20.0,-
Fri Sep 11 09:37:52 GMT+03:00 2026,11-sept.-2026 09:37:52.537,24.021691612394267,1.9890170739006596,70.2,97.70680909583326,-2.5,2.26,9.07,-0.02,14.12,-0.05,-,21,60.65,35.16,88,-,42.75,1598.25,0.022,70.2,2.06,-,39,20.02,26.65,-,-,41.74,44.08,14.17,1428,88.06,86,34.12,-
Fri Sep 11 09:37:53 GMT+03:00 2026,11-sept.-2026 09:37:53.533,24.35799010561053,2.374109228540644,69.2,97.7068090969227,2.15,2.39,9.99,0.02,14.9,0.02,-,21,60.67,35.16,88,21.78,58.43,1617.25,0.033,69.2,1.6,29.21,39,21.76,40.55,-,-,41.71,44.12,14.16,1429,88.6,87,36.47,-
Fri Sep 11 09:37:54 GMT+03:00 2026,11-sept.-2026 09:37:54.710,24.55333530921873,2.249711903685551,70.9,97.70680909715422,-1.37,2.8,11.41,0.06,14.12,0.03,-,21,60.69,35.16,88,16.76,48.24,1642.0,0.027,70.9,0.43,22.48,39,21.76,29.73,-,-,41.68,44.16,14.15,1430,89.43,89,36.47,-
Fri Sep 11 09:37:55 GMT+03:00 2026,11-sept.-2026 09:37:55.481,24.65821986089953,2.096667002963612,70.8,97.7068090962292,-0.42,4.8,9.75,-0.03,14.12,-0.03,-,21,60.71,35.16,88,-,42.35,1648.5,0.023,70.8,0.33,-,39,20.16,27.66,-,-,41.65,44.2,14.14,1431,89.33,89,21.57,-
Fri Sep 11 09:37:56 GMT+03:00 2026,11-sept.-2026 09:37:56.299,24.31706541796292,2.6550897911499853,70.5,97.70680909637365,0.27,0.49,9.5,-0.04,12.94,-0.03,-,21,60.72,35.16,88,-,10.98,1650.25,0.0,70.5,0.39,-,40,17.84,33.93,-,-,41.63,44.24,14.13,1432,88.39,88,10.2,-
Fri Sep 11 09:37:57 GMT+03:00 2026,11-sept.-2026 09:37:57.737,23.983092142167045,2.2009452521855,68.2,97.70680909654791,1.29,1.49,9.34,-0.05,13.33,-0.07,-,21,60.74,35.16,88,-,11.37,1613.25,0.0,68.2,0.49,-,40,17.4,32.4,-,-,41.6,44.28,14.12,1433,86.51,87,9.8,-
Fri Sep 11 09:37:58 GMT+03:00 2026,11-sept.-2026 09:37:58.437,24.07397628468867,2.658520318168608,70.3,97.7068090966249,0.74,-0.51,8.16,0.0,14.12,-0.01,-,21,60.76,35.16,88,-,41.57,1610.75,0.021,70.3,0.93,-,40,17.84,23.73,-,-,41.57,44.32,14.11,1434,86.07,87,21.57,-
Fri Sep 11 09:37:59 GMT+03:00 2026,11-sept.-2026 09:37:59.436,24.286660335926044,1.8998499207040425,70.9,97.70680909634956,-2.7,1.81,11.18,0.08,14.51,0.11,-,21,60.78,35.16,88,17.09,49.41,1629.5,0.027,70.9,1.68,22.92,40,19.87,26.9,-,-,41.54,44.36,14.1,1435,88.68,87,34.51,-
Fri Sep 11 09:38:00 GMT+03:00 2026,11-sept.-2026 09:38:00.381,24.55022310567048,1.5940770532903168,69.4,97.7068090958042,2.31,3.12,10.93,-0.02,14.12,-0.06,-,21,60.8,35.16,88,19.32,52.55,1645.25,0.029,-,1.14,25.91,39,20.89,28.62,-,-,41.51,44.4,14.09,1436,89.14,88,30.59,-
Fri Sep 11 09:38:01 GMT+03:00 2026,11-sept.-2026 09:38:01.671,24.49157898832543,2.103718102066789,69.6,97.70680909609852,-0.22,4.17,10.5,-0.03,13.33,0.0,-,21,60.82,35.16,88,-,31.37,1648.25,0.013,69.6,1.49,-,40,19.44,26.57,-,-,41.48,44.44,14.08,1437,89.49,88,19.22,-
Fri Sep 11 09:38:02 GMT+03:00 2026,11-sept.-2026 09:38:02.491,24.05531666138804,3.0067570764253317,70.2,97.7068090972324,-2.58,0.98,9.82,-0.07,12.16,-0.08,-,21,60.84,35.16,88,-,12.94,1606.0,0.0,70.2,0.47,-,40,19,35.12,-,-,41.45,44.48,14.07,1438,87.47,87,15.29,-
Fri Sep 11 09:38:03 GMT+03:00 2026,11-sept.-2026 09:38:03.555,24.15096310186686,1.9918862091113436,69.1,97.70680909632912,0.7,2.65,10.76,-0.07,14.12,-0.05,-,21,60.86,35.16,88,-,41.96,1607.25,0.021,69.1,0.08,-,40,18.71,24.89,-,-,41.42,44.51,14.06,1439,86.92,87,20.78,-
Fri Sep 11 09:38:04 GMT+03:00 2026,11-sept.-2026 09:38:04.340,24.317218170083297,3.913421125717409,69.1,97.7068090961374,-1.98,-0.51,10.61,-0.03,14.12,-0.02,-,21,60.87,35.16,88,15.4,46.27,1629.75,0.025,69.1,0.3,20.65,40,18.85,25.4,-,-,41.39,44.55,14.05,1440,86.7,87,25.88,-
Fri Sep 11 09:38:05 GMT+03:00 2026,11-sept.-2026 09:38:05.339,24.28216198365491,2.537938617870448,68.9,97.70680909782078,0.25,2.06,9.56,0.0,13.73,-0.01,-,21,60.89,35.16,88,-,32.94,1629.5,0.014,68.9,0.63,-,40,19.44,26.26,-,-,41.36,44.59,14.04,1441,87.37,88,20.0,-
Fri Sep 11 09:38:06 GMT+03:00 2026,11-sept.-2026 09:38:06.635,24.13683661673592,1.6068493490875586,68.7,97.70680909634736,-0.14,3.25,9.67,-0.02,13.33,-0.06,-,21,60.91,35.16,88,-,25.49,1618.5,0.007,68.7,0.77,-,40,18.56,24.92,-,-,41.33,44.63,14.04,1442,87.77,87,12.94,-
Fri Sep 11 09:38:07 GMT+03:00 2026,11-sept.-2026 09:38:07.384,24.00956183196313,1.5751993611528503,68.6,97.70680909538213,0.76,1.97,10.85,-0.01,13.33,-0.03,-,21,60.93,35.51,88,-,26.67,1609.0,0.008,68.6,0.45,-,40,19.14,25.47,-,-,41.3,44.67,14.03,1443,86.45,86,21.96,-
Fri Sep 11 09:38:08 GMT+03:00 2026,11-sept.-2026 09:38:08.601,24.341307551191804,2.2310500099113693,69.6,97.7068090968584,-0.47,-0.32,7.73,0.04,15.29,0.02,-,21,60.95,35.16,88,21.59,57.65,1623.25,0.033,69.6,0.05,28.95,40,20.31,37.95,-,-,41.28,44.71,14.02,1444,86.95,87,33.73,-
Fri Sep 11 09:38:09 GMT+03:00 2026,11-sept.-2026 09:38:09.578,24.658088431068528,1.9403791433725364,68.8,97.70680909669969,-1.18,1.36,10.74,0.04,14.12,0.04,-,21,60.97,35.16,88,21.47,56.86,1636.5,0.033,68.8,0.33,28.79,40,19.58,37.08,-,-,41.25,44.75,14.01,1445,88.67,89,30.59,-
Fri Sep 11 09:38:10 GMT+03:00 2026,11-sept.-2026 09:38:10.256,24.30943964335964,2.315671552079299,69.6,97.70680909655346,3.22,1.6,10.22,-0.04,13.33,-0.01,-,21,60.99,35.16,88,-,9.8,1631.5,0.0,69.6,0.21,-,40,21.18,39.84,-,-,41.22,44.79,14,1446,87.79,88,29.8,-
Fri Sep 11 09:38:11 GMT+03:00 2026,11-sept.-2026 09:38:11.469,24.627332894135726,2.0204957644838464,69.4,97.70680909706108,1.0,3.68,10.38,0.01,15.29,-0.01,-,21,61.01,35.16,88,21.47,55.69,1656.5,0.033,69.4,0.4,28.79,40,19.29,36.9,-,-,41.19,44.83,13.99,1447,88.4,88,16.86,-
Fri Sep 11 09:38:12 GMT+03:00 2026,11-sept.-2026 09:38:12.405,24.429211289512423,2.024696098494906,69.0,97.70680909593692,0.67,-0.27,7.93,-0.03,13.33,-0.03,-,21,61.02,35.16,88,-,22.35,1633.25,0.004,69,1.48,-,40,18.71,25.32,-,-,41.16,44.86,13.98,1448,88.48,87,26.67,-
Fri Sep 11 09:38:13 GMT+03:00 2026,11-sept.-2026 09:38:13.522,24.55973697550796,1.853816876462865,69.0,97.70680909645162,-0.7,2.07,8.29,-0.01,14.12,0.01,-,21,61.04,35.16,87,14.33,44.31,1639.0,0.024,69,0.92,19.22,40,19,25.78,-,-,41.13,44.9,13.97,1449,88.08,89,13.33,-
Fri Sep 11 09:38:14 GMT+03:00 2026,11-sept.-2026 09:38:14.680,24.33399647449705,1.9944236212507256,69.8,97.7068090975462,2.4,0.39,11.7,-0.04,13.73,-0.04,-,21,61.06,35.51,88,-,20.39,1628.5,0.002,69.8,1.52,-,40,17.69,23.98,-,-,41.1,44.94,13.96,1450,86.48,88,17.25,-
Fri Sep 11 09:38:15 GMT+03:00 2026,11-sept.-2026 09:38:15.544,24.29361425261037,2.78057420531132,68.2,97.7068090961442,0.26,2.3,9.58,-0.06,13.33,-0.06,-,21,61.08,35.16,88,-,32.55,1626.5,0.014,68.2,0.75,-,41,18.85,25.29,-,-,41.07,44.98,13.95,1451,87.75,87,15.69,-
Fri Sep 11 09:38:16 GMT+03:00 2026,11-sept.-2026 09:38:16.449,24.358793144829573,1.669484714454474,69.1,97.70680909584304,-0.93,1.32,10.31,0.01,13.73,0.04,-,21,61.1,35.16,88,-,39.61,1638.5,0.02,69.1,1.06,-,41,17.98,24.33,-,-,41.05,45.02,13.94,1452,86.94,88,18.43,-
Fri Sep 11 09:38:17 GMT+03:00 2026,11-sept.-2026 09:38:17.423,24.26508366449255,2.175982761407821,67.7,97.70680909708678,-0.39,5.32,8.81,-0.02,14.12,-0.02,-,21,61.12,35.16,88,-,29.02,1629.5,0.011,67.7,0.29,-,43,20.6,27.53,-,-,41.02,45.06,13.93,1453,86.71,87,32.16,-
Fri Sep 11 09:38:18 GMT+03:00 2026,11-sept.-2026 09:38:18.760,24.766343535725863,2.9093935455772204,68.1,97.70680909655276,-0.31,2.11,9.56,0.09,15.29,0.07,-,21,61.14,35.16,88,28.61,68.63,1647.75,0.04,68.1,1.48,38.36,43,21.03,39.56,-,-,40.99,45.09,13.92,1454,90.48,89,32.94,-
Fri Sep 11 09:38:19 GMT+03:00 2026,11-sept.-2026 09:38:19.418,24.86228597356157,1.5285613861546872,69.2,97.70680909639596,-1.31,3.58,9.42,-0.01,13.73,0.01,-,21,61.16,35.16,88,-,41.57,1665.75,0.023,69.2,0.42,-,44,20.6,28.1,-,-,40.96,45.13,13.91,1455,89.42,89,33.73,-
Fri Sep 11 09:38:20 GMT+03:00 2026,11-sept.-2026 09:38:20.582,24.78803197446712,1.6121191483952244,68.8,97.7068090961692,-0.48,1.36,10.8,0.0,13.33,0.0,-,21,61.18,35.16,89,-,30.59,1655.25,0.013,68.8,0.11,-,45,20.6,27.98,-,-,40.93,45.17,13.9,1456,88.89,89,19.22,-
Fri Sep 11 09:38:21 GMT+03:00 2026,11-sept.-2026 09:38:21.498,24.713015527098204,1.680220603324612,67.7,97.70680909584216,0.64,2.39,9.17,-0.02,13.73,0.01,-,21,61.19,35.16,88,-,30.98,1637.25,0.012,67.7,1.47,-,45,17.84,23.8,-,-,40.9,45.21,13.89,1457,88.53,90,10.59,-
Fri Sep 11 09:38:22 GMT+03:00 2026,11-sept.-2026 09:38:22.312,24.31831877613993,1.4270685856701035,68.2,97.70680909654088,0.19,3.05,9.84,-0.03,12.55,-0.04,-,21,61.21,35.16,88,-,10.59,1624.5,0.0,68.2,1.25,-,46,17.98,33.06,-,-,40.87,45.25,13.88,1458,89.25,88,16.08,-
Fri Sep 11 09:38:23 GMT+03:00 2026,11-sept.-2026 09:38:23.377,24.470036265536383,1.606147910352033,67.1,97.7068090964771,0.32,1.89,11.26,0.06,14.12,0.05,-,21,61.23,34.81,88,15.03,45.49,1635.25,0.024,67.1,1.3,20.15,46,18.13,24.22,-,-,40.85,45.28,13.87,1459,89.3,88,17.25,-
Fri Sep 11 09:38:24 GMT+03:00 2026,11-sept.-2026 09:38:24.728,24.449665699499764,2.9126047544821327,68.1,97.7068090970242,-0.09,-0.67,9.68,0.02,13.73,0.04,-,21,61.25,35.16,88,-,33.73,1651.0,0.015,68.1,1.08,-,46,20.45,27.44,-,-,40.82,45.32,13.86,1460,89.08,88,39.22,-
Fri Sep 11 09:38:25 GMT+03:00 2026,11-sept.-2026 09:38:25.255,25.090473252560628,2.536340263610065,68.7,97.70680909728884,-0.16,3.26,9.7,0.05,14.9,0.07,-,21,61.27,35.16,88,34.51,76.86,1676.25,0.04,68.7,0.62,46.28,46,20.6,39.26,-,-,40.79,45.36,13.85,1461,90.62,90,29.8,-
Fri Sep 11 09:38:26 GMT+03:00 2026,11-sept.-2026 09:38:26.485,24.802784677768127,2.204231770086938,68.7,97.7068090960799,2.99,2.85,9.09,-0.1,12.55,-0.14,-,21,61.29,35.16,88,-,20.39,1667.25,0.002,68.7,0.67,-,47,23.06,31.27,-,-,40.76,45.4,13.84,1462,89.67,89,55.69,-
Fri Sep 11 09:38:27 GMT+03:00 2026,11-sept.-2026 09:38:27.764,26.76109766418437,2.0728147780568102,68.8,97.70680909603412,-1.63,2.22,10.65,0.26,16.86,0.24,-,21,61.31,35.16,88,54.18,100.0,1796.5,0.054,68.8,0.51,72.66,47,26.11,53.58,-,-,40.73,45.44,13.83,1463,96.51,96,65.1,-
Fri Sep 11 09:38:28 GMT+03:00 2026,11-sept.-2026 09:38:28.303,28.404959577659557,2.4257686831917287,67.2,97.70680909640652,-1.1,5.57,12.43,0.18,17.25,0.19,-,21,61.34,35.16,88,57.18,100.0,1896.0,0.06,67.2,1.05,76.68,47,27.27,59.21,-,-,40.7,45.47,13.82,1464,103.05,102,95.69,-
Fri Sep 11 09:38:29 GMT+03:00 2026,11-sept.-2026 09:38:29.772,29.94679605604913,1.4310607272065796,68.8,97.70680909646154,0.54,2.05,11.64,0.16,16.86,0.16,-,21,61.37,34.81,88,60.26,100.0,1998.25,0.072,68.8,1.86,80.81,47,31.04,71.39,-,-,40.68,45.51,13.81,1465,109.86,108,90.98,-
Fri Sep 11 09:38:30 GMT+03:00 2026,11-sept.-2026 09:38:30.257,30.76827457827533,2.1719371875019213,68.4,97.7068090968853,0.85,4.89,7.95,0.0,16.08,-0.02,-,21,61.41,35.16,88,54.9,90.2,2065.75,0.07,68.4,1.3,73.62,47,29.44,70.35,-,-,40.65,45.55,13.8,1466,111.3,110,74.51,-
Fri Sep 11 09:38:31 GMT+03:00 2026,11-sept.-2026 09:38:31.356,31.055856789553296,1.4498961095721523,68.1,97.70680909644308,0.82,2.64,10.1,0.09,15.29,0.07,-,21,61.44,35.16,88,30.28,58.04,2083.0,0.046,68.1,0.13,40.6,47,29.01,69.82,-,-,40.62,45.59,13.79,1467,112.13,112,67.45,-
Fri Sep 11 09:38:32 GMT+03:00 2026,11-sept.-2026 09:38:32.732,31.73440377687741,1.6812435460638655,68.2,97.2876817484735,2.41,4.85,11.07,0.13,16.47,0.16,-,21,61.48,35.51,88,50.49,83.14,2118.25,0.066,68.2,0.1,67.7,47,26.69,65.19,-,-,40.59,45.62,13.78,1468,114.1,114,50.59,-
Fri Sep 11 09:38:33 GMT+03:00 2026,11-sept.-2026 09:38:33.448,31.806492391627906,2.6321772715120733,68.4,96.12044153364484,-0.38,2.9,9.81,-0.04,13.73,-0.03,-,21,61.52,35.16,88,-,45.88,2122.0,0.035,68.4,0.21,-,48,24.37,43.1,-,-,40.56,45.66,13.77,1469,114.21,114,45.49,-
Fri Sep 11 09:38:34 GMT+03:00 2026,11-sept.-2026 09:38:34.442,31.858199423050078,1.5454351792611276,68.3,95.37281697848702,2.35,3.01,9.6,-0.03,14.12,-0.04,-,21,61.55,34.81,88,-,44.31,2140.5,0.034,68.3,0.03,-,48,23.79,42.22,-,-,40.54,45.7,13.76,1470,113.97,114,30.98,-
Fri Sep 11 09:38:35 GMT+03:00 2026,11-sept.-2026 09:38:35.548,31.90986317686884,1.548301279966138,70.0,95.372816978732,1.04,5.88,8.83,-0.04,12.94,-0.04,-,21,61.59,35.16,88,-,44.71,2120.0,0.034,70,1.67,-,49,20.74,36.55,-,-,40.51,45.74,13.76,1471,113.33,115,23.92,-
Fri Sep 11 09:38:36 GMT+03:00 2026,11-sept.-2026 09:38:36.389,31.679652004387684,1.7526602634401698,68.0,95.3728169781958,-1.74,0.43,10.55,-0.06,12.94,-0.07,-,21,61.63,35.16,88,-,27.06,2126.25,0.012,68,1.17,-,49,22.34,39.41,-,-,40.48,45.77,13.75,1472,115.17,114,36.86,-
Fri Sep 11 09:38:37 GMT+03:00 2026,11-sept.-2026 09:38:37.565,32.279442610478526,1.7737604805762954,66.4,95.3728169779554,0.35,1.59,8.96,0.12,16.08,0.11,-,21,61.66,35.16,89,47.93,78.04,2177.0,0.057,66.4,0.93,64.28,49,22.48,56.42,-,-,40.45,45.81,13.74,1473,116.93,116,37.65,-
Fri Sep 11 09:38:38 GMT+03:00 2026,11-sept.-2026 09:38:38.345,32.356585606580715,1.7031120826246768,66.6,95.37281697841084,-0.15,4.38,7.99,-0.05,14.9,-0.07,-,21,61.7,35.16,88,-,46.67,2167.0,0.036,66.6,0.1,-,49,23.21,41.74,-,-,40.43,45.85,13.73,1474,117.1,117,49.41,-
Fri Sep 11 09:38:39 GMT+03:00 2026,11-sept.-2026 09:38:39.287,32.635535232014426,2.3922189040926924,66.7,95.37281697886644,-1.97,4.62,8.43,0.0,14.51,0.0,-,21,61.74,34.81,89,32.76,59.22,2189.5,0.049,66.7,0.16,43.93,49,22.63,57.19,-,-,40.4,45.88,13.72,1475,118.16,118,27.84,-
Fri Sep 11 09:38:40 GMT+03:00 2026,11-sept.-2026 09:38:40.569,32.22928666424635,1.6103849241609256,67.7,95.37281697814836,0.37,3.05,9.08,0.03,13.33,0.01,-,21,61.78,35.16,88,-,20.0,2164.75,0.002,-,0.66,-,49,20.16,36.23,-,-,40.37,45.92,13.71,1476,115.34,116,21.57,-
Fri Sep 11 09:38:41 GMT+03:00 2026,11-sept.-2026 09:38:41.790,32.04177293941444,1.9843861871890205,68.6,95.372816977279,-2.29,2.81,9.62,0.0,13.33,0.0,-,21,61.81,35.16,89,-,29.8,2158.25,0.016,68.6,1.43,-,48,18.42,33.07,-,-,40.34,45.96,13.7,1477,114.57,116,7.06,-
Fri Sep 11 09:38:42 GMT+03:00 2026,11-sept.-2026 09:38:42.464,31.69080842143388,1.5606611438100302,67.6,95.37281697790824,0.17,1.86,9.48,-0.01,12.55,-0.03,-,21,61.85,35.51,88,-,20.0,2127.75,0.002,67.6,1.18,-,46,17.69,31.5,-,-,40.31,46,13.69,1478,112.82,114,16.86,-
Fri Sep 11 09:38:43 GMT+03:00 2026,11-sept.-2026 09:38:43.741,31.766389656054866,2.095635575155556,68.3,95.37281697845788,-0.7,2.72,8.89,-0.01,14.51,-0.01,-,21,61.88,35.16,88,-,45.88,2114.75,0.035,68.3,0.56,-,45,20.31,36.01,-,-,40.29,46.03,13.68,1479,114.44,115,29.02,-
Fri Sep 11 09:38:44 GMT+03:00 2026,11-sept.-2026 09:38:44.425,32.112451943877346,1.8074063227349435,67.4,95.37281697865888,0.39,3.62,9.59,0.01,14.9,-0.02,-,21,61.92,34.81,88,35.07,63.14,2141.0,0.051,67.4,0.1,47.04,44,21.61,53.98,-,-,40.26,46.07,13.67,1480,116.1,116,40.78,-
Fri Sep 11 09:38:45 GMT+03:00 2026,11-sept.-2026 09:38:45.516,32.277184880586944,2.4919054665990545,66.5,95.37281697860372,-1.89,1.98,11.13,-0.01,14.12,-0.01,-,21,61.96,35.16,88,26.44,51.76,2169.25,0.042,66.5,0.23,35.46,43,24.08,44.06,-,-,40.23,46.11,13.66,1481,117.23,117,46.27,-
Fri Sep 11 09:38:46 GMT+03:00 2026,11-sept.-2026 09:38:46.726,32.583423114353614,2.479075719210977,66.8,95.37281697835068,-0.85,2.82,8.27,0.0,15.29,-0.03,-,21,62.0,35.51,88,34.02,60.78,2184.0,0.05,66.8,0.42,45.62,43,22.05,56.71,-,-,40.2,46.14,13.65,1482,117.42,117,29.8,-
Fri Sep 11 09:38:47 GMT+03:00 2026,11-sept.-2026 09:38:47.434,32.15226895175682,1.5844614416807588,67.2,95.37281697793796,1.8,4.93,8.84,-0.06,12.94,-0.08,-,21,62.03,35.16,88,-,12.55,2148.25,0.0,67.2,0.04,-,42,23.21,58.46,-,-,40.18,46.18,13.64,1483,114.96,115,42.75,-
Fri Sep 11 09:38:48 GMT+03:00 2026,11-sept.-2026 09:38:48.496,32.863305430009305,2.3961794769376907,67.3,95.37281697774576,-0.97,3.24,10.4,0.03,16.08,0.05,-,21,62.07,34.81,89,54.92,85.88,2204.0,0.059,67.3,1.14,73.64,42,22.48,58.5,-,-,40.15,46.22,13.63,1484,119.14,118,34.9,-
Fri Sep 11 09:38:49 GMT+03:00 2026,11-sept.-2026 09:38:49.703,32.82901388880739,1.770004169509706,65.9,95.37281697778184,-2.44,0.94,9.36,0.0,13.33,-0.01,-,21,62.11,35.16,88,-,40.0,2215.5,0.03,65.9,1.66,-,42,21.03,39.67,-,-,40.12,46.25,13.62,1485,116.34,118,40.39,-
Fri Sep 11 09:38:50 GMT+03:00 2026,11-sept.-2026 09:38:50.541,32.6939775200619,2.391077809188096,66.8,95.37281697832069,-1.46,2.85,11.28,0.04,13.73,0.0,-,21,62.15,35.51,89,-,33.73,2190.75,0.022,66.8,0.14,-,41,23.21,43.31,-,-,40.1,46.29,13.61,1486,118.14,118,27.06,-
Fri Sep 11 09:38:51 GMT+03:00 2026,11-sept.-2026 09:38:51.673,32.82514484071941,2.1521220077784964,66.5,95.37281697851198,-0.64,0.18,9.25,0.11,14.51,0.11,-,21,62.19,35.16,88,25.7,50.59,2192.5,0.037,66.5,1.56,34.46,41,20.02,37.24,-,-,40.07,46.33,13.61,1487,117.44,119,21.18,-
Fri Sep 11 09:38:52 GMT+03:00 2026,11-sept.-2026 09:38:52.445,32.53017156019664,2.0038675111173143,68.5,95.37281697768144,0.9,3.5,10.83,-0.03,12.94,-0.04,-,21,62.22,35.16,88,-,23.92,2171.25,0.008,68.5,1.76,-,41,18.27,33.84,-,-,40.04,46.36,13.6,1488,118.76,117,15.69,-
Fri Sep 11 09:38:53 GMT+03:00 2026,11-sept.-2026 09:38:53.244,30.130171560196644,2.389228558317949,67.9,95.37281697777225,0.91,3.22,12.58,-0.27,13.33,-0.26,-,21,62.25,35.16,88,-,9.41,2011.75,0.0,67.9,0.43,-,41,17.11,40.36,-,-,40.01,46.4,13.59,1489,107.57,108,3.92,-
Fri Sep 11 09:38:54 GMT+03:00 2026,11-sept.-2026 09:38:54.598,27.730171560196645,2.126401595815853,66.9,95.37281697860736,0.23,2.87,11.63,-0.28,13.33,-0.31,-,21,62.28,35.16,88,-,10.59,1845.25,0.0,66.9,0.49,-,41,14.94,32.12,-,-,39.99,46.44,13.58,1490,99.51,100,1.57,-
Fri Sep 11 09:38:55 GMT+03:00 2026,11-sept.-2026 09:38:55.593,26.10007705610551,3.5003978341204705,66.8,95.37281697827792,-0.82,3.17,11.54,-0.22,12.94,-0.21,-,21,62.3,35.16,88,-,10.2,1748.0,0.0,66.8,0.29,-,41,14.36,29.15,-,-,39.96,46.47,13.57,1491,94.71,95,1.57,-
Fri Sep 11 09:38:56 GMT+03:00 2026,11-sept.-2026 09:38:56.740,25.631621163022373,2.040651884355725,66.4,95.37281697859312,1.13,0.99,9.81,-0.05,12.94,-0.09,-,21,62.32,35.16,89,-,10.2,1712.75,0.0,66.4,0.04,-,40,15.81,31.42,-,-,39.93,46.51,13.56,1492,93.04,93,9.41,-
Fri Sep 11 09:38:57 GMT+03:00 2026,11-sept.-2026 09:38:57.704,25.684352041822287,1.593419720695704,66.2,95.3728169783898,-0.17,2.3,8.55,-0.02,14.12,-0.01,-,21,62.34,35.16,88,-,38.82,1721.75,0.022,66.2,0.08,-,40,18.13,26.15,-,-,39.91,46.54,13.55,1493,91.92,92,23.53,-
Fri Sep 11 09:38:58 GMT+03:00 2026,11-sept.-2026 09:38:58.684,26.02781373757051,2.8640752669881517,66.4,95.37281697738943,2.29,3.07,8.7,0.04,14.9,0.03,-,21,62.36,34.81,88,24.48,56.47,1748.75,0.037,66.4,1.54,32.83,40,18.42,37.5,-,-,39.88,46.58,13.54,1494,94.54,93,24.31,-
Fri Sep 11 09:38:59 GMT+03:00 2026,11-sept.-2026 09:38:59.588,25.696596851964888,1.4953831644845768,67.5,95.37281697782726,-1.76,1.4,9.66,0.01,12.55,-0.01,-,21,62.38,35.16,88,-,20.39,1724.75,0.002,67.5,0.31,-,40,18.85,27.29,-,-,39.85,46.62,13.53,1495,92.69,93,18.43,-
Fri Sep 11 09:39:00 GMT+03:00 2026,11-sept.-2026 09:39:00.789,25.506587966556157,3.525512906039885,66.8,95.37281697809443,1.25,2.19,7.18,0.02,13.33,0.03,-,21,62.4,35.51,88,-,23.53,1701.5,0.006,66.8,0.75,-,39,18.56,26.52,-,-,39.82,46.65,13.52,1496,91.25,92,10.2,-
Fri Sep 11 09:39:01 GMT+03:00 2026,11-sept.-2026 09:39:01.310,25.48818098150269,1.619594127399776,64.9,95.37281697843862,-0.97,-0.24,7.77,-0.04,13.73,-0.03,-,21,62.42,34.81,88,-,34.51,1704.75,0.017,64.9,0.8,-,39,18.85,26.84,-,-,39.8,46.69,13.51,1497,92.8,92,25.1,-
Fri Sep 11 09:39:02 GMT+03:00 2026,11-sept.-2026 09:39:02.299,25.88507892879812,1.4514904994340825,66.1,95.37281697900646,-0.25,2.99,12.05,0.1,15.29,0.12,-,21,62.44,35.16,88,26.38,60.39,1729.5,0.039,66.1,0.32,35.38,39,19.87,40.18,-,-,39.77,46.73,13.5,1498,93.32,93,30.2,-
Fri Sep 11 09:39:03 GMT+03:00 2026,11-sept.-2026 09:39:03.295,25.90771002642033,2.29643343029617,66.4,95.37281697807236,-1.8,0.68,9.54,-0.02,13.73,-0.03,-,21,62.46,35.51,88,-,37.25,1732.5,0.02,66.4,0.93,-,38,21.03,30.61,-,-,39.74,46.76,13.5,1499,93.07,94,32.55,-
Fri Sep 11 09:39:04 GMT+03:00 2026,11-sept.-2026 09:39:04.458,26.008589277086408,1.5230225916792155,65.8,95.37281697769536,0.0,2.45,9.51,-0.01,13.73,-0.01,-,21,62.49,35.16,88,-,41.57,1764.75,0.025,65.8,1.05,-,38,20.02,29.88,-,-,39.72,46.8,13.49,1500,95.05,94,17.65,-
Fri Sep 11 09:39:05 GMT+03:00 2026,11-sept.-2026 09:39:05.341,25.71015835664182,1.5381406582794244,66.2,95.37281697844595,-2.65,2.38,9.73,-0.03,12.94,-0.01,-,21,62.51,35.16,88,-,20.39,1738.5,0.002,66.2,0.05,-,38,17.84,26.05,-,-,39.69,46.83,13.48,1501,91.95,92,11.76,-
Fri Sep 11 09:39:06 GMT+03:00 2026,11-sept.-2026 09:39:06.572,25.39441961402615,2.811555509422881,65.5,95.37281697824956,1.3,4.3,10.28,-0.06,13.33,-0.05,-,21,62.53,34.81,88,-,20.39,1704.75,0.002,65.5,1.23,-,38,18.42,26.43,-,-,39.66,46.87,13.47,1502,90.77,92,14.9,-
Fri Sep 11 09:39:07 GMT+03:00 2026,11-sept.-2026 09:39:07.304,25.63948975310489,2.6992828538250047,66.4,95.37281697796988,1.0,0.77,10.29,0.02,14.51,0.01,-,21,62.55,35.16,89,19.93,50.2,1732.0,0.026,66.4,0.42,26.72,38,17.84,25.89,-,-,39.64,46.9,13.46,1503,92.42,92,18.43,-
Fri Sep 11 09:39:08 GMT+03:00 2026,11-sept.-2026 09:39:08.688,25.55208580600093,3.3449826032260104,65.9,95.3728169787105,0.11,2.14,5.53,-0.03,13.73,-0.07,-,21,62.57,35.16,88,-,29.8,1723.75,0.013,65.9,0.58,-,39,17.84,25.74,-,-,39.61,46.94,13.45,1504,92.58,92,18.43,-
Fri Sep 11 09:39:09 GMT+03:00 2026,11-sept.-2026 09:39:09.397,25.31681737672629,2.209800380314962,66.4,95.37281697805264,-1.43,1.8,8.19,-0.06,12.55,-0.04,-,21,62.58,35.16,88,-,20.39,1680.75,0.002,66.4,0.78,-,39,19.87,27.97,-,-,39.58,46.98,13.44,1505,91.78,91,21.57,-
Fri Sep 11 09:39:10 GMT+03:00 2026,11-sept.-2026 09:39:10.359,25.671907249174613,1.64678194497561,65.2,95.37281697736915,-0.2,3.71,11.98,0.02,14.9,0.02,-,21,62.6,35.16,88,24.22,58.04,1709.25,0.036,65.2,0.52,32.48,39,19.87,39.42,-,-,39.56,47.01,13.43,1506,93.52,93,28.24,-
Fri Sep 11 09:39:11 GMT+03:00 2026,11-sept.-2026 09:39:11.416,25.885131089241646,2.1465161518020253,66.7,95.37281697865843,0.18,5.54,8.91,-0.02,14.12,-0.02,-,21,62.63,35.16,89,18.89,48.24,1739.0,0.03,66.7,0.78,25.34,39,20.74,30.21,-,-,39.53,47.05,13.42,1507,93.22,94,37.25,-
Fri Sep 11 09:39:12 GMT+03:00 2026,11-sept.-2026 09:39:12.685,26.04906908052895,1.4746243201213411,64.4,95.37281697812529,-0.06,3.75,8.74,0.02,14.51,0.02,-,21,62.65,35.16,89,17.12,45.1,1765.75,0.028,64.4,2.2,22.95,40,21.61,32.12,-,-,39.5,47.08,13.41,1508,95.2,93,28.24,-
Fri Sep 11 09:39:13 GMT+03:00 2026,11-sept.-2026 09:39:13.429,26.03063830695128,3.4553826364366875,67.5,95.3728169780956,0.49,3.08,9.9,0.06,13.33,0.06,-,21,62.67,35.16,88,-,34.12,1750.5,0.018,67.5,0.51,-,40,19.44,28.63,-,-,39.48,47.12,13.4,1509,93.49,94,18.04,-
Fri Sep 11 09:39:14 GMT+03:00 2026,11-sept.-2026 09:39:14.743,25.752680932568804,1.606877684879549,65.6,95.3728169783378,-1.52,3.11,10.1,-0.06,13.73,-0.03,-,21,62.69,35.16,88,-,20.39,1728.5,0.002,65.6,0.51,-,40,18.42,26.67,-,-,39.45,47.15,13.4,1510,92.49,93,12.16,-
Fri Sep 11 09:39:15 GMT+03:00 2026,11-sept.-2026 09:39:15.647,25.652047980207143,2.07249161256983,66.8,95.37281697808272,2.94,3.94,8.97,-0.09,13.33,-0.06,-,21,62.71,35.16,88,-,29.02,1713.0,0.012,66.8,0.56,-,39,17.11,24.55,-,-,39.42,47.19,13.39,1511,92.44,93,8.24,-
Fri Sep 11 09:39:16 GMT+03:00 2026,11-sept.-2026 09:39:16.684,25.46608258074409,1.7980150615536183,64.7,95.37281697843036,1.98,3.1,9.67,-0.06,12.55,-0.07,-,21,62.73,35.16,88,-,23.14,1720.5,0.005,64.7,0.39,-,39,16.24,23.34,-,-,39.4,47.22,13.38,1512,92.39,92,8.24,-
Fri Sep 11 09:39:17 GMT+03:00 2026,11-sept.-2026 09:39:17.766,25.192135528100867,1.5972908308814662,66.5,95.37281697867388,-1.45,4.87,9.09,0.01,13.33,0.05,-,21,62.74,35.16,88,-,20.39,1692.25,0.002,66.5,0.64,-,39,16.97,24.04,-,-,39.37,47.26,13.37,1513,90.64,90,9.02,-
Fri Sep 11 09:39:18 GMT+03:00 2026,11-sept.-2026 09:39:18.248,25.143682572398365,1.893438216917676,66.4,95.37281697854472,-0.01,4.08,12.3,-0.07,14.12,-0.04,-,21,62.76,35.16,88,-,31.76,1683.75,0.014,66.4,0.05,-,39,18.42,25.93,-,-,39.35,47.29,13.36,1514,90.05,90,21.57,-
Fri Sep 11 09:39:19 GMT+03:00 2026,11-sept.-2026 09:39:19.516,25.486881190230868,2.759023992498804,66.6,95.37281697749252,-1.15,0.72,10.21,-0.03,14.51,-0.02,-,21,62.78,35.51,89,23.25,56.86,1702.5,0.035,66.6,0.11,31.18,39,19.44,38.52,-,-,39.32,47.33,13.35,1515,92.11,92,29.02,-
Fri Sep 11 09:39:20 GMT+03:00 2026,11-sept.-2026 09:39:20.650,25.57524053802542,2.5691806087022178,65.7,95.37281697792136,1.6,1.33,8.77,0.08,13.33,0.09,-,21,62.8,35.16,88,-,40.78,1704.5,0.023,65.7,0.25,-,39,19.87,28.3,-,-,39.29,47.36,13.34,1516,93.25,93,26.67,-
Fri Sep 11 09:39:21 GMT+03:00 2026,11-sept.-2026 09:39:21.753,25.420431485501776,1.8676131676020649,65.4,95.37281697850148,-0.24,1.44,10.85,0.01,13.33,0.02,-,21,62.82,35.16,89,-,25.1,1696.75,0.007,65.4,0.06,-,39,19.87,28.24,-,-,39.27,47.4,13.33,1517,91.94,92,17.65,-
Fri Sep 11 09:39:22 GMT+03:00 2026,11-sept.-2026 09:39:22.682,25.38797163455336,2.5961268794371666,66.5,95.37281697786136,-1.84,2.82,8.25,-0.02,14.12,-0.01,-,21,62.84,35.16,88,-,32.94,1690.75,0.015,66.5,0.35,-,39,19.29,27.36,-,-,39.24,47.44,13.32,1518,91.35,91,19.22,-
Fri Sep 11 09:39:23 GMT+03:00 2026,11-sept.-2026 09:39:23.364,25.555388431183125,1.871537407662066,66.2,95.372816977964,-3.41,5.43,9.16,0.04,14.51,0.02,-,21,62.86,35.16,88,16.38,45.1,1718.75,0.027,66.2,1.89,21.97,39,19.29,27.89,-,-,39.21,47.47,13.32,1519,92.89,91,25.1,-
Fri Sep 11 09:39:24 GMT+03:00 2026,11-sept.-2026 09:39:24.357,25.64909175873676,2.232244983316674,64.7,95.3728169775568,-0.02,2.43,8.1,0.02,14.51,0.02,-,21,62.88,35.51,89,-,40.39,1721.0,0.023,64.7,1.2,-,39,20.45,29.53,-,-,39.19,47.5,13.31,1520,93.2,92,29.41,-
Fri Sep 11 09:39:25 GMT+03:00 2026,11-sept.-2026 09:39:25.409,25.80110673222526,1.4024494226644744,64.9,95.37281697803591,0.93,2.02,10.09,0.02,14.51,0.03,-,21,62.9,34.81,89,16.02,43.92,1735.5,0.027,64.9,0.26,21.48,39,19.87,29.09,-,-,39.16,47.54,13.3,1521,93.26,93,21.57,-
Fri Sep 11 09:39:26 GMT+03:00 2026,11-sept.-2026 09:39:26.475,25.6387165860992,2.2702380792542303,64.0,95.37281697880212,1.66,3.65,9.19,0.04,13.33,0.0,-,21,62.92,35.16,88,-,24.31,1722.25,0.007,64,1.17,-,39,18.27,26.36,-,-,39.14,47.57,13.29,1522,93.17,92,13.33,-
Fri Sep 11 09:39:27 GMT+03:00 2026,11-sept.-2026 09:39:27.606,25.076704533215462,1.772828802668006,65.0,95.37281697811136,-0.46,2.18,10.02,-0.08,12.94,-0.06,-,21,62.94,35.16,88,-,10.59,1676.5,0.0,65,1.46,-,38,17.98,35.11,-,-,39.11,47.61,13.28,1523,89.54,91,10.98,-
Fri Sep 11 09:39:28 GMT+03:00 2026,11-sept.-2026 09:39:28.281,25.114794809745103,2.1912064367832778,67.0,95.3728169786256,1.36,2.3,6.94,0.04,14.12,0.02,-,21,62.96,35.16,88,-,36.86,1684.75,0.019,67,0.97,-,38,17.84,25.17,-,-,39.08,47.64,13.27,1524,90.03,91,16.86,-
Fri Sep 11 09:39:29 GMT+03:00 2026,11-sept.-2026 09:39:29.497,25.20923091742592,1.6691758646739423,64.9,95.3728169782805,-2.84,3.45,11.39,0.0,14.51,-0.02,-,21,62.97,35.16,89,-,40.78,1685.5,0.022,64.9,0.06,-,38,18.71,26.49,-,-,39.06,47.68,13.26,1525,91.06,91,24.71,-
Fri Sep 11 09:39:30 GMT+03:00 2026,11-sept.-2026 09:39:30.650,25.293847353893977,1.8218864182472876,66.6,95.3728169773592,0.61,2.33,8.87,0.03,14.12,0.01,-,21,62.99,35.16,88,-,40.0,1690.0,0.022,66.6,0.51,-,38,19.73,28.04,-,-,39.03,47.71,13.25,1526,90.49,91,23.14,-
Fri Sep 11 09:39:31 GMT+03:00 2026,11-sept.-2026 09:39:31.423,25.25593605359116,1.5684617307097195,65.9,95.37281697779336,-0.37,0.78,9.62,-0.07,13.33,-0.08,-,21,63.01,35.16,88,-,32.55,1681.0,0.015,65.9,0.96,-,37,20.02,28.31,-,-,39.01,47.75,13.25,1527,90.04,91,23.53,-
Fri Sep 11 09:39:32 GMT+03:00 2026,11-sept.-2026 09:39:32.443,25.37859358640152,1.9949783389112168,65.5,95.3728169786256,-2.92,3.78,8.37,0.06,13.73,0.06,-,21,63.03,35.51,88,14.35,42.35,1707.5,0.024,65.5,0.48,19.25,37,18.56,26.68,-,-,38.98,47.78,13.24,1528,91.48,91,15.69,-
Fri Sep 11 09:39:33 GMT+03:00 2026,11-sept.-2026 09:39:33.609,24.94530298779699,1.864042928394368,66.0,95.37281697867162,1.93,3.42,10.9,-0.08,13.33,-0.09,-,21,63.05,35.16,89,-,10.59,1665.25,0.0,66,1.32,-,37,18.42,35.88,-,-,38.96,47.82,13.23,1529,88.68,90,18.04,-
Fri Sep 11 09:39:34 GMT+03:00 2026,11-sept.-2026 09:39:34.497,25.007919206713204,1.423680023013132,63.9,95.37281697749724,-0.51,4.39,10.1,0.02,14.12,0.02,-,21,63.07,35.16,88,-,38.82,1671.5,0.02,63.9,1.75,-,36,18.71,26.41,-,-,38.93,47.85,13.22,1530,88.25,90,16.47,-
Fri Sep 11 09:39:35 GMT+03:00 2026,11-sept.-2026 09:39:35.650,25.057638417512937,1.919481865679584,64.1,95.37281697849436,0.71,0.72,9.46,-0.06,13.73,-0.05,-,21,63.08,35.16,89,-,38.04,1667.75,0.02,64.1,1.96,-,36,18.13,25.4,-,-,38.9,47.89,13.21,1531,91.96,90,20.39,-
Fri Sep 11 09:39:36 GMT+03:00 2026,11-sept.-2026 09:39:36.572,24.986885838032848,2.706225076192911,64.1,95.37281697873811,-0.63,1.7,9.87,-0.04,13.73,-0.03,-,21,63.1,35.16,88,-,29.8,1684.75,0.012,64.1,0.73,-,36,19.29,27.51,-,-,38.88,47.92,13.2,1532,90.27,91,19.61,-
Fri Sep 11 09:39:37 GMT+03:00 2026,11-sept.-2026 09:39:37.385,25.01230163212897,1.790514930683964,63.9,95.37281697787624,-1.54,3.35,8.36,0.0,13.73,-0.05,-,21,63.12,35.16,89,-,36.08,1687.75,0.018,63.9,0.3,-,35,17.84,25.6,-,-,38.85,47.96,13.19,1533,89.7,90,12.55,-
Fri Sep 11 09:39:38 GMT+03:00 2026,11-sept.-2026 09:39:38.546,24.38253452974664,1.5889936375518008,66.1,95.37281697794415,-1.56,4.01,9.94,-0.07,12.55,-0.07,-,21,63.13,34.81,88,-,10.2,1647.0,0.0,66.1,0.77,-,35,16.53,32,-,-,38.83,47.99,13.18,1534,87.77,87,8.24,-
Fri Sep 11 09:39:39 GMT+03:00 2026,11-sept.-2026 09:39:39.769,23.703566502603472,1.947724788881584,63.6,95.37281697794651,-0.27,4.14,10.55,-0.11,12.16,-0.12,-,21,63.15,35.16,88,-,9.41,1602.75,0.0,63.6,0.3,-,34,16.1,30.15,-,-,38.8,48.02,13.18,1535,85.3,85,3.53,-
Fri Sep 11 09:39:40 GMT+03:00 2026,11-sept.-2026 09:39:40.283,23.53915582105534,1.7719214806495498,61.5,95.3728169784282,-0.22,2.51,10.9,0.02,12.94,0.05,-,21,63.16,35.16,89,-,23.14,1562.75,0.004,61.5,0.03,-,34,14.79,19.48,-,-,38.78,48.06,13.17,1536,84.97,85,3.53,-
Fri Sep 11 09:39:41 GMT+03:00 2026,11-sept.-2026 09:39:41.264,22.791983559741457,2.375592107567736,63.6,95.37281697764196,-0.91,0.56,6.88,-0.07,13.73,-0.06,-,21,63.18,35.16,88,-,11.76,1527.25,0.0,63.6,0.24,-,34,15.08,26.83,-,-,38.75,48.09,13.16,1537,82.24,82,4.31,-
Fri Sep 11 09:39:42 GMT+03:00 2026,11-sept.-2026 09:39:42.548,22.56958020089193,1.6831518235734444,64.1,95.37281697767357,0.89,1.23,12.55,-0.03,12.55,-0.03,-,21,63.19,35.16,89,-,20.78,1523.25,0.002,64.1,0.63,-,33,15.08,19.31,-,-,38.72,48.13,13.15,1538,81.63,81,2.75,-
Fri Sep 11 09:39:43 GMT+03:00 2026,11-sept.-2026 09:39:43.331,22.00420229783617,3.42517013092693,63.8,95.37281697864314,-0.58,2.92,8.9,-0.05,12.94,-0.04,-,21,63.2,35.16,88,-,9.41,1475.25,0.0,63.8,0.05,-,33,14.65,25.11,-,-,38.76,48.09,13.14,1539,79.05,79,2.35,-
Fri Sep 11 09:39:44 GMT+03:00 2026,11-sept.-2026 09:39:44.646,21.27831695345138,4.046353455477618,63.1,95.37281697817204,-3.89,5.35,7.99,-0.08,12.55,-0.1,-,21,63.21,35.16,88,-,12.94,1432.0,0.0,63.1,0.9,-,32,16.1,26.81,-,-,38.8,48.06,13.13,1540,76.9,76,12.16,-
Fri Sep 11 09:39:45 GMT+03:00 2026,11-sept.-2026 09:39:45.259,21.446393473199024,2.113077148502041,61.9,95.3728169777057,-1.52,1.19,8.12,0.02,14.12,0.0,-,21,63.22,35.16,88,11.97,46.67,1435.75,0.019,61.9,0.4,16.05,32,15.95,19.08,-,-,38.85,48.03,13.12,1541,76.6,77,12.16,-
Fri Sep 11 09:39:46 GMT+03:00 2026,11-sept.-2026 09:39:46.642,20.977470952545524,2.0548122112492733,64.4,95.37281697872064,2.52,0.78,8.98,-0.09,12.94,-0.09,-,21,63.22,35.16,88,-,11.76,1401.5,0.0,64.4,2.23,-,32,15.81,25.72,-,-,38.89,48,13.11,1542,73.77,76,12.16,-
Fri Sep 11 09:39:47 GMT+03:00 2026,11-sept.-2026 09:39:47.308,20.628463266852357,1.810598228116587,63.0,95.37281697868032,1.55,3.0,9.94,-0.03,13.73,-0.01,-,21,63.23,35.16,88,-,9.41,1376.25,0.0,63,1.79,-,32,15.95,25.29,-,-,38.93,47.97,13.11,1543,73.21,75,1.57,-
Fri Sep 11 09:39:48 GMT+03:00 2026,11-sept.-2026 09:39:48.629,20.08578257845503,1.4330530698109325,61.4,95.37281697844652,1.08,4.02,9.89,-0.03,12.94,-0.01,-,21,63.24,35.16,89,-,12.55,1350.5,0.0,61.4,0.74,-,31,14.65,22.78,-,-,38.97,47.94,13.1,1544,72.74,72,2.75,-
Fri Sep 11 09:39:49 GMT+03:00 2026,11-sept.-2026 09:39:49.378,19.82909122630996,2.0035109285010755,63.9,95.37281697879034,2.55,2.08,9.21,-0.04,12.94,-0.02,-,21,63.24,35.16,89,-,21.18,1328.25,0.002,63.9,0.71,-,31,14.65,16.1,-,-,39.01,47.91,13.09,1545,71.71,71,2.35,-
Fri Sep 11 09:39:50 GMT+03:00 2026,11-sept.-2026 09:39:50.473,19.548114379827755,1.7501704419188022,64.0,95.37281697800783,-0.81,1.33,8.13,-0.06,12.55,-0.07,-,21,63.25,35.16,88,-,12.55,1294.75,0.0,64,0.52,-,31,14.94,22.16,-,-,39.05,47.87,13.08,1546,70.52,70,3.92,-
Fri Sep 11 09:39:51 GMT+03:00 2026,11-sept.-2026 09:39:51.709,19.38447211934849,2.721390287050366,63.0,95.37281697765944,0.72,1.96,12.65,-0.03,12.94,-0.03,-,21,63.25,35.16,89,-,21.18,1296.75,0.002,63,0.38,-,31,15.08,16.23,-,-,39.08,47.84,13.07,1547,69.62,70,3.92,-
Fri Sep 11 09:39:52 GMT+03:00 2026,11-sept.-2026 09:39:52.780,19.21159268261056,1.694771444658418,63.3,95.3728169786292,-1.98,3.64,9.99,0.03,13.73,0.02,-,21,63.26,35.16,88,-,21.18,1279.0,0.002,63.3,1.2,-,31,14.79,15.69,-,-,39.12,47.81,13.06,1548,70.2,69,3.92,-
Fri Sep 11 09:39:53 GMT+03:00 2026,11-sept.-2026 09:39:53.626,18.73462450997164,1.4251614429569963,61.5,95.37281697864842,-0.33,2.88,12.9,-0.01,13.33,-0.03,-,21,63.26,35.51,88,-,10.2,1253.25,0.0,61.5,0.3,-,31,14.79,21.27,-,-,39.16,47.78,13.05,1549,66.7,67,2.75,-
Fri Sep 11 09:39:54 GMT+03:00 2026,11-sept.-2026 09:39:54.265,18.319252143430468,1.65639291586336,63.2,95.3728169782138,0.05,3.04,13.98,-0.09,13.33,-0.11,-,21,63.26,35.51,88,-,9.8,1230.5,0.0,63.2,0.39,-,31,14.79,20.85,-,-,39.2,47.75,13.05,1550,66.39,66,2.75,-
Fri Sep 11 09:39:55 GMT+03:00 2026,11-sept.-2026 09:39:55.260,18.11271787881328,1.8388333466375015,62.9,95.3728169771728,-0.59,1.71,8.46,-0.01,13.73,0.01,-,21,63.26,35.51,88,-,21.57,1207.25,0.002,62.9,0.07,-,31,14.5,14.43,-,-,39.24,47.72,13.04,1551,65.07,65,2.75,-
Fri Sep 11 09:39:56 GMT+03:00 2026,11-sept.-2026 09:39:56.661,17.524630002320293,2.0076327324794727,64.0,95.3728169777436,0.08,3.14,9.56,-0.04,13.33,-0.1,-,21,63.26,35.16,88,-,10.2,1190.75,0.0,64,1.82,-,31,14.79,20.1,-,-,39.28,47.69,13.03,1552,63.82,62,4.31,-
Fri Sep 11 09:39:57 GMT+03:00 2026,11-sept.-2026 09:39:57.485,17.28710345627072,3.1691695407439457,62.4,95.37281697809198,1.07,-0.5,7.46,0.05,12.16,0.06,-,21,63.26,35.16,88,-,21.96,1163.5,0.002,62.4,0.93,-,30,14.79,14.11,-,-,39.32,47.66,13.02,1553,62.93,62,2.75,-
Fri Sep 11 09:39:58 GMT+03:00 2026,11-sept.-2026 09:39:58.619,16.933024089804306,3.3050877679335784,61.2,95.37281697782817,1.33,2.13,7.93,-0.03,12.94,0.0,-,21,63.26,35.16,88,-,10.2,1379.75,0.0,61.2,0.16,-,30,14.79,23.79,-,-,39.36,47.63,13.01,1554,61.16,61,3.92,-
Fri Sep 11 09:39:59 GMT+03:00 2026,11-sept.-2026 09:39:59.557,16.70203038210257,2.031980893857906,62.6,95.37281697799908,2.26,0.32,10.47,-0.07,12.94,-0.06,-,21,63.26,35.16,88,-,21.18,1367.5,0.002,62.6,0.35,-,30,15.66,17.85,-,-,39.4,47.59,13,1555,59.65,60,7.06,-
Fri Sep 11 09:40:00 GMT+03:00 2026,11-sept.-2026 09:40:00.287,16.73181309607451,1.804513190064108,62.8,95.37281697884352,-0.37,1.33,9.33,0.1,13.33,0.06,-,21,63.26,34.81,88,-,30.59,1361.75,0.008,62.8,0.27,-,30,15.37,17.47,-,-,39.44,47.56,13,1556,61.27,61,7.06,-
Fri Sep 11 09:40:01 GMT+03:00 2026,11-sept.-2026 09:40:01.656,16.35558645006294,2.5511996884345733,63.2,95.37281697856132,-1.74,2.05,8.73,-0.03,13.33,-0.05,-,21,63.25,35.16,88,-,11.76,1341.5,0.0,63.2,1.72,-,30,15.37,23.87,-,-,39.48,47.53,12.99,1557,60.72,59,6.27,-
Fri Sep 11 09:40:02 GMT+03:00 2026,11-sept.-2026 09:40:02.513,15.696560393171977,1.5312565866881167,62.1,95.37281697812372,1.45,1.66,9.04,-0.04,12.94,-0.02,-,21,63.25,35.16,88,-,10.98,1274.0,0.0,62.1,0.34,-,31,16.1,23.54,-,-,39.52,47.5,12.98,1558,55.66,56,8.24,-
Fri Sep 11 09:40:03 GMT+03:00 2026,11-sept.-2026 09:40:03.298,15.813580403147272,1.643964348167314,63.6,95.37281697837638,0.74,4.0,10.51,-0.01,14.51,-0.02,-,21,63.24,35.16,88,-,36.86,1294.0,0.011,63.6,0.65,-,31,15.23,16.4,-,-,39.56,47.47,12.97,1559,57.65,57,8.63,-
Fri Sep 11 09:40:04 GMT+03:00 2026,11-sept.-2026 09:40:04.527,15.461196104109629,1.4552057290348015,63.3,95.37281697771732,-2.02,4.83,7.39,-0.03,12.94,-0.07,-,21,63.24,35.16,88,-,11.76,1258.0,0.0,63.3,1.22,-,31,15.52,22.43,-,-,39.6,47.44,12.96,1560,54.78,56,9.8,-
Fri Sep 11 09:40:05 GMT+03:00 2026,11-sept.-2026 09:40:05.296,15.329265259434672,2.4571239574856047,62.3,95.3728169778533,2.41,1.96,10.79,-0.01,12.94,-0.02,-,21,63.23,35.16,88,-,21.57,1245.0,0.002,62.3,0.52,-,31,15.81,16.21,-,-,39.64,47.41,12.95,1561,55.52,55,4.31,-
Fri Sep 11 09:40:06 GMT+03:00 2026,11-sept.-2026 09:40:06.590,15.228614953861234,1.907571168945324,61.4,95.37281697812172,-0.89,-0.85,10.01,-0.01,12.55,-0.01,-,21,63.23,35.16,88,-,21.57,1232.75,0.002,61.4,0.01,-,31,15.08,15.32,-,-,39.68,47.38,12.94,1562,54.99,55,5.1,-
Fri Sep 11 09:40:07 GMT+03:00 2026,11-sept.-2026 09:40:07.345,15.022044674156817,2.342141754603914,63.1,95.3728169785732,-1.62,1.55,9.28,-0.02,13.33,0.01,-,21,63.22,35.51,89,-,21.57,1225.75,0.002,63.1,0.09,-,31,15.08,15.2,-,-,39.72,47.35,12.94,1563,54.09,54,3.92,-
Fri Sep 11 09:40:08 GMT+03:00 2026,11-sept.-2026 09:40:08.550,14.563556876144858,2.061452004521211,61.7,95.37281697791848,-0.22,3.56,11.15,-0.06,12.94,-0.11,-,21,63.22,35.16,88,-,12.94,1178.75,0.0,61.7,0.53,-,31,14.79,19.82,-,-,39.75,47.32,12.93,1564,51.47,52,2.75,-
Fri Sep 11 09:40:09 GMT+03:00 2026,11-sept.-2026 09:40:09.699,14.248218800923432,2.924196202336801,61.8,95.3728169788716,-0.69,2.44,11.85,-0.03,14.12,-0.03,-,21,63.21,35.16,88,-,12.94,1147.25,0.0,61.8,0.08,-,31,14.79,19.17,-,-,39.79,47.29,12.92,1565,51.08,51,2.35,-
Fri Sep 11 09:40:10 GMT+03:00 2026,11-sept.-2026 09:40:10.514,14.030122506733049,1.7876334315274869,61.9,95.37281697916636,-1.42,2.87,11.81,-0.04,13.33,-0.05,-,21,63.2,34.81,88,-,20.78,1470.5,0.002,61.9,0.14,-,32,14.79,18.3,-,-,39.83,47.26,12.91,1566,50.14,50,3.53,-
Fri Sep 11 09:40:11 GMT+03:00 2026,11-sept.-2026 09:40:11.691,13.823123287361346,1.793275272667182,60.0,95.37281697785023,-1.06,1.34,9.75,-0.05,13.33,-0.05,-,21,63.19,35.16,89,-,20.78,1455.0,0.002,60,0.97,-,32,15.08,18.42,-,-,39.87,47.23,12.9,1567,50.97,50,4.31,-
Fri Sep 11 09:40:12 GMT+03:00 2026,11-sept.-2026 09:40:12.727,13.6070711228251,2.049568277377828,61.7,95.37281697744731,-0.98,0.81,8.77,0.0,12.55,-0.02,-,21,63.18,35.16,89,-,20.78,1402.0,0.002,61.7,0.35,-,32,15.81,18.52,-,-,39.91,47.2,12.89,1568,48.65,49,7.45,-
Fri Sep 11 09:40:13 GMT+03:00 2026,11-sept.-2026 09:40:13.492,13.691208198494724,2.494929513860537,62.4,95.3728169783952,1.1,0.14,10.43,-0.03,13.73,-0.05,-,21,63.17,35.16,88,-,29.02,1434.0,0.008,62.4,1.68,-,32,15.81,18.99,-,-,39.95,47.16,12.89,1569,48.32,50,7.45,-
Fri Sep 11 09:40:14 GMT+03:00 2026,11-sept.-2026 09:40:14.614,13.582945319912382,1.991041911191779,62.9,95.37281697813845,-0.81,2.32,10.17,0.02,13.73,0.03,-,21,63.16,35.16,88,-,20.78,1417.0,0.002,62.9,0.99,-,32,16.1,19.11,-,-,39.99,47.13,12.88,1570,48.01,49,9.41,-
Fri Sep 11 09:40:15 GMT+03:00 2026,11-sept.-2026 09:40:15.712,13.60849208571907,2.1756122049164097,61.4,95.37281697784633,1.68,2.29,9.56,-0.08,13.73,-0.07,-,21,63.15,35.16,89,-,26.27,1426.25,0.006,61.4,0.92,-,32,16.1,19.25,-,-,40.03,47.1,12.87,1571,49.92,49,6.67,-
Fri Sep 11 09:40:16 GMT+03:00 2026,11-sept.-2026 09:40:16.713,13.490712164961138,1.5112906884432238,61.2,95.37281697779066,-0.28,3.75,10.65,0.02,12.94,0.01,-,21,63.15,35.16,89,-,20.78,1411.75,0.002,-,1.7,-,32,16.39,19.21,-,-,40.06,47.07,12.86,1572,49.7,48,10.98,-
Fri Sep 11 09:40:17 GMT+03:00 2026,11-sept.-2026 09:40:17.561,13.644339495741796,1.5147107817837642,62.1,95.37281697812708,-1.65,-1.96,9.82,0.01,13.33,0.03,-,21,63.14,35.16,88,5.75,32.16,1431.0,0.01,62.1,0.4,7.72,32,16.39,19.51,-,-,40.1,47.04,12.85,1573,48.6,49,9.02,-
Fri Sep 11 09:40:18 GMT+03:00 2026,11-sept.-2026 09:40:18.480,13.446800782327758,2.1424154242195934,62.0,95.37281697935934,0.7,2.6,11.39,-0.01,12.94,-0.05,-,21,63.13,35.16,89,-,21.18,1393.25,0.002,62,0.66,-,32,16.24,18.9,-,-,40.14,47.01,12.85,1574,48.66,48,10.98,-
Fri Sep 11 09:40:19 GMT+03:00 2026,11-sept.-2026 09:40:19.697,13.468469629574065,1.8962668067654256,60.8,95.37281697701528,0.96,2.59,9.45,0.06,13.33,0.04,-,21,63.12,35.16,88,-,26.27,1403.25,0.006,60.8,2.75,-,33,16.39,19.05,-,-,40.18,46.98,12.84,1575,50.75,48,6.67,-
Fri Sep 11 09:40:20 GMT+03:00 2026,11-sept.-2026 09:40:20.260,13.36924013826195,1.6278527480228795,61.2,95.37281697729186,2.41,1.31,11.04,0.0,12.94,-0.04,-,21,63.11,35.16,88,-,21.18,1387.5,0.002,61.2,1.12,-,33,16.53,19.01,-,-,40.22,46.95,12.83,1576,46.88,48,12.55,-
Fri Sep 11 09:40:21 GMT+03:00 2026,11-sept.-2026 09:40:21.465,13.60282867863146,1.5043778649114885,61.6,95.37281697848472,0.01,0.08,7.82,-0.02,13.73,-0.04,-,21,63.1,35.16,88,7.39,36.47,1410.25,0.013,61.6,0.75,9.91,33,16.82,19.8,-,-,40.26,46.92,12.82,1577,49.75,49,12.94,-
Fri Sep 11 09:40:22 GMT+03:00 2026,11-sept.-2026 09:40:22.428,13.64948302511647,1.5280115595556596,61.9,95.3728169778592,-0.12,6.27,9.2,0.0,13.33,0.0,-,21,63.09,35.16,88,-,27.06,1423.5,0.007,61.9,1.0,-,33,16.68,19.74,-,-,40.29,46.89,12.81,1578,50.0,49,13.33,-
Fri Sep 11 09:40:23 GMT+03:00 2026,11-sept.-2026 09:40:23.630,13.593383227635815,1.6559703161291388,61.2,95.37281697917363,-0.48,1.95,10.51,0.0,12.94,-0.02,-,21,63.08,34.81,88,-,22.35,1421.5,0.003,61.2,2.06,-,33,17.26,20.48,-,-,40.33,46.86,12.8,1579,50.06,48,11.76,-
Fri Sep 11 09:40:24 GMT+03:00 2026,11-sept.-2026 09:40:24.485,13.754273919099395,1.5097690529980086,62.9,95.37281697831595,-1.43,1.3,8.67,0.01,13.73,0.04,-,21,63.07,35.16,88,5.97,32.94,1432.25,0.011,62.9,1.78,8.01,33,16.68,19.91,-,-,40.37,46.83,12.8,1580,48.22,50,10.59,-
Fri Sep 11 09:40:25 GMT+03:00 2026,11-sept.-2026 09:40:25.783,13.7342188765433,2.17466012637995,60.9,95.37281697739718,-0.48,2.37,9.19,0.04,13.73,0.03,-,21,63.06,35.51,88,-,23.92,1428.5,0.004,60.9,0.37,-,34,16.68,19.78,-,-,40.41,46.8,12.79,1581,50.37,50,12.16,-
Fri Sep 11 09:40:26 GMT+03:00 2026,11-sept.-2026 09:40:26.654,13.76147467558132,2.32531637391786,60.7,95.3728169786905,-0.9,4.33,7.73,-0.04,13.33,-0.05,-,21,63.05,35.16,89,-,26.27,1439.5,0.006,60.7,0.55,-,34,16.97,20.38,-,-,40.45,46.77,12.78,1582,49.55,49,10.2,-
Fri Sep 11 09:40:27 GMT+03:00 2026,11-sept.-2026 09:40:27.261,13.82877228092448,2.1994446620821377,61.6,95.3728169796737,0.14,2.88,8.26,0.05,13.73,0.06,-,21,63.05,35.16,88,-,27.84,1455.75,0.008,61.6,0.27,-,34,16.97,20.5,-,-,40.49,46.74,12.77,1583,50.27,50,12.55,-
Fri Sep 11 09:40:28 GMT+03:00 2026,11-sept.-2026 09:40:28.579,13.937739772531316,2.0518506800303253,61.2,95.37281697724866,2.54,2.21,9.47,-0.03,13.73,-0.01,-,21,63.04,35.16,88,-,29.8,1470.0,0.009,61.2,0.69,-,34,16.68,20.47,-,-,40.52,46.71,12.76,1584,50.69,50,10.59,-
Fri Sep 11 09:40:29 GMT+03:00 2026,11-sept.-2026 09:40:29.732,13.74999003777962,1.6864432858239575,62.6,95.3728169781276,0.68,-0.26,8.9,-0.03,13.33,-0.05,-,21,63.03,35.16,88,-,20.78,1433.75,0.002,62.6,2.33,-,34,16.39,19.49,-,-,40.56,46.68,12.76,1585,51.33,49,7.84,-
Fri Sep 11 09:40:30 GMT+03:00 2026,11-sept.-2026 09:40:30.692,13.643999609314106,2.645853127052024,59.5,95.3728169792812,0.53,3.12,8.9,0.04,13.33,0.02,-,21,63.02,35.16,89,-,20.78,1423.5,0.002,59.5,1.33,-,34,16.53,19.57,-,-,40.6,46.65,12.75,1586,50.33,49,8.63,-
Fri Sep 11 09:40:31 GMT+03:00 2026,11-sept.-2026 09:40:31.671,13.795336327406805,1.5859941620008728,61.9,95.37281697753228,2.47,2.05,11.16,0.01,13.73,0.01,-,21,63.01,35.16,88,5.79,31.76,1456.75,0.011,61.9,0.76,7.77,34,16.24,19.74,-,-,40.64,46.62,12.74,1587,49.24,50,10.2,-
Fri Sep 11 09:40:32 GMT+03:00 2026,11-sept.-2026 09:40:32.600,13.797394685389891,1.466155994195142,62.2,95.3728169769108,-0.35,4.08,9.76,-0.05,12.94,-0.06,-,21,63.0,35.16,88,-,25.1,1435.5,0.005,62.2,0.38,-,34,16.24,19.41,-,-,40.67,46.59,12.73,1588,49.38,49,10.2,-
Fri Sep 11 09:40:33 GMT+03:00 2026,11-sept.-2026 09:40:33.739,13.712480640591222,2.096328050390816,60.3,95.37281697802776,0.7,1.52,10.52,0.03,12.55,0.0,-,21,62.99,35.16,88,-,20.78,1418.0,0.002,60.3,0.18,-,34,16.53,19.47,-,-,40.71,46.56,12.72,1589,49.18,49,7.45,-
Fri Sep 11 09:40:34 GMT+03:00 2026,11-sept.-2026 09:40:34.600,13.71482140499943,2.4912436979743005,61.9,95.37281697921765,-0.31,2.43,11.15,0.07,13.33,0.04,-,21,62.99,35.16,89,-,25.1,1426.75,0.005,61.9,2.9,-,34,16.68,19.81,-,-,40.75,46.54,12.71,1590,47.1,50,11.37,-
Fri Sep 11 09:40:35 GMT+03:00 2026,11-sept.-2026 09:40:35.635,13.937480008635614,3.2577653703426948,61.5,95.37281697785784,-1.18,0.98,10.55,0.04,13.73,0.04,-,21,62.98,34.81,89,7.4,35.29,1464.75,0.013,61.5,0.54,9.92,34,17.26,21.09,-,-,40.79,46.51,12.71,1591,50.46,51,16.86,-
Fri Sep 11 09:40:36 GMT+03:00 2026,11-sept.-2026 09:40:36.613,14.15632871575928,2.1211981739783043,60.6,95.37281697701306,-0.9,0.02,11.74,-0.04,13.73,-0.05,-,21,62.97,35.16,88,7.47,35.29,1477.0,0.013,60.6,1.23,10.01,34,17.26,21.29,-,-,40.83,46.48,12.7,1592,50.77,52,15.29,-
Fri Sep 11 09:40:37 GMT+03:00 2026,11-sept.-2026 09:40:37.694,13.942853356795984,1.6761095552865373,61.2,95.3728169788768,-0.64,-1.12,9.88,0.0,12.94,0.0,-,21,62.96,35.16,88,-,20.78,1456.0,0.002,61.2,1.01,-,34,17.69,21.53,-,-,40.86,46.45,12.69,1593,51.01,50,14.9,-
Fri Sep 11 09:40:38 GMT+03:00 2026,11-sept.-2026 09:40:38.344,14.126083261129285,1.643934007811853,61.5,95.3728169792536,0.08,1.62,8.22,-0.02,13.73,-0.03,-,21,62.95,35.51,89,6.68,33.73,1469.5,0.012,-,0.63,8.95,34,16.68,20.41,-,-,40.9,46.42,12.68,1594,50.37,51,8.24,-
Fri Sep 11 09:40:39 GMT+03:00 2026,11-sept.-2026 09:40:39.799,13.732578185375472,2.3358546999329257,60.6,95.3728169780722,-2.37,2.9,10.74,-0.15,12.16,-0.16,-,21,62.95,35.16,88,-,9.41,1439.75,0.0,60.6,1.46,-,34,15.95,26.64,-,-,40.94,46.39,12.67,1595,50.46,49,9.41,-
Fri Sep 11 09:40:40 GMT+03:00 2026,11-sept.-2026 09:40:40.548,13.708326118094252,2.50091743080026,60.7,95.37281697714724,-0.66,0.58,9.01,-0.04,14.51,0.0,-,21,62.94,35.16,88,-,23.92,1416.75,0.004,60.7,0.45,-,34,16.82,19.74,-,-,40.98,46.36,12.67,1596,49.45,49,9.8,-
Fri Sep 11 09:40:41 GMT+03:00 2026,11-sept.-2026 09:40:41.280,13.912188419558223,2.5058623829363005,62.8,95.37281697836885,-3.04,4.2,10.0,0.0,13.73,0.0,-,21,62.93,35.16,89,6.98,34.9,1437.25,0.012,62.8,0.28,9.36,34,16.39,19.54,-,-,41.01,46.33,12.66,1597,50.72,51,12.55,-
Fri Sep 11 09:40:42 GMT+03:00 2026,11-sept.-2026 09:40:42.681,13.923647936259222,1.5089232422632175,60.6,95.37281697895747,1.75,3.32,8.88,-0.04,12.94,-0.03,-,21,62.92,35.16,89,-,25.49,1458.25,0.006,60.6,0.76,-,34,16.97,20.69,-,-,41.05,46.3,12.65,1598,50.76,50,13.73,-
Fri Sep 11 09:40:43 GMT+03:00 2026,11-sept.-2026 09:40:43.500,13.974570181136812,3.097930852599215,61.8,95.37281697846646,-1.16,-0.02,9.39,-0.04,14.12,0.0,-,21,62.91,35.16,88,-,27.06,1468.5,0.007,61.8,0.33,-,34,16.97,20.8,-,-,41.09,46.27,12.64,1599,49.67,50,9.41,-
Fri Sep 11 09:40:44 GMT+03:00 2026,11-sept.-2026 09:40:44.249,13.934440983223771,2.139598461370082,60.0,95.3728169780735,0.21,2.69,10.1,-0.08,13.73,-0.05,-,21,62.91,35.51,88,-,23.14,1446.75,0.004,60,1.43,-,34,16.24,19.6,-,-,41.12,46.24,12.63,1600,49.57,51,7.84,-
Fri Sep 11 09:40:45 GMT+03:00 2026,11-sept.-2026 09:40:45.737,13.870651255335884,2.442993588301918,60.5,95.37281697743242,-1.53,3.1,11.51,-0.03,12.94,-0.05,-,21,62.9,35.16,89,-,21.96,1464.25,0.003,60.5,0.58,-,34,15.95,19.51,-,-,41.16,46.21,12.63,1601,50.58,50,5.49,-
Fri Sep 11 09:40:46 GMT+03:00 2026,11-sept.-2026 09:40:46.450,13.700433810780298,1.5547746418425952,60.4,95.37281697736836,0.96,1.94,8.67,-0.04,12.94,-0.05,-,21,62.89,35.16,89,-,20.78,1423.25,0.002,60.4,0.72,-,34,16.39,19.43,-,-,41.2,46.18,12.62,1602,50.72,50,10.98,-
Fri Sep 11 09:40:47 GMT+03:00 2026,11-sept.-2026 09:40:47.572,13.945428942000316,1.6216137413618852,61.5,95.3728169776351,-0.78,2.3,11.51,0.06,12.94,0.05,-,21,62.88,35.16,89,7.88,36.86,1452.75,0.014,61.5,0.33,10.56,34,16.24,19.71,-,-,41.24,46.15,12.61,1603,51.33,51,10.59,-
Fri Sep 11 09:40:48 GMT+03:00 2026,11-sept.-2026 09:40:48.374,13.829794146931762,2.200860475635237,59.7,95.3728169792742,0.2,3.85,10.13,-0.01,13.73,-0.01,-,21,62.87,35.16,88,-,20.78,1430.25,0.002,59.7,1.03,-,34,16.39,19.43,-,-,41.27,46.12,12.6,1604,48.97,50,11.37,-
Fri Sep 11 09:40:49 GMT+03:00 2026,11-sept.-2026 09:40:49.679,13.783958780813942,1.7248989308016562,59.9,95.37281697794208,-1.06,1.17,10.8,-0.01,12.16,-0.02,-,21,62.86,34.81,88,-,22.75,1431.0,0.003,59.9,2.08,-,34,17.26,20.44,-,-,41.31,46.1,12.59,1605,51.08,49,10.98,-
Fri Sep 11 09:40:50 GMT+03:00 2026,11-sept.-2026 09:40:50.496,14.012273075241383,2.945928204031831,59.8,95.37281697820455,-0.77,2.3,9.09,0.0,13.73,-0.02,-,21,62.86,35.16,88,7.57,36.08,1456.25,0.013,59.8,0.92,10.15,34,16.68,20.22,-,-,41.35,46.07,12.59,1606,50.92,50,12.94,-
Fri Sep 11 09:40:51 GMT+03:00 2026,11-sept.-2026 09:40:51.689,14.038287688859064,1.4646639177137848,60.3,94.64778522139537,1.41,1.73,8.41,-0.02,13.73,-0.03,-,21,62.85,35.16,88,-,26.27,1450.75,0.006,60.3,0.28,-,34,17.11,20.69,-,-,41.38,46.04,12.58,1607,50.72,51,14.9,-
Fri Sep 11 09:40:52 GMT+03:00 2026,11-sept.-2026 09:40:52.259,14.10437645224532,2.865025163762029,61.5,92.53161424043564,0.59,2.16,9.75,-0.02,13.33,-0.01,-,21,62.84,35.16,89,-,27.84,1484.5,0.008,61.5,0.25,-,34,17.26,21.44,-,-,41.42,46.01,12.57,1608,51.25,51,10.59,-
Fri Sep 11 09:40:53 GMT+03:00 2026,11-sept.-2026 09:40:53.385,14.112285248440918,2.3151991320934973,58.5,91.13915833220872,0.62,0.34,9.77,0.03,12.94,0.03,-,21,62.83,35.16,88,-,25.49,1467.75,0.006,58.5,0.2,-,34,16.53,20.26,-,-,41.46,45.98,12.56,1609,50.8,51,9.41,-
Fri Sep 11 09:40:54 GMT+03:00 2026,11-sept.-2026 09:40:54.796,14.054079466420092,1.698788641746649,59.2,91.13915833199212,0.91,1.7,9.74,0.03,12.55,0.0,-,21,62.83,35.16,88,-,22.35,1456.5,0.003,59.2,0.15,-,34,16.82,20.44,-,-,41.49,45.95,12.55,1610,50.85,51,10.59,-
Fri Sep 11 09:40:55 GMT+03:00 2026,11-sept.-2026 09:40:55.283,14.192263296088738,2.1231179399726328,59.5,91.13915833116492,1.5,3.5,11.0,0.06,12.94,0.05,-,21,62.82,35.16,88,5.74,31.37,1490.0,0.011,59.5,0.94,7.7,34,16.82,20.87,-,-,41.53,45.92,12.55,1611,50.06,51,10.98,-
Fri Sep 11 09:40:56 GMT+03:00 2026,11-sept.-2026 09:40:56.548,14.22280592679516,1.777868268990015,59.0,91.13915833244984,-2.57,2.13,9.32,0.0,13.33,-0.02,-,21,62.81,35.51,89,-,26.27,1483.0,0.007,59,0.66,-,34,16.82,20.83,-,-,41.57,45.89,12.54,1612,51.66,51,12.55,-
Fri Sep 11 09:40:57 GMT+03:00 2026,11-sept.-2026 09:40:57.265,14.25102942372671,1.453333332987068,61.0,91.13915833466632,-0.94,1.8,8.46,-0.02,13.73,0.0,-,21,62.8,35.51,88,-,26.27,1502.0,0.006,61,0.16,-,34,16.82,21.05,-,-,41.6,45.86,12.53,1613,51.16,51,8.63,-
Fri Sep 11 09:40:58 GMT+03:00 2026,11-sept.-2026 09:40:58.394,14.173921400557,2.3757920775394954,59.9,91.13915833234714,-2.59,0.8,8.23,0.08,12.94,0.13,-,21,62.8,35.16,88,-,21.18,1488.0,0.002,59.9,1.0,-,34,16.39,20.35,-,-,41.64,45.84,12.52,1614,52.0,51,7.84,-
Fri Sep 11 09:40:59 GMT+03:00 2026,11-sept.-2026 09:40:59.571,14.167865710579436,1.7493204923903234,59.7,91.1391583309259,0.11,0.74,11.3,0.0,12.94,0.02,-,21,62.79,34.81,88,-,24.71,1474.5,0.005,59.7,1.54,-,34,16.53,20.29,-,-,41.68,45.81,12.52,1615,49.46,51,9.02,-
Fri Sep 11 09:41:00 GMT+03:00 2026,11-sept.-2026 09:41:00.362,14.243062234330925,2.044998554885798,61.2,91.13915833188148,1.37,2.37,9.83,-0.02,13.73,0.0,-,21,62.78,35.16,88,-,28.24,1494.0,0.008,61.2,1.62,-,34,16.24,20.27,-,-,41.71,45.78,12.51,1616,52.62,51,9.02,-
Fri Sep 11 09:41:01 GMT+03:00 2026,11-sept.-2026 09:41:01.380,14.182803066278373,1.4269050919652917,58.9,91.13915833225528,-1.85,0.4,10.93,0.03,12.94,0.02,-,21,62.77,35.16,88,-,21.96,1490.75,0.003,58.9,0.72,-,34,16.24,20.16,-,-,41.75,45.75,12.5,1617,51.72,51,7.84,-
Fri Sep 11 09:41:02 GMT+03:00 2026,11-sept.-2026 09:41:02.547,14.07380994727686,3.367012052707216,59.1,91.1391583337724,-0.83,0.98,11.13,0.0,13.73,0.01,-,21,62.77,34.81,89,-,20.78,1486.75,0.002,59.1,0.29,-,34,16.1,19.9,-,-,41.79,45.72,12.49,1618,50.71,51,5.49,-
Fri Sep 11 09:41:03 GMT+03:00 2026,11-sept.-2026 09:41:03.432,14.013985473946075,1.9494413992412407,60.8,91.1391583335384,1.45,3.12,10.56,-0.04,12.94,-0.06,-,21,62.76,35.16,88,-,21.96,1461.0,0.003,60.8,0.16,-,34,16.24,19.77,-,-,41.82,45.69,12.48,1619,50.84,51,9.41,-
Fri Sep 11 09:41:04 GMT+03:00 2026,11-sept.-2026 09:41:04.673,14.177767883486338,2.0013595840211957,58.2,91.1391583321434,0.05,3.1,9.85,0.03,13.33,0.02,-,21,62.75,35.16,88,6.29,32.55,1484.5,0.011,58.2,0.76,8.43,34,16.68,20.74,-,-,41.86,45.66,12.48,1620,51.76,51,12.94,-
Fri Sep 11 09:41:05 GMT+03:00 2026,11-sept.-2026 09:41:05.551,14.29062615322712,1.950303082449101,60.0,91.13915833243864,1.17,3.59,9.95,0.07,13.33,0.07,-,21,62.74,35.16,89,-,30.2,1485.75,0.01,60,0.56,-,34,16.97,21.08,-,-,41.9,45.64,12.47,1621,51.44,52,13.73,-
Fri Sep 11 09:41:06 GMT+03:00 2026,11-sept.-2026 09:41:06.506,14.280675442290343,2.334412759151586,61.4,91.13915833102796,-3.18,1.23,11.29,0.01,13.33,0.0,-,21,62.74,35.16,89,-,24.71,1471.75,0.005,61.4,0.72,-,34,16.97,20.74,-,-,41.93,45.61,12.46,1622,50.28,51,9.41,-
Fri Sep 11 09:41:07 GMT+03:00 2026,11-sept.-2026 09:41:07.481,14.124742981227282,1.981961885462048,59.9,91.1391583323929,-1.58,3.01,8.8,0.0,13.33,-0.01,-,21,62.73,35.16,88,-,20.78,1484.75,0.002,59.9,1.44,-,34,16.82,20.91,-,-,41.97,45.58,12.45,1623,51.44,50,9.8,-
Fri Sep 11 09:41:08 GMT+03:00 2026,11-sept.-2026 09:41:08.296,14.273167873556634,2.108586671998064,60.0,91.13915833325925,0.19,1.54,8.69,0.07,13.33,0.06,-,21,62.72,35.51,88,6.01,31.76,1495.75,0.011,60,0.26,8.06,34,17.11,21.37,-,-,42,45.55,12.45,1624,52.26,52,13.73,-
Fri Sep 11 09:41:09 GMT+03:00 2026,11-sept.-2026 09:41:09.710,14.476159829523192,1.5110663512115234,60.4,91.13915833159749,-0.33,3.17,9.42,0.0,12.94,0.01,-,21,62.72,35.16,88,7.34,34.12,1509.75,0.013,60.4,0.81,9.84,34,16.82,21.27,-,-,42.04,45.52,12.44,1625,51.19,52,13.73,-
Fri Sep 11 09:41:10 GMT+03:00 2026,11-sept.-2026 09:41:10.259,14.323997139601806,2.4435151929047514,59.1,91.1391583329905,-2.4,2.29,8.93,-0.08,13.33,-0.1,-,21,62.71,35.16,88,-,20.78,1502.25,0.002,59.1,1.01,-,34,17.26,21.68,-,-,42.08,45.49,12.43,1626,49.99,51,11.76,-
Fri Sep 11 09:41:11 GMT+03:00 2026,11-sept.-2026 09:41:11.600,14.370253098963891,2.5086157547457715,58.6,91.1391583324951,1.68,2.65,7.85,-0.03,13.33,-0.05,-,21,62.7,35.51,88,-,27.06,1509.5,0.007,58.6,0.58,-,34,16.53,20.95,-,-,42.11,45.47,12.42,1627,51.58,51,6.67,-
Fri Sep 11 09:41:12 GMT+03:00 2026,11-sept.-2026 09:41:12.354,14.259486298836764,1.7687760605581224,59.7,91.13915833266516,2.52,3.57,10.32,-0.01,12.94,-0.04,-,21,62.7,34.81,88,-,20.78,1481.75,0.002,59.7,2.62,-,34,16.1,19.85,-,-,42.15,45.44,12.41,1628,49.38,52,8.24,-
Fri Sep 11 09:41:13 GMT+03:00 2026,11-sept.-2026 09:41:13.243,14.255492395781667,1.881592130015576,58.3,91.13915833401276,0.2,0.98,9.21,0.02,12.94,0.06,-,21,62.69,35.51,89,-,24.71,1490.5,0.005,58.3,0.18,-,34,16.1,19.99,-,-,42.18,45.41,12.41,1629,50.82,51,5.88,-
Fri Sep 11 09:41:14 GMT+03:00 2026,11-sept.-2026 09:41:14.387,14.064464567499696,1.69942424358519,61.5,91.13915833170562,1.57,2.97,10.04,-0.03,12.55,-0.04,-,21,62.68,35.51,88,-,20.78,1467.25,0.002,61.5,2.54,-,34,16.24,19.78,-,-,42.22,45.38,12.4,1630,48.46,51,9.02,-
Fri Sep 11 09:41:15 GMT+03:00 2026,11-sept.-2026 09:41:15.526,14.162076814463823,1.7483425676420357,59.5,91.1391583321067,0.6,2.88,8.98,0.04,13.73,0.04,-,21,62.67,35.16,89,-,29.8,1471.0,0.009,59.5,1.58,-,34,16.24,19.94,-,-,42.26,45.35,12.39,1631,49.42,51,8.24,-
Fri Sep 11 09:41:16 GMT+03:00 2026,11-sept.-2026 09:41:16.524,14.09891536318997,1.944013211023596,60.2,91.13915833122444,-2.87,1.61,11.76,-0.03,13.73,-0.01,-,21,62.67,35.16,89,-,21.96,1476.5,0.003,60.2,1.07,-,34,16.39,20.1,-,-,42.29,45.33,12.38,1632,51.07,50,10.2,-
Fri Sep 11 09:41:17 GMT+03:00 2026,11-sept.-2026 09:41:17.438,14.118659861472526,2.252791520840532,58.3,91.13915833170807,-1.61,0.89,10.38,-0.01,13.73,-0.01,-,21,62.66,35.16,88,-,25.88,1465.25,0.006,58.3,0.7,-,34,16.82,20.53,-,-,42.33,45.3,12.38,1633,51.7,51,9.8,-
Fri Sep 11 09:41:18 GMT+03:00 2026,11-sept.-2026 09:41:18.390,14.198801505751856,3.646869818247891,59.6,91.139158333832,-1.47,4.66,10.48,-0.01,14.12,-0.03,-,21,62.65,35.16,88,-,28.63,1488.0,0.008,59.6,0.12,-,34,16.82,20.98,-,-,42.36,45.27,12.37,1634,50.88,51,12.94,-
Fri Sep 11 09:41:19 GMT+03:00 2026,11-sept.-2026 09:41:19.254,14.3213010480901,2.5457806703040218,57.9,91.13915833296916,-0.45,2.25,6.31,0.0,13.33,-0.04,-,21,62.65,35.16,89,5.47,30.59,1496.5,0.01,57.9,0.16,7.34,34,16.97,21.3,-,-,42.4,45.24,12.36,1635,51.16,51,12.16,-
Fri Sep 11 09:41:20 GMT+03:00 2026,11-sept.-2026 09:41:20.243,14.304179525616764,2.1060646261810425,59.0,91.1391583320096,0.39,4.43,8.87,-0.01,13.33,0.0,-,21,62.64,34.81,88,-,23.92,1502.25,0.005,59,1.17,-,34,16.97,21.37,-,-,42.43,45.21,12.35,1636,52.17,51,10.98,-
Fri Sep 11 09:41:21 GMT+03:00 2026,11-sept.-2026 09:41:21.316,14.312189254105323,1.5052563221998452,59.4,91.13915833156882,0.6,1.93,10.39,-0.06,12.94,-0.07,-,21,62.63,35.16,88,-,25.49,1487.5,0.006,59.4,0.48,-,34,16.68,20.79,-,-,42.47,45.19,12.35,1637,51.52,52,8.24,-
Fri Sep 11 09:41:22 GMT+03:00 2026,11-sept.-2026 09:41:22.389,14.289724343524144,2.1085280411065805,57.4,91.1391583327447,-0.72,2.56,9.85,-0.01,13.33,-0.07,-,21,62.62,35.51,88,-,23.92,1488.75,0.004,57.4,0.91,-,34,16.1,20.06,-,-,42.5,45.16,12.34,1638,51.91,51,7.06,-
Fri Sep 11 09:41:23 GMT+03:00 2026,11-sept.-2026 09:41:23.557,14.202076344436984,2.099165507421012,58.5,91.1391583331212,-0.03,1.29,12.05,-0.05,13.73,-0.05,-,21,62.62,35.16,88,-,20.78,1482.5,0.002,58.5,0.18,-,34,16.1,19.99,-,-,42.54,45.13,12.33,1639,50.82,51,7.06,-
Fri Sep 11 09:41:24 GMT+03:00 2026,11-sept.-2026 09:41:24.416,14.190559076527007,1.8614619523529368,60.0,91.1391583333438,-2.44,3.73,8.78,-0.04,13.33,-0.05,-,21,62.61,35.16,88,-,24.31,1478.75,0.005,60,0.82,-,34,15.81,19.55,-,-,42.58,45.1,12.32,1640,51.18,52,5.88,-
Fri Sep 11 09:41:25 GMT+03:00 2026,11-sept.-2026 09:41:25.773,13.993259455827472,2.5206214656912795,59.5,91.13915833214972,2.22,2.03,7.56,-0.04,12.94,-0.03,-,21,62.6,35.16,88,-,20.78,1465.0,0.002,59.5,0.58,-,34,15.95,19.54,-,-,42.61,45.07,12.32,1641,50.42,51,7.84,-
Fri Sep 11 09:41:26 GMT+03:00 2026,11-sept.-2026 09:41:26.260,14.031554446385384,2.614012299525447,58.1,91.13915833170635,-0.36,2.79,9.89,-0.04,13.33,-0.05,-,21,62.6,35.16,88,-,26.67,1464.75,0.007,58.1,0.89,-,34,16.82,20.46,-,-,42.65,45.05,12.31,1642,50.89,50,11.76,-
Fri Sep 11 09:41:27 GMT+03:00 2026,11-sept.-2026 09:41:27.292,14.222442221480993,1.4087046165920802,59.3,91.1391583322221,0.7,1.77,10.54,0.03,12.94,0.04,-,21,62.59,34.81,89,6.9,34.12,1466.0,0.012,59.3,0.86,9.26,34,16.53,20.28,-,-,42.68,45.02,12.3,1643,50.14,51,12.16,-
Fri Sep 11 09:41:28 GMT+03:00 2026,11-sept.-2026 09:41:28.340,14.160031316917348,2.671797165546456,59.0,91.13915833207288,0.29,2.61,8.81,0.01,12.94,0.01,-,21,62.58,34.81,88,-,21.96,1468.75,0.003,59,0.27,-,34,16.82,20.57,-,-,42.72,44.99,12.29,1644,51.27,51,10.98,-
Fri Sep 11 09:41:29 GMT+03:00 2026,11-sept.-2026 09:41:29.795,14.134639096246053,2.2695481400347965,58.5,91.13915833260847,-2.03,2.94,9.0,0.03,13.73,0.02,-,21,62.57,35.16,88,-,23.53,1483.5,0.004,58.5,0.12,-,34,17.4,21.46,-,-,42.75,44.96,12.29,1645,50.88,51,11.76,-
Fri Sep 11 09:41:30 GMT+03:00 2026,11-sept.-2026 09:41:30.294,14.3882169569216,2.600857573300008,59.8,91.13915833338444,-3.56,4.79,11.63,0.0,14.12,-0.01,-,21,62.57,35.16,88,8.39,36.86,1497.5,0.015,59.8,1.15,11.25,34,16.68,20.78,-,-,42.79,44.94,12.28,1646,53.15,52,11.76,-
Fri Sep 11 09:41:31 GMT+03:00 2026,11-sept.-2026 09:41:31.548,14.311399206887424,1.8047907327199069,57.6,91.13915833270909,-2.21,3.12,8.39,0.05,12.55,0.03,-,21,62.56,35.51,88,-,21.18,1495.75,0.002,57.6,1.06,-,34,16.97,21.2,-,-,42.82,44.91,12.27,1647,50.94,52,13.33,-
Fri Sep 11 09:41:32 GMT+03:00 2026,11-sept.-2026 09:41:32.373,14.37441436123255,2.096761381075062,59.1,91.13915833133387,2.58,1.47,10.27,-0.02,12.94,-0.02,-,21,62.55,35.51,88,-,27.84,1499.0,0.008,59.1,0.45,-,35,16.82,20.99,-,-,42.86,44.88,12.26,1648,51.55,52,7.06,-
Fri Sep 11 09:41:33 GMT+03:00 2026,11-sept.-2026 09:41:33.647,14.284852642590788,3.180157319787778,58.2,91.13915833169304,1.56,4.21,8.72,-0.08,13.73,-0.09,-,21,62.55,35.16,89,-,20.78,1493.5,0.002,58.2,0.42,-,35,16.24,20.2,-,-,42.89,44.85,12.25,1649,51.58,52,9.02,-
Fri Sep 11 09:41:34 GMT+03:00 2026,11-sept.-2026 09:41:34.588,14.31460176038311,2.020973128020413,57.7,91.13915833414823,-1.04,3.44,8.81,0.01,12.94,-0.01,-,21,62.54,35.16,88,-,26.27,1483.75,0.007,57.7,0.06,-,35,15.95,19.64,-,-,42.93,44.83,12.25,1650,50.94,51,5.49,-
Fri Sep 11 09:41:35 GMT+03:00 2026,11-sept.-2026 09:41:35.501,14.029152897688526,2.47727411199264,57.6,91.13915833280484,0.6,0.89,8.97,-0.12,13.33,-0.14,-,21,62.53,35.16,88,-,10.98,1470.25,0.0,57.6,0.73,-,35,16.1,27.28,-,-,42.96,44.8,12.24,1651,50.27,51,9.41,-
Fri Sep 11 09:41:36 GMT+03:00 2026,11-sept.-2026 09:41:36.419,14.168991993251357,1.4036463057174615,59.2,91.13915833080657,-0.53,5.38,9.23,0.01,14.12,-0.01,-,21,62.53,35.16,88,5.76,31.76,1472.75,0.011,59.2,0.21,7.73,36,16.24,19.92,-,-,43,44.77,12.23,1652,51.21,51,8.63,-
Fri Sep 11 09:41:37 GMT+03:00 2026,11-sept.-2026 09:41:37.360,14.146224487551285,3.235686844722215,60.3,91.1391583330913,-0.5,1.71,11.47,0.02,12.94,0.01,-,21,62.52,35.16,89,-,23.92,1478.75,0.004,60.3,0.9,-,36,15.95,19.55,-,-,43.03,44.74,12.22,1653,51.1,52,9.41,-
Fri Sep 11 09:41:38 GMT+03:00 2026,11-sept.-2026 09:41:38.417,14.050855693056205,1.568256847721886,59.6,91.1391583334184,0.44,2.01,9.24,0.01,13.73,-0.01,-,21,62.51,35.16,89,-,20.78,1466.0,0.002,59.6,1.21,-,36,17.11,20.78,-,-,43.07,44.72,12.22,1654,51.21,50,11.76,-
Fri Sep 11 09:41:39 GMT+03:00 2026,11-sept.-2026 09:41:39.597,14.301576396595271,1.7588331524621788,57.6,91.139158332741,-0.42,2.58,10.32,-0.01,14.12,-0.03,-,21,62.51,35.16,88,8.26,36.86,1483.0,0.015,57.6,0.57,11.08,36,17.55,21.47,-,-,43.1,44.69,12.21,1655,51.57,51,16.86,-
Fri Sep 11 09:41:40 GMT+03:00 2026,11-sept.-2026 09:41:40.677,14.584838173307462,1.9641410268812725,57.3,91.13915833239558,2.69,1.77,10.41,0.05,13.73,0.0,-,21,62.5,35.16,88,9.2,37.65,1525.5,0.016,57.3,0.07,12.34,37,18.13,22.98,-,-,43.14,44.66,12.2,1656,52.93,53,22.35,-
Fri Sep 11 09:41:41 GMT+03:00 2026,11-sept.-2026 09:41:41.773,14.803335257305692,1.940350890589214,58.5,91.13915833265744,-3.42,3.91,8.1,0.04,13.73,0.03,-,21,62.49,35.16,88,7.92,34.9,1538.5,0.014,58.5,0.27,10.61,37,18.71,23.94,-,-,43.17,44.63,12.2,1657,53.27,53,19.22,-
Fri Sep 11 09:41:42 GMT+03:00 2026,11-sept.-2026 09:41:42.702,14.906023602314024,1.8721934541699468,58.2,91.1391583330975,-1.91,1.98,10.07,0.08,12.94,0.06,-,21,62.49,35.16,88,-,29.41,1563.75,0.01,58.2,0.74,-,37,18.56,24.2,-,-,43.21,44.61,12.19,1658,53.26,54,17.25,-
Fri Sep 11 09:41:43 GMT+03:00 2026,11-sept.-2026 09:41:43.383,15.07943444287191,1.593353095210752,58.5,91.13915833192983,-3.18,6.01,9.82,0.06,13.73,0.06,-,21,62.48,35.16,88,7.07,32.55,1579.0,0.013,58.5,0.68,9.49,37,18.42,24.27,-,-,43.24,44.58,12.18,1659,54.68,54,16.86,-
Fri Sep 11 09:41:44 GMT+03:00 2026,11-sept.-2026 09:41:44.298,15.2843355949775,1.4545782900125386,56.1,91.1391583324516,0.11,1.71,9.05,0.05,13.33,0.04,-,21,62.48,35.16,88,7.95,33.73,1587.75,0.014,56.1,0.46,10.66,38,18.56,24.63,-,-,43.27,44.55,12.17,1660,55.46,55,19.61,-
Fri Sep 11 09:41:45 GMT+03:00 2026,11-sept.-2026 09:41:45.508,15.563614043073684,2.002459598229001,57.2,91.13915833177352,0.74,2.71,10.03,0.04,14.12,0.05,-,21,62.47,35.51,88,9.92,36.47,1632.75,0.018,57.2,0.38,13.3,38,19.14,26.09,-,-,43.31,44.53,12.17,1661,55.62,56,21.57,-
Fri Sep 11 09:41:46 GMT+03:00 2026,11-sept.-2026 09:41:46.353,15.867573085370775,1.84160493469822,57.2,91.13915833233038,-2.31,2.95,9.88,0.04,13.73,0.03,-,21,62.47,35.51,88,10.78,37.65,1654.75,0.019,57.2,0.48,14.45,38,18.85,26.17,-,-,43.34,44.5,12.16,1662,57.48,57,19.61,-
Fri Sep 11 09:41:47 GMT+03:00 2026,11-sept.-2026 09:41:47.439,15.950433405994746,2.11260158852787,58.4,91.13915833354513,-2.37,6.07,9.47,0.0,14.12,0.02,-,21,62.47,35.16,89,-,28.24,1660.5,0.01,58.4,0.38,-,39,19.14,26.62,-,-,43.38,44.47,12.15,1663,57.38,57,20.0,-
Fri Sep 11 09:41:48 GMT+03:00 2026,11-sept.-2026 09:41:48.764,16.282012748129794,1.7616777104739405,57.7,91.13915833172652,-0.55,-0.11,7.04,0.08,13.33,0.08,-,21,62.47,35.16,88,11.84,38.04,1713.25,0.021,57.7,0.58,15.87,39,19.29,27.76,-,-,43.41,44.44,12.14,1664,59.58,59,20.78,-
Fri Sep 11 09:41:49 GMT+03:00 2026,11-sept.-2026 09:41:49.733,16.63328949851039,2.0742182509025016,57.5,91.1391583318998,-0.29,0.12,11.64,0.01,13.73,0.01,-,21,62.46,35.16,88,12.67,38.43,1742.5,0.022,57.5,0.93,16.99,39,18.71,27.27,-,-,43.45,44.42,12.14,1665,60.93,60,19.61,-
Fri Sep 11 09:41:50 GMT+03:00 2026,11-sept.-2026 09:41:50.285,16.650740431317825,2.502785653733622,56.4,91.13915833250137,0.49,1.13,9.32,-0.07,13.33,-0.09,-,21,62.46,35.16,88,-,25.49,1730.75,0.008,56.4,0.12,-,40,19.29,27.95,-,-,43.48,44.39,12.13,1666,59.88,60,19.61,-
Fri Sep 11 09:41:51 GMT+03:00 2026,11-sept.-2026 09:41:51.563,16.994400208722812,2.691817872632995,58.2,91.13915833263115,-1.53,3.07,11.59,0.0,14.12,-0.01,-,21,62.46,35.16,89,12.84,38.43,1776.0,0.022,58.2,0.46,17.21,39,20.02,29.85,-,-,43.52,44.36,12.12,1667,60.54,61,24.31,-
Fri Sep 11 09:41:52 GMT+03:00 2026,11-sept.-2026 09:41:52.299,17.63454881189271,2.9552982988194185,57.9,91.13915833292062,-0.46,0.51,8.84,0.04,15.29,0.02,-,21,62.46,35.16,88,21.48,50.59,1832.5,0.03,57.9,0.22,28.81,39,19.44,30.13,-,-,43.55,44.34,12.11,1668,64.22,64,26.67,-
Fri Sep 11 09:41:53 GMT+03:00 2026,11-sept.-2026 09:41:53.276,17.698874685157477,1.6820255477616295,56.7,91.13915833320064,-0.56,0.44,10.5,0.05,13.73,0.05,-,21,62.46,35.16,89,-,32.55,1452.5,0.011,56.7,0.9,-,39,19.87,23.6,-,-,43.58,44.31,12.11,1669,64.9,64,25.49,-
Fri Sep 11 09:41:54 GMT+03:00 2026,11-sept.-2026 09:41:54.537,17.80123365506199,2.1202372352897525,56.1,91.13915833149156,1.35,3.52,6.82,0.06,14.12,0.06,-,21,62.46,35.16,88,-,34.9,1457.75,0.013,56.1,1.66,-,39,20.02,23.92,-,-,43.62,44.28,12.1,1670,63.34,65,23.53,-
Fri Sep 11 09:41:55 GMT+03:00 2026,11-sept.-2026 09:41:55.420,18.099926090484537,1.7733658712853737,56.1,91.1391583317964,-0.71,2.64,10.46,0.09,14.12,0.07,-,21,62.47,35.16,89,12.72,46.67,1478.0,0.021,56.1,0.35,17.06,38,19,23.14,-,-,43.65,44.26,12.09,1671,64.65,65,24.71,-
Fri Sep 11 09:41:56 GMT+03:00 2026,11-sept.-2026 09:41:56.353,18.21780151730309,1.5019071201135956,55.8,91.13915833386108,-1.91,4.3,8.87,-0.01,13.73,-0.03,-,21,62.47,35.51,88,-,35.69,1486.75,0.014,55.8,0.27,-,38,19.14,23.48,-,-,43.69,44.23,12.08,1672,66.27,66,24.71,-
Fri Sep 11 09:41:57 GMT+03:00 2026,11-sept.-2026 09:41:57.252,18.31460715490751,2.6599371084026533,57.8,91.1391583322726,-1.89,1.87,8.31,-0.03,13.73,-0.01,-,21,62.47,35.16,88,-,34.51,1483.0,0.013,57.8,0.08,-,37,20.31,24.92,-,-,43.72,44.2,12.08,1673,66.08,66,29.41,-
Fri Sep 11 09:41:58 GMT+03:00 2026,11-sept.-2026 09:41:58.425,18.848424919645662,1.549576555224166,57.4,91.1391583308729,-1.06,3.52,10.56,0.07,13.73,0.07,-,21,62.47,35.16,88,20.24,59.22,1542.5,0.03,57.4,0.42,27.15,37,20.89,37.25,-,-,43.75,44.18,12.07,1674,67.58,68,37.25,-
Fri Sep 11 09:41:59 GMT+03:00 2026,11-sept.-2026 09:41:59.515,19.326682368243684,2.689555259718748,56.8,91.13915833273886,1.57,1.59,11.27,-0.01,15.29,-0.02,-,21,62.48,35.16,89,19.26,55.69,1571.25,0.029,56.8,0.3,25.83,37,21.18,38.51,-,-,43.79,44.15,12.06,1675,69.7,70,38.43,-
Fri Sep 11 09:42:00 GMT+03:00 2026,11-sept.-2026 09:42:00.502,19.495408872135357,1.4555818786491452,56.3,91.13915833295069,1.81,1.12,7.66,0.0,14.12,0.0,-,21,62.48,35.16,89,10.25,38.04,1586.5,0.018,56.3,0.25,13.75,36,21.61,28.6,-,-,43.82,44.12,12.06,1676,70.25,70,31.37,-
Fri Sep 11 09:42:01 GMT+03:00 2026,11-sept.-2026 09:42:01.771,19.698145763177557,1.698332559565627,56.9,91.13915833222008,0.83,2.51,8.77,0.01,13.73,0.0,-,21,62.49,35.16,88,11.45,40.0,1598.0,0.02,56.9,0.44,15.35,36,19.29,25.92,-,-,43.86,44.1,12.05,1677,71.44,71,17.25,-
Fri Sep 11 09:42:02 GMT+03:00 2026,11-sept.-2026 09:42:02.455,17.41516500607256,1.9748625423299535,55.9,91.13915833339468,-0.56,2.78,9.06,-0.25,12.55,-0.26,-,21,62.49,35.16,89,-,12.16,1410.75,0.0,55.9,0.76,-,36,17.11,27.75,-,-,43.89,44.07,12.04,1678,62.76,62,9.8,-
Fri Sep 11 09:42:03 GMT+03:00 2026,11-sept.-2026 09:42:03.423,15.17075442508198,2.4610100303642284,56.4,91.1391583324955,-1.36,2.05,10.27,-0.28,12.94,-0.28,-,21,62.48,35.16,89,-,9.8,1237.0,0.0,56.4,1.22,-,35,15.81,22.13,-,-,43.92,44.04,12.03,1679,55.22,54,1.57,-
Fri Sep 11 09:42:04 GMT+03:00 2026,11-sept.-2026 09:42:04.493,12.974415557888223,1.856917886717816,57.4,91.13915833225546,1.66,1.92,11.1,-0.22,12.94,-0.24,-,21,62.47,35.16,88,-,9.02,1335.0,0.0,57.4,0.31,-,35,14.36,21.93,-,-,43.96,44.02,12.03,1680,46.31,46,1.57,-
Fri Sep 11 09:42:05 GMT+03:00 2026,11-sept.-2026 09:42:05.696,10.839262690428122,2.136286732890302,56.5,91.13915833444835,-0.65,2.78,11.55,-0.16,12.94,-0.15,-,21,62.46,35.16,88,-,12.55,1573.0,0.0,56.5,0.54,-,34,14.36,26.42,-,-,43.99,43.99,12.02,1681,39.54,39,1.57,-
Fri Sep 11 09:42:06 GMT+03:00 2026,11-sept.-2026 09:42:06.711,8.783864194883627,1.6628701765610154,57.8,91.1391583320795,0.69,0.07,10.85,-0.23,13.33,-0.26,-,21,62.44,35.16,89,-,10.2,1266.0,0.0,57.8,0.89,-,34,14.36,20.71,-,-,44.02,43.96,12.01,1682,31.11,32,1.57,-
Fri Sep 11 09:42:07 GMT+03:00 2026,11-sept.-2026 09:42:07.301,6.835165949456627,2.2999304160379204,57.7,91.13915833100243,0.69,1.46,9.57,-0.22,12.55,-0.27,-,21,62.42,35.16,89,-,10.59,1509.75,0.0,57.7,1.44,-,33,14.36,25.28,-,-,44.06,43.94,12,1683,23.56,25,1.96,-
Fri Sep 11 09:42:08 GMT+03:00 2026,11-sept.-2026 09:42:08.743,5.032953977912753,1.6171459064126648,56.5,91.13915833071748,-1.57,3.7,11.59,-0.13,12.94,-0.14,-,21,62.39,35.16,88,-,10.59,1900.0,0.0,56.5,0.43,-,33,14.36,32.83,-,-,44.09,43.91,12,1684,17.57,18,1.96,-
Fri Sep 11 09:42:09 GMT+03:00 2026,11-sept.-2026 09:42:09.486,3.435564078787801,2.084406465225153,54.9,91.1391583281705,0.29,2.27,10.3,-0.17,12.55,-0.18,-,21,62.36,35.16,89,-,12.94,1287.25,0.0,-,0.12,-,32,14.65,21.56,-,-,44.12,43.88,11.99,1685,12.88,13,3.53,-
Fri Sep 11 09:42:10 GMT+03:00 2026,11-sept.-2026 09:42:10.484,2.1221210042372416,2.206220304950317,56.4,91.13915833286482,-1.19,-0.62,10.24,-0.11,12.94,-0.11,-,21,62.33,35.16,88,-,22.75,1048.5,0.002,56.4,0.27,-,32,14.94,12.49,-,-,44.16,43.86,11.98,1686,7.27,7,5.49,-
Fri Sep 11 09:42:11 GMT+03:00 2026,11-sept.-2026 09:42:11.681,1.1724657758899544,1.858198744076903,55.8,91.13915834870528,1.7,1.26,9.91,-0.07,13.33,-0.03,-,21,62.29,35.16,88,-,23.92,961.0,0.002,55.8,1.13,-,31,15.23,11.5,-,-,44.19,43.83,11.98,1687,2.87,4,7.84,-
Fri Sep 11 09:42:12 GMT+03:00 2026,11-sept.-2026 09:42:12.775,0.599016983278821,1.6204536974174355,58.0,91.13915833486712,3.07,4.03,11.32,-0.12,12.55,-0.1,-,21,62.26,34.81,89,-,24.71,923.5,0.002,58,0.15,-,31,15.37,11.08,-,-,44.17,43.81,12.03,1688,1.85,2,6.27,-
Fri Sep 11 09:42:13 GMT+03:00 2026,11-sept.-2026 09:42:13.407,0.0,4.801116609888584,57.3,91.13915833486712,1.33,2.41,11.44,-0.09,14.12,-0.1,-,21,62.22,35.16,88,-,20.0,828.75,0.002,57.3,0.58,-,30,15.08,10.75,-,-,44.14,43.78,12.08,1689,0.58,0,3.92,-
Fri Sep 11 09:42:14 GMT+03:00 2026,11-sept.-2026 09:42:14.341,0.0,3.655977040704667,55.8,91.13915832123872,1.43,2.47,8.17,0.03,13.73,0.04,-,21,62.19,35.51,88,-,20.0,827.75,0.002,55.8,0.98,-,29,14.94,10.62,-,-,44.11,43.75,12.13,1690,0.02,1,1.57,-
Fri Sep 11 09:42:15 GMT+03:00 2026,11-sept.-2026 09:42:15.757,0.0,5.624875231241234,57.5,0.0,1.42,2.0,8.05,0.01,13.33,0.0,-,21,62.15,35.16,88,-,20.39,820.0,0.002,57.5,0.04,-,29,14.79,10.37,-,-,44.09,43.73,12.19,1691,0.04,0,1.57,-
Fri Sep 11 09:42:16 GMT+03:00 2026,11-sept.-2026 09:42:16.485,0.0,4.6740964840505965,56.2,0.0,1.1,5.75,7.67,0.01,14.12,0.01,-,21,62.11,34.81,88,-,20.39,841.25,0.002,56.2,0.75,-,29,14.79,10.68,-,-,44.06,43.7,12.24,1692,0.25,1,1.57,-
Fri Sep 11 09:42:17 GMT+03:00 2026,11-sept.-2026 09:42:17.612,0.0,3.934520292861404,57.3,0.0,-0.44,2.04,10.82,-0.02,13.33,-0.02,-,21,62.08,34.81,89,-,20.78,832.25,0.002,57.3,0.21,-,29,14.79,10.55,-,-,44.03,43.68,12.29,1693,0.21,0,1.57,-
Fri Sep 11 09:42:18 GMT+03:00 2026,11-sept.-2026 09:42:18.367,0.0,4.29049334265501,56.5,0.0,1.93,1.38,9.4,0.01,13.33,0.02,-,21,62.04,35.51,89,-,20.78,853.5,0.002,56.5,0.12,-,29,14.79,10.86,-,-,44.01,43.65,12.34,1694,0.12,0,1.57,-
Fri Sep 11 09:42:19 GMT+03:00 2026,11-sept.-2026 09:42:19.349,0.0,4.355062367421924,56.8,0.0,1.49,1.72,10.37,0.01,13.33,0.01,-,21,62.0,35.16,88,-,21.18,832.75,0.002,56.8,0.12,-,29,14.79,10.57,-,-,43.98,43.62,12.4,1695,0.12,0,1.57,-
Fri Sep 11 09:42:20 GMT+03:00 2026,11-sept.-2026 09:42:20.762,0.0,3.856253144404662,56.7,0.0,2.6,2.48,9.55,-0.01,13.33,-0.01,-,21,61.97,35.16,89,-,21.18,850.75,0.002,56.7,0.07,-,29,14.79,10.84,-,-,43.95,43.6,12.45,1696,0.07,0,1.57,-
Fri Sep 11 09:42:21 GMT+03:00 2026,11-sept.-2026 09:42:21.485,0.0,4.0751439800444125,56.7,0.0,0.92,3.21,9.76,0.04,13.33,0.06,-,21,61.93,35.16,89,-,21.18,862.75,0.002,56.7,0.32,-,29,14.79,11.02,-,-,43.93,43.57,12.5,1697,0.32,0,1.96,-
Fri Sep 11 09:42:22 GMT+03:00 2026,11-sept.-2026 09:42:22.440,0.0,3.779841467014019,56.8,0.0,-0.62,4.39,7.56,0.02,12.55,0.0,-,21,61.89,35.16,88,-,21.57,855.0,0.002,56.8,0.66,-,29,14.79,10.91,-,-,43.9,43.55,12.55,1698,0.34,1,1.96,-
Fri Sep 11 09:42:23 GMT+03:00 2026,11-sept.-2026 09:42:23.713,0.0,5.039132873224625,57.2,0.0,-0.61,3.59,9.72,0.03,13.73,0.03,-,21,61.85,35.16,88,-,21.57,873.25,0.002,57.2,0.01,-,29,14.79,11.17,-,-,43.88,43.52,12.6,1699,0.01,0,1.96,-
Fri Sep 11 09:42:24 GMT+03:00 2026,11-sept.-2026 09:42:24.286,0.0,3.7613482501304407,58.1,0.0,-3.06,5.2,9.31,0.01,13.33,-0.03,-,21,61.82,35.16,88,-,21.57,860.25,0.002,58.1,0.24,-,29,14.79,10.98,-,-,43.85,43.49,12.66,1700,0.24,0,1.96,-
Fri Sep 11 09:42:25 GMT+03:00 2026,11-sept.-2026 09:42:25.755,0.0,4.814232371534671,57.1,0.0,-1.08,4.45,11.17,0.02,13.33,0.03,-,21,61.78,35.16,88,-,21.57,869.75,0.002,57.1,0.13,-,29,14.79,11.13,-,-,43.82,43.47,12.71,1701,0.13,0,1.96,-
Fri Sep 11 09:42:26 GMT+03:00 2026,11-sept.-2026 09:42:26.523,0.0,5.074801657351652,56.2,0.0,1.09,2.89,8.63,0.02,13.73,0.01,-,21,61.74,35.51,88,-,21.57,857.0,0.002,56.2,0.19,-,29,14.79,10.94,-,-,43.8,43.44,12.76,1702,0.19,0,1.96,-
Fri Sep 11 09:42:27 GMT+03:00 2026,11-sept.-2026 09:42:27.786,0.0,4.556204259555816,56.2,0.0,1.18,2.95,9.53,-0.01,13.33,-0.04,-,21,61.71,35.51,88,-,21.57,862.0,0.002,56.2,0.04,-,29,14.79,11,-,-,43.77,43.42,12.81,1703,0.04,0,1.96,-
Fri Sep 11 09:42:28 GMT+03:00 2026,11-sept.-2026 09:42:28.771,0.0,5.487386250093107,57.5,0.0,-0.26,0.01,11.77,-0.04,13.73,-0.06,-,21,61.67,35.16,88,-,21.18,860.5,0.002,57.5,0.02,-,29,14.79,10.97,-,-,43.75,43.39,12.86,1704,0.02,0,1.57,-
Fri Sep 11 09:42:29 GMT+03:00 2026,11-sept.-2026 09:42:29.641,0.0,4.309307644282999,58.4,0.0,0.13,0.43,11.68,0.03,13.73,0.03,-,21,61.64,35.16,88,-,21.18,847.5,0.002,58.4,0.03,-,30,14.79,10.76,-,-,43.72,43.36,12.91,1705,0.03,0,1.96,-
Fri Sep 11 09:42:30 GMT+03:00 2026,11-sept.-2026 09:42:30.666,0.0,3.682743777023481,56.9,0.0,-0.15,2.58,9.61,-0.01,13.33,-0.03,-,21,61.6,35.16,88,-,21.18,822.25,0.002,56.9,0.31,-,30,14.79,10.37,-,-,43.69,43.34,12.97,1706,0.31,0,1.96,-
Fri Sep 11 09:42:31 GMT+03:00 2026,11-sept.-2026 09:42:31.330,0.0,4.648986893055918,58.4,0.0,0.64,2.28,9.43,0.04,12.94,0.05,-,-,61.56,35.16,-,-,20.78,847.5,0.002,58.4,0.55,-,-,-,-,-,-,43.67,43.31,13.02,1707,0.45,1,1.96,-
Fri Sep 11 09:42:32 GMT+03:00 2026,11-sept.-2026 09:42:32.510,0.0,4.01303866029818,56.6,0.0,-1.43,3.88,7.68,-0.01,12.94,-0.04,-,21,61.53,35.16,88,-,20.78,831.0,0.002,56.6,0.7,-,32,14.79,10.46,-,-,43.64,43.29,13.07,1708,0.7,0,1.96,-
Fri Sep 11 09:42:33 GMT+03:00 2026,11-sept.-2026 09:42:33.642,0.0,3.851496673539885,55.4,0.0,-1.47,2.37,8.32,-0.01,12.94,0.01,-,21,61.49,35.16,89,-,20.39,835.0,0.002,55.4,0.06,-,32,14.79,10.5,-,-,43.62,43.26,13.12,1709,0.06,0,1.96,-
Fri Sep 11 09:42:34 GMT+03:00 2026,11-sept.-2026 09:42:34.408,0.0,3.77205081956385,58.0,0.0,1.86,1.6,8.23,0.04,14.51,0.08,-,21,61.45,35.16,89,-,20.39,842.75,0.002,58,0.23,-,33,14.79,10.58,-,-,43.59,43.24,13.17,1710,0.23,0,1.57,-
Fri Sep 11 09:42:35 GMT+03:00 2026,11-sept.-2026 09:42:35.422,0.0,6.470810064988899,57.9,0.0,-0.87,3.47,9.1,-0.01,13.73,0.0,-,21,61.42,35.16,89,-,20.0,824.0,0.002,57.9,0.01,-,34,14.79,10.28,-,-,43.57,43.21,13.22,1711,0.01,0,1.57,-
Fri Sep 11 09:42:36 GMT+03:00 2026,11-sept.-2026 09:42:36.504,0.0,4.310648749970904,56.5,0.0,0.26,-0.02,11.51,-0.01,13.33,0.01,-,21,61.38,35.16,88,-,20.0,826.5,0.002,56.5,0.3,-,35,14.79,10.29,-,-,43.54,43.19,13.27,1712,0.3,0,1.57,-
Fri Sep 11 09:42:37 GMT+03:00 2026,11-sept.-2026 09:42:37.341,0.0,4.655274356801218,54.8,0.0,1.16,-0.03,10.71,0.02,14.12,0.01,-,21,61.34,35.51,88,-,19.61,851.75,0.002,54.8,0.11,-,36,15.23,10.99,-,-,43.51,43.16,13.33,1713,0.11,0,9.02,-
Fri Sep 11 09:42:38 GMT+03:00 2026,11-sept.-2026 09:42:38.797,1.3,3.0116278863704267,55.4,91.1391583304014,-0.51,4.54,9.92,0.11,14.51,0.1,-,21,61.31,35.16,88,2.73,35.29,975.5,0.005,55.4,0.03,3.66,37,16.1,12.17,-,-,43.55,43.13,13.32,1714,5.03,5,18.82,-
Fri Sep 11 09:42:39 GMT+03:00 2026,11-sept.-2026 09:42:39.603,2.6,2.1305014501889143,56.9,91.13915833505736,0.21,2.69,11.11,0.14,13.73,0.15,-,21,61.28,35.16,89,5.46,41.57,1106.0,0.009,56.9,0.89,7.32,38,17.11,14.99,-,-,43.58,43.11,13.31,1715,9.11,10,27.45,-
Fri Sep 11 09:42:40 GMT+03:00 2026,11-sept.-2026 09:42:40.475,3.9,2.0860423044994385,55.9,91.13915833701726,-1.09,4.02,9.93,0.15,13.73,0.14,-,21,61.25,35.51,88,8.21,37.65,1444.75,0.014,55.9,0.87,11,39,18.27,21.64,-,-,43.61,43.08,13.3,1716,14.87,14,27.06,-
Fri Sep 11 09:42:41 GMT+03:00 2026,11-sept.-2026 09:42:41.543,5.2,2.134829032281665,55.4,91.1391583304014,0.0,1.15,7.96,0.13,13.73,0.13,-,21,61.23,35.16,89,10.97,34.12,1940.0,0.02,55.4,0.45,14.71,40,19,31.12,-,-,43.65,43.06,13.29,1717,18.55,19,24.31,-
Fri Sep 11 09:42:42 GMT+03:00 2026,11-sept.-2026 09:42:42.720,6.5,2.118098841303504,57.3,91.1391583293545,-3.71,3.34,12.38,0.17,14.12,0.15,-,21,61.21,34.81,88,13.75,34.12,2433.5,0.025,57.3,0.96,18.44,41,19.87,41.27,-,-,43.68,43.03,13.29,1718,23.96,23,27.06,-
Fri Sep 11 09:42:43 GMT+03:00 2026,11-sept.-2026 09:42:43.508,7.8,1.4412477533319998,57.7,91.13915833130632,-1.44,2.94,12.12,0.15,14.12,0.14,-,21,61.19,35.16,89,16.56,45.49,1709.25,0.027,57.7,2.01,22.21,42,20.6,29.09,-,-,43.71,43.01,13.28,1719,30.01,28,30.98,-
Fri Sep 11 09:42:44 GMT+03:00 2026,11-sept.-2026 09:42:44.575,9.1,1.9152396421296995,55.8,91.1391583350408,-0.39,1.77,10.78,0.18,14.51,0.12,-,21,61.17,35.16,88,19.41,45.1,2008.25,0.032,55.8,0.16,26.02,44,21.18,35.67,-,-,43.75,42.98,13.27,1720,32.16,32,34.9,-
Fri Sep 11 09:42:45 GMT+03:00 2026,11-sept.-2026 09:42:45.556,10.4,2.522782305774822,55.3,91.13915833381758,-0.95,1.24,9.61,0.11,13.73,0.11,-,21,61.16,35.16,89,22.29,45.1,2306.0,0.037,55.3,0.05,29.89,45,21.76,42.55,-,-,43.78,42.96,13.26,1721,36.95,37,34.9,-
Fri Sep 11 09:42:46 GMT+03:00 2026,11-sept.-2026 09:42:46.472,11.7,1.5229460855162138,55.6,91.13915833102055,-0.71,3.86,11.39,0.08,14.51,0.08,-,21,61.14,35.16,89,25.21,45.49,2590.5,0.042,55.6,0.07,33.81,45,22.63,49.12,-,-,43.81,42.93,13.26,1722,41.93,42,40.0,-
Fri Sep 11 09:42:47 GMT+03:00 2026,11-sept.-2026 09:42:47.527,13.000000000000002,2.561974979946404,57.6,91.13915833205832,1.15,2.69,10.28,0.15,14.9,0.17,-,21,61.14,35.16,88,28.19,59.22,1891.0,0.042,57.6,0.96,37.8,46,23.35,50.83,-,-,43.85,42.91,13.25,1723,47.96,47,45.1,-
Fri Sep 11 09:42:48 GMT+03:00 2026,11-sept.-2026 09:42:48.623,14.300000000000002,1.5518669624439214,55.7,91.13915833141355,-0.77,2.65,9.35,0.13,14.9,0.14,-,21,61.13,35.16,88,31.22,59.61,2062.25,0.047,55.7,0.82,41.87,47,24.08,57.5,-,-,43.88,42.88,13.24,1724,51.82,51,50.59,-
Fri Sep 11 09:42:49 GMT+03:00 2026,11-sept.-2026 09:42:49.350,15.600000000000003,1.4116917911517282,56.9,91.13915833226376,1.23,2.04,9.54,0.13,14.9,0.17,-,21,61.13,35.16,88,34.31,60.0,2249.25,0.051,56.9,0.72,46.01,47,24.8,64.98,-,-,43.91,42.86,13.23,1725,56.72,56,50.98,-
Fri Sep 11 09:42:50 GMT+03:00 2026,11-sept.-2026 09:42:50.424,16.900000000000002,3.2204327307558382,55.5,91.13915833427676,2.43,1.69,8.95,0.1,14.12,0.07,-,21,61.13,35.51,88,37.47,60.0,2447.25,0.056,55.5,0.9,50.25,47,25.09,71.45,-,-,43.94,42.83,13.22,1726,60.1,61,51.76,-
Fri Sep 11 09:42:51 GMT+03:00 2026,11-sept.-2026 09:42:51.637,18.200000000000003,1.4392732473164689,54.7,91.13915833240398,-1.6,3.46,11.81,0.11,15.29,0.1,-,21,61.13,35.16,88,40.7,61.57,2635.75,0.06,54.7,0.59,54.58,48,25.82,78.78,-,-,43.98,42.81,13.22,1727,65.59,65,57.65,-
Fri Sep 11 09:42:52 GMT+03:00 2026,11-sept.-2026 09:42:52.275,19.500000000000004,2.124679361701102,55.3,91.1391583319033,1.3,0.42,9.42,0.07,15.69,0.09,-,21,61.13,35.16,88,44.01,76.86,2047.0,0.059,55.3,0.53,59.01,48,26.69,62.94,-,-,44.01,42.78,13.21,1728,70.53,70,63.92,-
Fri Sep 11 09:42:53 GMT+03:00 2026,11-sept.-2026 09:42:53.691,20.800000000000004,1.5337049822566462,56.7,91.13915833357214,-2.07,2.6,11.13,0.12,15.29,0.11,-,21,61.14,35.16,88,47.39,77.65,2163.75,0.063,56.7,1.64,63.56,48,27.56,68.87,-,-,44.04,42.76,13.2,1729,76.64,75,69.8,-
Fri Sep 11 09:42:54 GMT+03:00 2026,11-sept.-2026 09:42:54.711,22.100000000000005,2.0104237087435477,55.9,91.13915833206067,0.56,3.28,12.66,0.16,16.08,0.15,-,21,61.15,35.16,89,50.87,78.04,2315.5,0.068,55.9,1.33,68.22,48,28.43,76.3,-,-,44.07,42.73,13.19,1730,78.67,80,70.98,-
Fri Sep 11 09:42:55 GMT+03:00 2026,11-sept.-2026 09:42:55.502,23.40000000000001,2.9997880462351825,54.9,91.13915833137035,2.6,2.35,9.92,0.16,16.08,0.16,-,21,61.17,35.51,89,54.44,79.22,2424.25,0.072,54.9,0.03,73.01,48,27.99,78.88,-,-,44.05,42.77,13.19,1731,83.97,84,66.67,-
Fri Sep 11 09:42:56 GMT+03:00 2026,11-sept.-2026 09:42:56.271,24.38278876327321,1.8879158474411584,56.7,91.139158332499,-1.24,2.71,8.87,0.1,15.69,0.12,-,21,61.18,35.16,89,45.37,67.45,2539.0,0.065,56.7,0.61,60.85,48,25.82,76.11,-,-,44.02,42.8,13.18,1732,88.61,88,51.37,-
Fri Sep 11 09:42:57 GMT+03:00 2026,11-sept.-2026 09:42:57.426,24.444458002854148,1.434763854713296,54.3,91.13915833305666,-2.01,2.03,8.06,0.02,13.73,0.02,-,21,61.2,35.51,88,-,38.82,1624.75,0.019,54.3,0.1,-,47,24.66,32.41,-,-,44,42.83,13.17,1733,87.9,88,42.35,-
Fri Sep 11 09:42:58 GMT+03:00 2026,11-sept.-2026 09:42:58.532,24.786277715017267,3.4639407434788008,55.2,91.13915833282874,-0.19,1.88,8.36,0.1,14.9,0.1,-,21,61.21,35.16,89,22.02,57.25,1649.5,0.033,55.2,0.58,29.53,47,23.35,43.35,-,-,43.97,42.87,13.16,1734,89.58,89,37.25,-
Fri Sep 11 09:42:59 GMT+03:00 2026,11-sept.-2026 09:42:59.407,25.1019013875948,1.8260388429708876,56.3,91.13915833210832,-0.68,2.75,11.55,0.02,15.29,0.02,-,21,61.23,35.16,89,21.46,54.9,1676.75,0.031,56.3,0.87,28.78,47,22.63,30.92,-,-,43.95,42.9,13.15,1735,89.13,90,44.31,-
Fri Sep 11 09:43:00 GMT+03:00 2026,11-sept.-2026 09:43:00.436,25.463608182513266,1.62704697636952,54.0,91.13915833240256,-2.32,1.12,9.89,0.0,15.29,-0.03,-,21,61.25,35.16,89,23.76,57.25,1707.5,0.036,54,1.93,31.87,47,21.9,42.51,-,-,43.92,42.93,13.15,1736,92.93,91,32.55,-
Fri Sep 11 09:43:01 GMT+03:00 2026,11-sept.-2026 09:43:01.461,25.331036228199924,2.033516296375655,56.9,91.13915833254964,-0.41,2.06,9.54,0.02,12.94,0.03,-,21,61.27,35.16,89,-,26.27,1699.75,0.008,56.9,0.37,-,46,19.58,27.26,-,-,43.9,42.97,13.14,1737,91.37,91,19.22,-
Fri Sep 11 09:43:02 GMT+03:00 2026,11-sept.-2026 09:43:02.539,24.968867443508906,2.8178328381938518,55.4,91.1391583326282,0.12,0.77,9.71,0.01,13.33,0.03,-,21,61.28,35.16,89,-,12.16,1672.75,0.0,55.4,0.35,-,46,18.13,34.38,-,-,43.87,43,13.13,1738,89.65,90,7.84,-
Fri Sep 11 09:43:03 GMT+03:00 2026,11-sept.-2026 09:43:03.471,24.84995273386064,3.146897258179393,55.3,91.13915833248544,0.08,1.56,9.73,-0.07,13.73,-0.07,-,21,61.3,35.16,88,-,27.06,1657.75,0.009,55.3,0.28,-,46,18.13,24.49,-,-,43.84,43.03,13.12,1739,90.28,90,19.22,-
Fri Sep 11 09:43:04 GMT+03:00 2026,11-sept.-2026 09:43:04.603,25.206827312055815,1.9878570763153076,55.9,91.13915833221712,0.7,4.22,8.31,0.04,15.29,0.03,-,21,61.32,35.16,89,23.2,57.25,1692.5,0.035,55.9,0.54,31.11,45,19.29,37.1,-,-,43.82,43.06,13.12,1740,90.46,91,29.8,-
Fri Sep 11 09:43:05 GMT+03:00 2026,11-sept.-2026 09:43:05.752,25.393717163640545,3.269839800223276,55.4,91.13915833233236,-0.73,1.61,8.8,0.04,14.51,0.06,-,21,61.33,35.16,89,16.87,46.67,1697.25,0.028,55.4,1.8,22.62,44,20.16,28.12,-,-,43.79,43.1,13.11,1741,92.8,91,30.59,-
Fri Sep 11 09:43:06 GMT+03:00 2026,11-sept.-2026 09:43:06.655,25.31294129522437,2.0023587598924677,55.6,91.13915833207602,-1.23,3.47,9.33,0.04,13.73,0.02,-,21,61.35,35.16,89,-,29.41,1696.5,0.012,55.6,1.37,-,44,20.16,28.27,-,-,43.77,43.13,13.1,1742,92.37,91,19.61,-
Fri Sep 11 09:43:07 GMT+03:00 2026,11-sept.-2026 09:43:07.525,25.207230538093825,2.0321965552286763,55.5,91.13915833229191,-0.18,5.79,8.08,-0.01,14.12,0.0,-,21,61.37,34.81,89,-,27.84,1679.25,0.01,55.5,0.32,-,43,17.98,24.84,-,-,43.74,43.16,13.09,1743,90.32,90,9.41,-
Fri Sep 11 09:43:08 GMT+03:00 2026,11-sept.-2026 09:43:08.741,24.87523516976631,2.6529179294957626,53.2,91.1391583329187,-0.47,-0.17,10.95,-0.02,13.33,0.0,-,21,61.38,35.51,88,-,12.94,1648.75,0.0,53.2,0.33,-,42,17.98,34.04,-,-,43.72,43.2,13.09,1744,89.33,89,16.47,-
Fri Sep 11 09:43:09 GMT+03:00 2026,11-sept.-2026 09:43:09.318,25.094789312375664,2.373281012099481,55.0,91.13915833286492,-4.34,3.27,8.99,0.07,14.9,0.1,-,21,61.4,35.16,88,17.76,48.63,1679.0,0.026,55,1.33,23.82,41,18.42,25.69,-,-,43.69,43.23,13.08,1745,88.67,90,20.0,-
Fri Sep 11 09:43:10 GMT+03:00 2026,11-sept.-2026 09:43:10.715,25.13367545499341,1.9398472537115816,55.1,91.13915833236943,-1.64,1.2,12.14,-0.04,14.12,-0.06,-,21,61.42,35.16,89,-,37.25,1682.25,0.019,55.1,0.45,-,41,18.27,25.66,-,-,43.67,43.26,13.07,1746,91.45,91,22.75,-
Fri Sep 11 09:43:11 GMT+03:00 2026,11-sept.-2026 09:43:11.257,25.008305545661837,2.776368011955742,53.9,91.13915833299518,-0.29,1.78,7.34,-0.01,13.33,0.01,-,21,61.43,35.16,89,-,26.67,1671.75,0.009,53.9,1.28,-,40,19.73,27.4,-,-,43.64,43.29,13.06,1747,90.28,89,18.82,-
Fri Sep 11 09:43:12 GMT+03:00 2026,11-sept.-2026 09:43:12.615,25.066660023869737,2.03260954822499,53.4,91.13915833251107,1.65,0.66,10.39,-0.03,14.12,-0.02,-,21,61.45,35.16,88,-,38.43,1677.0,0.02,53.4,0.26,-,40,19.58,27.31,-,-,43.62,43.33,13.06,1748,90.26,90,21.96,-
Fri Sep 11 09:43:13 GMT+03:00 2026,11-sept.-2026 09:43:13.671,25.24243462735915,1.7739737382740648,53.7,91.13915833207248,-0.83,2.86,10.48,-0.02,14.12,-0.02,-,21,61.47,35.16,88,16.26,45.49,1699.75,0.027,53.7,0.63,21.8,40,20.74,29.35,-,-,43.59,43.36,13.05,1749,90.63,90,34.51,-
Fri Sep 11 09:43:14 GMT+03:00 2026,11-sept.-2026 09:43:14.304,25.639770880716775,1.8564199129976096,53.7,91.13915833252928,-0.38,0.84,9.06,0.07,15.29,0.06,-,21,61.49,35.16,89,25.42,60.0,1709.25,0.038,53.7,1.13,34.09,40,21.18,41.85,-,-,43.57,43.39,13.04,1750,91.87,93,32.55,-
Fri Sep 11 09:43:15 GMT+03:00 2026,11-sept.-2026 09:43:15.649,25.615341391441408,1.4999216984311363,53.1,91.13915833195566,-0.68,1.82,8.41,-0.04,13.73,-0.06,-,21,61.5,35.16,88,-,32.94,1722.0,0.016,53.1,0.87,-,40,21.03,30.25,-,-,43.54,43.43,13.03,1751,91.13,92,29.02,-
Fri Sep 11 09:43:16 GMT+03:00 2026,11-sept.-2026 09:43:16.425,25.64221603795275,1.7967599954905005,53.4,91.13915833222698,1.17,4.04,9.67,0.02,13.73,0.03,-,21,61.52,35.16,89,-,36.47,1709.75,0.019,53.4,0.5,-,40,20.6,29.35,-,-,43.52,43.46,13.03,1752,92.5,92,20.39,-
Fri Sep 11 09:43:17 GMT+03:00 2026,11-sept.-2026 09:43:17.608,25.67425934417899,2.4009887926439184,54.1,91.13915833357422,-1.81,-1.04,8.12,-0.03,14.12,-0.02,-,21,61.54,35.51,89,-,36.47,1721.0,0.02,54.1,0.92,-,40,19.29,27.64,-,-,43.49,43.49,13.02,1753,92.92,92,20.39,-
Fri Sep 11 09:43:18 GMT+03:00 2026,11-sept.-2026 09:43:18.708,25.64996508179032,2.3533275356650654,54.3,91.13915833263664,-0.69,0.89,9.31,-0.03,13.33,-0.03,-,21,61.56,35.16,88,-,32.94,1722.25,0.016,54.3,0.18,-,40,18.85,27.23,-,-,43.47,43.52,13.01,1754,91.82,92,17.25,-
Fri Sep 11 09:43:19 GMT+03:00 2026,11-sept.-2026 09:43:19.383,25.54509810802196,4.687265990522274,54.2,91.13915833118035,-1.28,-1.65,8.65,-0.05,13.73,-0.07,-,21,61.57,35.16,88,-,28.24,1709.75,0.011,54.2,0.34,-,40,20.16,28.75,-,-,43.44,43.56,13,1755,91.66,92,26.67,-
Fri Sep 11 09:43:20 GMT+03:00 2026,11-sept.-2026 09:43:20.743,25.963263574713245,2.6270992164378906,54.0,91.1391583329656,0.58,3.15,10.08,0.02,15.69,0.05,-,21,61.59,34.81,88,26.75,60.78,1732.0,0.039,54,0.85,35.87,40,19.44,39.09,-,-,43.42,43.59,13,1756,93.15,94,23.53,-
Fri Sep 11 09:43:21 GMT+03:00 2026,11-sept.-2026 09:43:21.421,25.80559459410407,2.260447356840672,52.6,91.13915833346331,-1.13,1.82,10.68,0.06,14.12,0.09,-,21,61.61,35.51,89,-,25.1,1719.25,0.007,52.6,0.69,-,40,18.27,26.29,-,-,43.39,43.62,12.99,1757,92.31,93,20.0,-
Fri Sep 11 09:43:22 GMT+03:00 2026,11-sept.-2026 09:43:22.488,25.393121658508942,1.764276606233828,53.4,91.1391583319967,-1.42,4.53,10.15,-0.05,12.55,-0.06,-,21,61.63,35.16,89,-,10.59,1705.75,0.0,53.4,0.34,-,40,19.14,37.88,-,-,43.37,43.65,12.98,1758,91.34,91,13.33,-
Fri Sep 11 09:43:23 GMT+03:00 2026,11-sept.-2026 09:43:23.405,25.53301276396686,2.524067596908149,53.3,91.1391583322582,1.73,2.15,8.2,-0.01,14.12,-0.05,-,21,61.65,35.16,89,15.2,43.53,1707.0,0.025,53.3,0.37,20.38,41,18.42,26.3,-,-,43.34,43.69,12.97,1759,92.37,92,21.57,-
Fri Sep 11 09:43:24 GMT+03:00 2026,11-sept.-2026 09:43:24.391,25.720474066912747,1.7480662304994383,52.1,91.13915833287255,-2.35,2.9,7.6,-0.04,13.73,-0.03,-,21,61.66,35.16,89,17.29,46.27,1721.0,0.028,52.1,1.14,23.18,40,19.87,28.6,-,-,43.32,43.72,12.97,1760,91.86,93,33.33,-
Fri Sep 11 09:43:25 GMT+03:00 2026,11-sept.-2026 09:43:25.463,25.97245460459274,1.760898342787798,54.2,91.13915833278384,1.31,2.46,8.86,0.06,14.9,0.07,-,21,61.68,35.16,88,20.16,50.59,1736.0,0.031,54.2,1.0,27.04,40,20.89,30.41,-,-,43.29,43.75,12.96,1761,94.0,93,29.02,-
Fri Sep 11 09:43:26 GMT+03:00 2026,11-sept.-2026 09:43:26.725,25.923490415825544,1.5369347470326526,52.3,91.1391583324788,1.16,1.43,10.32,-0.02,13.33,-0.01,-,21,61.7,35.16,89,-,31.76,1731.75,0.015,52.3,1.73,-,40,19.44,28.26,-,-,43.27,43.78,12.95,1762,94.73,93,19.22,-
Fri Sep 11 09:43:27 GMT+03:00 2026,11-sept.-2026 09:43:27.674,25.69246452442686,2.060100047591354,51.9,91.13915833192286,-1.86,3.43,8.87,-0.06,12.94,-0.08,-,21,61.72,35.16,88,-,20.39,1705.75,0.002,51.9,0.87,-,40,20.02,28.45,-,-,43.24,43.81,12.94,1763,93.87,93,21.18,-
Fri Sep 11 09:43:28 GMT+03:00 2026,11-sept.-2026 09:43:28.725,26.03412455153624,2.1082066726211943,53.5,91.13915833226184,0.2,2.16,8.78,0.05,14.51,0.04,-,21,61.74,35.16,88,23.82,56.08,1742.25,0.036,53.5,0.42,31.94,40,19.44,39.32,-,-,43.22,43.85,12.94,1764,93.58,94,23.92,-
Fri Sep 11 09:43:29 GMT+03:00 2026,11-sept.-2026 09:43:29.619,26.101138063993623,1.668204976261177,51.9,91.13915833243524,-0.45,1.71,7.38,0.01,14.12,0.02,-,21,61.75,35.16,88,-,38.82,1759.0,0.022,51.9,1.01,-,40,18.71,27.58,-,-,43.19,43.88,12.93,1765,92.99,94,24.31,-
Fri Sep 11 09:43:30 GMT+03:00 2026,11-sept.-2026 09:43:30.320,25.883575586976377,2.1378097518024046,51.9,91.13915833262908,2.77,2.82,9.08,-0.01,12.55,-0.01,-,21,61.77,35.16,89,-,21.18,1719.5,0.003,51.9,0.2,-,40,19,27.34,-,-,43.17,43.91,12.92,1766,92.8,93,12.55,-
Fri Sep 11 09:43:31 GMT+03:00 2026,11-sept.-2026 09:43:31.327,25.719221410420587,2.6072258793993943,52.3,91.13915833271098,-0.92,3.1,9.98,-0.06,13.33,-0.05,-,21,61.79,35.16,88,-,24.31,1733.5,0.007,52.3,0.32,-,40,18.13,26.3,-,-,43.14,43.94,12.91,1767,91.68,92,12.16,-
Fri Sep 11 09:43:32 GMT+03:00 2026,11-sept.-2026 09:43:32.664,25.773645052050725,2.0607100238075864,52.5,91.13915833203502,-0.12,-0.64,10.97,-0.02,14.12,0.04,-,21,61.81,35.16,89,-,38.43,1716.75,0.021,52.5,0.32,-,40,18.42,26.38,-,-,43.12,43.97,12.91,1768,92.68,93,20.39,-
Fri Sep 11 09:43:33 GMT+03:00 2026,11-sept.-2026 09:43:33.363,25.919452780478547,2.4202470011414365,52.3,91.1391583325482,1.81,1.69,9.06,0.06,13.73,0.11,-,21,61.83,35.16,88,15.88,43.53,1743.75,0.027,52.3,0.14,21.29,40,17.98,26.34,-,-,43.09,44.01,12.9,1769,93.14,93,18.04,-
Fri Sep 11 09:43:34 GMT+03:00 2026,11-sept.-2026 09:43:34.570,25.32733108660117,2.091937946507151,51.0,91.1391583324472,-1.22,2.96,10.68,-0.07,12.94,-0.08,-,21,61.84,35.16,88,-,11.37,1695.5,0.0,51,0.83,-,40,19.73,38.69,-,-,43.07,44.04,12.89,1770,91.83,91,24.31,-
Fri Sep 11 09:43:35 GMT+03:00 2026,11-sept.-2026 09:43:35.377,25.653507191410995,1.8178999489241876,52.9,91.1391583325921,0.26,2.32,9.75,0.01,14.51,0.01,-,21,61.86,35.51,88,22.65,54.9,1721.75,0.028,52.9,0.8,30.37,40,19.58,28.27,-,-,43.04,44.07,12.88,1771,91.2,92,21.96,-
Fri Sep 11 09:43:36 GMT+03:00 2026,11-sept.-2026 09:43:36.438,25.69182267556053,1.809249162279228,52.5,91.13915833285616,-1.17,5.4,9.54,0.02,14.51,0.05,-,21,61.88,35.16,88,-,36.86,1725.75,0.02,52.5,1.6,-,40,19.14,27.61,-,-,43.02,44.1,12.88,1772,91.4,93,27.84,-
Fri Sep 11 09:43:37 GMT+03:00 2026,11-sept.-2026 09:43:37.779,25.68713898272537,2.97750007024938,53.0,91.13915833245358,-1.35,2.63,8.67,-0.04,12.94,-0.06,-,21,61.89,35.16,89,-,34.51,1722.0,0.017,53,0.95,-,40,19.44,27.93,-,-,43,44.13,12.87,1773,92.95,92,14.9,-
Fri Sep 11 09:43:38 GMT+03:00 2026,11-sept.-2026 09:43:38.460,25.42551748553575,2.0421068698834017,51.3,91.13915833239652,1.59,3.33,10.91,-0.01,13.33,-0.01,-,21,61.91,35.16,88,-,20.39,1703.5,0.002,51.3,0.26,-,39,18.85,26.89,-,-,42.97,44.17,12.86,1774,91.26,91,18.04,-
Fri Sep 11 09:43:39 GMT+03:00 2026,11-sept.-2026 09:43:39.575,25.58158689966015,3.214775684025275,52.6,91.13915833286944,0.93,1.18,7.79,0.04,14.12,0.08,-,21,61.93,35.16,88,15.89,44.71,1701.0,0.026,52.6,0.38,21.31,40,19.14,27.23,-,-,42.95,44.2,12.86,1775,91.62,92,21.18,-
Fri Sep 11 09:43:40 GMT+03:00 2026,11-sept.-2026 09:43:40.693,25.70422245532189,2.057959615223917,52.5,91.13915833274233,-0.97,0.14,10.57,0.03,14.51,-0.01,-,21,61.95,35.16,89,14.72,42.35,1727.5,0.025,52.5,0.12,19.74,39,19.44,28.2,-,-,42.92,44.23,12.85,1776,93.12,93,28.24,-
Fri Sep 11 09:43:41 GMT+03:00 2026,11-sept.-2026 09:43:41.747,25.796211237727228,1.852607473936271,52.8,91.13915833150888,0.85,3.66,9.6,0.03,13.73,0.05,-,21,61.96,35.16,88,-,40.39,1734.5,0.023,52.8,0.2,-,40,19.44,28.31,-,-,42.9,44.26,12.84,1777,93.2,93,19.22,-
Fri Sep 11 09:43:42 GMT+03:00 2026,11-sept.-2026 09:43:42.259,25.50194251389044,2.9487438617644948,52.2,91.1391583322823,-0.48,5.78,9.58,-0.01,13.73,0.02,-,21,61.98,34.81,89,-,20.39,1695.25,0.002,52.2,0.88,-,40,18.71,26.51,-,-,42.87,44.29,12.83,1778,91.12,92,15.29,-
Fri Sep 11 09:43:43 GMT+03:00 2026,11-sept.-2026 09:43:43.638,25.44822774817088,1.8621387539206176,51.8,91.13915833260586,0.76,2.3,12.49,-0.02,13.33,-0.01,-,21,62.0,35.16,89,-,31.37,1703.0,0.014,51.8,1.53,-,40,18.27,26.05,-,-,42.85,44.32,12.83,1779,92.53,91,12.94,-
Fri Sep 11 09:43:44 GMT+03:00 2026,11-sept.-2026 09:43:44.665,25.44267822605865,1.7544726750389277,51.8,91.13915833186128,0.31,3.5,10.85,0.01,13.33,0.03,-,21,62.01,35.16,88,-,34.51,1693.75,0.017,51.8,1.11,-,40,17.4,24.65,-,-,42.82,44.36,12.82,1780,93.11,92,14.9,-
Fri Sep 11 09:43:45 GMT+03:00 2026,11-sept.-2026 09:43:45.358,25.300262812893564,1.6086897544174703,51.5,91.13915833264367,-0.42,3.22,8.8,0.0,12.94,-0.01,-,21,62.03,35.16,88,-,25.49,1682.75,0.008,51.5,0.58,-,40,19.58,27.45,-,-,42.8,44.39,12.81,1781,91.58,91,24.71,-
Fri Sep 11 09:43:46 GMT+03:00 2026,11-sept.-2026 09:43:46.737,25.670370297835017,1.911780374324889,52.1,91.13915833276224,-0.04,1.08,8.88,0.08,14.9,0.11,-,21,62.05,35.16,89,24.4,57.25,1734.0,0.037,52.1,0.77,32.72,40,19.58,39.59,-,-,42.78,44.42,12.8,1782,92.23,93,23.92,-
Fri Sep 11 09:43:47 GMT+03:00 2026,11-sept.-2026 09:43:47.706,25.631523203213938,2.478043580014435,52.1,91.1391583325364,-1.57,2.56,7.3,0.0,13.73,0.02,-,21,62.06,35.16,89,-,32.16,1714.5,0.015,52.1,0.04,-,40,18.42,26.4,-,-,42.75,44.45,12.8,1783,93.04,93,21.18,-
Fri Sep 11 09:43:48 GMT+03:00 2026,11-sept.-2026 09:43:48.692,24.963019901788225,1.5896338969077024,51.1,91.139158333229,-1.84,1.83,10.11,-0.08,12.94,-0.11,-,21,62.08,35.51,88,-,12.16,1663.75,0.0,51.1,0.16,-,40,19.14,36.77,-,-,42.73,44.48,12.79,1784,89.84,90,14.12,-
Fri Sep 11 09:43:49 GMT+03:00 2026,11-sept.-2026 09:43:49.766,25.010176552433563,2.6513311312751155,52.5,91.13915833209217,4.05,1.61,8.78,0.05,14.12,0.05,-,21,62.1,35.16,89,-,37.65,1670.25,0.019,52.5,0.46,-,40,18.27,25.43,-,-,42.7,44.51,12.78,1785,89.46,89,16.86,-
Fri Sep 11 09:43:50 GMT+03:00 2026,11-sept.-2026 09:43:50.514,25.10636859866054,3.4814855468892576,51.2,91.13915833157046,-1.13,3.0,8.51,-0.09,14.12,-0.11,-,21,62.11,35.51,89,-,40.39,1686.75,0.022,51.2,1.51,-,40,18.13,25.53,-,-,42.68,44.54,12.78,1786,91.51,90,21.18,-
Fri Sep 11 09:43:51 GMT+03:00 2026,11-sept.-2026 09:43:51.671,25.03765616987789,1.4370663908180394,49.2,90.44086884674458,-1.47,4.37,10.72,0.02,13.73,0.02,-,21,62.13,35.16,89,-,30.2,1673.5,0.012,49.2,0.33,-,40,21.18,29.52,-,-,42.66,44.58,12.77,1787,89.67,90,34.12,-
Fri Sep 11 09:43:52 GMT+03:00 2026,11-sept.-2026 09:43:52.268,25.62944446443562,1.6578755318425102,50.5,88.64813661953093,-2.46,1.51,10.26,0.05,14.9,0.05,-,21,62.15,34.81,89,33.03,71.76,1714.5,0.04,50.5,0.29,44.29,40,19.87,39.46,-,-,42.63,44.61,12.76,1788,91.71,92,25.88,-
Fri Sep 11 09:43:53 GMT+03:00 2026,11-sept.-2026 09:43:53.446,24.974960028753827,2.255271911408774,51.3,87.5093327820988,3.05,1.18,9.33,-0.09,12.94,-0.09,-,21,62.16,35.16,88,-,9.02,1671.0,0.0,51.3,0.03,-,40,21.03,40.68,-,-,42.61,44.64,12.75,1789,89.03,89,39.22,-
Fri Sep 11 09:43:54 GMT+03:00 2026,11-sept.-2026 09:43:54.547,25.475320400000523,1.5140212674029678,51.8,87.50933278234719,-0.5,3.88,9.55,0.07,15.69,0.06,-,21,62.18,35.16,89,29.18,66.27,1707.25,0.042,51.8,0.72,39.14,39,21.18,42.14,-,-,42.58,44.67,12.75,1790,91.28,92,25.1,-
Fri Sep 11 09:43:55 GMT+03:00 2026,11-sept.-2026 09:43:55.507,25.45874709554261,1.950391494837408,52.3,87.50933278225186,0.76,2.52,8.82,-0.01,13.73,-0.01,-,21,62.19,35.16,89,-,33.73,1702.75,0.016,52.3,0.24,-,39,18.42,26.32,-,-,42.56,44.7,12.74,1791,91.76,92,25.88,-
Fri Sep 11 09:43:56 GMT+03:00 2026,11-sept.-2026 09:43:56.761,25.16052491329757,2.007520699720123,48.5,87.50933278147731,-0.36,5.3,10.69,-0.05,12.94,-0.06,-,21,62.21,35.16,89,-,20.39,1677.25,0.002,48.5,0.09,-,39,18.56,25.93,-,-,42.54,44.73,12.73,1792,89.91,90,8.24,-
Fri Sep 11 09:43:57 GMT+03:00 2026,11-sept.-2026 09:43:57.473,24.72697197908151,2.1700183177359205,50.0,87.50933278173098,-2.71,2.66,10.45,-0.06,12.94,-0.05,-,21,62.23,35.16,89,-,10.59,1655.75,0.0,50,0.58,-,39,17.55,33.72,-,-,42.51,44.76,12.73,1793,89.58,89,12.94,-
Fri Sep 11 09:43:58 GMT+03:00 2026,11-sept.-2026 09:43:58.332,24.920843768471983,1.7848245948917612,51.8,87.50933278183166,1.75,2.27,9.53,-0.03,14.51,-0.02,-,21,62.24,35.51,89,16.57,47.06,1670.25,0.026,51.8,1.34,22.22,39,18.27,25.49,-,-,42.49,44.79,12.72,1794,91.34,90,22.75,-
Fri Sep 11 09:43:59 GMT+03:00 2026,11-sept.-2026 09:43:59.524,25.1145997534254,1.7855655359507874,50.7,87.50933278194458,0.16,-0.43,8.07,0.01,14.12,0.0,-,21,62.26,35.16,89,16.8,46.67,1692.5,0.026,50.7,0.19,22.53,39,18.42,26.08,-,-,42.46,44.83,12.71,1795,90.81,91,23.92,-
Fri Sep 11 09:44:00 GMT+03:00 2026,11-sept.-2026 09:44:00.637,24.918794745450278,1.669027711200765,51.0,87.50933278250899,1.83,1.15,8.04,-0.02,12.94,-0.04,-,21,62.27,35.16,89,-,21.96,1661.75,0.003,51,0.66,-,39,20.31,28.15,-,-,42.44,44.86,12.7,1796,90.66,90,24.71,-
Fri Sep 11 09:44:01 GMT+03:00 2026,11-sept.-2026 09:44:01.504,25.134821256551746,1.6501774860947278,50.6,87.50933278153657,1.1,3.04,8.65,0.04,14.51,0.01,-,21,62.29,35.16,88,17.68,49.02,1667.75,0.027,50.6,0.3,23.71,39,19.44,26.96,-,-,42.42,44.89,12.7,1797,89.7,90,18.43,-
Fri Sep 11 09:44:02 GMT+03:00 2026,11-sept.-2026 09:44:02.451,25.0539550395005,1.4165967286613343,51.2,87.50933278104488,1.08,3.2,9.64,-0.07,12.94,-0.08,-,21,62.3,34.81,89,-,29.41,1666.25,0.012,51.2,0.42,-,39,19.14,26.63,-,-,42.39,44.92,12.69,1798,89.58,90,25.88,-
Fri Sep 11 09:44:03 GMT+03:00 2026,11-sept.-2026 09:44:03.368,25.17918031928833,2.1138033512785293,50.0,87.50933278224073,0.63,0.36,8.51,0.02,14.12,0.03,-,21,62.32,35.16,89,14.23,42.75,1685.75,0.024,50,0.84,19.09,39,19,26.81,-,-,42.37,44.95,12.68,1799,90.84,90,15.29,-
Fri Sep 11 09:44:04 GMT+03:00 2026,11-sept.-2026 09:44:04.762,24.90289500910827,2.0076834515569493,50.9,87.50933278290697,2.1,0.59,8.85,-0.03,12.16,-0.03,-,21,62.33,35.16,88,-,20.39,1650.25,0.002,50.9,0.31,-,39,18.56,25.61,-,-,42.34,44.98,12.68,1800,89.31,89,19.61,-
Fri Sep 11 09:44:05 GMT+03:00 2026,11-sept.-2026 09:44:05.421,24.995255627524536,2.060058686658685,50.3,87.5093327826526,-2.95,5.35,7.57,-0.01,14.12,0.0,-,21,62.35,35.16,89,-,40.39,1671.5,0.022,50.3,0.38,-,39,18.42,25.74,-,-,42.32,45.01,12.67,1801,89.62,90,13.73,-
Fri Sep 11 09:44:06 GMT+03:00 2026,11-sept.-2026 09:44:06.491,24.8726328057223,2.271761243752899,49.0,87.50933278174529,1.01,2.99,9.3,-0.04,13.73,0.0,-,21,62.37,35.16,89,-,26.67,1670.75,0.009,49,0.09,-,39,17.69,24.71,-,-,42.3,45.04,12.66,1802,88.91,89,16.86,-
Fri Sep 11 09:44:07 GMT+03:00 2026,11-sept.-2026 09:44:07.798,24.793408721844163,2.3174195132885225,49.9,87.50933278119093,2.55,3.64,7.15,-0.08,13.33,-0.13,-,21,62.38,35.16,89,-,29.41,1658.0,0.011,49.9,1.6,-,39,19,26.27,-,-,42.27,45.07,12.65,1803,88.4,90,16.86,-
Fri Sep 11 09:44:08 GMT+03:00 2026,11-sept.-2026 09:44:08.649,24.88753759514404,3.631162774272994,50.0,87.50933278222955,-2.91,2.63,9.63,0.02,13.33,0.05,-,21,62.4,35.16,89,-,40.78,1660.75,0.022,50,1.68,-,39,17.69,24.56,-,-,42.25,45.1,12.65,1804,90.68,89,14.9,-
Fri Sep 11 09:44:09 GMT+03:00 2026,11-sept.-2026 09:44:09.362,24.625805284823016,3.372594922307933,49.7,87.50933278200148,2.42,1.42,8.55,-0.04,12.55,-0.05,-,21,62.41,35.51,89,-,20.39,1650.75,0.002,49.7,0.48,-,39,18.13,25.05,-,-,42.23,45.13,12.64,1805,88.52,89,16.47,-
Fri Sep 11 09:44:10 GMT+03:00 2026,11-sept.-2026 09:44:10.583,24.63008225910343,1.9563297837394056,50.2,87.50933278220357,0.97,3.86,9.63,0.04,13.33,0.03,-,21,62.43,34.81,89,-,34.51,1655.0,0.016,50.2,0.35,-,39,17.55,24.24,-,-,42.2,45.16,12.63,1806,89.35,89,9.02,-
Fri Sep 11 09:44:11 GMT+03:00 2026,11-sept.-2026 09:44:11.625,24.33815900683628,1.4402572992971383,49.2,87.50933278264887,-1.44,1.52,10.44,-0.09,13.73,-0.09,-,21,62.44,35.16,89,-,20.39,1623.5,0.002,49.2,0.23,-,39,18.56,25.07,-,-,42.18,45.2,12.63,1807,88.23,88,24.71,-
Fri Sep 11 09:44:12 GMT+03:00 2026,11-sept.-2026 09:44:12.327,24.760951193954774,1.9277991197498212,49.4,87.50933278168732,-1.41,4.77,9.14,0.1,14.9,0.11,-,21,62.45,35.16,89,25.06,61.96,1658.25,0.037,49.4,0.13,33.6,39,19.29,37.15,-,-,42.16,45.23,12.62,1808,89.13,89,23.53,-
Fri Sep 11 09:44:13 GMT+03:00 2026,11-sept.-2026 09:44:13.394,24.7163497762472,1.508922222915093,50.4,87.50933278127428,1.89,0.52,10.63,-0.03,13.33,-0.02,-,21,62.47,35.51,89,-,31.37,1662.5,0.013,50.4,0.06,-,38,19.73,27.35,-,-,42.13,45.26,12.61,1809,88.94,89,30.98,-
Fri Sep 11 09:44:14 GMT+03:00 2026,11-sept.-2026 09:44:14.403,24.825718600191877,1.9459165192607992,49.6,87.50933278147146,0.66,2.04,9.5,-0.01,14.12,-0.01,-,21,62.48,35.16,89,-,41.18,1676.25,0.023,49.6,0.06,-,38,19.44,27.26,-,-,42.11,45.29,12.6,1810,89.06,89,14.9,-
Fri Sep 11 09:44:15 GMT+03:00 2026,11-sept.-2026 09:44:15.723,24.478971828538963,2.4597311212758224,50.3,87.50933278273976,-1.3,2.38,11.3,-0.02,11.76,0.0,-,21,62.5,35.16,89,-,12.55,1639.25,0.0,50.3,0.82,-,39,17.4,33.16,-,-,42.08,45.32,12.6,1811,88.82,88,12.16,-
Fri Sep 11 09:44:16 GMT+03:00 2026,11-sept.-2026 09:44:16.414,24.326727109743786,2.0009316650651643,50.2,87.50933278320383,-0.24,1.54,10.21,0.0,12.94,0.0,-,21,62.51,35.51,89,-,24.31,1625.5,0.006,50.2,0.17,-,39,17.98,24.39,-,-,42.06,45.35,12.59,1812,86.83,87,12.55,-
Fri Sep 11 09:44:17 GMT+03:00 2026,11-sept.-2026 09:44:17.278,24.438930427821017,2.3187187753036715,49.1,87.50933278131126,-2.4,1.14,9.09,0.09,14.12,0.09,-,21,62.53,35.16,89,-,41.57,1638.25,0.022,49.1,0.55,-,39,18.42,25.13,-,-,42.04,45.38,12.58,1813,88.55,88,23.92,-
Fri Sep 11 09:44:18 GMT+03:00 2026,11-sept.-2026 09:44:18.791,24.669137094428702,1.6605421398111078,48.2,87.50933278144117,-2.08,2.05,9.15,-0.01,14.12,-0.03,-,21,62.54,35.51,89,17.65,49.41,1656.0,0.026,48.2,1.46,23.66,39,18.85,25.98,-,-,42.01,45.41,12.58,1814,87.54,89,23.14,-
Fri Sep 11 09:44:19 GMT+03:00 2026,11-sept.-2026 09:44:19.750,24.483669090079506,4.529835855073456,48.8,87.50933278279707,-3.14,4.0,10.02,-0.05,13.33,-0.07,-,21,62.56,35.16,88,-,22.35,1649.75,0.004,48.8,0.93,-,39,18.85,26.01,-,-,41.99,45.44,12.57,1815,88.07,89,17.25,-
Fri Sep 11 09:44:20 GMT+03:00 2026,11-sept.-2026 09:44:20.300,24.35621900263752,2.153498755806277,49.4,87.50933278198718,-0.12,0.99,11.0,-0.03,13.73,-0.01,-,21,62.57,35.16,89,-,25.88,1636.25,0.008,49.4,0.15,-,39,19.87,27.12,-,-,41.97,45.47,12.56,1816,88.15,88,22.35,-
Fri Sep 11 09:44:21 GMT+03:00 2026,11-sept.-2026 09:44:21.749,24.78798562811962,2.984026119052727,49.3,87.50933278144286,-3.55,1.33,11.21,0.03,15.29,0.04,-,21,62.58,35.51,88,25.44,62.35,1661.0,0.035,49.3,0.63,34.11,39,18.27,35.04,-,-,41.94,45.5,12.56,1817,89.63,89,21.57,-
Fri Sep 11 09:44:22 GMT+03:00 2026,11-sept.-2026 09:44:22.431,24.52196352680144,1.6756299701318569,50.7,87.50933278165547,0.04,3.07,11.58,-0.03,13.73,-0.02,-,21,62.6,35.16,89,-,20.39,1647.25,0.002,50.7,1.16,-,39,18.71,25.63,-,-,41.92,45.53,12.55,1818,87.84,89,22.75,-
Fri Sep 11 09:44:23 GMT+03:00 2026,11-sept.-2026 09:44:23.274,24.442176479017885,3.3680077953470997,50.6,87.50933278230674,-1.11,3.97,9.63,0.02,13.73,0.03,-,21,62.61,35.16,88,-,29.02,1635.25,0.011,50.6,0.06,-,39,18.27,24.84,-,-,41.9,45.56,12.54,1819,87.94,88,7.06,-
Fri Sep 11 09:44:24 GMT+03:00 2026,11-sept.-2026 09:44:24.384,24.201466597746997,1.4168139971761329,47.4,87.50933278162444,-0.36,1.22,11.4,0.0,13.33,0.04,-,21,62.63,35.16,89,-,20.39,1632.5,0.002,47.4,0.28,-,39,17.69,24.04,-,-,41.87,45.59,12.53,1820,87.28,87,18.43,-
Fri Sep 11 09:44:25 GMT+03:00 2026,11-sept.-2026 09:44:25.617,24.453965744694468,1.8432168379467304,49.1,87.50933278172585,0.31,2.2,10.51,0.03,14.9,0.02,-,21,62.64,35.16,89,18.22,50.59,1649.0,0.025,49.1,0.12,24.43,39,17.69,24.34,-,-,41.85,45.62,12.53,1821,87.88,88,15.29,-
Fri Sep 11 09:44:26 GMT+03:00 2026,11-sept.-2026 09:44:26.252,24.16159274254293,1.9190551034429064,49.4,87.50933278258188,2.31,3.73,8.78,0.01,12.16,-0.01,-,21,62.65,35.16,89,-,20.39,1602.5,0.002,49.4,0.89,-,39,19.29,25.61,-,-,41.83,45.65,12.52,1822,87.89,87,29.8,-
Fri Sep 11 09:44:27 GMT+03:00 2026,11-sept.-2026 09:44:27.353,24.54033742605559,1.8553707642345665,49.3,87.50933278201609,-0.75,2.48,8.11,0.09,15.29,0.09,-,21,62.67,34.81,89,23.07,59.61,1634.5,0.034,49.3,0.35,30.93,39,19.73,37.22,-,-,41.81,45.68,12.51,1823,88.35,88,20.78,-
Fri Sep 11 09:44:28 GMT+03:00 2026,11-sept.-2026 09:44:28.384,24.416714010703476,2.117973534181696,48.8,87.50933278197282,-1.58,0.09,8.19,0.02,13.33,0.04,-,21,62.68,35.16,89,-,26.27,1629.5,0.008,48.8,0.2,-,39,19.58,26.56,-,-,41.78,45.71,12.51,1824,87.8,88,31.37,-
Fri Sep 11 09:44:29 GMT+03:00 2026,11-sept.-2026 09:44:29.659,24.636518246364485,1.810845612024462,47.9,87.50933278214515,0.76,2.84,9.38,0.06,14.51,0.09,-,21,62.7,35.16,89,17.21,48.63,1657.25,0.028,47.9,1.28,23.09,39,20.16,27.85,-,-,41.76,45.74,12.5,1825,87.72,89,19.22,-
Fri Sep 11 09:44:30 GMT+03:00 2026,11-sept.-2026 09:44:30.281,24.542573298441628,1.6181910878428885,47.5,87.50933278223134,-0.12,1.94,10.14,0.0,12.94,0.01,-,21,62.71,35.16,89,-,28.24,1649.25,0.01,47.5,1.69,-,39,19.29,26.41,-,-,41.74,45.77,12.49,1826,87.31,89,24.71,-
Fri Sep 11 09:44:31 GMT+03:00 2026,11-sept.-2026 09:44:31.667,24.631117898866524,3.4970115375333943,48.4,87.50933278141235,0.19,-0.54,9.4,-0.03,13.73,-0.05,-,21,62.72,35.16,89,-,40.39,1644.75,0.021,48.4,2.37,-,40,19.29,26.36,-,-,41.71,45.8,12.49,1827,86.63,89,16.47,-
Fri Sep 11 09:44:32 GMT+03:00 2026,11-sept.-2026 09:44:32.774,24.5148064373018,1.9739908734301808,46.0,87.50933278151257,0.96,3.11,9.94,-0.02,13.33,-0.03,-,21,62.74,35.16,89,-,26.67,1653.0,0.009,46,0.98,-,40,18.85,25.89,-,-,41.69,45.83,12.48,1828,88.98,88,20.78,-
Fri Sep 11 09:44:33 GMT+03:00 2026,11-sept.-2026 09:44:33.566,24.59105648544073,2.1509780774889737,46.7,87.50933278184364,1.36,2.32,11.25,0.04,14.12,0.06,-,21,62.75,35.16,89,-,39.61,1638.5,0.02,46.7,0.52,-,40,19.29,26.26,-,-,41.67,45.86,12.47,1829,88.52,88,19.22,-
Fri Sep 11 09:44:34 GMT+03:00 2026,11-sept.-2026 09:44:34.577,24.61715182212037,2.020399777697399,47.2,87.50933278137705,-1.95,0.18,9.7,0.03,13.73,0.07,-,21,62.77,35.16,89,-,36.08,1645.75,0.018,47.2,0.08,-,40,17.84,24.33,-,-,41.64,45.89,12.47,1830,89.08,89,16.08,-
Fri Sep 11 09:44:35 GMT+03:00 2026,11-sept.-2026 09:44:35.766,23.987637431001385,2.039675582100684,49.5,87.50933278207535,-1.87,2.3,11.41,-0.11,13.33,-0.11,-,21,62.78,35.16,89,-,11.76,1607.25,0.0,49.5,1.56,-,40,19,35.22,-,-,41.62,45.92,12.46,1831,85.44,87,20.0,-
Fri Sep 11 09:44:36 GMT+03:00 2026,11-sept.-2026 09:44:36.686,24.226401291921796,1.6190248633578552,47.1,87.50933278312283,-1.26,2.16,8.8,0.02,14.9,0.03,-,21,62.79,35.16,89,17.43,50.59,1617.75,0.026,47.1,0.1,23.37,40,19,25.46,-,-,41.6,45.95,12.45,1832,87.1,87,20.78,-
Fri Sep 11 09:44:37 GMT+03:00 2026,11-sept.-2026 09:44:37.700,24.289361510316105,3.354295326018476,49.2,87.50933278260156,-1.16,1.09,10.61,0.04,13.73,0.03,-,21,62.81,35.16,89,-,38.43,1635.5,0.019,49.2,0.79,-,40,17.98,24.38,-,-,41.57,45.98,12.44,1833,87.21,88,21.57,-
Fri Sep 11 09:44:38 GMT+03:00 2026,11-sept.-2026 09:44:38.472,24.01175647491404,2.203426971440824,45.4,87.50933278132598,0.39,-0.99,8.09,-0.03,12.94,-0.04,-,21,62.82,35.16,89,-,20.39,1606.25,0.002,45.4,0.93,-,40,19.14,25.51,-,-,41.55,46.01,12.44,1834,86.93,86,16.08,-
Fri Sep 11 09:44:39 GMT+03:00 2026,11-sept.-2026 09:44:39.508,24.03104435190592,1.7187246671572958,49.2,87.50933278182612,1.09,1.59,10.13,-0.02,14.12,0.02,-,21,62.83,35.16,89,-,35.69,1605.0,0.016,49.2,1.45,-,40,18.71,24.82,-,-,41.53,46.04,12.43,1835,87.45,86,16.86,-
Fri Sep 11 09:44:40 GMT+03:00 2026,11-sept.-2026 09:44:40.251,24.11531021809797,2.2920671917494344,47.8,87.5093327824689,-1.69,0.4,9.92,-0.02,13.73,-0.01,-,21,62.85,35.16,89,-,40.0,1607.75,0.02,47.8,0.73,-,40,19,25.35,-,-,41.51,46.07,12.42,1836,86.27,87,26.27,-
Fri Sep 11 09:44:41 GMT+03:00 2026,11-sept.-2026 09:44:41.605,24.28776356162856,2.2984685692903555,48.5,87.50933278213266,-0.47,1.4,9.36,0.0,14.12,-0.02,-,21,62.86,35.16,89,15.04,45.49,1636.5,0.025,48.5,0.37,20.17,40,20.02,27.25,-,-,41.48,46.1,12.42,1837,88.37,88,26.27,-
Fri Sep 11 09:44:42 GMT+03:00 2026,11-sept.-2026 09:44:42.613,24.310672427847656,2.120115380528897,48.0,87.50933278130563,0.31,5.43,8.31,0.05,12.94,0.09,-,21,62.87,34.81,88,-,36.08,1613.25,0.017,48,0.04,-,40,20.31,27.08,-,-,41.46,46.13,12.41,1838,88.04,88,25.88,-
Fri Sep 11 09:44:43 GMT+03:00 2026,11-sept.-2026 09:44:43.265,24.38325834846495,1.5573003594844943,46.6,87.50933278197282,0.65,1.14,9.12,0.0,14.9,0.04,-,21,62.89,35.16,89,-,39.22,1634.75,0.02,46.6,0.84,-,40,20.16,27.32,-,-,41.44,46.16,12.4,1839,87.16,88,22.75,-
Fri Sep 11 09:44:44 GMT+03:00 2026,11-sept.-2026 09:44:44.574,24.431156033666834,1.862040040438214,45.9,87.50933278237592,-0.22,4.74,8.32,-0.06,13.73,-0.06,-,21,62.9,35.16,89,-,37.65,1632.75,0.018,45.9,0.24,-,40,20.16,27.36,-,-,41.42,46.19,12.4,1840,87.76,88,27.06,-
Fri Sep 11 09:44:45 GMT+03:00 2026,11-sept.-2026 09:44:45.588,24.62474620642488,1.937051790269375,47.3,87.50933278165657,0.09,3.39,9.42,0.02,14.12,-0.01,-,21,62.92,35.16,89,16.21,46.67,1659.5,0.026,47.3,1.52,21.74,40,19.73,27.13,-,-,41.39,46.22,12.39,1841,87.48,89,22.35,-
Fri Sep 11 09:44:46 GMT+03:00 2026,11-sept.-2026 09:44:46.523,24.509272544840805,1.9754375857383573,47.2,87.50933278182869,-2.18,1.85,8.51,-0.01,12.94,0.02,-,21,62.93,35.16,89,-,27.06,1639.0,0.009,47.2,0.73,-,40,19.44,26.35,-,-,41.37,46.25,12.38,1842,88.27,89,20.78,-
Fri Sep 11 09:44:47 GMT+03:00 2026,11-sept.-2026 09:44:47.712,24.497460393742355,1.6453098948940852,46.9,87.50933278266632,0.76,-0.1,8.59,-0.02,13.73,-0.07,-,21,62.94,35.16,88,-,33.73,1630.5,0.015,46.9,0.11,-,40,18.71,25.33,-,-,41.35,46.28,12.38,1843,88.89,89,13.73,-
Fri Sep 11 09:44:48 GMT+03:00 2026,11-sept.-2026 09:44:48.460,24.384103711427223,1.7957488792387806,47.5,87.50933278179879,0.04,2.42,9.51,0.01,13.33,0.0,-,21,62.96,35.16,88,-,26.67,1645.5,0.009,47.5,2.26,-,40,17.84,24.38,-,-,41.32,46.31,12.37,1844,86.74,89,14.51,-
Fri Sep 11 09:44:49 GMT+03:00 2026,11-sept.-2026 09:44:49.655,24.319929252870043,1.9339387326812305,47.6,87.5093327815092,-1.27,3.72,10.28,0.0,13.33,-0.01,-,21,62.97,35.16,89,-,30.2,1637.0,0.012,47.6,1.34,-,40,18.71,25.35,-,-,41.3,46.33,12.36,1845,86.66,88,17.65,-
Fri Sep 11 09:44:50 GMT+03:00 2026,11-sept.-2026 09:44:50.376,24.428546491339745,2.098681402221072,46.4,87.50933278272547,-2.07,2.25,8.36,-0.02,14.51,-0.01,-,21,62.98,35.16,89,-,41.57,1642.5,0.022,46.4,0.19,-,40,18.42,25.16,-,-,41.28,46.36,12.36,1846,87.81,88,18.82,-
Fri Sep 11 09:44:51 GMT+03:00 2026,11-sept.-2026 09:44:51.689,24.365484148725653,2.3569186369089965,46.9,87.5093327821896,-2.17,2.12,10.26,0.01,12.94,-0.02,-,21,63.0,35.51,89,-,30.2,1637.5,0.012,46.9,0.39,-,40,19.29,26.31,-,-,41.26,46.39,12.35,1847,86.61,87,23.53,-
Fri Sep 11 09:44:52 GMT+03:00 2026,11-sept.-2026 09:44:52.452,24.49754088593563,1.4285983127405648,44.8,87.50933278191505,-0.22,3.08,11.74,-0.02,14.12,-0.01,-,21,63.01,35.16,89,13.76,43.14,1643.75,0.023,44.8,0.02,18.45,40,19.29,26.34,-,-,41.23,46.42,12.34,1848,87.98,88,18.82,-
Fri Sep 11 09:44:53 GMT+03:00 2026,11-sept.-2026 09:44:53.613,24.417013633295703,2.225438861675439,46.1,87.50933278197282,-0.03,2.57,9.0,0.03,13.33,0.04,-,21,63.02,35.16,89,-,29.02,1646.25,0.011,46.1,0.08,-,40,19.14,26.18,-,-,41.21,46.45,12.34,1849,87.92,88,22.35,-
Fri Sep 11 09:44:54 GMT+03:00 2026,11-sept.-2026 09:44:54.457,24.476553715806173,1.6041471680970214,46.0,87.50933278127944,0.76,1.96,9.8,0.0,13.73,-0.01,-,21,63.04,35.16,89,-,38.82,1618.25,0.019,46,0.38,-,40,19.14,25.68,-,-,41.19,46.48,12.33,1850,88.38,88,17.25,-
Fri Sep 11 09:44:55 GMT+03:00 2026,11-sept.-2026 09:44:55.431,24.41532572014608,2.129500544635278,47.1,87.50933278117274,-3.15,1.09,11.07,-0.06,14.12,-0.07,-,21,63.05,35.16,89,-,30.2,1650.0,0.012,47.1,0.25,-,40,20.6,28.17,-,-,41.17,46.51,12.32,1851,87.75,88,33.73,-
Fri Sep 11 09:44:56 GMT+03:00 2026,11-sept.-2026 09:44:56.526,25.01853744324155,4.387229679843214,45.5,87.50933278211393,-1.61,3.48,12.89,0.06,15.29,0.08,-,21,63.07,35.16,89,32.36,72.55,1688.0,0.041,45.5,1.73,43.39,40,20.89,40.91,-,-,41.14,46.54,12.32,1852,88.27,90,32.55,-
Fri Sep 11 09:44:57 GMT+03:00 2026,11-sept.-2026 09:44:57.534,25.03114171031671,1.7970257981274846,46.9,87.50933278255468,1.26,1.21,6.85,0.02,12.94,0.02,-,21,63.08,35.16,89,-,35.29,1680.0,0.017,46.9,0.39,-,40,19.73,27.69,-,-,41.12,46.57,12.31,1853,89.61,90,29.02,-
Fri Sep 11 09:44:58 GMT+03:00 2026,11-sept.-2026 09:44:58.654,24.73298951080649,1.6163978844868536,45.0,87.50933278283784,-0.99,3.79,9.14,0.02,13.33,0.02,-,21,63.1,35.16,89,-,20.39,1662.0,0.002,45,0.39,-,40,21.03,29.2,-,-,41.1,46.6,12.3,1854,89.39,89,22.75,-
Fri Sep 11 09:44:59 GMT+03:00 2026,11-sept.-2026 09:44:59.750,25.070183916042776,2.068326644590039,46.3,87.5093327817066,-4.39,2.96,10.31,0.05,14.51,0.02,-,21,63.11,35.16,89,22.25,56.08,1682.0,0.034,46.3,0.63,29.83,40,20.16,39.33,-,-,41.08,46.63,12.3,1855,90.63,90,29.02,-
Fri Sep 11 09:45:00 GMT+03:00 2026,11-sept.-2026 09:45:00.397,25.33849593510176,2.122699646614602,45.7,87.50933278094786,-0.92,4.09,10.7,0.01,14.9,0.0,-,21,63.13,35.16,89,19.96,52.16,1682.0,0.027,45.7,0.25,26.76,40,19,26.56,-,-,41.05,46.66,12.29,1856,91.75,92,28.24,-
Fri Sep 11 09:45:01 GMT+03:00 2026,11-sept.-2026 09:45:01.404,24.963057904854928,2.0464178344857227,46.2,87.50933278264206,1.66,0.76,8.74,-0.03,13.33,-0.05,-,21,63.14,35.16,89,-,9.41,1681.25,0.0,46.2,0.17,-,40,18.71,36.34,-,-,41.03,46.68,12.28,1857,89.83,90,14.51,-
Fri Sep 11 09:45:02 GMT+03:00 2026,11-sept.-2026 09:45:02.793,24.63535100628105,2.2161280310043496,44.3,87.50933278290277,-0.03,2.97,9.75,-0.04,12.16,-0.06,-,21,63.15,35.16,89,-,12.16,1647.5,0.0,44.3,0.16,-,40,17.98,34.07,-,-,41.01,46.71,12.28,1858,89.16,89,10.2,-
Fri Sep 11 09:45:03 GMT+03:00 2026,11-sept.-2026 09:45:03.506,24.72820896433095,3.4417228118556222,45.4,87.5093327815754,3.08,2.03,8.83,-0.03,14.51,-0.02,-,21,63.17,35.51,88,-,40.78,1647.75,0.021,45.4,0.18,-,40,17.98,24.61,-,-,40.99,46.74,12.27,1859,88.18,88,23.14,-
Fri Sep 11 09:45:04 GMT+03:00 2026,11-sept.-2026 09:45:04.273,25.031651582124045,1.6197449215604778,46.4,87.50933278096774,-0.13,1.87,8.47,-0.02,14.51,-0.05,-,21,63.18,35.16,89,20.9,53.33,1691.75,0.026,46.4,0.49,28.03,40,18.42,26.09,-,-,40.97,46.77,12.26,1860,89.51,90,24.71,-
Fri Sep 11 09:45:05 GMT+03:00 2026,11-sept.-2026 09:45:05.251,24.85994880250841,1.879561758425572,45.4,87.50933278243716,0.14,1.64,9.04,-0.03,13.33,-0.04,-,21,63.2,35.16,89,-,23.53,1664.25,0.005,45.4,0.56,-,40,21.18,29.31,-,-,40.94,46.8,12.26,1861,88.44,89,33.73,-
Fri Sep 11 09:45:06 GMT+03:00 2026,11-sept.-2026 09:45:06.697,25.332206709609554,2.281641103782985,44.1,87.50933278239245,-0.41,3.94,8.73,0.06,14.9,0.07,-,21,63.21,35.16,89,27.85,64.71,1697.25,0.04,44.1,2.2,37.35,40,20.16,39.66,-,-,40.92,46.83,12.25,1862,89.8,92,22.75,-
Fri Sep 11 09:45:07 GMT+03:00 2026,11-sept.-2026 09:45:07.662,25.15748237492882,1.7727057235733437,44.9,87.50933278161928,0.0,3.33,8.72,0.01,12.94,0.01,-,21,63.23,35.16,88,-,23.53,1675.5,0.005,44.9,0.62,-,40,17.98,25.16,-,-,40.9,46.86,12.24,1863,91.62,91,20.78,-
Fri Sep 11 09:45:08 GMT+03:00 2026,11-sept.-2026 09:45:08.662,24.784267043989043,2.562167676562936,43.6,87.50933278185892,2.38,4.51,9.93,-0.02,12.94,-0.01,-,21,63.24,35.51,89,-,11.37,1657.5,0.0,43.6,1.03,-,40,18.85,36.12,-,-,40.88,46.89,12.24,1864,90.03,89,10.2,-
Fri Sep 11 09:45:09 GMT+03:00 2026,11-sept.-2026 09:45:09.441,24.825712645266616,1.658613191823936,45.9,87.50933278207201,-1.21,3.02,11.26,0.0,14.12,-0.01,-,21,63.25,35.16,89,-,37.25,1665.75,0.019,45.9,0.5,-,40,17.98,24.99,-,-,40.85,46.92,12.23,1865,88.5,89,18.82,-
Fri Sep 11 09:45:10 GMT+03:00 2026,11-sept.-2026 09:45:10.430,25.01457682938501,2.498095375141702,46.2,87.50933278153828,-0.19,3.02,8.75,0.08,13.73,0.06,-,21,63.27,35.51,88,16.49,46.67,1675.75,0.027,46.2,1.4,22.11,40,19.87,27.76,-,-,40.83,46.94,12.22,1866,91.4,90,33.73,-
Fri Sep 11 09:45:11 GMT+03:00 2026,11-sept.-2026 09:45:11.370,25.370589784597808,1.4898538996434774,45.6,87.50933278116557,-2.06,1.13,9.75,0.03,14.12,0.05,-,21,63.28,34.81,88,23.4,58.04,1682.25,0.035,45.6,2.28,31.39,40,21.03,41.06,-,-,40.81,46.97,12.22,1867,89.72,92,32.94,-
Fri Sep 11 09:45:12 GMT+03:00 2026,11-sept.-2026 09:45:12.277,25.37380865947218,2.8448074702456463,45.4,87.50933278264736,1.88,3.18,11.51,0.01,14.12,0.02,-,21,63.3,35.16,88,-,34.9,1685.75,0.017,45.4,0.95,-,40,19.73,27.76,-,-,40.79,47,12.21,1868,91.95,91,22.75,-
Fri Sep 11 09:45:13 GMT+03:00 2026,11-sept.-2026 09:45:13.515,24.88157631643261,1.5716085658377914,44.2,87.5093327829228,1.13,4.94,7.69,0.05,13.33,0.05,-,21,63.31,35.16,89,-,9.02,1676.5,0.0,44.2,0.43,-,40,19.29,37.38,-,-,40.77,47.03,12.2,1869,88.57,89,14.9,-
Fri Sep 11 09:45:14 GMT+03:00 2026,11-sept.-2026 09:45:14.321,24.92853934102059,1.403298349382096,44.8,87.50933278184579,-1.11,1.47,11.27,0.01,13.33,0.02,-,21,63.33,35.16,89,-,37.65,1668.0,0.019,44.8,0.13,-,40,18.71,26,-,-,40.74,47.06,12.2,1870,89.87,90,19.22,-
Fri Sep 11 09:45:15 GMT+03:00 2026,11-sept.-2026 09:45:15.786,25.113101845198543,2.1177116262695006,45.2,87.50933278122774,1.02,3.27,9.16,-0.02,13.73,-0.04,-,21,63.34,35.16,89,16.44,46.67,1670.25,0.026,45.2,0.32,22.05,41,18.71,26.05,-,-,40.72,47.09,12.19,1871,89.68,90,25.49,-
Fri Sep 11 09:45:16 GMT+03:00 2026,11-sept.-2026 09:45:16.467,25.126171545025624,2.1616143009854474,45.2,87.5093327823114,-0.13,1.58,8.6,0.08,13.33,0.08,-,21,63.36,35.16,89,-,35.69,1676.0,0.018,45.2,0.98,-,41,19.14,26.7,-,-,40.7,47.12,12.18,1872,90.98,90,20.0,-
Fri Sep 11 09:45:17 GMT+03:00 2026,11-sept.-2026 09:45:17.440,24.934513750194323,2.363348513028755,44.5,87.50933278231273,-0.47,2.7,10.0,-0.08,12.94,-0.07,-,21,63.37,35.16,89,-,22.35,1670.75,0.004,44.5,0.47,-,41,19,26.34,-,-,40.68,47.14,12.18,1873,88.53,89,15.29,-
Fri Sep 11 09:45:18 GMT+03:00 2026,11-sept.-2026 09:45:18.242,24.93167730926447,2.739386920022614,44.6,87.50933278142095,-1.2,1.69,9.15,0.01,13.73,-0.02,-,21,63.39,35.16,89,-,34.12,1683.0,0.016,44.6,0.97,-,41,18.56,25.91,-,-,40.66,47.17,12.17,1874,89.97,89,15.69,-
Fri Sep 11 09:45:19 GMT+03:00 2026,11-sept.-2026 09:45:19.385,24.97861581571042,1.571643471095146,45.3,87.50933278166325,-3.16,1.07,11.51,0.0,14.51,-0.02,-,21,63.4,35.16,88,-,37.25,1683.5,0.019,45.3,0.26,-,40,19.29,26.95,-,-,40.64,47.2,12.16,1875,89.26,89,25.88,-
Fri Sep 11 09:45:20 GMT+03:00 2026,11-sept.-2026 09:45:20.718,25.21550579294805,2.317366179967006,43.8,87.509332782057,0.01,1.45,9.0,0.02,15.29,0.04,-,21,63.41,35.16,89,18.58,49.8,1690.25,0.028,43.8,0.81,24.92,41,19.58,27.63,-,-,40.61,47.23,12.16,1876,90.19,91,23.92,-
Fri Sep 11 09:45:21 GMT+03:00 2026,11-sept.-2026 09:45:21.593,25.115461021310637,2.093943356610274,43.9,87.50933278201485,-1.83,0.87,10.17,-0.1,13.33,-0.12,-,21,63.43,35.16,89,-,27.84,1697.5,0.01,43.9,0.54,-,41,20.16,28.53,-,-,40.59,47.26,12.15,1877,90.54,90,26.27,-
Fri Sep 11 09:45:22 GMT+03:00 2026,11-sept.-2026 09:45:22.275,25.267790422927696,1.480115837876547,43.4,87.50933278187529,0.74,3.58,8.21,0.09,14.51,0.09,-,21,63.44,35.16,89,15.38,43.92,1702.0,0.026,43.4,0.57,20.62,41,20.6,29.13,-,-,40.57,47.29,12.14,1878,90.43,91,24.31,-
Fri Sep 11 09:45:23 GMT+03:00 2026,11-sept.-2026 09:45:23.256,25.423078799176963,1.7152493861944662,43.4,87.50933278216665,1.18,4.37,8.54,0.04,14.9,0.05,-,21,63.46,35.16,89,15.67,44.31,1703.5,0.026,43.4,1.03,21.02,41,20.31,28.86,-,-,40.55,47.31,12.14,1879,90.97,92,30.59,-
Fri Sep 11 09:45:24 GMT+03:00 2026,11-sept.-2026 09:45:24.776,25.58577936925122,1.6898428637760277,43.6,87.50933278250977,-1.27,3.59,10.4,0.06,13.73,0.05,-,21,63.47,34.81,89,16.15,45.1,1708.25,0.027,43.6,1.35,21.66,40,21.18,30.18,-,-,40.53,47.34,12.13,1880,93.35,92,30.2,-
Fri Sep 11 09:45:25 GMT+03:00 2026,11-sept.-2026 09:45:25.242,25.70990538762105,2.191789139729817,44.8,87.50933278186339,3.79,3.55,7.72,0.06,14.12,0.05,-,21,63.49,35.16,89,14.78,43.14,1701.75,0.025,44.8,0.31,19.82,40,21.32,30.34,-,-,40.5,47.37,12.12,1881,92.31,92,31.37,-
Fri Sep 11 09:45:26 GMT+03:00 2026,11-sept.-2026 09:45:26.333,25.92449789779193,2.0391286820282697,43.7,87.50933278114101,0.51,2.72,10.5,0.04,14.12,-0.01,-,21,63.51,34.81,88,18.61,47.45,1747.75,0.03,43.7,0.09,24.96,40,20.74,30.26,-,-,40.48,47.4,12.12,1882,92.91,93,26.27,-
Fri Sep 11 09:45:27 GMT+03:00 2026,11-sept.-2026 09:45:27.769,25.8686730992127,1.7268063815217107,44.3,87.50933278239509,-1.83,-0.6,8.79,-0.02,14.9,0.0,-,21,63.52,35.51,89,-,30.98,1743.0,0.014,44.3,1.44,-,40,20.45,29.91,-,-,40.46,47.43,12.11,1883,94.44,93,25.88,-
Fri Sep 11 09:45:28 GMT+03:00 2026,11-sept.-2026 09:45:28.279,25.97678497116352,1.7155131540925586,43.7,87.50933278252093,1.62,1.55,13.12,-0.04,13.73,-0.04,-,21,63.54,35.16,89,-,41.57,1736.5,0.025,43.7,0.61,-,40,18.85,27.35,-,-,40.44,47.46,12.1,1884,93.61,93,14.9,-
Fri Sep 11 09:45:29 GMT+03:00 2026,11-sept.-2026 09:45:29.546,25.562918586660796,1.522476665590434,43.4,87.50933278132531,1.8,3.26,10.99,0.09,12.55,0.11,-,21,63.55,35.16,89,-,11.76,1716.75,0.0,43.4,0.11,-,40,18.56,37.05,-,-,40.42,47.48,12.1,1885,91.89,92,19.61,-
Fri Sep 11 09:45:30 GMT+03:00 2026,11-sept.-2026 09:45:30.664,25.702706405910966,2.9194106365971995,43.9,87.50933278146454,-0.6,1.83,8.9,0.05,14.12,0.02,-,21,63.57,35.16,89,15.39,43.14,1730.75,0.026,43.9,0.45,20.64,40,18.85,27.28,-,-,40.4,47.51,12.09,1886,92.45,92,16.86,-
Fri Sep 11 09:45:31 GMT+03:00 2026,11-sept.-2026 09:45:31.395,25.7094750033346,1.6145867905622686,43.7,87.50933278198652,0.03,-0.02,9.38,-0.06,12.55,-0.03,-,21,63.58,35.16,88,-,35.29,1715.25,0.018,43.7,1.02,-,40,18.85,27.09,-,-,40.37,47.54,12.09,1887,93.02,92,25.88,-
Fri Sep 11 09:45:32 GMT+03:00 2026,11-sept.-2026 09:45:32.526,25.836620525870128,3.4407924138936488,43.2,87.50933278245138,2.23,-0.08,10.59,0.01,14.12,0.04,-,21,63.6,35.51,89,15.04,42.35,1737.75,0.025,43.2,1.32,20.17,39,20.02,29.23,-,-,40.35,47.57,12.08,1888,91.68,93,22.35,-
Fri Sep 11 09:45:33 GMT+03:00 2026,11-sept.-2026 09:45:33.746,25.81454667736725,1.9293890927327684,43.0,87.50933278318642,-2.05,0.72,10.2,0.03,14.12,0.04,-,21,63.62,34.81,89,-,33.33,1723.0,0.016,43,0.18,-,39,18.42,26.54,-,-,40.33,47.6,12.07,1889,92.82,93,16.08,-
Fri Sep 11 09:45:34 GMT+03:00 2026,11-sept.-2026 09:45:34.389,25.396781820355024,3.3898942319489134,43.2,85.80675836261184,-1.44,1.13,8.27,-0.05,12.94,-0.07,-,21,63.63,35.16,89,-,12.16,1702.75,0.0,43.2,0.07,-,39,19.73,39,-,-,40.31,47.62,12.07,1890,90.93,91,23.14,-
Fri Sep 11 09:45:35 GMT+03:00 2026,11-sept.-2026 09:45:35.723,25.823657885694733,2.436597294323585,42.1,82.12784475574652,1.52,5.06,10.39,0.04,15.69,0.03,-,21,63.65,35.16,89,26.87,61.57,1726.5,0.039,42.1,0.21,36.04,38,19.14,38.76,-,-,40.29,47.65,12.06,1891,92.79,93,23.14,-
Fri Sep 11 09:45:36 GMT+03:00 2026,11-sept.-2026 09:45:36.339,25.80983953328655,1.7039035670826317,43.4,80.12985860063975,-0.61,-0.15,11.88,-0.04,13.33,-0.06,-,21,63.66,34.81,89,-,33.73,1726.75,0.017,43.4,0.86,-,38,18.13,26.34,-,-,40.27,47.68,12.05,1892,92.14,93,23.53,-
Fri Sep 11 09:45:37 GMT+03:00 2026,11-sept.-2026 09:45:37.312,25.479145073303023,2.198533493794419,41.5,80.12985860069196,0.78,1.48,8.59,-0.02,13.33,0.02,-,21,63.68,35.51,89,-,12.55,1699.0,0.0,41.5,0.87,-,37,19,37.92,-,-,40.25,47.71,12.05,1893,91.13,92,11.76,-
Fri Sep 11 09:45:38 GMT+03:00 2026,11-sept.-2026 09:45:38.524,25.415427297211597,1.4182670635557468,41.7,80.12985860145643,1.29,1.71,9.2,-0.01,13.73,0.01,-,21,63.69,35.16,89,-,30.59,1692.5,0.013,41.7,0.49,-,36,18.56,26.47,-,-,40.22,47.74,12.04,1894,92.49,92,18.04,-
Fri Sep 11 09:45:39 GMT+03:00 2026,11-sept.-2026 09:45:39.517,25.671916842400364,2.556163966993378,41.6,80.12985860118258,3.34,3.92,9.13,0.02,14.9,0.0,-,21,63.71,35.16,89,19.94,49.8,1743.0,0.028,41.6,0.92,26.74,36,18.71,27.61,-,-,40.2,47.76,12.03,1895,93.92,93,24.31,-
Fri Sep 11 09:45:40 GMT+03:00 2026,11-sept.-2026 09:45:40.678,25.69874258326845,2.649553644626865,42.1,80.12985860063762,-1.54,2.12,8.35,0.0,13.33,0.02,-,21,63.72,35.16,89,-,36.08,1737.5,0.019,42.1,0.44,-,35,18.56,27.5,-,-,40.18,47.79,12.03,1896,92.44,92,20.0,-
Fri Sep 11 09:45:41 GMT+03:00 2026,11-sept.-2026 09:45:41.710,25.255319249361595,2.1952247505433733,42.7,80.1298586000687,0.03,0.21,9.42,-0.04,13.33,-0.06,-,21,63.74,35.16,89,-,11.76,1695.75,0.0,42.7,0.52,-,35,17.69,35.19,-,-,40.16,47.82,12.02,1897,90.48,91,8.24,-
Fri Sep 11 09:45:42 GMT+03:00 2026,11-sept.-2026 09:45:42.541,24.43897758773931,2.6722035020225743,42.5,80.12985860096566,0.24,-0.05,11.1,-0.1,12.94,-0.07,-,21,63.75,35.16,89,-,9.8,1635.0,0.0,42.5,0.43,-,35,16.82,32.12,-,-,40.14,47.85,12.01,1898,89.43,89,7.45,-
Fri Sep 11 09:45:43 GMT+03:00 2026,11-sept.-2026 09:45:43.439,24.433780487237392,2.489821054926229,43.0,80.129858601138,2.9,2.24,9.9,-0.03,13.73,-0.03,-,21,63.76,35.16,89,-,34.12,1638.75,0.015,43,0.84,-,35,15.52,21.48,-,-,40.12,47.87,12.01,1899,88.84,88,7.45,-
Fri Sep 11 09:45:44 GMT+03:00 2026,11-sept.-2026 09:45:44.682,24.05723925021417,3.227833389944328,42.0,80.12985860084885,-0.76,0.01,9.68,-0.02,13.33,-0.01,-,21,63.77,34.81,88,-,11.37,1607.5,0.0,42,0.04,-,34,15.52,29.2,-,-,40.1,47.9,12,1900,86.96,87,7.45,-
Fri Sep 11 09:45:45 GMT+03:00 2026,11-sept.-2026 09:45:45.370,23.645505689383683,1.527548658290039,42.6,80.12985860102478,-0.13,3.07,9.67,-0.06,12.16,-0.07,-,21,63.79,35.16,89,-,12.16,1581.25,0.0,42.6,0.63,-,34,15.95,29.47,-,-,40.07,47.93,12,1901,85.63,85,3.14,-
Fri Sep 11 09:45:46 GMT+03:00 2026,11-sept.-2026 09:45:46.312,23.47252225797839,1.716720412332132,40.5,80.12985860192985,-1.01,1.67,10.44,-0.03,13.33,-0.01,-,21,63.8,35.16,89,-,22.35,1569.25,0.003,40.5,0.82,-,33,14.79,19.49,-,-,40.05,47.96,11.99,1902,84.82,84,3.14,-
Fri Sep 11 09:45:47 GMT+03:00 2026,11-sept.-2026 09:45:47.719,22.7560605781731,2.2852614373133258,41.4,80.12985860152354,2.46,1.54,10.74,-0.06,12.55,-0.09,-,21,63.81,35.16,89,-,12.55,1523.75,0.0,41.4,0.4,-,33,14.65,26.16,-,-,40.03,47.99,11.98,1903,82.4,82,3.14,-
Fri Sep 11 09:45:48 GMT+03:00 2026,11-sept.-2026 09:45:48.452,22.186373945587174,1.5830472879564377,41.6,80.12985860021065,-0.37,2.19,11.76,-0.07,12.94,-0.11,-,21,63.81,35.16,89,-,9.02,1477.5,0.0,41.6,1.28,-,33,15.37,26.43,-,-,40.06,47.96,11.98,1904,81.28,80,5.1,-
Fri Sep 11 09:45:49 GMT+03:00 2026,11-sept.-2026 09:45:49.437,22.09192525463777,1.7499613643798375,43.1,80.12985860083815,0.69,3.26,10.79,-0.04,13.33,-0.04,-,21,63.82,35.16,89,-,27.06,1473.25,0.007,43.1,0.79,-,32,14.94,18.49,-,-,40.1,47.93,11.97,1905,79.21,80,5.1,-
Fri Sep 11 09:45:50 GMT+03:00 2026,11-sept.-2026 09:45:50.777,21.608968944834366,2.9567192886022333,41.4,80.12985860129209,-0.17,2.76,9.13,-0.02,13.73,-0.01,-,21,63.83,35.16,89,-,10.2,1434.0,0.0,41.4,0.39,-,32,14.94,24.96,-,-,40.13,47.91,11.96,1906,78.39,78,4.71,-
Fri Sep 11 09:45:51 GMT+03:00 2026,11-sept.-2026 09:45:51.397,21.06252919386979,2.5247598975767067,41.3,80.12985860069969,-2.87,2.14,8.98,-0.13,12.16,-0.16,-,21,63.84,35.51,89,-,9.8,1412.5,0.0,41.3,0.77,-,32,15.23,24.98,-,-,40.16,47.88,11.96,1907,75.23,76,2.35,-
Fri Sep 11 09:45:52 GMT+03:00 2026,11-sept.-2026 09:45:52.614,20.83492878089836,2.2680757906137647,40.2,80.12985859994957,-0.37,0.84,9.6,0.02,13.33,0.02,-,21,63.84,34.81,89,-,21.18,1388.0,0.002,40.2,0.53,-,31,14.65,16.92,-,-,40.19,47.86,11.95,1908,74.47,75,2.75,-
Fri Sep 11 09:45:53 GMT+03:00 2026,11-sept.-2026 09:45:53.700,20.29126794053486,1.5482552604815123,40.8,80.12985860069062,0.75,2.1,11.22,-0.07,12.94,-0.03,-,21,63.85,35.16,89,-,9.41,1352.5,0.0,40.8,0.07,-,31,15.23,23.9,-,-,40.22,47.83,11.95,1909,73.07,73,6.67,-
Fri Sep 11 09:45:54 GMT+03:00 2026,11-sept.-2026 09:45:54.501,20.2265775375769,1.5214393445500831,41.4,80.12985860200467,-0.22,1.14,8.27,-0.03,14.12,-0.07,-,21,63.85,35.16,89,-,28.63,1354.5,0.007,41.4,0.25,-,31,15.52,17.55,-,-,40.25,47.81,11.94,1910,72.75,73,6.67,-
Fri Sep 11 09:45:55 GMT+03:00 2026,11-sept.-2026 09:45:55.724,19.991511079733083,3.652742855324944,41.7,80.12985860117651,-1.69,1.33,9.77,-0.06,12.94,-0.08,-,21,63.86,35.16,89,-,21.18,1345.25,0.002,41.7,0.31,-,31,15.23,17.11,-,-,40.29,47.78,11.93,1911,71.69,72,6.67,-
Fri Sep 11 09:45:56 GMT+03:00 2026,11-sept.-2026 09:45:56.422,19.643363143440965,2.04987025160945,39.0,80.12985860017663,-1.55,3.5,8.39,-0.03,12.55,-0.03,-,21,63.86,35.51,89,-,9.8,1308.0,0.0,39,0.5,-,30,15.23,23.04,-,-,40.32,47.76,11.93,1912,70.5,71,2.75,-
Fri Sep 11 09:45:57 GMT+03:00 2026,11-sept.-2026 09:45:57.383,19.195476332353472,2.485239803960643,40.3,80.12985860053027,2.8,3.29,10.07,-0.01,12.94,-0.02,-,21,63.86,35.16,88,-,10.59,1278.25,0.0,40.3,0.36,-,30,15.37,22.71,-,-,40.35,47.73,11.92,1913,68.64,69,7.45,-
Fri Sep 11 09:45:58 GMT+03:00 2026,11-sept.-2026 09:45:58.776,19.19605366231145,2.1477226850595783,40.3,80.12985860228473,0.48,0.38,9.45,0.02,13.33,0.01,-,21,63.87,35.16,89,-,33.73,1277.25,0.009,40.3,0.8,-,30,15.08,16.03,-,-,40.38,47.71,11.91,1914,69.8,69,7.45,-
Fri Sep 11 09:45:59 GMT+03:00 2026,11-sept.-2026 09:45:59.709,18.81954969566255,1.547277144820908,41.7,80.12985860178787,-0.33,2.37,9.96,-0.09,12.94,-0.09,-,21,63.87,35.16,89,-,11.76,1257.5,0.0,41.7,0.62,-,30,15.23,21.94,-,-,40.41,47.68,11.91,1915,68.62,68,7.45,-
Fri Sep 11 09:46:00 GMT+03:00 2026,11-sept.-2026 09:46:00.461,18.450164647739605,3.3360633959629755,41.1,80.12985860073638,0.25,2.82,8.65,-0.03,13.33,-0.05,-,21,63.87,35.51,89,-,11.76,1257.0,0.0,41.1,0.53,-,30,15.08,21.87,-,-,40.44,47.66,11.9,1916,66.53,66,1.96,-
Fri Sep 11 09:46:01 GMT+03:00 2026,11-sept.-2026 09:46:01.311,18.00392192876014,1.846305136273303,40.8,80.12985860033643,1.26,1.61,9.67,-0.06,13.73,-0.04,-,21,63.87,35.16,89,-,12.55,1207.75,0.0,40.8,2.44,-,30,14.36,19.83,-,-,40.47,47.63,11.89,1917,66.44,64,1.57,-
Fri Sep 11 09:46:02 GMT+03:00 2026,11-sept.-2026 09:46:02.544,17.41630989723368,3.3848895273522133,42.2,80.12985860000111,-1.06,3.94,7.31,-0.03,12.55,-0.01,-,21,63.87,35.16,89,-,10.2,1172.5,0.0,42.2,0.94,-,30,14.65,19.54,-,-,40.5,47.61,11.89,1918,62.06,63,3.14,-
Fri Sep 11 09:46:03 GMT+03:00 2026,11-sept.-2026 09:46:03.723,17.24303069923058,1.747313986654936,40.7,80.1298586012109,1.23,2.2,11.34,0.0,12.55,-0.01,-,21,63.87,35.16,89,-,21.96,1148.25,0.002,40.7,1.43,-,30,14.65,13.68,-,-,40.54,47.58,11.88,1919,61.57,63,3.14,-
Fri Sep 11 09:46:04 GMT+03:00 2026,11-sept.-2026 09:46:04.401,16.834856302657148,1.7584444874731622,40.7,80.12985860187905,0.36,3.7,13.01,-0.06,12.94,-0.03,-,21,63.87,35.16,88,-,10.2,1372.5,0.0,40.7,0.02,-,30,14.94,23.7,-,-,40.57,47.56,11.88,1920,60.02,60,4.31,-
Fri Sep 11 09:46:05 GMT+03:00 2026,11-sept.-2026 09:46:05.658,16.715009449449546,1.6619282401536637,40.1,80.12985860079695,0.32,1.8,9.3,-0.01,13.73,-0.04,-,21,63.86,35.16,89,-,21.18,1342.5,0.002,40.1,0.03,-,30,14.79,16.6,-,-,40.6,47.53,11.87,1921,59.97,60,3.14,-
Fri Sep 11 09:46:06 GMT+03:00 2026,11-sept.-2026 09:46:06.412,16.31112189444126,2.1709821186746847,41.5,80.12985859992851,-2.15,3.29,8.96,-0.07,12.55,-0.08,-,21,63.86,34.81,89,-,10.59,1319.5,0.0,41.5,1.08,-,30,14.65,22.26,-,-,40.63,47.51,11.86,1922,59.08,58,2.75,-
Fri Sep 11 09:46:07 GMT+03:00 2026,11-sept.-2026 09:46:07.404,15.921887034600754,2.06303460908556,42.4,80.1298586011419,-1.38,1.97,11.3,-0.05,12.94,-0.07,-,21,63.86,35.16,89,-,9.8,1297.5,0.0,42.4,0.08,-,31,14.94,22.26,-,-,40.66,47.48,11.86,1923,56.92,57,2.75,-
Fri Sep 11 09:46:08 GMT+03:00 2026,11-sept.-2026 09:46:08.586,15.690053129884138,1.8136734464542452,40.3,80.12985860069666,-1.83,5.22,9.09,0.01,12.55,0.01,-,21,63.85,35.16,89,-,21.18,1283.25,0.002,40.3,0.51,-,31,14.65,15.55,-,-,40.69,47.46,11.85,1924,56.51,56,2.75,-
Fri Sep 11 09:46:09 GMT+03:00 2026,11-sept.-2026 09:46:09.743,15.38139572937116,1.7732554028467251,40.0,80.1298586008744,-0.33,2.94,8.65,-0.06,12.55,-0.09,-,21,63.85,35.51,88,-,9.8,1258.75,0.0,40,0.41,-,31,14.94,21.49,-,-,40.72,47.43,11.84,1925,55.41,55,3.92,-
Fri Sep 11 09:46:10 GMT+03:00 2026,11-sept.-2026 09:46:10.599,15.149052914871463,1.5402185125958905,41.1,80.12985860133531,1.92,0.32,10.97,0.02,13.73,0.01,-,21,63.85,35.16,89,-,21.57,1255.0,0.002,41.1,0.27,-,31,15.08,15.65,-,-,40.75,47.41,11.84,1926,54.73,55,4.31,-
Fri Sep 11 09:46:11 GMT+03:00 2026,11-sept.-2026 09:46:11.391,14.99590804061726,3.180811929521695,39.7,80.12985860143677,-0.69,1.12,11.74,0.04,12.94,0.0,-,21,63.84,35.16,88,-,21.57,1207.5,0.002,39.7,0.06,-,31,14.79,14.7,-,-,40.79,47.38,11.83,1927,53.94,54,4.31,-
Fri Sep 11 09:46:12 GMT+03:00 2026,11-sept.-2026 09:46:12.608,14.570358579863486,2.4475690888119965,38.9,80.12985860135242,-1.24,3.47,10.88,-0.06,12.94,-0.09,-,21,63.83,34.81,89,-,9.02,1199.25,0.0,38.9,1.82,-,31,14.79,20.29,-,-,40.82,47.36,11.83,1928,51.18,53,3.14,-
Fri Sep 11 09:46:13 GMT+03:00 2026,11-sept.-2026 09:46:13.669,14.240686426581544,2.5337223688237,39.0,80.12985860106399,1.43,1.52,10.91,-0.05,13.33,-0.05,-,21,63.83,35.16,89,-,12.94,1173.25,0.0,39,1.11,-,31,14.79,19.74,-,-,40.85,47.33,11.82,1929,50.89,52,2.75,-
Fri Sep 11 09:46:14 GMT+03:00 2026,11-sept.-2026 09:46:14.304,14.090503282979157,1.730344833177762,38.7,80.12985860007349,1.49,1.97,10.1,-0.02,12.94,-0.03,-,21,63.82,35.16,89,-,20.78,1472.75,0.002,38.7,0.8,-,31,14.94,18.45,-,-,40.88,47.31,11.81,1930,51.8,51,3.92,-
Fri Sep 11 09:46:15 GMT+03:00 2026,11-sept.-2026 09:46:15.283,14.012385940543536,1.4847227587678429,40.9,80.12985860036466,-0.34,3.57,10.78,-0.02,13.33,-0.02,-,21,63.81,34.81,89,-,21.57,1474.5,0.002,40.9,0.47,-,32,15.23,18.82,-,-,40.91,47.28,11.81,1931,50.53,51,4.71,-
Fri Sep 11 09:46:16 GMT+03:00 2026,11-sept.-2026 09:46:16.320,13.799929609715733,3.03928295670871,40.0,80.1298586028832,2.6,1.84,9.37,0.06,12.55,0.09,-,21,63.81,35.16,89,-,20.78,1436.5,0.002,40,0.58,-,32,15.66,18.89,-,-,40.94,47.26,11.8,1932,49.42,50,6.27,-
Fri Sep 11 09:46:17 GMT+03:00 2026,11-sept.-2026 09:46:17.546,13.80355453946426,1.6742088188722042,40.5,80.12985860157085,-1.05,4.06,9.4,0.02,13.73,0.04,-,21,63.8,35.51,89,-,25.49,1454.5,0.006,40.5,0.49,-,32,16.1,19.55,-,-,40.97,47.23,11.8,1933,49.51,50,7.84,-
Fri Sep 11 09:46:18 GMT+03:00 2026,11-sept.-2026 09:46:18.476,13.816039801071158,1.8805746339018603,40.2,80.12985860025886,-3.09,2.62,9.91,0.0,13.33,-0.02,-,21,63.79,35.16,89,-,25.88,1447.75,0.006,40.2,0.64,-,32,16.1,19.57,-,-,41,47.21,11.79,1934,49.36,50,9.02,-
Fri Sep 11 09:46:19 GMT+03:00 2026,11-sept.-2026 09:46:19.428,13.77477514163121,3.0583919647042075,40.7,80.12985860167088,-1.39,4.58,8.72,-0.02,12.55,-0.03,-,21,63.78,35.16,89,-,23.53,1433.5,0.004,40.7,0.42,-,32,16.68,20.01,-,-,41.03,47.18,11.78,1935,50.42,50,10.98,-
Fri Sep 11 09:46:20 GMT+03:00 2026,11-sept.-2026 09:46:20.356,13.877566606268328,1.6661843689916689,40.0,80.12985860086489,1.26,2.04,9.26,0.04,13.73,0.05,-,21,63.78,35.16,88,-,30.2,1447.0,0.009,40,0.43,-,32,16.39,19.86,-,-,41.06,47.16,11.78,1936,49.57,50,9.02,-
Fri Sep 11 09:46:21 GMT+03:00 2026,11-sept.-2026 09:46:21.264,13.772577375992316,1.91492556244252,38.9,80.12985860025044,-1.31,2.91,7.85,-0.05,13.33,-0.1,-,21,63.77,35.16,89,-,20.78,1435.75,0.002,38.9,0.59,-,33,15.81,18.95,-,-,41.09,47.14,11.77,1937,49.59,49,7.06,-
Fri Sep 11 09:46:22 GMT+03:00 2026,11-sept.-2026 09:46:22.270,13.49319682570089,1.880995410261149,40.9,80.12985860147595,-0.37,-2.55,10.7,-0.02,13.73,-0.04,-,21,63.76,35.16,89,-,12.16,1407.25,0.0,40.9,0.93,-,33,16.68,27.1,-,-,41.12,47.11,11.76,1938,48.07,49,10.98,-
Fri Sep 11 09:46:23 GMT+03:00 2026,11-sept.-2026 09:46:23.308,13.8031302845531,1.677842943426155,39.8,80.12985860167008,0.67,3.63,9.97,-0.01,13.33,0.0,-,21,63.75,34.81,88,9.38,40.78,1432.0,0.016,39.8,1.36,12.58,33,16.53,19.82,-,-,41.16,47.09,11.76,1939,48.64,50,14.12,-
Fri Sep 11 09:46:24 GMT+03:00 2026,11-sept.-2026 09:46:24.415,13.88006070965062,2.4048280455827933,41.6,80.1298586005619,-1.51,1.42,10.05,-0.04,12.94,-0.05,-,21,63.75,35.16,88,-,29.02,1455.5,0.008,41.6,0.93,-,33,16.53,20.17,-,-,41.19,47.06,11.75,1940,50.93,50,14.9,-
Fri Sep 11 09:46:25 GMT+03:00 2026,11-sept.-2026 09:46:25.249,13.720032901863974,1.594614800696028,40.7,80.12985859984249,1.1,2.49,7.74,0.0,12.94,0.01,-,21,63.74,35.16,89,-,20.78,1424.0,0.002,40.7,0.27,-,33,16.82,20.01,-,-,41.22,47.04,11.75,1941,49.27,49,7.45,-
Fri Sep 11 09:46:26 GMT+03:00 2026,11-sept.-2026 09:46:26.523,13.56387519753215,1.4814780700558232,39.9,80.12985860137749,0.25,4.49,8.23,0.01,12.94,0.01,-,21,63.73,34.81,89,-,20.78,1412.0,0.002,39.9,0.96,-,33,15.95,18.7,-,-,41.25,47.01,11.74,1942,48.04,49,5.1,-
Fri Sep 11 09:46:27 GMT+03:00 2026,11-sept.-2026 09:46:27.627,13.492949984296269,1.494906150400669,41.0,80.12985860086232,-0.9,4.58,9.56,-0.03,12.55,-0.03,-,21,63.72,35.16,89,-,21.96,1405.0,0.003,41,1.97,-,33,15.66,18.26,-,-,41.28,46.99,11.73,1943,47.03,49,6.27,-
Fri Sep 11 09:46:28 GMT+03:00 2026,11-sept.-2026 09:46:28.258,13.46753954343344,2.346055709826293,38.7,80.12985860024656,-1.31,3.96,8.98,0.0,12.94,0.01,-,21,63.72,34.81,88,-,24.31,1410.25,0.004,38.7,1.35,-,33,16.39,19.21,-,-,41.31,46.96,11.73,1944,47.65,49,11.37,-
Fri Sep 11 09:46:29 GMT+03:00 2026,11-sept.-2026 09:46:29.459,13.651297808386072,3.728834630799174,40.5,80.12985860117003,-3.4,1.66,10.84,0.03,13.33,0.05,-,21,63.71,34.81,89,6.68,34.9,1420.75,0.012,40.5,0.84,8.96,33,16.53,19.59,-,-,41.34,46.94,11.72,1945,49.84,49,12.16,-
Fri Sep 11 09:46:30 GMT+03:00 2026,11-sept.-2026 09:46:30.553,13.609999347533352,1.7653143168766128,40.2,80.12985860086286,1.28,1.39,10.86,0.01,13.33,0.04,-,21,63.7,35.51,89,-,23.53,1414.5,0.004,40.2,0.29,-,33,16.53,19.41,-,-,41.37,46.92,11.72,1946,49.29,49,10.59,-
Fri Sep 11 09:46:31 GMT+03:00 2026,11-sept.-2026 09:46:31.569,13.492682390000974,2.444424645295387,40.1,80.12985860055106,0.47,5.74,9.64,0.03,13.33,0.04,-,21,63.69,35.16,89,-,20.78,1410.25,0.002,40.1,1.61,-,33,16.24,19.1,-,-,41.4,46.89,11.71,1947,49.61,48,5.49,-
Fri Sep 11 09:46:32 GMT+03:00 2026,11-sept.-2026 09:46:32.660,13.385824559201955,1.5140246388381071,41.6,80.12985860210358,0.98,0.77,9.61,0.07,14.12,0.07,-,21,63.69,35.16,89,-,20.78,1394.75,0.002,41.6,0.91,-,33,16.24,18.8,-,-,41.43,46.87,11.7,1948,47.91,47,9.41,-
Fri Sep 11 09:46:33 GMT+03:00 2026,11-sept.-2026 09:46:33.365,13.543904079593515,3.15758323586439,38.9,80.12985860045521,-0.21,4.46,11.63,0.02,13.73,0.01,-,21,63.68,34.81,89,6.12,33.33,1417.5,0.011,38.9,0.26,8.2,33,16.82,19.88,-,-,41.46,46.84,11.7,1949,48.74,49,14.9,-
Fri Sep 11 09:46:34 GMT+03:00 2026,11-sept.-2026 09:46:34.605,13.744949914085607,1.9138580399274223,40.1,80.12985859912675,-0.86,3.83,9.64,0.03,12.94,0.02,-,21,63.67,35.16,89,7.15,35.29,1441.75,0.013,40.1,0.83,9.59,33,16.82,20.27,-,-,41.49,46.82,11.69,1950,49.83,49,14.51,-
Fri Sep 11 09:46:35 GMT+03:00 2026,11-sept.-2026 09:46:35.398,13.523984049274324,1.6893675267065391,39.4,80.12985860117105,-0.04,2.14,9.74,-0.02,12.55,-0.06,-,21,63.66,35.16,89,-,20.78,1422.0,0.002,39.4,0.19,-,32,17.4,20.57,-,-,41.52,46.79,11.69,1951,49.19,49,13.33,-
Fri Sep 11 09:46:36 GMT+03:00 2026,11-sept.-2026 09:46:36.570,13.601486616294732,1.4906649387901822,39.6,80.1298586011704,0.66,3.14,9.41,0.04,13.73,0.07,-,21,63.65,35.16,89,-,29.8,1409.0,0.008,39.6,0.06,-,32,16.97,19.95,-,-,41.55,46.77,11.68,1952,48.94,49,9.8,-
Fri Sep 11 09:46:37 GMT+03:00 2026,11-sept.-2026 09:46:37.399,13.610873626273197,1.4644527438450672,39.2,80.12985860199227,-2.47,1.82,8.06,-0.04,13.73,-0.08,-,21,63.65,35.16,88,-,26.27,1424.5,0.006,39.2,0.7,-,32,16.24,19.32,-,-,41.58,46.75,11.67,1953,48.3,49,10.2,-
Fri Sep 11 09:46:38 GMT+03:00 2026,11-sept.-2026 09:46:38.645,13.524978091610569,2.0718711388394158,39.5,80.1298586016895,1.04,3.01,10.47,-0.01,13.33,-0.04,-,21,63.64,34.81,89,-,21.57,1409.0,0.002,39.5,0.72,-,32,16.24,19.1,-,-,41.61,46.72,11.67,1954,49.72,49,6.67,-
Fri Sep 11 09:46:39 GMT+03:00 2026,11-sept.-2026 09:46:39.266,13.415811790418626,1.5808520685678509,39.0,80.12985860006556,1.04,-0.78,8.13,-0.02,13.33,0.0,-,21,63.63,35.16,88,-,20.78,1406.75,0.002,39,0.63,-,32,15.52,18.17,-,-,41.64,46.7,11.66,1955,48.63,48,3.92,-
Fri Sep 11 09:46:40 GMT+03:00 2026,11-sept.-2026 09:46:40.613,11.344668848711462,3.534853509930732,40.2,80.12985860096566,1.71,0.73,11.01,-0.25,12.55,-0.27,-,21,63.62,35.16,89,-,9.41,1186.5,0.0,40.2,1.17,-,32,14.79,20.02,-,-,41.67,46.67,11.66,1956,39.83,41,2.75,-
Fri Sep 11 09:46:41 GMT+03:00 2026,11-sept.-2026 09:46:41.240,9.340330680573658,2.2417106289645976,39.9,80.12985860312591,0.42,0.34,12.55,-0.23,12.94,-0.22,-,21,63.6,35.16,89,-,12.55,1345.25,0.0,39.9,0.66,-,31,14.5,22.56,-,-,41.7,46.65,11.65,1957,33.34,34,1.96,-
Fri Sep 11 09:46:42 GMT+03:00 2026,11-sept.-2026 09:46:42.669,7.42422663614777,1.831458291121148,38.6,80.12985860203285,4.71,1.03,8.27,-0.18,13.33,-0.16,-,21,63.59,35.16,89,-,12.55,1652.25,0.0,38.6,0.06,-,31,14.21,28,-,-,41.73,46.63,11.64,1958,26.94,27,1.96,-
Fri Sep 11 09:46:43 GMT+03:00 2026,11-sept.-2026 09:46:43.595,5.627782702574432,1.8196681220882855,38.6,80.1298586003868,0.25,2.45,10.5,-0.14,13.33,-0.18,-,21,63.56,35.16,89,-,12.55,1246.5,0.0,38.6,0.12,-,31,14.36,20.39,-,-,41.76,46.6,11.64,1959,20.12,20,1.96,-
Fri Sep 11 09:46:44 GMT+03:00 2026,11-sept.-2026 09:46:44.368,3.997460392290488,1.995839411384628,40.5,80.12985859547598,0.02,1.46,12.74,-0.18,12.94,-0.17,-,21,63.54,35.16,89,-,12.55,1491.0,0.0,40.5,1.06,-,31,14.65,25.49,-,-,41.79,46.58,11.63,1960,15.06,14,3.14,-
Fri Sep 11 09:46:45 GMT+03:00 2026,11-sept.-2026 09:46:45.716,2.599641577523341,2.6934743780012798,39.3,80.12985859893465,-3.03,2.36,9.94,-0.15,12.55,-0.15,-,21,63.51,35.16,89,-,22.35,1094.5,0.002,39.3,0.23,-,31,14.94,13.15,-,-,41.82,46.55,11.63,1961,9.23,9,5.1,-
Fri Sep 11 09:46:46 GMT+03:00 2026,11-sept.-2026 09:46:46.549,1.515319550554756,2.8627539929387957,38.3,80.12985860216982,3.17,1.15,9.63,-0.16,13.73,-0.17,-,21,63.48,34.81,89,-,23.53,1004.0,0.002,38.3,0.85,-,30,15.23,12.13,-,-,41.85,46.53,11.62,1962,5.15,6,7.45,-
Fri Sep 11 09:46:47 GMT+03:00 2026,11-sept.-2026 09:46:47.639,0.7981966832159044,2.282663704104866,39.2,80.12985858238679,0.49,-1.11,9.7,-0.07,12.94,-0.07,-,-,63.45,35.16,-,-,24.31,943.5,0.002,39.2,0.37,-,-,-,-,-,-,41.83,46.51,11.66,1963,3.37,3,9.02,-
Fri Sep 11 09:46:48 GMT+03:00 2026,11-sept.-2026 09:46:48.600,0.4013766960168576,3.636918832450026,40.9,80.12985861790246,-0.61,1.45,9.18,-0.03,12.94,-0.04,-,21,63.42,35.16,89,-,21.57,869.5,0.002,40.9,0.4,-,30,15.08,11.35,-,-,41.81,46.48,11.71,1964,0.6,1,7.45,-
Fri Sep 11 09:46:49 GMT+03:00 2026,11-sept.-2026 09:46:49.266,0.0,3.920326059678568,39.8,80.12985861790246,0.12,2.82,11.59,-0.06,13.73,-0.09,-,21,63.39,35.16,89,-,21.57,863.0,0.002,39.8,0.28,-,30,14.94,11.13,-,-,41.79,46.46,11.76,1965,0.28,0,5.1,-
Fri Sep 11 09:46:50 GMT+03:00 2026,11-sept.-2026 09:46:50.627,0.0,4.025061572722062,38.7,80.12985862001258,0.0,1.72,12.49,0.05,12.94,0.09,-,21,63.36,35.16,88,-,21.57,871.5,0.002,38.7,0.17,-,30,14.79,11.12,-,-,41.77,46.43,11.8,1966,0.17,0,1.57,-
Fri Sep 11 09:46:51 GMT+03:00 2026,11-sept.-2026 09:46:51.737,0.0,3.683697026937821,38.6,0.0,0.11,-0.38,8.68,0.05,12.94,0.02,-,21,63.32,35.16,88,-,21.57,883.5,0.002,38.6,0.27,-,29,14.79,11.3,-,-,41.74,46.41,11.85,1967,0.27,0,1.57,-
Fri Sep 11 09:46:52 GMT+03:00 2026,11-sept.-2026 09:46:52.797,0.0,4.134716191080225,38.9,0.0,-1.03,1.87,8.93,-0.01,13.33,-0.01,-,21,63.29,35.51,88,-,21.18,851.0,0.002,38.9,0.19,-,29,14.79,10.82,-,-,41.72,46.39,11.89,1968,0.19,0,1.57,-
Fri Sep 11 09:46:53 GMT+03:00 2026,11-sept.-2026 09:46:53.253,0.0,4.242915135240492,39.4,0.0,0.23,2.91,9.74,-0.02,13.33,0.0,-,21,63.26,35.16,89,-,21.18,848.75,0.002,39.4,0.95,-,29,14.79,10.78,-,-,41.7,46.36,11.94,1969,0.05,1,1.57,-
Fri Sep 11 09:46:54 GMT+03:00 2026,11-sept.-2026 09:46:54.625,0.0,4.017296277415128,39.9,0.0,1.16,2.87,8.89,-0.02,13.33,0.01,-,21,63.23,35.16,89,-,21.18,838.25,0.002,39.9,0.53,-,29,14.79,10.63,-,-,41.68,46.34,11.98,1970,0.53,0,1.57,-
Fri Sep 11 09:46:55 GMT+03:00 2026,11-sept.-2026 09:46:55.539,0.0,4.773531660498678,40.2,0.0,-2.68,1.64,7.38,0.0,14.12,-0.01,-,21,63.19,34.81,89,-,20.78,822.0,0.002,40.2,0.14,-,29,14.79,10.4,-,-,41.66,46.32,12.03,1971,0.14,0,1.57,-
Fri Sep 11 09:46:56 GMT+03:00 2026,11-sept.-2026 09:46:56.556,0.0,4.52668346823581,38.4,0.0,-1.05,3.23,9.94,0.04,13.33,0.04,-,21,63.16,35.16,89,-,20.78,855.75,0.002,38.4,0.01,-,29,14.79,10.89,-,-,41.64,46.29,12.07,1972,0.01,0,1.57,-
Fri Sep 11 09:46:57 GMT+03:00 2026,11-sept.-2026 09:46:57.466,0.0,5.024038199514575,39.7,0.0,1.04,3.19,10.38,-0.02,13.33,-0.01,-,21,63.13,35.51,89,-,20.39,827.25,0.002,39.7,0.06,-,29,14.79,10.47,-,-,41.62,46.27,12.12,1973,0.06,0,1.57,-
Fri Sep 11 09:46:58 GMT+03:00 2026,11-sept.-2026 09:46:58.662,0.0,4.20609700900772,39.4,0.0,1.09,2.38,10.8,-0.03,13.33,-0.06,-,21,63.1,35.16,89,-,20.39,826.75,0.002,39.4,0.44,-,29,14.79,10.47,-,-,41.59,46.24,12.16,1974,0.44,0,1.57,-
Fri Sep 11 09:46:59 GMT+03:00 2026,11-sept.-2026 09:46:59.570,0.0,3.809967578628908,41.9,0.0,-0.3,1.89,10.38,0.01,13.73,0.01,-,21,63.06,35.16,89,-,20.0,833.75,0.002,41.9,0.1,-,29,14.79,10.57,-,-,41.57,46.22,12.21,1975,0.1,0,1.96,-
Fri Sep 11 09:47:00 GMT+03:00 2026,11-sept.-2026 09:47:00.636,0.0,3.714620171206593,40.5,0.0,0.15,3.2,9.8,-0.02,13.33,-0.02,-,21,63.03,35.16,89,-,20.0,848.0,0.002,40.5,0.7,-,29,14.79,10.79,-,-,41.55,46.2,12.25,1976,0.7,0,1.57,-
Fri Sep 11 09:47:01 GMT+03:00 2026,11-sept.-2026 09:47:01.720,0.0,4.403226922988359,38.9,0.0,-1.67,2.88,9.73,0.02,13.33,0.04,-,21,63.0,35.16,89,-,19.61,838.0,0.002,38.9,0.27,-,29,14.79,10.65,-,-,41.53,46.17,12.3,1977,0.27,0,1.57,-
Fri Sep 11 09:47:02 GMT+03:00 2026,11-sept.-2026 09:47:02.726,0.0,4.142516778578685,39.4,0.0,-0.99,1.88,10.53,-0.06,13.33,-0.06,-,21,62.97,35.16,89,-,19.61,864.75,0.002,39.4,0.11,-,29,14.79,11.05,-,-,41.51,46.15,12.34,1978,0.11,0,1.57,-
Fri Sep 11 09:47:03 GMT+03:00 2026,11-sept.-2026 09:47:03.604,0.0,3.942227493048847,39.6,0.0,0.79,2.62,7.98,0.0,13.33,-0.03,-,21,62.94,34.81,89,-,19.22,845.25,0.002,39.6,0.03,-,29,14.79,10.76,-,-,41.49,46.13,12.39,1979,0.03,0,1.57,-
Fri Sep 11 09:47:04 GMT+03:00 2026,11-sept.-2026 09:47:04.434,0.0,3.8729741115885536,39.3,0.0,-0.47,1.48,10.88,-0.01,13.73,0.0,-,21,62.9,35.16,89,-,19.22,865.0,0.002,39.3,0.03,-,29,14.79,11.05,-,-,41.47,46.1,12.43,1980,0.03,0,1.57,-
Fri Sep 11 09:47:05 GMT+03:00 2026,11-sept.-2026 09:47:05.359,0.0,5.373389467924773,40.0,0.0,0.79,2.53,8.55,-0.13,12.94,-0.12,-,21,62.87,35.16,89,-,18.82,864.0,0.002,40,0.04,-,29,14.79,11.03,-,-,41.45,46.08,12.47,1981,0.04,0,1.57,-
Fri Sep 11 09:47:06 GMT+03:00 2026,11-sept.-2026 09:47:06.430,0.0,5.031121196708766,38.7,0.0,0.31,3.46,7.92,0.03,13.33,0.07,-,21,62.84,35.51,88,-,18.82,874.75,0.002,38.7,0.13,-,29,14.79,11.19,-,-,41.42,46.06,12.52,1982,0.13,0,1.57,-
Fri Sep 11 09:47:07 GMT+03:00 2026,11-sept.-2026 09:47:07.521,0.0,3.603502892426267,39.8,0.0,0.15,3.27,11.38,0.0,12.94,-0.02,-,21,62.81,35.16,89,-,18.82,874.5,0.002,39.8,0.21,-,29,14.79,11.18,-,-,41.4,46.03,12.56,1983,0.21,0,1.18,-
Fri Sep 11 09:47:08 GMT+03:00 2026,11-sept.-2026 09:47:08.408,0.0,4.78239765304367,39.5,0.0,-0.31,3.07,9.14,-0.01,13.73,-0.02,-,21,62.78,35.16,88,-,18.43,877.25,0.002,39.5,0.04,-,29,14.79,11.22,-,-,41.38,46.01,12.61,1984,0.04,0,1.57,-
Fri Sep 11 09:47:09 GMT+03:00 2026,11-sept.-2026 09:47:09.580,0.0,4.093128100870163,40.5,0.0,0.3,1.87,10.08,0.06,12.94,0.03,-,21,62.74,34.81,89,-,18.43,866.75,0.002,40.5,0.49,-,29,14.79,11.06,-,-,41.36,45.99,12.65,1985,0.49,0,1.57,-
Fri Sep 11 09:47:10 GMT+03:00 2026,11-sept.-2026 09:47:10.685,0.0,3.951093456081789,38.6,0.0,-0.52,3.52,10.45,-0.01,12.94,0.0,-,21,62.71,35.51,89,-,18.43,862.75,0.002,38.6,0.66,-,29,14.79,11,-,-,41.34,45.96,12.7,1986,0.34,1,1.57,-
Fri Sep 11 09:47:11 GMT+03:00 2026,11-sept.-2026 09:47:11.541,0.0,4.259444555361217,38.9,0.0,1.65,2.1,9.33,0.0,13.33,-0.01,-,21,62.68,35.16,89,-,18.43,857.25,0.002,38.9,0.41,-,29,14.79,10.92,-,-,41.32,45.94,12.74,1987,0.41,0,1.57,-
Fri Sep 11 09:47:12 GMT+03:00 2026,11-sept.-2026 09:47:12.622,0.0,4.342258794513701,40.5,0.0,-0.2,2.8,9.29,-0.04,14.12,-0.06,-,21,62.65,35.16,88,-,18.43,867.5,0.002,40.5,0.01,-,29,14.79,11.07,-,-,41.3,45.92,12.79,1988,0.01,0,1.57,-
Fri Sep 11 09:47:13 GMT+03:00 2026,11-sept.-2026 09:47:13.794,0.0,3.944585037661874,38.7,0.0,-1.42,0.44,10.22,0.0,14.12,-0.03,-,21,62.62,35.16,89,-,18.43,851.0,0.002,38.7,0.1,-,29,14.79,10.83,-,-,41.28,45.89,12.83,1989,0.1,0,1.18,-
Fri Sep 11 09:47:14 GMT+03:00 2026,11-sept.-2026 09:47:14.739,0.0,4.668513572410556,40.2,0.0,2.14,5.14,10.43,0.0,12.94,0.02,-,21,62.58,35.16,89,-,18.82,831.75,0.002,-,0.04,-,29,14.79,10.54,-,-,41.26,45.87,12.87,1990,0.04,0,1.57,-
Fri Sep 11 09:47:15 GMT+03:00 2026,11-sept.-2026 09:47:15.666,0.0,3.7906333854155,39.3,0.0,0.34,2.13,9.68,0.03,13.33,0.03,-,21,62.55,35.16,89,-,18.82,832.75,0.002,39.3,0.23,-,29,14.79,10.56,-,-,41.24,45.85,12.92,1991,0.23,0,1.57,-
Fri Sep 11 09:47:16 GMT+03:00 2026,11-sept.-2026 09:47:16.607,0.0,4.423438705597924,39.3,0.0,-0.38,2.04,8.9,-0.01,14.12,-0.04,-,21,62.52,35.16,89,-,18.82,837.0,0.002,39.3,0.21,-,29,14.79,10.62,-,-,41.22,45.82,12.96,1992,0.21,0,1.57,-
Fri Sep 11 09:47:17 GMT+03:00 2026,11-sept.-2026 09:47:17.783,0.0,3.74254487743589,39.5,0.0,0.75,3.53,10.49,-0.03,13.33,-0.01,-,21,62.49,35.16,88,-,19.22,839.75,0.002,39.5,0.47,-,29,14.79,10.64,-,-,41.19,45.8,13.01,1993,0.47,0,1.57,-
Fri Sep 11 09:47:18 GMT+03:00 2026,11-sept.-2026 09:47:18.342,0.0,3.752787535082404,38.9,0.0,2.97,4.11,11.24,-0.09,13.73,-0.08,-,21,62.46,35.16,88,-,19.22,823.75,0.002,38.9,0.74,-,30,14.79,10.4,-,-,41.17,45.78,13.05,1994,0.26,1,1.96,-
Fri Sep 11 09:47:19 GMT+03:00 2026,11-sept.-2026 09:47:19.669,0.0,4.705046826023402,38.4,0.0,-3.9,1.9,9.0,-0.02,12.94,0.01,-,21,62.43,35.16,89,-,19.61,837.0,0.002,38.4,0.08,-,30,14.79,10.59,-,-,41.15,45.75,13.09,1995,0.08,0,1.96,-
Fri Sep 11 09:47:20 GMT+03:00 2026,11-sept.-2026 09:47:20.433,0.0,4.078961402793825,40.1,0.0,-1.68,0.62,8.83,0.02,13.33,0.01,-,21,62.4,35.16,89,-,19.61,844.25,0.002,40.1,0.98,-,31,14.79,10.68,-,-,41.13,45.73,13.14,1996,0.02,1,1.57,-
Fri Sep 11 09:47:21 GMT+03:00 2026,11-sept.-2026 09:47:21.246,0.0,3.776862626032638,40.0,0.0,1.06,2.73,7.18,0.0,13.73,0.0,-,-,62.36,35.16,-,-,20.0,852.5,0.002,40,0.05,-,-,-,-,-,-,41.11,45.71,13.18,1997,0.05,0,1.57,-
Fri Sep 11 09:47:22 GMT+03:00 2026,11-sept.-2026 09:47:22.670,0.0,4.226355813573878,38.2,0.0,0.42,2.99,10.12,0.01,13.33,-0.01,-,21,62.33,35.16,89,-,20.0,843.0,0.002,38.2,0.4,-,32,14.79,10.62,-,-,41.09,45.68,13.23,1998,0.4,0,1.57,-
Fri Sep 11 09:47:23 GMT+03:00 2026,11-sept.-2026 09:47:23.299,0.0,3.631231761573717,38.8,0.0,2.3,2.36,9.56,-0.01,14.12,0.0,-,21,62.3,34.81,89,-,20.39,854.5,0.002,38.8,0.03,-,33,14.79,10.76,-,-,41.07,45.66,13.27,1999,0.03,0,1.57,-
Fri Sep 11 09:47:24 GMT+03:00 2026,11-sept.-2026 09:47:24.391,0.0,4.105187670809814,39.5,0.0,0.18,5.77,9.74,0.04,13.73,0.02,-,21,62.27,35.51,89,-,20.39,869.0,0.002,39.5,0.07,-,33,14.79,10.94,-,-,41.05,45.64,13.31,2000,0.07,0,1.18,-
Fri Sep 11 09:47:25 GMT+03:00 2026,11-sept.-2026 09:47:25.423,0.0,3.6547492044429095,39.7,0.0,1.01,4.14,10.34,0.02,13.73,0.01,-,21,62.24,35.16,89,-,20.78,861.25,0.002,39.7,0.18,-,34,14.79,10.81,-,-,41.03,45.61,13.36,2001,0.18,0,1.57,-
Fri Sep 11 09:47:26 GMT+03:00 2026,11-sept.-2026 09:47:26.665,0.0,4.161760194468058,40.9,0.0,-3.15,4.34,9.75,0.03,13.33,0.01,-,21,62.21,35.16,89,-,20.78,884.0,0.002,40.9,0.07,-,35,14.79,11.12,-,-,41.01,45.59,13.4,2002,0.07,0,1.57,-
Fri Sep 11 09:47:27 GMT+03:00 2026,11-sept.-2026 09:47:27.277,0.0,4.483094406160856,39.4,0.0,-1.52,2.45,10.54,0.1,13.33,0.09,-,21,62.18,35.16,89,-,21.18,871.5,0.002,39.4,0.78,-,35,15.23,11.31,-,-,40.99,45.57,13.44,2003,0.78,0,9.41,-
Fri Sep 11 09:47:28 GMT+03:00 2026,11-sept.-2026 09:47:28.352,1.3,2.5401129750563074,38.6,80.12985859739408,-1.5,0.86,11.69,0.12,14.12,0.15,-,21,62.15,35.16,89,2.77,36.08,965.5,0.005,38.6,1.46,3.71,36,16.1,12.09,-,-,41.02,45.55,13.44,2004,5.46,4,20.0,-
Fri Sep 11 09:47:29 GMT+03:00 2026,11-sept.-2026 09:47:29.595,2.6,2.832921297956193,40.1,80.12985859753692,-3.26,3.11,9.5,0.09,14.12,0.08,-,21,62.12,35.16,89,5.54,43.14,1086.0,0.009,40.1,0.04,7.43,36,17.26,14.79,-,-,41.05,45.52,13.43,2005,9.04,9,28.24,-
Fri Sep 11 09:47:30 GMT+03:00 2026,11-sept.-2026 09:47:30.735,3.9,1.5687954126944068,37.9,80.12985860249633,-1.43,1.33,9.82,0.12,13.33,0.13,-,21,62.1,34.81,89,8.33,37.65,1449.0,0.015,37.9,1.01,11.17,36,18.42,21.96,-,-,41.08,45.5,13.42,2006,15.01,14,27.45,-
Fri Sep 11 09:47:31 GMT+03:00 2026,11-sept.-2026 09:47:31.752,5.2,1.4760263062982908,40.3,80.12985860120375,-0.16,1.83,10.67,0.13,13.73,0.12,-,21,62.07,35.16,89,11.13,34.51,1934.25,0.02,40.3,0.12,14.93,37,19,31.45,-,-,41.11,45.48,13.42,2007,19.12,19,24.31,-
Fri Sep 11 09:47:32 GMT+03:00 2026,11-sept.-2026 09:47:32.297,6.5,2.159097841583125,38.9,80.12985860057603,-0.62,1.6,8.67,0.16,13.33,0.17,-,21,62.05,34.81,88,13.95,34.51,2443.25,0.025,38.9,0.75,18.71,37,19.87,42.07,-,-,41.14,45.45,13.41,2008,23.75,23,27.06,-
Fri Sep 11 09:47:33 GMT+03:00 2026,11-sept.-2026 09:47:33.368,7.8,1.5388126830018665,41.7,80.12985860277891,-0.01,2.38,10.61,0.15,14.51,0.13,-,21,62.04,35.16,88,16.81,45.49,1731.0,0.028,41.7,0.33,22.54,37,20.6,30.09,-,-,41.16,45.43,13.4,2009,27.67,28,30.98,-
Fri Sep 11 09:47:34 GMT+03:00 2026,11-sept.-2026 09:47:34.700,9.1,2.931372439985581,39.8,80.12985859967988,-0.28,2.16,10.0,0.19,14.9,0.19,-,21,62.02,34.81,89,19.69,45.1,2012.75,0.033,39.8,1.89,26.41,37,21.18,36.57,-,-,41.19,45.41,13.4,2010,33.89,32,34.9,-
Fri Sep 11 09:47:35 GMT+03:00 2026,11-sept.-2026 09:47:35.296,10.4,1.5916724589878937,39.1,80.12985859945299,-0.87,3.45,9.6,0.12,14.12,0.08,-,21,62.01,35.16,88,22.61,45.49,2291.0,0.037,39.1,0.12,30.33,38,21.9,43.31,-,-,41.22,45.39,13.39,2011,36.88,37,35.29,-
Fri Sep 11 09:47:36 GMT+03:00 2026,11-sept.-2026 09:47:36.785,11.7,1.670146397999348,39.7,80.12985860107844,0.26,1.54,11.7,0.12,14.12,0.14,-,21,62.0,35.16,88,25.58,45.88,2588.0,0.042,39.7,1.62,34.3,38,22.63,50.47,-,-,41.25,45.36,13.38,2012,40.38,42,40.39,-
Fri Sep 11 09:47:37 GMT+03:00 2026,11-sept.-2026 09:47:37.664,13.000000000000002,2.236443950375971,38.7,80.12985860117479,-1.76,3.31,8.93,0.17,15.29,0.16,-,21,61.99,35.51,89,28.6,59.61,1884.0,0.043,38.7,0.54,38.35,38,22.48,49.94,-,-,41.28,45.34,13.38,2013,46.54,46,38.43,-
Fri Sep 11 09:47:38 GMT+03:00 2026,11-sept.-2026 09:47:38.500,13.642238657783007,3.387597260963918,37.8,80.12985860106653,0.18,4.81,8.18,0.06,13.73,0.09,-,21,61.99,35.16,89,16.38,41.18,1966.5,0.028,37.8,1.1,21.96,38,21.9,36.7,-,-,41.31,45.32,13.37,2014,47.9,49,35.69,-
Fri Sep 11 09:47:39 GMT+03:00 2026,11-sept.-2026 09:47:39.408,13.97497430485643,1.5380160240573295,37.9,80.12985860116369,-2.2,2.09,9.72,0.02,14.51,0.05,-,21,61.98,35.16,89,10.21,41.57,1463.0,0.017,37.9,1.01,13.7,38,21.03,25.24,-,-,41.34,45.3,13.36,2015,49.99,51,25.49,-
Fri Sep 11 09:47:40 GMT+03:00 2026,11-sept.-2026 09:47:40.463,14.160214845388628,2.096460884648665,40.0,80.12985860096566,0.53,3.35,7.65,-0.03,13.33,-0.04,-,21,61.97,35.16,89,7.18,34.51,1473.25,0.013,40,0.63,9.63,38,18.85,22.79,-,-,41.37,45.27,13.36,2016,51.63,51,18.04,-
Fri Sep 11 09:47:41 GMT+03:00 2026,11-sept.-2026 09:47:41.422,14.094606165107518,2.6058361260617,39.7,80.12985859978473,0.48,0.39,8.59,0.02,12.94,0.01,-,21,61.97,35.51,89,-,22.75,1493.5,0.003,39.7,0.04,-,38,17.98,22.19,-,-,41.4,45.25,13.35,2017,50.96,51,14.51,-
Fri Sep 11 09:47:42 GMT+03:00 2026,11-sept.-2026 09:47:42.318,14.213772759740875,2.349995278258264,40.4,80.12985860038152,0.18,2.55,10.6,0.02,13.73,0.0,-,21,61.96,34.81,88,-,31.37,1485.0,0.011,40.4,0.06,-,38,17.69,21.7,-,-,41.43,45.23,13.34,2018,51.06,51,14.12,-
Fri Sep 11 09:47:43 GMT+03:00 2026,11-sept.-2026 09:47:43.636,14.402086491428546,2.5975206327260905,39.0,80.12985860194159,-1.21,3.46,8.74,-0.03,14.12,-0.03,-,21,61.96,35.16,89,7.42,34.12,1515.25,0.013,39,0.48,9.95,38,16.97,21.22,-,-,41.46,45.2,13.34,2019,52.48,52,13.33,-
Fri Sep 11 09:47:44 GMT+03:00 2026,11-sept.-2026 09:47:44.444,14.143266571412177,2.0868643080201403,39.6,80.12985860067285,0.41,1.61,12.35,-0.02,12.55,-0.03,-,21,61.95,35.16,89,-,20.78,1491.75,0.002,39.6,1.58,-,38,17.84,21.88,-,-,41.49,45.18,13.33,2020,52.58,51,15.69,-
Fri Sep 11 09:47:45 GMT+03:00 2026,11-sept.-2026 09:47:45.477,14.400603173278263,1.4638545905175997,40.4,80.12985860096566,1.29,0.72,9.69,0.05,13.73,0.09,-,21,61.95,35.16,89,8.94,37.65,1512.0,0.016,40.4,1.71,11.98,38,17.69,22.12,-,-,41.52,45.16,13.32,2021,50.29,52,14.12,-
Fri Sep 11 09:47:46 GMT+03:00 2026,11-sept.-2026 09:47:46.627,14.476598983903886,2.610899645929031,39.9,80.12985860125548,-2.61,1.2,7.82,-0.03,13.33,-0.04,-,21,61.94,35.16,89,-,29.41,1503.25,0.009,39.9,1.72,-,37,16.82,20.99,-,-,41.55,45.14,13.32,2022,53.72,52,14.12,-
Fri Sep 11 09:47:47 GMT+03:00 2026,11-sept.-2026 09:47:47.699,14.35911077195515,2.868273347121576,39.5,80.1298586008692,1.62,5.75,8.03,-0.07,13.33,-0.09,-,21,61.94,35.16,89,-,20.78,1505.0,0.002,39.5,0.83,-,37,17.69,22,-,-,41.58,45.11,13.31,2023,51.17,52,12.16,-
Fri Sep 11 09:47:48 GMT+03:00 2026,11-sept.-2026 09:47:48.292,14.522228942017191,1.668894286795184,38.1,80.1298586020261,-0.5,3.6,9.55,0.03,13.73,0.03,-,21,61.93,35.16,89,6.94,33.33,1519.0,0.013,38.1,0.71,9.31,37,16.68,21.04,-,-,41.6,45.09,13.3,2024,51.29,52,9.02,-
Fri Sep 11 09:47:49 GMT+03:00 2026,11-sept.-2026 09:47:49.648,14.37520002496188,2.131244720298532,39.8,80.12985860155096,0.71,1.43,9.09,-0.02,13.33,-0.03,-,21,61.93,35.16,89,-,20.78,1499.75,0.002,39.8,0.84,-,36,16.1,20.08,-,-,41.63,45.07,13.3,2025,51.16,52,9.02,-
Fri Sep 11 09:47:50 GMT+03:00 2026,11-sept.-2026 09:47:50.697,14.18215420338369,1.6438382489429442,38.8,80.12985860096566,-1.5,4.3,9.6,-0.05,12.55,-0.04,-,21,61.92,35.16,89,-,20.78,1480.0,0.002,38.8,1.02,-,35,16.53,20.37,-,-,41.66,45.05,13.29,2026,49.98,51,7.06,-
Fri Sep 11 09:47:51 GMT+03:00 2026,11-sept.-2026 09:47:51.724,14.224579266947996,2.095702659442146,40.6,80.12985860067079,-0.94,0.59,8.76,0.03,13.73,0.01,-,21,61.92,35.16,89,-,27.84,1494.5,0.008,40.6,0.05,-,35,15.81,19.69,-,-,41.69,45.02,13.28,2027,50.95,51,7.06,-
Fri Sep 11 09:47:52 GMT+03:00 2026,11-sept.-2026 09:47:52.406,14.119181271363423,3.02497912097576,38.6,80.12985860136159,-1.46,-0.46,9.63,0.03,13.33,0.05,-,-,61.91,35.16,-,-,20.78,1468.25,0.002,38.6,0.11,-,-,-,-,-,-,41.72,45,13.28,2028,51.11,51,7.45,-
Fri Sep 11 09:47:53 GMT+03:00 2026,11-sept.-2026 09:47:53.763,14.024939823691254,1.7392395416389186,40.1,80.12985860007223,1.34,0.76,8.49,0.03,12.94,0.02,-,21,61.91,34.81,89,-,21.57,1474.25,0.002,40.1,0.84,-,34,16.24,19.93,-,-,41.75,44.98,13.27,2029,50.16,51,6.67,-
Fri Sep 11 09:47:54 GMT+03:00 2026,11-sept.-2026 09:47:54.555,14.038315748972618,1.7464531655015538,39.7,80.12985860007589,0.67,0.1,7.75,0.0,14.12,-0.02,-,21,61.9,35.16,88,-,26.27,1479.25,0.007,39.7,1.36,-,34,16.39,20.2,-,-,41.78,44.96,13.26,2030,49.64,51,10.2,-
Fri Sep 11 09:47:55 GMT+03:00 2026,11-sept.-2026 09:47:55.240,14.140487706102006,1.4634056675644465,38.9,80.12985860067079,1.5,3.6,11.51,0.05,13.73,0.06,-,21,61.9,35.16,89,-,30.59,1489.5,0.01,38.9,1.46,-,34,16.82,20.97,-,-,41.81,44.94,13.26,2031,49.54,51,12.94,-
Fri Sep 11 09:47:56 GMT+03:00 2026,11-sept.-2026 09:47:56.672,14.20338871993329,2.2835183766491527,39.3,80.12985860214486,1.15,1.36,9.58,-0.03,13.33,-0.04,-,21,61.89,35.16,88,-,29.02,1472.75,0.009,39.3,1.02,-,34,16.97,20.86,-,-,41.84,44.91,13.25,2032,52.02,51,11.76,-
Fri Sep 11 09:47:57 GMT+03:00 2026,11-sept.-2026 09:47:57.514,14.146057859591936,1.9490517866264865,38.3,80.12985860175468,-1.16,2.49,8.51,0.01,12.94,-0.02,-,21,61.88,35.16,89,-,23.14,1469.5,0.004,38.3,1.41,-,34,16.82,20.61,-,-,41.87,44.89,13.24,2033,50.59,52,9.41,-
Fri Sep 11 09:47:58 GMT+03:00 2026,11-sept.-2026 09:47:58.509,14.099991573476542,1.9907758442761965,39.1,80.12985860037253,0.48,2.51,7.62,0.02,13.33,0.03,-,21,61.88,35.16,89,-,23.92,1468.0,0.004,39.1,0.01,-,34,16.53,20.21,-,-,41.89,44.87,13.24,2034,50.99,51,7.84,-
Fri Sep 11 09:47:59 GMT+03:00 2026,11-sept.-2026 09:47:59.478,14.081596123260216,1.530605656219636,38.9,80.12985860155634,-1.47,2.76,11.39,-0.02,13.73,-0.04,-,21,61.87,35.16,89,-,25.1,1450.25,0.005,38.9,0.49,-,34,16.68,20.14,-,-,41.92,44.85,13.23,2035,51.49,51,11.37,-
Fri Sep 11 09:48:00 GMT+03:00 2026,11-sept.-2026 09:48:00.774,14.2160260668835,2.582142253911258,38.8,80.12985860057327,-0.19,0.17,9.27,0.02,12.94,0.03,-,21,61.87,35.16,89,6.12,31.76,1495.5,0.011,38.8,0.22,8.2,34,16.82,20.96,-,-,41.95,44.82,13.22,2036,51.22,51,11.37,-
Fri Sep 11 09:48:01 GMT+03:00 2026,11-sept.-2026 09:48:01.752,14.184206304966498,3.140304782527788,40.5,80.12985860057225,1.2,2.44,9.77,-0.02,13.33,-0.02,-,21,61.86,35.16,88,-,24.31,1482.75,0.005,40.5,0.59,-,34,16.82,20.77,-,-,41.98,44.8,13.22,2037,51.59,51,10.98,-
Fri Sep 11 09:48:02 GMT+03:00 2026,11-sept.-2026 09:48:02.565,14.141415676987185,2.8238661893961683,40.7,80.12985860028033,3.11,2.53,8.62,0.03,13.33,0.04,-,21,61.86,35.16,89,-,23.92,1466.25,0.004,40.7,0.16,-,34,17.26,21.11,-,-,42.01,44.78,13.21,2038,51.16,51,11.76,-
Fri Sep 11 09:48:03 GMT+03:00 2026,11-sept.-2026 09:48:03.339,14.31329993555626,1.7924237454852707,40.5,80.12985860096566,-1.35,3.31,9.63,0.04,13.33,0.06,-,21,61.85,35.16,88,7,33.73,1504.0,0.013,40.5,0.06,9.38,34,16.68,21.01,-,-,42.04,44.76,13.2,2039,51.94,52,10.98,-
Fri Sep 11 09:48:04 GMT+03:00 2026,11-sept.-2026 09:48:04.621,14.237988579911017,1.6793420260702576,40.3,80.12985860086808,-3.83,3.51,8.62,0.01,12.94,-0.01,-,21,61.85,34.81,89,-,22.35,1475.0,0.003,40.3,0.72,-,34,16.97,20.91,-,-,42.07,44.74,13.2,2040,50.28,51,12.94,-
Fri Sep 11 09:48:05 GMT+03:00 2026,11-sept.-2026 09:48:05.349,14.311135279777806,1.9611972820853476,39.3,80.12985860077093,-0.31,3.91,7.85,0.04,13.73,0.06,-,21,61.84,35.16,89,-,29.41,1495.25,0.009,39.3,0.08,-,34,17.11,21.36,-,-,42.09,44.71,13.19,2041,50.92,51,9.8,-
Fri Sep 11 09:48:06 GMT+03:00 2026,11-sept.-2026 09:48:06.711,14.302667599292098,1.7247011410508228,41.5,80.12985860164774,0.0,0.66,7.64,0.06,13.73,0.08,-,21,61.84,34.81,89,-,25.49,1482.5,0.006,41.5,0.12,-,34,16.68,20.57,-,-,42.12,44.69,13.19,2042,52.12,52,10.98,-
Fri Sep 11 09:48:07 GMT+03:00 2026,11-sept.-2026 09:48:07.646,14.287155093310677,2.4434630637294044,39.6,80.12985860077073,-1.06,2.44,9.44,-0.02,13.33,0.02,-,21,61.83,34.81,89,-,25.1,1505.0,0.006,39.6,0.81,-,34,16.82,21.25,-,-,42.15,44.67,13.18,2043,51.81,51,9.8,-
Fri Sep 11 09:48:08 GMT+03:00 2026,11-sept.-2026 09:48:08.486,14.295794103356888,2.492327122517646,39.0,80.1298586017475,-1.02,2.23,9.01,-0.05,12.94,-0.06,-,21,61.83,35.16,89,-,26.27,1502.5,0.007,39,0.65,-,34,16.39,20.63,-,-,42.18,44.65,13.17,2044,51.65,51,8.24,-
Fri Sep 11 09:48:09 GMT+03:00 2026,11-sept.-2026 09:48:09.592,14.209511217642056,2.965352195888237,36.5,80.12985860106363,-1.6,0.99,11.26,0.0,12.55,0.04,-,21,61.82,35.16,89,-,21.96,1495.25,0.003,36.5,0.03,-,34,16.53,20.59,-,-,42.21,44.63,13.17,2045,50.97,51,8.63,-
Fri Sep 11 09:48:10 GMT+03:00 2026,11-sept.-2026 09:48:10.634,14.222230787355478,1.9846028800543456,38.9,80.12985860106343,1.43,2.08,9.37,-0.07,12.94,-0.08,-,21,61.82,35.16,88,-,26.27,1506.5,0.007,38.9,0.58,-,34,16.68,20.97,-,-,42.24,44.6,13.16,2046,50.42,51,9.41,-
Fri Sep 11 09:48:11 GMT+03:00 2026,11-sept.-2026 09:48:11.278,14.26944619169424,2.452861404871771,38.3,80.1298586015524,0.86,3.93,8.91,-0.01,13.73,-0.04,-,21,61.81,35.16,89,-,27.84,1506.25,0.008,38.3,1.62,-,34,16.53,20.74,-,-,42.27,44.58,13.15,2047,52.62,51,10.2,-
Fri Sep 11 09:48:12 GMT+03:00 2026,11-sept.-2026 09:48:12.569,14.21769092949854,1.6566143122041963,39.9,80.12985860037976,-0.52,1.55,8.82,-0.02,13.73,-0.01,-,21,61.81,35.16,88,-,23.53,1484.25,0.004,39.9,0.44,-,34,16.97,21.03,-,-,42.29,44.56,13.15,2048,51.44,51,11.37,-
Fri Sep 11 09:48:13 GMT+03:00 2026,11-sept.-2026 09:48:13.730,14.311510253046588,1.7689248690812076,39.4,80.12985860018807,0.72,3.85,10.81,0.03,14.12,0.01,-,21,61.8,35.16,88,-,30.2,1486.0,0.01,39.4,1.57,-,34,17.11,21.16,-,-,42.32,44.54,13.14,2049,53.57,52,11.37,-
Fri Sep 11 09:48:14 GMT+03:00 2026,11-sept.-2026 09:48:14.325,14.350080983761591,2.699630103140365,39.7,80.12985860096566,-3.34,1.82,8.26,-0.01,13.73,0.0,-,21,61.8,34.81,89,-,27.84,1480.75,0.008,39.7,0.45,-,34,16.82,20.87,-,-,42.35,44.52,13.13,2050,51.45,51,12.16,-
Fri Sep 11 09:48:15 GMT+03:00 2026,11-sept.-2026 09:48:15.482,14.334882430944504,1.8014117657220037,37.2,80.12985860057395,-1.3,-0.39,6.83,0.06,12.94,0.04,-,21,61.79,35.16,89,-,25.1,1501.0,0.006,37.2,0.27,-,34,16.68,20.96,-,-,42.38,44.49,13.13,2051,51.73,52,8.63,-
Fri Sep 11 09:48:16 GMT+03:00 2026,11-sept.-2026 09:48:16.426,14.113665748907104,2.090117072948732,37.6,80.12985860086641,0.08,1.22,8.34,-0.03,12.94,-0.04,-,21,61.79,35.16,89,-,20.78,1468.0,0.002,37.6,0.32,-,34,16.1,19.72,-,-,42.41,44.47,13.12,2052,49.68,50,5.88,-
Fri Sep 11 09:48:17 GMT+03:00 2026,11-sept.-2026 09:48:17.759,13.95866638900467,2.739694948997371,40.1,80.12985860106542,-0.83,3.21,6.86,-0.08,12.16,-0.05,-,21,61.78,34.81,88,-,20.78,1444.5,0.002,40.1,0.58,-,34,15.95,19.23,-,-,42.44,44.45,13.11,2053,50.58,50,6.27,-
Fri Sep 11 09:48:18 GMT+03:00 2026,11-sept.-2026 09:48:18.357,13.962587560074128,2.4125308014444737,37.3,80.12985860006397,-1.31,1.56,9.63,-0.02,13.73,-0.02,-,21,61.77,35.16,89,-,26.27,1445.0,0.006,37.3,0.51,-,34,15.66,18.88,-,-,42.46,44.43,13.11,2054,50.51,50,6.27,-
Fri Sep 11 09:48:19 GMT+03:00 2026,11-sept.-2026 09:48:19.612,13.84392181746274,3.332854464394732,36.3,80.12985860237922,-3.48,2.71,9.63,-0.02,13.33,-0.03,-,21,61.77,35.16,89,-,20.78,1451.75,0.002,36.3,1.16,-,34,15.66,19.02,-,-,42.49,44.41,13.1,2055,48.84,50,6.67,-
Fri Sep 11 09:48:20 GMT+03:00 2026,11-sept.-2026 09:48:20.799,13.746950096308115,2.4473009818100198,37.7,80.12985860106586,1.05,1.16,8.7,-0.02,12.16,0.0,-,21,61.76,35.16,89,-,21.18,1440.0,0.002,37.7,0.83,-,34,16.82,20.12,-,-,42.52,44.38,13.09,2056,49.17,50,12.16,-
Fri Sep 11 09:48:21 GMT+03:00 2026,11-sept.-2026 09:48:21.307,14.052734192201608,1.9706422392571337,39.6,80.12985860086648,-0.75,0.6,11.16,0.08,14.12,0.07,-,21,61.76,35.16,89,9.7,40.39,1462.0,0.017,39.6,1.18,13.01,34,16.68,20.41,-,-,42.55,44.36,13.09,2057,48.82,50,13.73,-
Fri Sep 11 09:48:22 GMT+03:00 2026,11-sept.-2026 09:48:22.387,14.03852208068835,2.9249563669811343,37.4,80.1298586011633,-1.94,1.69,9.28,-0.01,13.33,-0.02,-,21,61.75,35.16,89,-,25.49,1456.0,0.005,37.4,0.36,-,34,17.4,21.07,-,-,42.58,44.34,13.08,2058,50.36,50,17.65,-
Fri Sep 11 09:48:23 GMT+03:00 2026,11-sept.-2026 09:48:23.728,14.14901955535984,1.880618653273875,36.5,80.1298586011637,-1.37,3.72,10.26,0.02,13.33,0.07,-,21,61.75,35.16,89,-,31.37,1463.25,0.01,36.5,0.08,-,34,17.26,21.15,-,-,42.61,44.32,13.08,2059,51.08,51,9.8,-
Fri Sep 11 09:48:24 GMT+03:00 2026,11-sept.-2026 09:48:24.475,13.983881128005052,2.248420536122968,39.0,80.12985860026791,0.01,5.27,10.95,-0.01,12.94,0.01,-,21,61.74,35.16,89,-,20.78,1464.0,0.002,39,0.87,-,34,16.53,20.21,-,-,42.63,44.3,13.07,2060,49.13,50,9.8,-
Fri Sep 11 09:48:25 GMT+03:00 2026,11-sept.-2026 09:48:25.278,13.964315030471983,2.602069993803064,38.4,79.65232070428323,1.33,2.76,8.72,-0.03,12.94,-0.03,-,21,61.73,35.16,89,-,24.71,1467.5,0.005,38.4,1.5,-,34,16.39,20,-,-,42.66,44.28,13.06,2061,49.5,51,6.27,-
Fri Sep 11 09:48:26 GMT+03:00 2026,11-sept.-2026 09:48:26.724,13.88300176345929,2.904507343888592,39.9,72.44296741524025,0.38,4.49,9.99,-0.04,13.33,-0.02,-,21,61.73,35.16,88,-,21.96,1443.75,0.003,39.9,0.05,-,34,16.24,19.47,-,-,42.69,44.25,13.06,2062,49.95,50,9.41,-
Fri Sep 11 09:48:27 GMT+03:00 2026,11-sept.-2026 09:48:27.241,13.941631866065958,1.5895218610006987,36.6,65.75655193326905,-1.53,3.93,7.81,-0.04,12.16,-0.05,-,21,61.72,35.16,89,-,28.63,1450.25,0.008,36.6,0.25,-,34,16.24,19.6,-,-,42.72,44.23,13.05,2063,50.25,50,7.84,-
Fri Sep 11 09:48:28 GMT+03:00 2026,11-sept.-2026 09:48:28.639,13.84248987275739,2.97190962054138,40.4,65.75655193410114,0.49,3.01,9.22,0.01,12.55,0.02,-,21,61.72,35.16,89,-,21.18,1444.75,0.002,40.4,1.35,-,34,16.24,19.55,-,-,42.75,44.21,13.04,2064,48.65,50,9.41,-
Fri Sep 11 09:48:29 GMT+03:00 2026,11-sept.-2026 09:48:29.496,13.83438461888987,1.9783118998819185,39.1,65.75655193397212,1.06,3.86,9.87,-0.02,13.33,0.01,-,21,61.71,35.51,89,-,25.49,1446.75,0.006,39.1,1.78,-,34,16.1,19.48,-,-,42.77,44.19,13.04,2065,50.78,49,6.27,-
Fri Sep 11 09:48:30 GMT+03:00 2026,11-sept.-2026 09:48:30.294,13.699869787496052,2.599552650897483,37.8,65.75655193425894,-1.13,1.95,9.65,0.02,12.55,0.01,-,21,61.71,35.16,88,-,20.78,1430.75,0.002,37.8,1.83,-,34,16.24,19.41,-,-,42.8,44.17,13.03,2066,50.83,49,10.2,-
Fri Sep 11 09:48:31 GMT+03:00 2026,11-sept.-2026 09:48:31.407,13.82043622713179,1.4624360475449731,36.3,65.75655193320092,-1.91,3.33,8.75,0.04,13.73,0.06,-,21,61.7,35.16,89,5.59,31.37,1466.25,0.01,36.3,0.57,7.5,34,16.24,19.92,-,-,42.83,44.15,13.02,2067,50.57,50,8.63,-
Fri Sep 11 09:48:32 GMT+03:00 2026,11-sept.-2026 09:48:32.262,13.709710499999446,1.6306859418903707,38.7,65.75655193133021,-0.35,2.2,9.62,0.0,13.33,-0.01,-,21,61.69,35.16,89,-,20.78,1426.75,0.002,38.7,1.59,-,34,15.95,18.95,-,-,42.86,44.12,13.02,2068,50.59,49,8.63,-
Fri Sep 11 09:48:33 GMT+03:00 2026,11-sept.-2026 09:48:33.316,13.569370049802956,1.5030935904371971,38.9,65.75655193185993,2.85,-0.58,9.68,0.01,13.33,0.01,-,21,61.69,35.16,89,-,20.78,1417.0,0.002,38.9,0.8,-,34,16.53,19.4,-,-,42.88,44.1,13.01,2069,48.2,49,7.84,-
Fri Sep 11 09:48:34 GMT+03:00 2026,11-sept.-2026 09:48:34.717,13.642618587322168,1.653220643362527,38.9,65.75655193412634,-0.95,4.43,6.97,0.01,13.33,0.0,-,21,61.68,35.16,89,-,29.41,1427.5,0.008,38.9,0.51,-,34,16.82,19.92,-,-,42.91,44.08,13.01,2070,49.51,49,14.12,-
Fri Sep 11 09:48:35 GMT+03:00 2026,11-sept.-2026 09:48:35.799,13.892262989659988,2.918799552031813,37.9,65.75655193488333,-0.47,4.06,9.48,0.03,14.51,0.04,-,21,61.68,35.51,89,8.37,37.65,1453.75,0.015,37.9,0.33,11.23,34,17.26,20.82,-,-,42.94,44.06,13,2071,50.33,50,16.47,-
Fri Sep 11 09:48:36 GMT+03:00 2026,11-sept.-2026 09:48:36.274,13.921478793451584,1.9625351713761008,38.2,65.75655193350923,-1.14,4.83,11.17,-0.04,14.12,-0.03,-,21,61.67,35.51,89,-,27.45,1448.25,0.007,38.2,0.06,-,33,17.4,20.95,-,-,42.97,44.04,12.99,2072,50.06,50,14.12,-
Fri Sep 11 09:48:37 GMT+03:00 2026,11-sept.-2026 09:48:37.650,13.86788260631582,1.562983522495894,38.7,65.75655193313794,-1.66,1.29,10.0,-0.06,12.55,-0.09,-,21,61.66,35.16,89,-,23.14,1466.75,0.004,38.7,1.43,-,34,17.26,21.16,-,-,43,44.02,12.99,2073,48.57,50,10.2,-
Fri Sep 11 09:48:38 GMT+03:00 2026,11-sept.-2026 09:48:38.570,13.90857123754888,2.8348226417249824,37.7,65.75655193313307,-0.88,2.72,9.83,-0.03,12.94,-0.02,-,21,61.66,35.16,89,-,27.84,1462.25,0.007,37.7,1.25,-,33,16.1,19.66,-,-,43.02,44,12.98,2074,49.75,51,7.06,-
Fri Sep 11 09:48:39 GMT+03:00 2026,11-sept.-2026 09:48:39.537,13.48571898891322,2.1292405559077507,39.0,65.75655193416254,0.52,2.56,10.66,-0.01,13.73,-0.01,-,21,61.65,35.16,89,-,12.94,1412.25,0.0,39,0.63,-,33,15.95,26.04,-,-,43.05,43.97,12.97,2075,49.63,49,7.84,-
Fri Sep 11 09:48:40 GMT+03:00 2026,11-sept.-2026 09:48:40.690,13.47120911659586,1.6605117477454585,37.9,65.75655193425166,-0.19,1.8,11.74,-0.02,12.94,0.0,-,21,61.65,34.81,89,-,25.1,1413.5,0.005,37.9,1.4,-,33,16.24,19.08,-,-,43.08,43.95,12.97,2076,47.6,49,7.84,-
Fri Sep 11 09:48:41 GMT+03:00 2026,11-sept.-2026 09:48:41.544,13.517526334076956,1.410738229844305,39.2,65.75655193308363,1.13,1.95,10.61,0.02,12.94,0.05,-,21,61.64,35.16,88,-,28.24,1414.0,0.007,39.2,0.04,-,33,16.1,18.99,-,-,43.11,43.93,12.96,2077,49.04,49,10.98,-
Fri Sep 11 09:48:42 GMT+03:00 2026,11-sept.-2026 09:48:42.271,13.528490299009158,1.541860922815241,39.8,65.7565519335546,-0.37,1.31,6.85,-0.04,13.73,-0.08,-,21,61.63,35.16,89,-,26.27,1418.75,0.006,39.8,0.66,-,33,16.82,19.81,-,-,43.13,43.91,12.95,2078,48.34,49,11.76,-
Fri Sep 11 09:48:43 GMT+03:00 2026,11-sept.-2026 09:48:43.375,13.551577051686335,2.4153801149177574,38.3,65.7565519336,-3.28,3.58,9.81,-0.02,13.73,-0.03,-,21,61.63,35.16,88,-,27.06,1408.5,0.006,38.3,1.1,-,33,16.53,19.34,-,-,43.16,43.89,12.95,2079,50.1,49,9.02,-
Fri Sep 11 09:48:44 GMT+03:00 2026,11-sept.-2026 09:48:44.485,13.388729327831912,2.1804252039248144,36.8,65.75655193407658,-0.38,2.02,9.77,-0.08,13.33,-0.13,-,21,61.62,35.16,89,-,21.18,1388.0,0.002,36.8,0.3,-,33,16.39,18.86,-,-,43.19,43.87,12.94,2080,48.3,48,8.63,-
Fri Sep 11 09:48:45 GMT+03:00 2026,11-sept.-2026 09:48:45.469,13.382347569309172,1.8165176254078792,38.2,65.75655193412419,0.15,0.66,10.07,0.03,14.51,0.04,-,21,61.61,35.16,89,-,25.49,1404.5,0.005,38.2,0.48,-,33,16.1,18.77,-,-,43.22,43.85,12.94,2081,48.48,48,6.67,-
Fri Sep 11 09:48:46 GMT+03:00 2026,11-sept.-2026 09:48:46.743,13.292812450322554,1.7499165135432622,39.6,65.75655193167043,-1.92,4.4,7.61,-0.03,13.33,-0.03,-,21,61.61,34.81,89,-,21.57,1389.5,0.002,39.6,0.41,-,32,16.24,18.83,-,-,43.24,43.83,12.93,2082,47.41,47,10.59,-
Fri Sep 11 09:48:47 GMT+03:00 2026,11-sept.-2026 09:48:47.264,13.418092093868728,2.5343658817433283,38.0,65.75655193168362,1.77,4.6,11.04,-0.01,13.33,-0.01,-,21,61.6,35.16,89,5.46,31.76,1418.75,0.01,38,0.57,7.33,32,16.82,19.87,-,-,43.27,43.8,12.92,2083,48.57,48,12.16,-
Fri Sep 11 09:48:48 GMT+03:00 2026,11-sept.-2026 09:48:48.641,13.488284352118086,2.6954724082596577,37.1,65.75655193368785,-0.53,1.67,11.16,-0.02,13.33,-0.03,-,21,61.59,35.16,89,-,29.41,1414.0,0.008,37.1,0.85,-,32,16.24,19.17,-,-,43.3,43.78,12.92,2084,49.85,49,10.98,-
Fri Sep 11 09:48:49 GMT+03:00 2026,11-sept.-2026 09:48:49.530,10.723047368625169,2.5881084224978665,38.0,65.75655193371264,0.72,0.08,11.3,-0.26,12.94,-0.28,-,21,61.58,35.16,88,-,10.59,1547.25,0.0,38,0.64,-,32,15.95,29.05,-,-,43.33,43.76,12.91,2085,38.36,39,5.88,-
Fri Sep 11 09:48:50 GMT+03:00 2026,11-sept.-2026 09:48:50.608,8.130235033355552,1.773253871511839,37.9,65.7565519321351,0.44,1.32,14.63,-0.27,12.55,-0.27,-,21,61.57,35.16,89,-,10.2,1171.25,0.0,37.9,0.49,-,31,15.08,20.04,-,-,43.35,43.74,12.9,2086,28.51,29,1.57,-
Fri Sep 11 09:48:51 GMT+03:00 2026,11-sept.-2026 09:48:51.699,5.776777594357565,2.510683041166319,37.0,65.75655193367827,2.33,1.2,11.98,-0.22,12.94,-0.24,-,21,61.55,35.16,89,-,9.41,1289.0,0.0,37,0.86,-,31,14.36,21.26,-,-,43.38,43.72,12.9,2087,20.86,20,1.57,-
Fri Sep 11 09:48:52 GMT+03:00 2026,11-sept.-2026 09:48:52.453,3.7583308673844766,2.550098351125333,39.5,65.75655193725987,1.59,1.19,11.88,-0.19,12.94,-0.17,-,21,61.53,35.51,88,-,12.55,1410.75,0.0,39.5,0.08,-,31,14.65,24.01,-,-,43.41,43.7,12.89,2088,14.08,14,3.14,-
Fri Sep 11 09:48:53 GMT+03:00 2026,11-sept.-2026 09:48:53.655,2.191740188345195,2.5195699650992283,38.9,65.75655194073845,-0.36,2.01,9.61,-0.17,12.94,-0.18,-,21,61.5,35.16,88,-,22.75,1048.25,0.002,38.9,0.49,-,31,14.94,12.49,-,-,43.44,43.68,12.89,2089,7.49,7,5.1,-
Fri Sep 11 09:48:54 GMT+03:00 2026,11-sept.-2026 09:48:54.655,1.1548785167340756,1.665598276430992,38.3,65.75655192719587,1.35,0.59,10.76,-0.11,14.12,-0.11,-,21,61.47,35.16,88,-,23.92,969.75,0.002,38.3,0.49,-,31,15.23,11.64,-,-,43.46,43.66,12.88,2090,3.51,4,7.84,-
Fri Sep 11 09:48:55 GMT+03:00 2026,11-sept.-2026 09:48:55.249,0.5807780459182963,2.4170221937187497,37.6,65.75655192573771,-0.68,2.91,9.64,-0.07,13.73,-0.08,-,21,61.44,34.81,89,-,25.1,906.5,0.002,37.6,1.07,-,31,15.37,10.83,-,-,43.44,43.64,12.92,2091,3.07,2,6.27,-
Fri Sep 11 09:48:56 GMT+03:00 2026,11-sept.-2026 09:48:56.588,0.0,4.370925792995958,37.1,65.75655192573771,-0.1,1.71,9.95,-0.02,13.33,-0.05,-,21,61.42,35.16,88,-,21.18,859.25,0.002,37.1,0.07,-,30,15.08,11.2,-,-,43.42,43.61,12.96,2092,0.07,0,4.31,-
Fri Sep 11 09:48:57 GMT+03:00 2026,11-sept.-2026 09:48:57.421,0.0,4.136599724567274,38.1,65.75655193611135,-2.63,2.79,8.54,-0.09,13.73,-0.07,-,21,61.39,35.51,89,-,21.18,866.25,0.002,38.1,0.04,-,30,14.94,11.17,-,-,43.4,43.59,13.01,2093,0.04,0,1.57,-
Fri Sep 11 09:48:58 GMT+03:00 2026,11-sept.-2026 09:48:58.796,0.0,6.111818045453448,39.3,0.0,-1.68,3.57,8.13,-0.03,14.12,-0.02,-,21,61.36,35.51,88,-,21.57,865.5,0.002,39.3,0.24,-,30,14.79,11.02,-,-,43.38,43.57,13.05,2094,0.24,0,1.57,-
Fri Sep 11 09:48:59 GMT+03:00 2026,11-sept.-2026 09:48:59.667,0.0,3.675971468221208,38.7,0.0,-0.44,3.09,8.49,-0.03,13.73,0.0,-,21,61.33,35.16,89,-,21.57,867.25,0.002,38.7,0.04,-,30,14.79,11.06,-,-,43.36,43.55,13.09,2095,0.04,0,1.57,-
Fri Sep 11 09:49:00 GMT+03:00 2026,11-sept.-2026 09:49:00.774,0.0,3.806588363568201,38.7,0.0,-1.4,3.05,8.4,-0.01,14.12,-0.03,-,21,61.3,35.51,88,-,21.57,885.0,0.002,38.7,0.38,-,30,14.79,11.33,-,-,43.34,43.53,13.13,2096,0.38,0,1.96,-
Fri Sep 11 09:49:01 GMT+03:00 2026,11-sept.-2026 09:49:01.742,0.0,4.323980939162633,37.6,0.0,2.38,1.61,9.43,-0.05,13.33,-0.03,-,21,61.27,35.16,88,-,21.57,878.25,0.002,37.6,0.68,-,29,14.79,11.24,-,-,43.32,43.51,13.17,2097,0.32,1,1.96,-
Fri Sep 11 09:49:02 GMT+03:00 2026,11-sept.-2026 09:49:02.471,0.0,3.891809585646524,37.3,0.0,-0.6,3.03,9.16,-0.08,13.33,-0.08,-,21,61.24,35.16,88,-,21.57,890.25,0.002,37.3,0.11,-,29,14.79,11.41,-,-,43.3,43.49,13.21,2098,0.11,0,1.57,-
Fri Sep 11 09:49:03 GMT+03:00 2026,11-sept.-2026 09:49:03.520,0.0,3.8469579049620175,36.8,0.0,-0.27,1.21,8.02,0.01,13.33,0.02,-,21,61.21,35.16,89,-,21.57,864.75,0.002,36.8,0.1,-,29,14.79,11.04,-,-,43.28,43.47,13.26,2099,0.1,0,1.96,-
Fri Sep 11 09:49:04 GMT+03:00 2026,11-sept.-2026 09:49:04.611,0.0,4.169394599204475,38.1,0.0,2.03,3.71,9.13,-0.02,13.33,-0.04,-,21,61.18,35.16,89,-,21.18,862.75,0.002,38.1,0.14,-,29,14.79,11.01,-,-,43.25,43.45,13.3,2100,0.14,0,1.57,-
Fri Sep 11 09:49:05 GMT+03:00 2026,11-sept.-2026 09:49:05.757,0.0,3.69562335656228,38.9,0.0,2.39,-0.84,10.63,0.03,14.51,0.04,-,21,61.15,34.81,89,-,21.18,847.25,0.002,38.9,0.07,-,29,14.79,10.78,-,-,43.23,43.43,13.34,2101,0.07,0,1.96,-
Fri Sep 11 09:49:06 GMT+03:00 2026,11-sept.-2026 09:49:06.650,0.0,4.713631356238476,36.4,0.0,0.37,2.56,9.88,0.04,13.33,0.05,-,21,61.12,35.16,89,-,21.18,853.5,0.002,36.4,0.56,-,29,14.79,10.87,-,-,43.21,43.41,13.38,2102,0.44,1,1.96,-
Fri Sep 11 09:49:07 GMT+03:00 2026,11-sept.-2026 09:49:07.775,0.0,3.6930443299911633,37.6,0.0,-0.9,1.13,9.29,0.02,13.33,0.02,-,21,61.09,35.16,89,-,20.78,845.0,0.002,37.6,0.03,-,29,14.79,10.75,-,-,43.19,43.38,13.42,2103,0.03,0,1.96,-
Fri Sep 11 09:49:08 GMT+03:00 2026,11-sept.-2026 09:49:08.671,0.0,4.301752799974755,38.8,0.0,-2.1,2.18,8.34,-0.04,12.94,-0.05,-,21,61.06,35.16,89,-,20.78,832.5,0.002,38.8,0.57,-,29,14.79,10.57,-,-,43.17,43.36,13.46,2104,0.57,0,1.96,-
Fri Sep 11 09:49:09 GMT+03:00 2026,11-sept.-2026 09:49:09.308,0.0,5.491308440985778,37.5,0.0,0.09,3.76,9.85,0.03,12.94,0.02,-,21,61.03,35.16,89,-,20.39,808.5,0.002,37.5,0.3,-,29,14.79,10.23,-,-,43.15,43.34,13.51,2105,0.3,0,1.57,-
Fri Sep 11 09:49:10 GMT+03:00 2026,11-sept.-2026 09:49:10.301,0.0,4.40227560301314,38.5,0.0,0.75,2.07,6.85,0.01,13.73,-0.01,-,21,61.01,35.16,89,-,20.39,813.75,0.002,38.5,0.43,-,29,14.79,10.31,-,-,43.13,43.32,13.55,2106,0.43,0,1.57,-
Fri Sep 11 09:49:11 GMT+03:00 2026,11-sept.-2026 09:49:11.545,0.0,4.427486628353963,37.7,0.0,-0.4,3.38,9.55,-0.03,14.12,-0.06,-,21,60.98,35.16,88,-,20.0,836.75,0.002,37.7,0.2,-,29,14.79,10.64,-,-,43.11,43.3,13.59,2107,0.2,0,1.96,-
Fri Sep 11 09:49:12 GMT+03:00 2026,11-sept.-2026 09:49:12.256,0.0,4.731506249124497,38.6,0.0,-1.18,2.37,10.06,-0.08,13.73,-0.08,-,21,60.95,34.81,89,-,20.0,848.25,0.002,38.6,0.04,-,29,14.79,10.8,-,-,43.09,43.28,13.63,2108,0.04,0,1.96,-
Fri Sep 11 09:49:13 GMT+03:00 2026,11-sept.-2026 09:49:13.524,0.0,3.811926536558469,39.5,0.0,0.61,2.73,8.77,-0.03,14.12,-0.07,-,21,60.92,35.16,88,-,19.61,843.25,0.002,39.5,0.85,-,29,14.79,10.72,-,-,43.07,43.26,13.67,2109,0.15,1,1.96,-
Fri Sep 11 09:49:14 GMT+03:00 2026,11-sept.-2026 09:49:14.615,0.0,4.779539742446335,36.7,0.0,2.43,0.98,10.78,0.07,13.33,0.11,-,21,60.89,35.16,89,-,19.22,851.0,0.002,36.7,0.24,-,30,14.79,10.81,-,-,43.05,43.24,13.71,2110,0.24,0,1.96,-
Fri Sep 11 09:49:15 GMT+03:00 2026,11-sept.-2026 09:49:15.461,0.0,3.687598329428895,40.1,0.0,-0.63,1.61,9.39,-0.03,13.73,-0.04,-,21,60.86,35.16,89,-,19.22,857.0,0.002,40.1,0.37,-,30,14.79,10.9,-,-,43.03,43.22,13.75,2111,0.37,0,1.96,-
Fri Sep 11 09:49:16 GMT+03:00 2026,11-sept.-2026 09:49:16.754,0.0,4.628085701653294,38.0,0.0,-0.8,1.2,10.77,0.01,13.33,-0.01,-,21,60.83,35.16,88,-,19.22,857.0,0.002,38,0.05,-,31,14.79,10.88,-,-,43.01,43.2,13.79,2112,0.05,0,1.96,-
Fri Sep 11 09:49:17 GMT+03:00 2026,11-sept.-2026 09:49:17.349,0.0,3.6043635217136254,37.0,0.0,-0.15,2.31,9.89,0.04,13.73,0.05,-,21,60.8,34.81,89,-,18.82,869.25,0.002,37,0.09,-,31,14.79,11.03,-,-,42.99,43.18,13.84,2113,0.09,0,1.96,-
Fri Sep 11 09:49:18 GMT+03:00 2026,11-sept.-2026 09:49:18.249,0.0,3.64164223878943,37.7,0.0,1.36,0.85,10.09,0.02,13.33,-0.01,-,21,60.77,35.16,89,-,18.82,868.25,0.002,37.7,0.06,-,32,14.79,10.99,-,-,42.97,43.16,13.88,2114,0.06,0,1.96,-
Fri Sep 11 09:49:19 GMT+03:00 2026,11-sept.-2026 09:49:19.579,0.0,5.091485482500294,37.9,0.0,-0.44,4.02,9.88,0.02,13.73,0.01,-,21,60.74,35.16,89,-,18.82,863.25,0.002,37.9,0.22,-,33,14.79,10.89,-,-,42.95,43.14,13.92,2115,0.22,0,1.96,-
Fri Sep 11 09:49:20 GMT+03:00 2026,11-sept.-2026 09:49:20.248,0.0,3.897100628263509,38.9,0.0,-0.32,3.59,11.05,0.02,14.12,0.01,-,21,60.71,35.16,89,-,18.43,866.5,0.002,38.9,0.12,-,33,14.79,10.91,-,-,42.93,43.12,13.96,2116,0.12,0,1.96,-
Fri Sep 11 09:49:21 GMT+03:00 2026,11-sept.-2026 09:49:21.774,0.0,4.109860979095975,38.1,0.0,0.05,1.74,9.98,-0.03,13.73,0.0,-,21,60.69,35.16,89,-,18.43,882.0,0.002,38.1,0.48,-,34,14.79,11.11,-,-,42.9,43.1,14,2117,0.48,0,1.57,-
Fri Sep 11 09:49:22 GMT+03:00 2026,11-sept.-2026 09:49:22.495,0.0,4.103753034464013,37.8,0.0,-0.83,-0.23,9.31,0.0,12.94,0.01,-,21,60.66,35.51,89,-,18.43,856.0,0.002,37.8,0.61,-,35,14.79,10.71,-,-,42.88,43.07,14.04,2118,0.61,0,1.96,-
Fri Sep 11 09:49:23 GMT+03:00 2026,11-sept.-2026 09:49:23.773,0.0,4.534465019121914,37.5,0.0,0.4,1.49,8.35,0.01,13.33,0.03,-,21,60.63,35.16,89,-,18.43,855.75,0.002,37.5,0.2,-,35,15.23,11.07,-,-,42.86,43.05,14.08,2119,0.2,0,9.41,-
Fri Sep 11 09:49:24 GMT+03:00 2026,11-sept.-2026 09:49:24.335,1.3,2.419396993748801,37.1,65.75655193193185,-2.88,2.05,9.94,0.19,14.12,0.2,-,21,60.6,35.16,89,2.77,36.08,968.25,0.005,37.1,0.63,3.71,36,16.1,12.12,-,-,42.89,43.03,14.08,2120,5.63,5,20.0,-
Fri Sep 11 09:49:25 GMT+03:00 2026,11-sept.-2026 09:49:25.579,2.6,2.176372109961482,39.7,65.75655192947409,-1.93,4.28,9.59,0.09,14.12,0.11,-,21,60.58,35.51,89,5.54,43.53,1082.25,0.009,39.7,0.3,7.43,36,17.26,14.73,-,-,42.92,43.01,14.07,2121,9.3,9,27.84,-
Fri Sep 11 09:49:26 GMT+03:00 2026,11-sept.-2026 09:49:26.639,3.9,1.6755013049659402,37.2,65.75655193442071,0.55,2.65,8.3,0.22,14.12,0.2,-,21,60.55,35.16,89,8.33,37.25,1469.5,0.015,37.2,0.37,11.17,36,18.42,22.32,-,-,42.95,42.99,14.06,2122,13.63,14,27.45,-
Fri Sep 11 09:49:27 GMT+03:00 2026,11-sept.-2026 09:49:27.339,5.2,3.156274311354341,36.9,65.75655193602812,-2.14,1.62,11.08,0.11,14.12,0.12,-,21,60.54,34.81,89,11.13,34.51,1948.75,0.02,36.9,0.43,14.93,36,19,31.71,-,-,42.97,42.97,14.06,2123,18.57,19,24.31,-
Fri Sep 11 09:49:28 GMT+03:00 2026,11-sept.-2026 09:49:28.604,6.5,2.5687982701133185,37.4,65.75655193416618,-0.14,0.59,10.36,0.1,14.12,0.06,-,21,60.52,35.16,88,13.95,34.51,2445.75,0.025,37.4,0.72,18.71,37,19.87,42.14,-,-,43,42.95,14.05,2124,23.72,23,27.06,-
Fri Sep 11 09:49:29 GMT+03:00 2026,11-sept.-2026 09:49:29.559,7.8,2.2569778827175995,38.7,65.75655193366688,2.47,5.16,10.34,0.14,14.12,0.08,-,21,60.5,35.16,89,16.81,45.88,1718.5,0.028,38.7,1.22,22.54,37,20.6,29.86,-,-,43.03,42.93,14.04,2125,29.22,28,30.98,-
Fri Sep 11 09:49:30 GMT+03:00 2026,11-sept.-2026 09:49:30.715,9.1,1.5559350541167427,38.3,65.75655193473183,-2.24,4.38,9.74,0.1,14.51,0.11,-,21,60.49,34.81,89,19.69,45.1,2015.25,0.033,38.3,0.01,26.41,37,21.18,36.63,-,-,43.05,42.91,14.04,2126,33.01,33,35.29,-
Fri Sep 11 09:49:31 GMT+03:00 2026,11-sept.-2026 09:49:31.319,10.4,1.4951697323886275,39.2,65.75655193367955,-1.45,2.69,12.27,0.18,13.73,0.16,-,21,60.48,35.16,89,22.61,45.49,2305.0,0.037,39.2,0.41,30.33,37,21.9,43.62,-,-,43.08,42.89,14.03,2127,37.59,38,35.29,-
Fri Sep 11 09:49:32 GMT+03:00 2026,11-sept.-2026 09:49:32.780,11.7,1.7574837306824242,39.1,65.75655193217358,-0.68,5.11,11.32,0.15,14.51,0.17,-,21,60.47,35.16,88,25.58,45.88,2601.75,0.042,39.1,0.08,34.3,38,22.34,49.97,-,-,43.11,42.87,14.02,2128,41.08,41,38.04,-
Fri Sep 11 09:49:33 GMT+03:00 2026,11-sept.-2026 09:49:33.698,12.772999253063524,3.6242462439487584,37.5,65.75655193378992,-0.11,1.99,10.23,0.15,14.51,0.14,-,21,60.46,35.51,88,23.63,53.73,1828.25,0.034,37.5,0.5,31.69,38,21.9,33.97,-,-,43.13,42.85,14.02,2129,45.5,46,34.51,-
Fri Sep 11 09:49:34 GMT+03:00 2026,11-sept.-2026 09:49:34.398,13.29570540616191,1.9918551355239031,37.7,65.75655193493294,0.7,2.83,9.37,0.1,14.12,0.1,-,21,60.46,35.51,89,13.48,38.04,1911.75,0.024,37.7,0.15,18.08,38,21.18,34.44,-,-,43.16,42.83,14.01,2130,48.15,48,30.98,-
Fri Sep 11 09:49:35 GMT+03:00 2026,11-sept.-2026 09:49:35.636,13.563542097387842,2.236966741637328,38.3,65.7565519337546,-0.37,2.99,9.53,0.04,14.51,0.01,-,21,60.45,35.16,89,8.5,39.22,1416.25,0.015,38.3,1.07,11.4,39,20.16,23.27,-,-,43.19,42.81,14,2131,49.07,48,21.96,-
Fri Sep 11 09:49:36 GMT+03:00 2026,11-sept.-2026 09:49:36.760,13.68234736568288,1.797729799974315,37.9,65.75655193258496,-0.74,-1.58,8.58,0.1,13.73,0.06,-,21,60.45,35.51,89,-,31.76,1437.0,0.01,37.9,0.41,-,39,19,22.26,-,-,43.22,42.79,14,2132,48.59,49,21.18,-
Fri Sep 11 09:49:37 GMT+03:00 2026,11-sept.-2026 09:49:37.415,13.880032180904422,1.845869507617372,38.0,65.75655193191963,-0.01,3.96,11.0,0.03,12.94,0.03,-,21,60.44,35.16,88,7.26,36.08,1422.75,0.013,38,0.59,9.74,39,18.27,21.28,-,-,43.24,42.77,13.99,2133,49.41,50,18.04,-
Fri Sep 11 09:49:38 GMT+03:00 2026,11-sept.-2026 09:49:38.496,13.981000236482256,1.6582582917738602,38.4,65.75655193313857,-1.27,0.64,7.76,0.11,14.51,0.07,-,21,60.44,35.16,89,-,30.98,1454.75,0.01,38.4,0.03,-,39,17.4,20.71,-,-,43.27,42.75,13.98,2134,49.97,50,13.73,-
Fri Sep 11 09:49:39 GMT+03:00 2026,11-sept.-2026 09:49:39.417,13.846010573088106,2.283034341547673,37.9,65.75655193340049,-1.68,1.46,8.88,0.01,12.55,-0.01,-,21,60.43,35.16,89,-,20.78,1454.5,0.002,37.9,0.33,-,39,17.69,21.04,-,-,43.3,42.73,13.98,2135,49.67,50,14.12,-
Fri Sep 11 09:49:40 GMT+03:00 2026,11-sept.-2026 09:49:40.635,14.072994769997312,2.849414196196188,38.4,65.75655193280038,-1.95,0.71,9.4,-0.02,13.73,-0.03,-,21,60.43,35.16,88,8.02,36.47,1474.75,0.014,38.4,0.09,10.76,38,17.4,21.16,-,-,43.32,42.71,13.97,2136,51.09,51,14.12,-
Fri Sep 11 09:49:41 GMT+03:00 2026,11-sept.-2026 09:49:41.497,14.18398085222402,1.6043361607199962,36.2,65.75655193417117,-0.36,2.61,9.0,0.02,13.73,-0.02,-,21,60.42,34.81,89,-,30.59,1503.25,0.01,-,0.24,-,38,17.26,21.43,-,-,43.35,42.69,13.96,2137,50.76,51,16.47,-
Fri Sep 11 09:49:42 GMT+03:00 2026,11-sept.-2026 09:49:42.248,14.207435614005574,2.441203214905281,38.1,65.75655193396142,0.45,2.08,9.74,0.04,13.33,0.06,-,21,60.42,35.16,89,-,27.06,1481.25,0.007,-,0.29,-,38,17.26,21.1,-,-,43.38,42.67,13.96,2138,51.71,52,10.59,-
Fri Sep 11 09:49:43 GMT+03:00 2026,11-sept.-2026 09:49:43.457,13.948426110506396,1.5281502616674638,37.7,65.75655193316348,1.63,0.74,9.19,-0.03,12.55,-0.02,-,21,60.41,35.51,89,-,20.78,1469.5,0.002,37.7,0.56,-,37,17.26,20.86,-,-,43.4,42.65,13.95,2139,50.44,51,12.16,-
Fri Sep 11 09:49:44 GMT+03:00 2026,11-sept.-2026 09:49:44.436,14.144579471948129,2.04989333839032,38.2,65.7565519334022,0.52,4.41,7.31,0.05,14.12,0.06,-,21,60.41,35.16,89,7.41,34.9,1481.5,0.013,38.2,0.47,9.94,37,17.4,21.36,-,-,43.43,42.63,13.94,2140,51.47,51,15.29,-
Fri Sep 11 09:49:45 GMT+03:00 2026,11-sept.-2026 09:49:45.323,14.343383799059191,1.4273049338606412,38.1,65.75655193350862,2.92,3.18,9.02,0.04,14.12,0.03,-,21,60.4,35.16,89,7.61,34.9,1497.0,0.014,38.1,1.25,10.2,36,17.11,21.19,-,-,43.46,42.61,13.94,2141,50.75,52,15.29,-
Fri Sep 11 09:49:46 GMT+03:00 2026,11-sept.-2026 09:49:46.661,14.244156991027486,2.80319271932312,35.9,65.75655193429621,0.25,2.79,8.2,0.01,12.94,0.01,-,21,60.4,35.16,88,-,21.18,1485.75,0.002,35.9,0.74,-,36,17.4,21.51,-,-,43.48,42.59,13.93,2142,50.26,51,12.16,-
Fri Sep 11 09:49:47 GMT+03:00 2026,11-sept.-2026 09:49:47.605,14.258220584375673,1.6792143574782668,37.9,65.75655193431832,-2.3,4.85,10.05,0.03,13.33,0.05,-,21,60.4,34.81,89,-,26.27,1495.75,0.007,37.9,1.42,-,35,16.82,20.96,-,-,43.51,42.57,13.92,2143,52.42,51,7.84,-
Fri Sep 11 09:49:48 GMT+03:00 2026,11-sept.-2026 09:49:48.315,14.215427164580044,2.441323308237441,38.6,65.7565519336798,-2.72,-0.11,8.36,-0.05,12.55,-0.05,-,21,60.39,35.16,89,-,23.92,1476.75,0.004,38.6,0.78,-,35,16.24,19.87,-,-,43.54,42.55,13.92,2144,51.22,52,8.63,-
Fri Sep 11 09:49:49 GMT+03:00 2026,11-sept.-2026 09:49:49.349,14.162474490257107,1.8054834744586044,37.8,65.75655193316798,-1.94,-0.23,7.11,-0.04,12.94,-0.05,-,21,60.39,35.16,88,-,23.53,1471.0,0.004,37.8,0.45,-,35,16.97,20.68,-,-,43.56,42.53,13.91,2145,50.55,51,11.37,-
Fri Sep 11 09:49:50 GMT+03:00 2026,11-sept.-2026 09:49:50.669,14.327290425145966,1.6766779136465786,38.5,65.75655193225585,-1.14,2.67,9.5,0.03,14.12,0.01,-,21,60.38,35.16,89,6.85,33.73,1488.5,0.012,38.5,1.15,9.19,35,16.68,20.61,-,-,43.59,42.51,13.9,2146,49.85,51,10.59,-
Fri Sep 11 09:49:51 GMT+03:00 2026,11-sept.-2026 09:49:51.279,14.243658031628756,1.426497888341371,38.4,65.75655193297656,0.89,2.87,9.88,0.01,12.55,0.04,-,21,60.38,35.16,89,-,21.96,1489.25,0.003,38.4,1.19,-,35,16.82,20.82,-,-,43.62,42.49,13.9,2147,50.81,52,11.76,-
Fri Sep 11 09:49:52 GMT+03:00 2026,11-sept.-2026 09:49:52.307,14.258519888930952,1.9321480385986247,39.1,65.75655193320966,2.76,2.05,10.79,-0.02,13.73,0.0,-,21,60.37,34.81,89,-,26.67,1496.25,0.007,39.1,0.17,-,34,16.53,20.71,-,-,43.64,42.47,13.89,2148,51.83,52,7.06,-
Fri Sep 11 09:49:53 GMT+03:00 2026,11-sept.-2026 09:49:53.525,14.137551219456313,3.006962805531099,38.2,65.75655193303419,-0.27,2.38,10.12,0.0,13.33,0.01,-,21,60.37,35.16,89,-,20.78,1472.75,0.002,38.2,2.46,-,34,15.81,19.41,-,-,43.67,42.45,13.88,2149,52.46,50,6.67,-
Fri Sep 11 09:49:54 GMT+03:00 2026,11-sept.-2026 09:49:54.342,13.972997671307647,1.6402805148959116,37.8,65.75655193413301,1.24,1.66,8.85,-0.04,13.73,-0.05,-,21,60.36,35.51,89,-,20.78,1453.0,0.002,37.8,2.07,-,34,16.68,20.13,-,-,43.69,42.43,13.88,2150,48.93,51,10.59,-
Fri Sep 11 09:49:55 GMT+03:00 2026,11-sept.-2026 09:49:55.447,14.216570875484187,2.680162878129474,37.3,65.75655193380783,0.47,3.1,8.27,0.06,14.51,0.03,-,21,60.36,35.16,88,8.49,37.65,1474.0,0.015,37.3,0.99,11.39,34,16.53,20.29,-,-,43.72,42.41,13.87,2151,51.01,52,12.16,-
Fri Sep 11 09:49:56 GMT+03:00 2026,11-sept.-2026 09:49:56.321,14.182004960310593,2.8112416013813597,38.5,65.75655193391428,0.15,0.78,7.92,0.06,13.33,0.04,-,21,60.36,35.16,89,-,24.31,1476.75,0.005,38.5,2.3,-,34,16.97,20.94,-,-,43.75,42.39,13.86,2152,52.3,50,14.9,-
Fri Sep 11 09:49:57 GMT+03:00 2026,11-sept.-2026 09:49:57.435,14.240224237607126,1.6204378540661128,37.7,65.75655193292987,-2.47,2.18,8.63,0.01,12.94,-0.02,-,21,60.35,35.16,89,-,28.63,1491.75,0.008,37.7,0.61,-,34,16.97,21.18,-,-,43.77,42.37,13.86,2153,51.39,52,8.63,-
Fri Sep 11 09:49:58 GMT+03:00 2026,11-sept.-2026 09:49:58.323,14.050727200532776,2.148490116893575,37.7,65.75655193340103,-0.94,3.42,9.27,0.02,12.55,0.03,-,21,60.35,35.16,88,-,20.78,1457.25,0.002,37.7,0.19,-,34,16.39,19.88,-,-,43.8,42.35,13.85,2154,50.81,51,9.02,-
Fri Sep 11 09:49:59 GMT+03:00 2026,11-sept.-2026 09:49:59.682,14.045334233531776,2.1290249571228594,36.5,65.75655193476004,0.45,-0.79,6.61,0.0,13.73,-0.02,-,21,60.34,35.16,88,-,25.49,1465.0,0.006,36.5,1.38,-,34,16.53,20.23,-,-,43.83,42.33,13.84,2155,51.38,50,8.63,-
Fri Sep 11 09:50:00 GMT+03:00 2026,11-sept.-2026 09:50:00.770,14.079598760778095,1.9984311464258744,38.1,65.75655193355205,0.13,1.69,8.08,-0.01,13.33,-0.04,-,21,60.34,35.16,88,-,27.45,1474.25,0.007,38.1,0.19,-,34,16.39,20.15,-,-,43.85,42.31,13.84,2156,51.19,51,10.2,-
Fri Sep 11 09:50:01 GMT+03:00 2026,11-sept.-2026 09:50:01.422,14.071110400813165,1.5511747132057756,37.8,65.75655193337961,-1.79,0.66,8.89,-0.02,13.73,-0.01,-,21,60.33,34.81,89,-,25.49,1476.0,0.006,37.8,0.82,-,34,16.68,20.58,-,-,43.88,42.29,13.83,2157,50.18,51,10.59,-
Fri Sep 11 09:50:02 GMT+03:00 2026,11-sept.-2026 09:50:02.613,14.072428932467114,1.796900727284184,36.9,65.75655193415152,0.34,0.32,8.32,0.04,13.73,0.07,-,21,60.33,35.16,88,-,25.88,1456.5,0.006,36.9,0.33,-,34,17.26,20.83,-,-,43.9,42.27,13.83,2158,50.67,51,12.94,-
Fri Sep 11 09:50:03 GMT+03:00 2026,11-sept.-2026 09:50:03.659,14.245568035860137,1.7294899915998465,38.8,65.75655193161742,-3.55,2.69,9.01,0.01,13.33,0.02,-,21,60.33,35.16,89,6.98,34.12,1487.75,0.013,38.8,0.23,9.36,35,17.26,21.42,-,-,43.93,42.25,13.82,2159,51.23,51,14.12,-
Fri Sep 11 09:50:04 GMT+03:00 2026,11-sept.-2026 09:50:04.275,14.303678358679036,2.042891959456653,37.1,65.75655193199465,1.1,2.72,10.35,0.05,13.73,0.05,-,21,60.32,35.16,88,-,28.24,1503.5,0.008,37.1,2.41,-,35,16.97,21.28,-,-,43.96,42.23,13.81,2160,49.59,52,12.16,-
Fri Sep 11 09:50:05 GMT+03:00 2026,11-sept.-2026 09:50:05.328,14.144930808132614,2.150033347501542,37.8,65.75655193486831,-1.29,3.26,11.22,-0.06,12.55,-0.05,-,21,60.32,35.16,89,-,20.78,1475.25,0.002,37.8,1.06,-,35,16.68,20.42,-,-,43.98,42.21,13.81,2161,52.06,51,7.45,-
Fri Sep 11 09:50:06 GMT+03:00 2026,11-sept.-2026 09:50:06.400,13.971266428245988,2.7089398062017382,36.3,65.75655193428857,-0.27,2.15,9.35,-0.05,13.73,-0.1,-,21,60.31,35.51,89,-,20.78,1458.5,0.002,36.3,0.53,-,35,16.39,19.85,-,-,44.01,42.19,13.8,2162,49.47,50,7.84,-
Fri Sep 11 09:50:07 GMT+03:00 2026,11-sept.-2026 09:50:07.477,14.04581560408342,2.1619814661499865,38.0,65.75655193323057,0.94,0.54,12.49,0.02,14.12,0.02,-,21,60.31,34.81,88,-,29.41,1455.75,0.009,38,0.17,-,35,16.82,20.37,-,-,44.04,42.17,13.79,2163,50.83,51,14.12,-
Fri Sep 11 09:50:08 GMT+03:00 2026,11-sept.-2026 09:50:08.354,14.29952036970604,1.7262324617435842,37.8,65.75655193298087,-0.03,2.8,9.52,0.1,13.73,0.09,-,21,60.3,34.81,89,8.78,37.65,1498.75,0.015,37.8,1.73,11.77,35,17.55,21.95,-,-,44.06,42.15,13.79,2164,52.73,51,18.43,-
Fri Sep 11 09:50:09 GMT+03:00 2026,11-sept.-2026 09:50:09.630,14.444488412205432,1.4382362055728295,39.2,65.75655193289569,1.11,4.21,11.12,0.0,13.73,-0.01,-,21,60.3,35.16,89,6.49,32.16,1521.75,0.012,39.2,0.58,8.7,35,17.55,22.33,-,-,44.09,42.13,13.78,2165,52.58,52,14.9,-
Fri Sep 11 09:50:10 GMT+03:00 2026,11-sept.-2026 09:50:10.463,14.263009421837811,2.06008077919642,37.1,65.7565519334874,-0.28,1.39,10.3,0.02,13.33,0.04,-,21,60.3,35.16,89,-,20.78,1487.0,0.002,37.1,0.36,-,35,17.69,21.95,-,-,44.11,42.11,13.77,2166,50.64,51,12.94,-
Fri Sep 11 09:50:11 GMT+03:00 2026,11-sept.-2026 09:50:11.288,14.397118615191337,2.1204219140967684,38.1,65.75655193414448,0.11,0.51,9.83,0.04,12.94,0.03,-,21,60.29,35.16,89,6.22,31.76,1517.0,0.011,38.1,0.62,8.34,35,16.82,21.24,-,-,44.14,42.09,13.77,2167,51.38,52,8.63,-
Fri Sep 11 09:50:12 GMT+03:00 2026,11-sept.-2026 09:50:12.418,14.223637532146329,1.593715495414025,37.3,65.75655193451612,1.38,0.52,9.13,-0.03,12.55,-0.04,-,21,60.29,35.16,88,-,20.78,1481.0,0.002,37.3,0.4,-,35,16.1,19.78,-,-,44.17,42.07,13.76,2168,51.6,52,8.63,-
Fri Sep 11 09:50:13 GMT+03:00 2026,11-sept.-2026 09:50:13.798,14.082740028272571,1.8664697369051624,37.8,65.7565519339581,3.68,2.88,8.45,-0.01,12.94,-0.05,-,21,60.28,35.16,89,-,20.78,1467.5,0.002,37.8,0.87,-,35,16.82,20.57,-,-,44.19,42.05,13.75,2169,50.13,51,9.8,-
Fri Sep 11 09:50:14 GMT+03:00 2026,11-sept.-2026 09:50:14.656,14.271955544581278,1.607729312074497,37.2,65.75655193336075,-0.82,-0.14,8.44,0.0,13.33,-0.04,-,21,60.28,35.16,89,7.35,34.51,1490.0,0.013,37.2,0.29,9.85,35,16.97,21.12,-,-,44.22,42.03,13.75,2170,50.71,51,15.29,-
Fri Sep 11 09:50:15 GMT+03:00 2026,11-sept.-2026 09:50:15.278,14.46994190571809,3.52920131582242,38.3,65.75655193405434,-1.04,1.91,8.55,0.08,14.12,0.08,-,21,60.27,35.16,89,7.68,35.29,1491.0,0.014,38.3,0.2,10.3,35,17.26,21.39,-,-,44.24,42.01,13.74,2171,53.2,53,16.08,-
Fri Sep 11 09:50:16 GMT+03:00 2026,11-sept.-2026 09:50:16.523,14.421435463410218,1.5588338143499894,38.4,65.7565519334454,-0.8,1.09,8.09,-0.01,12.94,0.01,-,21,60.27,35.16,89,-,23.53,1509.75,0.004,38.4,0.85,-,35,17.69,22.3,-,-,44.27,42,13.74,2172,52.85,52,13.73,-
Fri Sep 11 09:50:17 GMT+03:00 2026,11-sept.-2026 09:50:17.693,14.466425806907434,2.551055718524198,37.7,65.75655193158323,1.42,2.66,8.83,-0.06,13.73,-0.06,-,21,60.27,35.16,89,-,27.84,1502.75,0.008,37.7,0.47,-,35,16.82,21.16,-,-,44.29,41.98,13.73,2173,52.47,52,8.24,-
Fri Sep 11 09:50:18 GMT+03:00 2026,11-sept.-2026 09:50:18.741,14.207255276590764,2.4162071546477546,38.1,65.7565519321894,-0.44,3.31,11.0,-0.06,12.94,-0.08,-,21,60.26,35.16,89,-,20.78,1485.0,0.002,38.1,0.83,-,35,16.68,20.56,-,-,44.32,41.96,13.72,2174,51.17,52,10.59,-
Fri Sep 11 09:50:19 GMT+03:00 2026,11-sept.-2026 09:50:19.352,14.302963636627092,2.567548111482361,37.6,65.75655193350875,-0.18,4.67,10.2,-0.03,13.33,-0.01,-,21,60.26,35.51,88,-,30.2,1498.75,0.01,37.6,0.73,-,35,16.39,20.52,-,-,44.35,41.94,13.72,2175,51.27,52,7.84,-
Fri Sep 11 09:50:20 GMT+03:00 2026,11-sept.-2026 09:50:20.289,14.1130023619679,1.633014259439863,36.7,65.75655193374419,0.41,1.75,10.97,-0.08,13.33,-0.1,-,21,60.25,35.16,89,-,20.78,1463.75,0.002,36.7,0.02,-,35,16.68,20.21,-,-,44.37,41.92,13.71,2176,51.02,51,12.16,-
Fri Sep 11 09:50:21 GMT+03:00 2026,11-sept.-2026 09:50:21.507,14.23613198060646,3.228541967347192,38.1,65.75655193386967,0.24,2.8,6.1,0.03,12.94,0.04,-,21,60.25,35.16,89,5.88,31.37,1489.25,0.011,38.1,0.56,7.89,35,17.26,21.34,-,-,44.4,41.9,13.7,2177,51.56,51,12.16,-
Fri Sep 11 09:50:22 GMT+03:00 2026,11-sept.-2026 09:50:22.321,14.32898209161934,1.4765216535162915,37.2,65.75655193321015,0.59,0.75,9.71,0.03,13.73,0.04,-,21,60.25,35.16,89,-,30.2,1485.5,0.01,37.2,0.33,-,34,16.53,20.56,-,-,44.42,41.88,13.7,2178,51.67,52,12.16,-
Fri Sep 11 09:50:23 GMT+03:00 2026,11-sept.-2026 09:50:23.419,14.116844635798016,1.6260383821440616,37.9,65.75655193337991,-0.43,4.29,9.75,0.01,13.73,0.0,-,21,60.24,35.51,89,-,20.78,1474.25,0.002,37.9,0.11,-,34,16.97,20.75,-,-,44.45,41.86,13.69,2179,51.11,51,9.8,-
Fri Sep 11 09:50:24 GMT+03:00 2026,11-sept.-2026 09:50:24.469,14.104563308607611,2.9941515870053523,39.1,65.75655193370444,-0.14,-0.69,7.38,0.0,13.33,-0.01,-,21,60.24,35.51,89,-,25.49,1468.75,0.006,39.1,0.46,-,34,16.24,19.87,-,-,44.48,41.84,13.68,2180,51.46,51,6.27,-
Fri Sep 11 09:50:25 GMT+03:00 2026,11-sept.-2026 09:50:25.661,13.846529721243778,2.6707695604881456,36.8,65.75655193476946,-0.11,1.69,8.86,0.0,12.16,0.02,-,21,60.23,35.16,89,-,20.78,1446.75,0.002,36.8,0.6,-,34,16.53,19.89,-,-,44.5,41.82,13.68,2181,49.6,49,12.16,-
Fri Sep 11 09:50:26 GMT+03:00 2026,11-sept.-2026 09:50:26.557,14.071798716763563,2.2365059412991903,37.0,65.75655193329393,0.84,-0.28,8.9,0.04,13.73,0.05,-,21,60.23,35.16,89,7.99,37.25,1438.5,0.014,37,1.84,10.71,34,17.11,20.42,-,-,44.53,41.8,13.67,2182,49.16,51,13.73,-
Fri Sep 11 09:50:27 GMT+03:00 2026,11-sept.-2026 09:50:27.601,14.149688219735124,2.598817483427682,38.0,65.75655193385134,0.01,1.76,9.93,0.03,12.94,0.0,-,21,60.22,35.51,89,-,29.02,1500.0,0.009,38,0.25,-,34,17.26,21.61,-,-,44.55,41.78,13.67,2183,51.25,51,16.47,-
Fri Sep 11 09:50:28 GMT+03:00 2026,11-sept.-2026 09:50:28.516,14.186997730837914,1.6646878086521677,36.4,65.75655193406347,1.91,3.26,9.53,-0.05,13.73,-0.03,-,21,60.22,35.16,89,-,27.84,1478.75,0.008,36.4,0.64,-,34,17.69,21.89,-,-,44.58,41.76,13.66,2184,50.36,51,12.94,-
Fri Sep 11 09:50:29 GMT+03:00 2026,11-sept.-2026 09:50:29.635,14.246887321062234,1.9336194959509136,36.8,65.75655193173182,-2.67,3.18,8.41,-0.03,13.33,-0.05,-,21,60.22,35.16,89,-,28.63,1487.25,0.008,36.8,1.36,-,33,16.82,20.95,-,-,44.6,41.74,13.65,2185,52.36,51,9.8,-
Fri Sep 11 09:50:30 GMT+03:00 2026,11-sept.-2026 09:50:30.449,14.089384330427814,2.8181298822850924,36.2,65.75655193259927,-0.59,2.43,9.13,0.04,13.73,0.02,-,21,60.21,35.16,89,-,20.78,1468.25,0.002,36.2,0.18,-,33,16.24,20,-,-,44.63,41.72,13.65,2186,50.82,51,7.45,-
Fri Sep 11 09:50:31 GMT+03:00 2026,11-sept.-2026 09:50:31.414,13.916632875808558,2.3896019144404166,38.3,65.75655193309419,1.25,4.83,8.71,0.02,13.33,0.01,-,21,60.21,35.16,88,-,20.78,1446.5,0.002,38.3,0.03,-,33,15.95,19.32,-,-,44.65,41.71,13.64,2187,49.97,50,5.1,-
Fri Sep 11 09:50:32 GMT+03:00 2026,11-sept.-2026 09:50:32.500,13.855201157386425,2.646337950485821,36.5,65.75655193293922,-1.36,3.42,12.73,-0.02,14.12,-0.02,-,21,60.2,35.16,89,-,23.14,1447.75,0.003,36.5,2.18,-,33,15.66,18.99,-,-,44.68,41.69,13.63,2188,52.18,50,6.27,-
Fri Sep 11 09:50:33 GMT+03:00 2026,11-sept.-2026 09:50:33.395,13.812240042804545,1.5606866277778608,37.8,65.75655193405419,0.48,4.07,10.24,-0.02,13.73,0.0,-,21,60.2,35.16,89,-,23.92,1447.0,0.004,37.8,1.83,-,33,16.53,19.99,-,-,44.71,41.67,13.63,2189,48.17,50,11.76,-
Fri Sep 11 09:50:34 GMT+03:00 2026,11-sept.-2026 09:50:34.521,14.016319246764258,2.2320367833601664,36.4,65.75655193387651,-1.02,0.01,10.25,0.02,13.73,0.01,-,21,60.19,34.81,88,7.49,35.29,1475.25,0.013,36.4,0.46,10.05,32,16.97,20.97,-,-,44.73,41.65,13.62,2190,50.46,50,13.33,-
Fri Sep 11 09:50:35 GMT+03:00 2026,11-sept.-2026 09:50:35.329,14.047306170402798,3.088707753202107,39.4,65.75655193431376,-2.01,1.79,8.52,0.02,13.33,0.0,-,21,60.19,34.81,89,-,27.06,1477.0,0.007,39.4,0.55,-,32,16.82,20.83,-,-,44.76,41.63,13.62,2191,50.45,51,12.16,-
Fri Sep 11 09:50:36 GMT+03:00 2026,11-sept.-2026 09:50:36.419,13.849795469063936,2.581411961278913,36.8,65.75655193474128,-0.71,0.66,6.6,-0.05,12.55,-0.02,-,21,60.18,35.16,89,-,20.78,1456.5,0.002,36.8,1.16,-,32,16.39,20.01,-,-,44.78,41.61,13.61,2192,51.16,50,5.88,-
Fri Sep 11 09:50:37 GMT+03:00 2026,11-sept.-2026 09:50:37.527,11.30912194624085,2.4020074972652554,39.3,65.75655193231609,2.49,3.28,11.17,-0.29,13.33,-0.27,-,21,60.17,35.51,88,-,9.41,1183.75,0.0,39.3,1.08,-,32,15.37,20.57,-,-,44.81,41.59,13.6,2193,39.92,41,2.35,-
Fri Sep 11 09:50:38 GMT+03:00 2026,11-sept.-2026 09:50:38.509,8.890517269045091,1.558918012400576,38.3,65.75655193192475,-0.01,0.78,13.0,-0.23,13.33,-0.27,-,21,60.16,35.16,88,-,10.2,1287.0,0.0,38.3,0.87,-,31,14.65,21.69,-,-,44.83,41.57,13.6,2194,32.87,32,1.57,-
Fri Sep 11 09:50:39 GMT+03:00 2026,11-sept.-2026 09:50:39.664,6.638573326716763,1.6148527993013042,36.5,65.75655193402629,4.66,1.27,12.11,-0.28,13.33,-0.28,-,21,60.14,34.81,89,-,12.55,1457.25,0.0,36.5,0.73,-,31,14.5,24.6,-,-,44.86,41.55,13.59,2195,24.73,24,1.18,-
Fri Sep 11 09:50:40 GMT+03:00 2026,11-sept.-2026 09:50:40.423,4.619021140402204,1.5793401739014952,36.5,65.7565519363025,-0.76,0.98,11.16,-0.22,13.33,-0.22,-,21,60.12,35.16,89,-,12.16,1727.75,0.0,36.5,0.96,-,31,14.65,30.39,-,-,44.88,41.53,13.58,2196,16.04,17,2.75,-
Fri Sep 11 09:50:41 GMT+03:00 2026,11-sept.-2026 09:50:41.610,2.923579464420021,1.4285041179733209,37.8,65.75655193467995,-0.94,1.58,10.77,-0.15,12.94,-0.14,-,21,60.1,35.16,88,-,22.35,1126.25,0.002,37.8,0.22,-,31,14.94,13.67,-,-,44.91,41.51,13.58,2197,10.78,11,4.71,-
Fri Sep 11 09:50:42 GMT+03:00 2026,11-sept.-2026 09:50:42.630,1.6548278381973318,2.8340682753443227,37.5,65.75655194049494,1.44,0.47,12.02,-0.13,12.94,-0.13,-,21,60.08,35.16,89,-,23.53,1007.0,0.002,37.5,1.19,-,30,15.23,12.19,-,-,44.93,41.49,13.57,2198,7.19,6,7.45,-
Fri Sep 11 09:50:43 GMT+03:00 2026,11-sept.-2026 09:50:43.498,0.8557774836775704,1.9826820503871647,37.9,65.75655195473782,-1.12,0.03,11.27,-0.07,12.94,-0.09,-,21,60.05,35.16,89,-,24.71,925.5,0.002,37.9,2.77,-,30,15.23,11.1,-,-,44.96,41.48,13.57,2199,4.77,2,9.41,-
Fri Sep 11 09:50:44 GMT+03:00 2026,11-sept.-2026 09:50:44.311,0.4288931882886731,4.036481036449371,36.4,65.75655192396725,-3.23,3.24,10.68,-0.03,12.94,-0.03,-,21,60.02,35.16,88,-,19.22,822.5,0.002,36.4,0.1,-,30,15.08,10.65,-,-,44.94,41.46,13.61,2200,1.1,1,7.45,-
Fri Sep 11 09:50:45 GMT+03:00 2026,11-sept.-2026 09:50:45.790,0.0,3.85437085742212,36.7,65.75655192396725,0.4,2.26,12.64,0.01,13.33,0.01,-,21,60.0,35.16,88,-,18.82,827.5,0.002,36.7,0.08,-,30,14.94,10.6,-,-,44.92,41.44,13.64,2201,0.08,0,5.1,-
Fri Sep 11 09:50:46 GMT+03:00 2026,11-sept.-2026 09:50:46.269,0.0,3.9903511705161536,36.5,65.75655192122142,-1.79,4.76,9.95,0.0,13.73,0.0,-,21,59.97,35.16,89,-,18.82,823.75,0.002,36.5,0.12,-,30,14.79,10.42,-,-,44.9,41.42,13.68,2202,0.12,0,1.18,-
Fri Sep 11 09:50:47 GMT+03:00 2026,11-sept.-2026 09:50:47.791,0.0,3.643593827514586,38.5,0.0,-0.95,3.22,7.72,0.0,12.94,-0.02,-,21,59.95,35.16,89,-,18.82,835.5,0.002,-,0.14,-,30,14.79,10.6,-,-,44.88,41.4,13.72,2203,0.14,0,1.57,-
Fri Sep 11 09:50:48 GMT+03:00 2026,11-sept.-2026 09:50:48.592,0.0,4.557497134061018,37.0,0.0,-2.08,5.62,9.4,0.02,14.51,0.03,-,21,59.92,35.16,88,-,18.43,866.75,0.002,37,0.98,-,29,14.79,11.06,-,-,44.86,41.38,13.76,2204,0.02,1,1.57,-
Fri Sep 11 09:50:49 GMT+03:00 2026,11-sept.-2026 09:50:49.472,0.0,6.6920487714578,37.5,0.0,1.84,-0.65,10.89,-0.01,14.12,0.0,-,21,59.89,35.16,88,-,18.43,843.25,0.002,37.5,0.27,-,29,14.79,10.72,-,-,44.84,41.36,13.8,2205,0.27,0,1.57,-
Fri Sep 11 09:50:50 GMT+03:00 2026,11-sept.-2026 09:50:50.367,0.0,5.584313489755509,38.1,0.0,0.78,-1.0,9.41,-0.04,13.33,-0.07,-,21,59.86,35.16,89,-,18.43,862.0,0.002,38.1,0.14,-,29,14.79,11,-,-,44.81,41.34,13.84,2206,0.14,0,1.57,-
Fri Sep 11 09:50:51 GMT+03:00 2026,11-sept.-2026 09:50:51.320,0.0,4.2761955150709605,36.8,0.0,-1.4,0.49,9.59,-0.02,12.94,-0.04,-,21,59.84,35.16,89,-,18.43,861.0,0.002,36.8,0.25,-,29,14.79,10.99,-,-,44.79,41.32,13.88,2207,0.25,0,1.96,-
Fri Sep 11 09:50:52 GMT+03:00 2026,11-sept.-2026 09:50:52.544,0.0,3.626629286765154,37.7,0.0,3.25,3.11,8.38,0.03,13.33,0.02,-,21,59.81,35.16,89,-,18.43,868.5,0.002,37.7,0.33,-,29,14.79,11.11,-,-,44.77,41.31,13.92,2208,0.33,0,1.96,-
Fri Sep 11 09:50:53 GMT+03:00 2026,11-sept.-2026 09:50:53.677,0.0,6.812512238931014,35.5,0.0,0.65,1.66,10.98,0.02,13.33,0.04,-,21,59.78,35.16,89,-,18.43,868.75,0.002,35.5,0.23,-,29,14.79,11.11,-,-,44.75,41.29,13.96,2209,0.23,0,1.57,-
Fri Sep 11 09:50:54 GMT+03:00 2026,11-sept.-2026 09:50:54.751,0.0,4.035161475490639,36.3,0.0,-0.46,1.44,8.39,-0.07,12.94,-0.09,-,21,59.75,35.16,89,-,18.82,876.0,0.002,36.3,0.05,-,29,14.79,11.22,-,-,44.73,41.27,14,2210,0.05,0,1.57,-
Fri Sep 11 09:50:55 GMT+03:00 2026,11-sept.-2026 09:50:55.498,0.0,4.798151763780745,36.8,0.0,2.05,3.62,7.49,-0.07,13.33,-0.05,-,21,59.73,34.81,88,-,18.82,873.5,0.002,36.8,0.34,-,29,14.79,11.18,-,-,44.71,41.25,14.04,2211,0.34,0,1.96,-
Fri Sep 11 09:50:56 GMT+03:00 2026,11-sept.-2026 09:50:56.563,0.0,3.821794630764217,37.0,0.0,-2.37,1.86,9.75,0.02,12.94,0.0,-,21,59.7,34.81,89,-,18.82,856.0,0.002,37,0.61,-,29,14.79,10.92,-,-,44.69,41.23,14.08,2212,0.61,0,1.96,-
Fri Sep 11 09:50:57 GMT+03:00 2026,11-sept.-2026 09:50:57.401,0.0,5.062394095027804,37.5,0.0,0.54,3.17,11.8,-0.08,12.94,-0.09,-,21,59.67,35.16,88,-,19.22,849.5,0.002,37.5,0.98,-,29,14.79,10.83,-,-,44.67,41.21,14.12,2213,0.02,1,1.96,-
Fri Sep 11 09:50:58 GMT+03:00 2026,11-sept.-2026 09:50:58.610,0.0,4.634254328171579,37.0,0.0,-2.04,4.47,12.8,-0.03,13.33,-0.05,-,21,59.64,35.16,89,-,19.22,847.5,0.002,37,0.22,-,29,14.79,10.8,-,-,44.65,41.19,14.16,2214,0.22,0,1.96,-
Fri Sep 11 09:50:59 GMT+03:00 2026,11-sept.-2026 09:50:59.356,0.0,3.785804107334537,36.2,0.0,-1.56,1.2,7.96,0.01,14.12,0.02,-,21,59.62,35.16,89,-,19.61,855.5,0.002,36.2,0.86,-,29,14.79,10.92,-,-,44.63,41.17,14.19,2215,0.14,1,1.96,-
Fri Sep 11 09:51:00 GMT+03:00 2026,11-sept.-2026 09:51:00.634,0.0,3.7221952688636506,37.8,0.0,-0.44,3.24,9.74,0.02,12.94,0.0,-,21,59.59,35.16,88,-,19.61,821.5,0.002,37.8,0.04,-,29,14.79,10.42,-,-,44.61,41.16,14.23,2216,0.04,0,1.96,-
Fri Sep 11 09:51:01 GMT+03:00 2026,11-sept.-2026 09:51:01.340,0.0,4.606164595551899,35.5,0.0,-0.91,0.86,9.96,0.01,13.73,0.0,-,21,59.56,35.16,88,-,20.0,820.0,0.002,35.5,0.04,-,29,14.79,10.4,-,-,44.59,41.14,14.27,2217,0.04,0,1.96,-
Fri Sep 11 09:51:02 GMT+03:00 2026,11-sept.-2026 09:51:02.513,0.0,4.308001012204504,36.5,0.0,2.07,2.91,9.96,-0.03,13.73,0.0,-,21,59.54,35.16,89,-,20.0,833.75,0.002,36.5,0.4,-,29,14.79,10.59,-,-,44.57,41.12,14.31,2218,0.4,0,1.96,-
Fri Sep 11 09:51:03 GMT+03:00 2026,11-sept.-2026 09:51:03.641,0.0,4.646793060133945,37.3,0.0,-0.4,4.54,9.03,0.05,13.73,0.03,-,21,59.51,34.81,89,-,20.39,845.0,0.002,37.3,0.49,-,29,14.79,10.75,-,-,44.55,41.1,14.35,2219,0.49,0,1.96,-
Fri Sep 11 09:51:04 GMT+03:00 2026,11-sept.-2026 09:51:04.638,0.0,4.869864537041409,37.0,0.0,0.81,0.79,11.25,-0.05,13.33,-0.08,-,21,59.48,35.16,89,-,20.78,843.5,0.002,37,0.19,-,29,14.79,10.73,-,-,44.53,41.08,14.39,2220,0.19,0,1.96,-
Fri Sep 11 09:51:05 GMT+03:00 2026,11-sept.-2026 09:51:05.541,0.0,5.4680169150718765,37.3,0.0,-1.23,3.42,9.19,0.01,12.94,0.03,-,21,59.46,35.16,89,-,20.78,821.25,0.002,37.3,0.2,-,29,14.79,10.4,-,-,44.51,41.06,14.43,2221,0.2,0,1.96,-
Fri Sep 11 09:51:06 GMT+03:00 2026,11-sept.-2026 09:51:06.724,0.0,4.797266421782781,37.0,0.0,1.22,1.59,10.09,-0.05,13.33,-0.08,-,21,59.43,35.16,89,-,20.78,846.5,0.002,37,0.09,-,29,14.79,10.77,-,-,44.49,41.04,14.47,2222,0.09,0,1.96,-
Fri Sep 11 09:51:07 GMT+03:00 2026,11-sept.-2026 09:51:07.573,0.0,4.226352626310035,37.3,0.0,1.45,3.62,9.98,-0.05,14.12,-0.04,-,21,59.4,34.81,89,-,21.18,835.75,0.002,37.3,0.15,-,30,14.79,10.6,-,-,44.47,41.02,14.51,2223,0.15,0,1.96,-
Fri Sep 11 09:51:08 GMT+03:00 2026,11-sept.-2026 09:51:08.515,0.0,5.123802403284666,37.3,0.0,-0.72,3.6,8.75,-0.02,12.94,-0.02,-,21,59.37,35.16,88,-,21.18,857.5,0.002,37.3,0.25,-,30,14.79,10.9,-,-,44.45,41.01,14.54,2224,0.25,0,1.57,-
Fri Sep 11 09:51:09 GMT+03:00 2026,11-sept.-2026 09:51:09.584,0.0,4.229425940781376,36.6,0.0,-2.55,2.76,10.74,-0.03,13.33,-0.04,-,21,59.35,35.16,89,-,21.18,874.25,0.002,36.6,0.34,-,31,14.79,11.13,-,-,44.43,40.99,14.58,2225,0.34,0,1.57,-
Fri Sep 11 09:51:10 GMT+03:00 2026,11-sept.-2026 09:51:10.577,0.0,4.514687836070477,37.4,0.0,-0.36,1.39,9.85,0.03,13.73,-0.03,-,21,59.32,34.81,89,-,21.57,838.75,0.002,37.4,0.16,-,31,14.79,10.59,-,-,44.41,40.97,14.62,2226,0.16,0,1.57,-
Fri Sep 11 09:51:11 GMT+03:00 2026,11-sept.-2026 09:51:11.649,0.0,5.072758280030719,38.2,0.0,1.48,1.54,11.52,-0.01,12.55,-0.02,-,21,59.29,35.16,89,-,21.57,854.5,0.002,38.2,0.1,-,32,14.79,10.8,-,-,44.39,40.95,14.66,2227,0.1,0,1.57,-
Fri Sep 11 09:51:12 GMT+03:00 2026,11-sept.-2026 09:51:12.748,0.0,4.026503182326518,37.2,0.0,-2.13,1.95,6.34,-0.03,13.33,-0.05,-,21,59.27,35.16,89,-,21.57,874.5,0.002,37.2,0.86,-,33,14.79,11.06,-,-,44.37,40.93,14.7,2228,0.14,1,1.57,-
Fri Sep 11 09:51:13 GMT+03:00 2026,11-sept.-2026 09:51:13.758,0.0,4.714460607306905,39.1,0.0,1.32,2.78,9.37,0.01,13.73,0.03,-,21,59.24,35.51,89,-,21.57,863.75,0.002,39.1,0.46,-,33,14.79,10.87,-,-,44.35,40.91,14.74,2229,0.46,0,1.96,-
Fri Sep 11 09:51:14 GMT+03:00 2026,11-sept.-2026 09:51:14.353,0.0,4.171387942709014,36.9,0.0,-1.07,3.18,9.88,0.03,12.94,0.03,-,21,59.21,35.16,88,-,21.57,856.5,0.002,36.9,0.03,-,34,14.79,10.74,-,-,44.33,40.89,14.78,2230,0.03,0,1.96,-
Fri Sep 11 09:51:15 GMT+03:00 2026,11-sept.-2026 09:51:15.255,0.0,4.846587469091102,36.7,0.0,0.96,1.12,9.55,0.01,13.33,0.02,-,21,59.19,35.16,89,-,21.57,861.25,0.002,36.7,0.18,-,35,14.79,10.78,-,-,44.31,40.88,14.81,2231,0.18,0,1.96,-
Fri Sep 11 09:51:16 GMT+03:00 2026,11-sept.-2026 09:51:16.535,0.0,3.880408562017284,38.0,0.0,-0.13,2.17,6.58,0.02,12.16,0.05,-,21,59.16,35.16,88,-,21.18,853.5,0.002,38,0.99,-,35,15.23,11.03,-,-,44.29,40.86,14.85,2232,0.01,1,9.8,-
Fri Sep 11 09:51:17 GMT+03:00 2026,11-sept.-2026 09:51:17.665,1.3,1.5469857928239996,37.5,65.75655193193185,-1.63,3.26,11.35,0.11,13.73,0.09,-,21,59.14,35.16,89,2.77,36.08,963.25,0.005,37.5,0.73,3.71,35,16.1,12.05,-,-,44.31,40.84,14.85,2233,4.27,5,19.61,-
Fri Sep 11 09:51:18 GMT+03:00 2026,11-sept.-2026 09:51:18.321,2.6,2.4737943477710367,37.5,65.75655193050075,1.86,2.98,11.08,0.17,14.12,0.18,-,21,59.11,35.16,89,5.54,43.14,1087.25,0.009,37.5,0.83,7.43,36,17.26,14.82,-,-,44.34,40.82,14.84,2234,9.17,10,28.24,-
Fri Sep 11 09:51:19 GMT+03:00 2026,11-sept.-2026 09:51:19.298,3.9,2.547320453199424,36.4,65.75655193442071,-1.33,2.07,9.21,0.18,13.73,0.17,-,21,59.09,35.16,89,8.33,37.65,1452.75,0.015,36.4,0.32,11.17,36,18.42,22.06,-,-,44.36,40.8,14.83,2235,13.68,14,27.45,-
Fri Sep 11 09:51:20 GMT+03:00 2026,11-sept.-2026 09:51:20.428,5.2,2.249822376464163,36.3,65.75655193602812,-1.82,5.24,10.46,0.16,14.12,0.15,-,21,59.07,35.16,89,11.13,34.51,1944.25,0.02,36.3,0.06,14.93,36,19,31.68,-,-,44.39,40.78,14.83,2236,19.06,19,24.31,-
Fri Sep 11 09:51:21 GMT+03:00 2026,11-sept.-2026 09:51:21.643,6.5,2.4249365254269284,35.7,65.75655193416618,1.76,3.1,12.37,0.13,13.33,0.16,-,21,59.06,35.16,89,13.95,34.51,2428.0,0.025,35.7,1.2,18.71,36,19.87,41.93,-,-,44.41,40.77,14.82,2237,21.8,23,27.06,-
Fri Sep 11 09:51:22 GMT+03:00 2026,11-sept.-2026 09:51:22.466,7.8,1.5853480650603224,37.0,65.75655193327201,-0.26,2.02,12.01,0.17,14.12,0.19,-,21,59.04,35.16,89,16.81,45.49,1723.75,0.028,37,0.38,22.54,37,20.6,30,-,-,44.44,40.75,14.81,2238,27.62,28,30.98,-
Fri Sep 11 09:51:23 GMT+03:00 2026,11-sept.-2026 09:51:23.623,9.1,1.4893785297093154,37.9,65.75655193261629,-0.17,4.5,10.4,0.18,14.12,0.17,-,21,59.03,35.16,89,19.69,45.1,2029.0,0.033,37.9,0.34,26.41,37,21.18,36.96,-,-,44.46,40.73,14.81,2239,32.34,32,34.9,-
Fri Sep 11 09:51:24 GMT+03:00 2026,11-sept.-2026 09:51:24.269,10.4,4.193145556814976,36.7,65.75655193181291,0.36,3.03,11.26,0.19,14.9,0.16,-,21,59.02,34.81,89,22.61,45.49,2287.25,0.037,36.7,1.39,30.33,37,21.9,43.32,-,-,44.49,40.71,14.8,2240,35.61,37,35.29,-
Fri Sep 11 09:51:25 GMT+03:00 2026,11-sept.-2026 09:51:25.495,11.7,1.5454677469883635,37.5,65.75655193198129,-3.75,3.95,10.41,0.12,14.51,0.12,-,21,59.02,34.81,88,25.58,45.88,2599.75,0.042,37.5,1.15,34.3,37,22.48,50.34,-,-,44.51,40.69,14.79,2241,41.85,43,39.22,-
Fri Sep 11 09:51:26 GMT+03:00 2026,11-sept.-2026 09:51:26.659,12.870977252857218,3.2265472208734964,35.9,65.75655193334774,-1.46,3.98,10.09,0.1,14.9,0.08,-,21,59.01,35.16,88,25.75,56.08,1855.75,0.039,35.9,0.96,34.54,37,21.9,47.96,-,-,44.54,40.67,14.79,2242,46.96,46,36.86,-
Fri Sep 11 09:51:27 GMT+03:00 2026,11-sept.-2026 09:51:27.274,13.19189883240684,1.8358652536577624,37.0,65.75655193405558,-1.37,3.74,10.43,0.06,14.51,0.03,-,21,59.0,35.16,88,9.29,41.96,1382.25,0.016,37,0.47,12.45,38,21.18,23.97,-,-,44.56,40.66,14.78,2243,46.53,47,34.12,-
Fri Sep 11 09:51:28 GMT+03:00 2026,11-sept.-2026 09:51:28.594,13.5009220757405,1.7021412632380108,36.9,65.75655193323989,1.39,0.41,9.55,0.01,13.73,0.0,-,21,59.0,35.16,88,9.3,41.18,1416.25,0.016,36.9,0.53,12.48,38,19.73,22.89,-,-,44.59,40.64,14.77,2244,49.53,49,21.18,-
Fri Sep 11 09:51:29 GMT+03:00 2026,11-sept.-2026 09:51:29.713,13.461146824049004,2.5109641523186097,37.1,65.75655193373579,-0.05,1.24,10.23,-0.04,13.33,-0.04,-,21,59.0,35.51,89,-,23.92,1407.75,0.004,37.1,0.68,-,38,17.69,20.43,-,-,44.61,40.62,14.77,2245,48.68,48,14.12,-
Fri Sep 11 09:51:30 GMT+03:00 2026,11-sept.-2026 09:51:30.704,13.40503407584727,2.0669931403650765,36.6,65.75655193341969,-4.31,3.64,10.38,-0.04,13.73,-0.06,-,21,58.99,35.16,89,-,23.14,1415.0,0.003,36.6,0.55,-,38,17.26,19.93,-,-,44.64,40.6,14.76,2246,48.55,48,9.8,-
Fri Sep 11 09:51:31 GMT+03:00 2026,11-sept.-2026 09:51:31.575,13.476869562025112,1.6504607256197863,37.1,65.756551933891,-1.76,1.06,9.14,0.04,12.94,0.03,-,21,58.99,35.16,88,-,29.41,1407.75,0.008,37.1,0.07,-,38,16.82,19.29,-,-,44.66,40.58,14.75,2247,48.93,49,12.16,-
Fri Sep 11 09:51:32 GMT+03:00 2026,11-sept.-2026 09:51:32.446,13.57891658598766,1.8893534683227011,37.3,63.51210023148409,-0.33,1.97,11.6,-0.02,13.73,-0.02,-,21,58.98,35.16,88,-,30.98,1415.0,0.009,37.3,1.19,-,38,16.97,19.69,-,-,44.69,40.56,14.75,2248,47.81,49,14.12,-
Fri Sep 11 09:51:33 GMT+03:00 2026,11-sept.-2026 09:51:33.397,13.624325849250935,1.8405702133292725,35.9,61.08442023611303,-0.07,1.88,8.72,0.07,13.73,0.04,-,21,58.98,35.16,89,-,28.24,1428.5,0.007,35.9,0.46,-,38,16.82,19.75,-,-,44.71,40.55,14.74,2249,48.54,49,10.98,-
Fri Sep 11 09:51:34 GMT+03:00 2026,11-sept.-2026 09:51:34.713,13.4726420595332,2.6250971286671945,37.5,60.89220162638033,-0.85,1.34,9.36,-0.04,13.73,-0.07,-,21,58.97,35.16,88,-,21.18,1390.25,0.002,37.5,0.33,-,37,16.97,19.32,-,-,44.74,40.53,14.73,2250,48.33,48,11.37,-
Fri Sep 11 09:51:35 GMT+03:00 2026,11-sept.-2026 09:51:35.514,13.596748345757137,1.5276306068744168,36.0,60.8922016263773,2.52,4.92,9.74,0.03,13.73,0.03,-,21,58.97,35.16,89,5.54,32.16,1419.0,0.01,36,0.15,7.43,37,17.11,19.96,-,-,44.76,40.51,14.73,2251,48.85,49,13.73,-
Fri Sep 11 09:51:36 GMT+03:00 2026,11-sept.-2026 09:51:36.685,13.755627433345236,1.7916753986926588,36.8,60.892201626376526,-2.75,3.42,9.41,0.03,14.12,0.0,-,21,58.96,35.16,89,6.36,33.73,1426.75,0.011,36.8,0.91,8.53,37,16.82,19.68,-,-,44.79,40.49,14.72,2252,49.09,50,14.12,-
Fri Sep 11 09:51:37 GMT+03:00 2026,11-sept.-2026 09:51:37.255,13.670937573320376,2.2320019290278728,35.8,60.89220162522211,1.19,0.34,7.7,0.04,13.33,0.03,-,21,58.96,35.16,89,-,21.96,1415.25,0.002,35.8,1.6,-,36,17.11,20.02,-,-,44.81,40.47,14.71,2253,48.4,50,12.16,-
Fri Sep 11 09:51:38 GMT+03:00 2026,11-sept.-2026 09:51:38.577,13.711349207778673,2.447045800794029,36.1,60.89220162579848,2.32,1.55,8.94,-0.05,13.73,-0.1,-,21,58.95,35.16,89,-,27.84,1435.75,0.007,36.1,1.09,-,36,16.53,19.65,-,-,44.84,40.46,14.71,2254,48.91,50,7.45,-
Fri Sep 11 09:51:39 GMT+03:00 2026,11-sept.-2026 09:51:39.378,13.569582216551606,1.7034680575741934,37.2,60.892201626376,1.74,3.11,10.06,-0.07,13.33,-0.08,-,21,58.95,34.81,88,-,20.78,1402.25,0.002,37.2,1.36,-,35,16.97,19.62,-,-,44.86,40.44,14.7,2255,50.36,49,14.9,-
Fri Sep 11 09:51:40 GMT+03:00 2026,11-sept.-2026 09:51:40.643,13.90564179012346,1.6211053389779937,35.8,60.8922016263746,0.36,2.7,9.72,0.08,14.51,0.06,-,21,58.95,35.16,89,10.22,41.57,1459.5,0.017,35.8,0.47,13.71,35,16.82,20.47,-,-,44.89,40.42,14.69,2256,50.47,50,12.55,-
Fri Sep 11 09:51:41 GMT+03:00 2026,11-sept.-2026 09:51:41.428,13.703947670520424,1.9795889749445248,36.7,60.892201626088266,-2.82,3.49,9.13,-0.01,12.94,-0.02,-,21,58.94,35.16,89,-,20.78,1435.75,0.002,36.7,0.72,-,35,16.97,20.21,-,-,44.91,40.4,14.69,2257,49.28,50,15.69,-
Fri Sep 11 09:51:42 GMT+03:00 2026,11-sept.-2026 09:51:42.404,13.777929730203208,2.4790157130153343,36.2,60.89220162637693,-0.39,1.75,10.23,-0.04,13.33,-0.01,-,21,58.94,35.16,89,-,29.41,1439.25,0.009,36.2,0.36,-,35,16.97,20.27,-,-,44.94,40.38,14.68,2258,49.36,49,7.84,-
Fri Sep 11 09:51:43 GMT+03:00 2026,11-sept.-2026 09:51:43.595,13.609231762684756,1.830171537339312,37.6,60.89220162579863,-0.03,2.75,10.73,-0.02,13.73,-0.02,-,21,58.93,35.16,88,-,20.78,1419.25,0.002,37.6,0.55,-,35,16.39,19.25,-,-,44.96,40.37,14.67,2259,49.55,49,10.98,-
Fri Sep 11 09:51:44 GMT+03:00 2026,11-sept.-2026 09:51:44.774,13.686489141832054,3.792279120977496,36.7,60.8922016255123,-2.54,1.57,9.65,0.02,13.73,0.03,-,21,58.93,35.51,89,-,29.8,1435.75,0.009,36.7,0.69,-,35,16.97,20.13,-,-,44.98,40.35,14.67,2260,48.31,49,10.98,-
Fri Sep 11 09:51:45 GMT+03:00 2026,11-sept.-2026 09:51:45.518,13.7663206864375,2.7226316845735488,36.3,60.89220162723523,1.94,0.28,11.42,0.02,13.33,0.0,-,21,58.92,35.16,88,-,29.8,1433.0,0.009,36.3,0.21,-,35,16.82,19.99,-,-,45.01,40.33,14.66,2261,50.21,50,13.73,-
Fri Sep 11 09:51:46 GMT+03:00 2026,11-sept.-2026 09:51:46.439,13.804872199038767,1.4660904761633595,37.5,60.89220162551859,-1.56,0.47,10.68,0.04,13.33,0.06,-,21,58.92,35.16,89,-,27.84,1435.75,0.007,37.5,0.1,-,35,17.55,20.86,-,-,45.03,40.31,14.65,2262,50.1,50,14.9,-
Fri Sep 11 09:51:47 GMT+03:00 2026,11-sept.-2026 09:51:47.318,13.950876788255613,2.791206033255067,36.1,60.89220162580442,-0.44,2.51,10.44,0.01,14.51,0.04,-,21,58.92,35.51,89,6.21,32.94,1458.75,0.011,36.1,0.61,8.32,34,17.26,20.84,-,-,45.06,40.29,14.65,2263,49.39,50,12.55,-
Fri Sep 11 09:51:48 GMT+03:00 2026,11-sept.-2026 09:51:48.525,13.902175158861056,1.9415103159805969,36.3,60.892201626088266,0.31,0.54,7.08,-0.06,12.94,-0.07,-,21,58.91,35.16,89,-,23.53,1439.5,0.004,36.3,0.25,-,34,17.11,20.43,-,-,45.08,40.28,14.64,2264,50.75,51,12.55,-
Fri Sep 11 09:51:49 GMT+03:00 2026,11-sept.-2026 09:51:49.447,13.942220131332004,2.108734202460369,36.9,60.89220162552284,-0.53,3.4,11.14,0.06,12.94,0.06,-,21,58.91,35.16,88,-,27.84,1460.5,0.007,36.9,0.35,-,34,17.26,20.9,-,-,45.11,40.26,14.64,2265,50.35,50,11.37,-
Fri Sep 11 09:51:50 GMT+03:00 2026,11-sept.-2026 09:51:50.402,14.02211817990476,1.85895190861012,36.0,60.89220162722187,0.95,1.62,8.91,0.0,14.12,0.01,-,21,58.91,34.81,89,-,29.8,1460.25,0.009,36,0.39,-,34,16.53,20.06,-,-,45.13,40.24,14.63,2266,49.61,50,10.2,-
Fri Sep 11 09:51:51 GMT+03:00 2026,11-sept.-2026 09:51:51.546,13.873977243092812,1.8971699074636732,37.2,60.8922016258036,-1.06,3.38,10.93,0.01,12.94,-0.01,-,21,58.9,35.16,89,-,20.78,1445.5,0.002,37.2,0.91,-,35,16.68,20.07,-,-,45.16,40.22,14.62,2267,50.91,50,10.2,-
Fri Sep 11 09:51:52 GMT+03:00 2026,11-sept.-2026 09:51:52.516,13.899207688803092,2.488593192883363,37.9,60.892201625804674,-1.21,2.49,8.98,0.03,13.33,0.05,-,21,58.9,35.16,89,-,27.06,1441.25,0.007,37.9,0.35,-,35,16.82,20.12,-,-,45.18,40.2,14.62,2268,49.65,50,10.2,-
Fri Sep 11 09:51:53 GMT+03:00 2026,11-sept.-2026 09:51:53.686,13.978560882025397,2.1228647754225114,37.2,60.89220162721002,-0.98,2.23,9.57,-0.01,13.33,-0.01,-,21,58.89,35.16,88,-,29.8,1442.25,0.009,37.2,1.36,-,35,17.26,20.58,-,-,45.2,40.19,14.61,2269,49.64,51,16.08,-
Fri Sep 11 09:51:54 GMT+03:00 2026,11-sept.-2026 09:51:54.250,14.212381158498694,1.545401877781727,37.6,60.8922016258097,-2.94,3.97,8.91,0.05,13.73,0.08,-,21,58.89,35.16,89,8.28,36.47,1489.75,0.015,37.6,0.76,11.1,35,17.4,21.61,-,-,45.23,40.17,14.6,2270,51.76,51,14.9,-
Fri Sep 11 09:51:55 GMT+03:00 2026,11-sept.-2026 09:51:55.750,14.16809350765354,1.6101169653969187,35.9,60.892201624963086,-0.42,4.43,8.92,0.05,14.12,0.05,-,21,58.89,34.81,88,-,23.92,1477.25,0.004,-,0.77,-,35,16.97,20.92,-,-,45.25,40.15,14.6,2271,51.77,51,11.37,-
Fri Sep 11 09:51:56 GMT+03:00 2026,11-sept.-2026 09:51:56.349,13.936970502334963,2.611284970841136,37.5,60.892201626088266,-2.71,1.95,8.97,-0.08,12.16,-0.07,-,21,58.88,35.16,89,-,20.78,1465.0,0.002,37.5,1.22,-,35,16.97,20.65,-,-,45.28,40.13,14.59,2272,48.78,50,8.24,-
Fri Sep 11 09:51:57 GMT+03:00 2026,11-sept.-2026 09:51:57.790,13.99420855477884,2.0886979210203767,36.3,60.892201626088266,-0.47,1.77,6.34,-0.06,13.73,-0.05,-,21,58.88,35.16,89,-,28.63,1464.75,0.008,36.3,0.04,-,35,16.24,19.77,-,-,45.3,40.12,14.58,2273,49.96,50,8.24,-
Fri Sep 11 09:51:58 GMT+03:00 2026,11-sept.-2026 09:51:58.451,13.945050220119644,1.531034485823939,36.1,60.89220162693569,0.75,3.18,8.37,0.02,12.94,0.02,-,21,58.88,35.51,89,-,23.53,1458.5,0.004,36.1,0.49,-,35,16.68,20.12,-,-,45.33,40.1,14.58,2274,50.51,51,12.16,-
Fri Sep 11 09:51:59 GMT+03:00 2026,11-sept.-2026 09:51:59.241,14.042763669428016,1.7722859405607083,36.5,60.8922016263714,0.13,2.2,9.28,0.04,12.94,0.04,-,21,58.87,34.81,89,-,30.98,1449.25,0.01,36.5,0.46,-,35,16.68,19.98,-,-,45.35,40.08,14.57,2275,50.54,51,9.02,-
Fri Sep 11 09:52:00 GMT+03:00 2026,11-sept.-2026 09:52:00.604,13.880265383367371,1.8400868077022987,37.8,60.89220162523739,-0.5,0.73,11.56,0.02,12.94,0.0,-,21,58.87,35.16,89,-,20.78,1456.0,0.002,37.8,1.33,-,35,16.82,20.25,-,-,45.37,40.06,14.56,2276,48.67,50,12.16,-
Fri Sep 11 09:52:01 GMT+03:00 2026,11-sept.-2026 09:52:01.706,13.993917689653626,1.4550013139373663,36.8,60.89220162665016,-0.92,2.16,11.53,0.0,13.73,0.03,-,21,58.86,35.16,89,-,31.37,1446.25,0.01,36.8,1.34,-,35,17.26,20.74,-,-,45.4,40.04,14.56,2277,51.34,50,12.94,-
Fri Sep 11 09:52:02 GMT+03:00 2026,11-sept.-2026 09:52:02.411,14.14561946000734,1.5147538119609214,37.1,60.89220162580754,-1.49,-0.54,9.9,0.05,13.33,0.03,-,21,58.86,34.81,88,6.45,33.33,1467.75,0.012,37.1,0.48,8.65,35,16.68,20.38,-,-,45.42,40.03,14.55,2278,51.48,51,12.94,-
Fri Sep 11 09:52:03 GMT+03:00 2026,11-sept.-2026 09:52:03.690,14.017909779509289,1.9884365654521956,36.9,60.892201625526056,-0.36,4.0,8.81,0.0,13.73,0.01,-,21,58.86,35.16,89,-,20.78,1472.0,0.002,36.9,0.35,-,35,17.26,21.13,-,-,45.45,40.01,14.54,2279,50.35,50,12.55,-
Fri Sep 11 09:52:04 GMT+03:00 2026,11-sept.-2026 09:52:04.484,14.106127823150183,3.362167686419957,36.2,60.89220162692075,-1.09,1.62,11.99,-0.08,14.12,-0.06,-,21,58.85,35.16,89,-,29.8,1487.75,0.009,36.2,1.01,-,35,17.69,21.88,-,-,45.47,39.99,14.54,2280,49.99,51,14.51,-
Fri Sep 11 09:52:05 GMT+03:00 2026,11-sept.-2026 09:52:05.457,14.383731991811006,1.6238957263359513,37.6,60.89220162636418,1.23,3.45,12.61,0.07,13.73,0.1,-,21,58.85,35.16,88,9.37,38.43,1507.75,0.016,37.6,0.02,12.56,35,16.97,21.31,-,-,45.49,39.97,14.53,2281,51.02,51,14.51,-
Fri Sep 11 09:52:06 GMT+03:00 2026,11-sept.-2026 09:52:06.553,14.268727383793818,1.8687908120188024,35.6,60.89220162553349,2.17,0.47,11.26,-0.06,14.12,-0.07,-,21,58.85,34.81,89,-,20.78,1488.75,0.002,35.6,0.37,-,35,17.11,21.31,-,-,45.52,39.96,14.53,2282,51.37,51,12.16,-
Fri Sep 11 09:52:07 GMT+03:00 2026,11-sept.-2026 09:52:07.436,14.232204173324831,1.714749109831191,37.4,60.892201626088266,0.22,3.18,9.37,-0.03,13.73,0.01,-,21,58.84,35.16,89,-,24.31,1480.75,0.005,37.4,0.94,-,35,16.68,20.48,-,-,45.54,39.94,14.52,2283,51.94,51,5.49,-
Fri Sep 11 09:52:08 GMT+03:00 2026,11-sept.-2026 09:52:08.632,14.047199154119046,2.126654166447586,34.7,60.89220162664589,-2.78,1.38,9.4,-0.04,13.33,-0.01,-,21,58.84,35.16,89,-,20.78,1457.5,0.002,34.7,0.69,-,35,16.53,20.07,-,-,45.57,39.92,14.51,2284,50.31,51,12.16,-
Fri Sep 11 09:52:09 GMT+03:00 2026,11-sept.-2026 09:52:09.320,14.308028273088617,1.5269473173877537,36.9,60.892201624981546,-0.17,2.4,10.24,0.03,13.33,0.01,-,21,58.84,35.16,89,8.94,37.65,1502.0,0.016,36.9,0.17,11.99,35,16.82,21.05,-,-,45.59,39.9,14.51,2285,51.83,52,12.16,-
Fri Sep 11 09:52:10 GMT+03:00 2026,11-sept.-2026 09:52:10.379,14.26593051246589,1.5555893318035798,35.9,60.89220162525886,1.61,3.47,10.63,-0.02,13.33,-0.01,-,21,58.83,35.16,89,-,23.92,1481.25,0.004,35.9,0.4,-,35,17.11,21.05,-,-,45.61,39.89,14.5,2286,50.6,51,14.9,-
Fri Sep 11 09:52:11 GMT+03:00 2026,11-sept.-2026 09:52:11.336,14.330095444253994,3.4417145478372677,36.5,60.89220162664152,0.39,2.2,9.45,0.08,13.73,0.05,-,21,58.83,35.16,89,-,29.02,1489.25,0.009,36.5,0.18,-,35,17.11,21.3,-,-,45.64,39.87,14.49,2287,52.18,52,9.02,-
Fri Sep 11 09:52:12 GMT+03:00 2026,11-sept.-2026 09:52:12.374,14.249527367267708,1.6552221268078664,38.4,60.89220162691679,-2.28,2.5,10.07,-0.01,13.33,-0.04,-,21,58.83,34.81,88,-,22.35,1471.25,0.003,38.4,1.17,-,35,16.82,20.63,-,-,45.66,39.85,14.49,2288,52.17,51,12.16,-
Fri Sep 11 09:52:13 GMT+03:00 2026,11-sept.-2026 09:52:13.648,14.376639374987455,1.6031400516356675,37.6,60.89220162718768,-3.13,2.04,11.8,-0.02,14.12,0.0,-,21,58.82,35.16,89,6.05,31.76,1496.25,0.011,37.6,0.09,8.12,35,16.97,21.23,-,-,45.69,39.83,14.48,2289,53.09,53,10.98,-
Fri Sep 11 09:52:14 GMT+03:00 2026,11-sept.-2026 09:52:14.794,14.386960392570575,2.058117359481011,35.8,60.89220162581409,-3.24,1.73,11.38,-0.01,12.94,0.01,-,21,58.82,35.16,89,-,26.27,1507.5,0.007,35.8,1.19,-,35,16.97,21.42,-,-,45.71,39.82,14.47,2290,50.81,52,13.33,-
Fri Sep 11 09:52:15 GMT+03:00 2026,11-sept.-2026 09:52:15.450,14.447641292176046,1.7888390801634726,37.1,60.89220162554062,-1.23,1.63,10.43,0.06,14.12,0.07,-,21,58.82,35.16,89,-,28.63,1503.25,0.009,37.1,2.09,-,34,17.26,21.59,-,-,45.73,39.8,14.47,2291,53.09,51,10.98,-
Fri Sep 11 09:52:16 GMT+03:00 2026,11-sept.-2026 09:52:16.395,14.424848246265494,1.66299137803855,34.3,60.892201625264725,0.39,0.7,9.02,0.05,13.73,0.08,-,21,58.81,35.16,89,-,25.1,1491.0,0.005,34.3,1.04,-,34,16.68,20.81,-,-,45.76,39.78,14.46,2292,52.04,51,9.8,-
Fri Sep 11 09:52:17 GMT+03:00 2026,11-sept.-2026 09:52:17.419,14.3746285342711,2.516351393828473,36.2,60.892201625814266,-1.31,2.87,9.19,0.03,12.94,0.01,-,21,58.81,34.81,89,-,23.53,1493.5,0.004,36.2,0.2,-,34,16.97,21.16,-,-,45.78,39.76,14.46,2293,52.2,52,10.59,-
Fri Sep 11 09:52:18 GMT+03:00 2026,11-sept.-2026 09:52:18.772,14.478496356963426,1.417522065156875,36.7,60.892201626908296,-3.23,-0.02,8.34,-0.08,13.33,-0.06,-,21,58.81,35.16,88,-,30.59,1508.25,0.01,36.7,0.25,-,34,16.68,21.07,-,-,45.81,39.75,14.45,2294,51.75,52,10.59,-
Fri Sep 11 09:52:19 GMT+03:00 2026,11-sept.-2026 09:52:19.681,14.444028020478251,1.461133315939057,37.2,60.89220162663892,1.28,4.92,9.19,0.02,13.33,0.02,-,21,58.81,35.16,89,-,24.31,1500.0,0.005,37.2,1.54,-,34,16.39,20.58,-,-,45.83,39.73,14.44,2295,50.46,52,9.41,-
Fri Sep 11 09:52:20 GMT+03:00 2026,11-sept.-2026 09:52:20.559,14.270372522927564,1.6035237482625553,34.9,60.892201626364624,-0.34,2.78,9.14,0.04,12.94,0.04,-,21,58.8,35.16,89,-,20.78,1491.75,0.002,34.9,0.11,-,34,16.82,20.85,-,-,45.85,39.71,14.44,2296,52.11,52,8.63,-
Fri Sep 11 09:52:21 GMT+03:00 2026,11-sept.-2026 09:52:21.673,14.335998550860632,2.5907876676498693,35.5,60.89220162581409,1.93,3.42,8.97,-0.05,13.33,-0.06,-,21,58.8,35.16,89,-,29.02,1476.5,0.009,35.5,2.31,-,34,16.97,20.79,-,-,45.88,39.69,14.43,2297,49.69,52,12.16,-
Fri Sep 11 09:52:22 GMT+03:00 2026,11-sept.-2026 09:52:22.654,14.499131576765956,1.5280780799403548,36.8,60.89220162554371,0.85,1.86,8.02,-0.03,13.73,-0.02,-,21,58.8,35.16,89,6.92,33.33,1511.5,0.013,36.8,1.99,9.29,34,17.11,21.62,-,-,45.9,39.68,14.42,2298,51.01,53,14.9,-
Fri Sep 11 09:52:23 GMT+03:00 2026,11-sept.-2026 09:52:23.381,14.536905618786577,2.2539126228756023,37.4,60.89220162636008,-1.56,3.38,10.78,0.01,13.73,0.03,-,21,58.79,35.51,89,-,27.84,1498.0,0.008,37.4,1.79,-,34,17.55,21.88,-,-,45.92,39.66,14.42,2299,53.79,52,13.73,-
Fri Sep 11 09:52:24 GMT+03:00 2026,11-sept.-2026 09:52:24.368,14.547478060505036,1.6360380465708269,35.6,60.892201626636016,1.66,2.46,9.1,0.01,13.73,-0.01,-,21,58.79,35.16,89,-,26.27,1520.75,0.007,35.6,0.69,-,34,16.97,21.6,-,-,45.95,39.64,14.41,2300,53.69,53,9.02,-
Fri Sep 11 09:52:25 GMT+03:00 2026,11-sept.-2026 09:52:25.482,14.318916553352532,1.510464406481486,35.3,60.89220162636529,3.28,1.65,11.97,0.0,13.33,0.01,-,21,58.79,35.16,89,-,20.78,1494.25,0.002,35.3,0.05,-,34,16.24,20.26,-,-,45.97,39.62,14.4,2301,50.95,51,6.67,-
Fri Sep 11 09:52:26 GMT+03:00 2026,11-sept.-2026 09:52:26.573,14.218774950353035,2.10975839248367,36.4,60.892201625809086,0.32,2.09,7.41,-0.03,13.33,-0.03,-,21,58.78,35.16,89,-,21.18,1506.0,0.002,36.4,0.32,-,34,15.81,19.87,-,-,46,39.61,14.4,2302,50.68,51,4.71,-
Fri Sep 11 09:52:27 GMT+03:00 2026,11-sept.-2026 09:52:27.735,14.099915207364113,2.8740042478019694,36.0,60.89220162468813,-2.14,3.03,9.81,-0.05,12.94,-0.07,-,21,58.78,35.51,89,-,20.78,1484.25,0.002,36,0.69,-,34,15.81,19.59,-,-,46.02,39.59,14.39,2303,50.31,51,7.06,-
Fri Sep 11 09:52:28 GMT+03:00 2026,11-sept.-2026 09:52:28.245,14.132401802823887,3.744973988696058,38.5,60.89220162525071,2.94,2.04,8.38,-0.02,13.33,-0.03,-,21,58.78,35.51,89,-,27.45,1481.0,0.007,38.5,0.78,-,34,16.24,20.14,-,-,46.04,39.57,14.39,2304,50.78,50,9.41,-
Fri Sep 11 09:52:29 GMT+03:00 2026,11-sept.-2026 09:52:29.635,14.185241634283676,2.041275512252024,35.2,60.89220162719679,-2.43,2.32,9.44,0.06,14.12,0.04,-,21,58.77,35.51,89,-,28.24,1486.25,0.008,35.2,0.51,-,34,16.97,21.1,-,-,46.07,39.55,14.38,2305,50.49,51,14.12,-
Fri Sep 11 09:52:30 GMT+03:00 2026,11-sept.-2026 09:52:30.737,14.342184157522736,1.868320451912683,37.1,60.89220162636401,-0.55,1.9,8.65,-0.06,13.73,-0.04,-,21,58.77,35.16,89,6.69,33.33,1492.5,0.012,37.1,0.48,8.97,34,17.26,21.58,-,-,46.09,39.54,14.37,2306,51.52,52,13.33,-
Fri Sep 11 09:52:31 GMT+03:00 2026,11-sept.-2026 09:52:31.295,14.32771520256402,2.230779067249565,35.7,60.89220162691883,-1.24,1.94,10.73,0.0,12.94,-0.02,-,21,58.77,34.81,88,-,25.1,1490.0,0.006,35.7,0.97,-,34,16.97,21.06,-,-,46.11,39.52,14.37,2307,51.03,52,10.98,-
Fri Sep 11 09:52:32 GMT+03:00 2026,11-sept.-2026 09:52:32.544,14.228073343112673,1.7085113821451348,34.6,60.892201626088266,1.46,3.38,9.21,-0.08,13.33,-0.08,-,21,58.76,34.81,89,-,21.18,1492.75,0.002,34.6,1.05,-,34,16.53,20.67,-,-,46.14,39.5,14.36,2308,52.05,51,6.67,-
Fri Sep 11 09:52:33 GMT+03:00 2026,11-sept.-2026 09:52:33.738,14.156984799365976,2.12688156772888,36.4,60.89220162441908,0.91,2.49,7.77,0.06,12.94,0.06,-,21,58.76,35.16,88,-,22.75,1473.25,0.003,36.4,0.17,-,34,16.39,20.19,-,-,46.16,39.49,14.35,2309,51.17,51,9.02,-
Fri Sep 11 09:52:34 GMT+03:00 2026,11-sept.-2026 09:52:34.309,14.261092175818613,1.9563083277667912,35.9,60.89220162719218,-0.18,0.6,9.73,0.02,14.51,0.02,-,21,58.76,35.16,89,-,30.59,1502.25,0.01,35.9,0.09,-,34,16.82,21.1,-,-,46.18,39.47,14.35,2310,51.09,51,12.94,-
Fri Sep 11 09:52:35 GMT+03:00 2026,11-sept.-2026 09:52:35.508,14.385443062268635,2.259801178219877,35.3,60.89220162636422,-1.4,2.0,10.55,0.05,13.73,0.02,-,21,58.75,35.16,88,6,31.76,1500.5,0.011,35.3,1.51,8.04,34,16.82,21.04,-,-,46.21,39.45,14.34,2311,50.49,52,12.16,-
Fri Sep 11 09:52:36 GMT+03:00 2026,11-sept.-2026 09:52:36.375,14.26345328487124,1.7019913737663943,35.1,60.89220162525722,-1.05,2.6,7.87,0.0,12.94,-0.01,-,21,58.75,35.16,89,-,20.78,1478.25,0.002,35.1,0.89,-,34,16.97,21,-,-,46.23,39.43,14.34,2312,50.11,51,10.59,-
Fri Sep 11 09:52:37 GMT+03:00 2026,11-sept.-2026 09:52:37.697,14.275958978537073,2.398117914686648,36.0,60.89220162580873,-2.65,3.04,9.48,0.07,13.33,0.06,-,21,58.75,35.16,89,-,26.67,1480.25,0.007,36,0.07,-,33,16.39,20.29,-,-,46.25,39.42,14.33,2313,50.93,51,6.67,-
Fri Sep 11 09:52:38 GMT+03:00 2026,11-sept.-2026 09:52:38.737,14.006405437534331,2.680834601208155,34.9,60.892201626088266,0.21,2.06,9.63,-0.01,12.94,-0.01,-,21,58.74,35.16,88,-,20.78,1451.75,0.002,34.9,0.06,-,34,16.53,20.02,-,-,46.28,39.4,14.32,2314,49.94,50,11.76,-
Fri Sep 11 09:52:39 GMT+03:00 2026,11-sept.-2026 09:52:39.732,14.198915282938218,3.2687249568950003,34.6,60.89220162720032,-1.48,2.02,9.8,-0.03,14.12,-0.02,-,21,58.74,35.16,88,7.37,34.9,1482.25,0.013,34.6,0.51,9.88,34,16.97,21.05,-,-,46.3,39.38,14.32,2315,51.51,51,12.55,-
Fri Sep 11 09:52:40 GMT+03:00 2026,11-sept.-2026 09:52:40.491,14.238055197351596,2.7177801713595358,34.7,60.892201626088266,-2.71,0.87,9.19,0.0,13.73,-0.02,-,21,58.74,35.16,89,-,27.84,1472.0,0.008,34.7,0.37,-,34,16.68,20.41,-,-,46.32,39.36,14.31,2316,51.63,52,12.16,-
Fri Sep 11 09:52:41 GMT+03:00 2026,11-sept.-2026 09:52:41.339,14.109089657742942,1.5191738037122582,35.7,60.8922016252428,0.12,3.78,9.92,-0.03,13.33,0.0,-,21,58.73,35.16,89,-,20.78,1460.5,0.002,35.7,0.11,-,34,16.68,20.22,-,-,46.35,39.35,14.3,2317,50.89,51,7.06,-
Fri Sep 11 09:52:42 GMT+03:00 2026,11-sept.-2026 09:52:42.794,13.94351952970598,2.5676285904500027,36.4,60.892201626088266,1.72,1.05,9.44,-0.07,13.33,-0.08,-,21,58.73,35.16,89,-,20.78,1445.0,0.002,36.4,0.32,-,34,16.39,19.74,-,-,46.37,39.33,14.3,2318,50.32,50,8.24,-
Fri Sep 11 09:52:43 GMT+03:00 2026,11-sept.-2026 09:52:43.608,14.05467470749864,2.3656391442218165,35.8,60.892201626928696,-2.22,0.73,9.61,0.05,13.33,0.07,-,21,58.73,35.16,89,-,30.98,1476.5,0.01,35.8,0.95,-,34,16.53,20.45,-,-,46.39,39.31,14.29,2319,50.95,50,12.16,-
Fri Sep 11 09:52:44 GMT+03:00 2026,11-sept.-2026 09:52:44.625,14.165788250218688,1.8652702118142692,36.1,60.89220162553122,1.34,0.08,7.01,-0.01,12.94,-0.01,-,21,58.72,35.16,88,-,30.98,1495.0,0.01,36.1,0.06,-,34,17.11,21.34,-,-,46.42,39.3,14.29,2320,50.94,51,14.9,-
Fri Sep 11 09:52:45 GMT+03:00 2026,11-sept.-2026 09:52:45.287,14.219267287695434,2.81647451442854,35.9,60.89220162636624,-0.8,2.81,8.46,0.02,12.94,0.05,-,21,58.72,35.16,89,-,28.24,1498.5,0.008,35.9,0.41,-,34,17.4,21.83,-,-,46.44,39.28,14.28,2321,51.41,51,12.94,-
Fri Sep 11 09:52:46 GMT+03:00 2026,11-sept.-2026 09:52:46.763,14.221248193495327,2.9641986233775066,36.0,60.892201626931005,-1.24,1.28,7.95,0.03,13.33,0.01,-,21,58.72,35.16,89,-,25.88,1496.0,0.006,36,1.16,-,34,16.53,20.74,-,-,46.46,39.26,14.27,2322,52.16,51,8.24,-
Fri Sep 11 09:52:47 GMT+03:00 2026,11-sept.-2026 09:52:47.335,13.92192947751284,3.9528134748164585,37.7,60.892201624380206,-2.83,4.89,7.22,-0.04,12.55,-0.04,-,21,58.71,35.16,88,-,9.41,1459.75,0.0,37.7,0.21,-,34,16.1,27.15,-,-,46.49,39.25,14.27,2323,50.21,50,5.88,-
Fri Sep 11 09:52:48 GMT+03:00 2026,11-sept.-2026 09:52:48.385,13.849282494177194,1.433794871569578,36.5,60.89220162580249,-0.29,1.56,9.54,-0.02,13.73,-0.05,-,21,58.71,34.81,89,-,22.35,1443.75,0.003,36.5,0.22,-,34,15.81,19,-,-,46.51,39.23,14.26,2324,50.22,50,5.49,-
Fri Sep 11 09:52:49 GMT+03:00 2026,11-sept.-2026 09:52:49.423,13.816364772679158,1.69883942167264,36.1,60.89220162723989,-2.04,1.99,10.3,0.03,12.55,0.05,-,21,58.71,35.16,89,-,24.31,1443.5,0.005,36.1,0.06,-,34,15.52,18.59,-,-,46.53,39.21,14.25,2325,49.94,50,6.27,-
Fri Sep 11 09:52:50 GMT+03:00 2026,11-sept.-2026 09:52:50.267,13.64335801037149,2.085394229022953,34.0,60.89220162493938,0.79,2.65,10.29,-0.02,12.94,-0.03,-,21,58.7,35.16,88,-,20.78,1428.0,0.002,34,1.59,-,34,16.53,19.7,-,-,46.56,39.19,14.25,2326,50.59,49,11.76,-
Fri Sep 11 09:52:51 GMT+03:00 2026,11-sept.-2026 09:52:51.794,13.88201338397352,1.8569707773898991,36.4,60.89220162637264,-1.92,2.89,8.31,0.03,14.12,0.03,-,21,58.7,35.16,88,8.13,36.86,1462.75,0.014,36.4,1.3,10.91,34,16.97,20.63,-,-,46.58,39.18,14.24,2327,48.7,50,13.33,-
Fri Sep 11 09:52:52 GMT+03:00 2026,11-sept.-2026 09:52:52.736,13.918684988602507,2.8465806067728767,35.0,60.89220162778529,0.6,1.87,8.24,0.03,13.33,0.02,-,21,58.69,35.16,89,-,27.84,1445.0,0.007,35,0.81,-,34,17.26,20.82,-,-,46.6,39.16,14.24,2328,49.19,50,17.25,-
Fri Sep 11 09:52:53 GMT+03:00 2026,11-sept.-2026 09:52:53.438,14.033057116778505,1.47112789844981,37.0,60.892201626088266,-4.66,0.13,10.96,-0.04,13.33,-0.05,-,21,58.69,35.16,89,-,31.37,1462.5,0.01,37,0.8,-,34,17.26,21.09,-,-,46.63,39.14,14.23,2329,51.8,51,10.98,-
Fri Sep 11 09:52:54 GMT+03:00 2026,11-sept.-2026 09:52:54.349,13.888733000877147,1.4676770253539195,35.3,60.892201626088266,0.1,2.35,10.59,-0.03,13.33,0.0,-,-,58.69,35.16,-,-,20.78,1443.5,0.002,35.3,0.54,-,-,-,-,-,-,46.65,39.13,14.22,2330,50.54,50,9.02,-
Fri Sep 11 09:52:55 GMT+03:00 2026,11-sept.-2026 09:52:55.399,13.825563339016153,2.4977497923546137,36.7,60.892201625519945,0.11,1.48,10.46,-0.05,13.33,-0.07,-,21,58.68,35.16,88,-,22.75,1444.5,0.003,36.7,1.58,-,34,16.82,20.29,-,-,46.67,39.11,14.22,2331,49.42,51,10.2,-
Fri Sep 11 09:52:56 GMT+03:00 2026,11-sept.-2026 09:52:56.516,13.996272890481938,1.6210335272010028,34.5,60.892201625521295,-0.67,2.83,9.1,0.01,14.12,0.03,-,21,58.68,35.16,89,6.76,34.12,1458.75,0.012,34.5,1.06,9.07,34,16.24,19.76,-,-,46.7,39.09,14.21,2332,49.94,51,10.2,-
Fri Sep 11 09:52:57 GMT+03:00 2026,11-sept.-2026 09:52:57.727,13.891746296364008,2.3627919191114803,35.4,60.8922016258028,1.54,3.22,9.54,0.0,13.33,-0.01,-,21,58.68,35.16,88,-,20.78,1455.75,0.002,35.4,0.98,-,34,16.39,19.79,-,-,46.72,39.08,14.21,2333,49.02,50,9.8,-
Fri Sep 11 09:52:58 GMT+03:00 2026,11-sept.-2026 09:52:58.472,13.803297127561164,1.5162901251246377,35.6,60.89220162580104,-0.31,1.18,8.71,0.02,12.94,0.0,-,21,58.67,35.16,89,-,21.57,1431.75,0.002,35.6,0.25,-,34,16.24,19.35,-,-,46.74,39.06,14.2,2334,48.75,49,5.1,-
Fri Sep 11 09:52:59 GMT+03:00 2026,11-sept.-2026 09:52:59.295,13.722189393834466,1.895606953599933,33.7,60.89220162723827,-0.43,1.62,9.67,0.02,13.73,0.04,-,21,58.67,35.16,88,-,21.96,1438.5,0.003,-,0.11,-,34,15.95,19.11,-,-,46.76,39.04,14.19,2335,49.11,49,8.24,-
Fri Sep 11 09:53:00 GMT+03:00 2026,11-sept.-2026 09:53:00.330,13.77600680893656,1.9533949214984547,36.0,60.892201626953856,1.26,2.91,6.72,0.05,12.94,0.03,-,21,58.66,35.16,89,-,28.63,1441.75,0.008,36,1.37,-,34,15.95,19.14,-,-,46.79,39.03,14.19,2336,50.37,49,7.84,-
Fri Sep 11 09:53:01 GMT+03:00 2026,11-sept.-2026 09:53:01.382,13.62433030004206,2.6724394408872416,36.1,60.89220162492533,-1.46,-0.52,10.31,-0.06,12.55,-0.07,-,21,58.66,35.16,88,-,20.78,1436.75,0.002,36.1,1.07,-,34,16.1,19.17,-,-,46.81,39.01,14.18,2337,47.93,49,8.24,-
Fri Sep 11 09:53:02 GMT+03:00 2026,11-sept.-2026 09:53:02.510,13.568272278997323,2.6170877486473136,34.5,60.8922016255088,0.36,1.43,10.09,-0.02,12.55,-0.03,-,21,58.66,35.51,89,-,23.14,1402.5,0.003,34.5,0.55,-,34,16.68,19.36,-,-,46.83,38.99,14.17,2338,49.55,49,10.2,-
Fri Sep 11 09:53:03 GMT+03:00 2026,11-sept.-2026 09:53:03.260,13.718679553517228,1.5768196785193558,35.2,60.89220162695069,0.43,1.28,9.26,-0.03,13.33,-0.02,-,21,58.65,35.16,89,6.16,33.73,1416.75,0.011,35.2,0.23,8.26,34,16.68,19.61,-,-,46.86,38.98,14.17,2339,49.23,49,12.94,-
Fri Sep 11 09:53:04 GMT+03:00 2026,11-sept.-2026 09:53:04.295,13.782186974713136,3.368874879146329,35.9,60.892201626088266,-1.08,3.77,10.14,0.04,13.73,0.02,-,21,58.65,34.81,88,-,29.02,1448.25,0.008,35.9,1.09,-,34,16.97,20.36,-,-,46.88,38.96,14.16,2340,48.91,50,13.33,-
Fri Sep 11 09:53:05 GMT+03:00 2026,11-sept.-2026 09:53:05.716,13.744156951392457,2.5755969384216773,35.1,60.89220162551323,2.32,2.07,10.71,-0.05,14.12,-0.06,-,21,58.64,35.16,88,-,23.92,1442.5,0.004,35.1,1.18,-,34,17.11,20.5,-,-,46.9,38.94,14.16,2341,50.18,49,10.59,-
Fri Sep 11 09:53:06 GMT+03:00 2026,11-sept.-2026 09:53:06.684,13.752963346561476,2.299516123748039,36.6,60.89220162637521,-0.73,2.9,9.8,0.03,13.33,-0.01,-,21,58.64,35.16,89,-,26.27,1431.5,0.006,36.6,0.41,-,34,16.82,20.03,-,-,46.92,38.92,14.15,2342,49.59,50,10.59,-
Fri Sep 11 09:53:07 GMT+03:00 2026,11-sept.-2026 09:53:07.566,13.797974647150008,1.6379244251251202,34.1,60.89220162637616,0.79,4.85,10.07,-0.02,13.33,0.0,-,21,58.64,35.16,89,-,28.24,1425.0,0.007,34.1,2.13,-,34,16.39,19.36,-,-,46.95,38.91,14.14,2343,48.87,51,9.41,-
Fri Sep 11 09:53:08 GMT+03:00 2026,11-sept.-2026 09:53:08.476,13.661242495422416,1.997015528938774,37.4,60.89220162696216,0.51,0.68,9.3,0.02,12.94,0.01,-,21,58.63,35.16,88,-,20.78,1449.75,0.002,37.4,0.34,-,34,16.1,19.48,-,-,46.97,38.89,14.14,2344,48.66,49,7.45,-
Fri Sep 11 09:53:09 GMT+03:00 2026,11-sept.-2026 09:53:09.736,13.478316049750722,1.9403575272236,36.9,60.32932508533271,-1.43,-0.32,8.7,0.02,12.94,0.01,-,21,58.63,35.16,88,-,20.78,1401.5,0.002,36.9,0.33,-,34,16.68,19.4,-,-,46.99,38.87,14.13,2345,48.33,48,10.98,-
Fri Sep 11 09:53:10 GMT+03:00 2026,11-sept.-2026 09:53:10.528,13.72340969378694,2.439569755548444,34.2,56.9290847260072,0.11,1.27,9.91,0.03,14.12,0.03,-,21,58.62,35.16,89,8.15,38.04,1419.5,0.014,34.2,0.03,10.93,34,16.82,19.8,-,-,47.02,38.86,14.13,2346,49.97,50,14.51,-
Fri Sep 11 09:53:11 GMT+03:00 2026,11-sept.-2026 09:53:11.772,13.810432156872162,2.28940739910189,35.1,54.1028869525292,1.27,1.69,10.08,-0.03,13.33,-0.03,-,21,58.62,35.16,89,-,30.2,1445.0,0.009,35.1,1.05,-,34,16.82,20.2,-,-,47.04,38.84,14.12,2347,50.05,49,14.51,-
Fri Sep 11 09:53:12 GMT+03:00 2026,11-sept.-2026 09:53:12.421,13.609806242433478,2.0593051233589934,34.6,54.10288695199086,0.45,2.37,9.7,-0.09,13.33,-0.09,-,21,58.62,35.16,89,-,20.78,1426.75,0.002,34.6,0.88,-,34,17.26,20.42,-,-,47.06,38.82,14.11,2348,48.12,49,10.59,-
Fri Sep 11 09:53:13 GMT+03:00 2026,11-sept.-2026 09:53:13.624,13.65367721545116,2.48137454339393,35.2,54.10288695312191,0.01,2.6,9.88,-0.03,13.33,-0.02,-,21,58.61,35.16,89,-,28.24,1418.75,0.007,35.2,0.05,-,34,16.39,19.23,-,-,47.08,38.81,14.11,2349,48.95,49,7.45,-
Fri Sep 11 09:53:14 GMT+03:00 2026,11-sept.-2026 09:53:14.340,13.506376285849704,1.706772345747037,33.0,54.10288695163932,-0.38,3.0,9.68,0.02,13.33,-0.01,-,21,58.61,34.81,88,-,20.78,1395.5,0.002,33,1.2,-,34,16.53,19.16,-,-,47.11,38.79,14.1,2350,49.2,48,12.94,-
Fri Sep 11 09:53:15 GMT+03:00 2026,11-sept.-2026 09:53:15.554,13.701763784079596,2.710927930846375,36.9,54.1028869527429,1.48,1.67,10.75,0.01,13.73,0.05,-,21,58.6,35.51,89,7.09,35.29,1429.0,0.013,36.9,1.33,9.51,34,16.97,20.22,-,-,47.13,38.77,14.1,2351,50.33,49,12.94,-
Fri Sep 11 09:53:16 GMT+03:00 2026,11-sept.-2026 09:53:16.589,13.75528824706125,1.8500024915442448,35.4,54.102886953653936,-0.84,1.25,7.72,0.0,13.33,0.02,-,21,58.6,35.16,88,-,29.02,1415.0,0.008,35.4,1.09,-,34,16.68,19.49,-,-,47.15,38.76,14.09,2352,50.09,49,12.94,-
Fri Sep 11 09:53:17 GMT+03:00 2026,11-sept.-2026 09:53:17.732,13.61141593572236,2.097952657942484,33.9,54.10288695217987,0.45,3.77,10.71,0.0,12.94,-0.02,-,21,58.6,35.16,89,-,20.78,1429.5,0.002,33.9,0.4,-,34,17.11,20.36,-,-,47.17,38.74,14.08,2353,48.6,49,10.98,-
Fri Sep 11 09:53:18 GMT+03:00 2026,11-sept.-2026 09:53:18.280,13.700580166783634,2.0425075217039983,33.9,54.1028869523409,-2.5,3.53,9.52,-0.05,13.73,-0.05,-,21,58.59,35.16,89,-,30.2,1429.0,0.009,33.9,0.17,-,34,16.39,19.48,-,-,47.2,38.72,14.08,2354,49.17,49,8.24,-
Fri Sep 11 09:53:19 GMT+03:00 2026,11-sept.-2026 09:53:19.694,13.611466204360328,1.6646522661413017,35.9,54.10288695287892,-2.42,3.4,8.83,-0.05,13.33,-0.03,-,21,58.59,34.81,89,-,21.57,1442.25,0.002,35.9,1.82,-,34,16.1,19.33,-,-,47.22,38.71,14.07,2355,48.18,50,9.41,-
Fri Sep 11 09:53:20 GMT+03:00 2026,11-sept.-2026 09:53:20.567,13.558449727162778,2.650213712136135,35.7,54.10288695250139,-1.2,4.71,9.5,0.02,12.94,0.0,-,21,58.58,35.16,88,-,23.53,1398.25,0.004,35.7,0.14,-,34,16.68,19.29,-,-,47.24,38.69,14.07,2356,49.14,49,9.02,-
Fri Sep 11 09:53:21 GMT+03:00 2026,11-sept.-2026 09:53:21.688,13.645767009271337,3.5399133522094925,35.5,54.10288695298652,1.16,1.38,9.27,0.05,13.73,0.01,-,21,58.58,35.16,88,-,30.2,1428.5,0.009,35.5,1.37,-,34,16.1,19.14,-,-,47.26,38.68,14.06,2357,50.37,49,9.02,-
Fri Sep 11 09:53:22 GMT+03:00 2026,11-sept.-2026 09:53:22.494,13.548992738012734,1.5659322843818655,35.6,54.10288695315111,0.74,1.57,8.44,-0.05,12.55,-0.01,-,21,58.57,35.16,88,-,21.18,1417.0,0.002,35.6,0.49,-,34,16.24,19.08,-,-,47.29,38.66,14.05,2358,48.51,49,9.02,-
Fri Sep 11 09:53:23 GMT+03:00 2026,11-sept.-2026 09:53:23.724,13.4941832695769,1.747892915027962,35.3,54.102886952254686,1.21,0.11,11.47,-0.04,13.73,-0.01,-,21,58.57,35.16,89,-,23.14,1414.0,0.004,35.3,1.19,-,34,16.1,18.91,-,-,47.31,38.64,14.05,2359,47.81,49,5.88,-
Fri Sep 11 09:53:24 GMT+03:00 2026,11-sept.-2026 09:53:24.707,13.409631062200464,1.8757182947560376,35.4,54.10288695247247,1.59,5.49,7.76,0.02,13.33,0.02,-,21,58.57,35.16,88,-,21.96,1406.5,0.002,35.4,0.34,-,34,16.1,18.69,-,-,47.33,38.63,14.04,2360,48.34,48,8.63,-
Fri Sep 11 09:53:25 GMT+03:00 2026,11-sept.-2026 09:53:25.528,13.464147234264964,1.7282571024576834,35.3,54.10288695304609,-3.04,0.94,10.34,0.01,13.73,-0.01,-,21,58.56,35.51,88,-,28.63,1406.0,0.008,35.3,0.03,-,34,15.95,18.66,-,-,47.35,38.61,14.04,2361,48.97,49,7.84,-
Fri Sep 11 09:53:26 GMT+03:00 2026,11-sept.-2026 09:53:26.350,13.355009908596385,2.300222877379271,34.7,54.10288695285395,-0.7,1.79,11.11,-0.07,12.94,-0.08,-,21,58.56,35.16,89,-,21.18,1391.0,0.002,34.7,0.86,-,34,16.68,19.2,-,-,47.38,38.59,14.03,2362,48.86,48,12.94,-
Fri Sep 11 09:53:27 GMT+03:00 2026,11-sept.-2026 09:53:27.755,13.565248733536247,1.614515686792125,35.2,54.10288695226019,1.08,5.03,9.82,-0.06,13.73,-0.05,-,21,58.55,35.16,89,7.31,36.08,1431.25,0.013,35.2,0.07,9.8,34,17.4,20.63,-,-,47.4,38.58,14.02,2363,49.07,49,15.29,-
Fri Sep 11 09:53:28 GMT+03:00 2026,11-sept.-2026 09:53:28.769,13.73239509911504,1.887754761807512,33.4,54.102886952019,-0.54,2.25,9.47,0.01,12.94,-0.01,-,21,58.55,35.16,89,6.52,34.12,1433.0,0.012,33.4,1.56,8.74,34,16.97,20.13,-,-,47.42,38.56,14.02,2364,48.44,50,15.29,-
Fri Sep 11 09:53:29 GMT+03:00 2026,11-sept.-2026 09:53:29.760,13.58660774377942,2.345716806590654,35.0,54.10288695298743,1.01,2.81,8.25,-0.06,12.94,-0.09,-,21,58.55,35.16,89,-,20.78,1412.75,0.002,35,0.55,-,34,17.11,20,-,-,47.44,38.54,14.01,2365,48.55,48,10.59,-
Fri Sep 11 09:53:30 GMT+03:00 2026,11-sept.-2026 09:53:30.361,13.538095203323673,1.4240344566228875,34.8,54.10288695214956,-3.34,1.99,7.94,0.03,13.73,0.02,-,21,58.54,35.16,88,-,23.53,1421.75,0.004,34.8,0.21,-,34,16.68,19.69,-,-,47.47,38.53,14.01,2366,47.79,48,8.24,-
Fri Sep 11 09:53:31 GMT+03:00 2026,11-sept.-2026 09:53:31.288,13.578911269939416,2.0919349495734045,35.4,54.10288695228471,-1.34,0.99,9.48,-0.06,13.33,-0.05,-,21,58.54,35.16,88,-,27.84,1418.5,0.007,35.4,1.19,-,34,16.1,19.01,-,-,47.49,38.51,14,2367,50.19,49,9.41,-
Fri Sep 11 09:53:32 GMT+03:00 2026,11-sept.-2026 09:53:32.665,13.537542829779849,2.739258618888009,35.4,54.10288695361629,0.73,4.99,8.24,0.02,12.94,0.05,-,21,58.53,35.16,88,-,23.92,1398.25,0.004,35.4,0.27,-,34,16.1,18.7,-,-,47.51,38.49,13.99,2368,49.27,49,8.24,-
Fri Sep 11 09:53:33 GMT+03:00 2026,11-sept.-2026 09:53:33.750,13.38432542097519,1.6888717321458715,35.4,54.10288695299037,-0.39,2.83,9.7,0.01,12.55,0.03,-,21,58.53,35.16,88,-,20.78,1409.5,0.002,35.4,0.08,-,34,16.53,19.4,-,-,47.53,38.48,13.99,2369,48.08,48,9.8,-
Fri Sep 11 09:53:34 GMT+03:00 2026,11-sept.-2026 09:53:34.689,13.514710435593516,1.7821167131974769,35.3,54.10288695252802,-2.1,3.76,9.13,0.01,14.12,0.02,-,21,58.52,35.16,89,5.62,32.16,1416.75,0.01,35.3,1.28,7.54,34,16.68,19.66,-,-,47.56,38.46,13.98,2370,49.28,48,12.55,-
Fri Sep 11 09:53:35 GMT+03:00 2026,11-sept.-2026 09:53:35.352,13.608241001626377,1.4447438636600405,34.5,54.102886952206845,-2.51,3.61,9.36,-0.02,13.33,-0.03,-,21,58.52,35.16,89,-,30.59,1422.25,0.009,34.5,0.66,-,34,17.11,20.2,-,-,47.58,38.45,13.98,2371,48.34,49,16.08,-
Fri Sep 11 09:53:36 GMT+03:00 2026,11-sept.-2026 09:53:36.511,13.712320654307058,1.5314260948865637,36.0,54.102886953225095,0.42,3.52,10.44,-0.03,13.73,-0.04,-,21,58.52,35.51,88,-,30.98,1433.75,0.01,36,0.75,-,34,17.26,20.6,-,-,47.6,38.43,13.97,2372,49.75,49,12.94,-
Fri Sep 11 09:53:37 GMT+03:00 2026,11-sept.-2026 09:53:37.313,13.66758951538851,2.6748003495959125,34.6,54.10288695268989,-3.62,2.65,10.28,0.0,14.12,-0.01,-,21,58.51,35.16,89,-,23.92,1429.0,0.004,34.6,0.15,-,34,16.82,19.89,-,-,47.62,38.41,13.96,2373,49.15,49,9.8,-
Fri Sep 11 09:53:38 GMT+03:00 2026,11-sept.-2026 09:53:38.389,13.592996924494168,2.617216942950966,33.7,54.1028869524216,-1.12,4.02,11.95,-0.05,12.94,-0.08,-,21,58.51,35.16,89,-,22.35,1414.25,0.003,33.7,0.56,-,34,16.97,19.81,-,-,47.65,38.4,13.96,2374,49.56,49,10.59,-
Fri Sep 11 09:53:39 GMT+03:00 2026,11-sept.-2026 09:53:39.243,13.742458723808175,1.999713020098282,35.7,54.10288695373475,0.97,3.02,9.81,-0.01,13.73,0.03,-,21,58.5,35.16,88,6.15,32.94,1438.75,0.011,35.7,0.96,8.25,34,16.39,19.5,-,-,47.67,38.38,13.95,2375,49.04,50,9.8,-
Fri Sep 11 09:53:40 GMT+03:00 2026,11-sept.-2026 09:53:40.699,13.612646189156711,2.258312590477006,35.4,54.10288695212458,0.55,2.56,7.81,0.0,13.33,0.02,-,21,58.5,35.51,89,-,20.78,1430.5,0.002,-,1.11,-,34,16.39,19.53,-,-,47.69,38.36,13.95,2376,47.89,49,10.98,-
Fri Sep 11 09:53:41 GMT+03:00 2026,11-sept.-2026 09:53:41.396,13.612999103012914,1.5120645045882406,34.6,54.10288695141618,0.82,0.12,9.87,0.06,13.73,0.02,-,21,58.5,35.16,88,-,25.88,1421.0,0.006,34.6,2.8,-,34,16.39,19.27,-,-,47.71,38.35,13.94,2377,50.8,48,6.27,-
Fri Sep 11 09:53:42 GMT+03:00 2026,11-sept.-2026 09:53:42.391,13.425429293240098,1.838776933736663,34.7,54.10288695326128,0.27,2.77,8.66,0.01,13.33,0.02,-,21,58.49,35.16,89,-,20.78,1404.25,0.002,34.7,0.17,-,34,16.24,18.91,-,-,47.73,38.33,13.93,2378,49.17,49,10.59,-
Fri Sep 11 09:53:43 GMT+03:00 2026,11-sept.-2026 09:53:43.440,13.542340383031553,2.141615569412429,35.5,54.10288695326209,-2.59,2.8,8.41,0.01,13.73,-0.02,-,21,58.49,35.51,89,-,31.76,1421.25,0.01,35.5,1.36,-,34,16.24,19.17,-,-,47.76,38.31,13.93,2379,47.64,49,8.63,-
Fri Sep 11 09:53:44 GMT+03:00 2026,11-sept.-2026 09:53:44.300,13.390154506948836,1.4032242296385875,34.7,54.10288695277279,-1.42,1.44,9.43,0.01,13.33,-0.01,-,21,58.48,34.81,89,-,21.18,1387.25,0.002,34.7,1.01,-,35,16.39,18.74,-,-,47.78,38.3,13.92,2380,46.99,48,10.98,-
Fri Sep 11 09:53:45 GMT+03:00 2026,11-sept.-2026 09:53:45.658,13.426527370848618,2.3444110332871526,36.0,54.10288695285255,1.84,1.69,10.23,0.08,12.94,0.08,-,21,58.48,35.16,88,-,27.84,1404.25,0.007,36,0.24,-,35,17.26,20.03,-,-,47.8,38.28,13.92,2381,48.24,48,13.33,-
Fri Sep 11 09:53:46 GMT+03:00 2026,11-sept.-2026 09:53:46.770,13.667973060093876,1.634472266554518,34.8,54.10288695258247,-0.6,2.64,8.81,0.07,14.51,0.06,-,21,58.48,35.16,89,8.03,37.65,1431.0,0.014,34.8,1.02,10.77,35,16.97,20.08,-,-,47.82,38.27,13.91,2382,48.98,50,14.9,-
Fri Sep 11 09:53:47 GMT+03:00 2026,11-sept.-2026 09:53:47.698,13.654769821454412,1.5235127305897094,36.6,54.10288695234158,0.79,0.9,8.77,0.02,12.94,0.01,-,21,58.47,35.16,88,-,25.49,1410.75,0.005,36.6,0.6,-,34,17.4,20.33,-,-,47.84,38.25,13.91,2383,49.6,49,15.69,-
Fri Sep 11 09:53:48 GMT+03:00 2026,11-sept.-2026 09:53:48.525,13.720193459245976,2.5482975356090067,34.2,54.10288695205179,1.7,-1.48,8.8,0.04,13.33,0.05,-,21,58.47,35.51,88,-,29.41,1410.25,0.008,34.2,1.0,-,34,17.69,20.7,-,-,47.87,38.23,13.9,2384,50.0,49,14.12,-
Fri Sep 11 09:53:49 GMT+03:00 2026,11-sept.-2026 09:53:49.421,13.87731556823494,1.7712906201482166,35.2,54.10288695247636,-1.41,5.14,10.61,0.06,14.12,0.04,-,21,58.46,35.16,89,6.4,33.33,1450.0,0.012,-,0.61,8.58,34,16.82,20.28,-,-,47.89,38.22,13.89,2385,49.61,49,12.55,-
Fri Sep 11 09:53:50 GMT+03:00 2026,11-sept.-2026 09:53:50.646,13.651316567391142,2.66563498727072,33.9,54.10288695330419,-0.08,0.82,8.71,-0.01,12.94,-0.03,-,21,58.46,35.16,89,-,20.78,1417.25,0.002,33.9,0.43,-,34,17.26,20.18,-,-,47.91,38.2,13.89,2386,49.43,49,13.33,-
Fri Sep 11 09:53:51 GMT+03:00 2026,11-sept.-2026 09:53:51.314,13.778305574784348,1.8016359253649008,35.7,54.10288695322163,-3.21,2.24,10.21,-0.02,14.12,-0.02,-,21,58.46,35.16,89,5.7,32.16,1439.25,0.01,35.7,1.1,7.65,35,16.97,20.29,-,-,47.93,38.19,13.88,2387,50.1,49,10.2,-
Fri Sep 11 09:53:52 GMT+03:00 2026,11-sept.-2026 09:53:52.776,13.763664814400054,1.6121920220806474,34.3,54.10288695176087,-2.26,2.78,8.75,-0.02,13.33,-0.01,-,21,58.45,35.16,89,-,25.1,1445.25,0.005,34.3,0.14,-,35,16.82,20.25,-,-,47.95,38.17,13.88,2388,50.14,50,14.12,-
Fri Sep 11 09:53:53 GMT+03:00 2026,11-sept.-2026 09:53:53.389,13.873075305776013,2.853622307643465,34.0,54.10288695260971,0.73,0.59,10.58,0.06,12.55,0.05,-,21,58.45,34.81,89,-,30.98,1460.75,0.01,34,1.5,-,35,17.26,20.89,-,-,47.98,38.15,13.87,2389,49.5,51,11.76,-
Fri Sep 11 09:53:54 GMT+03:00 2026,11-sept.-2026 09:53:54.388,13.87499761200333,1.8402938435424427,34.6,54.10288695358475,1.05,3.43,9.3,-0.01,12.94,-0.01,-,21,58.45,35.16,89,-,25.88,1458.25,0.006,-,0.96,-,35,17.11,20.69,-,-,48,38.14,13.86,2390,49.04,50,13.33,-
Fri Sep 11 09:53:55 GMT+03:00 2026,11-sept.-2026 09:53:55.787,13.942071522674825,2.396626987573136,34.1,54.1028869529768,-2.73,2.7,8.31,0.06,12.94,0.05,-,21,58.44,35.16,89,-,29.41,1441.0,0.008,34.1,0.26,-,35,17.4,20.74,-,-,48.02,38.12,13.86,2391,50.74,51,12.94,-
Fri Sep 11 09:53:56 GMT+03:00 2026,11-sept.-2026 09:53:56.311,14.029081607620766,1.80632340473024,34.0,54.10288695234857,-0.29,4.33,8.83,0.04,13.33,0.0,-,21,58.44,34.81,89,-,29.8,1478.5,0.009,34,0.23,-,35,16.97,20.96,-,-,48.04,38.11,13.85,2392,50.23,50,12.55,-
Fri Sep 11 09:53:57 GMT+03:00 2026,11-sept.-2026 09:53:57.687,14.011531486017258,2.1809086171482326,35.3,54.1028869520868,-1.6,2.88,8.94,-0.02,12.55,-0.04,-,21,58.43,35.16,89,-,25.1,1454.5,0.005,35.3,0.72,-,35,16.97,20.57,-,-,48.06,38.09,13.85,2393,51.72,51,11.37,-
Fri Sep 11 09:53:58 GMT+03:00 2026,11-sept.-2026 09:53:58.748,14.010274167048731,1.8271165169788697,33.1,54.102886953005104,-0.41,2.41,10.89,0.03,12.55,0.04,-,21,58.43,35.16,89,-,25.88,1460.25,0.006,33.1,0.49,-,35,16.53,20.05,-,-,48.09,38.07,13.84,2394,50.49,50,7.84,-
Fri Sep 11 09:53:59 GMT+03:00 2026,11-sept.-2026 09:53:59.613,13.801270446350266,1.8888495467462325,35.7,54.10288695284864,0.06,0.21,9.54,-0.05,13.33,-0.07,-,21,58.43,35.16,88,-,20.78,1450.25,0.002,35.7,0.53,-,35,16.24,19.59,-,-,48.11,38.06,13.84,2395,48.47,49,7.84,-
Fri Sep 11 09:54:00 GMT+03:00 2026,11-sept.-2026 09:54:00.695,13.791958666326964,1.6232381544054206,36.2,54.10288695245128,-0.24,1.21,9.64,0.01,13.73,0.01,-,21,58.42,35.16,88,-,25.49,1431.0,0.005,36.2,0.54,-,35,16.68,19.86,-,-,48.13,38.04,13.83,2396,49.46,50,10.98,-
Fri Sep 11 09:54:01 GMT+03:00 2026,11-sept.-2026 09:54:01.290,13.967203562571148,3.094394221235881,36.6,54.10288695263612,0.11,2.57,12.37,0.02,12.94,0.01,-,21,58.42,35.16,89,6.84,33.73,1482.25,0.012,36.6,0.11,9.17,35,16.97,20.9,-,-,48.15,38.03,13.82,2397,49.89,50,14.12,-
Fri Sep 11 09:54:02 GMT+03:00 2026,11-sept.-2026 09:54:02.390,14.040070659095408,2.6457806845388365,35.9,54.102886951904935,-0.09,4.76,7.96,-0.01,12.94,-0.01,-,21,58.42,35.16,89,-,29.41,1460.5,0.009,35.9,0.28,-,35,17.26,20.92,-,-,48.17,38.01,13.82,2398,50.72,51,14.12,-
Fri Sep 11 09:54:03 GMT+03:00 2026,11-sept.-2026 09:54:03.787,14.029491243091892,1.6792118263082338,34.9,54.10288695206005,0.84,2.99,9.52,0.02,13.73,-0.01,-,21,58.41,35.51,88,-,25.49,1466.75,0.006,34.9,0.39,-,35,17.11,20.83,-,-,48.19,37.99,13.81,2399,51.39,51,10.2,-
Fri Sep 11 09:54:04 GMT+03:00 2026,11-sept.-2026 09:54:04.794,13.963445616864576,2.736049003702827,34.9,54.10288695353264,-1.6,3.41,9.13,0.01,12.94,0.01,-,21,58.41,35.16,88,-,22.75,1467.0,0.003,34.9,1.51,-,35,16.39,19.9,-,-,48.22,37.98,13.81,2400,51.51,50,6.67,-
Fri Sep 11 09:54:05 GMT+03:00 2026,11-sept.-2026 09:54:05.450,13.8352474032905,1.5752797833039855,36.3,54.10288695289955,-2.26,1.99,8.94,0.03,12.94,0.02,-,21,58.41,35.16,89,-,20.78,1446.75,0.002,36.3,1.54,-,35,16.53,19.83,-,-,48.24,37.96,13.8,2401,50.54,49,9.8,-
Fri Sep 11 09:54:06 GMT+03:00 2026,11-sept.-2026 09:54:06.723,13.990055486195583,1.891804067220629,35.5,54.102886952531264,-0.72,1.9,9.37,0.03,13.73,0.01,-,21,58.4,34.81,89,6.42,32.94,1470.0,0.012,35.5,0.87,8.61,35,16.53,20.17,-,-,48.26,37.95,13.79,2402,49.13,50,10.59,-
Fri Sep 11 09:54:07 GMT+03:00 2026,11-sept.-2026 09:54:07.682,13.972547346959656,4.150884419631781,34.7,54.10288695342091,-1.08,1.09,8.97,-0.03,13.33,-0.01,-,21,58.4,35.16,89,-,25.1,1460.5,0.005,34.7,0.32,-,35,16.82,20.5,-,-,48.28,37.93,13.79,2403,49.68,50,13.73,-
Fri Sep 11 09:54:08 GMT+03:00 2026,11-sept.-2026 09:54:08.519,14.04788949252088,2.009252877657592,34.9,54.102886951882255,1.24,1.08,10.28,0.0,13.73,0.0,-,21,58.4,35.16,89,-,29.41,1458.75,0.009,34.9,0.7,-,35,17.55,21.2,-,-,48.3,37.91,13.78,2404,50.3,51,12.94,-
Fri Sep 11 09:54:09 GMT+03:00 2026,11-sept.-2026 09:54:09.678,14.149533314531556,2.029008548503993,35.2,54.10288695268817,-0.38,2.08,8.08,0.02,13.33,0.03,-,21,58.39,34.81,89,-,30.59,1475.25,0.01,35.2,0.8,-,35,16.82,20.59,-,-,48.32,37.9,13.78,2405,51.8,51,11.37,-
Fri Sep 11 09:54:10 GMT+03:00 2026,11-sept.-2026 09:54:10.339,14.013707183264652,1.864157437690685,32.5,54.10288695258384,0.92,-0.51,8.53,-0.03,13.33,-0.06,-,21,58.39,35.16,89,-,20.78,1464.0,0.002,32.5,0.78,-,35,16.82,20.51,-,-,48.35,37.88,13.77,2406,50.22,51,10.2,-
Fri Sep 11 09:54:11 GMT+03:00 2026,11-sept.-2026 09:54:11.493,14.02619821120054,2.3316103789209515,35.1,54.10288695198709,1.09,0.39,10.4,-0.01,12.94,0.0,-,21,58.39,34.81,89,-,26.67,1458.5,0.006,35.1,0.12,-,35,17.11,20.74,-,-,48.37,37.87,13.77,2407,50.88,51,11.76,-
Fri Sep 11 09:54:12 GMT+03:00 2026,11-sept.-2026 09:54:12.420,14.208217749388377,1.4894288659796655,33.5,54.10288695371869,-0.35,2.02,9.65,0.0,13.33,0.02,-,21,58.38,35.16,89,7.15,34.12,1487.75,0.013,33.5,1.73,9.58,35,16.97,20.97,-,-,48.39,37.85,13.76,2408,50.27,52,13.73,-
Fri Sep 11 09:54:13 GMT+03:00 2026,11-sept.-2026 09:54:13.269,14.229719167890806,1.7725726759440896,35.9,54.10288695255931,-1.24,1.24,8.89,-0.08,12.94,-0.04,-,21,58.38,35.16,88,-,27.06,1476.75,0.007,35.9,0.65,-,35,17.69,21.75,-,-,48.41,37.83,13.75,2409,51.65,51,16.86,-
Fri Sep 11 09:54:14 GMT+03:00 2026,11-sept.-2026 09:54:14.275,14.400161704715906,1.6397174938607395,36.3,54.102886951716,-0.42,1.82,10.28,0.05,14.12,0.03,-,21,58.38,35.16,89,7.02,33.73,1497.0,0.013,36.3,1.73,9.42,35,17.26,21.63,-,-,48.43,37.82,13.75,2410,52.73,51,11.76,-
Fri Sep 11 09:54:15 GMT+03:00 2026,11-sept.-2026 09:54:15.624,14.27867971922553,2.160663675733955,34.6,54.102886951922,0.73,2.03,12.39,-0.03,12.55,0.0,-,21,58.38,34.81,88,-,20.78,1483.0,0.002,34.6,0.62,-,34,17.4,21.43,-,-,48.45,37.8,13.74,2411,50.38,51,14.51,-
Fri Sep 11 09:54:16 GMT+03:00 2026,11-sept.-2026 09:54:16.278,14.461598535288838,2.1672693787724464,34.2,54.10288695192276,-0.92,0.59,8.99,-0.02,14.12,-0.01,-,21,58.37,35.16,89,7.34,34.51,1495.0,0.013,34.2,0.56,9.84,35,16.97,21.13,-,-,48.48,37.79,13.74,2412,52.56,52,9.41,-
Fri Sep 11 09:54:17 GMT+03:00 2026,11-sept.-2026 09:54:17.771,14.309566669784603,1.6589650991767528,34.4,54.102886953891975,-0.02,3.93,10.59,0.05,12.94,0.1,-,21,58.37,35.16,89,-,20.78,1500.0,0.002,34.4,0.3,-,35,16.39,20.59,-,-,48.5,37.77,13.73,2413,51.7,52,10.98,-
Fri Sep 11 09:54:18 GMT+03:00 2026,11-sept.-2026 09:54:18.673,14.29011106996915,2.361739975384238,33.9,54.102886953203694,0.0,-0.09,9.37,-0.01,12.94,0.0,-,21,58.37,35.16,89,-,25.1,1483.75,0.005,33.9,0.9,-,35,16.39,20.33,-,-,48.52,37.76,13.73,2414,51.1,52,5.88,-
Fri Sep 11 09:54:19 GMT+03:00 2026,11-sept.-2026 09:54:19.538,14.12200610516321,2.059797523390132,32.8,54.10288695250774,-2.33,-0.17,10.22,0.01,12.94,0.0,-,21,58.36,35.16,88,-,20.78,1479.5,0.002,32.8,0.65,-,35,16.68,20.6,-,-,48.54,37.74,13.72,2415,50.65,50,13.33,-
Fri Sep 11 09:54:20 GMT+03:00 2026,11-sept.-2026 09:54:20.485,14.426638029958909,3.025843848519667,33.2,54.10288695327104,-1.48,0.49,9.74,0.01,14.12,0.0,-,21,58.36,35.16,89,10,40.0,1508.25,0.017,33.2,1.43,13.41,35,17.11,21.53,-,-,48.56,37.72,13.71,2416,50.57,52,13.73,-
Fri Sep 11 09:54:21 GMT+03:00 2026,11-sept.-2026 09:54:21.770,14.435507209095013,2.791303695270836,34.7,54.102886951867006,0.54,4.12,8.81,-0.04,13.73,-0.04,-,21,58.36,34.81,89,-,26.27,1501.5,0.007,34.7,0.97,-,35,16.53,20.77,-,-,48.58,37.71,13.71,2417,51.03,52,12.55,-
Fri Sep 11 09:54:22 GMT+03:00 2026,11-sept.-2026 09:54:22.796,14.155991195524582,2.322168216622234,34.9,54.10288695250679,-0.18,0.55,11.06,-0.05,13.33,-0.1,-,21,58.36,35.16,88,-,9.41,1470.0,0.0,34.9,0.5,-,35,16.97,28.86,-,-,48.6,37.69,13.7,2418,50.5,51,7.84,-
Fri Sep 11 09:54:23 GMT+03:00 2026,11-sept.-2026 09:54:23.579,14.183417048821088,3.4656096804355885,33.0,54.10288695299559,-4.57,2.34,8.44,-0.01,13.73,-0.02,-,21,58.35,34.81,89,-,27.06,1500.0,0.007,33,0.08,-,35,16.68,20.91,-,-,48.63,37.68,13.7,2419,50.92,51,10.98,-
Fri Sep 11 09:54:24 GMT+03:00 2026,11-sept.-2026 09:54:24.264,14.364087304068423,2.426349040474788,34.5,54.10288695237965,0.17,1.88,8.21,0.01,14.12,0.0,-,21,58.35,35.51,88,7.22,34.12,1499.25,0.013,34.5,1.33,9.69,35,16.39,20.42,-,-,48.65,37.66,13.69,2420,49.67,51,11.76,-
Fri Sep 11 09:54:25 GMT+03:00 2026,11-sept.-2026 09:54:25.726,14.216825967974492,1.889427045963416,32.8,54.1028869532353,0.51,2.39,10.36,-0.02,12.94,-0.06,-,21,58.35,35.16,89,-,20.78,1478.75,0.002,32.8,1.19,-,35,16.24,20.06,-,-,48.67,37.65,13.69,2421,49.81,51,8.63,-
Fri Sep 11 09:54:26 GMT+03:00 2026,11-sept.-2026 09:54:26.594,13.920309221572255,1.435330569022455,34.5,54.102886952924415,0.25,1.81,10.07,-0.07,14.12,-0.08,-,21,58.34,35.16,89,-,11.37,1443.5,0.0,34.5,0.94,-,35,16.53,27.52,-,-,48.69,37.63,13.68,2422,51.94,51,7.84,-
Fri Sep 11 09:54:27 GMT+03:00 2026,11-sept.-2026 09:54:27.672,14.047483704827563,1.9311710592568343,32.8,54.102886953051005,-1.04,3.53,9.28,0.02,13.73,0.03,-,21,58.34,35.16,89,5.86,32.16,1458.5,0.011,32.8,0.42,7.86,34,16.53,20.02,-,-,48.71,37.61,13.67,2423,50.58,51,12.94,-
Fri Sep 11 09:54:28 GMT+03:00 2026,11-sept.-2026 09:54:28.478,14.220743644663854,2.9413330935549817,34.1,54.102886952841445,-0.84,4.46,10.41,0.06,13.73,0.07,-,21,58.34,35.16,88,6.96,33.73,1494.5,0.013,34.1,0.42,9.34,34,17.11,21.4,-,-,48.73,37.6,13.67,2424,51.42,51,17.65,-
Fri Sep 11 09:54:29 GMT+03:00 2026,11-sept.-2026 09:54:29.611,14.33960882679608,1.812050631255204,33.7,54.10288695105845,-3.53,0.75,11.41,0.03,13.73,-0.01,-,21,58.33,34.81,89,-,31.37,1499.75,0.011,33.7,0.43,-,34,18.13,22.67,-,-,48.75,37.58,13.66,2425,51.57,52,17.25,-
Fri Sep 11 09:54:30 GMT+03:00 2026,11-sept.-2026 09:54:30.391,14.466199252348536,2.2860083241054614,33.1,54.10288695273839,1.71,2.21,9.28,0.0,13.73,0.04,-,21,58.33,35.51,89,6.09,31.37,1515.5,0.011,33.1,0.11,8.17,35,17.4,22.11,-,-,48.78,37.57,13.66,2426,52.11,52,12.55,-
Fri Sep 11 09:54:31 GMT+03:00 2026,11-sept.-2026 09:54:31.551,14.204431502031133,1.7733654323325627,34.2,54.10288695359526,-2.24,3.8,9.59,-0.01,13.33,0.02,-,21,58.33,35.16,89,-,20.78,1476.75,0.002,34.2,0.61,-,35,16.68,20.51,-,-,48.8,37.55,13.65,2427,51.61,51,8.63,-
Fri Sep 11 09:54:32 GMT+03:00 2026,11-sept.-2026 09:54:32.585,14.072156731947883,1.4477701391994795,32.6,54.10288695227164,-2.39,4.34,8.72,0.04,13.33,0.04,-,21,58.33,35.16,88,-,20.78,1477.25,0.002,32.6,1.46,-,35,16.39,20.17,-,-,48.82,37.54,13.65,2428,51.46,50,6.67,-
Fri Sep 11 09:54:33 GMT+03:00 2026,11-sept.-2026 09:54:33.448,14.082971590826942,2.1092386455944427,34.5,54.10288695323092,1.79,2.88,6.99,0.01,13.73,-0.01,-,21,58.32,35.51,88,-,26.27,1465.25,0.006,34.5,1.87,-,35,16.53,20.12,-,-,48.84,37.52,13.64,2429,49.13,51,11.76,-
Fri Sep 11 09:54:34 GMT+03:00 2026,11-sept.-2026 09:54:34.790,14.261177341273113,1.535436464315918,35.3,54.10288695284163,0.3,1.38,10.69,0.02,13.33,0.07,-,21,58.32,35.16,88,7.1,34.51,1474.0,0.013,35.3,0.54,9.52,34,16.82,20.72,-,-,48.86,37.51,13.63,2430,51.46,52,13.73,-
Fri Sep 11 09:54:35 GMT+03:00 2026,11-sept.-2026 09:54:35.638,14.273616057087564,2.1726820908279474,35.2,54.10288695258477,4.68,1.85,9.86,0.05,13.73,0.06,-,21,58.32,35.16,88,-,26.27,1497.0,0.007,35.2,1.02,-,34,17.26,21.52,-,-,48.88,37.49,13.63,2431,50.98,52,13.33,-
Fri Sep 11 09:54:36 GMT+03:00 2026,11-sept.-2026 09:54:36.595,14.272163792191934,2.008382107759332,35.3,54.10288695227696,-1.62,2.7,8.18,-0.01,13.33,-0.04,-,21,58.31,35.16,89,-,25.88,1497.0,0.006,35.3,0.02,-,34,17.26,21.58,-,-,48.9,37.47,13.62,2432,51.02,51,10.59,-
Fri Sep 11 09:54:37 GMT+03:00 2026,11-sept.-2026 09:54:37.418,14.299802755911143,1.4154447770261187,32.2,54.102886951065926,0.56,-0.06,6.74,-0.03,12.16,-0.03,-,21,58.31,35.16,89,-,27.06,1513.75,0.007,32.2,0.92,-,34,16.53,20.86,-,-,48.92,37.46,13.62,2433,51.08,52,8.63,-
Fri Sep 11 09:54:38 GMT+03:00 2026,11-sept.-2026 09:54:38.701,14.17643248403801,1.577252789831438,34.3,55.5975426287521,-1.78,3.4,8.6,-0.02,13.33,-0.01,-,21,58.31,34.81,89,-,20.78,1482.5,0.002,34.3,0.05,-,34,16.24,20.07,-,-,48.94,37.44,13.61,2434,50.95,51,7.45,-
Fri Sep 11 09:54:39 GMT+03:00 2026,11-sept.-2026 09:54:39.264,14.1065613239301,1.9895703163807048,34.0,59.27696561139992,-1.15,0.94,9.54,-0.02,12.94,-0.02,-,21,58.31,35.16,89,-,22.75,1463.25,0.003,34,0.26,-,34,16.68,20.24,-,-,48.97,37.43,13.61,2435,50.26,50,9.8,-
Fri Sep 11 09:54:40 GMT+03:00 2026,11-sept.-2026 09:54:40.242,14.255961252072682,1.421739646414769,34.1,61.42430939509298,-0.33,0.61,9.37,-0.02,13.73,-0.01,-,21,58.3,35.51,89,6.47,33.33,1469.0,0.012,34.1,0.17,8.67,34,16.53,20.3,-,-,48.99,37.41,13.6,2436,51.83,52,11.76,-
Fri Sep 11 09:54:41 GMT+03:00 2026,11-sept.-2026 09:54:41.760,14.27327425258814,2.234891526147414,34.5,61.4243093954869,-0.16,2.96,8.85,-0.05,13.73,-0.02,-,21,58.3,34.81,89,-,26.67,1488.25,0.007,34.5,2.17,-,34,16.82,20.91,-,-,49.01,37.4,13.6,2437,49.83,52,12.55,-
Fri Sep 11 09:54:42 GMT+03:00 2026,11-sept.-2026 09:54:42.327,14.23837498295256,2.8285460454762914,33.9,61.4243093953656,-0.58,3.95,9.31,-0.05,13.73,-0.03,-,21,58.3,35.16,89,-,24.31,1486.75,0.005,33.9,1.21,-,34,17.11,21.3,-,-,49.03,37.38,13.59,2438,50.79,52,10.59,-
Fri Sep 11 09:54:43 GMT+03:00 2026,11-sept.-2026 09:54:43.706,14.281245621314444,1.6834694990496706,33.3,61.42430939433797,-0.29,3.53,9.47,0.03,13.33,0.04,-,21,58.29,35.16,88,-,27.84,1483.5,0.008,33.3,1.57,-,34,16.97,20.97,-,-,49.05,37.37,13.58,2439,52.57,51,11.37,-
Fri Sep 11 09:54:44 GMT+03:00 2026,11-sept.-2026 09:54:44.513,14.33624757560029,1.6874177759953846,34.2,61.42430939421348,0.88,1.76,9.06,-0.01,13.33,-0.01,-,21,58.29,35.16,89,-,28.63,1487.0,0.008,34.2,0.51,-,34,16.53,20.54,-,-,49.07,37.35,13.58,2440,52.51,52,9.8,-
Fri Sep 11 09:54:45 GMT+03:00 2026,11-sept.-2026 09:54:45.278,14.133795203005164,2.972138148548708,34.0,61.42430939539816,-1.02,-0.46,8.31,-0.04,13.73,-0.03,-,21,58.29,35.51,89,-,20.78,1468.25,0.002,34,0.25,-,34,16.97,20.72,-,-,49.09,37.33,13.57,2441,50.75,51,10.98,-
Fri Sep 11 09:54:46 GMT+03:00 2026,11-sept.-2026 09:54:46.337,14.244289322202706,2.4249394070357004,34.1,61.42430939570345,0.37,1.93,10.7,-0.02,12.94,-0.03,-,21,58.28,34.81,89,-,30.98,1494.25,0.01,34.1,1.44,-,34,16.53,20.57,-,-,49.11,37.32,13.57,2442,49.56,51,8.24,-
Fri Sep 11 09:54:47 GMT+03:00 2026,11-sept.-2026 09:54:47.749,14.099225203079696,2.307277748653995,33.4,61.42430939500289,-0.73,-0.83,7.84,-0.05,13.73,-0.05,-,21,58.28,34.81,89,-,20.78,1477.25,0.002,33.4,0.38,-,34,16.24,20.07,-,-,49.13,37.3,13.56,2443,51.38,51,9.8,-
Fri Sep 11 09:54:48 GMT+03:00 2026,11-sept.-2026 09:54:48.615,14.085947290060732,3.2144566175737515,33.6,61.42430939481912,-1.18,-1.55,8.96,-0.03,13.73,-0.06,-,21,58.28,35.16,89,-,25.49,1461.75,0.006,33.6,1.87,-,34,16.68,20.35,-,-,49.16,37.29,13.56,2444,49.13,51,8.63,-
Fri Sep 11 09:54:49 GMT+03:00 2026,11-sept.-2026 09:54:49.692,14.120834754821008,1.4109807363327709,32.9,61.42430939521743,-2.47,2.71,10.91,0.02,13.73,0.02,-,21,58.28,35.16,89,-,27.45,1478.25,0.007,32.9,0.0,-,34,16.24,20.05,-,-,49.18,37.27,13.55,2445,51.0,51,9.41,-
Fri Sep 11 09:54:50 GMT+03:00 2026,11-sept.-2026 09:54:50.633,14.062227387075314,3.1333671174623605,34.5,61.42430939460391,-0.21,3.36,10.55,-0.11,13.33,-0.13,-,21,58.27,35.16,89,-,23.14,1478.25,0.004,34.5,0.35,-,34,16.68,20.49,-,-,49.2,37.26,13.54,2446,50.35,50,9.8,-
Fri Sep 11 09:54:51 GMT+03:00 2026,11-sept.-2026 09:54:51.392,14.072708891640882,1.7353838586348893,33.8,61.42430939454165,-0.56,5.0,10.56,0.0,12.94,-0.02,-,21,58.27,35.16,89,-,26.27,1477.5,0.006,33.8,0.57,-,34,16.39,20.26,-,-,49.22,37.24,13.54,2447,51.57,51,7.84,-
Fri Sep 11 09:54:52 GMT+03:00 2026,11-sept.-2026 09:54:52.466,14.00196340091898,2.140127767855239,34.8,61.424309395772106,0.34,3.27,8.53,0.0,13.33,-0.01,-,21,58.27,35.16,89,-,22.75,1450.0,0.003,34.8,0.15,-,34,16.53,19.96,-,-,49.24,37.23,13.53,2448,51.15,51,10.2,-
Fri Sep 11 09:54:53 GMT+03:00 2026,11-sept.-2026 09:54:53.287,14.078688533828682,1.705184255142087,33.3,61.42430939463516,-1.19,1.15,10.33,-0.05,13.73,-0.06,-,21,58.26,35.16,89,-,29.41,1487.0,0.009,33.3,0.29,-,34,16.82,20.85,-,-,49.26,37.21,13.53,2449,50.29,50,10.59,-
Fri Sep 11 09:54:54 GMT+03:00 2026,11-sept.-2026 09:54:54.394,14.106869701491116,1.7519057279432495,34.4,61.42430939454294,0.09,1.01,9.03,0.02,14.12,0.04,-,21,58.26,35.16,88,-,27.45,1460.75,0.007,34.4,0.73,-,34,16.68,20.23,-,-,49.28,37.2,13.52,2450,50.27,51,10.98,-
Fri Sep 11 09:54:55 GMT+03:00 2026,11-sept.-2026 09:54:55.539,14.057717509628633,2.4218981443943712,33.2,61.424309395739066,-1.28,2.52,9.39,0.05,12.55,0.03,-,21,58.26,35.16,89,-,23.53,1469.75,0.004,33.2,0.03,-,34,16.97,20.78,-,-,49.3,37.18,13.52,2451,50.03,50,10.59,-
Fri Sep 11 09:54:56 GMT+03:00 2026,11-sept.-2026 09:54:56.638,14.103125700684664,1.6870702814804197,33.0,61.42430939534098,1.54,2.72,8.57,-0.02,13.33,-0.01,-,21,58.25,35.16,89,-,28.24,1471.0,0.008,33,0.67,-,34,16.53,20.22,-,-,49.32,37.17,13.51,2452,50.33,51,8.24,-
Fri Sep 11 09:54:57 GMT+03:00 2026,11-sept.-2026 09:54:57.441,14.012341854518429,2.660393744653108,34.7,61.42430939475553,-1.13,1.61,9.79,-0.02,12.55,0.02,-,21,58.25,35.16,89,-,21.57,1458.0,0.002,34.7,0.89,-,34,16.1,19.52,-,-,49.34,37.15,13.51,2453,50.11,51,7.45,-
Fri Sep 11 09:54:58 GMT+03:00 2026,11-sept.-2026 09:54:58.356,13.839394350389874,2.3282823657952023,35.5,61.42430939469265,0.78,2.7,9.55,0.04,12.94,0.03,-,21,58.25,35.16,89,-,20.78,1435.5,0.002,35.5,0.73,-,34,16.39,19.57,-,-,49.36,37.14,13.5,2454,49.27,50,7.84,-
Fri Sep 11 09:54:59 GMT+03:00 2026,11-sept.-2026 09:54:59.559,13.915659472620012,2.2896187245650785,34.5,61.42430939441804,-0.81,1.31,8.09,0.06,13.33,0.07,-,21,58.24,35.16,88,-,29.41,1456.5,0.009,34.5,0.12,-,34,16.82,20.38,-,-,49.38,37.12,13.49,2455,50.12,50,13.33,-
Fri Sep 11 09:55:00 GMT+03:00 2026,11-sept.-2026 09:55:00.461,14.129328853359713,1.7545900346668273,35.2,61.42430939457479,-2.02,2.61,8.52,-0.02,13.73,-0.03,-,21,58.24,35.16,89,7.78,35.69,1478.75,0.014,35.2,0.19,10.43,34,17.11,21.08,-,-,49.41,37.11,13.49,2456,51.19,51,15.29,-
Fri Sep 11 09:55:01 GMT+03:00 2026,11-sept.-2026 09:55:01.362,14.126642130113916,1.7982344807573258,33.1,61.42430939528042,-1.57,3.93,7.87,0.03,13.73,-0.03,-,21,58.24,34.81,89,-,25.88,1467.0,0.006,33.1,1.18,-,34,17.11,20.88,-,-,49.43,37.09,13.48,2457,49.82,51,11.76,-
Fri Sep 11 09:55:02 GMT+03:00 2026,11-sept.-2026 09:55:02.377,13.91574901067968,2.373112554638086,34.7,61.42430939465998,1.49,2.0,9.19,-0.02,12.94,-0.03,-,21,58.23,35.16,89,-,20.78,1457.25,0.002,34.7,0.49,-,34,16.53,20.09,-,-,49.45,37.07,13.48,2458,50.49,50,6.27,-
Fri Sep 11 09:55:03 GMT+03:00 2026,11-sept.-2026 09:55:03.556,13.686546253841088,3.235512293737726,32.7,61.4243093948782,1.57,2.67,9.43,-0.05,12.94,-0.03,-,21,58.23,35.51,88,-,20.78,1440.5,0.002,32.7,0.05,-,34,15.66,18.79,-,-,49.47,37.06,13.47,2459,49.05,49,4.71,-
Fri Sep 11 09:55:04 GMT+03:00 2026,11-sept.-2026 09:55:04.609,13.5591436393449,2.378416311481496,34.3,61.424309394465936,-1.28,3.17,9.54,-0.01,13.33,-0.03,-,21,58.23,35.16,88,-,20.78,1413.25,0.002,34.3,0.67,-,34,15.95,18.72,-,-,49.49,37.04,13.47,2460,48.67,48,8.63,-
Fri Sep 11 09:55:05 GMT+03:00 2026,11-sept.-2026 09:55:05.458,13.678289048442412,1.4760357474667272,34.3,61.42430939412328,0.03,4.17,9.44,0.02,12.94,-0.01,-,21,58.22,35.16,88,-,31.37,1441.25,0.01,34.3,1.1,-,34,16.53,19.78,-,-,49.51,37.03,13.46,2461,50.1,49,11.76,-
Fri Sep 11 09:55:06 GMT+03:00 2026,11-sept.-2026 09:55:06.492,13.764275046067414,1.469968547811647,33.4,61.42430939597922,1.67,2.73,8.29,0.0,13.73,0.01,-,21,58.22,35.16,89,-,29.8,1452.25,0.009,33.4,0.5,-,34,16.68,20.14,-,-,49.53,37.01,13.46,2462,49.5,50,12.55,-
Fri Sep 11 09:55:07 GMT+03:00 2026,11-sept.-2026 09:55:07.457,13.705614313077382,2.680032202839338,33.8,61.42430939560507,1.14,4.39,8.46,0.01,13.33,0.03,-,21,58.22,34.81,89,-,23.14,1431.75,0.003,33.8,0.43,-,34,16.82,19.94,-,-,49.55,37,13.45,2463,49.57,50,9.41,-
Fri Sep 11 09:55:08 GMT+03:00 2026,11-sept.-2026 09:55:08.381,13.633337102096204,1.803234964888873,32.1,61.42430939532043,2.1,0.59,9.82,0.01,13.33,0.03,-,21,58.21,35.16,89,-,22.35,1415.5,0.003,32.1,1.04,-,34,16.68,19.62,-,-,49.57,36.98,13.45,2464,47.96,49,9.41,-
Fri Sep 11 09:55:09 GMT+03:00 2026,11-sept.-2026 09:55:09.376,13.727350279687869,1.4609201167802073,32.4,61.42430939409178,-1.76,2.39,8.36,0.05,12.94,0.07,-,21,58.21,34.81,89,-,30.59,1420.75,0.009,32.4,1.12,-,34,16.39,19.4,-,-,49.59,36.97,13.44,2465,47.88,49,10.59,-
Fri Sep 11 09:55:10 GMT+03:00 2026,11-sept.-2026 09:55:10.650,13.714336761852376,2.148302597793976,33.2,61.42430939345849,-0.67,2.03,10.08,-0.06,12.94,-0.06,-,21,58.2,35.16,88,-,25.49,1425.5,0.005,33.2,0.08,-,34,16.39,19.47,-,-,49.61,36.95,13.43,2466,49.08,49,10.59,-
Fri Sep 11 09:55:11 GMT+03:00 2026,11-sept.-2026 09:55:11.340,13.65761649387216,2.0192444312772784,34.2,61.424309395605135,0.04,2.46,10.3,0.01,13.33,0.01,-,21,58.2,35.16,89,-,23.14,1425.5,0.004,34.2,0.01,-,34,16.68,19.78,-,-,49.63,36.94,13.43,2467,49.01,49,9.02,-
Fri Sep 11 09:55:12 GMT+03:00 2026,11-sept.-2026 09:55:12.763,13.678593393382023,2.074554472177705,35.0,61.42430939535704,-0.95,0.39,9.95,0.0,13.33,-0.02,-,21,58.2,35.16,89,-,27.06,1433.75,0.007,35,0.21,-,34,15.95,18.97,-,-,49.65,36.92,13.42,2468,49.79,50,6.67,-
Fri Sep 11 09:55:13 GMT+03:00 2026,11-sept.-2026 09:55:13.429,13.350240321497097,1.554689536749721,35.6,61.42430939487791,-0.1,1.08,9.51,-0.02,12.94,0.0,-,21,58.19,35.16,88,-,9.02,1390.25,0.0,35.6,0.99,-,34,16.97,27.03,-,-,49.67,36.91,13.42,2469,47.01,48,15.29,-
Fri Sep 11 09:55:14 GMT+03:00 2026,11-sept.-2026 09:55:14.514,13.772399068962413,2.6753671321818007,35.0,61.42430939462903,0.24,4.66,10.75,0.01,14.51,0.04,-,21,58.19,35.16,89,11.92,46.27,1444.5,0.02,35,0.34,15.98,34,17.26,20.8,-,-,49.69,36.89,13.41,2470,49.66,50,16.47,-
Fri Sep 11 09:55:15 GMT+03:00 2026,11-sept.-2026 09:55:15.444,13.860179607403907,3.301640713724982,34.3,61.42430939584535,0.51,2.23,7.77,0.03,14.12,0.0,-,21,58.19,35.51,88,-,29.8,1465.0,0.009,34.3,1.02,-,34,17.26,21.07,-,-,49.71,36.88,13.41,2471,51.02,50,19.22,-
Fri Sep 11 09:55:16 GMT+03:00 2026,11-sept.-2026 09:55:16.731,13.8561823416636,1.6300273330563544,34.1,61.42430939570211,1.85,1.21,9.17,-0.05,13.73,-0.02,-,21,58.18,35.51,88,-,25.49,1453.0,0.006,34.1,0.14,-,34,17.26,20.84,-,-,49.74,36.86,13.4,2472,50.14,50,8.63,-
Fri Sep 11 09:55:17 GMT+03:00 2026,11-sept.-2026 09:55:17.555,13.401810375710282,1.7950500382502104,33.5,61.42430939500572,0.38,0.7,10.26,0.01,12.94,0.04,-,21,58.18,35.16,88,-,10.98,1392.5,0.0,33.5,0.72,-,34,16.68,26.6,-,-,49.76,36.85,13.4,2473,48.72,48,9.8,-
Fri Sep 11 09:55:18 GMT+03:00 2026,11-sept.-2026 09:55:18.302,13.54590764686283,1.935031130827169,33.5,61.42430939391949,-0.43,0.97,9.93,0.06,13.33,0.05,-,21,58.18,35.16,88,5.92,32.94,1414.5,0.011,33.5,0.78,7.94,34,16.24,19.05,-,-,49.78,36.83,13.39,2474,49.22,50,9.02,-
Fri Sep 11 09:55:19 GMT+03:00 2026,11-sept.-2026 09:55:19.776,13.49562419405892,2.301237708508164,32.4,61.424309394073816,-1.03,1.95,6.57,0.02,13.73,0.03,-,21,58.17,35.16,89,-,23.53,1422.0,0.004,32.4,0.05,-,34,15.95,18.8,-,-,49.8,36.82,13.38,2475,49.05,49,10.2,-
Fri Sep 11 09:55:20 GMT+03:00 2026,11-sept.-2026 09:55:20.731,13.378032446318617,2.8197516520659907,33.2,61.42430939586686,1.73,4.48,9.12,0.02,13.33,0.01,-,21,58.17,35.16,89,-,21.18,1384.25,0.002,33.2,0.96,-,34,17.26,19.74,-,-,49.82,36.8,13.38,2476,48.96,48,13.33,-
Fri Sep 11 09:55:21 GMT+03:00 2026,11-sept.-2026 09:55:21.244,13.693747508369736,1.9080244627082303,32.9,61.42430939506785,-1.72,3.61,11.48,-0.04,14.12,-0.07,-,21,58.16,35.16,88,9.61,41.18,1430.5,0.016,32.9,0.5,12.88,34,16.82,20,-,-,49.84,36.79,13.37,2477,49.5,50,13.73,-
Fri Sep 11 09:55:22 GMT+03:00 2026,11-sept.-2026 09:55:22.747,13.673547661270566,2.062711542370863,32.6,61.42430939522575,0.41,-1.18,8.44,0.0,13.33,0.0,-,21,58.16,35.16,89,-,25.1,1420.5,0.005,32.6,0.45,-,34,16.97,20.05,-,-,49.86,36.77,13.37,2478,49.45,49,15.69,-
Fri Sep 11 09:55:23 GMT+03:00 2026,11-sept.-2026 09:55:23.399,13.684972956149004,2.142818655174735,33.1,61.42430939490995,-2.49,1.54,9.24,-0.06,14.12,-0.06,-,21,58.16,35.16,89,-,26.67,1420.75,0.006,33.1,1.37,-,34,17.11,20.09,-,-,49.88,36.76,13.36,2479,47.63,49,8.24,-
Fri Sep 11 09:55:24 GMT+03:00 2026,11-sept.-2026 09:55:24.549,13.591702940518786,2.7533041944746137,32.2,61.4243093946875,-1.09,0.85,8.43,0.0,12.55,0.03,-,21,58.15,35.16,88,-,21.57,1411.75,0.002,32.2,0.26,-,34,16.39,19.12,-,-,49.9,36.74,13.36,2480,48.74,49,8.63,-
Fri Sep 11 09:55:25 GMT+03:00 2026,11-sept.-2026 09:55:25.557,13.60127054730154,1.4215407149761887,33.1,61.42430939519621,4.87,1.22,9.65,0.03,13.33,0.03,-,21,58.15,35.16,89,-,26.27,1434.0,0.006,33.1,0.4,-,34,16.24,19.3,-,-,49.92,36.73,13.35,2481,48.6,49,7.45,-
Fri Sep 11 09:55:26 GMT+03:00 2026,11-sept.-2026 09:55:26.715,13.538484023985378,1.9401076525946317,32.5,61.42430939586466,0.36,1.86,10.37,-0.02,12.94,0.0,-,21,58.15,35.16,88,-,22.75,1415.0,0.003,32.5,0.88,-,34,16.39,19.15,-,-,49.94,36.71,13.35,2482,47.12,48,10.2,-
Fri Sep 11 09:55:27 GMT+03:00 2026,11-sept.-2026 09:55:27.796,13.597790033987147,1.4501544663624288,33.0,61.42430939376641,-0.6,4.12,11.51,0.01,12.94,0.02,-,21,58.14,35.16,89,-,29.02,1414.0,0.008,33,0.89,-,34,16.53,19.45,-,-,49.96,36.7,13.34,2483,48.11,49,10.2,-
Fri Sep 11 09:55:28 GMT+03:00 2026,11-sept.-2026 09:55:28.242,13.59606324488044,1.5395966069905809,34.1,61.4243093935824,1.62,2.97,9.24,0.08,13.33,0.08,-,21,58.14,35.16,88,-,25.88,1422.25,0.006,34.1,0.79,-,34,16.97,19.95,-,-,49.98,36.68,13.34,2484,48.79,48,13.73,-
Fri Sep 11 09:55:29 GMT+03:00 2026,11-sept.-2026 09:55:29.391,13.729127324393604,1.5551417736074216,34.9,61.42430939623552,1.73,4.35,9.84,0.07,13.73,0.07,-,21,58.13,34.81,88,5.8,32.16,1442.75,0.011,34.9,0.47,7.78,34,16.82,20.19,-,-,50,36.67,13.33,2485,49.47,49,10.98,-
Fri Sep 11 09:55:30 GMT+03:00 2026,11-sept.-2026 09:55:30.655,13.640132162181152,1.953389198231,31.5,61.42430939497351,1.02,3.46,11.68,-0.04,12.55,-0.03,-,21,58.13,35.16,89,-,21.57,1421.5,0.002,31.5,0.75,-,34,16.39,19.3,-,-,50.02,36.65,13.33,2486,48.25,49,9.02,-
Fri Sep 11 09:55:31 GMT+03:00 2026,11-sept.-2026 09:55:31.651,13.431840914575158,1.4357997333937196,32.9,61.4243093947799,-1.06,3.43,9.24,-0.04,14.12,-0.05,-,21,58.13,35.16,88,-,21.18,1391.75,0.002,32.9,0.69,-,34,16.1,18.49,-,-,50.04,36.64,13.32,2487,48.31,49,5.1,-
Fri Sep 11 09:55:32 GMT+03:00 2026,11-sept.-2026 09:55:32.264,13.274577673492098,1.542402589622136,32.5,61.4243093956534,1.08,1.25,10.27,-0.02,13.33,-0.05,-,21,58.12,35.16,88,-,21.18,1379.25,0.002,32.5,0.07,-,34,16.1,18.31,-,-,50.06,36.62,13.31,2488,47.93,48,9.41,-
Fri Sep 11 09:55:33 GMT+03:00 2026,11-sept.-2026 09:55:33.555,13.422043442617458,1.83461656532386,33.2,61.42430939506827,1.4,3.72,8.95,0.0,14.12,0.01,-,21,58.12,35.16,89,5.92,33.33,1398.75,0.011,33.2,1.58,7.94,34,17.26,20.06,-,-,50.08,36.61,13.31,2489,49.58,48,19.22,-
Fri Sep 11 09:55:34 GMT+03:00 2026,11-sept.-2026 09:55:34.710,13.853140635470908,1.8495943308664904,33.1,61.424309394312,2.11,2.48,9.77,0.07,14.9,0.03,-,21,58.12,34.81,89,12.19,46.67,1445.25,0.02,33.1,0.59,16.35,34,17.26,20.82,-,-,50.1,36.6,13.3,2490,49.59,49,18.82,-
Fri Sep 11 09:55:35 GMT+03:00 2026,11-sept.-2026 09:55:35.784,13.584498436907497,1.5857839064437649,34.5,61.42430939475033,2.7,3.42,7.3,0.02,12.55,0.05,-,21,58.11,35.16,89,-,20.78,1417.5,0.002,34.5,0.56,-,34,17.4,20.48,-,-,50.12,36.58,13.3,2491,49.56,49,14.9,-
Fri Sep 11 09:55:36 GMT+03:00 2026,11-sept.-2026 09:55:36.690,13.509060495021034,1.9901596090475848,33.2,61.424309395517255,-1.63,0.29,10.73,0.01,13.33,0.03,-,21,58.11,35.51,88,-,21.96,1434.5,0.003,33.2,0.06,-,34,16.97,20.3,-,-,50.14,36.57,13.29,2492,48.94,49,6.67,-
Fri Sep 11 09:55:37 GMT+03:00 2026,11-sept.-2026 09:55:37.256,13.499451512639885,1.9642254889438355,31.6,61.42430939440117,-1.09,0.2,8.96,-0.02,12.94,-0.03,-,21,58.1,35.16,88,-,25.49,1430.5,0.005,31.6,1.16,-,34,16.53,19.56,-,-,50.16,36.55,13.29,2493,47.84,49,11.76,-
Fri Sep 11 09:55:38 GMT+03:00 2026,11-sept.-2026 09:55:38.462,13.670132723415808,2.5268152192481805,33.1,61.42430939490992,0.47,0.66,8.65,0.02,13.33,0.01,-,21,58.1,35.16,89,6.55,34.51,1415.75,0.012,33.1,0.98,8.79,34,16.53,19.38,-,-,50.18,36.54,13.28,2494,49.98,49,11.37,-
Fri Sep 11 09:55:39 GMT+03:00 2026,11-sept.-2026 09:55:39.636,13.58223730014891,2.370908272828557,35.2,61.42430939494161,2.69,4.74,9.04,0.05,14.12,0.08,-,21,58.1,35.51,89,-,21.57,1436.5,0.002,35.2,0.49,-,34,16.82,19.99,-,-,50.2,36.52,13.28,2495,48.49,48,11.76,-
Fri Sep 11 09:55:40 GMT+03:00 2026,11-sept.-2026 09:55:40.394,13.58943484218615,1.7000347707365588,33.8,61.42430939459256,-1.42,2.87,12.09,0.02,12.94,0.03,-,21,58.09,35.16,88,-,26.27,1410.25,0.006,33.8,1.75,-,34,16.97,19.74,-,-,50.22,36.51,13.27,2496,47.25,49,9.41,-
Fri Sep 11 09:55:41 GMT+03:00 2026,11-sept.-2026 09:55:41.654,13.63124248271408,1.6968880173661571,32.2,61.4243093953507,2.27,3.04,10.28,0.01,13.33,0.02,-,21,58.09,35.51,89,-,27.84,1424.25,0.007,32.2,0.35,-,34,16.97,20.01,-,-,50.24,36.49,13.27,2497,48.65,49,14.51,-
Fri Sep 11 09:55:42 GMT+03:00 2026,11-sept.-2026 09:55:42.615,13.81689697569196,2.173551876689563,33.2,61.42430939544293,-1.13,3.96,9.33,0.08,14.51,0.1,-,21,58.09,34.81,89,6.96,34.9,1442.0,0.012,33.2,1.84,9.34,34,16.97,20.37,-,-,50.26,36.48,13.26,2498,51.84,50,12.94,-
Fri Sep 11 09:55:43 GMT+03:00 2026,11-sept.-2026 09:55:43.588,13.74951841771095,2.1691748681577248,34.4,61.42430939576237,0.45,1.32,9.58,0.02,12.55,0.03,-,21,58.08,35.16,88,-,22.75,1443.5,0.003,34.4,0.82,-,34,16.68,20,-,-,50.28,36.46,13.26,2499,49.82,49,10.59,-
Fri Sep 11 09:55:44 GMT+03:00 2026,11-sept.-2026 09:55:44.418,13.61163428686582,1.8205236521632653,31.6,61.42430939487799,2.76,1.75,10.34,-0.04,13.33,-0.02,-,21,58.08,34.81,89,-,20.78,1431.0,0.002,31.6,0.4,-,34,16.39,19.42,-,-,50.3,36.45,13.25,2500,48.6,49,5.88,-
Fri Sep 11 09:55:45 GMT+03:00 2026,11-sept.-2026 09:55:45.563,13.539129009856843,2.6011159772032446,33.7,61.42430939365579,0.18,2.58,10.55,0.03,12.94,0.04,-,21,58.07,35.16,88,-,22.35,1410.25,0.003,33.7,1.39,-,34,15.52,18.19,-,-,50.32,36.43,13.24,2501,47.61,49,5.1,-
Fri Sep 11 09:55:46 GMT+03:00 2026,11-sept.-2026 09:55:46.257,13.330596431756977,1.6734373509162488,33.5,61.42430939494161,-0.71,-1.56,9.63,0.02,12.94,-0.02,-,21,58.07,35.16,89,-,20.78,1398.0,0.002,33.5,1.77,-,34,15.66,18.08,-,-,50.34,36.42,13.24,2502,46.23,48,6.27,-
Fri Sep 11 09:55:47 GMT+03:00 2026,11-sept.-2026 09:55:47.507,13.28830312075481,1.517464486247847,31.2,61.42430939574442,1.65,0.49,10.27,-0.01,13.33,-0.01,-,21,58.07,35.16,88,-,23.92,1391.25,0.004,31.2,0.21,-,34,16.68,19.19,-,-,50.36,36.4,13.23,2503,47.79,48,13.33,-
Fri Sep 11 09:55:48 GMT+03:00 2026,11-sept.-2026 09:55:48.274,13.608959640209145,2.097739001337275,32.9,61.42430939407697,-3.1,0.38,11.31,0.1,14.51,0.11,-,21,58.06,35.16,89,9.64,41.57,1429.75,0.016,32.9,0.34,12.92,34,16.53,19.67,-,-,50.38,36.39,13.23,2504,49.34,49,13.33,-
Fri Sep 11 09:55:49 GMT+03:00 2026,11-sept.-2026 09:55:49.297,13.363079115020067,1.7202758757893322,31.5,61.42430939458696,0.26,0.45,9.3,0.01,12.94,0.02,-,21,58.06,35.16,89,-,21.18,1389.5,0.002,31.5,1.24,-,34,17.11,19.58,-,-,50.4,36.37,13.22,2505,47.76,49,15.29,-
Fri Sep 11 09:55:50 GMT+03:00 2026,11-sept.-2026 09:55:50.702,13.426351327871853,1.938441700990896,32.4,61.424309395994136,0.96,0.29,10.81,0.04,13.33,0.06,-,21,58.06,35.16,89,-,29.02,1421.25,0.008,32.4,1.1,-,35,17.69,20.88,-,-,50.42,36.36,13.22,2506,48.1,47,13.73,-
Fri Sep 11 09:55:51 GMT+03:00 2026,11-sept.-2026 09:55:51.574,13.65449831474698,1.4707376732949966,31.9,61.424309396172944,-0.6,1.94,9.41,-0.03,13.73,-0.03,-,21,58.05,35.16,89,7.74,37.25,1425.5,0.014,31.9,0.5,10.38,35,17.11,20.22,-,-,50.44,36.35,13.21,2507,49.5,49,16.47,-
Fri Sep 11 09:55:52 GMT+03:00 2026,11-sept.-2026 09:55:52.353,13.702605950828392,1.5095702993513134,32.5,61.42430939462488,-2.2,-0.48,10.08,-0.05,13.33,-0.07,-,21,58.05,35.16,88,-,28.24,1430.5,0.008,32.5,0.06,-,35,17.11,20.3,-,-,50.46,36.33,13.21,2508,49.06,49,13.33,-
Fri Sep 11 09:55:53 GMT+03:00 2026,11-sept.-2026 09:55:53.494,13.567566665189078,1.749392698120375,34.3,61.42430939383677,0.11,3.0,9.94,0.08,13.33,0.1,-,21,58.04,35.16,89,-,20.78,1420.75,0.002,34.3,0.22,-,35,17.55,20.62,-,-,50.48,36.32,13.2,2509,49.22,49,13.33,-
Fri Sep 11 09:55:54 GMT+03:00 2026,11-sept.-2026 09:55:54.570,13.794624176983286,1.9714011685649584,32.7,72.6901759139166,-3.18,2.27,9.47,-0.03,14.12,-0.05,-,21,58.04,35.16,89,7.82,37.25,1432.0,0.014,32.7,0.8,10.49,35,16.68,19.78,-,-,50.5,36.3,13.2,2510,49.2,50,10.59,-
Fri Sep 11 09:55:55 GMT+03:00 2026,11-sept.-2026 09:55:55.646,13.551418243849382,1.507350445769736,33.0,182.921031709617,-1.63,1.89,12.09,-0.02,13.33,0.02,-,21,58.04,35.16,89,-,20.78,1411.5,0.002,33,0.24,-,35,16.68,19.4,-,-,50.52,36.29,13.19,2511,49.24,49,12.94,-
Fri Sep 11 09:55:56 GMT+03:00 2026,11-sept.-2026 09:55:56.505,13.57902036289456,1.4938099372943008,34.0,203.56627373617263,-0.72,2.7,10.3,0.05,13.33,0.06,-,21,58.03,35.16,89,-,27.06,1423.5,0.007,34,1.97,-,35,17.11,20.18,-,-,50.54,36.27,13.19,2512,50.97,49,10.2,-
Fri Sep 11 09:55:57 GMT+03:00 2026,11-sept.-2026 09:55:57.702,13.64990286779986,2.910302191171274,32.2,203.56627373648416,0.82,3.63,9.85,0.0,13.33,-0.01,-,21,58.03,35.16,88,-,29.41,1423.5,0.008,32.2,0.73,-,35,16.53,19.57,-,-,50.56,36.26,13.18,2513,49.27,50,12.16,-
Fri Sep 11 09:55:58 GMT+03:00 2026,11-sept.-2026 09:55:58.729,13.665100631104062,2.410026285622326,33.9,203.5662737365629,-2.02,2.0,9.11,-0.02,12.94,-0.01,-,21,58.03,35.16,88,-,26.67,1423.5,0.006,33.9,0.71,-,35,16.68,19.71,-,-,50.58,36.24,13.18,2514,49.29,50,10.59,-
Fri Sep 11 09:55:59 GMT+03:00 2026,11-sept.-2026 09:55:59.373,13.600084660106589,1.595495909202762,32.3,203.5662737362504,-0.45,1.12,9.73,-0.01,13.73,-0.02,-,21,58.02,35.16,88,-,22.75,1427.75,0.003,32.3,0.57,-,35,16.97,20.06,-,-,50.6,36.23,13.17,2515,49.57,49,11.37,-
Fri Sep 11 09:56:00 GMT+03:00 2026,11-sept.-2026 09:56:00.720,13.722781594762376,2.453215720379497,32.9,203.5662737361336,0.89,4.05,9.19,0.03,13.33,0.0,-,21,58.02,35.16,88,5.58,32.16,1424.0,0.01,32.9,1.44,7.48,35,16.82,19.75,-,-,50.62,36.21,13.17,2516,48.56,50,10.98,-
Fri Sep 11 09:56:01 GMT+03:00 2026,11-sept.-2026 09:56:01.782,13.712432206846216,1.8319741719342093,32.2,203.56627373605605,1.21,2.83,9.83,0.01,13.33,0.0,-,21,58.02,34.81,89,-,25.49,1441.75,0.005,32.2,1.89,-,35,16.82,20.06,-,-,50.64,36.2,13.16,2517,49.89,48,12.55,-
Fri Sep 11 09:56:02 GMT+03:00 2026,11-sept.-2026 09:56:02.260,13.737451108630877,2.875263455320884,34.1,203.56627373578783,1.62,0.02,8.94,-0.09,13.73,-0.08,-,21,58.01,35.16,88,-,27.06,1428.25,0.007,34.1,0.12,-,35,17.55,20.74,-,-,50.66,36.19,13.15,2518,50.12,50,14.51,-
Fri Sep 11 09:56:03 GMT+03:00 2026,11-sept.-2026 09:56:03.578,13.963349851124873,1.4848012910724415,32.2,203.5662737352176,-3.68,4.45,9.27,0.05,13.73,0.02,-,21,58.01,35.16,89,7.92,37.25,1441.25,0.014,32.2,1.25,10.62,35,17.11,20.44,-,-,50.68,36.17,13.15,2519,51.25,50,14.12,-
Fri Sep 11 09:56:04 GMT+03:00 2026,11-sept.-2026 09:56:04.749,13.915892353459054,1.8897253207474325,32.5,203.5662737354056,1.42,3.22,7.91,-0.04,13.33,-0.03,-,21,58.01,35.16,88,-,23.53,1449.25,0.004,32.5,1.1,-,35,16.97,20.41,-,-,50.7,36.16,13.14,2520,51.1,50,12.55,-
Fri Sep 11 09:56:05 GMT+03:00 2026,11-sept.-2026 09:56:05.795,13.85624012316065,1.590516928674511,33.5,203.56627373666865,1.04,2.61,9.35,-0.03,12.94,-0.05,-,21,58.0,35.16,88,-,23.14,1448.5,0.004,33.5,0.78,-,35,17.26,20.72,-,-,50.72,36.14,13.14,2521,49.22,50,10.59,-
Fri Sep 11 09:56:06 GMT+03:00 2026,11-sept.-2026 09:56:06.556,13.986548312549168,1.4826342856106132,31.2,203.56627373670557,0.98,2.1,10.88,-0.01,13.73,0.02,-,21,58.0,35.16,88,5.89,32.16,1455.5,0.011,31.2,1.07,7.9,35,16.53,19.95,-,-,50.74,36.13,13.13,2522,49.93,51,10.2,-
Fri Sep 11 09:56:07 GMT+03:00 2026,11-sept.-2026 09:56:07.703,13.91974310291555,1.557839645461449,33.2,203.56627373644065,-0.38,0.64,6.89,0.01,12.94,0.03,-,21,58.0,35.16,89,-,22.75,1451.5,0.003,33.2,1.16,-,35,16.24,19.66,-,-,50.76,36.11,13.13,2523,49.84,51,9.41,-
Fri Sep 11 09:56:08 GMT+03:00 2026,11-sept.-2026 09:56:08.752,13.800491995369097,1.7696968271058169,31.5,203.5662737361336,-0.04,3.51,11.01,-0.07,13.33,-0.05,-,21,57.99,34.81,89,-,20.78,1439.25,0.002,31.5,1.8,-,35,16.39,19.59,-,-,50.78,36.1,13.12,2524,50.8,49,6.67,-
Fri Sep 11 09:56:09 GMT+03:00 2026,11-sept.-2026 09:56:09.744,13.7801094816136,1.5823923746081192,31.0,203.5662737361336,0.21,4.85,9.04,0.0,12.55,0.02,-,21,57.99,34.81,88,-,25.1,1439.25,0.005,31,0.72,-,35,16.1,19.26,-,-,50.8,36.08,13.12,2525,49.28,50,8.24,-
Fri Sep 11 09:56:10 GMT+03:00 2026,11-sept.-2026 09:56:10.722,13.800704338860482,1.490672341275352,32.1,203.5662737369396,0.91,0.19,9.32,0.03,12.94,0.05,-,21,57.99,35.16,89,-,27.06,1438.75,0.007,32.1,0.73,-,35,16.68,19.84,-,-,50.82,36.07,13.11,2526,50.73,50,12.16,-
Fri Sep 11 09:56:11 GMT+03:00 2026,11-sept.-2026 09:56:11.378,13.921379356169728,1.8375654010357123,33.2,203.5662737361336,-1.25,3.75,11.28,0.01,13.73,0.04,-,21,57.98,35.51,88,5.65,31.76,1455.5,0.01,33.2,1.56,7.58,35,16.97,20.51,-,-,50.84,36.06,13.11,2527,49.44,51,12.55,-
Fri Sep 11 09:56:12 GMT+03:00 2026,11-sept.-2026 09:56:12.461,13.927034144266166,1.6535963306254808,33.2,203.5662737355609,0.53,3.77,7.1,-0.03,13.33,-0.05,-,21,57.98,35.16,89,-,26.27,1446.25,0.006,33.2,0.66,-,35,17.11,20.5,-,-,50.86,36.04,13.1,2528,50.66,50,12.55,-
Fri Sep 11 09:56:13 GMT+03:00 2026,11-sept.-2026 09:56:13.532,13.943662430503394,1.8270305867668903,33.4,203.5662737364765,-1.98,3.25,8.96,-0.04,12.55,-0.03,-,21,57.98,35.16,88,-,26.67,1458.75,0.007,33.4,0.03,-,35,17.11,20.75,-,-,50.88,36.03,13.1,2529,49.97,50,10.98,-
Fri Sep 11 09:56:14 GMT+03:00 2026,11-sept.-2026 09:56:14.501,13.978906519735864,1.8511076712607624,32.8,203.56627373590604,0.33,0.98,9.8,0.07,12.55,0.06,-,21,57.97,35.16,88,-,27.45,1472.0,0.007,32.8,0.71,-,35,17.11,20.92,-,-,50.9,36.01,13.09,2530,50.71,50,12.55,-
Fri Sep 11 09:56:15 GMT+03:00 2026,11-sept.-2026 09:56:15.642,14.079747795902431,2.355521977458686,33.8,203.5662737353016,1.71,3.91,9.16,-0.02,14.12,-0.04,-,21,57.97,35.16,89,-,30.59,1473.25,0.01,-,0.59,-,35,16.97,20.85,-,-,50.91,36,13.09,2531,50.41,51,11.76,-
Fri Sep 11 09:56:16 GMT+03:00 2026,11-sept.-2026 09:56:16.385,14.055228929898703,1.4369941232409016,32.7,203.56627373586647,0.69,0.47,7.78,-0.02,12.94,-0.01,-,21,57.97,34.81,88,-,24.71,1472.0,0.005,32.7,0.56,-,35,16.68,20.38,-,-,50.93,35.98,13.08,2532,50.44,51,9.41,-
Fri Sep 11 09:56:17 GMT+03:00 2026,11-sept.-2026 09:56:17.389,13.828354062531645,1.9006784032368615,33.6,203.56627373666984,-0.98,1.93,8.48,-0.04,13.33,0.02,-,21,57.97,35.16,89,-,20.78,1453.5,0.002,33.6,1.94,-,35,16.82,20.35,-,-,50.95,35.97,13.08,2533,48.06,50,9.8,-
Fri Sep 11 09:56:18 GMT+03:00 2026,11-sept.-2026 09:56:18.397,13.948752135815257,2.68451444186733,32.1,203.56627373605752,-0.17,1.08,8.43,-0.01,13.73,0.0,-,21,57.96,35.16,89,5.66,31.76,1451.0,0.01,32.1,0.24,7.59,34,16.82,20.26,-,-,50.97,35.96,13.07,2534,50.24,50,12.16,-
Fri Sep 11 09:56:19 GMT+03:00 2026,11-sept.-2026 09:56:19.451,14.033928500510228,1.7334193704818213,31.7,203.5662737357543,-1.58,2.91,10.22,0.02,12.94,0.04,-,21,57.96,35.16,89,-,30.2,1458.75,0.009,31.7,0.9,-,34,16.82,20.41,-,-,50.99,35.94,13.07,2535,50.9,50,13.33,-
Fri Sep 11 09:56:20 GMT+03:00 2026,11-sept.-2026 09:56:20.243,14.016921525243031,1.7065613814286251,32.7,203.5662737367362,0.37,3.27,8.16,0.01,12.94,-0.03,-,21,57.96,35.16,88,-,25.1,1463.5,0.005,32.7,0.57,-,34,17.69,21.54,-,-,51.01,35.93,13.06,2536,49.43,50,15.29,-
Fri Sep 11 09:56:21 GMT+03:00 2026,11-sept.-2026 09:56:21.365,14.232908469838332,2.099028933837392,33.3,203.5662737361336,-0.25,1.31,10.2,0.01,14.51,-0.01,-,21,57.95,35.16,88,7.9,36.08,1488.75,0.014,33.3,0.53,10.6,35,16.82,20.85,-,-,51.03,35.91,13.06,2537,50.47,51,10.59,-
Fri Sep 11 09:56:22 GMT+03:00 2026,11-sept.-2026 09:56:22.240,13.956186879261136,2.496083380263376,31.3,203.56627373533735,-1.77,2.39,10.18,0.04,12.94,0.01,-,21,57.95,35.16,89,-,10.59,1449.5,0.0,31.3,0.58,-,35,16.97,28.36,-,-,51.05,35.9,13.05,2538,49.42,50,13.33,-
Fri Sep 11 09:56:23 GMT+03:00 2026,11-sept.-2026 09:56:23.786,14.108098234532829,2.115746398062992,32.3,203.56627373620844,-0.27,4.61,7.59,0.01,13.33,0.02,-,21,57.95,35.16,88,6.43,32.55,1495.5,0.012,32.3,0.74,8.62,35,17.55,21.88,-,-,51.07,35.88,13.05,2539,51.74,51,13.33,-
Fri Sep 11 09:56:24 GMT+03:00 2026,11-sept.-2026 09:56:24.346,14.317394286308703,1.866148752078861,33.0,203.56627373680223,-0.65,-0.52,9.0,0.04,13.73,0.03,-,21,57.95,35.16,89,7.82,35.69,1485.25,0.014,33,0.09,10.48,35,17.11,21.09,-,-,51.09,35.87,13.04,2540,51.91,52,16.47,-
Fri Sep 11 09:56:25 GMT+03:00 2026,11-sept.-2026 09:56:25.470,14.32531656157191,2.90333750971224,31.5,203.56627373646896,-0.35,0.6,9.53,0.04,13.33,0.02,-,21,57.94,35.16,88,-,26.27,1491.0,0.007,31.5,1.11,-,35,17.4,21.56,-,-,51.11,35.86,13.03,2541,52.11,51,12.16,-
Fri Sep 11 09:56:26 GMT+03:00 2026,11-sept.-2026 09:56:26.324,14.229301486288978,2.083019573783488,32.0,203.5662737360964,1.85,0.8,8.88,-0.04,12.94,-0.06,-,21,57.94,35.16,89,-,21.18,1492.5,0.002,32,0.14,-,35,17.4,21.59,-,-,51.13,35.84,13.03,2542,51.86,52,10.98,-
Fri Sep 11 09:56:27 GMT+03:00 2026,11-sept.-2026 09:56:27.596,14.374046467722728,2.727416585748149,32.9,203.5662737355758,-2.32,3.76,10.65,0.05,13.73,0.04,-,21,57.94,35.16,89,6.44,32.55,1493.75,0.012,32.9,1.3,8.63,35,16.53,20.54,-,-,51.15,35.83,13.02,2543,50.7,52,9.02,-
Fri Sep 11 09:56:28 GMT+03:00 2026,11-sept.-2026 09:56:28.743,14.240605661318275,1.6363369322080212,34.7,203.56627373635703,0.51,4.15,10.31,0.01,13.73,-0.01,-,21,57.93,35.16,88,-,20.78,1481.0,0.002,34.7,0.7,-,35,16.68,20.6,-,-,51.17,35.81,13.02,2544,51.7,51,12.16,-
Fri Sep 11 09:56:29 GMT+03:00 2026,11-sept.-2026 09:56:29.324,14.3305889442413,1.4965910354053875,32.4,203.56627373684057,-0.83,2.17,11.0,-0.02,12.94,-0.02,-,21,57.93,35.16,89,-,29.8,1499.25,0.01,32.4,0.71,-,35,16.82,21.02,-,-,51.19,35.8,13.01,2545,51.71,51,8.63,-
Fri Sep 11 09:56:30 GMT+03:00 2026,11-sept.-2026 09:56:30.412,14.264506109932364,1.7532276591639289,31.7,203.5662737360216,-1.85,2.97,11.1,-0.04,12.94,-0.05,-,21,57.93,35.51,88,-,22.75,1484.5,0.003,31.7,0.93,-,35,16.39,20.2,-,-,51.21,35.78,13.01,2546,51.93,51,9.8,-
Fri Sep 11 09:56:31 GMT+03:00 2026,11-sept.-2026 09:56:31.252,14.233121327427124,1.7022631065341514,32.2,203.5662737353468,-2.53,1.86,9.25,-0.01,12.94,0.02,-,21,57.93,35.16,89,-,24.31,1479.0,0.005,32.2,0.42,-,35,16.53,20.29,-,-,51.23,35.77,13,2547,51.42,51,7.06,-
Fri Sep 11 09:56:32 GMT+03:00 2026,11-sept.-2026 09:56:32.628,14.166504975437537,2.4315193594544047,32.7,203.56627373538905,-1.12,1.93,9.9,-0.05,12.55,-0.06,-,21,57.92,35.16,89,-,22.75,1474.75,0.003,32.7,1.42,-,35,16.82,20.68,-,-,51.24,35.76,13,2548,49.58,51,12.94,-
Fri Sep 11 09:56:33 GMT+03:00 2026,11-sept.-2026 09:56:33.375,14.415473069651698,2.098881020032098,32.0,203.56627373653956,-1.19,3.76,8.45,0.07,13.33,0.08,-,21,57.92,35.51,89,8.76,37.25,1500.0,0.015,32,0.02,11.75,35,17.11,21.35,-,-,51.26,35.74,12.99,2549,51.98,52,13.33,-
Fri Sep 11 09:56:34 GMT+03:00 2026,11-sept.-2026 09:56:34.518,14.41752075306932,1.4351184663094874,31.2,203.566273736356,0.61,0.67,9.25,0.03,12.55,0.08,-,21,57.92,35.16,89,-,25.88,1506.5,0.006,31.2,0.08,-,35,16.82,21.14,-,-,51.28,35.73,12.99,2550,52.08,52,12.55,-
Fri Sep 11 09:56:35 GMT+03:00 2026,11-sept.-2026 09:56:35.541,14.289473733388723,1.809490592854075,30.9,203.5662737360964,-1.01,3.39,8.76,0.01,12.94,-0.02,-,21,57.92,35.16,88,-,20.78,1498.5,0.002,30.9,1.47,-,35,17.11,21.4,-,-,51.3,35.71,12.98,2551,50.53,52,8.63,-
Fri Sep 11 09:56:36 GMT+03:00 2026,11-sept.-2026 09:56:36.443,14.327591774313603,1.6923369883771435,31.5,203.56627373639373,1.52,2.16,10.94,0.0,12.94,-0.03,-,21,57.91,35.16,88,-,27.45,1509.25,0.008,31.5,0.85,-,34,16.39,20.72,-,-,51.32,35.7,12.98,2552,51.15,52,8.24,-
Fri Sep 11 09:56:37 GMT+03:00 2026,11-sept.-2026 09:56:37.738,14.30276620488888,2.681423418099333,32.1,203.5662737363192,0.27,1.59,7.07,0.01,12.55,-0.02,-,21,57.91,35.16,89,-,24.71,1486.25,0.005,32.1,0.3,-,34,16.53,20.54,-,-,51.34,35.69,12.97,2553,51.3,51,10.98,-
Fri Sep 11 09:56:38 GMT+03:00 2026,11-sept.-2026 09:56:38.783,14.359008073853904,1.7572324740298018,31.9,203.56627373646907,0.36,0.78,9.62,-0.04,13.73,-0.05,-,21,57.91,35.51,89,-,28.24,1505.75,0.008,31.9,0.98,-,34,16.53,20.86,-,-,51.36,35.67,12.97,2554,51.02,52,8.63,-
Fri Sep 11 09:56:39 GMT+03:00 2026,11-sept.-2026 09:56:39.642,14.185624074160971,2.237360717529581,31.2,203.56627373628385,0.95,2.29,10.54,0.04,13.33,0.03,-,21,57.91,35.16,89,-,20.78,1494.0,0.002,31.2,0.2,-,34,16.39,20.38,-,-,51.38,35.66,12.96,2555,50.8,51,8.24,-
Fri Sep 11 09:56:40 GMT+03:00 2026,11-sept.-2026 09:56:40.785,14.140999170288596,2.516099695433245,31.4,203.5662737355368,0.37,4.1,9.83,0.0,12.94,-0.02,-,21,57.9,35.16,89,-,23.92,1474.0,0.004,31.4,0.17,-,34,16.97,20.9,-,-,51.4,35.64,12.96,2556,51.17,51,11.76,-
Fri Sep 11 09:56:41 GMT+03:00 2026,11-sept.-2026 09:56:41.352,14.386680735305877,1.8957298448943296,31.2,203.56627373580167,0.33,1.97,10.29,0.02,14.12,0.03,-,21,57.9,35.16,89,8.67,37.25,1495.75,0.015,31.2,1.71,11.62,34,17.11,21.32,-,-,51.42,35.63,12.95,2557,50.29,52,14.9,-
Fri Sep 11 09:56:42 GMT+03:00 2026,11-sept.-2026 09:56:42.412,14.465659121782656,2.500990747940193,32.4,203.566273736903,-0.55,-0.09,11.14,-0.01,14.12,-0.04,-,21,57.9,35.51,89,-,29.41,1500.5,0.009,32.4,0.17,-,34,17.69,22.2,-,-,51.44,35.62,12.95,2558,52.17,52,17.65,-
Fri Sep 11 09:56:43 GMT+03:00 2026,11-sept.-2026 09:56:43.417,14.573816377063013,1.8565601656273836,32.0,203.56627373675445,0.59,1.38,8.2,0.01,13.73,0.01,-,21,57.9,34.81,89,-,30.98,1517.25,0.011,32,0.95,-,34,17.84,22.61,-,-,51.46,35.6,12.94,2559,52.95,52,12.94,-
Fri Sep 11 09:56:44 GMT+03:00 2026,11-sept.-2026 09:56:44.528,14.5610052961337,2.2977688167546746,32.2,203.5662737352874,-0.83,1.89,8.07,0.03,13.33,0.0,-,21,57.9,35.16,89,-,25.1,1520.0,0.006,32.2,1.16,-,34,16.82,21.44,-,-,51.47,35.59,12.94,2560,50.84,52,9.8,-
Fri Sep 11 09:56:45 GMT+03:00 2026,11-sept.-2026 09:56:45.422,14.361065677041504,1.794718663525032,33.3,203.5662737354295,-0.69,3.03,10.43,-0.03,13.33,-0.04,-,21,57.89,35.51,88,-,20.78,1482.5,0.002,33.3,1.27,-,34,16.68,20.55,-,-,51.49,35.57,12.93,2561,50.73,52,7.84,-
Fri Sep 11 09:56:46 GMT+03:00 2026,11-sept.-2026 09:56:46.635,14.351720615169606,1.7767707350520632,32.5,203.5662737362813,-0.5,4.48,7.16,-0.02,13.33,0.0,-,21,57.89,35.16,89,-,25.49,1493.75,0.006,32.5,1.4,-,34,16.68,20.74,-,-,51.51,35.56,12.93,2562,50.6,52,9.8,-
Fri Sep 11 09:56:47 GMT+03:00 2026,11-sept.-2026 09:56:47.776,14.465657991414895,1.881423036666699,32.2,203.56627373617053,-0.4,2.36,8.19,0.07,13.73,0.07,-,21,57.89,35.16,89,-,30.98,1517.25,0.011,32.2,0.22,-,34,16.39,20.71,-,-,51.53,35.55,12.92,2563,52.22,52,9.8,-
Fri Sep 11 09:56:48 GMT+03:00 2026,11-sept.-2026 09:56:48.766,14.33401396656751,2.169248802987493,32.1,203.56627373658213,-2.13,-0.51,10.68,0.08,12.94,0.07,-,21,57.89,35.16,89,-,20.78,1515.25,0.002,32.1,1.69,-,34,16.39,20.68,-,-,51.55,35.53,12.92,2564,52.69,51,8.24,-
Fri Sep 11 09:56:49 GMT+03:00 2026,11-sept.-2026 09:56:49.603,14.131047160779202,1.6644219058611478,33.0,203.5662737365883,-0.7,1.62,7.81,-0.03,13.73,0.0,-,21,57.88,35.16,89,-,20.78,1479.75,0.002,33,0.85,-,34,15.95,19.74,-,-,51.57,35.52,12.91,2565,50.15,51,4.31,-
Fri Sep 11 09:56:50 GMT+03:00 2026,11-sept.-2026 09:56:50.692,13.948307099798477,2.188294763314296,31.6,203.5662737358676,-1.07,4.08,10.51,-0.01,13.33,-0.04,-,21,57.88,35.16,88,-,20.78,1456.0,0.002,31.6,0.6,-,34,15.95,19.33,-,-,51.59,35.5,12.91,2566,50.6,50,8.24,-
Fri Sep 11 09:56:51 GMT+03:00 2026,11-sept.-2026 09:56:51.797,14.05447480594451,2.213049681995061,31.6,203.56627373601984,0.15,1.56,8.65,-0.02,14.12,-0.04,-,21,57.88,35.16,88,-,30.98,1465.0,0.01,31.6,0.7,-,34,16.1,19.71,-,-,51.61,35.49,12.9,2567,50.3,51,9.41,-
Fri Sep 11 09:56:52 GMT+03:00 2026,11-sept.-2026 09:56:52.588,14.010317823874356,1.4414249043857856,33.0,203.5662737366994,0.72,0.29,8.72,-0.05,12.94,-0.09,-,21,57.87,35.51,89,-,23.92,1466.5,0.004,33,0.92,-,34,16.97,20.73,-,-,51.63,35.48,12.9,2568,50.08,51,14.51,-
Fri Sep 11 09:56:53 GMT+03:00 2026,11-sept.-2026 09:56:53.517,14.19779747606574,2.2760680211016853,32.3,203.5662737361709,-0.28,3.36,10.25,0.0,13.73,0.01,-,21,57.87,35.16,89,7.26,34.9,1479.75,0.013,32.3,0.04,9.73,34,17.55,21.7,-,-,51.65,35.46,12.89,2569,50.96,51,14.51,-
Fri Sep 11 09:56:54 GMT+03:00 2026,11-sept.-2026 09:56:54.383,14.303588676116805,1.6807385983772818,31.9,203.5662737356511,-0.86,4.54,9.86,-0.05,13.33,-0.04,-,21,57.87,35.16,89,-,31.37,1462.75,0.01,31.9,0.43,-,34,17.55,21.31,-,-,51.66,35.45,12.89,2570,51.43,51,16.47,-
Fri Sep 11 09:56:55 GMT+03:00 2026,11-sept.-2026 09:56:55.394,14.36463907268613,1.6316410690970458,31.4,203.56627373609663,0.8,0.72,12.97,0.09,12.94,0.12,-,21,57.87,35.16,89,-,28.63,1501.0,0.009,31.4,0.56,-,34,17.98,22.48,-,-,51.68,35.43,12.88,2571,51.44,52,14.9,-
Fri Sep 11 09:56:56 GMT+03:00 2026,11-sept.-2026 09:56:56.654,14.470102950604886,1.5948008415744304,31.1,203.5662737369072,1.15,0.7,9.39,0.04,13.33,0.03,-,21,57.86,35.16,88,-,30.59,1513.75,0.01,31.1,1.81,-,34,17.26,21.92,-,-,51.7,35.42,12.88,2572,52.81,51,11.76,-
Fri Sep 11 09:56:57 GMT+03:00 2026,11-sept.-2026 09:56:57.663,14.41348718349103,2.5275731972541955,31.8,203.5662737359854,2.02,3.18,8.67,0.01,13.73,-0.01,-,21,57.86,35.16,88,-,23.14,1508.25,0.004,31.8,1.03,-,34,16.68,21.08,-,-,51.72,35.41,12.87,2573,50.97,52,9.02,-
Fri Sep 11 09:56:58 GMT+03:00 2026,11-sept.-2026 09:56:58.645,14.309585440178624,2.501065861183056,30.9,203.56627373456703,-0.35,3.45,11.37,-0.02,12.55,-0.04,-,21,57.86,35.51,88,-,21.18,1500.5,0.002,30.9,1.53,-,34,16.24,20.4,-,-,51.74,35.39,12.87,2574,50.47,52,5.88,-
Fri Sep 11 09:56:59 GMT+03:00 2026,11-sept.-2026 09:56:59.642,14.218573295832872,2.440683816995048,31.4,203.56627373534715,1.07,1.84,10.49,0.05,13.33,0.07,-,21,57.86,35.51,89,-,21.57,1484.5,0.002,31.4,0.1,-,34,15.95,19.71,-,-,51.76,35.38,12.86,2575,50.9,51,6.27,-
Fri Sep 11 09:57:00 GMT+03:00 2026,11-sept.-2026 09:57:00.764,14.1942934099359,2.480156036162884,31.9,203.56627373688232,-0.06,2.39,10.39,0.02,12.94,0.05,-,21,57.85,35.16,88,-,24.71,1477.25,0.005,31.9,1.89,-,34,16.1,19.9,-,-,51.78,35.37,12.86,2576,50.11,52,8.63,-
Fri Sep 11 09:57:01 GMT+03:00 2026,11-sept.-2026 09:57:01.735,14.228297177965722,1.9069446978525104,32.1,203.5662737369504,-2.9,3.1,9.28,0.04,14.12,0.05,-,21,57.85,35.16,89,-,27.06,1504.5,0.007,32.1,0.16,-,34,16.97,21.36,-,-,51.8,35.35,12.85,2577,51.16,51,13.73,-
Fri Sep 11 09:57:02 GMT+03:00 2026,11-sept.-2026 09:57:02.568,14.431479435521924,2.187960266130686,31.2,203.56627373624505,-1.9,2.74,9.97,0.0,14.12,-0.01,-,21,57.85,35.16,89,7.77,35.29,1501.0,0.014,31.2,2.05,10.41,34,16.97,21.22,-,-,51.82,35.34,12.85,2578,49.95,52,12.16,-
Fri Sep 11 09:57:03 GMT+03:00 2026,11-sept.-2026 09:57:03.647,14.211153346872225,1.749608649246655,31.8,203.566273735608,0.41,0.88,9.57,-0.04,12.16,-0.04,-,21,57.85,35.16,88,-,20.78,1500.75,0.002,31.8,0.96,-,34,16.68,21.01,-,-,51.83,35.32,12.84,2579,51.96,51,10.2,-
Fri Sep 11 09:57:04 GMT+03:00 2026,11-sept.-2026 09:57:04.523,14.132941725628417,2.433260944632522,31.1,203.56627373624715,0.25,1.14,8.1,-0.01,13.33,-0.01,-,21,57.84,35.16,89,-,22.35,1473.75,0.003,31.1,1.86,-,34,16.39,20.05,-,-,51.85,35.31,12.84,2580,49.14,51,5.1,-
Fri Sep 11 09:57:05 GMT+03:00 2026,11-sept.-2026 09:57:05.676,13.983397858166596,1.8577591949898964,32.0,203.5662737365877,1.65,2.67,10.95,-0.01,12.55,0.0,-,21,57.84,35.16,88,-,20.78,1453.25,0.002,32,0.02,-,34,16.24,19.57,-,-,51.87,35.3,12.83,2581,50.98,51,9.41,-
Fri Sep 11 09:57:06 GMT+03:00 2026,11-sept.-2026 09:57:06.547,14.133736220708158,1.6123242003941254,31.9,203.56627373620904,0.18,1.73,10.07,0.06,14.12,0.08,-,21,57.84,35.16,89,6.41,33.33,1464.25,0.012,31.9,0.69,8.6,34,16.24,19.87,-,-,51.89,35.28,12.83,2582,51.69,51,9.8,-
Fri Sep 11 09:57:07 GMT+03:00 2026,11-sept.-2026 09:57:07.451,14.056763594940016,1.5631721948089805,31.8,203.5662737362861,-1.49,1.7,10.05,0.0,12.94,0.05,-,21,57.84,35.16,88,-,22.35,1465.0,0.003,31.8,1.0,-,34,16.24,19.76,-,-,51.91,35.27,12.82,2583,50.0,51,9.8,-
Fri Sep 11 09:57:08 GMT+03:00 2026,11-sept.-2026 09:57:08.353,13.849271007795029,1.5216185260639183,32.8,203.56627373578732,-0.35,1.86,9.2,0.0,12.94,-0.01,-,21,57.83,35.16,89,-,20.78,1427.5,0.002,-,0.82,-,34,16.39,19.44,-,-,51.93,35.26,12.82,2584,50.82,50,6.27,-
Fri Sep 11 09:57:09 GMT+03:00 2026,11-sept.-2026 09:57:09.537,13.808721550919264,1.938432997641748,31.5,203.56627373632543,0.65,3.3,9.16,0.02,13.73,-0.01,-,21,57.83,35.16,89,-,23.92,1448.25,0.004,31.5,0.7,-,34,16.24,19.63,-,-,51.95,35.24,12.81,2585,50.7,50,9.41,-
Fri Sep 11 09:57:10 GMT+03:00 2026,11-sept.-2026 09:57:10.556,13.916546135264376,2.049020175250642,31.8,203.5662737370509,-0.33,-1.13,9.61,0.06,13.33,0.05,-,21,57.83,35.16,88,-,30.98,1462.0,0.01,31.8,0.9,-,34,16.53,20.12,-,-,51.97,35.23,12.81,2586,49.1,50,11.37,-
Fri Sep 11 09:57:11 GMT+03:00 2026,11-sept.-2026 09:57:11.418,13.922091668435334,1.8679363688019504,32.9,203.56627373586704,-2.26,2.25,10.01,0.0,12.94,0.0,-,21,57.82,35.16,89,-,25.88,1465.0,0.006,32.9,0.06,-,34,17.11,20.89,-,-,51.98,35.21,12.8,2587,49.94,50,13.73,-
Fri Sep 11 09:57:12 GMT+03:00 2026,11-sept.-2026 09:57:12.788,14.02511044307739,1.7995000142755715,32.8,203.56627373518552,0.67,1.17,10.49,-0.04,12.55,-0.03,-,21,57.82,35.16,88,-,30.59,1466.25,0.01,32.8,0.33,-,34,17.26,21.09,-,-,52,35.2,12.8,2588,49.67,50,12.16,-
Fri Sep 11 09:57:13 GMT+03:00 2026,11-sept.-2026 09:57:13.322,14.033678938903384,2.048552521782039,31.3,203.5662737357924,-2.3,2.4,9.3,0.03,13.73,0.03,-,21,57.82,35.16,88,-,26.27,1469.25,0.006,31.3,0.02,-,34,16.97,20.8,-,-,52.02,35.19,12.79,2589,51.02,51,12.16,-
Fri Sep 11 09:57:14 GMT+03:00 2026,11-sept.-2026 09:57:14.748,14.03277174719541,3.429475907929518,30.8,203.566273736399,-2.59,4.97,9.21,-0.02,12.55,-0.03,-,21,57.81,35.16,89,-,25.88,1469.5,0.006,30.8,0.34,-,34,16.97,20.78,-,-,52.04,35.17,12.79,2590,51.34,51,10.2,-
Fri Sep 11 09:57:15 GMT+03:00 2026,11-sept.-2026 09:57:15.412,14.026554265900009,2.864646587309465,33.3,203.5662737362101,0.77,1.92,10.39,-0.04,13.73,-0.02,-,21,57.81,35.16,89,-,25.49,1460.5,0.006,33.3,0.46,-,34,16.39,19.91,-,-,52.06,35.16,12.78,2591,50.54,51,7.84,-
Fri Sep 11 09:57:16 GMT+03:00 2026,11-sept.-2026 09:57:16.258,13.796063551317909,1.877824512290473,31.8,203.5662737355153,-0.14,0.78,10.61,0.05,12.55,0.01,-,21,57.81,35.16,89,-,20.78,1443.25,0.002,31.8,0.85,-,34,16.1,19.4,-,-,52.08,35.15,12.78,2592,49.15,50,7.06,-
Fri Sep 11 09:57:17 GMT+03:00 2026,11-sept.-2026 09:57:17.727,13.738295744078728,1.882179946456296,32.2,203.566273736056,-0.02,4.13,11.53,-0.09,13.33,-0.06,-,21,57.81,35.51,88,-,23.14,1439.75,0.004,32.2,0.73,-,34,15.95,19.13,-,-,52.1,35.13,12.77,2593,48.27,49,6.27,-
Fri Sep 11 09:57:18 GMT+03:00 2026,11-sept.-2026 09:57:18.376,13.678334966571692,2.35584817831982,33.6,203.5662737369494,-0.64,-0.17,9.67,-0.05,13.33,-0.05,-,21,57.8,35.16,88,-,23.14,1423.0,0.003,33.6,1.21,-,34,16.1,18.98,-,-,52.11,35.12,12.77,2594,50.21,49,8.63,-
Fri Sep 11 09:57:19 GMT+03:00 2026,11-sept.-2026 09:57:19.507,13.711452701302084,3.038278927004775,31.6,203.56627373609496,0.88,2.05,8.72,-0.05,13.73,-0.06,-,21,57.8,35.16,88,-,27.84,1417.25,0.007,31.6,0.73,-,34,16.68,19.65,-,-,52.13,35.1,12.76,2595,50.73,50,12.16,-
Fri Sep 11 09:57:20 GMT+03:00 2026,11-sept.-2026 09:57:20.684,13.84110850556464,2.2485977183990804,31.8,203.5662737358653,-3.51,0.96,9.36,-0.03,14.12,0.0,-,21,57.8,35.16,88,5.79,32.16,1452.25,0.011,31.8,0.21,7.77,34,17.11,20.67,-,-,52.15,35.09,12.76,2596,49.79,50,14.51,-
Fri Sep 11 09:57:21 GMT+03:00 2026,11-sept.-2026 09:57:21.546,13.926229859266542,1.6975795724341791,31.6,203.56627373670815,-0.94,-1.24,8.77,0.06,13.33,0.07,-,21,57.79,35.16,89,-,29.8,1458.0,0.009,31.6,1.34,-,34,17.11,20.72,-,-,52.17,35.08,12.75,2597,48.66,50,12.55,-
Fri Sep 11 09:57:22 GMT+03:00 2026,11-sept.-2026 09:57:22.695,13.85070257432068,1.493755698336554,32.6,203.56627373617175,-2.26,3.04,8.27,-0.01,13.33,-0.02,-,21,57.79,35.16,89,-,22.35,1450.25,0.003,32.6,2.61,-,34,17.4,20.95,-,-,52.19,35.06,12.75,2598,48.39,51,12.94,-
Fri Sep 11 09:57:23 GMT+03:00 2026,11-sept.-2026 09:57:23.392,14.000130826157749,1.43821025338857,29.7,203.56627373605684,-1.25,1.95,10.5,-0.02,13.33,-0.02,-,21,57.79,35.16,88,6.31,32.94,1459.25,0.011,29.7,0.06,8.46,34,16.68,20.31,-,-,52.21,35.05,12.74,2599,50.06,50,9.41,-
Fri Sep 11 09:57:24 GMT+03:00 2026,11-sept.-2026 09:57:24.393,13.73781274716519,2.442185857943782,31.1,203.5662737365213,0.49,1.61,8.34,-0.08,12.94,-0.09,-,21,57.78,34.81,89,-,20.78,1440.5,0.002,31.1,1.01,-,34,16.39,19.64,-,-,52.23,35.04,12.74,2600,50.01,49,10.2,-
Fri Sep 11 09:57:25 GMT+03:00 2026,11-sept.-2026 09:57:25.706,13.705469390580529,1.8860957120930848,32.3,203.5662737361722,-2.08,1.32,9.46,-0.09,13.73,-0.1,-,21,57.78,35.16,88,-,24.31,1432.75,0.005,32.3,0.68,-,34,16.97,20.19,-,-,52.24,35.02,12.73,2601,48.32,49,10.2,-
Fri Sep 11 09:57:26 GMT+03:00 2026,11-sept.-2026 09:57:26.403,13.84273957383378,1.7975139641771838,30.3,203.566273735552,-2.29,2.32,9.24,-0.02,13.33,-0.04,-,21,57.78,35.51,89,5.96,32.55,1450.0,0.011,30.3,0.92,7.99,34,16.24,19.62,-,-,52.26,35.01,12.73,2602,49.08,50,10.2,-
Fri Sep 11 09:57:27 GMT+03:00 2026,11-sept.-2026 09:57:27.549,13.600818743745045,3.035981314021143,31.5,203.5662737358219,-0.37,1.74,10.61,-0.05,13.33,-0.07,-,21,57.77,35.16,89,-,20.78,1418.75,0.002,31.5,1.03,-,34,16.82,19.84,-,-,52.28,35,12.72,2603,47.97,49,12.55,-
Fri Sep 11 09:57:28 GMT+03:00 2026,11-sept.-2026 09:57:28.722,13.71230931547717,1.677513988360379,31.2,203.56627373609467,-0.32,3.07,10.81,-0.07,13.73,-0.12,-,21,57.77,35.16,89,-,31.37,1442.0,0.01,31.2,1.68,-,34,16.68,20.06,-,-,52.3,34.98,12.72,2604,48.32,50,9.02,-
Fri Sep 11 09:57:29 GMT+03:00 2026,11-sept.-2026 09:57:29.404,13.637822730124643,1.525259985480931,30.4,203.56627373648615,0.5,2.38,10.49,-0.01,12.94,-0.04,-,21,57.77,34.81,89,-,22.35,1441.0,0.003,30.4,0.59,-,34,16.1,19.24,-,-,52.32,34.97,12.71,2605,49.41,50,9.02,-
Fri Sep 11 09:57:30 GMT+03:00 2026,11-sept.-2026 09:57:30.344,13.520570328493635,1.5765382423709728,30.9,203.56627373644537,-1.36,3.59,9.6,-0.04,13.33,-0.06,-,21,57.76,35.51,89,-,20.78,1401.75,0.002,30.9,0.44,-,34,16.97,19.73,-,-,52.34,34.96,12.71,2606,48.44,48,11.76,-
Fri Sep 11 09:57:31 GMT+03:00 2026,11-sept.-2026 09:57:31.749,13.782248544092443,1.9257732232962763,31.2,203.56627373601737,-1.13,2.6,9.64,0.04,13.33,0.03,-,21,57.76,35.16,88,8.54,38.43,1443.75,0.015,31.2,0.57,11.46,34,16.39,19.7,-,-,52.36,34.94,12.7,2607,49.57,49,11.37,-
Fri Sep 11 09:57:32 GMT+03:00 2026,11-sept.-2026 09:57:32.553,13.682193551745582,2.1754504727113058,31.2,203.5662737364061,-0.23,5.36,10.07,0.0,12.94,0.0,-,21,57.76,35.16,88,-,21.18,1430.5,0.002,31.2,1.02,-,34,16.53,19.64,-,-,52.37,34.93,12.7,2608,48.98,50,12.55,-
Fri Sep 11 09:57:33 GMT+03:00 2026,11-sept.-2026 09:57:33.414,13.647945686807205,2.057820483787093,30.1,203.56627373593832,-0.41,0.94,9.06,-0.02,14.12,-0.02,-,21,57.75,35.16,89,-,24.31,1412.5,0.004,30.1,1.07,-,34,16.68,19.57,-,-,52.39,34.92,12.69,2609,47.93,49,6.67,-
Fri Sep 11 09:57:34 GMT+03:00 2026,11-sept.-2026 09:57:34.768,13.599406300815009,1.6216634915649657,31.8,203.56627373539192,-0.09,0.62,10.11,0.04,13.33,0.04,-,21,57.75,35.16,89,-,23.53,1431.75,0.004,31.8,0.75,-,34,16.24,19.32,-,-,52.41,34.9,12.69,2610,48.25,49,9.8,-
Fri Sep 11 09:57:35 GMT+03:00 2026,11-sept.-2026 09:57:35.443,13.658496408179362,1.8734824866301043,31.3,203.56627373566243,0.08,3.78,10.29,0.01,13.73,0.0,-,21,57.75,35.16,89,-,29.02,1425.5,0.008,31.3,0.02,-,34,16.24,19.2,-,-,52.43,34.89,12.68,2611,49.02,49,8.63,-
Fri Sep 11 09:57:36 GMT+03:00 2026,11-sept.-2026 09:57:36.710,13.442761891748344,1.8193650471056584,30.5,203.56627373632932,-0.83,1.42,8.35,-0.08,12.94,-0.07,-,21,57.74,35.16,89,-,20.78,1414.0,0.002,30.5,1.05,-,34,16.97,19.94,-,-,52.45,34.87,12.68,2612,47.95,49,14.9,-
Fri Sep 11 09:57:37 GMT+03:00 2026,11-sept.-2026 09:57:37.710,13.730406765618254,1.5220488741082054,30.7,203.5662737365984,-1.57,0.54,8.68,0.01,14.51,0.01,-,21,57.74,35.16,88,9.05,40.39,1415.25,0.015,30.7,0.26,12.13,34,17.11,20.16,-,-,52.47,34.86,12.67,2613,49.74,50,14.12,-
Fri Sep 11 09:57:38 GMT+03:00 2026,11-sept.-2026 09:57:38.674,13.73952352489551,1.816777135753744,31.9,203.56627373617263,2.25,5.72,9.36,-0.05,12.94,-0.03,-,21,57.74,35.16,88,-,26.67,1423.5,0.006,31.9,1.65,-,34,16.68,19.73,-,-,52.48,34.85,12.67,2614,48.35,50,14.12,-
Fri Sep 11 09:57:39 GMT+03:00 2026,11-sept.-2026 09:57:39.548,13.480011795512242,3.476206964627218,32.5,203.5662737361336,-0.28,2.41,8.2,-0.04,13.33,-0.02,-,21,57.73,35.16,89,-,20.78,1407.75,0.002,32.5,0.24,-,34,16.68,19.48,-,-,52.5,34.83,12.66,2615,49.24,49,6.67,-
Fri Sep 11 09:57:40 GMT+03:00 2026,11-sept.-2026 09:57:40.268,13.36289336510024,1.7562260977867514,31.2,203.56627373629163,2.07,3.0,8.08,0.02,13.33,0.04,-,21,57.73,35.16,88,-,20.78,1397.75,0.002,31.2,0.31,-,34,16.53,19.09,-,-,52.52,34.82,12.66,2616,48.31,48,10.2,-
Fri Sep 11 09:57:41 GMT+03:00 2026,11-sept.-2026 09:57:41.496,13.56161337699504,2.2150156031428296,31.4,203.56627373519936,-0.08,0.81,7.31,0.06,13.33,0.04,-,21,57.73,35.16,89,7.07,35.69,1418.25,0.013,31.4,1.44,9.48,34,16.97,19.99,-,-,52.54,34.81,12.65,2617,47.56,49,15.69,-
Fri Sep 11 09:57:42 GMT+03:00 2026,11-sept.-2026 09:57:42.327,13.773498482270604,1.907012573739238,29.5,203.56627373629,-0.46,2.77,11.15,0.09,14.12,0.11,-,21,57.72,35.16,89,7.49,36.08,1445.5,0.013,29.5,0.99,10.04,34,16.68,20.08,-,-,52.56,34.79,12.65,2618,49.01,50,14.9,-
Fri Sep 11 09:57:43 GMT+03:00 2026,11-sept.-2026 09:57:43.584,13.432536281573162,2.7289444208000497,31.9,203.56627373700405,-2.74,1.14,7.94,-0.05,12.94,-0.03,-,21,57.72,35.16,88,-,12.94,1417.5,0.0,31.9,1.07,-,34,17.11,27.88,-,-,52.57,34.78,12.64,2619,49.07,48,11.76,-
Fri Sep 11 09:57:44 GMT+03:00 2026,11-sept.-2026 09:57:44.663,13.459039308400495,1.8630699154758057,28.6,203.5662737353812,1.61,2.86,9.41,0.03,12.94,0.03,-,21,57.72,35.16,89,-,27.45,1393.75,0.007,28.6,0.37,-,34,16.39,18.97,-,-,52.59,34.77,12.64,2620,48.37,48,7.06,-
Fri Sep 11 09:57:45 GMT+03:00 2026,11-sept.-2026 09:57:45.769,13.409897905214152,2.164977016694976,30.5,203.56627373545663,1.92,2.57,8.82,-0.05,12.94,-0.08,-,21,57.71,34.81,89,-,23.53,1401.75,0.004,30.5,0.69,-,34,15.66,18.13,-,-,52.61,34.75,12.63,2621,47.31,48,7.84,-
Fri Sep 11 09:57:46 GMT+03:00 2026,11-sept.-2026 09:57:46.354,13.311721428347395,1.5314939407845336,31.4,203.56627373641544,-0.3,0.42,10.53,-0.07,13.33,-0.11,-,21,57.71,35.16,89,-,21.18,1378.0,0.002,31.4,0.6,-,34,15.95,18.11,-,-,52.63,34.74,12.63,2622,47.4,48,5.49,-
Fri Sep 11 09:57:47 GMT+03:00 2026,11-sept.-2026 09:57:47.652,13.113898312986294,3.1375164843066345,31.5,203.5662737368129,0.14,1.37,7.68,-0.05,13.73,-0.03,-,21,57.7,35.16,89,-,21.18,1364.75,0.002,31.5,0.58,-,34,16.68,18.85,-,-,52.65,34.73,12.62,2623,47.58,47,14.12,-
Fri Sep 11 09:57:48 GMT+03:00 2026,11-sept.-2026 09:57:48.458,13.515138416059465,2.96029213999231,31.1,203.56627373657025,-0.06,3.05,10.69,0.06,14.51,0.02,-,21,57.7,34.81,88,11.22,45.88,1412.0,0.018,31.1,0.06,15.05,34,16.53,19.4,-,-,52.67,34.71,12.62,2624,48.94,49,14.12,-
Fri Sep 11 09:57:49 GMT+03:00 2026,11-sept.-2026 09:57:49.679,13.287622925748249,1.504965361031246,30.8,203.56627373605363,0.23,2.49,9.99,-0.01,12.94,0.01,-,21,57.7,35.16,89,-,21.18,1389.0,0.002,30.8,0.17,-,34,16.97,19.52,-,-,52.68,34.7,12.62,2625,48.17,48,16.86,-
Fri Sep 11 09:57:50 GMT+03:00 2026,11-sept.-2026 09:57:50.535,13.336757499814144,3.069258015134637,30.0,203.5662737358149,-1.87,3.44,8.65,0.0,13.73,-0.03,-,21,57.69,35.16,89,-,28.24,1403.75,0.007,30,0.05,-,34,17.4,20.21,-,-,52.7,34.69,12.61,2626,47.95,48,9.8,-
Fri Sep 11 09:57:51 GMT+03:00 2026,11-sept.-2026 09:57:51.521,13.373221133701277,1.8741337930588855,30.9,203.56627373617343,-1.21,1.42,9.17,0.0,13.33,0.01,-,21,57.69,35.16,88,-,27.84,1405.25,0.007,30.9,1.56,-,34,16.24,18.98,-,-,52.72,34.67,12.61,2627,48.56,47,10.59,-
Fri Sep 11 09:57:52 GMT+03:00 2026,11-sept.-2026 09:57:52.341,13.312026542005428,2.2571765050173296,31.3,203.5662737364933,-0.5,4.32,8.23,0.0,13.73,0.0,-,21,57.69,35.16,88,-,22.75,1394.75,0.003,31.3,1.67,-,34,16.53,19.15,-,-,52.74,34.66,12.6,2628,48.67,47,9.8,-
Fri Sep 11 09:57:53 GMT+03:00 2026,11-sept.-2026 09:57:53.515,13.310079494466756,2.348345162960791,30.9,203.5662737366104,-0.86,3.8,8.8,0.04,13.33,0.07,-,21,57.68,35.16,89,-,25.88,1375.25,0.005,30.9,1.66,-,34,16.82,19.15,-,-,52.76,34.65,12.6,2629,49.66,48,12.16,-
Fri Sep 11 09:57:54 GMT+03:00 2026,11-sept.-2026 09:57:54.576,13.469179685086068,2.410151714023687,28.8,203.5662737362917,0.91,1.49,9.9,0.03,14.51,0.04,-,21,57.68,35.51,89,6.19,34.12,1397.5,0.011,28.8,0.43,8.3,34,16.68,19.32,-,-,52.77,34.63,12.59,2630,49.43,49,12.94,-
Fri Sep 11 09:57:55 GMT+03:00 2026,11-sept.-2026 09:57:55.437,13.444365036354563,1.4750343704213953,29.6,203.56627373574025,0.81,2.36,9.27,0.04,12.55,0.03,-,21,57.68,34.81,88,-,24.71,1402.0,0.005,29.6,1.31,-,34,17.26,20.08,-,-,52.79,34.62,12.59,2631,47.69,49,16.08,-
Fri Sep 11 09:57:56 GMT+03:00 2026,11-sept.-2026 09:57:56.790,13.609035548724892,2.110764726036832,29.9,203.5662737353151,-0.23,2.92,9.87,0.07,14.12,0.07,-,21,57.67,35.51,89,6.39,34.12,1410.25,0.011,29.9,0.03,8.57,34,17.55,20.48,-,-,52.81,34.61,12.58,2632,48.97,49,14.12,-
Fri Sep 11 09:57:57 GMT+03:00 2026,11-sept.-2026 09:57:57.767,13.69134776857647,2.2510411368534817,30.0,203.56627373578183,1.24,2.64,9.66,0.02,13.33,0.01,-,21,57.67,35.16,88,-,29.8,1439.75,0.009,30,0.73,-,34,16.82,20.13,-,-,52.83,34.59,12.58,2633,49.73,49,12.94,-
Fri Sep 11 09:57:58 GMT+03:00 2026,11-sept.-2026 09:57:58.405,13.534023700229168,2.0786650067341594,32.7,203.56627373648575,-2.64,2.29,8.75,-0.09,13.33,-0.07,-,21,57.67,35.51,88,-,20.78,1412.0,0.002,32.7,2.08,-,34,17.26,20.13,-,-,52.85,34.58,12.57,2634,50.08,48,12.16,-
Fri Sep 11 09:57:59 GMT+03:00 2026,11-sept.-2026 09:57:59.651,13.656339821626789,1.5919368686220456,29.5,203.5662737360556,-1.11,2.56,8.74,0.03,13.73,0.05,-,21,57.66,35.51,89,5.53,32.16,1422.75,0.01,29.5,0.32,7.42,34,16.68,19.74,-,-,52.86,34.57,12.57,2635,48.68,49,10.2,-
Fri Sep 11 09:58:00 GMT+03:00 2026,11-sept.-2026 09:58:00.289,13.628363003906433,1.8924499604526488,30.7,203.5662737360944,-0.99,1.92,8.94,0.05,13.33,0.06,-,21,57.66,35.16,89,-,24.71,1415.0,0.005,30.7,2.44,-,34,16.24,19,-,-,52.88,34.56,12.56,2636,50.44,48,10.2,-
Fri Sep 11 09:58:01 GMT+03:00 2026,11-sept.-2026 09:58:01.461,13.501908099171512,1.742804354551796,32.6,203.5662737366465,-1.55,-0.18,9.09,-0.03,13.33,-0.01,-,21,57.66,35.16,89,-,20.78,1409.25,0.002,32.6,1.66,-,34,16.39,19.15,-,-,52.9,34.54,12.56,2637,47.34,49,7.06,-
Fri Sep 11 09:58:02 GMT+03:00 2026,11-sept.-2026 09:58:02.299,13.465346846047666,1.8033171959891163,31.0,203.56627373664145,0.29,4.27,11.5,-0.04,13.33,-0.04,-,21,57.65,35.16,89,-,24.31,1408.5,0.004,31,0.09,-,34,16.82,19.63,-,-,52.92,34.53,12.55,2638,48.91,49,13.33,-
Fri Sep 11 09:58:03 GMT+03:00 2026,11-sept.-2026 09:58:03.481,13.769999778837576,2.523361849773311,31.3,203.56627373644247,1.38,3.25,10.02,0.05,13.73,0.07,-,21,57.65,35.16,89,9.44,41.18,1425.75,0.016,31.3,0.64,12.66,34,16.97,20.05,-,-,52.94,34.52,12.55,2639,50.64,50,15.29,-
Fri Sep 11 09:58:04 GMT+03:00 2026,11-sept.-2026 09:58:04.680,13.786198270566256,1.5373026804732888,31.7,203.5662737353996,0.0,3.79,10.03,-0.02,13.33,-0.04,-,21,57.65,34.81,89,-,26.67,1449.25,0.006,31.7,0.41,-,34,17.26,20.71,-,-,52.95,34.5,12.54,2640,49.59,50,15.69,-
Fri Sep 11 09:58:05 GMT+03:00 2026,11-sept.-2026 09:58:05.799,13.75644716314445,2.3058835849574555,32.3,203.56627373605585,-0.94,-0.48,9.53,-0.03,13.33,-0.05,-,21,57.64,35.16,89,-,24.31,1442.5,0.005,32.3,0.7,-,34,16.97,20.35,-,-,52.97,34.49,12.54,2641,48.3,49,7.84,-
Fri Sep 11 09:58:06 GMT+03:00 2026,11-sept.-2026 09:58:06.336,13.61504476996248,3.392713530510842,30.7,203.56627373687508,-0.62,1.95,9.93,0.0,12.55,-0.03,-,21,57.64,35.16,88,-,20.78,1410.0,0.002,30.7,0.82,-,34,16.39,19.1,-,-,52.99,34.48,12.53,2642,48.18,49,8.24,-
Fri Sep 11 09:58:07 GMT+03:00 2026,11-sept.-2026 09:58:07.571,13.64990145249647,3.026212131157936,30.0,203.56627373605625,2.0,2.89,10.25,0.04,13.33,0.03,-,21,57.64,34.81,88,-,27.84,1419.0,0.007,30,1.02,-,34,16.82,19.79,-,-,53.01,34.46,12.53,2643,50.02,49,12.94,-
Fri Sep 11 09:58:08 GMT+03:00 2026,11-sept.-2026 09:58:08.386,13.85912952567889,3.078746843395476,31.4,203.56627373586437,-0.87,3.47,9.95,-0.01,14.12,0.0,-,21,57.63,35.51,89,7.49,36.08,1444.0,0.013,31.4,0.57,10.05,34,16.82,20.1,-,-,53.03,34.45,12.52,2644,49.43,50,13.73,-
Fri Sep 11 09:58:09 GMT+03:00 2026,11-sept.-2026 09:58:09.729,13.805085524719829,2.35369513790908,30.2,203.56627373647945,-0.98,3.2,8.74,-0.02,14.12,-0.02,-,21,57.63,34.81,89,-,23.53,1435.0,0.004,30.2,0.51,-,34,17.26,20.59,-,-,53.04,34.44,12.52,2645,50.51,50,14.51,-
Fri Sep 11 09:58:10 GMT+03:00 2026,11-sept.-2026 09:58:10.694,13.882724483576489,2.636047113783941,31.1,203.56627373663363,-0.66,-0.27,8.61,0.03,14.12,0.03,-,21,57.63,35.16,89,-,29.8,1441.75,0.009,31.1,0.91,-,34,16.82,20.22,-,-,53.06,34.42,12.51,2646,50.91,50,8.63,-
Fri Sep 11 09:58:11 GMT+03:00 2026,11-sept.-2026 09:58:11.266,13.779053957542075,2.981623048384419,30.9,203.566273735363,0.0,2.0,9.3,0.01,12.55,0.02,-,21,57.62,35.16,89,-,20.78,1440.5,0.002,30.9,1.14,-,34,16.53,19.77,-,-,53.08,34.41,12.51,2647,48.86,50,10.59,-
Fri Sep 11 09:58:12 GMT+03:00 2026,11-sept.-2026 09:58:12.749,13.837083680991944,1.5227488859451788,31.0,203.5662737354417,-1.2,3.73,9.26,-0.05,12.94,-0.03,-,21,57.62,35.16,88,-,28.63,1455.5,0.008,31,2.06,-,34,16.68,20.22,-,-,53.1,34.4,12.5,2648,48.94,51,9.41,-
Fri Sep 11 09:58:13 GMT+03:00 2026,11-sept.-2026 09:58:13.730,13.846448479447483,1.6050398001342627,32.0,203.5662737364428,0.5,-0.57,9.5,-0.02,14.12,-0.06,-,21,57.62,35.16,89,-,26.27,1438.0,0.006,32,1.53,-,34,16.24,19.31,-,-,53.12,34.38,12.5,2649,49.47,51,9.41,-
Fri Sep 11 09:58:14 GMT+03:00 2026,11-sept.-2026 09:58:14.676,13.680872910327636,1.4458228831249391,31.0,203.56627373570288,-1.1,2.04,10.51,-0.01,12.55,-0.03,-,21,57.62,35.16,88,-,20.78,1427.25,0.002,31,0.61,-,35,16.24,19.14,-,-,53.13,34.37,12.5,2650,49.39,50,6.67,-
Fri Sep 11 09:58:15 GMT+03:00 2026,11-sept.-2026 09:58:15.717,13.495223939202363,4.350215969953419,30.6,203.5662737359379,-4.06,2.51,8.99,-0.05,12.94,-0.01,-,21,57.61,35.16,88,-,20.78,1406.0,0.002,30.6,1.23,-,35,16.53,19.19,-,-,53.15,34.36,12.49,2651,46.77,48,10.2,-
Fri Sep 11 09:58:16 GMT+03:00 2026,11-sept.-2026 09:58:16.617,13.692480475600304,3.264249176587868,30.6,203.56627373690444,0.98,1.51,10.4,-0.04,13.73,-0.02,-,21,57.61,35.16,89,7.12,36.08,1413.5,0.013,30.6,1.07,9.55,35,16.97,19.91,-,-,53.17,34.35,12.49,2652,50.07,49,16.08,-
Fri Sep 11 09:58:17 GMT+03:00 2026,11-sept.-2026 09:58:17.567,13.914643813176289,1.9889201721301453,30.4,203.56627373605676,0.51,2.43,9.71,0.04,13.73,0.06,-,21,57.61,35.16,89,7.81,36.86,1440.25,0.014,30.4,1.13,10.47,34,16.97,20.34,-,-,53.19,34.33,12.48,2653,51.13,50,16.08,-
Fri Sep 11 09:58:18 GMT+03:00 2026,11-sept.-2026 09:58:18.468,13.774484048623387,1.9963825808879383,31.3,203.56627373574844,-2.42,1.46,9.74,0.0,13.33,0.01,-,21,57.6,35.16,89,-,20.78,1440.25,0.002,31.3,2.23,-,34,17.55,20.97,-,-,53.2,34.32,12.48,2654,47.77,50,13.73,-
Fri Sep 11 09:58:19 GMT+03:00 2026,11-sept.-2026 09:58:19.434,13.852323768065014,2.4414741665361968,31.5,203.56627373594063,0.53,-0.14,8.73,0.01,12.94,0.03,-,21,57.6,35.16,89,-,29.8,1445.25,0.009,31.5,0.17,-,35,16.68,20.1,-,-,53.22,34.31,12.47,2655,49.83,50,7.84,-
Fri Sep 11 09:58:20 GMT+03:00 2026,11-sept.-2026 09:58:20.658,13.726512924349471,1.421451223793808,30.3,203.5662737363653,-0.59,3.77,9.23,-0.06,12.55,-0.05,-,21,57.6,35.16,89,-,20.78,1430.5,0.002,30.3,0.21,-,35,16.39,19.52,-,-,53.24,34.29,12.47,2656,49.21,49,11.37,-
Fri Sep 11 09:58:21 GMT+03:00 2026,11-sept.-2026 09:58:21.292,13.824536688529856,1.8057071270560796,31.7,203.56627373647711,-0.62,1.29,9.52,-0.03,13.33,-0.02,-,21,57.59,35.16,89,-,30.59,1436.0,0.009,31.7,0.24,-,35,17.4,20.65,-,-,53.26,34.28,12.46,2657,50.24,50,14.12,-
Fri Sep 11 09:58:22 GMT+03:00 2026,11-sept.-2026 09:58:22.243,14.051195507144312,3.1243245112508387,30.0,203.56627373609547,-2.97,1.73,8.51,0.02,14.12,0.0,-,21,57.59,35.16,88,8,36.47,1467.0,0.014,30,0.43,10.73,34,16.82,20.52,-,-,53.28,34.27,12.46,2658,50.57,51,14.12,-
Fri Sep 11 09:58:23 GMT+03:00 2026,11-sept.-2026 09:58:23.775,13.862387564596382,2.274617917415118,30.1,203.56627373643957,1.99,1.59,9.84,0.04,13.33,0.04,-,21,57.59,35.16,88,-,20.78,1449.0,0.002,30.1,1.02,-,34,17.4,20.93,-,-,53.29,34.25,12.45,2659,48.98,50,14.12,-
Fri Sep 11 09:58:24 GMT+03:00 2026,11-sept.-2026 09:58:24.656,13.959004143527082,2.1835796936188085,29.7,203.56627373632423,2.45,0.0,8.97,-0.04,13.33,-0.08,-,21,57.59,35.16,89,-,30.59,1449.5,0.01,29.7,1.76,-,34,17.11,20.6,-,-,53.31,34.24,12.45,2660,49.24,51,9.8,-
Fri Sep 11 09:58:25 GMT+03:00 2026,11-sept.-2026 09:58:25.687,13.945084977396208,1.4877277525833783,31.2,203.56627373537148,1.54,0.68,12.51,-0.01,13.33,0.0,-,21,57.58,35.16,88,-,25.49,1445.25,0.005,31.2,0.27,-,34,16.68,19.97,-,-,53.33,34.23,12.44,2661,49.73,50,12.16,-
Fri Sep 11 09:58:26 GMT+03:00 2026,11-sept.-2026 09:58:26.275,13.978081699908016,1.7548841664550847,31.2,203.56627373541397,1.39,1.81,7.65,0.04,14.12,0.03,-,21,57.58,35.51,88,-,27.45,1462.5,0.007,31.2,0.78,-,34,17.26,21.07,-,-,53.35,34.22,12.44,2662,50.78,50,12.94,-
Fri Sep 11 09:58:27 GMT+03:00 2026,11-sept.-2026 09:58:27.485,14.114653459086943,1.9524623777249683,31.8,203.56627373617135,-1.36,2.08,9.39,0.01,13.73,0.02,-,21,57.58,35.16,89,6.1,32.55,1460.5,0.011,31.8,1.34,8.18,34,16.82,20.36,-,-,53.36,34.2,12.43,2663,49.66,51,11.37,-
Fri Sep 11 09:58:28 GMT+03:00 2026,11-sept.-2026 09:58:28.717,14.011444722090928,2.2727570169771707,30.2,203.5662737361716,-0.04,1.03,10.33,-0.04,12.94,-0.03,-,21,57.57,35.16,89,-,21.18,1453.5,0.002,30.2,0.32,-,34,16.82,20.24,-,-,53.38,34.19,12.43,2664,49.68,50,10.59,-
Fri Sep 11 09:58:29 GMT+03:00 2026,11-sept.-2026 09:58:29.366,13.995395749535597,1.4604107462652245,30.9,203.56627373659236,-1.41,0.5,8.83,-0.01,13.33,-0.01,-,21,57.57,35.16,89,-,25.1,1452.25,0.005,30.9,0.73,-,34,16.39,19.72,-,-,53.4,34.18,12.42,2665,50.73,50,6.27,-
Fri Sep 11 09:58:30 GMT+03:00 2026,11-sept.-2026 09:58:30.592,13.83602423387368,2.240965130454517,29.9,203.5662737367819,0.12,0.65,12.07,-0.04,13.33,-0.01,-,21,57.57,35.16,88,-,20.78,1446.5,0.002,29.9,0.41,-,35,16.53,19.88,-,-,53.42,34.16,12.42,2666,49.41,49,12.16,-
Fri Sep 11 09:58:31 GMT+03:00 2026,11-sept.-2026 09:58:31.471,14.064797114548751,2.169936579009172,29.1,203.5662737360201,0.23,3.74,8.44,0.04,13.73,0.03,-,21,57.57,35.16,89,8.06,36.86,1463.5,0.014,29.1,0.19,10.8,35,16.82,20.54,-,-,53.43,34.15,12.42,2667,51.19,51,12.55,-
Fri Sep 11 09:58:32 GMT+03:00 2026,11-sept.-2026 09:58:32.461,14.068996649254256,2.0951107803022886,30.3,203.56627373518256,-2.36,-0.66,7.94,0.02,12.94,0.0,-,21,57.56,35.16,88,-,25.88,1478.5,0.006,30.3,0.85,-,35,16.53,20.43,-,-,53.45,34.14,12.41,2668,50.85,50,12.55,-
Fri Sep 11 09:58:33 GMT+03:00 2026,11-sept.-2026 09:58:33.330,13.90150444736217,1.6922842395033946,31.0,203.56627373659012,1.0,1.81,9.98,0.01,13.33,-0.03,-,21,57.56,35.16,88,-,20.78,1463.75,0.002,31,1.12,-,35,17.4,21.1,-,-,53.47,34.13,12.41,2669,51.12,50,10.98,-
Fri Sep 11 09:58:34 GMT+03:00 2026,11-sept.-2026 09:58:34.424,14.064349272158738,1.6178951640356805,30.9,203.5662737368514,-2.97,1.12,10.23,0.03,13.73,0.01,-,21,57.56,35.16,89,6.64,33.33,1475.75,0.012,30.9,0.06,8.9,34,16.82,20.73,-,-,53.49,34.11,12.4,2670,50.06,50,11.76,-
Fri Sep 11 09:58:35 GMT+03:00 2026,11-sept.-2026 09:58:35.516,14.099450797124126,1.9574597739578297,31.7,203.5662737359447,4.76,1.55,9.28,-0.03,13.33,-0.01,-,21,57.56,35.16,88,-,27.45,1469.0,0.007,31.7,1.02,-,34,16.82,20.5,-,-,53.5,34.1,12.4,2671,48.98,50,12.94,-
Fri Sep 11 09:58:36 GMT+03:00 2026,11-sept.-2026 09:58:36.264,14.067307228994792,1.8708428816311384,30.0,203.56627373624735,-0.63,4.59,9.16,-0.02,13.33,-0.01,-,21,57.55,35.16,88,-,24.31,1481.0,0.005,30,0.36,-,34,16.82,20.8,-,-,53.52,34.09,12.39,2672,51.36,51,8.63,-
Fri Sep 11 09:58:37 GMT+03:00 2026,11-sept.-2026 09:58:37.386,13.98647998388216,1.7802702582851593,31.4,203.56627373636277,-0.65,1.15,10.5,-0.02,12.94,-0.02,-,21,57.55,35.16,89,-,21.96,1455.5,0.003,31.4,1.62,-,34,16.1,19.5,-,-,53.54,34.07,12.39,2673,49.38,51,6.27,-
Fri Sep 11 09:58:38 GMT+03:00 2026,11-sept.-2026 09:58:38.686,13.873663295440467,2.0104049797879697,29.9,203.56627373678583,-1.39,3.06,10.96,-0.02,12.94,-0.04,-,21,57.55,35.51,88,-,20.78,1449.5,0.002,29.9,0.22,-,35,15.95,19.23,-,-,53.56,34.06,12.38,2674,50.22,50,6.67,-
Fri Sep 11 09:58:39 GMT+03:00 2026,11-sept.-2026 09:58:39.730,13.85923943177826,1.9934345487996452,31.0,203.5662737358276,-0.75,2.51,9.45,0.02,13.33,0.02,-,21,57.54,35.51,89,-,25.1,1444.0,0.005,31,1.31,-,34,16.39,19.57,-,-,53.57,34.05,12.38,2675,50.31,49,9.8,-
Fri Sep 11 09:58:40 GMT+03:00 2026,11-sept.-2026 09:58:40.262,13.959893067122309,2.264752710797729,31.0,203.56627373503824,0.64,1.57,7.85,0.01,13.33,0.02,-,21,57.54,35.16,89,-,30.59,1453.75,0.01,31,1.04,-,34,17.11,20.75,-,-,53.59,34.04,12.37,2676,51.04,50,16.08,-
Fri Sep 11 09:58:41 GMT+03:00 2026,11-sept.-2026 09:58:41.363,14.210955960971503,2.538418116592646,29.1,203.5662737357227,0.08,0.08,10.15,-0.03,13.73,-0.06,-,21,57.54,35.51,89,8.65,37.65,1476.75,0.015,29.1,1.04,11.6,34,17.69,21.76,-,-,53.61,34.02,12.37,2677,50.96,52,17.65,-
Fri Sep 11 09:58:42 GMT+03:00 2026,11-sept.-2026 09:58:42.749,14.27384714809126,1.6180540847738614,29.6,203.5662737363956,0.43,0.59,6.49,-0.01,13.73,0.01,-,21,57.54,35.16,88,-,28.63,1497.0,0.009,29.6,2.24,-,34,17.4,21.73,-,-,53.63,34.01,12.36,2678,53.24,51,13.73,-
Fri Sep 11 09:58:43 GMT+03:00 2026,11-sept.-2026 09:58:43.559,14.155997272468449,1.4960914983066975,32.8,203.5662737363208,0.16,2.16,10.15,0.06,13.73,0.07,-,21,57.54,35.16,88,-,20.78,1477.0,0.002,32.8,1.0,-,34,17.4,21.43,-,-,53.64,34,12.36,2679,52.0,51,10.98,-
Fri Sep 11 09:58:44 GMT+03:00 2026,11-sept.-2026 09:58:44.297,14.259638061464612,2.17160711594365,30.2,203.56627373587244,2.96,-1.27,10.67,-0.05,13.73,-0.05,-,21,57.53,35.16,88,-,30.59,1490.75,0.01,30.2,0.33,-,34,16.82,20.92,-,-,53.66,33.98,12.35,2680,50.67,51,10.2,-
Fri Sep 11 09:58:45 GMT+03:00 2026,11-sept.-2026 09:58:45.779,14.263590116887276,2.502502492698369,29.9,203.56627373576032,1.93,3.94,9.82,0.03,13.33,0.0,-,21,57.53,35.16,89,-,26.27,1484.75,0.006,29.9,1.02,-,34,16.53,20.54,-,-,53.68,33.97,12.35,2681,53.02,52,11.37,-
Fri Sep 11 09:58:46 GMT+03:00 2026,11-sept.-2026 09:58:46.797,14.241858216779928,1.7705322062206224,28.7,203.56627373673064,-0.53,3.04,9.7,0.01,13.73,0.01,-,21,57.53,35.16,88,-,25.1,1476.25,0.005,28.7,0.55,-,34,16.97,20.93,-,-,53.7,33.96,12.35,2682,51.55,51,10.2,-
Fri Sep 11 09:58:47 GMT+03:00 2026,11-sept.-2026 09:58:47.623,14.27110703443557,1.823872206551166,28.4,203.56627373658125,1.17,1.78,8.6,-0.01,13.33,0.03,-,21,57.53,35.16,88,-,27.06,1489.75,0.007,28.4,2.24,-,34,16.68,20.74,-,-,53.71,33.95,12.34,2683,53.24,51,9.8,-
Fri Sep 11 09:58:48 GMT+03:00 2026,11-sept.-2026 09:58:48.539,14.251236868600351,2.00592037572068,30.4,203.56627373620785,-0.05,3.37,8.96,-0.02,13.33,-0.01,-,21,57.52,35.16,89,-,25.1,1481.5,0.005,30.4,0.18,-,34,17.11,21.13,-,-,53.73,33.93,12.34,2684,51.18,51,12.94,-
Fri Sep 11 09:58:49 GMT+03:00 2026,11-sept.-2026 09:58:49.592,14.418867968994528,1.41314514360914,29.8,203.5662737366518,0.1,0.32,9.2,0.02,14.12,0.05,-,21,57.52,35.16,89,6.97,33.73,1505.25,0.013,29.8,0.78,9.35,34,16.97,21.26,-,-,53.75,33.92,12.33,2685,51.78,51,10.98,-
Fri Sep 11 09:58:50 GMT+03:00 2026,11-sept.-2026 09:58:50.344,14.32769449410961,2.798008635261146,30.7,203.5662737357634,0.19,0.79,8.29,0.01,13.33,-0.01,-,21,57.52,35.16,88,-,21.57,1490.75,0.002,30.7,0.25,-,34,17.11,21.22,-,-,53.77,33.91,12.33,2686,51.75,52,12.94,-
Fri Sep 11 09:58:51 GMT+03:00 2026,11-sept.-2026 09:58:51.415,14.41571683369519,1.8644820939644529,31.9,203.56627373646697,0.32,3.86,10.28,-0.01,13.33,0.01,-,21,57.52,35.51,89,-,29.8,1509.0,0.01,31.9,2.02,-,34,16.82,21.16,-,-,53.78,33.9,12.32,2687,50.98,53,8.24,-
Fri Sep 11 09:58:52 GMT+03:00 2026,11-sept.-2026 09:58:52.619,14.308046785687267,1.491344445308343,31.5,203.5662737369504,-0.07,2.14,8.93,-0.02,12.94,-0.05,-,21,57.51,35.16,88,-,20.78,1480.75,0.002,31.5,0.48,-,34,16.53,20.33,-,-,53.8,33.88,12.32,2688,50.52,51,10.59,-
Fri Sep 11 09:58:53 GMT+03:00 2026,11-sept.-2026 09:58:53.350,14.35104531303337,1.5321945383276692,30.1,203.56627373575972,1.45,1.55,9.86,-0.04,13.33,-0.06,-,21,57.51,35.16,88,-,27.84,1504.75,0.008,30.1,0.13,-,34,16.39,20.62,-,-,53.82,33.87,12.31,2689,51.87,52,7.06,-
Fri Sep 11 09:58:54 GMT+03:00 2026,11-sept.-2026 09:58:54.363,14.113108521838958,2.127375601613001,32.1,203.56627373534968,1.01,2.38,11.65,0.01,12.16,0.0,-,21,57.51,35.51,89,-,20.78,1468.0,0.002,32.1,0.47,-,34,16.82,20.59,-,-,53.83,33.86,12.31,2690,51.47,51,13.73,-
Fri Sep 11 09:58:55 GMT+03:00 2026,11-sept.-2026 09:58:55.478,14.391327047781278,1.7140838328013368,32.6,203.56627373535696,2.84,3.39,11.92,0.02,13.73,-0.01,-,21,57.51,35.16,89,9.39,38.43,1505.5,0.016,32.6,0.57,12.59,34,17.11,21.58,-,-,53.85,33.84,12.3,2691,51.43,52,12.94,-
Fri Sep 11 09:58:56 GMT+03:00 2026,11-sept.-2026 09:58:56.336,14.3811202856354,2.234599418828999,30.9,203.56627373594807,-1.55,4.11,9.9,-0.02,13.73,-0.03,-,21,57.51,35.16,88,-,25.49,1494.75,0.006,30.9,0.28,-,34,16.82,20.95,-,-,53.87,33.83,12.3,2692,52.28,52,13.33,-
Fri Sep 11 09:58:57 GMT+03:00 2026,11-sept.-2026 09:58:57.260,14.2969389730812,1.8503110429857863,30.7,203.566273736392,0.48,1.08,8.36,0.0,12.94,-0.02,-,21,57.5,35.16,88,-,21.96,1493.5,0.003,30.7,0.58,-,34,17.69,22.07,-,-,53.89,33.82,12.29,2693,51.58,51,12.16,-
Fri Sep 11 09:58:58 GMT+03:00 2026,11-sept.-2026 09:58:58.552,14.52479249331535,3.553942979432832,30.3,203.566273736574,-1.42,3.3,11.09,-0.03,14.12,-0.02,-,21,57.5,35.16,89,8.38,36.08,1519.25,0.015,30.3,0.32,11.24,34,16.82,21.45,-,-,53.9,33.81,12.29,2694,52.32,52,11.76,-
Fri Sep 11 09:58:59 GMT+03:00 2026,11-sept.-2026 09:58:59.504,14.468582341022897,2.188336572730268,29.8,203.5662737363181,0.9,2.35,9.24,-0.03,13.33,0.0,-,21,57.5,35.16,89,-,23.53,1491.75,0.004,29.8,0.08,-,34,16.53,20.64,-,-,53.92,33.79,12.29,2695,51.92,52,11.37,-
Fri Sep 11 09:59:00 GMT+03:00 2026,11-sept.-2026 09:59:00.245,14.363126073002144,2.1914383021014,29.3,203.5662737362073,-0.55,0.63,9.01,0.09,13.33,0.08,-,21,57.5,35.51,89,-,20.78,1500.75,0.002,29.3,0.07,-,34,17.11,21.53,-,-,53.94,33.78,12.28,2696,51.93,52,9.41,-
Fri Sep 11 09:59:01 GMT+03:00 2026,11-sept.-2026 09:59:01.427,14.494953729926191,1.4846742656583978,29.2,203.56627373583697,-1.94,2.27,7.43,0.05,13.73,0.05,-,21,57.5,35.16,88,6.23,31.76,1511.75,0.011,29.2,1.02,8.35,34,15.95,20.23,-,-,53.96,33.77,12.28,2697,50.98,52,7.84,-
Fri Sep 11 09:59:02 GMT+03:00 2026,11-sept.-2026 09:59:02.363,14.204953902261524,1.884817262762162,29.7,203.56627373542435,0.17,1.82,10.55,-0.01,13.73,-0.02,-,21,57.49,35.16,89,-,9.02,1487.0,0.0,29.7,0.25,-,34,16.39,28.28,-,-,53.97,33.76,12.27,2698,50.75,51,11.37,-
Fri Sep 11 09:59:03 GMT+03:00 2026,11-sept.-2026 09:59:03.313,14.29959312540779,1.4227859327306316,29.7,203.56627373635607,2.84,2.61,11.5,0.03,13.73,0.07,-,21,57.49,35.16,89,-,30.59,1483.75,0.01,29.7,0.41,-,34,16.97,21.02,-,-,53.99,33.74,12.27,2699,50.59,51,10.59,-
Fri Sep 11 09:59:04 GMT+03:00 2026,11-sept.-2026 09:59:04.603,14.393754713081782,1.8593846355356376,27.4,203.5662737372103,-3.24,0.87,9.83,0.0,13.33,0.01,-,21,57.49,35.16,89,-,30.2,1498.75,0.01,27.4,1.36,-,34,16.24,20.4,-,-,54.01,33.73,12.26,2700,50.64,52,11.37,-
Fri Sep 11 09:59:05 GMT+03:00 2026,11-sept.-2026 09:59:05.779,14.263869657313847,3.508613654096512,30.3,203.56627373691663,-2.2,2.1,9.74,-0.06,12.16,-0.06,-,21,57.49,35.16,89,-,20.78,1491.0,0.002,30.3,0.45,-,34,16.97,21.05,-,-,54.02,33.72,12.26,2701,51.45,51,9.8,-
Fri Sep 11 09:59:06 GMT+03:00 2026,11-sept.-2026 09:59:06.541,14.27144380736237,1.9003515058852924,29.4,203.5662737355368,-2.04,3.69,7.3,0.01,12.94,-0.01,-,21,57.48,35.16,89,-,26.27,1488.0,0.006,29.4,1.39,-,34,16.68,20.63,-,-,54.04,33.71,12.25,2702,52.39,51,8.24,-
Fri Sep 11 09:59:07 GMT+03:00 2026,11-sept.-2026 09:59:07.367,14.256946422553728,1.6452281870730734,31.0,203.5662737349788,-1.02,1.02,8.42,-0.05,13.73,-0.06,-,21,57.48,35.16,89,-,25.49,1468.0,0.006,31,1.67,-,34,16.53,20.18,-,-,54.06,33.69,12.25,2703,52.67,51,10.98,-
Fri Sep 11 09:59:08 GMT+03:00 2026,11-sept.-2026 09:59:08.591,14.30716327262419,1.4512210966647612,31.0,203.5662737357604,1.69,3.03,9.75,-0.02,13.33,-0.02,-,21,57.48,35.16,89,-,28.24,1491.0,0.008,31,0.47,-,34,16.53,20.57,-,-,54.08,33.68,12.24,2704,51.53,52,9.02,-
Fri Sep 11 09:59:09 GMT+03:00 2026,11-sept.-2026 09:59:09.427,14.203655389121508,2.053453797658598,29.0,203.56627373617115,0.89,0.96,9.44,-0.01,13.33,-0.03,-,21,57.48,35.16,89,-,21.18,1467.5,0.002,29,0.64,-,34,16.24,19.94,-,-,54.09,33.67,12.24,2705,51.64,51,7.84,-
Fri Sep 11 09:59:10 GMT+03:00 2026,11-sept.-2026 09:59:10.341,14.1394488913455,1.993868297396511,28.5,203.5662737363209,1.26,4.89,10.11,-0.03,13.33,-0.03,-,21,57.47,35.16,89,-,22.75,1482.25,0.003,28.5,0.46,-,34,16.68,20.59,-,-,54.11,33.66,12.24,2706,50.46,50,9.02,-
Fri Sep 11 09:59:11 GMT+03:00 2026,11-sept.-2026 09:59:11.712,14.25700440103546,1.8911294963107643,28.4,203.56627373602143,1.27,1.7,9.04,0.05,13.33,0.06,-,21,57.47,35.16,89,-,31.37,1495.25,0.011,28.4,0.76,-,34,16.39,20.47,-,-,54.13,33.64,12.23,2707,51.76,51,10.2,-
Fri Sep 11 09:59:12 GMT+03:00 2026,11-sept.-2026 09:59:12.326,14.21428901240212,3.0523500569740056,29.3,203.5662737360961,-1.55,1.99,9.87,0.04,13.33,0.07,-,21,57.47,35.16,89,-,23.92,1485.25,0.004,29.3,0.63,-,34,16.53,20.46,-,-,54.14,33.63,12.23,2708,51.37,52,10.2,-
Fri Sep 11 09:59:13 GMT+03:00 2026,11-sept.-2026 09:59:13.645,14.147889893046797,2.452207758331828,29.9,203.56627373674024,-0.9,4.1,8.57,0.01,12.94,0.03,-,21,57.47,34.81,88,-,22.75,1462.5,0.003,29.9,0.17,-,34,16.39,19.93,-,-,54.16,33.62,12.22,2709,50.83,51,6.27,-
Fri Sep 11 09:59:14 GMT+03:00 2026,11-sept.-2026 09:59:14.250,13.914563922171466,1.991148001704432,26.9,203.56627373659447,0.93,3.27,9.95,-0.08,13.33,-0.09,-,21,57.46,35.16,89,-,20.78,1454.5,0.002,26.9,1.14,-,34,15.66,19.02,-,-,54.18,33.61,12.22,2710,51.14,50,5.1,-
Fri Sep 11 09:59:15 GMT+03:00 2026,11-sept.-2026 09:59:15.587,13.784998888458563,2.687493771198114,29.1,203.56627373605735,-0.93,3.87,9.92,0.02,13.33,0.03,-,21,57.46,35.16,89,-,20.78,1438.25,0.002,29.1,0.43,-,34,16.68,19.93,-,-,54.19,33.59,12.21,2711,50.43,50,12.94,-
Fri Sep 11 09:59:16 GMT+03:00 2026,11-sept.-2026 09:59:16.793,14.146026014947395,2.6782268679156216,29.0,203.56627373530785,-0.75,2.47,11.2,0.0,13.73,-0.02,-,21,57.46,35.16,88,10.98,42.75,1480.25,0.018,29,0.58,14.72,34,16.97,21.02,-,-,54.21,33.58,12.21,2712,50.42,51,15.69,-
Fri Sep 11 09:59:17 GMT+03:00 2026,11-sept.-2026 09:59:17.511,14.20258255628372,1.908702783652198,29.1,203.5662737362841,-0.45,0.0,9.94,0.01,13.73,0.01,-,21,57.46,35.16,89,-,28.63,1483.0,0.008,29.1,0.86,-,34,16.97,21.06,-,-,54.23,33.57,12.2,2713,50.14,51,15.69,-
Fri Sep 11 09:59:18 GMT+03:00 2026,11-sept.-2026 09:59:18.451,14.07394769457594,1.9054922541512056,29.7,203.56627373710856,0.64,5.03,10.35,-0.03,12.55,-0.04,-,21,57.45,35.16,88,-,20.78,1462.0,0.002,29.7,0.47,-,34,17.98,21.82,-,-,54.25,33.56,12.2,2714,50.53,51,13.33,-
Fri Sep 11 09:59:19 GMT+03:00 2026,11-sept.-2026 09:59:19.467,14.300954496041928,2.825838286516138,29.8,203.56627373669255,-1.26,1.18,8.91,-0.02,14.12,0.0,-,21,57.45,35.16,88,8.19,36.47,1491.25,0.014,29.8,0.12,10.99,34,16.97,21.1,-,-,54.26,33.54,12.19,2715,51.12,51,11.37,-
Fri Sep 11 09:59:20 GMT+03:00 2026,11-sept.-2026 09:59:20.445,14.25062955576471,3.166772278175532,29.8,203.5662737359102,2.64,-0.25,10.83,0.05,12.94,0.03,-,21,57.45,35.16,89,-,23.53,1474.75,0.004,29.8,0.52,-,34,16.97,20.91,-,-,54.28,33.53,12.19,2716,50.48,51,14.51,-
Fri Sep 11 09:59:21 GMT+03:00 2026,11-sept.-2026 09:59:21.631,14.328606994941635,1.8694301823802784,29.5,203.56627373519385,-1.9,0.09,8.06,0.04,13.33,0.06,-,21,57.45,35.16,88,-,29.41,1491.5,0.009,29.5,0.02,-,34,16.82,20.9,-,-,54.3,33.52,12.19,2717,51.02,51,7.84,-
Fri Sep 11 09:59:22 GMT+03:00 2026,11-sept.-2026 09:59:22.298,13.977211169274764,2.555122098814885,29.8,203.56627373518228,0.41,2.85,10.3,-0.07,12.94,-0.07,-,21,57.45,34.81,89,-,11.37,1450.75,0.0,29.8,0.17,-,34,16.24,27.2,-,-,54.31,33.51,12.18,2718,49.83,50,8.63,-
Fri Sep 11 09:59:23 GMT+03:00 2026,11-sept.-2026 09:59:23.669,13.984930966084317,2.409117563722157,29.6,203.56627373582992,0.93,-0.6,9.87,-0.01,13.73,-0.01,-,21,57.44,35.16,88,-,26.27,1454.25,0.006,29.6,0.88,-,34,16.53,20,-,-,54.33,33.49,12.18,2719,49.12,50,8.63,-
Fri Sep 11 09:59:24 GMT+03:00 2026,11-sept.-2026 09:59:24.392,14.048313846862465,1.990728674210608,30.6,203.56627373658569,-1.89,2.08,8.76,0.06,14.12,0.04,-,21,57.44,35.16,89,-,29.02,1460.0,0.008,30.6,0.16,-,34,16.68,20.29,-,-,54.35,33.48,12.17,2720,51.16,51,13.73,-
Fri Sep 11 09:59:25 GMT+03:00 2026,11-sept.-2026 09:59:25.630,14.194909936639208,1.648979821135648,29.1,203.56627373635988,-1.7,2.99,10.25,-0.07,13.73,-0.05,-,21,57.44,35.16,88,6.37,32.55,1496.5,0.012,29.1,0.35,8.54,34,16.97,21.16,-,-,54.36,33.47,12.17,2721,51.35,51,11.76,-
Fri Sep 11 09:59:26 GMT+03:00 2026,11-sept.-2026 09:59:26.384,14.01832229527159,2.384931472788585,31.1,203.56627373636084,-1.09,0.85,10.96,-0.05,13.33,-0.04,-,21,57.44,34.81,88,-,20.78,1474.0,0.002,31.1,1.38,-,34,16.97,20.96,-,-,54.38,33.46,12.16,2722,51.38,50,11.76,-
Fri Sep 11 09:59:27 GMT+03:00 2026,11-sept.-2026 09:59:27.639,14.071239616952935,1.9484299694255207,29.1,203.56627373632296,0.14,1.83,8.88,-0.02,12.94,0.0,-,21,57.43,35.16,88,-,28.63,1447.75,0.008,29.1,1.14,-,34,16.68,20.15,-,-,54.4,33.44,12.16,2723,52.14,51,8.24,-
Fri Sep 11 09:59:28 GMT+03:00 2026,11-sept.-2026 09:59:28.368,14.017480619998016,3.5240881369589485,28.3,203.56627373632287,1.12,1.98,8.0,0.0,14.12,0.02,-,21,57.43,35.16,89,-,23.53,1454.25,0.004,28.3,1.09,-,34,16.53,20.03,-,-,54.41,33.43,12.15,2724,49.91,51,11.37,-
Fri Sep 11 09:59:29 GMT+03:00 2026,11-sept.-2026 09:59:29.709,14.089632552129888,1.4062393249748326,28.4,203.5662737361714,1.24,1.39,9.79,0.03,13.33,0.01,-,21,57.43,35.16,89,-,29.41,1466.25,0.009,28.4,1.07,-,34,16.68,20.36,-,-,54.43,33.42,12.15,2725,49.93,51,9.02,-
Fri Sep 11 09:59:30 GMT+03:00 2026,11-sept.-2026 09:59:30.788,14.018450439309474,2.531052285620251,30.3,203.5662737361336,0.56,2.86,12.31,-0.04,13.73,-0.04,-,21,57.43,35.16,89,-,22.35,1471.0,0.003,30.3,0.27,-,34,16.39,20.11,-,-,54.45,33.41,12.14,2726,49.73,50,9.41,-
Fri Sep 11 09:59:31 GMT+03:00 2026,11-sept.-2026 09:59:31.461,13.973098070007488,2.7328884645456544,29.7,203.56627373609533,2.22,2.54,9.33,0.03,12.94,0.03,-,21,57.42,35.16,88,-,23.92,1450.25,0.004,29.7,2.03,-,34,16.24,19.58,-,-,54.46,33.39,12.14,2727,52.03,50,6.27,-
Fri Sep 11 09:59:32 GMT+03:00 2026,11-sept.-2026 09:59:32.714,13.837473551815346,1.9041222587556543,28.6,203.5662737364023,-0.25,1.37,10.66,-0.05,13.73,-0.1,-,21,57.42,35.16,89,-,20.78,1440.75,0.002,28.6,0.52,-,34,16.1,19.33,-,-,54.48,33.38,12.14,2728,50.52,50,8.24,-
Fri Sep 11 09:59:33 GMT+03:00 2026,11-sept.-2026 09:59:33.249,13.880145114290553,1.8024575444290265,30.0,203.56627373640143,-0.4,0.95,9.89,0.02,14.12,0.02,-,21,57.42,35.16,89,-,27.84,1450.5,0.007,30,0.49,-,33,16.39,19.88,-,-,54.5,33.37,12.13,2729,50.49,50,9.8,-
Fri Sep 11 09:59:34 GMT+03:00 2026,11-sept.-2026 09:59:34.726,13.926777217876412,2.339376064109589,28.5,203.56627373632543,-0.2,3.0,8.76,-0.03,14.12,-0.03,-,21,57.41,35.16,88,-,27.84,1463.0,0.008,28.5,0.18,-,34,16.24,19.82,-,-,54.52,33.36,12.13,2730,51.18,51,9.8,-
Fri Sep 11 09:59:35 GMT+03:00 2026,11-sept.-2026 09:59:35.772,13.800400885446424,1.4291027404319054,30.4,203.5662737360177,-1.34,4.2,7.55,0.02,13.33,0.02,-,21,57.41,34.81,88,-,20.78,1450.5,0.002,30.4,0.5,-,34,16.39,19.84,-,-,54.53,33.35,12.12,2731,49.5,50,7.84,-
Fri Sep 11 09:59:36 GMT+03:00 2026,11-sept.-2026 09:59:36.717,13.74912725237516,2.3095933231162658,29.6,203.5662737359781,-0.8,2.59,10.14,0.0,13.33,-0.02,-,21,57.41,35.16,89,-,23.14,1459.25,0.004,29.6,1.72,-,34,15.95,19.44,-,-,54.55,33.33,12.12,2732,50.72,49,5.49,-
Fri Sep 11 09:59:37 GMT+03:00 2026,11-sept.-2026 09:59:37.489,13.621726524469157,1.6776935361042762,29.5,203.56627373581907,-1.81,2.72,7.24,0.02,13.33,0.0,-,21,57.41,35.16,88,-,20.78,1430.0,0.002,29.5,0.61,-,34,15.52,18.47,-,-,54.57,33.32,12.11,2733,49.61,49,5.49,-
Fri Sep 11 09:59:38 GMT+03:00 2026,11-sept.-2026 09:59:38.724,13.442877735429478,1.841264414261195,28.8,203.56627373542145,-1.54,1.39,8.32,0.03,13.33,0.04,-,21,57.4,35.16,89,-,20.78,1402.75,0.002,28.8,0.99,-,33,15.81,18.47,-,-,54.58,33.31,12.11,2734,48.01,49,6.67,-
Fri Sep 11 09:59:39 GMT+03:00 2026,11-sept.-2026 09:59:39.767,13.4519172633873,2.359939197395105,28.1,203.56627373625247,1.79,1.35,9.26,-0.01,13.33,0.0,-,21,57.4,35.16,89,-,26.27,1404.5,0.006,28.1,0.91,-,33,15.81,18.48,-,-,54.6,33.3,12.1,2735,48.09,49,7.45,-
Fri Sep 11 09:59:40 GMT+03:00 2026,11-sept.-2026 09:59:40.752,13.400611777101329,1.430619837861116,30.4,203.56627373561992,-0.74,1.47,6.83,0.01,13.33,-0.04,-,21,57.4,35.16,88,-,23.53,1392.25,0.004,30.4,0.64,-,33,16.53,19.03,-,-,54.62,33.28,12.1,2736,48.64,48,11.76,-
Fri Sep 11 09:59:41 GMT+03:00 2026,11-sept.-2026 09:59:41.305,13.528228143397072,2.355492235066219,29.2,203.56627373609416,-2.21,4.58,8.96,0.04,13.73,0.03,-,21,57.39,35.16,88,5.57,32.16,1422.0,0.01,29.2,1.38,7.47,33,16.68,19.7,-,-,54.63,33.27,12.1,2737,49.38,48,10.59,-
Fri Sep 11 09:59:42 GMT+03:00 2026,11-sept.-2026 09:59:42.245,13.480615296769477,2.494980124295319,29.3,203.56627373727468,-0.53,0.89,10.47,0.01,13.73,0.0,-,21,57.39,35.16,89,-,23.53,1405.25,0.004,29.3,0.54,-,33,16.82,19.65,-,-,54.65,33.26,12.09,2738,48.46,49,12.94,-
Fri Sep 11 09:59:43 GMT+03:00 2026,11-sept.-2026 09:59:43.360,13.560365255171408,2.4693763818779595,29.4,203.5662737360157,-0.64,4.65,9.45,0.02,14.51,0.0,-,21,57.39,35.16,89,-,29.8,1409.5,0.009,29.4,0.45,-,33,16.82,19.75,-,-,54.67,33.25,12.09,2739,49.45,49,10.2,-
Fri Sep 11 09:59:44 GMT+03:00 2026,11-sept.-2026 09:59:44.251,13.519978288421589,1.7483563853070354,28.6,203.5662737355406,-1.1,1.75,8.95,-0.03,12.94,-0.03,-,21,57.38,35.16,88,-,23.92,1412.0,0.004,-,0.78,-,33,16.24,19.05,-,-,54.68,33.24,12.08,2740,47.22,48,9.02,-
Fri Sep 11 09:59:45 GMT+03:00 2026,11-sept.-2026 09:59:45.778,13.39547141830926,2.090189015555654,28.2,203.56627373633128,1.24,0.68,8.85,-0.02,13.73,-0.01,-,21,57.38,35.16,89,-,21.18,1394.0,0.002,28.2,0.31,-,34,16.68,19.26,-,-,54.7,33.22,12.08,2741,49.31,49,9.8,-
Fri Sep 11 09:59:46 GMT+03:00 2026,11-sept.-2026 09:59:46.386,13.511968716955456,1.5762088946978818,28.3,203.56627373667683,1.76,-0.41,8.81,0.05,13.73,0.05,-,21,57.38,35.16,89,-,31.76,1419.0,0.01,28.3,1.5,-,34,17.4,20.49,-,-,54.72,33.21,12.07,2742,47.5,49,17.65,-
Fri Sep 11 09:59:47 GMT+03:00 2026,11-sept.-2026 09:59:47.564,13.909591863221245,2.6155763695507006,28.8,203.56627373632745,0.77,3.71,7.91,-0.01,14.51,0.0,-,21,57.37,35.16,89,11.54,45.1,1450.5,0.019,28.8,0.01,15.47,34,16.97,20.42,-,-,54.73,33.2,12.07,2743,50.01,50,16.47,-
Fri Sep 11 09:59:48 GMT+03:00 2026,11-sept.-2026 09:59:48.598,13.534177711192475,1.4560033275390374,27.2,203.56627373601523,1.99,1.29,10.02,-0.04,12.55,-0.06,-,21,57.37,35.16,88,-,10.98,1415.75,0.0,27.2,0.84,-,34,16.97,27.65,-,-,54.75,33.19,12.06,2744,47.16,48,12.94,-
Fri Sep 11 09:59:49 GMT+03:00 2026,11-sept.-2026 09:59:49.296,13.440038965368233,2.507242220575938,29.7,203.56627373585536,2.35,1.02,7.6,-0.05,12.94,-0.01,-,21,57.37,35.16,89,-,21.18,1394.5,0.002,29.7,0.32,-,34,16.39,18.88,-,-,54.77,33.17,12.06,2745,47.68,48,3.53,-
Fri Sep 11 09:59:50 GMT+03:00 2026,11-sept.-2026 09:59:50.697,13.330300250748946,2.4927919908422647,29.3,203.56627373649468,-1.56,3.15,11.23,0.01,12.94,0.0,-,21,57.36,35.16,88,-,20.78,1407.75,0.002,-,1.38,-,34,15.08,17.64,-,-,54.78,33.16,12.06,2746,49.38,48,4.71,-
Fri Sep 11 09:59:51 GMT+03:00 2026,11-sept.-2026 09:59:51.318,13.188035068691184,2.6420177785941465,28.6,203.56627373621396,0.5,3.8,8.09,-0.02,12.55,-0.02,-,21,57.36,35.16,89,-,21.18,1382.75,0.002,28.6,0.7,-,34,15.95,18.26,-,-,54.8,33.15,12.05,2747,47.7,47,8.63,-
Fri Sep 11 09:59:52 GMT+03:00 2026,11-sept.-2026 09:59:52.344,13.296789428016927,3.529327110295612,29.7,203.5662737354954,0.66,1.28,11.53,0.01,13.73,-0.02,-,21,57.36,35.16,89,-,31.76,1380.0,0.009,29.7,0.85,-,34,16.39,18.77,-,-,54.82,33.14,12.05,2748,47.15,48,12.16,-
Fri Sep 11 09:59:53 GMT+03:00 2026,11-sept.-2026 09:59:53.395,13.379485424852488,2.309039905251392,28.1,203.5662737357767,-1.33,7.22,9.72,0.04,13.33,0.04,-,21,57.35,35.16,88,-,30.2,1388.25,0.008,28.1,0.4,-,34,16.97,19.46,-,-,54.83,33.13,12.04,2749,48.4,48,15.29,-
Fri Sep 11 09:59:54 GMT+03:00 2026,11-sept.-2026 09:59:54.329,13.45490726593943,3.0067404682771084,28.6,203.5662737360548,0.3,3.36,8.68,-0.01,13.33,-0.04,-,21,57.35,35.16,89,-,29.8,1396.0,0.008,28.6,0.86,-,34,17.4,20.2,-,-,54.85,33.11,12.04,2750,48.14,49,14.9,-
Fri Sep 11 09:59:55 GMT+03:00 2026,11-sept.-2026 09:59:55.438,13.540237041163186,1.733697805375081,30.4,203.56627373648536,-0.74,3.05,10.38,0.05,13.73,0.06,-,21,57.35,35.16,88,-,30.2,1422.75,0.009,30.4,0.61,-,34,17.55,20.75,-,-,54.86,33.1,12.03,2751,48.39,49,15.69,-
Fri Sep 11 09:59:56 GMT+03:00 2026,11-sept.-2026 09:59:56.744,13.681228779002485,2.493169987171529,28.7,203.5662737367527,-1.13,4.44,11.6,-0.01,13.33,-0.05,-,21,57.34,34.81,88,5.94,32.55,1440.5,0.011,28.7,0.55,7.96,34,17.69,21.23,-,-,54.88,33.09,12.03,2752,48.45,49,16.86,-
Fri Sep 11 09:59:57 GMT+03:00 2026,11-sept.-2026 09:59:57.272,13.817222780076468,2.655679005936085,27.4,203.56627373582697,-0.65,5.33,10.07,0.0,13.73,0.01,-,21,57.34,35.16,88,5.91,32.55,1430.0,0.011,27.4,0.19,7.93,34,17.84,21.24,-,-,54.9,33.08,12.02,2753,50.19,50,17.65,-
Fri Sep 11 09:59:58 GMT+03:00 2026,11-sept.-2026 09:59:58.332,13.94628677195642,1.803038131529446,28.9,184.95735408133356,-0.72,2.23,9.46,0.05,13.33,0.03,-,21,57.34,35.16,88,5.84,31.76,1467.25,0.011,28.9,0.52,7.83,34,17.4,21.22,-,-,54.91,33.07,12.02,2754,49.48,50,12.94,-
Fri Sep 11 09:59:59 GMT+03:00 2026,11-sept.-2026 09:59:59.663,13.690684568183334,1.5673537482898348,27.9,159.38930910656012,-2.95,0.5,9.96,-0.01,13.33,0.0,-,21,57.34,35.51,89,-,20.78,1435.25,0.002,27.9,0.47,-,34,16.97,20.22,-,-,54.93,33.05,12.02,2755,48.53,49,10.2,-
Fri Sep 11 10:00:00 GMT+03:00 2026,11-sept.-2026 10:00:00.742,13.671495372535333,2.8031924155358765,27.9,154.40781505658398,1.45,1.1,8.73,-0.02,13.33,-0.02,-,21,57.33,34.81,89,-,25.1,1435.75,0.005,27.9,0.73,-,34,16.24,19.44,-,-,54.95,33.04,12.01,2756,49.73,49,5.88,-
Fri Sep 11 10:00:01 GMT+03:00 2026,11-sept.-2026 10:00:01.766,13.517946678787558,2.458715033852152,29.1,154.40781505550262,0.46,4.59,9.2,0.01,12.94,0.0,-,21,57.33,35.16,89,-,21.18,1389.0,0.002,29.1,1.31,-,34,15.66,18.03,-,-,54.96,33.03,12.01,2757,50.31,49,6.27,-
Fri Sep 11 10:00:02 GMT+03:00 2026,11-sept.-2026 10:00:02.523,13.432890978433752,1.7645192762770887,28.8,154.4078150558652,0.65,1.63,9.74,-0.05,12.55,-0.08,-,21,57.33,35.16,89,-,21.57,1406.5,0.002,28.8,0.07,-,34,15.95,18.65,-,-,54.98,33.02,12,2758,48.93,49,6.67,-
Fri Sep 11 10:00:03 GMT+03:00 2026,11-sept.-2026 10:00:03.672,13.437208321464055,1.6364715570219657,28.1,154.40781505568432,-1.22,0.69,10.56,0.03,13.33,0.05,-,21,57.32,35.16,89,-,26.27,1406.5,0.006,28.1,1.55,-,34,16.39,19.1,-,-,55,33.01,12,2759,49.55,48,11.37,-
Fri Sep 11 10:00:04 GMT+03:00 2026,11-sept.-2026 10:00:04.749,13.576163333945054,2.936342914385859,28.7,154.40781505604664,2.7,2.2,9.41,-0.05,13.73,-0.06,-,21,57.32,35.16,88,5.83,32.94,1413.25,0.011,28.7,0.19,7.82,34,16.39,19.2,-,-,55.01,32.99,11.99,2760,48.81,49,10.98,-
Fri Sep 11 10:00:05 GMT+03:00 2026,11-sept.-2026 10:00:05.399,13.34996958328993,1.8783895586120145,28.3,154.40781505604747,2.26,1.67,10.18,0.0,13.33,0.03,-,21,57.32,35.16,89,-,20.78,1396.0,0.002,28.3,0.14,-,34,16.97,19.52,-,-,55.03,32.98,11.99,2761,47.86,48,12.94,-
Fri Sep 11 10:00:06 GMT+03:00 2026,11-sept.-2026 10:00:06.431,13.45530851143918,1.8371406612532304,27.9,154.40781505531913,3.59,0.76,8.76,-0.02,13.73,-0.03,-,21,57.31,34.81,88,-,31.37,1396.0,0.009,27.9,1.07,-,34,16.68,19.28,-,-,55.05,32.97,11.99,2762,47.93,49,9.02,-
Fri Sep 11 10:00:07 GMT+03:00 2026,11-sept.-2026 10:00:07.416,13.387510527659868,2.152175410320345,28.9,154.4078150562301,2.56,0.99,9.64,0.0,14.12,0.06,-,21,57.31,34.81,88,-,22.75,1384.5,0.003,28.9,0.37,-,34,16.39,18.7,-,-,55.06,32.96,11.98,2763,48.37,48,10.98,-
Fri Sep 11 10:00:08 GMT+03:00 2026,11-sept.-2026 10:00:08.593,13.387109920404177,1.8430686378176424,29.1,154.4078150564154,-0.72,3.13,8.45,0.03,13.33,0.0,-,21,57.31,35.16,89,-,25.88,1397.75,0.006,29.1,0.87,-,34,16.39,18.9,-,-,55.08,32.95,11.98,2764,48.87,48,7.06,-
Fri Sep 11 10:00:09 GMT+03:00 2026,11-sept.-2026 10:00:09.524,13.253660636302996,1.80803691102884,28.0,154.40781505568114,-0.53,5.97,7.48,0.03,13.33,0.07,-,21,57.3,34.81,89,-,21.18,1384.5,0.002,28,0.13,-,34,16.24,18.51,-,-,55.09,32.93,11.97,2765,48.13,48,9.02,-
Fri Sep 11 10:00:10 GMT+03:00 2026,11-sept.-2026 10:00:10.382,13.293581790094189,1.6684666842908742,28.4,154.40781505568228,-2.92,3.2,8.88,-0.06,13.33,-0.06,-,21,57.3,35.16,89,-,27.84,1395.25,0.007,28.4,1.15,-,34,16.68,19.26,-,-,55.11,32.92,11.97,2766,49.15,48,11.37,-
Fri Sep 11 10:00:11 GMT+03:00 2026,11-sept.-2026 10:00:11.737,13.419216933474246,2.030527693250616,28.6,154.40781505568327,-1.77,2.16,10.26,0.05,14.51,0.08,-,21,57.3,35.16,89,5.47,32.16,1413.75,0.01,28.6,0.39,7.34,34,16.68,19.61,-,-,55.13,32.91,11.96,2767,47.61,48,13.33,-
Fri Sep 11 10:00:12 GMT+03:00 2026,11-sept.-2026 10:00:12.785,13.43867525638696,2.2332425546553427,28.0,154.4078150558652,-1.0,2.82,8.05,-0.03,14.12,-0.03,-,21,57.29,35.16,89,-,27.06,1401.5,0.006,28,0.3,-,34,17.11,19.89,-,-,55.14,32.9,11.96,2768,48.7,49,13.33,-
Fri Sep 11 10:00:13 GMT+03:00 2026,11-sept.-2026 10:00:13.564,13.473771504893268,2.0421922488458177,29.3,154.40781505640535,1.91,2.33,8.45,0.03,13.33,0.0,-,21,57.29,35.16,89,-,27.84,1405.25,0.007,29.3,0.72,-,34,17.55,20.38,-,-,55.16,32.89,11.95,2769,49.72,49,14.51,-
Fri Sep 11 10:00:14 GMT+03:00 2026,11-sept.-2026 10:00:14.450,13.661837905855958,2.9734123213486425,28.4,154.40781505568663,2.94,2.62,9.28,0.02,13.73,0.03,-,21,57.29,35.16,89,6.91,34.51,1449.25,0.012,28.4,0.35,9.27,34,17.26,20.87,-,-,55.18,32.87,11.95,2770,49.35,49,14.9,-
Fri Sep 11 10:00:15 GMT+03:00 2026,11-sept.-2026 10:00:15.319,13.703581072969213,1.4445139503013114,28.8,154.4078150558652,-0.27,3.26,8.75,-0.06,12.94,-0.08,-,21,57.28,35.16,89,-,28.24,1419.5,0.007,28.8,1.21,-,34,16.97,19.98,-,-,55.19,32.86,11.95,2771,50.21,49,12.55,-
Fri Sep 11 10:00:16 GMT+03:00 2026,11-sept.-2026 10:00:16.258,13.60658458222431,1.7909043480441484,29.3,154.4078150556851,-1.28,1.42,9.78,-0.08,12.94,-0.07,-,21,57.28,35.16,88,-,21.18,1434.25,0.002,29.3,0.02,-,34,16.68,19.82,-,-,55.21,32.85,11.94,2772,48.98,49,7.84,-
Fri Sep 11 10:00:17 GMT+03:00 2026,11-sept.-2026 10:00:17.374,13.523284934275676,2.393924387842101,26.4,154.4078150560456,0.05,2.38,11.86,-0.03,12.55,-0.05,-,21,57.28,35.16,88,-,21.96,1409.5,0.002,26.4,0.68,-,34,16.24,19,-,-,55.22,32.84,11.94,2773,49.68,49,7.45,-
Fri Sep 11 10:00:18 GMT+03:00 2026,11-sept.-2026 10:00:18.424,13.55736763054606,2.084980451299207,28.4,154.40781505640066,-4.6,3.93,8.59,-0.02,13.73,0.0,-,21,57.27,35.16,88,-,27.84,1414.0,0.007,28.4,0.34,-,34,16.82,19.66,-,-,55.24,32.83,11.93,2774,48.66,49,14.12,-
Fri Sep 11 10:00:19 GMT+03:00 2026,11-sept.-2026 10:00:19.766,13.814607285646652,1.9480847630148248,29.0,154.40781505568748,0.83,3.68,8.28,-0.02,14.12,-0.01,-,21,57.27,35.16,88,8.48,38.43,1440.0,0.015,29,0.45,11.37,34,16.82,20.05,-,-,55.26,32.81,11.93,2775,50.45,50,13.73,-
Fri Sep 11 10:00:20 GMT+03:00 2026,11-sept.-2026 10:00:20.794,13.678473139058172,2.071223393557094,29.3,154.4078150558652,0.56,1.59,10.67,0.01,13.33,-0.03,-,-,57.27,35.16,-,-,20.78,1408.0,0.002,29.3,0.95,-,-,-,-,-,-,55.27,32.8,11.92,2776,49.95,49,17.25,-
Fri Sep 11 10:00:21 GMT+03:00 2026,11-sept.-2026 10:00:21.291,13.91770580885894,2.146909045626453,28.2,154.4078150551561,2.42,2.47,8.05,0.09,14.12,0.06,-,21,57.27,35.16,88,8.17,37.25,1454.25,0.014,28.2,0.28,10.96,34,16.97,20.53,-,-,55.29,32.79,11.92,2777,50.28,50,9.8,-
Fri Sep 11 10:00:22 GMT+03:00 2026,11-sept.-2026 10:00:22.770,13.644292842557094,2.689233420792373,29.5,154.40781505533087,-0.56,0.6,9.4,-0.03,12.94,-0.05,-,21,57.26,34.81,88,-,12.94,1433.75,0.0,29.5,1.62,-,35,16.68,27.6,-,-,55.31,32.78,11.92,2778,47.38,49,14.12,-
Fri Sep 11 10:00:23 GMT+03:00 2026,11-sept.-2026 10:00:23.297,13.78692435584066,1.7671732000921936,27.8,154.40781505604332,1.54,3.24,9.06,0.08,14.12,0.07,-,21,57.26,35.16,89,6.04,32.94,1430.25,0.011,27.8,0.39,8.09,35,16.68,19.82,-,-,55.32,32.77,11.91,2779,49.61,50,7.84,-
Fri Sep 11 10:00:24 GMT+03:00 2026,11-sept.-2026 10:00:24.636,13.643236337475576,3.0949417945211373,29.1,154.40781505640277,1.75,2.68,8.17,-0.06,13.73,-0.08,-,21,57.26,35.16,89,-,20.78,1434.5,0.002,29.1,0.13,-,34,16.1,19.13,-,-,55.34,32.75,11.91,2780,49.13,49,10.59,-
Fri Sep 11 10:00:25 GMT+03:00 2026,11-sept.-2026 10:00:25.482,13.62282993835731,2.217924005945663,29.8,154.40781505604448,-0.07,3.66,8.09,0.02,12.94,0.0,-,21,57.25,34.81,89,-,25.1,1418.75,0.005,29.8,0.14,-,34,16.68,19.53,-,-,55.35,32.74,11.9,2781,48.86,49,7.84,-
Fri Sep 11 10:00:26 GMT+03:00 2026,11-sept.-2026 10:00:26.560,13.625988309829468,1.8375801027569647,27.7,154.4078150555056,-2.28,1.76,9.21,0.01,13.33,0.02,-,21,57.25,35.16,89,-,26.27,1422.5,0.006,27.7,0.81,-,34,16.1,18.9,-,-,55.37,32.73,11.9,2782,49.81,49,8.24,-
Fri Sep 11 10:00:27 GMT+03:00 2026,11-sept.-2026 10:00:27.751,13.549923282045192,3.04886167661905,26.7,154.40781505550714,-2.13,0.84,10.35,-0.06,13.33,-0.07,-,21,57.25,35.16,89,-,22.35,1417.0,0.003,26.7,0.63,-,34,16.82,19.74,-,-,55.39,32.72,11.89,2783,49.63,49,12.16,-
Fri Sep 11 10:00:28 GMT+03:00 2026,11-sept.-2026 10:00:28.420,13.741246859699904,1.5008389751994162,27.4,154.40781505622132,-3.29,1.48,9.57,0.02,13.33,0.05,-,21,57.25,35.16,89,7.03,35.29,1436.25,0.013,-,1.11,9.43,34,16.68,19.97,-,-,55.4,32.71,11.89,2784,48.89,50,11.37,-
Fri Sep 11 10:00:29 GMT+03:00 2026,11-sept.-2026 10:00:29.543,13.697879619213806,2.323107111168396,28.7,154.40781505550746,0.62,3.37,8.39,0.05,13.33,0.06,-,21,57.24,35.16,88,-,23.92,1420.5,0.004,28.7,0.76,-,34,16.53,19.44,-,-,55.42,32.7,11.89,2785,48.24,49,11.37,-
Fri Sep 11 10:00:30 GMT+03:00 2026,11-sept.-2026 10:00:30.799,13.618198194566274,1.5263097443042015,27.6,154.4078150556862,-1.67,1.18,8.23,0.01,12.94,-0.01,-,21,57.24,35.16,89,-,21.96,1435.25,0.003,27.6,0.24,-,34,16.82,20.12,-,-,55.44,32.68,11.88,2786,48.76,49,9.02,-
Fri Sep 11 10:00:31 GMT+03:00 2026,11-sept.-2026 10:00:31.717,13.678354715769627,1.7667553568629029,26.8,154.40781505640078,0.29,0.81,10.9,0.0,13.73,0.03,-,21,57.24,35.16,89,-,28.63,1441.75,0.008,26.8,0.84,-,34,16.39,19.69,-,-,55.45,32.67,11.88,2787,49.16,50,9.8,-
Fri Sep 11 10:00:32 GMT+03:00 2026,11-sept.-2026 10:00:32.479,13.689290817438808,1.960987846545628,28.5,154.40781505639734,-1.61,2.08,10.09,0.02,12.94,0.0,-,21,57.23,35.16,88,-,26.27,1445.75,0.006,28.5,1.22,-,34,16.97,20.39,-,-,55.47,32.66,11.87,2788,49.22,48,14.12,-
Fri Sep 11 10:00:33 GMT+03:00 2026,11-sept.-2026 10:00:33.498,13.854052912960428,2.856011179602416,29.1,154.40781505621624,0.32,2.33,10.53,0.02,13.73,0.02,-,21,57.23,35.16,88,6.55,33.73,1445.25,0.012,29.1,0.64,8.78,34,17.55,21.07,-,-,55.48,32.65,11.87,2789,49.36,50,15.69,-
Fri Sep 11 10:00:34 GMT+03:00 2026,11-sept.-2026 10:00:34.302,13.982966168585904,3.308285600681573,28.2,154.4078150558652,0.88,0.25,9.56,0.0,13.33,0.0,-,21,57.23,35.16,88,5.86,32.16,1460.25,0.011,28.2,0.56,7.86,34,17.69,21.47,-,-,55.5,32.64,11.86,2790,50.56,50,17.25,-
Fri Sep 11 10:00:35 GMT+03:00 2026,11-sept.-2026 10:00:35.507,14.084198205365588,1.6111003124786616,25.9,154.4078150558652,0.11,3.79,9.11,-0.02,13.73,-0.05,-,21,57.23,35.16,88,-,30.59,1470.75,0.01,25.9,0.39,-,34,17.11,20.89,-,-,55.52,32.62,11.86,2791,51.39,51,11.37,-
Fri Sep 11 10:00:36 GMT+03:00 2026,11-sept.-2026 10:00:36.265,13.739829571442897,2.018706666400429,28.5,154.4078150556866,2.05,4.47,8.1,-0.04,12.16,-0.03,-,21,57.22,35.16,88,-,10.2,1426.75,0.0,28.5,1.03,-,34,16.39,26.84,-,-,55.53,32.61,11.86,2792,48.97,50,7.06,-
Fri Sep 11 10:00:37 GMT+03:00 2026,11-sept.-2026 10:00:37.533,13.619359135295571,1.7404752230557017,27.8,154.40781505568577,1.06,3.14,9.42,-0.02,13.33,-0.02,-,21,57.22,35.16,89,-,20.78,1407.5,0.002,27.8,1.14,-,34,15.95,18.62,-,-,55.55,32.6,11.85,2793,50.14,49,5.1,-
Fri Sep 11 10:00:38 GMT+03:00 2026,11-sept.-2026 10:00:38.526,13.61420183711268,1.5600088263986016,27.9,154.4078150558652,0.64,2.04,8.49,0.09,14.12,0.09,-,21,57.22,35.16,89,-,25.88,1413.25,0.005,27.9,0.33,-,34,16.1,18.77,-,-,55.56,32.59,11.85,2794,48.67,49,10.59,-
Fri Sep 11 10:00:39 GMT+03:00 2026,11-sept.-2026 10:00:39.525,13.747125541012505,1.7514368550172406,28.9,154.40781505568853,-1.32,2.08,8.37,-0.04,14.12,-0.05,-,21,57.22,35.51,88,5.81,32.55,1435.75,0.011,28.9,2.23,7.79,34,17.11,20.31,-,-,55.58,32.58,11.84,2795,47.77,50,15.29,-
Fri Sep 11 10:00:40 GMT+03:00 2026,11-sept.-2026 10:00:40.567,13.91081776774046,2.11666514186143,28.2,154.40781505533832,2.93,2.18,11.18,0.08,13.33,0.05,-,21,57.21,34.81,88,6.56,33.73,1455.0,0.012,28.2,0.98,8.8,34,17.4,21.02,-,-,55.6,32.57,11.84,2796,50.98,50,15.29,-
Fri Sep 11 10:00:41 GMT+03:00 2026,11-sept.-2026 10:00:41.614,13.909268882552531,2.792397921653115,30.8,154.4078150562171,-2.02,2.78,10.47,-0.07,13.33,-0.04,-,21,57.21,35.16,88,-,25.88,1460.5,0.006,30.8,1.78,-,34,17.26,20.97,-,-,55.61,32.55,11.83,2797,48.22,50,12.16,-
Fri Sep 11 10:00:42 GMT+03:00 2026,11-sept.-2026 10:00:42.243,13.858539046441509,1.964482563457822,28.8,154.4078150563908,-1.79,0.76,10.03,0.02,13.33,0.03,-,21,57.21,35.16,89,-,23.53,1447.5,0.004,28.8,0.58,-,34,17.4,20.88,-,-,55.63,32.54,11.83,2798,50.58,50,12.16,-
Fri Sep 11 10:00:43 GMT+03:00 2026,11-sept.-2026 10:00:43.699,14.028032768338615,2.3042007809718634,29.0,154.407815056211,-2.46,2.35,9.48,-0.01,14.12,-0.01,-,21,57.21,35.16,89,6.76,33.73,1478.25,0.012,29,1.48,9.06,34,17.4,21.53,-,-,55.64,32.53,11.83,2799,49.52,51,15.69,-
Fri Sep 11 10:00:44 GMT+03:00 2026,11-sept.-2026 10:00:44.488,14.22835496128372,3.044725703349399,26.9,154.407815056036,-0.45,3.51,9.42,0.03,13.33,0.02,-,21,57.2,35.16,88,7.56,35.29,1475.75,0.013,26.9,0.37,10.14,34,17.84,21.99,-,-,55.66,32.52,11.82,2800,50.63,51,19.22,-
Fri Sep 11 10:00:45 GMT+03:00 2026,11-sept.-2026 10:00:45.655,14.378898579475596,2.760721849730049,28.8,154.4078150550136,-0.7,3.48,10.65,0.12,12.94,0.11,-,21,57.2,35.51,88,6.57,32.94,1500.5,0.012,28.8,0.53,8.81,34,17.84,22.36,-,-,55.68,32.51,11.82,2801,51.47,52,14.9,-
Fri Sep 11 10:00:46 GMT+03:00 2026,11-sept.-2026 10:00:46.428,14.307279583805531,2.4372407519084573,29.0,154.4078150560362,0.61,1.4,9.49,-0.02,13.33,-0.02,-,21,57.2,35.16,88,-,22.35,1500.5,0.003,29,0.19,-,33,17.26,21.7,-,-,55.69,32.5,11.81,2802,52.19,52,10.59,-
Fri Sep 11 10:00:47 GMT+03:00 2026,11-sept.-2026 10:00:47.499,14.261668599772404,2.05573924476888,28.7,154.40781505655292,0.96,3.16,9.22,-0.01,12.94,0.01,-,21,57.2,35.16,89,-,23.92,1486.75,0.004,28.7,2.08,-,33,16.39,20.46,-,-,55.71,32.48,11.81,2803,53.08,51,6.27,-
Fri Sep 11 10:00:48 GMT+03:00 2026,11-sept.-2026 10:00:48.728,14.15504605454318,1.6632627006121885,28.4,154.4078150555198,1.18,2.54,10.67,-0.01,12.94,-0.03,-,21,57.19,35.16,89,-,20.78,1472.75,0.002,28.4,0.71,-,33,15.95,19.69,-,-,55.72,32.47,11.8,2804,51.71,51,7.06,-
Fri Sep 11 10:00:49 GMT+03:00 2026,11-sept.-2026 10:00:49.583,14.135433495449195,2.252404543164101,29.0,154.4078150551696,0.63,3.36,8.28,-0.02,12.94,-0.02,-,21,57.19,35.16,89,-,25.1,1471.0,0.005,29,1.83,-,33,15.81,19.51,-,-,55.74,32.46,11.8,2805,52.83,51,5.88,-
Fri Sep 11 10:00:50 GMT+03:00 2026,11-sept.-2026 10:00:50.722,13.96107602303099,2.168247919648117,28.5,154.4078150548153,2.2,4.15,9.49,0.0,12.55,0.03,-,21,57.19,35.16,88,-,20.78,1466.75,0.002,28.5,0.21,-,33,15.66,19.18,-,-,55.75,32.45,11.8,2806,49.79,50,5.88,-
